{"type":"FeatureCollection","features":[{"type":"Feature","id":"g01_03_CurvaNivel.10100300019099","geometry":{"type":"MultiLineString","coordinates":[[[-6.22839,37.34494],[-6.22817,37.34543],[-6.22691,37.3453],[-6.22505,37.34595],[-6.2239,37.34595],[-6.22368,37.34631],[-6.22389,37.34692],[-6.22476,37.34762],[-6.22436,37.34829],[-6.22333,37.34855],[-6.22394,37.34934],[-6.22331,37.3511],[-6.2237,37.35115],[-6.22434,37.35019],[-6.22475,37.35004],[-6.22455,37.35079],[-6.22361,37.35175],[-6.22398,37.352],[-6.22589,37.35225],[-6.22619,37.35268],[-6.22591,37.3533],[-6.22486,37.35372],[-6.22321,37.35308],[-6.22303,37.35329],[-6.22367,37.35413],[-6.22345,37.3546],[-6.22299,37.35489],[-6.22234,37.35432],[-6.22059,37.35502],[-6.21864,37.35517],[-6.21677,37.35496],[-6.21642,37.35515],[-6.21659,37.35544],[-6.2176,37.35581],[-6.21889,37.35668],[-6.21882,37.3578],[-6.21899,37.35814],[-6.22013,37.35799],[-6.22062,37.35851],[-6.2205,37.35889],[-6.21941,37.35893],[-6.21912,37.35922],[-6.21929,37.35963],[-6.2204,37.36009],[-6.22014,37.36052],[-6.21947,37.36082],[-6.21792,37.36087],[-6.21717,37.3616],[-6.21759,37.36188],[-6.21882,37.36147],[-6.21921,37.36174],[-6.21931,37.36226],[-6.22059,37.36277],[-6.22066,37.36317],[-6.22033,37.36331],[-6.21887,37.36278],[-6.2188,37.36316],[-6.21975,37.36398],[-6.21962,37.3647],[-6.21886,37.3652],[-6.21836,37.36525],[-6.21803,37.365],[-6.21783,37.36439],[-6.21741,37.36426],[-6.21666,37.36546],[-6.21616,37.36567],[-6.21561,37.36545],[-6.21531,37.36314],[-6.21501,37.36288],[-6.21382,37.36277],[-6.21353,37.36295],[-6.21421,37.36427],[-6.21371,37.36472],[-6.21054,37.36368],[-6.2093,37.36352],[-6.20917,37.36384],[-6.21034,37.36443],[-6.20983,37.36483],[-6.20995,37.36505],[-6.21215,37.36581],[-6.21266,37.3664],[-6.21271,37.36673],[-6.21219,37.36688],[-6.21204,37.36724],[-6.21291,37.36823],[-6.21286,37.36862],[-6.21162,37.36882],[-6.20932,37.36783],[-6.20916,37.36806],[-6.20944,37.36881],[-6.20903,37.36923],[-6.20784,37.36879],[-6.207,37.36883],[-6.20699,37.36911],[-6.20861,37.37138],[-6.20825,37.37192],[-6.20657,37.37247],[-6.20708,37.37307],[-6.20723,37.3738],[-6.2069,37.37412],[-6.20543,37.37425],[-6.20408,37.37392],[-6.20385,37.3744],[-6.20411,37.37509],[-6.20393,37.37545],[-6.20272,37.37576],[-6.20143,37.37578],[-6.20126,37.37598],[-6.20298,37.37652],[-6.20445,37.37626],[-6.20497,37.37699],[-6.20691,37.37623],[-6.20766,37.37664],[-6.2076,37.37763],[-6.20654,37.37821],[-6.2067,37.37851],[-6.20778,37.37876],[-6.20795,37.37904],[-6.20779,37.37984],[-6.20813,37.38039],[-6.20686,37.38144],[-6.20767,37.38172],[-6.20759,37.38264],[-6.20671,37.384],[-6.20472,37.38508],[-6.2049,37.38522],[-6.20595,37.38481],[-6.20636,37.38499],[-6.20643,37.38586],[-6.20618,37.38655],[-6.20638,37.38664],[-6.20675,37.38625],[-6.20702,37.38503],[-6.2082,37.38377],[-6.20904,37.38162],[-6.20985,37.38058],[-6.21004,37.37946],[-6.21082,37.37893],[-6.21105,37.37792],[-6.21348,37.37712],[-6.21494,37.37717],[-6.2165,37.37658],[-6.21702,37.37685],[-6.21711,37.37724],[-6.21689,37.37755],[-6.21512,37.37774],[-6.21514,37.37804],[-6.21579,37.37868],[-6.21581,37.37905],[-6.2146,37.38003],[-6.21424,37.38064],[-6.21475,37.38091],[-6.21634,37.38074],[-6.21687,37.38121],[-6.21684,37.38184],[-6.21616,37.38237],[-6.21551,37.38242],[-6.21449,37.38176],[-6.21415,37.38181],[-6.21358,37.38224],[-6.21439,37.38273],[-6.21429,37.38332],[-6.2127,37.38352],[-6.21334,37.38446],[-6.2128,37.38534],[-6.21543,37.38489],[-6.217,37.38575],[-6.21737,37.38649],[-6.21722,37.38697],[-6.21673,37.38729],[-6.21455,37.38762],[-6.21353,37.38806],[-6.21393,37.38869],[-6.21585,37.38946],[-6.21507,37.39048],[-6.21519,37.39161],[-6.2146,37.39189],[-6.21254,37.39108],[-6.213,37.39244],[-6.21261,37.39311],[-6.21373,37.39374],[-6.2138,37.39425],[-6.21352,37.39475],[-6.21266,37.3947],[-6.21244,37.39488],[-6.21387,37.39608],[-6.21396,37.397],[-6.21321,37.39699],[-6.21149,37.39609],[-6.21059,37.39618],[-6.21028,37.39654],[-6.2111,37.3973],[-6.21118,37.39798],[-6.21097,37.39829],[-6.2089,37.39891],[-6.20792,37.39858],[-6.2073,37.39877],[-6.20708,37.3993],[-6.20873,37.4],[-6.209,37.40052],[-6.20877,37.40106],[-6.20821,37.40147],[-6.2078,37.40247],[-6.20785,37.40311],[-6.20746,37.4037],[-6.20712,37.40405],[-6.20599,37.40428],[-6.2067,37.40513],[-6.20654,37.40586],[-6.20569,37.40694],[-6.20526,37.40638],[-6.20484,37.4065],[-6.20423,37.40749],[-6.20296,37.40809],[-6.20298,37.40852],[-6.2027,37.40883],[-6.20187,37.40906],[-6.20202,37.4095],[-6.20184,37.40971],[-6.19949,37.41072],[-6.19896,37.41046],[-6.19722,37.40868],[-6.19682,37.40862],[-6.19578,37.40921],[-6.1948,37.40907],[-6.19487,37.40934],[-6.19694,37.41073],[-6.19736,37.41234],[-6.19822,37.41328],[-6.19833,37.414],[-6.19782,37.41437],[-6.19602,37.41493],[-6.195,37.41487],[-6.19495,37.41558],[-6.19441,37.41597],[-6.19128,37.41648],[-6.19185,37.41759],[-6.19184,37.41864],[-6.19111,37.42013],[-6.19171,37.42119],[-6.19129,37.42138],[-6.18885,37.42123],[-6.1877,37.42092],[-6.1864,37.42114],[-6.18527,37.42174],[-6.18439,37.42148],[-6.1842,37.42178],[-6.18443,37.42243],[-6.1835,37.42234],[-6.18342,37.4235],[-6.18258,37.42362],[-6.17983,37.42704],[-6.17941,37.42807],[-6.17938,37.42918],[-6.18025,37.43006],[-6.18022,37.43055],[-6.17942,37.43067],[-6.17739,37.42993],[-6.17538,37.42974],[-6.17509,37.42993],[-6.17551,37.43038],[-6.17534,37.4307],[-6.17379,37.43095],[-6.17285,37.43067],[-6.1726,37.43135],[-6.17194,37.43193],[-6.17185,37.43249],[-6.17217,37.43295],[-6.17314,37.43348],[-6.1732,37.43412],[-6.17278,37.43436],[-6.17136,37.43379],[-6.1693,37.43403],[-6.16924,37.43434],[-6.17031,37.4357],[-6.16952,37.43587],[-6.16854,37.43537],[-6.16729,37.43655],[-6.16561,37.43701],[-6.16578,37.43793],[-6.16657,37.43901],[-6.16648,37.43965],[-6.16611,37.44009],[-6.16505,37.43999],[-6.16271,37.44071],[-6.16249,37.44107],[-6.16293,37.44185],[-6.16288,37.44235],[-6.16235,37.44248],[-6.16108,37.44192],[-6.16086,37.44168],[-6.16113,37.44066],[-6.16101,37.44022],[-6.15965,37.43953],[-6.16238,37.43819],[-6.16261,37.438],[-6.1624,37.43772],[-6.16067,37.43758],[-6.15968,37.43692],[-6.15845,37.43673],[-6.15526,37.43724],[-6.15361,37.4364],[-6.15306,37.43555],[-6.15273,37.43566],[-6.15253,37.43601],[-6.15272,37.43746],[-6.15185,37.43861],[-6.15171,37.43917],[-6.15239,37.43996],[-6.1524,37.44037],[-6.15208,37.44089],[-6.14986,37.44262],[-6.15051,37.44301],[-6.15077,37.4437],[-6.15221,37.44383],[-6.15263,37.44436],[-6.15225,37.44472],[-6.1499,37.44545],[-6.14962,37.44587],[-6.15043,37.44617],[-6.15269,37.44609],[-6.15331,37.44662],[-6.15281,37.44724],[-6.151,37.44775],[-6.14928,37.44867],[-6.14855,37.44875],[-6.14818,37.44958],[-6.1469,37.44992],[-6.14712,37.45085],[-6.1465,37.4523],[-6.14642,37.45318],[-6.14697,37.45399],[-6.148,37.45484],[-6.14755,37.45545],[-6.14654,37.45496],[-6.14552,37.45517],[-6.14499,37.45413],[-6.14326,37.45288],[-6.14287,37.45338],[-6.14296,37.45484],[-6.1427,37.45516],[-6.14219,37.45516],[-6.14066,37.45414],[-6.14025,37.455],[-6.13945,37.45519],[-6.13884,37.45563],[-6.14144,37.4566],[-6.14146,37.45683],[-6.14088,37.45695],[-6.14001,37.45658],[-6.13862,37.45641],[-6.13789,37.45594],[-6.13764,37.45523],[-6.13785,37.45476],[-6.1395,37.4532],[-6.13955,37.45272],[-6.13933,37.4525],[-6.13743,37.45334],[-6.13617,37.45357],[-6.13561,37.45456],[-6.13519,37.45441],[-6.13504,37.45404],[-6.13395,37.45373],[-6.13252,37.45468],[-6.13111,37.4548],[-6.13032,37.45446],[-6.12951,37.45336],[-6.12973,37.45266],[-6.13023,37.4524],[-6.1304,37.45203],[-6.12801,37.44988],[-6.12823,37.44927],[-6.12813,37.44873],[-6.12906,37.44831],[-6.12839,37.44771],[-6.12826,37.447],[-6.12763,37.44611],[-6.12694,37.44569],[-6.12684,37.44545],[-6.12743,37.44495],[-6.12693,37.44347],[-6.12661,37.44332],[-6.12597,37.4437],[-6.1257,37.44355],[-6.12507,37.44125],[-6.12525,37.44051],[-6.12424,37.44075],[-6.12293,37.44017],[-6.12383,37.43929],[-6.12308,37.43817],[-6.12137,37.43812],[-6.12004,37.43772],[-6.11925,37.43722],[-6.11931,37.4367],[-6.11737,37.43666],[-6.11634,37.43626],[-6.11538,37.43634],[-6.11485,37.43607],[-6.11492,37.43565],[-6.11635,37.434],[-6.11744,37.43332],[-6.11463,37.43337],[-6.11245,37.4324],[-6.11192,37.43087],[-6.11239,37.43054],[-6.11236,37.43031],[-6.11113,37.43042],[-6.11064,37.42996],[-6.11063,37.42945],[-6.1117,37.42881],[-6.11177,37.42846],[-6.11041,37.42827],[-6.1101,37.42773],[-6.10868,37.42711],[-6.1084,37.42667],[-6.10856,37.42568],[-6.10657,37.42569],[-6.10524,37.42529],[-6.1047,37.4247],[-6.10451,37.42394],[-6.10177,37.42267],[-6.10159,37.42244],[-6.10165,37.42153],[-6.0999,37.42124],[-6.09928,37.42053],[-6.0992,37.41997],[-6.09821,37.41955],[-6.09801,37.41918],[-6.09745,37.41932],[-6.09764,37.42056],[-6.09745,37.42105],[-6.09643,37.42157],[-6.09559,37.42139],[-6.09535,37.42094],[-6.09574,37.41866],[-6.09505,37.41747],[-6.09631,37.41582],[-6.09603,37.41429],[-6.09426,37.41608],[-6.09342,37.41754],[-6.09242,37.41831],[-6.09238,37.41855],[-6.0931,37.41887],[-6.0933,37.41923],[-6.09217,37.41955],[-6.09138,37.42063],[-6.09041,37.42074],[-6.08996,37.42245],[-6.08949,37.42285],[-6.08847,37.42305],[-6.08799,37.42419],[-6.08747,37.42471],[-6.08664,37.42479],[-6.08607,37.42419],[-6.08562,37.4241],[-6.0852,37.42441],[-6.08542,37.42538],[-6.08485,37.42604],[-6.08335,37.42609],[-6.08155,37.42715],[-6.08022,37.42717],[-6.07889,37.42778],[-6.07767,37.42741],[-6.07669,37.42844],[-6.07417,37.42915],[-6.0711,37.42927],[-6.07055,37.42866],[-6.07063,37.42789],[-6.07041,37.42753],[-6.06947,37.42798],[-6.06775,37.42776],[-6.06702,37.42715],[-6.06667,37.42534],[-6.06559,37.42463],[-6.06523,37.42343],[-6.06469,37.4234],[-6.06366,37.4241],[-6.06207,37.42398],[-6.0615,37.42352],[-6.06166,37.42257],[-6.06015,37.4226],[-6.05942,37.42226],[-6.05825,37.42217],[-6.05742,37.42174],[-6.05688,37.42111],[-6.05561,37.42076],[-6.05485,37.42],[-6.05335,37.4214],[-6.05229,37.42138],[-6.05151,37.42099],[-6.05135,37.42056],[-6.05171,37.41966],[-6.05008,37.41899],[-6.04994,37.41848],[-6.05023,37.418],[-6.04899,37.41753],[-6.04828,37.41612],[-6.04719,37.41538],[-6.04733,37.41494],[-6.04828,37.41459],[-6.04936,37.41576],[-6.05086,37.41565],[-6.05128,37.41666],[-6.05242,37.4164],[-6.05355,37.41691],[-6.0542,37.41677],[-6.05504,37.41612],[-6.05765,37.41521],[-6.05806,37.41482],[-6.05772,37.41463],[-6.05459,37.4146],[-6.05358,37.41436],[-6.05349,37.41403],[-6.05393,37.41316],[-6.05247,37.41303],[-6.05212,37.41264],[-6.05242,37.41102],[-6.05076,37.41069],[-6.0503,37.41038],[-6.05054,37.40961],[-6.0516,37.409],[-6.05185,37.40852],[-6.05023,37.4074],[-6.04869,37.40737],[-6.04838,37.40661],[-6.0486,37.40594],[-6.04959,37.40575],[-6.05261,37.40638],[-6.05535,37.40622],[-6.05592,37.40595],[-6.05491,37.40544],[-6.05476,37.40475],[-6.05434,37.40441],[-6.05203,37.40408],[-6.05111,37.40369],[-6.05097,37.40332],[-6.05121,37.40309],[-6.0523,37.40264],[-6.05236,37.40221],[-6.05209,37.40182],[-6.04963,37.40173],[-6.04897,37.40125],[-6.05143,37.40045],[-6.05488,37.40028],[-6.05517,37.40007],[-6.05406,37.3994],[-6.0537,37.39863],[-6.05343,37.39851],[-6.05093,37.39857],[-6.04965,37.39814],[-6.04951,37.39798],[-6.04972,37.39758],[-6.05066,37.39691],[-6.0504,37.39665],[-6.04807,37.3968],[-6.04721,37.39654],[-6.04721,37.39581],[-6.04782,37.39499],[-6.04628,37.39447],[-6.04611,37.39397],[-6.04658,37.39341],[-6.04731,37.39353],[-6.04797,37.39401],[-6.04957,37.39369],[-6.05147,37.39403],[-6.0519,37.39389],[-6.05177,37.39319],[-6.0495,37.39032],[-6.05003,37.39013],[-6.05445,37.39043],[-6.05509,37.38795],[-6.05267,37.38614],[-6.05007,37.38548],[-6.0474,37.38537],[-6.04688,37.38464],[-6.04598,37.3843],[-6.04552,37.38249],[-6.04599,37.38241],[-6.04655,37.38306],[-6.0477,37.38287],[-6.04829,37.38191],[-6.04813,37.38103],[-6.04906,37.37942],[-6.05149,37.37837],[-6.0543,37.37761],[-6.05642,37.37749],[-6.05769,37.37688],[-6.0594,37.37512],[-6.0597,37.37471],[-6.05968,37.37425],[-6.05504,37.37327],[-6.05446,37.37274],[-6.05446,37.37244],[-6.0549,37.37202],[-6.05655,37.372],[-6.05687,37.37217],[-6.05758,37.37338],[-6.05844,37.37365],[-6.05911,37.37326],[-6.05916,37.37181],[-6.06092,37.3713],[-6.06157,37.37078],[-6.06178,37.36951],[-6.06149,37.36898],[-6.05835,37.36809],[-6.05832,37.3667],[-6.05853,37.36643],[-6.05956,37.36623],[-6.06053,37.36703],[-6.06116,37.36711],[-6.06175,37.36666],[-6.06178,37.36596],[-6.06213,37.36521],[-6.06289,37.36473],[-6.06666,37.36365],[-6.0672,37.36363],[-6.06777,37.36401],[-6.0678,37.36465],[-6.0674,37.36507],[-6.06425,37.36634],[-6.06417,37.36656],[-6.06453,37.367],[-6.06724,37.36734],[-6.06787,37.36797],[-6.06788,37.36838],[-6.06729,37.36901],[-6.06578,37.36961],[-6.06585,37.37094],[-6.0643,37.37182],[-6.06363,37.37255],[-6.06278,37.37404],[-6.06263,37.3746],[-6.06282,37.37483],[-6.0641,37.37447],[-6.0705,37.37147],[-6.0783,37.36831],[-6.08085,37.36696],[-6.08192,37.36706],[-6.08224,37.36743],[-6.08224,37.36794],[-6.0811,37.36923],[-6.08167,37.3696],[-6.08175,37.36999],[-6.08072,37.37112],[-6.0806,37.37158],[-6.08114,37.37173],[-6.08323,37.37148],[-6.0835,37.37168],[-6.08357,37.3722],[-6.08285,37.37322],[-6.08299,37.37363],[-6.08531,37.37358],[-6.08602,37.37464],[-6.08373,37.37541],[-6.08434,37.37611],[-6.08542,37.37656],[-6.08562,37.37725],[-6.08454,37.37861],[-6.08279,37.37949],[-6.08298,37.37997],[-6.08425,37.38074],[-6.0844,37.38121],[-6.08399,37.38188],[-6.08221,37.38286],[-6.08226,37.38324],[-6.08307,37.38371],[-6.08615,37.38397],[-6.08761,37.38386],[-6.08798,37.38345],[-6.08855,37.38188],[-6.08979,37.38107],[-6.09007,37.38039],[-6.09117,37.37947],[-6.0938,37.38029],[-6.09497,37.38232],[-6.09548,37.38229],[-6.09626,37.38178],[-6.09706,37.38202],[-6.09743,37.3825],[-6.09742,37.383],[-6.09635,37.3838],[-6.09635,37.38464],[-6.09699,37.38514],[-6.09848,37.38529],[-6.09888,37.38586],[-6.09868,37.38638],[-6.09731,37.38705],[-6.09707,37.38759],[-6.09703,37.38838],[-6.09791,37.38989],[-6.09781,37.39063],[-6.09801,37.39091],[-6.09938,37.39098],[-6.10017,37.3915],[-6.10006,37.39234],[-6.09917,37.39385],[-6.0992,37.39432],[-6.10013,37.39497],[-6.10136,37.39502],[-6.10185,37.39541],[-6.10205,37.396],[-6.10211,37.39716],[-6.10162,37.39924],[-6.10175,37.40018],[-6.10086,37.40056],[-6.10039,37.40129],[-6.10069,37.40404],[-6.10148,37.40426],[-6.10499,37.40397],[-6.10658,37.40345],[-6.10763,37.40351],[-6.11602,37.40623],[-6.11623,37.40611],[-6.11593,37.40499],[-6.11429,37.40418],[-6.11359,37.40352],[-6.11343,37.40107],[-6.11209,37.39907],[-6.11137,37.39668],[-6.1115,37.3961],[-6.11232,37.39491],[-6.11208,37.39337],[-6.11123,37.39216],[-6.10918,37.39011],[-6.1094,37.38965],[-6.11136,37.38912],[-6.11228,37.38849],[-6.11238,37.38824],[-6.11202,37.38796],[-6.11263,37.3871],[-6.11229,37.38679],[-6.11138,37.38671],[-6.11087,37.386],[-6.11079,37.38548],[-6.11143,37.38469],[-6.11005,37.38382],[-6.10968,37.38263],[-6.11046,37.38136],[-6.10992,37.38064],[-6.11039,37.38053],[-6.11168,37.38108],[-6.11272,37.38054],[-6.11375,37.38034],[-6.11444,37.37955],[-6.11397,37.3788],[-6.11423,37.3781],[-6.1138,37.37786],[-6.11214,37.37799],[-6.11139,37.37701],[-6.11063,37.37745],[-6.10998,37.37737],[-6.10966,37.37701],[-6.11001,37.37595],[-6.10978,37.37564],[-6.10787,37.37534],[-6.10674,37.37548],[-6.10666,37.37505],[-6.10717,37.37358],[-6.10548,37.37146],[-6.10587,37.37116],[-6.10685,37.3712],[-6.10881,37.37187],[-6.1101,37.37179],[-6.11057,37.3715],[-6.10922,37.36976],[-6.10956,37.36933],[-6.11048,37.36891],[-6.11057,37.36829],[-6.10859,37.36697],[-6.10948,37.36583],[-6.10932,37.36526],[-6.10984,37.36479],[-6.1092,37.36356],[-6.11005,37.36275],[-6.11069,37.36251],[-6.1123,37.36275],[-6.11258,37.3632],[-6.1125,37.36383],[-6.11301,37.364],[-6.11348,37.36376],[-6.11409,37.36282],[-6.11506,37.36268],[-6.11564,37.36293],[-6.11715,37.36426],[-6.11731,37.36415],[-6.11729,37.36287],[-6.11816,37.36194],[-6.11727,37.3611],[-6.11727,37.36067],[-6.11874,37.35994],[-6.11894,37.35962],[-6.11817,37.35904],[-6.11604,37.35921],[-6.11561,37.35859],[-6.11564,37.3582],[-6.11678,37.3577],[-6.11642,37.35674],[-6.11759,37.35544],[-6.11878,37.35517],[-6.11924,37.35442],[-6.12155,37.35355],[-6.12258,37.35345],[-6.12402,37.35292],[-6.12636,37.35328],[-6.12704,37.35231],[-6.12773,37.35212],[-6.12812,37.35259],[-6.12833,37.35372],[-6.12799,37.35499],[-6.12929,37.3566],[-6.1299,37.35642],[-6.13207,37.35478],[-6.1317,37.35359],[-6.13249,37.35295],[-6.13337,37.35272],[-6.13374,37.35274],[-6.13471,37.35346],[-6.13531,37.35284],[-6.13645,37.35281],[-6.13763,37.35382],[-6.13827,37.35403],[-6.14099,37.35414],[-6.14611,37.35537],[-6.14937,37.3559],[-6.14713,37.35219],[-6.14332,37.35038],[-6.14265,37.34981],[-6.14241,37.349],[-6.14159,37.34822],[-6.14071,37.34793],[-6.1393,37.34796],[-6.13877,37.34736]]]},"geometry_name":"geom","properties":{"id_dera":10100300019099,"altura":100,"procedenci":"Restitución","categoria":"Maestra"}},{"type":"Feature","id":"g01_03_CurvaNivel.10100300019117","geometry":{"type":"MultiLineString","coordinates":[[[-6.27383,37.34369],[-6.27366,37.34458],[-6.27396,37.3453],[-6.27531,37.34523],[-6.27577,37.34617],[-6.27785,37.34658],[-6.27941,37.3477],[-6.27928,37.34829],[-6.27821,37.34862],[-6.27792,37.34892],[-6.27857,37.34953],[-6.27858,37.35021],[-6.27887,37.35055],[-6.28095,37.35112],[-6.28223,37.35029],[-6.2826,37.35055],[-6.28281,37.35136],[-6.28327,37.35156],[-6.28608,37.35103],[-6.28733,37.35317],[-6.28889,37.35289],[-6.28954,37.3536],[-6.29047,37.35393],[-6.29215,37.35408],[-6.29334,37.3533],[-6.29438,37.35365],[-6.29459,37.35415],[-6.29436,37.35528],[-6.29462,37.35585],[-6.29598,37.35684],[-6.29809,37.35775],[-6.299,37.35963],[-6.3006,37.36063],[-6.30046,37.36308],[-6.30091,37.36344],[-6.3022,37.36362],[-6.30267,37.36392],[-6.30225,37.36537],[-6.30328,37.36595],[-6.30342,37.36683],[-6.30425,37.36763],[-6.30395,37.3682],[-6.30263,37.36896],[-6.30258,37.36923],[-6.30307,37.36984],[-6.30284,37.3701],[-6.30062,37.36986],[-6.29958,37.37034],[-6.29907,37.37113],[-6.2989,37.37179],[-6.29925,37.37231],[-6.30068,37.37253],[-6.30181,37.3731],[-6.30111,37.37411],[-6.30101,37.37549],[-6.3019,37.37613],[-6.30268,37.37632],[-6.3034,37.37552],[-6.30384,37.37536],[-6.30602,37.3759],[-6.30674,37.37494],[-6.30748,37.37573],[-6.30819,37.37589],[-6.31095,37.37557],[-6.31188,37.37495],[-6.31355,37.37525],[-6.31148,37.37662],[-6.31149,37.3777],[-6.31105,37.37862],[-6.31123,37.37905],[-6.31176,37.37938],[-6.31107,37.38006],[-6.31105,37.38057],[-6.31134,37.38102],[-6.31264,37.38134],[-6.31259,37.3821],[-6.31285,37.3826],[-6.31435,37.38325],[-6.31459,37.38393],[-6.31552,37.38462],[-6.31573,37.38566],[-6.31723,37.38718],[-6.31736,37.38779],[-6.31716,37.38855],[-6.31605,37.38983],[-6.31617,37.39026],[-6.31667,37.39066],[-6.31765,37.39091],[-6.31956,37.3904],[-6.3201,37.39058],[-6.32043,37.39142],[-6.32073,37.39151],[-6.32207,37.39106],[-6.3232,37.39133],[-6.32379,37.39105],[-6.32416,37.39014],[-6.32443,37.39002],[-6.32841,37.3893],[-6.33074,37.38819],[-6.33315,37.38787],[-6.33337,37.38743],[-6.33466,37.38662],[-6.33622,37.38649],[-6.33861,37.38722],[-6.34109,37.38679],[-6.34226,37.38711],[-6.34327,37.38773],[-6.34418,37.38937],[-6.34744,37.39182],[-6.34916,37.39191],[-6.35016,37.39298],[-6.3513,37.39271],[-6.35467,37.39309],[-6.3566,37.3942],[-6.35758,37.39521],[-6.36063,37.39579],[-6.36059,37.39616],[-6.35971,37.39732],[-6.3594,37.39835],[-6.35962,37.39918],[-6.36016,37.39994],[-6.36113,37.40033],[-6.36444,37.40037],[-6.36474,37.40068],[-6.36458,37.402],[-6.36491,37.40234],[-6.36661,37.40216],[-6.36759,37.40244],[-6.36819,37.40397],[-6.36875,37.40439],[-6.37006,37.40466],[-6.37033,37.40498],[-6.37019,37.40591],[-6.36957,37.4069],[-6.36983,37.40767],[-6.3755,37.41115],[-6.37484,37.41176],[-6.37257,37.41197],[-6.37209,37.41227],[-6.37488,37.41334],[-6.37426,37.41429],[-6.37434,37.41482],[-6.37555,37.4167],[-6.37665,37.41762],[-6.37593,37.4188],[-6.37438,37.41955],[-6.37439,37.4202],[-6.37665,37.41968],[-6.37929,37.41804],[-6.38047,37.41759],[-6.38057,37.41776],[-6.37844,37.41973],[-6.37839,37.42055],[-6.37952,37.42089],[-6.38064,37.42212],[-6.38105,37.422],[-6.3818,37.42109],[-6.38246,37.4212],[-6.38281,37.42195],[-6.38284,37.42337],[-6.3831,37.42379],[-6.38442,37.42324],[-6.38566,37.42394],[-6.38683,37.42397],[-6.38682,37.4249],[-6.38788,37.42522],[-6.38818,37.42624],[-6.38913,37.42681],[-6.38969,37.4277],[-6.39162,37.42752],[-6.39227,37.42801],[-6.39247,37.42876],[-6.39285,37.42915],[-6.39483,37.429],[-6.39734,37.43067],[-6.40112,37.43153],[-6.40184,37.43221],[-6.40302,37.43398],[-6.40372,37.43386],[-6.40398,37.43302],[-6.40635,37.43325],[-6.40861,37.43482],[-6.40856,37.43577],[-6.40883,37.43613],[-6.41076,37.43642],[-6.41191,37.43694],[-6.41236,37.43802],[-6.41208,37.43892],[-6.41318,37.43989],[-6.41355,37.44091],[-6.41335,37.44127],[-6.41203,37.44147],[-6.41166,37.4418],[-6.41298,37.4421],[-6.41315,37.44273],[-6.4126,37.44353],[-6.4114,37.44444],[-6.41126,37.44499],[-6.41304,37.44476],[-6.41382,37.44526],[-6.41441,37.44528],[-6.41476,37.44495],[-6.41405,37.44439],[-6.41416,37.44396],[-6.41679,37.44331],[-6.41679,37.44222],[-6.41777,37.44148],[-6.41876,37.44267],[-6.41966,37.44203],[-6.42021,37.44202],[-6.4213,37.44297],[-6.42149,37.44336],[-6.42048,37.44575],[-6.42071,37.44615],[-6.42099,37.44614],[-6.42272,37.44581],[-6.4236,37.44541],[-6.42366,37.44499],[-6.42314,37.44391],[-6.42416,37.44294],[-6.42521,37.44274],[-6.42581,37.44369],[-6.42627,37.44397],[-6.42893,37.44401],[-6.43125,37.44447],[-6.42905,37.44568],[-6.42826,37.44644],[-6.42864,37.44704],[-6.43072,37.44772],[-6.43072,37.44804],[-6.42996,37.4487],[-6.43044,37.44976],[-6.43022,37.45009],[-6.42841,37.44906],[-6.4276,37.44908],[-6.42723,37.44943],[-6.42724,37.45003],[-6.42637,37.45092],[-6.42576,37.451],[-6.42496,37.45049],[-6.42402,37.45107],[-6.42404,37.45263],[-6.42488,37.45387],[-6.42618,37.45434],[-6.4279,37.45358],[-6.4283,37.45385],[-6.42844,37.45445],[-6.42804,37.45602],[-6.42762,37.45662],[-6.42445,37.45749],[-6.424,37.45789],[-6.42418,37.45844],[-6.42499,37.45909],[-6.42378,37.45949],[-6.42387,37.46043],[-6.42365,37.46076],[-6.42187,37.46022],[-6.42031,37.46048],[-6.4174,37.46047],[-6.41578,37.461],[-6.4147,37.46086],[-6.41318,37.46106],[-6.41049,37.46076],[-6.40985,37.46093],[-6.40983,37.4616],[-6.41091,37.46196],[-6.41208,37.46283],[-6.41308,37.46318],[-6.415,37.46339],[-6.41566,37.46376],[-6.41566,37.46485],[-6.4127,37.46691],[-6.41139,37.467],[-6.4103,37.46742],[-6.40903,37.46735],[-6.40856,37.46764],[-6.40882,37.4682],[-6.40779,37.4686],[-6.40727,37.46864],[-6.40651,37.46819],[-6.404,37.4677],[-6.40248,37.46825],[-6.40072,37.4682],[-6.40001,37.46898],[-6.39942,37.46917],[-6.39814,37.46914],[-6.39644,37.46844],[-6.39543,37.46908],[-6.39142,37.46936],[-6.39142,37.46971],[-6.39275,37.47013],[-6.39293,37.47094],[-6.3939,37.4717],[-6.39393,37.4725],[-6.39472,37.47362],[-6.39448,37.47388],[-6.39368,37.47356],[-6.3916,37.47212],[-6.39067,37.47208],[-6.39009,37.47242],[-6.39135,37.47606],[-6.39125,37.47696],[-6.39001,37.47573],[-6.38805,37.47434],[-6.38587,37.47418],[-6.38399,37.47462],[-6.38259,37.47584],[-6.38293,37.47698],[-6.38283,37.47733],[-6.38164,37.47788],[-6.38171,37.48025],[-6.38075,37.47953],[-6.37993,37.47781],[-6.37907,37.47701],[-6.3784,37.47666],[-6.37707,37.47668],[-6.3762,37.47602],[-6.37613,37.47565],[-6.37676,37.47523],[-6.37663,37.47476],[-6.37427,37.47449],[-6.37394,37.47539],[-6.37277,37.47564],[-6.37246,37.47614],[-6.37274,37.47706],[-6.37423,37.47794],[-6.37335,37.47857],[-6.37414,37.47945],[-6.37407,37.47967],[-6.37317,37.4797],[-6.37206,37.47932],[-6.37056,37.47775],[-6.36996,37.47776],[-6.36948,37.47811],[-6.36969,37.47908],[-6.37047,37.48023],[-6.37025,37.4805],[-6.36898,37.48036],[-6.36846,37.48057],[-6.3691,37.48127],[-6.3689,37.48262],[-6.37009,37.48513],[-6.36991,37.48579],[-6.36908,37.48655],[-6.3683,37.48606],[-6.3683,37.48465],[-6.36721,37.48327],[-6.36606,37.48002],[-6.365,37.47813],[-6.36498,37.47627],[-6.36464,37.47572],[-6.36296,37.47535],[-6.36244,37.47571],[-6.3644,37.4814],[-6.36448,37.48272],[-6.3643,37.48328],[-6.36365,37.48371],[-6.3602,37.48367],[-6.36012,37.48338],[-6.36113,37.48224],[-6.36101,37.48138],[-6.36035,37.48064],[-6.35822,37.4794],[-6.35747,37.47815],[-6.35643,37.47824],[-6.35612,37.47865],[-6.35625,37.47956],[-6.35821,37.48207],[-6.35782,37.48277],[-6.35557,37.48388],[-6.35329,37.48414],[-6.35409,37.48539],[-6.35253,37.48444],[-6.35151,37.4842],[-6.35081,37.48444],[-6.35058,37.48572],[-6.35005,37.48604],[-6.34935,37.48606],[-6.3476,37.48493],[-6.34713,37.48488],[-6.34689,37.48521],[-6.34762,37.48673],[-6.34732,37.48704],[-6.34651,37.48683],[-6.34558,37.48598],[-6.34508,37.48631],[-6.34519,37.48717],[-6.34603,37.48787],[-6.34586,37.48825],[-6.34507,37.48879],[-6.34499,37.48988],[-6.34545,37.49015],[-6.3467,37.48972],[-6.3471,37.48982],[-6.34586,37.49103],[-6.34643,37.49237],[-6.34689,37.49277],[-6.34947,37.49371],[-6.35073,37.49493],[-6.35008,37.49493],[-6.34822,37.49393],[-6.34664,37.49364],[-6.34551,37.49309],[-6.34493,37.49324],[-6.34464,37.49373],[-6.34433,37.49366],[-6.34458,37.49278],[-6.34419,37.49206],[-6.34103,37.49013],[-6.3402,37.48938],[-6.33873,37.48915],[-6.33787,37.48789],[-6.33613,37.48756],[-6.33573,37.48701],[-6.33542,37.48496],[-6.33443,37.48423],[-6.33376,37.48411],[-6.33335,37.48442],[-6.33327,37.48485],[-6.33448,37.48714],[-6.33425,37.48853],[-6.33519,37.48993],[-6.33398,37.4904],[-6.33383,37.49082],[-6.33526,37.49171],[-6.33554,37.49245],[-6.33547,37.49268],[-6.33504,37.49277],[-6.33413,37.492],[-6.33365,37.49192],[-6.33372,37.49329],[-6.33347,37.49479],[-6.33397,37.49599],[-6.33324,37.49742],[-6.33242,37.49542],[-6.3325,37.49219],[-6.33106,37.49186],[-6.33028,37.49112],[-6.32865,37.49127],[-6.32857,37.49096],[-6.32956,37.49023],[-6.32954,37.48989],[-6.32916,37.48974],[-6.32781,37.48989],[-6.32731,37.4893],[-6.32653,37.48902],[-6.32617,37.48927],[-6.32608,37.49079],[-6.32509,37.49188],[-6.32509,37.49274],[-6.32587,37.49398],[-6.32803,37.49505],[-6.3267,37.49557],[-6.32603,37.49538],[-6.32533,37.49452],[-6.32484,37.49459],[-6.3246,37.49579],[-6.32376,37.4968],[-6.32381,37.49814],[-6.32314,37.49747],[-6.32308,37.49603],[-6.32228,37.49458],[-6.32152,37.4959],[-6.32162,37.4975],[-6.32017,37.49932],[-6.31983,37.49911],[-6.31969,37.49866],[-6.32035,37.49742],[-6.32038,37.49682],[-6.31961,37.49579],[-6.31885,37.49548],[-6.31698,37.49675],[-6.31641,37.49639],[-6.3154,37.49694],[-6.31445,37.49673],[-6.31322,37.49804],[-6.31111,37.49865],[-6.30925,37.49839],[-6.30771,37.49856],[-6.30628,37.49645],[-6.3054,37.49606],[-6.30413,37.49654],[-6.30231,37.49627],[-6.30148,37.49681],[-6.30089,37.49683],[-6.30054,37.49649],[-6.3,37.49645],[-6.29944,37.49674],[-6.29934,37.49711],[-6.30088,37.49863],[-6.301,37.49903],[-6.30036,37.49933],[-6.29908,37.49925],[-6.29851,37.49946],[-6.29871,37.50028],[-6.2984,37.50061],[-6.29733,37.50085],[-6.29559,37.50075],[-6.29392,37.50025],[-6.29305,37.5004],[-6.29273,37.50168],[-6.29652,37.50358],[-6.29684,37.50407],[-6.29886,37.50401],[-6.29954,37.50434],[-6.29998,37.50511],[-6.2998,37.50532],[-6.29763,37.50598],[-6.29582,37.50629],[-6.29539,37.50482],[-6.29342,37.5044],[-6.29264,37.50449],[-6.29212,37.50545],[-6.29102,37.50465],[-6.28989,37.50451],[-6.28943,37.50358],[-6.28889,37.50317],[-6.28781,37.50311],[-6.28716,37.50339],[-6.28638,37.50416],[-6.28515,37.50455],[-6.28514,37.50519],[-6.28479,37.50537],[-6.28394,37.50545],[-6.28285,37.50505],[-6.28259,37.50518],[-6.28225,37.50749],[-6.28311,37.509],[-6.28229,37.50877],[-6.2804,37.50705],[-6.27975,37.50685],[-6.27923,37.50719],[-6.27964,37.5079],[-6.27942,37.50873],[-6.2786,37.50813],[-6.27799,37.50812],[-6.27752,37.50859],[-6.27689,37.51013],[-6.27662,37.51021],[-6.27648,37.50953],[-6.27669,37.50849],[-6.2764,37.50803],[-6.27441,37.50741],[-6.27178,37.50734],[-6.27114,37.50853],[-6.27156,37.51044],[-6.27137,37.511],[-6.27094,37.51094],[-6.27039,37.51031],[-6.26985,37.51063],[-6.26947,37.50908],[-6.26598,37.50713],[-6.26494,37.50698],[-6.26358,37.50768],[-6.26298,37.50754],[-6.26229,37.50667],[-6.26191,37.50653],[-6.26021,37.50633],[-6.25861,37.5067],[-6.25769,37.50661],[-6.25739,37.50688],[-6.25747,37.50733],[-6.2587,37.50907],[-6.259,37.51],[-6.25862,37.51043],[-6.25662,37.51081],[-6.25635,37.51105],[-6.25638,37.51166],[-6.25708,37.5124],[-6.25855,37.5121],[-6.25946,37.5123],[-6.26144,37.51402],[-6.26241,37.51436],[-6.26193,37.51527],[-6.25871,37.51375],[-6.2559,37.51347],[-6.254,37.51169],[-6.25345,37.51233],[-6.25263,37.51264],[-6.25226,37.51332],[-6.2548,37.51435],[-6.25553,37.51512],[-6.25579,37.51613],[-6.25527,37.51791],[-6.25381,37.51838],[-6.2532,37.51888],[-6.25385,37.51903],[-6.25562,37.51848],[-6.25613,37.51872],[-6.25629,37.51929],[-6.25603,37.52034],[-6.25734,37.52354],[-6.25828,37.52453],[-6.25805,37.52493],[-6.2569,37.52456],[-6.25464,37.52249],[-6.25314,37.52221],[-6.25243,37.52141],[-6.25031,37.52097],[-6.24848,37.5198],[-6.24397,37.5195],[-6.24238,37.51964],[-6.2407,37.51906],[-6.23916,37.51776],[-6.23863,37.51664],[-6.23849,37.5158],[-6.23876,37.51362],[-6.23847,37.51325],[-6.23759,37.51307],[-6.23636,37.5154],[-6.23545,37.51532],[-6.23469,37.51483],[-6.2349,37.51406],[-6.23579,37.51424],[-6.2361,37.51407],[-6.23574,37.51317],[-6.23623,37.51211],[-6.23467,37.51079],[-6.23387,37.51082],[-6.23207,37.51159],[-6.22863,37.51246],[-6.22664,37.5134],[-6.22538,37.51476],[-6.2253,37.5153],[-6.2256,37.51574],[-6.22951,37.51613],[-6.23049,37.51648],[-6.23381,37.51822],[-6.23518,37.51937],[-6.23679,37.5201],[-6.23737,37.52008],[-6.23824,37.51957],[-6.23954,37.51965],[-6.24,37.5199],[-6.23922,37.52067],[-6.2383,37.52255],[-6.23743,37.52242],[-6.23693,37.52145],[-6.23645,37.52104],[-6.23538,37.52184],[-6.23426,37.52148],[-6.23377,37.52283],[-6.23338,37.52274],[-6.23246,37.52179],[-6.23147,37.52186],[-6.23151,37.5228],[-6.23236,37.52393],[-6.23278,37.52509],[-6.23259,37.52548],[-6.22962,37.52351],[-6.22764,37.5235],[-6.22713,37.52425],[-6.22731,37.52503],[-6.22609,37.52514],[-6.22566,37.52586],[-6.22578,37.52648],[-6.22675,37.52702],[-6.22663,37.52734],[-6.22524,37.52733],[-6.22484,37.52755],[-6.22488,37.52785],[-6.22614,37.52848],[-6.22541,37.52901],[-6.2256,37.52951],[-6.22603,37.52978],[-6.22744,37.5294],[-6.22943,37.52976],[-6.22788,37.53017],[-6.22713,37.53061],[-6.22691,37.53102],[-6.22771,37.53207],[-6.22877,37.53263],[-6.22957,37.53379],[-6.23069,37.53416],[-6.23276,37.53396],[-6.23392,37.53424],[-6.23224,37.53486],[-6.23053,37.53517],[-6.23047,37.5359],[-6.23106,37.53706],[-6.23236,37.53753],[-6.23341,37.53738],[-6.23502,37.53666],[-6.23601,37.53663],[-6.23548,37.5372],[-6.23362,37.53806],[-6.23353,37.5387],[-6.23279,37.53899],[-6.23356,37.53985],[-6.2335,37.54079],[-6.23386,37.54167],[-6.23545,37.5421],[-6.2341,37.54248],[-6.23342,37.5434],[-6.23353,37.5441],[-6.23425,37.54456],[-6.2345,37.54503],[-6.23439,37.54653],[-6.23475,37.54662],[-6.23624,37.54589],[-6.23754,37.54592],[-6.23822,37.54646],[-6.23849,37.54718],[-6.23984,37.54784],[-6.24135,37.54813],[-6.2415,37.54824],[-6.24019,37.54851],[-6.24145,37.55063],[-6.2425,37.55032],[-6.24349,37.55085],[-6.24404,37.5508],[-6.24416,37.55212],[-6.24466,37.55362],[-6.24582,37.55609],[-6.24629,37.55612],[-6.24857,37.55517],[-6.24939,37.55525],[-6.24976,37.55563],[-6.25008,37.55694],[-6.25051,37.55761],[-6.2514,37.55799],[-6.25371,37.55822],[-6.25441,37.55876],[-6.25533,37.56067],[-6.25535,37.56197],[-6.25512,37.56225],[-6.2539,37.55922],[-6.25319,37.55875],[-6.25038,37.55832],[-6.24946,37.55724],[-6.24889,37.55562],[-6.24722,37.55625],[-6.24668,37.55695],[-6.24544,37.55663],[-6.24377,37.55339],[-6.24329,37.55194],[-6.24302,37.55218],[-6.24266,37.5521],[-6.24237,37.55108],[-6.24172,37.55132],[-6.24087,37.55114],[-6.24019,37.55002],[-6.23928,37.55042],[-6.23841,37.55129],[-6.23773,37.55378],[-6.237,37.55369],[-6.23761,37.55114],[-6.23918,37.54952],[-6.23935,37.54906],[-6.23699,37.54662],[-6.23448,37.54768],[-6.23386,37.54765],[-6.23333,37.5473],[-6.23306,37.5451],[-6.23178,37.54516],[-6.23198,37.54466],[-6.23156,37.54406],[-6.23257,37.54259],[-6.23267,37.54188],[-6.23205,37.54142],[-6.23189,37.5406],[-6.23108,37.54075],[-6.23083,37.53999],[-6.23043,37.53995],[-6.23004,37.53933],[-6.22929,37.53895],[-6.22758,37.53949],[-6.22799,37.53763],[-6.22872,37.53683],[-6.22898,37.53611],[-6.22873,37.53594],[-6.2272,37.53621],[-6.22806,37.53544],[-6.22811,37.53495],[-6.22801,37.53446],[-6.22711,37.5337],[-6.22584,37.53433],[-6.22421,37.53447],[-6.22424,37.53418],[-6.226,37.53317],[-6.22582,37.53231],[-6.22546,37.53197],[-6.22461,37.53174],[-6.22426,37.5302],[-6.22372,37.52997],[-6.22315,37.53018],[-6.22271,37.53006],[-6.22275,37.52964],[-6.22322,37.52915],[-6.22295,37.52854],[-6.22307,37.52781],[-6.22261,37.5278],[-6.2219,37.5287],[-6.22153,37.5288],[-6.22137,37.52741],[-6.22198,37.52651],[-6.2217,37.5262],[-6.22096,37.52604],[-6.22076,37.52557],[-6.22014,37.5255],[-6.21981,37.5246],[-6.21986,37.52347],[-6.21877,37.52267],[-6.21653,37.52273],[-6.21527,37.52136],[-6.21462,37.52167],[-6.21351,37.52154],[-6.21274,37.522],[-6.21186,37.52183],[-6.21109,37.52205],[-6.21085,37.52175],[-6.21082,37.52089],[-6.21041,37.52063],[-6.20987,37.52068],[-6.20973,37.52153],[-6.21115,37.52418],[-6.20923,37.52405],[-6.20726,37.52442],[-6.20583,37.52364],[-6.20553,37.52376],[-6.20537,37.52459],[-6.20622,37.52498],[-6.20731,37.52507],[-6.20787,37.52564],[-6.20887,37.52589],[-6.21095,37.52754],[-6.20874,37.52741],[-6.20815,37.52793],[-6.20743,37.52812],[-6.20543,37.52781],[-6.20524,37.52815],[-6.20538,37.52939],[-6.20665,37.52988],[-6.20707,37.53032],[-6.2063,37.53068],[-6.20443,37.53059],[-6.20379,37.53077],[-6.20404,37.53123],[-6.20517,37.53183],[-6.2055,37.5323],[-6.20453,37.53257],[-6.20274,37.53246],[-6.20242,37.53275],[-6.20264,37.5335],[-6.20586,37.53522],[-6.20672,37.53622],[-6.2063,37.53652],[-6.20457,37.53586],[-6.20393,37.53685],[-6.20286,37.53675],[-6.20243,37.53709],[-6.20332,37.53914],[-6.20547,37.53953],[-6.20695,37.54035],[-6.20482,37.54019],[-6.20309,37.54049],[-6.2027,37.54085],[-6.20303,37.54167],[-6.203,37.54238],[-6.20335,37.54267],[-6.20298,37.54303],[-6.20381,37.54365],[-6.20538,37.54408],[-6.20601,37.54485],[-6.20411,37.54454],[-6.20372,37.54543],[-6.20375,37.54602],[-6.20409,37.54649],[-6.2054,37.54691],[-6.20603,37.54736],[-6.20736,37.54707],[-6.20704,37.54778],[-6.20712,37.54859],[-6.2089,37.55006],[-6.2097,37.55135],[-6.21023,37.55142],[-6.21142,37.55049],[-6.21289,37.55059],[-6.21435,37.55158],[-6.21421,37.55247],[-6.21519,37.55321],[-6.21598,37.55435],[-6.21646,37.55436],[-6.21718,37.55394],[-6.21842,37.5545],[-6.21704,37.55469],[-6.21611,37.55572],[-6.21736,37.55591],[-6.21789,37.55628],[-6.21677,37.55644],[-6.21675,37.55677],[-6.21933,37.55906],[-6.22105,37.55952],[-6.21953,37.55965],[-6.21864,37.55942],[-6.21807,37.55884],[-6.21658,37.55829],[-6.21585,37.55749],[-6.21529,37.55762],[-6.21492,37.55805],[-6.21477,37.55905],[-6.215,37.55947],[-6.21466,37.56006],[-6.21471,37.56054],[-6.2152,37.56203],[-6.2159,37.56277],[-6.21495,37.56335],[-6.21476,37.56441],[-6.21487,37.56547],[-6.21526,37.56649],[-6.21582,37.56713],[-6.21574,37.56732],[-6.21454,37.56663],[-6.21386,37.56553],[-6.21218,37.5662],[-6.21137,37.56611],[-6.21016,37.56464],[-6.20855,37.56378],[-6.20796,37.56423],[-6.20775,37.56476],[-6.20763,37.56615],[-6.20792,37.56667],[-6.20599,37.56707],[-6.20507,37.56703],[-6.20453,37.56667],[-6.20351,37.56472],[-6.20264,37.56392],[-6.20199,37.56375],[-6.20051,37.56445],[-6.20064,37.56484],[-6.20215,37.56593],[-6.20338,37.56749],[-6.20315,37.56844],[-6.20189,37.57013],[-6.20217,37.57115],[-6.20203,37.57225],[-6.20244,37.5729],[-6.20365,37.57291],[-6.20398,37.5732],[-6.20407,37.57371],[-6.20352,37.57548],[-6.20369,37.57719],[-6.20456,37.5788],[-6.20544,37.57979],[-6.20529,37.58002],[-6.2039,37.57934],[-6.20307,37.57832],[-6.203,37.57496],[-6.2032,37.57355],[-6.20185,37.57338],[-6.20122,37.57285],[-6.20104,37.57212],[-6.20113,37.56945],[-6.20231,37.56797],[-6.20134,37.5664],[-6.19971,37.5656],[-6.1992,37.5645],[-6.20112,37.56311],[-6.2027,37.56316],[-6.20431,37.56405],[-6.20493,37.56562],[-6.20563,37.56596],[-6.20638,37.56568],[-6.20656,37.56454],[-6.2074,37.56338],[-6.20849,37.56285],[-6.20945,37.56309],[-6.21175,37.56478],[-6.21235,37.56484],[-6.21331,37.56447],[-6.21366,37.56409],[-6.214,37.56258],[-6.21321,37.56002],[-6.2119,37.55912],[-6.21277,37.55898],[-6.21311,37.55862],[-6.213,37.5578],[-6.21448,37.55571],[-6.21451,37.55526],[-6.21181,37.55289],[-6.21116,37.55313],[-6.21184,37.55429],[-6.21166,37.55461],[-6.21042,37.55521],[-6.20948,37.55499],[-6.20817,37.55217],[-6.20727,37.55213],[-6.20761,37.55109],[-6.20632,37.54967],[-6.20605,37.54984],[-6.20566,37.55131],[-6.2047,37.55277],[-6.20444,37.55229],[-6.2051,37.55035],[-6.20492,37.54926],[-6.20467,37.54898],[-6.20353,37.54934],[-6.20281,37.55036],[-6.19924,37.55305],[-6.19897,37.55382],[-6.19822,37.55372],[-6.19886,37.55262],[-6.1998,37.55191],[-6.20003,37.55144],[-6.2007,37.55116],[-6.20236,37.54904],[-6.20239,37.54861],[-6.20209,37.54826],[-6.20213,37.54751],[-6.20139,37.54753],[-6.20169,37.5469],[-6.20146,37.54651],[-6.20062,37.54629],[-6.20146,37.54549],[-6.19983,37.54563],[-6.20005,37.54491],[-6.19948,37.54472],[-6.19984,37.54407],[-6.19932,37.54372],[-6.19865,37.54386],[-6.19833,37.54423],[-6.19755,37.54435],[-6.19704,37.54499],[-6.19598,37.54459],[-6.1941,37.54488],[-6.1931,37.54586],[-6.19293,37.54556],[-6.19314,37.54459],[-6.19397,37.54396],[-6.19778,37.54271],[-6.19794,37.54254],[-6.19779,37.54212],[-6.19956,37.5412],[-6.19987,37.53992],[-6.19968,37.53859],[-6.19916,37.53845],[-6.19841,37.53876],[-6.19862,37.5375],[-6.19818,37.53715],[-6.19699,37.53692],[-6.19515,37.53762],[-6.19452,37.53858],[-6.19393,37.53894],[-6.19136,37.53885],[-6.18966,37.53917],[-6.18987,37.53836],[-6.19372,37.5356],[-6.19385,37.53539],[-6.19364,37.53501],[-6.19277,37.53482],[-6.19106,37.5351],[-6.19031,37.53478],[-6.18943,37.53495],[-6.18877,37.53461],[-6.18828,37.53477],[-6.18717,37.53577],[-6.1863,37.53606],[-6.18561,37.5354],[-6.18412,37.53516],[-6.1838,37.5354],[-6.18389,37.53658],[-6.18205,37.53576],[-6.18136,37.53572],[-6.18085,37.53601],[-6.18082,37.53648],[-6.18134,37.5377],[-6.18125,37.53811],[-6.17953,37.53725],[-6.1785,37.53637],[-6.17785,37.53638],[-6.17755,37.53681],[-6.17749,37.53884],[-6.17701,37.53981],[-6.17701,37.5406],[-6.17676,37.54077],[-6.17607,37.53984],[-6.17637,37.53706],[-6.17624,37.53598],[-6.1759,37.53588],[-6.17549,37.53752],[-6.17459,37.53826],[-6.17382,37.53965],[-6.17164,37.54159],[-6.17131,37.54215],[-6.17061,37.54106],[-6.17147,37.54052],[-6.17332,37.53871],[-6.17448,37.53541],[-6.17435,37.53513],[-6.17315,37.53547],[-6.17106,37.53522],[-6.16802,37.5355],[-6.16747,37.535],[-6.16673,37.53296],[-6.16518,37.53268],[-6.16465,37.53282],[-6.16213,37.53483],[-6.16185,37.53462],[-6.16156,37.53326],[-6.16051,37.53245],[-6.15763,37.53323],[-6.15688,37.53256],[-6.15642,37.53245],[-6.15324,37.53336],[-6.15185,37.53313],[-6.15093,37.53257],[-6.15051,37.53305],[-6.15045,37.53363],[-6.15205,37.53487],[-6.15265,37.53505],[-6.15267,37.53529],[-6.15089,37.53589],[-6.15011,37.53579],[-6.14919,37.53607],[-6.14864,37.53565],[-6.14866,37.53513],[-6.14959,37.53435],[-6.14754,37.53405],[-6.14692,37.53456],[-6.14755,37.53485],[-6.14688,37.53546],[-6.14592,37.53565],[-6.1458,37.5366],[-6.14529,37.53745],[-6.14404,37.53811],[-6.14387,37.53786],[-6.14419,37.53718],[-6.14413,37.53671],[-6.14312,37.53635],[-6.14297,37.53622],[-6.14311,37.53557],[-6.14256,37.53541],[-6.14192,37.53575],[-6.14192,37.53645],[-6.14055,37.53725],[-6.14067,37.53809],[-6.13894,37.53897],[-6.13788,37.53927],[-6.13792,37.53798],[-6.13737,37.538],[-6.13685,37.53863],[-6.1369,37.53984],[-6.13666,37.54023],[-6.13588,37.54002],[-6.13617,37.53938],[-6.13597,37.5391],[-6.13504,37.53891],[-6.13432,37.53835],[-6.13339,37.53847],[-6.13309,37.53863],[-6.13354,37.53929],[-6.133,37.54027],[-6.13466,37.54115],[-6.13478,37.54138],[-6.13449,37.54157],[-6.13281,37.54145],[-6.13203,37.54171],[-6.13154,37.54233],[-6.13114,37.54236],[-6.13066,37.54206],[-6.1297,37.54054],[-6.12839,37.54046],[-6.12815,37.54213],[-6.12695,37.5411],[-6.12634,37.54088],[-6.12579,37.54102],[-6.12566,37.54141],[-6.12645,37.54228],[-6.12634,37.54315],[-6.126,37.54354],[-6.12512,37.54392],[-6.12656,37.54523],[-6.1259,37.54527],[-6.12439,37.54429],[-6.12329,37.54249],[-6.12172,37.54231],[-6.12078,37.5426],[-6.11922,37.54263],[-6.11783,37.54373],[-6.11782,37.54473],[-6.11717,37.54489],[-6.11556,37.54449],[-6.11552,37.54502],[-6.115,37.54595],[-6.11513,37.54759],[-6.11608,37.54896],[-6.11795,37.54973],[-6.11641,37.55062],[-6.11591,37.55151],[-6.11616,37.5519],[-6.11863,37.55279],[-6.11867,37.55307],[-6.11823,37.5534],[-6.11815,37.55383],[-6.12021,37.55414],[-6.12136,37.55496],[-6.12248,37.55423],[-6.12309,37.55421],[-6.12439,37.55541],[-6.12516,37.55565],[-6.1252,37.55616],[-6.12565,37.55635],[-6.12602,37.55625],[-6.12653,37.55517],[-6.12742,37.55509],[-6.12923,37.5563],[-6.12943,37.55717],[-6.12962,37.55718],[-6.13161,37.55584],[-6.13305,37.55256],[-6.13455,37.5526],[-6.13451,37.55397],[-6.1349,37.55449],[-6.13432,37.55463],[-6.13416,37.55501],[-6.1363,37.55641],[-6.13708,37.55809],[-6.13774,37.55859],[-6.13742,37.5587],[-6.13688,37.55847],[-6.13621,37.55733],[-6.13528,37.55652],[-6.13372,37.55602],[-6.1333,37.555],[-6.13381,37.55387],[-6.13365,37.5535],[-6.13327,37.55385],[-6.13303,37.55504],[-6.13196,37.55702],[-6.13192,37.55779],[-6.13157,37.55858],[-6.13168,37.56004],[-6.13207,37.56119],[-6.13192,37.56132],[-6.13106,37.56096],[-6.13055,37.55924],[-6.13117,37.55814],[-6.13112,37.55783],[-6.13058,37.55784],[-6.129,37.55899],[-6.12842,37.55907],[-6.12766,37.55855],[-6.12803,37.55726],[-6.12751,37.55704],[-6.12599,37.55824],[-6.12573,37.55871],[-6.12536,37.55845],[-6.12508,37.55765],[-6.12304,37.55558],[-6.12314,37.55685],[-6.12275,37.55744],[-6.12043,37.55719],[-6.11952,37.55772],[-6.11964,37.55811],[-6.12072,37.55906],[-6.12068,37.56072],[-6.12282,37.56257],[-6.12277,37.56295],[-6.12198,37.5634],[-6.12243,37.56398],[-6.12234,37.56435],[-6.1211,37.56459],[-6.12085,37.56549],[-6.12025,37.56635],[-6.12017,37.56671],[-6.12097,37.56691],[-6.12016,37.56725],[-6.11962,37.56714],[-6.1194,37.56679],[-6.11945,37.56634],[-6.12015,37.56527],[-6.12009,37.56442],[-6.12104,37.56374],[-6.12091,37.56319],[-6.1217,37.56263],[-6.12021,37.56206],[-6.11907,37.56198],[-6.11921,37.56127],[-6.119,37.56075],[-6.11944,37.559],[-6.11859,37.55891],[-6.11796,37.55932],[-6.11767,37.55924],[-6.11823,37.55694],[-6.11814,37.55654],[-6.11756,37.5563],[-6.11684,37.55559],[-6.11595,37.55552],[-6.11547,37.55606],[-6.11523,37.55728],[-6.11478,37.55751],[-6.11443,37.5554],[-6.11336,37.55555],[-6.11285,37.55527],[-6.11273,37.55487],[-6.11335,37.55445],[-6.11332,37.55421],[-6.1119,37.55396],[-6.11186,37.55331],[-6.11128,37.55288],[-6.11205,37.55076],[-6.11188,37.55039],[-6.11122,37.55043],[-6.11014,37.55166],[-6.10988,37.55236],[-6.11007,37.5536],[-6.11086,37.55464],[-6.11078,37.55589],[-6.11135,37.55642],[-6.11129,37.5571],[-6.11159,37.55748],[-6.11144,37.55811],[-6.11263,37.55875],[-6.11142,37.55927],[-6.11167,37.55994],[-6.1112,37.56037],[-6.11147,37.56099],[-6.11086,37.56177],[-6.11187,37.56247],[-6.11133,37.56305],[-6.11152,37.56406],[-6.11274,37.56641],[-6.11251,37.56655],[-6.11116,37.566],[-6.11084,37.5653],[-6.11037,37.56508],[-6.10982,37.56323],[-6.10864,37.56337],[-6.10916,37.56215],[-6.10844,37.56034],[-6.10668,37.56088],[-6.1059,37.56247],[-6.10553,37.5623],[-6.10506,37.56143],[-6.10579,37.56079],[-6.10597,37.55986],[-6.10685,37.55938],[-6.10656,37.55869],[-6.10739,37.55823],[-6.10754,37.55793],[-6.10573,37.5563],[-6.10652,37.55472],[-6.10654,37.55375],[-6.10554,37.55349],[-6.10417,37.55425],[-6.10382,37.55419],[-6.10365,37.55333],[-6.10456,37.5517],[-6.10451,37.55057],[-6.10211,37.55042],[-6.1012,37.55073],[-6.10044,37.5518],[-6.10025,37.55375],[-6.0993,37.55577],[-6.09875,37.55547],[-6.09909,37.55304],[-6.09872,37.55226],[-6.09748,37.55228],[-6.09615,37.55172],[-6.09514,37.55264],[-6.09449,37.55274],[-6.09324,37.551],[-6.09002,37.55058],[-6.08961,37.551],[-6.08963,37.55191],[-6.08866,37.55279],[-6.0888,37.55353],[-6.09253,37.55388],[-6.09315,37.55414],[-6.0933,37.55481],[-6.09288,37.55536],[-6.09143,37.55564],[-6.09128,37.55651],[-6.09188,37.5569],[-6.09087,37.55772],[-6.08994,37.55818],[-6.08956,37.55818],[-6.08855,37.55751],[-6.08788,37.55788],[-6.08652,37.55976],[-6.08609,37.5609],[-6.08622,37.56154],[-6.08753,37.56276],[-6.08751,37.56334],[-6.08508,37.56466],[-6.08373,37.56677],[-6.08377,37.56702],[-6.0852,37.56757],[-6.08568,37.56823],[-6.08672,37.56865],[-6.08674,37.56957],[-6.08738,37.57025],[-6.08795,37.5714],[-6.08536,37.57061],[-6.08486,37.57082],[-6.08548,37.57332],[-6.08693,37.5739],[-6.08697,37.57411],[-6.08638,37.57475],[-6.08658,37.5752],[-6.08764,37.57625],[-6.08911,37.57601],[-6.09135,37.57689],[-6.09092,37.5771],[-6.08913,37.57687],[-6.08782,37.57706],[-6.08692,37.57695],[-6.08615,37.57638],[-6.08561,37.57652],[-6.08542,37.57684],[-6.08553,37.57737],[-6.087,37.57958],[-6.08873,37.58026],[-6.08898,37.58066],[-6.08687,37.5806],[-6.08566,37.57946],[-6.08396,37.57896],[-6.08363,37.5785],[-6.08391,37.57741],[-6.08365,37.57656],[-6.08318,37.57621],[-6.08212,37.57613],[-6.08184,37.57516],[-6.08014,37.57431],[-6.08009,37.57378],[-6.07955,37.57323],[-6.07949,37.57266],[-6.07876,37.57214],[-6.07882,37.57168],[-6.07934,37.57105],[-6.07864,37.56958],[-6.07792,37.57004],[-6.07747,37.571],[-6.07763,37.57292],[-6.07835,37.5735],[-6.07734,37.57468],[-6.07678,37.5768],[-6.07706,37.5772],[-6.07861,37.57796],[-6.07893,37.57872],[-6.07579,37.57796],[-6.0755,37.57627],[-6.07415,37.5765],[-6.07285,37.57712],[-6.0723,37.57708],[-6.07218,37.57662],[-6.07258,37.57594],[-6.07444,37.57485],[-6.07451,37.57376],[-6.07301,37.57353],[-6.07246,37.57248],[-6.07134,37.57225],[-6.07084,37.5717],[-6.0709,37.57139],[-6.07221,37.57039],[-6.07259,37.56924],[-6.072,37.56824],[-6.07077,37.56746],[-6.06998,37.56656],[-6.06978,37.56519],[-6.07099,37.56404],[-6.0709,37.56244],[-6.07031,37.56219],[-6.06961,37.56238],[-6.0681,37.56378],[-6.06764,37.56394],[-6.06685,37.56371],[-6.06589,37.56243],[-6.06501,37.56272],[-6.06455,37.56332],[-6.06464,37.56386],[-6.06592,37.56484],[-6.06675,37.56587],[-6.06825,37.56637],[-6.06862,37.56708],[-6.0683,37.56764],[-6.06723,37.56834],[-6.06717,37.56864],[-6.06805,37.56953],[-6.06828,37.57015],[-6.06741,37.57359],[-6.06627,37.57425],[-6.06618,37.57521],[-6.06496,37.57505],[-6.06404,37.57628],[-6.06294,37.57687],[-6.06281,37.57747],[-6.06154,37.57787],[-6.06067,37.57903],[-6.06082,37.57953],[-6.06136,37.57989],[-6.06373,37.57994],[-6.06503,37.58024],[-6.06586,37.58014],[-6.06676,37.58044],[-6.06715,37.58085],[-6.06629,37.58282],[-6.06582,37.58277],[-6.06466,37.58146],[-6.06379,37.58116],[-6.06325,37.58145],[-6.06308,37.58188],[-6.06359,37.58238],[-6.06361,37.58305],[-6.06277,37.58359],[-6.06266,37.5839],[-6.06355,37.5842],[-6.06353,37.58491],[-6.06437,37.58618],[-6.06207,37.58592],[-6.0615,37.58615],[-6.06107,37.58688],[-6.06129,37.58763],[-6.06202,37.58843],[-6.0623,37.59022],[-6.06295,37.59102],[-6.06258,37.59318],[-6.06301,37.59339],[-6.06297,37.59365],[-6.06237,37.59374],[-6.06203,37.59345],[-6.06212,37.59211],[-6.06149,37.59089],[-6.05866,37.58946],[-6.05813,37.58936],[-6.05753,37.58964],[-6.05724,37.59044],[-6.05686,37.59079],[-6.05606,37.5901],[-6.05431,37.59013],[-6.05446,37.59121],[-6.0535,37.59066],[-6.05255,37.59057],[-6.05153,37.59152],[-6.05059,37.59164],[-6.04881,37.59297],[-6.04844,37.59393],[-6.04728,37.59401],[-6.04787,37.5953],[-6.04775,37.59555],[-6.04627,37.59564],[-6.04663,37.59626],[-6.04842,37.59666],[-6.04906,37.5971],[-6.04561,37.5977],[-6.04517,37.59829],[-6.04585,37.59902],[-6.04528,37.60029],[-6.04551,37.60099],[-6.04721,37.60127],[-6.04748,37.602],[-6.04854,37.60266],[-6.05008,37.60269],[-6.05117,37.60337],[-6.05239,37.60353],[-6.05256,37.60421],[-6.05325,37.60473],[-6.05552,37.60504],[-6.0573,37.6059],[-6.0571,37.60609],[-6.05515,37.60577],[-6.05395,37.60597],[-6.05356,37.60671],[-6.05379,37.60749],[-6.05248,37.60638],[-6.0513,37.60632],[-6.04999,37.60562],[-6.04842,37.60577],[-6.04821,37.60596],[-6.04993,37.60791],[-6.04998,37.60915],[-6.05084,37.61],[-6.05056,37.61156],[-6.04963,37.61249],[-6.05059,37.61406],[-6.05376,37.61602],[-6.05368,37.61691],[-6.05413,37.6173],[-6.0557,37.61769],[-6.05728,37.61871],[-6.05888,37.61902],[-6.05884,37.61955],[-6.0592,37.62045],[-6.05723,37.61952],[-6.05661,37.61981],[-6.05554,37.61951],[-6.05421,37.61961],[-6.05397,37.61967],[-6.05375,37.62018],[-6.05421,37.62102],[-6.05429,37.62168],[-6.05529,37.62221],[-6.05448,37.62327],[-6.05477,37.62417],[-6.05464,37.62459],[-6.05519,37.62544],[-6.05474,37.62626],[-6.05499,37.62752],[-6.05567,37.62815],[-6.05653,37.62836],[-6.05758,37.62779],[-6.05791,37.62783],[-6.05914,37.62915],[-6.05812,37.62914],[-6.057,37.62871],[-6.05633,37.62936],[-6.05613,37.63018],[-6.0561,37.63155],[-6.0563,37.63201],[-6.05833,37.63284],[-6.05755,37.63358],[-6.05801,37.63419],[-6.05791,37.63607],[-6.05819,37.63654],[-6.05906,37.63688],[-6.06195,37.6357],[-6.06364,37.63572],[-6.06619,37.6375],[-6.06904,37.63784],[-6.07082,37.63779],[-6.07087,37.63904],[-6.07316,37.63872],[-6.07498,37.63897],[-6.07699,37.63976],[-6.07896,37.63969],[-6.07757,37.64119],[-6.07817,37.64223],[-6.0801,37.64248],[-6.07922,37.64283],[-6.07828,37.64434],[-6.07851,37.64504],[-6.07997,37.64635],[-6.08239,37.64771],[-6.08377,37.64778],[-6.08391,37.6482],[-6.08447,37.64846],[-6.08617,37.64804],[-6.08972,37.64893],[-6.09043,37.64945],[-6.09171,37.64991],[-6.09352,37.64984],[-6.09339,37.65052],[-6.09357,37.65081],[-6.09686,37.65157],[-6.09735,37.65212],[-6.09821,37.65248],[-6.09916,37.65232],[-6.10005,37.65177],[-6.1028,37.65094],[-6.10456,37.65011],[-6.10532,37.64961],[-6.106,37.64859],[-6.10732,37.64868],[-6.10805,37.64834],[-6.11095,37.64839],[-6.11203,37.64863],[-6.11279,37.64938],[-6.11294,37.65056],[-6.11455,37.6511],[-6.11568,37.65133],[-6.11804,37.65126],[-6.12071,37.65195],[-6.12173,37.65123],[-6.12118,37.65065],[-6.12132,37.6487],[-6.12207,37.65019],[-6.12309,37.6511],[-6.12313,37.65185],[-6.12374,37.65271],[-6.12554,37.65349],[-6.12692,37.65379],[-6.12569,37.65401],[-6.12366,37.65339],[-6.12234,37.65247],[-6.12096,37.65298],[-6.11936,37.65319],[-6.11869,37.65303],[-6.11825,37.65236],[-6.11776,37.65209],[-6.11553,37.65273],[-6.11422,37.65253],[-6.11306,37.6518],[-6.11217,37.65188],[-6.11172,37.65242],[-6.11221,37.65314],[-6.11141,37.65338],[-6.11109,37.65403],[-6.11249,37.65726],[-6.11325,37.65809],[-6.11301,37.65903],[-6.1133,37.65945],[-6.11523,37.66025],[-6.11697,37.66025],[-6.11859,37.66168],[-6.12096,37.66249],[-6.12248,37.66331],[-6.12366,37.66354],[-6.12419,37.66436],[-6.12561,37.66514],[-6.13291,37.66771],[-6.1345,37.66791],[-6.13654,37.66714],[-6.13973,37.66709],[-6.14297,37.66765],[-6.1433,37.66834],[-6.14393,37.66869],[-6.14511,37.66857],[-6.14422,37.66953],[-6.14478,37.67109],[-6.1449,37.67245],[-6.14579,37.67441],[-6.14627,37.67497],[-6.1457,37.67633],[-6.14628,37.67789],[-6.14603,37.67837],[-6.1464,37.67878],[-6.14891,37.67889],[-6.15085,37.67831],[-6.15171,37.67776],[-6.15343,37.67763],[-6.15953,37.67817],[-6.16218,37.67778],[-6.16323,37.67842],[-6.16446,37.68058],[-6.16723,37.67929],[-6.16857,37.67808],[-6.16869,37.67845],[-6.16845,37.679],[-6.1671,37.67998],[-6.16627,37.68045],[-6.16413,37.68103],[-6.16367,37.68064],[-6.16287,37.67903],[-6.16214,37.67853],[-6.15835,37.67864],[-6.15427,37.67828],[-6.15265,37.67842],[-6.14798,37.67976],[-6.14572,37.67954],[-6.14532,37.6792],[-6.14473,37.67699],[-6.14413,37.67679],[-6.1429,37.67723],[-6.1443,37.67579],[-6.14449,37.67474],[-6.14419,37.67354],[-6.14331,37.67249],[-6.14343,37.67117],[-6.14284,37.66999],[-6.1422,37.66907],[-6.14112,37.66835],[-6.14016,37.66806],[-6.13798,37.66795],[-6.13671,37.66818],[-6.13518,37.66904],[-6.13386,37.66945],[-6.13184,37.66915],[-6.13108,37.66927],[-6.13064,37.66862],[-6.12645,37.66671],[-6.12219,37.66526],[-6.12054,37.66423],[-6.1197,37.66402],[-6.11906,37.66441],[-6.11864,37.6637],[-6.11512,37.66185],[-6.11319,37.66163],[-6.11199,37.6619],[-6.11103,37.66281],[-6.11073,37.66419],[-6.10982,37.66309],[-6.10909,37.66345],[-6.10937,37.6626],[-6.11103,37.66144],[-6.11154,37.6607],[-6.11087,37.65996],[-6.11136,37.65851],[-6.11121,37.65754],[-6.11023,37.65579],[-6.10931,37.6547],[-6.10882,37.65301],[-6.10888,37.65127],[-6.10996,37.65044],[-6.10995,37.65021],[-6.1091,37.65015],[-6.10715,37.65076],[-6.10291,37.65304],[-6.10175,37.65403],[-6.09884,37.65477],[-6.09777,37.65553],[-6.0954,37.65434],[-6.09407,37.654],[-6.09306,37.65328],[-6.09085,37.65257],[-6.08812,37.65281],[-6.08653,37.65326],[-6.08569,37.65311],[-6.08471,37.65354],[-6.08448,37.65268],[-6.08363,37.65275],[-6.08389,37.65193],[-6.0836,37.65142],[-6.08304,37.65112],[-6.08202,37.65137],[-6.08141,37.65004],[-6.07895,37.64882],[-6.07844,37.6479],[-6.07779,37.6479],[-6.07694,37.64839],[-6.07624,37.64839],[-6.07594,37.64818],[-6.07602,37.64763],[-6.07568,37.6472],[-6.07407,37.64686],[-6.07406,37.6453],[-6.07482,37.64506],[-6.07517,37.64454],[-6.07451,37.64278],[-6.07405,37.64261],[-6.07356,37.64274],[-6.07311,37.64407],[-6.07207,37.6443],[-6.07183,37.64402],[-6.07194,37.64306],[-6.07018,37.64322],[-6.06822,37.64279],[-6.06583,37.64014],[-6.06443,37.63912],[-6.06285,37.6385],[-6.06198,37.63855],[-6.06072,37.6391],[-6.06125,37.63979],[-6.06154,37.64088],[-6.06038,37.64086],[-6.05998,37.64112],[-6.06008,37.64165],[-6.06054,37.64219],[-6.0619,37.64311],[-6.06068,37.64326],[-6.05838,37.64255],[-6.05785,37.64275],[-6.05796,37.64308],[-6.05944,37.64397],[-6.05942,37.64414],[-6.05826,37.64497],[-6.05653,37.6477],[-6.05641,37.64848],[-6.05573,37.64871],[-6.05392,37.65067],[-6.05308,37.65109],[-6.05214,37.653],[-6.0524,37.65387],[-6.0498,37.6537],[-6.04853,37.65444],[-6.04801,37.65403],[-6.04747,37.65411],[-6.04642,37.65506],[-6.0463,37.65651],[-6.04575,37.65705],[-6.04567,37.65667],[-6.04512,37.65638],[-6.04269,37.65621],[-6.04239,37.65658],[-6.0424,37.65819],[-6.04108,37.66099],[-6.03961,37.66156],[-6.03817,37.66136],[-6.03822,37.66109],[-6.03981,37.66053],[-6.04095,37.6585],[-6.04097,37.65698],[-6.03972,37.65639],[-6.03901,37.65553],[-6.0395,37.65528],[-6.04052,37.65533],[-6.04066,37.65469],[-6.04102,37.6543],[-6.04183,37.65455],[-6.04376,37.65464],[-6.04529,37.65333],[-6.04679,37.65259],[-6.05015,37.65194],[-6.0517,37.64986],[-6.05193,37.64898],[-6.05288,37.64855],[-6.05419,37.64627],[-6.05382,37.64456],[-6.05295,37.64426],[-6.05294,37.64348],[-6.05138,37.64212],[-6.05099,37.64125],[-6.04962,37.64096],[-6.04934,37.64017],[-6.04656,37.63843],[-6.04626,37.638],[-6.04629,37.63759],[-6.04713,37.63799],[-6.0485,37.6382],[-6.04866,37.63854],[-6.04952,37.63896],[-6.05035,37.63897],[-6.05106,37.63835],[-6.05133,37.63836],[-6.05219,37.63889],[-6.05407,37.63946],[-6.05437,37.6391],[-6.05467,37.63734],[-6.05463,37.6359],[-6.05419,37.63506],[-6.05346,37.63491],[-6.05227,37.63416],[-6.05188,37.63166],[-6.05012,37.63105],[-6.04946,37.63041],[-6.04846,37.63041],[-6.04835,37.63021],[-6.04845,37.62971],[-6.04914,37.62938],[-6.04947,37.62883],[-6.04969,37.6271],[-6.04953,37.626],[-6.04973,37.62554],[-6.04912,37.62477],[-6.04886,37.62393],[-6.04796,37.62404],[-6.04717,37.62452],[-6.04684,37.62439],[-6.04712,37.62337],[-6.04868,37.62171],[-6.04835,37.62093],[-6.04748,37.62013],[-6.04762,37.61949],[-6.04725,37.61846],[-6.04744,37.61738],[-6.04734,37.61604],[-6.04693,37.61586],[-6.04683,37.61603],[-6.04624,37.6187],[-6.0456,37.61928],[-6.04444,37.6198],[-6.04391,37.62045],[-6.04355,37.62048],[-6.04382,37.61954],[-6.04465,37.61855],[-6.04296,37.61745],[-6.044,37.61679],[-6.04384,37.61608],[-6.04439,37.61526],[-6.04464,37.61406],[-6.04344,37.61282],[-6.04348,37.61262],[-6.04537,37.61255],[-6.04548,37.6115],[-6.04638,37.61073],[-6.04596,37.61021],[-6.04458,37.61049],[-6.04625,37.60882],[-6.0454,37.60849],[-6.04368,37.60835],[-6.04451,37.60704],[-6.04406,37.60591],[-6.04287,37.60565],[-6.043,37.60498],[-6.04225,37.60484],[-6.0408,37.60405],[-6.03953,37.60521],[-6.03915,37.60431],[-6.03808,37.60477],[-6.03791,37.60437],[-6.03815,37.60342],[-6.03723,37.60248],[-6.03693,37.60182],[-6.03655,37.6019],[-6.03615,37.60239],[-6.03483,37.60131],[-6.03376,37.60142],[-6.03257,37.6009],[-6.03206,37.60102],[-6.03148,37.60158],[-6.03087,37.60164],[-6.03032,37.60126],[-6.02989,37.60157],[-6.02963,37.60207],[-6.02979,37.60307],[-6.02942,37.60344],[-6.02903,37.60333],[-6.02901,37.60275],[-6.02864,37.60231],[-6.02808,37.6023],[-6.02746,37.60262],[-6.02731,37.60328],[-6.02621,37.60502],[-6.02501,37.60598],[-6.02485,37.606],[-6.0249,37.60562],[-6.02584,37.60443],[-6.02594,37.60385],[-6.0253,37.6034],[-6.0238,37.6034],[-6.02366,37.60318],[-6.02367,37.60274],[-6.02412,37.60243],[-6.02607,37.60234],[-6.02672,37.60183],[-6.02696,37.6013],[-6.02817,37.60075],[-6.02806,37.59946],[-6.03065,37.59911],[-6.03168,37.59853],[-6.03261,37.59764],[-6.03305,37.59683],[-6.03303,37.59554],[-6.0327,37.59467],[-6.03496,37.59381],[-6.0364,37.59212],[-6.03603,37.59177],[-6.03453,37.59152],[-6.0353,37.59066],[-6.03435,37.58909],[-6.03447,37.58858],[-6.03468,37.58834],[-6.03647,37.58886],[-6.03859,37.58793],[-6.03927,37.58684],[-6.03882,37.58516],[-6.04086,37.58527],[-6.04196,37.58427],[-6.04247,37.58267],[-6.04241,37.58232],[-6.04117,37.58203],[-6.04131,37.57996],[-6.03981,37.58004],[-6.04121,37.57908],[-6.04334,37.57905],[-6.04415,37.57823],[-6.04436,37.57634],[-6.04251,37.57598],[-6.04227,37.57613],[-6.04223,37.57711],[-6.04122,37.57758],[-6.04059,37.57742],[-6.04023,37.57672],[-6.03887,37.57631],[-6.03731,37.57717],[-6.03687,37.5778],[-6.03679,37.57824],[-6.03726,37.57885],[-6.03721,37.57908],[-6.03582,37.57942],[-6.03514,37.58015],[-6.03403,37.58042],[-6.03382,37.5806],[-6.03408,37.58142],[-6.03293,37.58147],[-6.03251,37.58256],[-6.03181,37.58305],[-6.03167,37.58282],[-6.03182,37.58205],[-6.03119,37.58122],[-6.0325,37.57959],[-6.03421,37.57806],[-6.03532,37.57583],[-6.03515,37.57531],[-6.03452,37.57501],[-6.03372,37.57508],[-6.03202,37.57583],[-6.03148,37.57572],[-6.03134,37.5754],[-6.03159,37.57403],[-6.0311,37.57375],[-6.03007,37.57426],[-6.02977,37.57529],[-6.02793,37.57559],[-6.02757,37.57595],[-6.02754,37.57665],[-6.02822,37.57832],[-6.02552,37.57845],[-6.02377,37.578],[-6.02334,37.57853],[-6.02341,37.57922],[-6.0249,37.58058],[-6.02374,37.58092],[-6.02354,37.58155],[-6.02267,37.58106],[-6.02191,37.58106],[-6.02119,37.58031],[-6.02002,37.5803],[-6.01954,37.58068],[-6.01825,37.58276],[-6.01785,37.58398],[-6.01759,37.58391],[-6.01673,37.5817],[-6.01556,37.5807],[-6.01415,37.58027],[-6.01376,37.57972],[-6.01371,37.57926],[-6.01558,37.57858],[-6.01559,37.5783],[-6.01483,37.57763],[-6.01477,37.57696],[-6.0145,37.57669],[-6.01375,37.57718],[-6.01281,37.57861],[-6.0118,37.57872],[-6.01053,37.57822],[-6.01061,37.5787],[-6.01123,37.57954],[-6.0114,37.58093],[-6.0112,37.58127],[-6.00716,37.58055],[-6.00577,37.5806],[-6.00528,37.57971],[-6.00459,37.5796],[-6.00377,37.58052],[-6.00364,37.58156],[-6.00447,37.5826],[-6.0061,37.58375],[-6.00614,37.58466],[-6.00466,37.58459],[-6.00295,37.58549],[-6.00238,37.58631],[-6.00192,37.58555],[-6.00079,37.58562],[-5.99794,37.58745],[-5.99796,37.58834],[-5.9994,37.58938],[-6.00169,37.58902],[-6.00198,37.58984],[-6.00282,37.59006],[-6.00414,37.58912],[-6.00476,37.58966],[-6.00538,37.58982],[-6.00688,37.58961],[-6.0072,37.5906],[-6.00718,37.59096],[-6.00566,37.5906],[-6.00481,37.59079],[-6.00488,37.59163],[-6.00581,37.59238],[-6.0058,37.59273],[-6.00403,37.59256],[-6.00361,37.59271],[-6.00394,37.59313],[-6.00495,37.59322],[-6.00565,37.59368],[-6.00453,37.59558],[-6.00518,37.59652],[-6.00442,37.59666],[-6.00417,37.59708],[-6.00474,37.59891],[-6.00476,37.60031],[-6.00436,37.59999],[-6.00225,37.59639],[-6.0003,37.59512],[-5.99961,37.59558],[-6.00005,37.59644],[-6.00118,37.59693],[-6.00174,37.59835],[-6.00152,37.59873],[-5.99981,37.59827],[-5.99953,37.59846],[-5.99974,37.59895],[-6.00072,37.6001],[-6.00316,37.60083],[-6.00392,37.60163],[-6.00393,37.60214],[-6.00372,37.60223],[-6.00248,37.60141],[-6.00142,37.60151],[-6.002,37.60318],[-6.00271,37.60405],[-6.00281,37.60452],[-6.0026,37.60492],[-6.00153,37.6043],[-6.00116,37.60447],[-6.00089,37.60515],[-6.00109,37.60643],[-6.00023,37.60714],[-6.0004,37.60745],[-6.00157,37.60776],[-6.00284,37.60964],[-6.00347,37.61014],[-6.00335,37.61024],[-6.00303,37.61028],[-6.00198,37.60964],[-6.00096,37.60826],[-5.9995,37.60811],[-5.99869,37.60724],[-5.9987,37.60648],[-6.00025,37.60285],[-5.99991,37.60205],[-5.99918,37.60212],[-5.99772,37.60335],[-5.99682,37.60375],[-5.99806,37.60094],[-5.99769,37.60071],[-5.99626,37.60089],[-5.99579,37.60055],[-5.9957,37.60008],[-5.99609,37.59962],[-5.99724,37.59973],[-5.99768,37.59949],[-5.99755,37.59901],[-5.9967,37.59855],[-5.99697,37.59801],[-5.99686,37.59769],[-5.99633,37.59756],[-5.99383,37.59783],[-5.99378,37.59716],[-5.99443,37.59662],[-5.99439,37.59633],[-5.99267,37.59445],[-5.99111,37.59389],[-5.9907,37.59186],[-5.98968,37.5904],[-5.98873,37.59037],[-5.98713,37.59117],[-5.98633,37.58996],[-5.98588,37.58993],[-5.98467,37.59045],[-5.98362,37.59025],[-5.98337,37.59065],[-5.98484,37.59226],[-5.98627,37.59279],[-5.98615,37.5936],[-5.98647,37.59536],[-5.98567,37.59614],[-5.98523,37.59639],[-5.98465,37.59618],[-5.98379,37.59427],[-5.983,37.5933],[-5.98195,37.59286],[-5.98136,37.5928],[-5.9808,37.59306],[-5.98063,37.59514],[-5.98105,37.59667],[-5.98026,37.59794],[-5.98045,37.60058],[-5.98018,37.60121],[-5.97829,37.60022],[-5.97705,37.59849],[-5.97552,37.59753],[-5.9755,37.59703],[-5.97636,37.59503],[-5.97637,37.5942],[-5.97617,37.59388],[-5.97546,37.59335],[-5.97455,37.59322],[-5.97299,37.59373],[-5.97264,37.59434],[-5.97321,37.59537],[-5.97268,37.59601],[-5.97268,37.59633],[-5.97349,37.59736],[-5.97249,37.59781],[-5.97191,37.59845],[-5.97178,37.59914],[-5.97233,37.60137],[-5.9723,37.60222],[-5.97149,37.60325],[-5.97125,37.60167],[-5.97034,37.60092],[-5.96958,37.60115],[-5.96878,37.60239],[-5.96836,37.60256],[-5.96815,37.6024],[-5.96755,37.60055],[-5.96744,37.59815],[-5.96674,37.59724],[-5.96616,37.59733],[-5.96536,37.59801],[-5.96396,37.598],[-5.96286,37.59858],[-5.96236,37.59922],[-5.96223,37.60013],[-5.96264,37.6018],[-5.96134,37.60228],[-5.95962,37.60188],[-5.9581,37.60369],[-5.95785,37.60466],[-5.95754,37.60474],[-5.9572,37.60461],[-5.9571,37.60389],[-5.95641,37.60291],[-5.95671,37.60106],[-5.9565,37.60012],[-5.95493,37.59917],[-5.95425,37.59912],[-5.95417,37.60012],[-5.95388,37.6004],[-5.95054,37.5997],[-5.94972,37.59995],[-5.94893,37.60097],[-5.94943,37.60257],[-5.94829,37.60273],[-5.94804,37.6039],[-5.94775,37.60415],[-5.94687,37.60284],[-5.94444,37.60192],[-5.94373,37.60071],[-5.94302,37.60011],[-5.94191,37.59966],[-5.94061,37.59992],[-5.93898,37.60235],[-5.93849,37.60262],[-5.93734,37.60272],[-5.93688,37.60335],[-5.93708,37.60393],[-5.93821,37.60504],[-5.93959,37.60576],[-5.93988,37.60618],[-5.93739,37.60798],[-5.9373,37.60862],[-5.93839,37.60974],[-5.94037,37.6109],[-5.94065,37.61128],[-5.94059,37.61209],[-5.94035,37.6127],[-5.93954,37.61353],[-5.93758,37.61396],[-5.93605,37.61509],[-5.93587,37.61564],[-5.93619,37.61648],[-5.93524,37.61805],[-5.93499,37.61781],[-5.93454,37.61564],[-5.93397,37.61484],[-5.93383,37.6132],[-5.93232,37.61351],[-5.93133,37.61482],[-5.93127,37.61612],[-5.93005,37.61639],[-5.92922,37.61834],[-5.92856,37.61792],[-5.92874,37.61672],[-5.92836,37.61647],[-5.92824,37.61585],[-5.92784,37.61545],[-5.92689,37.61536],[-5.92599,37.61587],[-5.92351,37.61622],[-5.92254,37.6157],[-5.92157,37.61573],[-5.92173,37.61449],[-5.91986,37.6149],[-5.91813,37.61326],[-5.91746,37.61304],[-5.91673,37.6134],[-5.91643,37.61402],[-5.9179,37.61493],[-5.91837,37.61658],[-5.91958,37.61818],[-5.91968,37.61887],[-5.9174,37.61938],[-5.91595,37.62061],[-5.9154,37.62053],[-5.91484,37.61993],[-5.91364,37.61989],[-5.91347,37.6192],[-5.91389,37.61827],[-5.91341,37.61819],[-5.91252,37.61847],[-5.91276,37.61936],[-5.9111,37.62015],[-5.91034,37.62138],[-5.90883,37.62009],[-5.90778,37.62021],[-5.90683,37.62084],[-5.9063,37.62019],[-5.90533,37.61995],[-5.90463,37.61941],[-5.90379,37.61929],[-5.90194,37.62048],[-5.90347,37.62161],[-5.90028,37.62093],[-5.89907,37.62098],[-5.89895,37.62148],[-5.89958,37.62297],[-5.89937,37.62305],[-5.8985,37.62231],[-5.89801,37.62219],[-5.89779,37.62385],[-5.89726,37.62455],[-5.89687,37.62446],[-5.89659,37.62313],[-5.89611,37.62281],[-5.89408,37.62268],[-5.89319,37.62291],[-5.89262,37.62335],[-5.89092,37.62317],[-5.88993,37.62394],[-5.88892,37.62298],[-5.88849,37.62346],[-5.88842,37.62505],[-5.88781,37.62564],[-5.88872,37.62622],[-5.88769,37.62674],[-5.88736,37.62771],[-5.88762,37.6293],[-5.88881,37.62956],[-5.88869,37.62977],[-5.88801,37.62988],[-5.88788,37.63023],[-5.88871,37.63202],[-5.88745,37.63327],[-5.88741,37.63466],[-5.88706,37.63502],[-5.88683,37.63504],[-5.8867,37.63277],[-5.8874,37.63172],[-5.88657,37.6307],[-5.88549,37.63018],[-5.88562,37.62949],[-5.88529,37.629],[-5.88565,37.62829],[-5.88472,37.62683],[-5.88503,37.62587],[-5.8839,37.62571],[-5.8846,37.62496],[-5.88455,37.62472],[-5.88274,37.62458],[-5.88156,37.62508],[-5.88101,37.62436],[-5.88091,37.62368],[-5.87835,37.62332],[-5.87756,37.62345],[-5.87679,37.62392],[-5.87591,37.62395],[-5.87512,37.62475],[-5.87442,37.62408],[-5.8734,37.62433],[-5.87307,37.6255],[-5.87125,37.62716],[-5.87129,37.62674],[-5.87229,37.62552],[-5.87231,37.62465],[-5.87165,37.62476],[-5.8706,37.62569],[-5.86946,37.62497],[-5.86855,37.62472],[-5.86687,37.62525],[-5.8669,37.6256],[-5.86835,37.62553],[-5.86945,37.62605],[-5.86859,37.62621],[-5.86783,37.6269],[-5.8668,37.62694],[-5.86664,37.62758],[-5.86567,37.62658],[-5.86495,37.62664],[-5.86467,37.62609],[-5.86428,37.62673],[-5.86477,37.62753],[-5.86427,37.62798],[-5.86382,37.62784],[-5.86298,37.62691],[-5.86034,37.62704],[-5.86032,37.62733],[-5.86169,37.62765],[-5.86274,37.62869],[-5.86182,37.62854],[-5.86094,37.62895],[-5.85916,37.62894],[-5.85988,37.63026],[-5.8591,37.63079],[-5.85794,37.63041],[-5.85753,37.63063],[-5.85786,37.63146],[-5.8576,37.63195],[-5.85777,37.63238],[-5.85742,37.63307],[-5.85639,37.63199],[-5.85609,37.63228],[-5.85604,37.63302],[-5.85503,37.63363],[-5.85529,37.63207],[-5.85351,37.63144],[-5.85254,37.63172],[-5.85253,37.63238],[-5.85224,37.6326],[-5.85068,37.63197],[-5.85008,37.63225],[-5.85008,37.6328],[-5.85037,37.6332],[-5.85202,37.63362],[-5.8522,37.63386],[-5.8516,37.63467],[-5.84957,37.63434],[-5.84854,37.63474],[-5.8487,37.63515],[-5.84992,37.63545],[-5.85032,37.63614],[-5.84919,37.63599],[-5.84863,37.6363],[-5.84967,37.63778],[-5.84884,37.63818],[-5.84878,37.63938],[-5.85039,37.63963],[-5.85129,37.64019],[-5.84981,37.64034],[-5.85029,37.64117],[-5.84999,37.64203],[-5.8488,37.6424],[-5.84991,37.64314],[-5.85181,37.64242],[-5.85556,37.64273],[-5.85573,37.64292],[-5.85439,37.64328],[-5.85316,37.64421],[-5.85264,37.64534],[-5.85301,37.64576],[-5.85452,37.64638],[-5.8539,37.64691],[-5.85394,37.64719],[-5.85505,37.64746],[-5.85469,37.64769],[-5.8533,37.64777],[-5.85318,37.64803],[-5.85352,37.64853],[-5.85311,37.64891],[-5.85217,37.64841],[-5.85111,37.64824],[-5.85017,37.64751],[-5.84944,37.64749],[-5.84906,37.64788],[-5.84902,37.6491],[-5.8485,37.64944],[-5.84778,37.64936],[-5.84772,37.64821],[-5.84726,37.64777],[-5.84651,37.64782],[-5.84525,37.64842],[-5.84504,37.64887],[-5.84568,37.64941],[-5.84566,37.65072],[-5.84603,37.65113],[-5.84692,37.65138],[-5.84696,37.65223],[-5.84743,37.65291],[-5.84691,37.6542],[-5.84586,37.65315],[-5.84524,37.65296],[-5.8445,37.65315],[-5.84395,37.65389],[-5.84325,37.65395],[-5.84166,37.65185],[-5.84029,37.65148],[-5.83975,37.65166],[-5.8397,37.65232],[-5.84024,37.65325],[-5.84,37.65456],[-5.84051,37.65594],[-5.84072,37.65751],[-5.84129,37.65807],[-5.8433,37.659],[-5.84274,37.65949],[-5.84299,37.66019],[-5.84289,37.66089],[-5.84184,37.66102],[-5.84111,37.66154],[-5.84024,37.66176],[-5.84023,37.66223],[-5.8425,37.66319],[-5.84747,37.66305],[-5.84626,37.66372],[-5.84586,37.66448],[-5.84527,37.66377],[-5.84335,37.66448],[-5.84315,37.66465],[-5.84329,37.66513],[-5.84313,37.66541],[-5.84217,37.66487],[-5.841,37.6648],[-5.83819,37.6659],[-5.83803,37.66609],[-5.83842,37.66676],[-5.83896,37.66692],[-5.84219,37.66704],[-5.84305,37.66728],[-5.84078,37.66764],[-5.83998,37.66801],[-5.83978,37.66872],[-5.84058,37.66929],[-5.83913,37.66998],[-5.83883,37.67056],[-5.84024,37.67115],[-5.84252,37.67129],[-5.84374,37.67203],[-5.84528,37.67182],[-5.84531,37.6726],[-5.84783,37.67268],[-5.85012,37.67331],[-5.85113,37.67383],[-5.85053,37.67405],[-5.84965,37.67392],[-5.84645,37.67429],[-5.84498,37.67488],[-5.84485,37.67536],[-5.84518,37.67644],[-5.84561,37.67673],[-5.84675,37.67693],[-5.84615,37.67753],[-5.84631,37.67824],[-5.84769,37.67938],[-5.84699,37.68031],[-5.8487,37.68065],[-5.84852,37.68089],[-5.84572,37.68166],[-5.84544,37.68196],[-5.84567,37.68225],[-5.84666,37.68261],[-5.84784,37.68348],[-5.85046,37.68406],[-5.85134,37.68471],[-5.85215,37.68459],[-5.85294,37.68352],[-5.85498,37.6824],[-5.85514,37.68253],[-5.85501,37.68273],[-5.85357,37.68393],[-5.85358,37.6847],[-5.85388,37.68505],[-5.85451,37.68508],[-5.8555,37.6844],[-5.85587,37.68449],[-5.8561,37.68514],[-5.85684,37.6854],[-5.85911,37.68467],[-5.86204,37.68453],[-5.86151,37.68497],[-5.85927,37.68589],[-5.85912,37.68667],[-5.85781,37.68664],[-5.85719,37.68708],[-5.85728,37.68756],[-5.85778,37.68797],[-5.85887,37.68827],[-5.861,37.68765],[-5.86165,37.68784],[-5.86156,37.68827],[-5.86049,37.68852],[-5.86027,37.68917],[-5.85951,37.6893],[-5.85947,37.68953],[-5.86004,37.6901],[-5.85894,37.69049],[-5.85937,37.69117],[-5.86112,37.6917],[-5.86157,37.6914],[-5.86183,37.69051],[-5.86235,37.69041],[-5.86232,37.69111],[-5.86262,37.69154],[-5.86387,37.692],[-5.87021,37.69123],[-5.87064,37.691],[-5.87049,37.69039],[-5.8708,37.69004],[-5.87473,37.68962],[-5.87439,37.6901],[-5.87217,37.69119],[-5.87284,37.69186],[-5.87514,37.69253],[-5.87285,37.69311],[-5.87208,37.69394],[-5.87152,37.69385],[-5.8708,37.69325],[-5.86984,37.69318],[-5.86698,37.69343],[-5.86522,37.69388],[-5.86258,37.69367],[-5.86216,37.69391],[-5.86222,37.69412],[-5.86419,37.695],[-5.8644,37.69519],[-5.8643,37.69589],[-5.86456,37.69618],[-5.86658,37.69675],[-5.86794,37.69759],[-5.86861,37.69753],[-5.86887,37.69716],[-5.86883,37.69671],[-5.86911,37.69659],[-5.86988,37.69742],[-5.8713,37.69721],[-5.87196,37.69736],[-5.8722,37.69765],[-5.87176,37.69827],[-5.87239,37.69856],[-5.87323,37.69858],[-5.87561,37.69795],[-5.87622,37.69802],[-5.87618,37.6983],[-5.87413,37.69919],[-5.87459,37.6995],[-5.87573,37.69953],[-5.87575,37.69988],[-5.87545,37.70015],[-5.87448,37.70054],[-5.87232,37.70056],[-5.87074,37.70094],[-5.87066,37.70135],[-5.87128,37.70212],[-5.87379,37.70199],[-5.87485,37.70224],[-5.87522,37.70152],[-5.87619,37.70115],[-5.87638,37.70127],[-5.87616,37.70176],[-5.8763,37.70204],[-5.87753,37.70236],[-5.87817,37.70199],[-5.87867,37.70083],[-5.8798,37.70057],[-5.88041,37.70071],[-5.87921,37.70131],[-5.87909,37.70169],[-5.87922,37.70211],[-5.87996,37.70262],[-5.8817,37.70287],[-5.8845,37.70222],[-5.88502,37.70234],[-5.88419,37.703],[-5.8837,37.70403],[-5.88266,37.70452],[-5.88292,37.70524],[-5.88518,37.70592],[-5.88493,37.70614],[-5.88291,37.70641],[-5.88235,37.70668],[-5.8824,37.7069],[-5.88282,37.70724],[-5.88433,37.7077],[-5.88531,37.70868],[-5.88424,37.70874],[-5.88389,37.70963],[-5.88276,37.71025],[-5.88283,37.71069],[-5.88434,37.71094],[-5.88457,37.71118],[-5.88314,37.7124],[-5.88298,37.71322],[-5.88312,37.71335],[-5.88418,37.71286],[-5.8855,37.71279],[-5.88586,37.71304],[-5.88515,37.71356],[-5.88503,37.71394],[-5.88587,37.71424],[-5.88567,37.71492],[-5.88582,37.71519],[-5.88676,37.71545],[-5.88889,37.71531],[-5.89093,37.71583],[-5.89013,37.71608],[-5.88853,37.71729],[-5.88733,37.71769],[-5.88729,37.71887],[-5.88783,37.71935],[-5.88838,37.71951],[-5.88997,37.71938],[-5.89266,37.71884],[-5.89642,37.71919],[-5.89324,37.71988],[-5.89249,37.72037],[-5.89215,37.72135],[-5.88946,37.72182],[-5.88812,37.72287],[-5.88657,37.72298],[-5.88631,37.7236],[-5.88689,37.72405],[-5.88931,37.7238],[-5.88919,37.72438],[-5.88832,37.72494],[-5.88901,37.72528],[-5.88909,37.72558],[-5.88739,37.72653],[-5.88826,37.72693],[-5.88778,37.72736],[-5.8868,37.72739],[-5.88558,37.72693],[-5.8847,37.72719],[-5.88524,37.72805],[-5.88599,37.72853],[-5.88592,37.72935],[-5.88631,37.72959],[-5.88685,37.72948],[-5.88735,37.72861],[-5.88791,37.72852],[-5.88949,37.72902],[-5.89055,37.73015],[-5.89218,37.73009],[-5.89233,37.73019],[-5.89216,37.73074],[-5.8942,37.73181],[-5.89508,37.73351],[-5.89398,37.7327],[-5.89267,37.73248],[-5.89234,37.73273],[-5.89294,37.73399],[-5.89269,37.73482],[-5.8917,37.73475],[-5.89036,37.73518],[-5.88904,37.73485],[-5.88813,37.73523],[-5.88803,37.7356],[-5.88836,37.73618],[-5.88955,37.73687],[-5.89238,37.73744],[-5.89185,37.73896],[-5.892,37.73963],[-5.89238,37.73998],[-5.89393,37.74045],[-5.89648,37.74072],[-5.89516,37.74107],[-5.89318,37.74107],[-5.89287,37.74123],[-5.89246,37.74222],[-5.89162,37.74287],[-5.88939,37.74322],[-5.88895,37.74352],[-5.88882,37.74408],[-5.88947,37.74436],[-5.89118,37.74392],[-5.89053,37.74506],[-5.89094,37.74535],[-5.89306,37.74484],[-5.89326,37.74521],[-5.89266,37.74617],[-5.89295,37.74658],[-5.89396,37.74634],[-5.89429,37.74541],[-5.89473,37.74522],[-5.89506,37.74537],[-5.89521,37.74627],[-5.89631,37.7458],[-5.89676,37.74661],[-5.89596,37.74741],[-5.89603,37.74824],[-5.89494,37.74806],[-5.89442,37.74848],[-5.89537,37.74932],[-5.89531,37.75076],[-5.89634,37.75102],[-5.89683,37.75156],[-5.89752,37.75128],[-5.89789,37.7515],[-5.89712,37.75218],[-5.89568,37.75208],[-5.89521,37.75225],[-5.89483,37.75263],[-5.89483,37.75313],[-5.89513,37.75365],[-5.89564,37.75395],[-5.89727,37.75315],[-5.89872,37.75302],[-5.89857,37.75381],[-5.89759,37.75437],[-5.89758,37.75574],[-5.898,37.75647],[-5.8992,37.75673],[-5.89915,37.75705],[-5.89861,37.75742],[-5.89911,37.75788],[-5.89908,37.75843],[-5.89934,37.75882],[-5.89805,37.75846],[-5.89695,37.75863],[-5.89604,37.75936],[-5.89599,37.76018],[-5.89679,37.76102],[-5.8983,37.76098],[-5.89889,37.76172],[-5.89966,37.76174],[-5.90064,37.76133],[-5.90107,37.76177],[-5.89861,37.76365],[-5.89832,37.76446],[-5.89952,37.76426],[-5.90167,37.76513],[-5.90331,37.76525],[-5.90413,37.76501],[-5.90459,37.76419],[-5.90544,37.76395],[-5.90538,37.76501],[-5.90594,37.76539],[-5.90858,37.76579],[-5.90992,37.76522],[-5.91054,37.76567],[-5.91259,37.76579],[-5.91363,37.76614],[-5.91161,37.76676],[-5.90375,37.767],[-5.90373,37.76728],[-5.90484,37.76809],[-5.90335,37.76792],[-5.90319,37.7684],[-5.90493,37.7694],[-5.90337,37.76944],[-5.90407,37.77021],[-5.9036,37.77047],[-5.90324,37.77125],[-5.90241,37.7719],[-5.90265,37.77253],[-5.902,37.77345],[-5.90201,37.77477],[-5.90091,37.77656],[-5.9006,37.77659],[-5.90059,37.77523],[-5.90031,37.77455],[-5.89992,37.77436],[-5.8996,37.77451],[-5.89974,37.77633],[-5.90014,37.7776],[-5.90083,37.77767],[-5.90203,37.77667],[-5.90251,37.77669],[-5.90346,37.77737],[-5.90387,37.77893],[-5.90443,37.77946],[-5.90501,37.77954],[-5.90556,37.77917],[-5.9057,37.77794],[-5.90655,37.77826],[-5.90635,37.77902],[-5.9065,37.77932],[-5.90828,37.77997],[-5.90751,37.78067],[-5.9076,37.78123],[-5.90928,37.78132],[-5.91018,37.78175],[-5.91496,37.7821],[-5.9158,37.78235],[-5.91605,37.78261],[-5.91586,37.78291],[-5.91476,37.78299],[-5.91458,37.78335],[-5.91594,37.78492],[-5.91598,37.78632],[-5.91621,37.78669],[-5.91755,37.78739],[-5.91845,37.78718],[-5.92001,37.78531],[-5.92238,37.7831],[-5.92266,37.7832],[-5.92278,37.7836],[-5.92318,37.7837],[-5.92598,37.78234],[-5.93019,37.78194],[-5.9323,37.78284],[-5.93272,37.78343],[-5.93264,37.78449],[-5.93221,37.78567],[-5.93145,37.78668],[-5.93163,37.7847],[-5.93148,37.78363],[-5.93075,37.78315],[-5.9298,37.78298],[-5.92756,37.78367],[-5.92177,37.78615],[-5.92058,37.7871],[-5.91987,37.78853],[-5.92013,37.78937],[-5.92095,37.79016],[-5.92092,37.79045],[-5.9202,37.79101],[-5.92018,37.79136],[-5.92228,37.79152],[-5.92349,37.79266],[-5.92526,37.79501],[-5.925,37.79606],[-5.92678,37.79678],[-5.92727,37.79748],[-5.92753,37.79908],[-5.92776,37.79924],[-5.92843,37.79903],[-5.92907,37.80022],[-5.92901,37.8006],[-5.92815,37.80023],[-5.92727,37.80036],[-5.92629,37.79941],[-5.92314,37.79854],[-5.92165,37.79704],[-5.92167,37.79662],[-5.92225,37.79581],[-5.92209,37.795],[-5.9209,37.79411],[-5.92,37.79398],[-5.91967,37.79419],[-5.91936,37.79607],[-5.91969,37.79679],[-5.92059,37.7969],[-5.92111,37.79748],[-5.92126,37.79839],[-5.9221,37.79899],[-5.92194,37.79969],[-5.92317,37.8013],[-5.92289,37.80153],[-5.9225,37.80095],[-5.92199,37.80072],[-5.9213,37.80091],[-5.92091,37.8014],[-5.92125,37.80269],[-5.92041,37.80366],[-5.92066,37.80382],[-5.92182,37.80322],[-5.92273,37.8041],[-5.92241,37.80463],[-5.92123,37.80497],[-5.92104,37.80526],[-5.92154,37.80547],[-5.92277,37.805],[-5.92329,37.80537],[-5.92301,37.80571],[-5.92129,37.80628],[-5.92197,37.80683],[-5.92152,37.80773],[-5.92207,37.8078],[-5.92297,37.8071],[-5.92376,37.80693],[-5.92478,37.80606],[-5.92496,37.80525],[-5.92634,37.80418],[-5.92613,37.80354],[-5.92711,37.80179],[-5.92764,37.80173],[-5.92798,37.80273],[-5.92931,37.80266],[-5.92929,37.80333],[-5.92976,37.80472],[-5.92926,37.80714],[-5.92941,37.8081],[-5.93099,37.80948],[-5.93293,37.80998],[-5.93254,37.8105],[-5.93105,37.81116],[-5.93128,37.8117],[-5.93115,37.81189],[-5.93005,37.81126],[-5.92896,37.81148],[-5.92767,37.81047],[-5.92704,37.81043],[-5.92683,37.81064],[-5.92787,37.81191],[-5.92844,37.81369],[-5.92883,37.81409],[-5.93296,37.81399],[-5.93242,37.8145],[-5.93032,37.8151],[-5.93009,37.81533],[-5.93015,37.81574],[-5.93136,37.81594],[-5.9323,37.81639],[-5.9328,37.81616],[-5.93281,37.81545],[-5.93317,37.81545],[-5.9337,37.81608],[-5.93397,37.81708],[-5.93491,37.81731],[-5.93589,37.8181],[-5.93727,37.81858],[-5.93752,37.81936],[-5.93725,37.8196],[-5.93605,37.81943],[-5.93542,37.8189],[-5.93502,37.81886],[-5.93473,37.81925],[-5.9349,37.82016],[-5.93401,37.81902],[-5.93268,37.81919],[-5.93277,37.8186],[-5.9325,37.81814],[-5.93126,37.8189],[-5.93136,37.81804],[-5.93064,37.81733],[-5.92921,37.81726],[-5.92679,37.81768],[-5.92619,37.81801],[-5.92578,37.81862],[-5.92594,37.81982],[-5.93084,37.82144],[-5.93159,37.82237],[-5.93169,37.82339],[-5.93133,37.82346],[-5.92972,37.82254],[-5.92887,37.82255],[-5.9276,37.82202],[-5.92706,37.82224],[-5.92688,37.8226],[-5.92789,37.82309],[-5.92845,37.82412],[-5.92836,37.82456],[-5.92624,37.82374],[-5.92106,37.82331],[-5.9206,37.82373],[-5.92137,37.82484],[-5.92143,37.82527],[-5.92025,37.8253],[-5.92018,37.82554],[-5.92192,37.82683],[-5.92271,37.82781],[-5.92473,37.82927],[-5.92516,37.8304],[-5.92719,37.83115],[-5.93051,37.83109],[-5.93166,37.8306],[-5.93276,37.8297],[-5.93301,37.82933],[-5.93291,37.82893],[-5.93191,37.82793],[-5.93313,37.82792],[-5.93397,37.82715],[-5.93415,37.8265],[-5.93329,37.8254],[-5.93355,37.82516],[-5.9349,37.82593],[-5.93598,37.82564],[-5.93679,37.82484],[-5.93791,37.82489],[-5.93819,37.82539],[-5.93698,37.82605],[-5.93699,37.82694],[-5.93763,37.82722],[-5.93881,37.82719],[-5.93958,37.82804],[-5.94259,37.8285],[-5.94082,37.82912],[-5.93958,37.82893],[-5.93849,37.8292],[-5.93749,37.83002],[-5.93746,37.83035],[-5.93795,37.83076],[-5.93767,37.83094],[-5.93625,37.83086],[-5.93507,37.83046],[-5.93303,37.83067],[-5.93198,37.83168],[-5.93206,37.83256],[-5.93116,37.8324],[-5.93006,37.83269],[-5.92841,37.83207],[-5.92834,37.83252],[-5.9295,37.83386],[-5.92941,37.83424],[-5.92849,37.83387],[-5.92698,37.83225],[-5.9262,37.83278],[-5.92626,37.83359],[-5.92608,37.83393],[-5.92573,37.83396],[-5.92529,37.83257],[-5.92472,37.83197],[-5.92428,37.83194],[-5.9239,37.83231],[-5.92401,37.83485],[-5.92447,37.83604],[-5.92416,37.83732],[-5.92446,37.83805],[-5.92521,37.83877],[-5.92662,37.83953],[-5.92769,37.83963],[-5.92942,37.8392],[-5.93057,37.83939],[-5.93559,37.84338],[-5.93581,37.84396],[-5.93509,37.84517],[-5.93587,37.84639],[-5.9377,37.84756],[-5.94013,37.84809],[-5.94195,37.84878],[-5.94315,37.84994],[-5.94466,37.85045],[-5.94582,37.85207],[-5.94501,37.85205],[-5.94344,37.85095],[-5.94277,37.85078],[-5.94146,37.85088],[-5.93774,37.85296],[-5.93587,37.85525],[-5.93285,37.8572],[-5.92935,37.86052],[-5.92848,37.86071],[-5.92757,37.86054],[-5.92749,37.86085],[-5.9282,37.86197],[-5.9308,37.86439],[-5.93082,37.86487],[-5.93017,37.86482],[-5.92796,37.86285],[-5.927,37.86145],[-5.9268,37.86022],[-5.92736,37.8599],[-5.92867,37.86013],[-5.93026,37.85905],[-5.93303,37.85607],[-5.93483,37.85498],[-5.93577,37.85395],[-5.93593,37.85318],[-5.94088,37.84974],[-5.94106,37.84931],[-5.93644,37.84855],[-5.93445,37.84754],[-5.93314,37.84602],[-5.93279,37.84469],[-5.93263,37.84259],[-5.93196,37.84194],[-5.93097,37.84171],[-5.92978,37.84215],[-5.92895,37.84163],[-5.92607,37.84095],[-5.92434,37.84134],[-5.92405,37.84122],[-5.92436,37.84052],[-5.92299,37.83914],[-5.92237,37.83801],[-5.92249,37.83632],[-5.92166,37.83343],[-5.92159,37.83264],[-5.92185,37.83139],[-5.92158,37.83025],[-5.92021,37.82868],[-5.919,37.82883],[-5.91927,37.82797],[-5.9185,37.82762],[-5.91743,37.82657],[-5.91604,37.82632],[-5.91317,37.8269],[-5.91229,37.82733],[-5.91174,37.82647],[-5.9104,37.82632],[-5.90831,37.82736],[-5.90981,37.82586],[-5.90888,37.82397],[-5.90884,37.82193],[-5.9084,37.82152],[-5.90639,37.82066],[-5.90717,37.82056],[-5.90985,37.82168],[-5.91017,37.82226],[-5.90971,37.82327],[-5.9099,37.82388],[-5.91143,37.82472],[-5.91304,37.825],[-5.91418,37.82469],[-5.91506,37.824],[-5.91511,37.82254],[-5.91566,37.82368],[-5.91602,37.82371],[-5.91649,37.82336],[-5.91666,37.82286],[-5.91607,37.82184],[-5.91711,37.82217],[-5.91765,37.82202],[-5.91729,37.82076],[-5.91738,37.82015],[-5.91587,37.81924],[-5.9128,37.81647],[-5.91303,37.81563],[-5.91269,37.8149],[-5.91291,37.81401],[-5.91229,37.81344],[-5.91268,37.81253],[-5.91264,37.81205],[-5.91249,37.81194],[-5.91143,37.81309],[-5.91107,37.81306],[-5.91199,37.81153],[-5.91148,37.81157],[-5.91055,37.81272],[-5.91012,37.81288],[-5.90902,37.81194],[-5.9086,37.81122],[-5.90788,37.81096],[-5.90723,37.80955],[-5.90661,37.80918],[-5.90558,37.80955],[-5.90439,37.80929],[-5.90289,37.8103],[-5.90173,37.81039],[-5.90306,37.80936],[-5.90355,37.80803],[-5.90258,37.80671],[-5.90197,37.80531],[-5.90105,37.80508],[-5.90198,37.80452],[-5.90199,37.80401],[-5.9012,37.8036],[-5.89971,37.8041],[-5.89892,37.80307],[-5.89893,37.80266],[-5.89993,37.80263],[-5.90007,37.80215],[-5.8996,37.80186],[-5.89854,37.80192],[-5.89849,37.80166],[-5.90006,37.80062],[-5.90014,37.80009],[-5.89962,37.79995],[-5.89843,37.80052],[-5.89765,37.80035],[-5.89752,37.80016],[-5.89786,37.79955],[-5.8978,37.79918],[-5.89665,37.79934],[-5.89617,37.7991],[-5.89754,37.79864],[-5.89754,37.79827],[-5.89681,37.79781],[-5.89833,37.79794],[-5.89856,37.79763],[-5.8965,37.79666],[-5.89555,37.79668],[-5.89515,37.79647],[-5.89813,37.79614],[-5.89883,37.79528],[-5.90013,37.7949],[-5.90112,37.795],[-5.90121,37.79371],[-5.90231,37.79384],[-5.90321,37.7935],[-5.90355,37.79293],[-5.90339,37.79239],[-5.90249,37.79221],[-5.90011,37.79298],[-5.89982,37.79283],[-5.90001,37.79198],[-5.89961,37.79151],[-5.89845,37.79144],[-5.89767,37.79089],[-5.89671,37.79076],[-5.89586,37.79021],[-5.89445,37.79055],[-5.89366,37.79046],[-5.89337,37.78968],[-5.89222,37.78933],[-5.89171,37.78833],[-5.89265,37.78666],[-5.8924,37.78615],[-5.89095,37.78656],[-5.89059,37.78613],[-5.89015,37.78615],[-5.88932,37.78717],[-5.88902,37.78709],[-5.88941,37.78618],[-5.88914,37.78585],[-5.88819,37.78664],[-5.88642,37.78693],[-5.88585,37.78679],[-5.88576,37.7864],[-5.88609,37.7855],[-5.88512,37.78493],[-5.8874,37.78375],[-5.88866,37.78227],[-5.8888,37.7817],[-5.88782,37.78171],[-5.88671,37.78108],[-5.88643,37.78018],[-5.88558,37.77958],[-5.88494,37.77851],[-5.88348,37.77817],[-5.882,37.77838],[-5.88223,37.77724],[-5.88291,37.77649],[-5.88352,37.77634],[-5.88555,37.77714],[-5.88556,37.77673],[-5.88445,37.77596],[-5.88461,37.77555],[-5.88756,37.77657],[-5.89016,37.77667],[-5.89105,37.77601],[-5.89125,37.77515],[-5.89035,37.77415],[-5.89011,37.77306],[-5.88976,37.77282],[-5.88866,37.77348],[-5.88494,37.77362],[-5.88345,37.77405],[-5.88275,37.77402],[-5.88193,37.77349],[-5.88199,37.77283],[-5.88319,37.77169],[-5.8831,37.77118],[-5.88243,37.77046],[-5.88236,37.77005],[-5.88306,37.76922],[-5.88319,37.76835],[-5.88387,37.76779],[-5.88355,37.7669],[-5.88552,37.7673],[-5.88628,37.76707],[-5.88619,37.76679],[-5.88455,37.76635],[-5.88481,37.76479],[-5.88461,37.76419],[-5.88294,37.76396],[-5.88242,37.76281],[-5.88151,37.76181],[-5.88104,37.76175],[-5.88034,37.76224],[-5.88063,37.7634],[-5.88048,37.76391],[-5.8799,37.7639],[-5.87912,37.76331],[-5.87816,37.76341],[-5.87761,37.7645],[-5.8766,37.76497],[-5.87674,37.76613],[-5.87651,37.76653],[-5.87474,37.76707],[-5.8734,37.76611],[-5.87273,37.76619],[-5.8726,37.76645],[-5.87281,37.76684],[-5.87405,37.76752],[-5.87297,37.76821],[-5.87359,37.77013],[-5.8739,37.77042],[-5.87444,37.77045],[-5.87502,37.77003],[-5.87554,37.76883],[-5.87682,37.76889],[-5.87754,37.7694],[-5.87733,37.76974],[-5.8762,37.77012],[-5.8749,37.77111],[-5.87517,37.77125],[-5.87646,37.77095],[-5.87701,37.77117],[-5.87695,37.77166],[-5.87614,37.77204],[-5.87573,37.77269],[-5.87716,37.7728],[-5.87717,37.77307],[-5.87653,37.77353],[-5.87674,37.77388],[-5.87852,37.77406],[-5.8788,37.77556],[-5.87806,37.77563],[-5.87681,37.77483],[-5.87692,37.77689],[-5.87552,37.77557],[-5.8748,37.77619],[-5.87446,37.77622],[-5.87432,37.77534],[-5.87371,37.77516],[-5.87321,37.77554],[-5.87272,37.77655],[-5.87236,37.77674],[-5.8718,37.77586],[-5.87248,37.77358],[-5.87153,37.77421],[-5.87089,37.77423],[-5.87157,37.77357],[-5.87194,37.77278],[-5.87122,37.7719],[-5.87233,37.77157],[-5.8723,37.77064],[-5.87185,37.77032],[-5.87037,37.77037],[-5.86896,37.76947],[-5.87045,37.76916],[-5.87124,37.76816],[-5.8712,37.76763],[-5.86984,37.76606],[-5.86934,37.76342],[-5.86821,37.76331],[-5.8679,37.76368],[-5.86801,37.76429],[-5.86597,37.76405],[-5.86568,37.76436],[-5.86587,37.76515],[-5.86477,37.76548],[-5.86446,37.76544],[-5.86341,37.76425],[-5.86298,37.76442],[-5.86304,37.76482],[-5.86282,37.76512],[-5.86226,37.76447],[-5.86127,37.76421],[-5.86209,37.76354],[-5.8646,37.76315],[-5.86485,37.76283],[-5.86457,37.76261],[-5.86296,37.76247],[-5.86108,37.76341],[-5.85977,37.76364],[-5.86117,37.76235],[-5.86104,37.76197],[-5.86028,37.76147],[-5.86043,37.76117],[-5.86139,37.76104],[-5.86244,37.76144],[-5.86314,37.76121],[-5.86334,37.76092],[-5.86222,37.76027],[-5.86198,37.75975],[-5.86358,37.75967],[-5.86381,37.7592],[-5.86272,37.7589],[-5.86074,37.75947],[-5.86002,37.75941],[-5.85974,37.75917],[-5.86227,37.75844],[-5.86262,37.75795],[-5.86032,37.75824],[-5.85921,37.75803],[-5.85894,37.75777],[-5.86109,37.75713],[-5.8611,37.75678],[-5.86034,37.7567],[-5.86012,37.75638],[-5.86041,37.75414],[-5.86084,37.75407],[-5.86161,37.75478],[-5.86301,37.75421],[-5.86329,37.75369],[-5.8617,37.7522],[-5.86171,37.7519],[-5.86228,37.75133],[-5.86216,37.75102],[-5.86152,37.75097],[-5.861,37.7515],[-5.86027,37.75066],[-5.85936,37.75059],[-5.85866,37.75025],[-5.85947,37.7521],[-5.8591,37.75261],[-5.85859,37.75274],[-5.85823,37.75181],[-5.85664,37.75097],[-5.85616,37.75046],[-5.85617,37.7492],[-5.85819,37.74756],[-5.8586,37.74567],[-5.85829,37.74519],[-5.85783,37.74537],[-5.85784,37.74627],[-5.85749,37.74645],[-5.85603,37.74599],[-5.85562,37.74451],[-5.85614,37.7438],[-5.85632,37.74272],[-5.85569,37.74142],[-5.85518,37.74123],[-5.85393,37.74166],[-5.85385,37.74195],[-5.85429,37.74257],[-5.854,37.74312],[-5.85333,37.74363],[-5.85289,37.74253],[-5.85306,37.74088],[-5.8528,37.74067],[-5.85223,37.74131],[-5.85211,37.74195],[-5.85126,37.74227],[-5.85052,37.7433],[-5.8496,37.74391],[-5.84954,37.74366],[-5.85065,37.74169],[-5.8506,37.74145],[-5.84789,37.74257],[-5.84768,37.74182],[-5.84723,37.74183],[-5.84621,37.74243],[-5.8462,37.74159],[-5.8453,37.74169],[-5.84414,37.74242],[-5.84475,37.74342],[-5.84443,37.74454],[-5.84457,37.74548],[-5.84431,37.7454],[-5.84332,37.74319],[-5.84337,37.74216],[-5.84481,37.741],[-5.8466,37.74062],[-5.84807,37.74108],[-5.84942,37.7406],[-5.84946,37.74027],[-5.84819,37.73914],[-5.84849,37.73905],[-5.84908,37.73935],[-5.84992,37.73839],[-5.84892,37.73788],[-5.8494,37.73723],[-5.84906,37.7365],[-5.84941,37.73569],[-5.84804,37.73504],[-5.84754,37.73433],[-5.84632,37.73431],[-5.84545,37.73537],[-5.84381,37.73529],[-5.84363,37.73567],[-5.84391,37.73613],[-5.84383,37.7364],[-5.84286,37.73568],[-5.84171,37.73603],[-5.84109,37.73585],[-5.84234,37.73495],[-5.84333,37.73376],[-5.8412,37.73287],[-5.841,37.73215],[-5.84141,37.73187],[-5.84181,37.73246],[-5.84264,37.73247],[-5.84336,37.73206],[-5.84341,37.73155],[-5.8421,37.72955],[-5.84209,37.7278],[-5.841,37.72709],[-5.84075,37.7261],[-5.83967,37.72581],[-5.83983,37.72469],[-5.83832,37.72434],[-5.83876,37.7226],[-5.83833,37.72183],[-5.83848,37.72136],[-5.83824,37.72078],[-5.83857,37.72062],[-5.83917,37.72093],[-5.83947,37.72081],[-5.83947,37.72033],[-5.83889,37.71953],[-5.83883,37.71892],[-5.83901,37.7183],[-5.83994,37.71716],[-5.84061,37.71683],[-5.84203,37.71695],[-5.84213,37.71669],[-5.84068,37.71644],[-5.84068,37.71563],[-5.8403,37.71549],[-5.83973,37.71592],[-5.83881,37.71784],[-5.83831,37.71804],[-5.8367,37.71797],[-5.83625,37.71781],[-5.83595,37.71722],[-5.83469,37.71766],[-5.83349,37.71688],[-5.83444,37.71504],[-5.83454,37.71424],[-5.83405,37.71412],[-5.83374,37.71514],[-5.83266,37.715],[-5.83133,37.71367],[-5.83094,37.71219],[-5.83013,37.71068],[-5.82823,37.7089],[-5.82804,37.70719],[-5.82712,37.7064],[-5.82633,37.70637],[-5.82571,37.70574],[-5.82474,37.70563],[-5.82497,37.7052],[-5.82648,37.70452],[-5.82668,37.70399],[-5.82645,37.70347],[-5.82581,37.70302],[-5.82415,37.70264],[-5.82233,37.70162],[-5.8211,37.70007],[-5.81986,37.69948],[-5.81979,37.69895],[-5.8202,37.69803],[-5.81875,37.69639],[-5.81841,37.69551],[-5.81782,37.69516],[-5.81648,37.69531],[-5.81648,37.69443],[-5.81714,37.69352],[-5.81718,37.69299],[-5.81611,37.69281],[-5.81558,37.6923],[-5.81745,37.69011],[-5.81748,37.6897],[-5.81672,37.68897],[-5.81536,37.68919],[-5.81484,37.68887],[-5.81523,37.68796],[-5.8148,37.68574],[-5.8127,37.68457],[-5.81132,37.68265],[-5.81087,37.68261],[-5.81052,37.68287],[-5.81138,37.68426],[-5.81038,37.6839],[-5.80964,37.6829],[-5.80877,37.6837],[-5.80869,37.68264],[-5.80738,37.68298],[-5.8072,37.68287],[-5.80736,37.6822],[-5.8072,37.68193],[-5.80692,37.6821],[-5.8067,37.68276],[-5.80579,37.68227],[-5.80518,37.68249],[-5.80492,37.68293],[-5.80515,37.68372],[-5.80546,37.68398],[-5.8082,37.68443],[-5.80826,37.68476],[-5.80774,37.6853],[-5.80787,37.68561],[-5.80984,37.68545],[-5.80955,37.68598],[-5.80987,37.68632],[-5.80882,37.68723],[-5.80901,37.68794],[-5.80987,37.68799],[-5.81123,37.68856],[-5.81412,37.68823],[-5.81277,37.68916],[-5.81107,37.68931],[-5.81064,37.68997],[-5.81092,37.69041],[-5.81184,37.69057],[-5.81194,37.69131],[-5.81302,37.69136],[-5.81343,37.69197],[-5.81443,37.69227],[-5.81396,37.69314],[-5.81279,37.69304],[-5.81246,37.69236],[-5.81116,37.69187],[-5.81077,37.69143],[-5.8103,37.69146],[-5.81017,37.69173],[-5.81027,37.69256],[-5.811,37.69355],[-5.81075,37.69457],[-5.81256,37.69528],[-5.81281,37.69572],[-5.81067,37.69563],[-5.81065,37.69607],[-5.81174,37.69658],[-5.81189,37.69691],[-5.81051,37.69728],[-5.8101,37.69658],[-5.80969,37.69644],[-5.80921,37.69667],[-5.80918,37.69729],[-5.80974,37.69805],[-5.81038,37.6984],[-5.81287,37.6987],[-5.81423,37.69945],[-5.8155,37.69983],[-5.81557,37.70008],[-5.8145,37.70061],[-5.81466,37.70142],[-5.81653,37.70237],[-5.81626,37.70347],[-5.81715,37.7043],[-5.81778,37.70603],[-5.81926,37.70774],[-5.81918,37.70876],[-5.81957,37.70958],[-5.82145,37.7099],[-5.81964,37.71032],[-5.81925,37.71083],[-5.81898,37.71071],[-5.81891,37.71013],[-5.81853,37.70962],[-5.81851,37.70841],[-5.81702,37.70611],[-5.81652,37.70585],[-5.81554,37.70579],[-5.81602,37.70534],[-5.816,37.70495],[-5.81512,37.70481],[-5.815,37.70392],[-5.81466,37.70355],[-5.81364,37.70372],[-5.81314,37.70353],[-5.81372,37.70325],[-5.81389,37.70285],[-5.81289,37.70215],[-5.8128,37.70055],[-5.8126,37.70025],[-5.81147,37.69994],[-5.81112,37.70015],[-5.81071,37.70092],[-5.81051,37.69993],[-5.80997,37.6998],[-5.80794,37.70186],[-5.80778,37.70164],[-5.8083,37.70031],[-5.80665,37.7002],[-5.80813,37.69945],[-5.80761,37.69879],[-5.80668,37.69879],[-5.80761,37.69804],[-5.8076,37.69743],[-5.8061,37.69789],[-5.80586,37.69775],[-5.80612,37.69737],[-5.80704,37.69691],[-5.80726,37.69618],[-5.80686,37.69596],[-5.80533,37.69631],[-5.80474,37.6959],[-5.80661,37.69534],[-5.80755,37.69428],[-5.8076,37.69297],[-5.80602,37.69289],[-5.80692,37.69188],[-5.80709,37.69083],[-5.80677,37.69083],[-5.80596,37.69165],[-5.80548,37.69282],[-5.80486,37.69348],[-5.80162,37.69501],[-5.80098,37.69587],[-5.8001,37.69467],[-5.80117,37.69459],[-5.80159,37.69429],[-5.80176,37.69373],[-5.80298,37.69367],[-5.80388,37.69308],[-5.80388,37.69268],[-5.80234,37.69279],[-5.80181,37.69241],[-5.80204,37.69211],[-5.8031,37.69227],[-5.80385,37.6921],[-5.80416,37.69185],[-5.80412,37.69138],[-5.80454,37.691],[-5.80457,37.69041],[-5.80593,37.68991],[-5.80632,37.68736],[-5.80509,37.68766],[-5.8046,37.68722],[-5.80473,37.68666],[-5.80404,37.68658],[-5.80368,37.68693],[-5.80415,37.6878],[-5.80415,37.68828],[-5.8032,37.68899],[-5.80296,37.68881],[-5.80349,37.68814],[-5.80326,37.68781],[-5.80209,37.68775],[-5.80135,37.68717],[-5.80052,37.68691],[-5.79954,37.68568],[-5.79919,37.68567],[-5.79888,37.68604],[-5.79885,37.68657],[-5.79962,37.68728],[-5.79981,37.68783],[-5.7994,37.68828],[-5.79939,37.68919],[-5.79908,37.68924],[-5.79872,37.68856],[-5.79832,37.68884],[-5.79893,37.69159],[-5.79862,37.6919],[-5.79803,37.69183],[-5.79672,37.69044],[-5.79694,37.68995],[-5.79677,37.68955],[-5.79575,37.68926],[-5.79562,37.68861],[-5.79507,37.68824],[-5.79489,37.68666],[-5.79455,37.68622],[-5.79438,37.68533],[-5.79235,37.68565],[-5.79198,37.6852],[-5.79254,37.68422],[-5.79137,37.68373],[-5.79047,37.68405],[-5.79012,37.68396],[-5.78956,37.68338],[-5.78907,37.68125],[-5.78846,37.68031],[-5.78804,37.68041],[-5.78803,37.68172],[-5.78832,37.68289],[-5.78805,37.68346],[-5.78769,37.68319],[-5.78688,37.68152],[-5.78665,37.68135],[-5.78603,37.68151],[-5.78575,37.6813],[-5.78568,37.67981],[-5.78532,37.67978],[-5.78474,37.68046],[-5.78423,37.68066],[-5.78473,37.67937],[-5.78435,37.67823],[-5.7848,37.67745],[-5.78444,37.6768],[-5.78471,37.676],[-5.78417,37.67492],[-5.78347,37.67421],[-5.78421,37.67373],[-5.78233,37.67286],[-5.78225,37.67253],[-5.78279,37.672],[-5.78258,37.67162],[-5.78144,37.67143],[-5.78159,37.67111],[-5.78295,37.6706],[-5.78469,37.67049],[-5.78376,37.6693],[-5.78285,37.66865],[-5.78212,37.6686],[-5.78156,37.66953],[-5.78017,37.67049],[-5.7799,37.67029],[-5.77953,37.6691],[-5.77851,37.66944],[-5.77876,37.66791],[-5.77816,37.66764],[-5.77755,37.66831],[-5.7765,37.66824],[-5.77564,37.66878],[-5.77462,37.66859],[-5.77381,37.66979],[-5.77293,37.66951],[-5.77277,37.67004],[-5.77329,37.67051],[-5.77559,37.66996],[-5.7765,37.67018],[-5.77727,37.67074],[-5.77687,37.6728],[-5.7761,37.67267],[-5.77506,37.67205],[-5.77452,37.67205],[-5.77429,37.67225],[-5.77396,37.67385],[-5.7742,37.67413],[-5.775,37.67429],[-5.77534,37.67502],[-5.77612,37.67577],[-5.77782,37.67657],[-5.7755,37.67642],[-5.7747,37.67563],[-5.77413,37.67543],[-5.77388,37.67573],[-5.77402,37.67638],[-5.77374,37.67654],[-5.76965,37.67553],[-5.76937,37.67602],[-5.77088,37.67778],[-5.77384,37.67938],[-5.77463,37.68063],[-5.77416,37.68087],[-5.77258,37.67998],[-5.77187,37.68032],[-5.77185,37.68067],[-5.77271,37.68133],[-5.77169,37.68238],[-5.77198,37.6838],[-5.7745,37.68509],[-5.77525,37.68649],[-5.77587,37.68657],[-5.77643,37.6861],[-5.77698,37.68606],[-5.7764,37.68673],[-5.77627,37.68737],[-5.77386,37.68719],[-5.77353,37.68734],[-5.7735,37.68759],[-5.77386,37.68791],[-5.77699,37.68915],[-5.7756,37.68963],[-5.77572,37.69008],[-5.77668,37.69034],[-5.77695,37.69063],[-5.77645,37.69083],[-5.77538,37.69075],[-5.7753,37.69096],[-5.77595,37.69135],[-5.77505,37.69175],[-5.77493,37.69249],[-5.77705,37.69231],[-5.77751,37.69286],[-5.77875,37.69291],[-5.77962,37.69197],[-5.78009,37.6919],[-5.77976,37.69293],[-5.78005,37.69341],[-5.77968,37.69374],[-5.7796,37.69441],[-5.78057,37.69555],[-5.77901,37.6954],[-5.77813,37.696],[-5.77831,37.69656],[-5.77908,37.69716],[-5.78027,37.69699],[-5.77928,37.69756],[-5.77875,37.69752],[-5.77748,37.6968],[-5.77593,37.69702],[-5.775,37.69819],[-5.77401,37.70011],[-5.77238,37.70128],[-5.7722,37.70194],[-5.77262,37.7027],[-5.77426,37.70381],[-5.77614,37.70339],[-5.7778,37.70168],[-5.77892,37.70163],[-5.77957,37.70213],[-5.77937,37.70278],[-5.77789,37.70373],[-5.77759,37.70432],[-5.77796,37.70478],[-5.77916,37.70474],[-5.77971,37.70555],[-5.7797,37.70605],[-5.77922,37.7064],[-5.77716,37.70702],[-5.77581,37.70828],[-5.77489,37.71],[-5.77435,37.71034],[-5.77317,37.71055],[-5.77465,37.70951],[-5.77581,37.70745],[-5.77648,37.70681],[-5.77891,37.70605],[-5.77913,37.70572],[-5.77896,37.70533],[-5.77731,37.70498],[-5.777,37.70369],[-5.77526,37.70453],[-5.77426,37.70473],[-5.77381,37.70453],[-5.77329,37.70381],[-5.77139,37.7026],[-5.77098,37.70245],[-5.76945,37.7028],[-5.77086,37.7022],[-5.7713,37.70137],[-5.7735,37.69894],[-5.7736,37.69845],[-5.77318,37.69806],[-5.77393,37.6979],[-5.77464,37.69727],[-5.7767,37.69446],[-5.77653,37.69414],[-5.77617,37.69408],[-5.77473,37.69454],[-5.7744,37.69416],[-5.773,37.69373],[-5.77384,37.69325],[-5.77307,37.69145],[-5.77315,37.69077],[-5.77261,37.69023],[-5.77293,37.68992],[-5.77289,37.6896],[-5.77216,37.68915],[-5.77147,37.68919],[-5.77126,37.68843],[-5.77039,37.68816],[-5.76984,37.68764],[-5.76949,37.68762],[-5.76902,37.68819],[-5.76827,37.68684],[-5.76855,37.68641],[-5.76907,37.68671],[-5.76975,37.68673],[-5.76976,37.68585],[-5.77126,37.68691],[-5.77314,37.68627],[-5.77336,37.68589],[-5.77239,37.68533],[-5.77076,37.68484],[-5.77059,37.68328],[-5.77024,37.68236],[-5.7699,37.68228],[-5.76958,37.68298],[-5.769,37.68294],[-5.76842,37.68196],[-5.7683,37.68235],[-5.76889,37.68378],[-5.76886,37.68459],[-5.76842,37.68464],[-5.76766,37.68361],[-5.76771,37.68438],[-5.76739,37.68434],[-5.76703,37.68366],[-5.76712,37.68299],[-5.7667,37.68299],[-5.76598,37.68677],[-5.7645,37.68809],[-5.7644,37.68769],[-5.76541,37.68624],[-5.76525,37.68395],[-5.76501,37.68385],[-5.76373,37.68461],[-5.76315,37.6844],[-5.76256,37.68456],[-5.76299,37.68405],[-5.76409,37.68407],[-5.76529,37.68241],[-5.76604,37.68204],[-5.7661,37.68172],[-5.76569,37.68158],[-5.76309,37.68264],[-5.76024,37.68279],[-5.75962,37.68396],[-5.75754,37.68429],[-5.75679,37.68417],[-5.75927,37.68343],[-5.75924,37.68255],[-5.7582,37.68239],[-5.75828,37.68222],[-5.76147,37.68203],[-5.76253,37.68116],[-5.76394,37.68108],[-5.76488,37.68074],[-5.76502,37.68019],[-5.76363,37.67973],[-5.76335,37.67923],[-5.76211,37.67868],[-5.76081,37.67917],[-5.76141,37.67862],[-5.7601,37.67851],[-5.76019,37.67816],[-5.76113,37.67825],[-5.7604,37.67757],[-5.76069,37.67653],[-5.76054,37.67549],[-5.75975,37.67492],[-5.75903,37.67386],[-5.7569,37.67216],[-5.75679,37.67176],[-5.75728,37.67122],[-5.75728,37.67077],[-5.7562,37.66998],[-5.75527,37.66889],[-5.75453,37.66903],[-5.75419,37.66954],[-5.75342,37.66922],[-5.75309,37.66995],[-5.75217,37.67032],[-5.75219,37.67061],[-5.75309,37.67141],[-5.75279,37.67178],[-5.75233,37.67189],[-5.75176,37.67098],[-5.75131,37.67099],[-5.75157,37.67155],[-5.75113,37.67195],[-5.75137,37.67296],[-5.75056,37.67216],[-5.7501,37.67261],[-5.75051,37.67397],[-5.7504,37.6742],[-5.75004,37.67413],[-5.74922,37.67276],[-5.74829,37.67354],[-5.74764,37.67375],[-5.74823,37.67277],[-5.74797,37.67224],[-5.74894,37.67183],[-5.74935,37.67127],[-5.74915,37.67065],[-5.74843,37.67022],[-5.7498,37.66956],[-5.74968,37.6693],[-5.74884,37.66917],[-5.74876,37.66892],[-5.75111,37.66709],[-5.75012,37.66612],[-5.74976,37.66612],[-5.74968,37.66672],[-5.7499,37.66716],[-5.74972,37.66744],[-5.74894,37.66739],[-5.74801,37.66836],[-5.74731,37.66845],[-5.74682,37.66894],[-5.74617,37.66883],[-5.74697,37.66768],[-5.74802,37.66693],[-5.74774,37.66609],[-5.74793,37.66468],[-5.74761,37.66447],[-5.7468,37.66473],[-5.74649,37.66424],[-5.74662,37.66381],[-5.74772,37.66333],[-5.74772,37.66274],[-5.74718,37.6626],[-5.74625,37.66289],[-5.7452,37.66421],[-5.7438,37.66372],[-5.74319,37.66388],[-5.74345,37.66457],[-5.74262,37.66519],[-5.74329,37.666],[-5.74425,37.66636],[-5.74416,37.66674],[-5.74347,37.66681],[-5.7428,37.66643],[-5.74237,37.66687],[-5.74066,37.66675],[-5.74037,37.66699],[-5.74123,37.6675],[-5.74133,37.66787],[-5.74025,37.66754],[-5.7396,37.66808],[-5.73877,37.6679],[-5.73956,37.66639],[-5.7385,37.66635],[-5.7397,37.66562],[-5.73888,37.66519],[-5.7392,37.66464],[-5.7391,37.66382],[-5.73953,37.66345],[-5.73956,37.66308],[-5.73919,37.66308],[-5.73755,37.66436],[-5.73607,37.66383],[-5.73531,37.66394],[-5.73522,37.66411],[-5.73561,37.66461],[-5.73762,37.66525],[-5.7377,37.66572],[-5.73725,37.66621],[-5.73727,37.66688],[-5.7377,37.66756],[-5.73755,37.66812],[-5.73815,37.6687],[-5.73924,37.66882],[-5.73929,37.66919],[-5.73852,37.66956],[-5.73925,37.67023],[-5.73841,37.67029],[-5.73795,37.67072],[-5.73786,37.66986],[-5.73762,37.66969],[-5.73691,37.66992],[-5.73618,37.67053],[-5.73537,37.67029],[-5.73479,37.67063],[-5.73515,37.67107],[-5.73512,37.6714],[-5.7344,37.6716],[-5.73207,37.67093],[-5.73154,37.6714],[-5.73178,37.67205],[-5.73093,37.67278],[-5.73171,37.67281],[-5.73369,37.67203],[-5.73475,37.6726],[-5.73592,37.67253],[-5.73753,37.67351],[-5.73755,37.67381],[-5.7373,37.67397],[-5.73569,37.67434],[-5.73456,37.67502],[-5.73477,37.6755],[-5.73568,37.67607],[-5.73562,37.67654],[-5.7359,37.67681],[-5.73532,37.67737],[-5.73586,37.67776],[-5.73477,37.6779],[-5.73465,37.6781],[-5.73554,37.6787],[-5.7352,37.67931],[-5.73538,37.67954],[-5.73636,37.67969],[-5.73698,37.67897],[-5.73837,37.67949],[-5.73857,37.67981],[-5.7369,37.6805],[-5.73591,37.68013],[-5.73432,37.68024],[-5.7336,37.67968],[-5.7333,37.67989],[-5.73357,37.68103],[-5.73265,37.67995],[-5.73228,37.68007],[-5.73273,37.68066],[-5.7327,37.68099],[-5.73243,37.6811],[-5.73127,37.68091],[-5.72994,37.67964],[-5.72935,37.67953],[-5.72881,37.68049],[-5.72956,37.68103],[-5.72883,37.68196],[-5.72949,37.68241],[-5.72823,37.68293],[-5.72887,37.68378],[-5.7298,37.68403],[-5.73036,37.68387],[-5.73107,37.68308],[-5.73134,37.68369],[-5.7322,37.68364],[-5.73275,37.6841],[-5.73476,37.68332],[-5.73475,37.6837],[-5.73414,37.68427],[-5.73302,37.6846],[-5.73295,37.68486],[-5.73354,37.6853],[-5.73471,37.68559],[-5.7349,37.68632],[-5.73592,37.68677],[-5.73587,37.68715],[-5.73535,37.68746],[-5.73492,37.68742],[-5.7334,37.68591],[-5.7331,37.68607],[-5.73328,37.68691],[-5.73268,37.68693],[-5.73244,37.68567],[-5.73152,37.68514],[-5.73102,37.68515],[-5.73096,37.68546],[-5.73198,37.68578],[-5.73205,37.68637],[-5.73085,37.68621],[-5.73046,37.68645],[-5.73242,37.6877],[-5.73102,37.68753],[-5.7302,37.68871],[-5.73072,37.68912],[-5.73202,37.6893],[-5.73246,37.68983],[-5.73152,37.68995],[-5.73153,37.69057],[-5.72985,37.68997],[-5.72969,37.6901],[-5.73092,37.69141],[-5.73262,37.69197],[-5.73159,37.69275],[-5.73163,37.6937],[-5.73219,37.69431],[-5.73256,37.69434],[-5.73337,37.69384],[-5.73561,37.69405],[-5.73643,37.69454],[-5.7354,37.69458],[-5.73344,37.69512],[-5.73022,37.69479],[-5.72963,37.69514],[-5.73288,37.69582],[-5.73411,37.69668],[-5.73302,37.69723],[-5.73307,37.69754],[-5.73485,37.69748],[-5.73595,37.69781],[-5.73481,37.69802],[-5.73336,37.69919],[-5.7341,37.69979],[-5.73446,37.70069],[-5.73532,37.701],[-5.73542,37.70161],[-5.73662,37.70189],[-5.73631,37.70227],[-5.73493,37.7026],[-5.73507,37.70317],[-5.73615,37.70313],[-5.73625,37.7039],[-5.73529,37.70462],[-5.73557,37.7054],[-5.73716,37.70577],[-5.73973,37.70536],[-5.74097,37.70543],[-5.74191,37.70629],[-5.742,37.70692],[-5.7418,37.70739],[-5.74147,37.70733],[-5.74104,37.70653],[-5.7399,37.70612],[-5.73921,37.70612],[-5.73883,37.7064],[-5.73887,37.70664],[-5.73835,37.70687],[-5.73506,37.70673],[-5.73338,37.70635],[-5.73327,37.70601],[-5.73353,37.70513],[-5.73317,37.70457],[-5.73129,37.70406],[-5.73046,37.70422],[-5.73017,37.704],[-5.73149,37.70285],[-5.73126,37.70238],[-5.73073,37.70215],[-5.72997,37.70233],[-5.7293,37.70383],[-5.72889,37.70413],[-5.7287,37.70362],[-5.72922,37.70266],[-5.7291,37.70195],[-5.72835,37.70142],[-5.72716,37.7019],[-5.72681,37.70149],[-5.72684,37.70128],[-5.72818,37.70078],[-5.7284,37.70009],[-5.72701,37.69891],[-5.72543,37.69886],[-5.72573,37.69821],[-5.72492,37.69747],[-5.72591,37.69717],[-5.72709,37.69819],[-5.72853,37.69837],[-5.72895,37.69823],[-5.72891,37.69805],[-5.72788,37.69739],[-5.72722,37.69618],[-5.7258,37.69519],[-5.72448,37.695],[-5.72355,37.69413],[-5.72285,37.69408],[-5.72254,37.69508],[-5.72108,37.69601],[-5.71977,37.69536],[-5.7182,37.69624],[-5.71844,37.69545],[-5.71832,37.69503],[-5.71674,37.69485],[-5.71642,37.69432],[-5.71692,37.69365],[-5.71697,37.69314],[-5.71606,37.69311],[-5.71583,37.69283],[-5.71633,37.69171],[-5.71633,37.68954],[-5.71605,37.68937],[-5.71585,37.68952],[-5.71515,37.6906],[-5.71467,37.69035],[-5.71474,37.68817],[-5.71592,37.68738],[-5.71439,37.68586],[-5.71351,37.68592],[-5.71324,37.68617],[-5.71412,37.68649],[-5.71444,37.68689],[-5.71434,37.68771],[-5.71382,37.6881],[-5.7126,37.68838],[-5.71023,37.68768],[-5.70958,37.68768],[-5.70919,37.68793],[-5.70927,37.68851],[-5.71126,37.68824],[-5.71204,37.68847],[-5.71265,37.689],[-5.71267,37.69002],[-5.71138,37.69108],[-5.71155,37.69146],[-5.71235,37.69184],[-5.71179,37.69223],[-5.71012,37.69145],[-5.71007,37.6912],[-5.71094,37.68979],[-5.71215,37.68969],[-5.71225,37.68939],[-5.71077,37.68959],[-5.71009,37.68932],[-5.7095,37.69063],[-5.7085,37.68923],[-5.70786,37.68973],[-5.70761,37.68955],[-5.70804,37.68835],[-5.70789,37.68799],[-5.70726,37.68808],[-5.70701,37.68908],[-5.70661,37.68825],[-5.70599,37.68779],[-5.70578,37.68735],[-5.70521,37.68714],[-5.70506,37.68748],[-5.70541,37.68839],[-5.70513,37.68853],[-5.70422,37.68821],[-5.70419,37.6891],[-5.70359,37.68867],[-5.70373,37.68754],[-5.7033,37.6876],[-5.70293,37.68817],[-5.70256,37.69026],[-5.70421,37.69184],[-5.70424,37.69221],[-5.70349,37.69227],[-5.70265,37.69161],[-5.70197,37.69152],[-5.70236,37.69232],[-5.70223,37.69268],[-5.70079,37.69309],[-5.70149,37.69355],[-5.70132,37.69386],[-5.70085,37.69396],[-5.70089,37.69418],[-5.70208,37.69479],[-5.70264,37.6954],[-5.70256,37.69721],[-5.70126,37.69867],[-5.70038,37.69866],[-5.69961,37.69916],[-5.69958,37.70054],[-5.69921,37.70152],[-5.69952,37.70225],[-5.69942,37.70254],[-5.69816,37.70215],[-5.69673,37.70292],[-5.69638,37.70346],[-5.69662,37.70373],[-5.6981,37.70418],[-5.69942,37.70424],[-5.69985,37.70458],[-5.70017,37.70538],[-5.70198,37.70578],[-5.70187,37.70671],[-5.70249,37.70782],[-5.70172,37.70847],[-5.70174,37.7088],[-5.70279,37.70931],[-5.70273,37.7101],[-5.70237,37.70989],[-5.70244,37.70951],[-5.70139,37.70883],[-5.70147,37.70757],[-5.70119,37.70608],[-5.70002,37.70593],[-5.69921,37.70554],[-5.69782,37.70554],[-5.69706,37.70492],[-5.69595,37.70482],[-5.69486,37.70571],[-5.69437,37.70706],[-5.69373,37.70678],[-5.6931,37.7073],[-5.69329,37.70803],[-5.69286,37.70847],[-5.69301,37.70979],[-5.69228,37.71016],[-5.69226,37.71073],[-5.69189,37.71123],[-5.69219,37.71179],[-5.69417,37.71288],[-5.69568,37.71408],[-5.69697,37.71338],[-5.69773,37.71194],[-5.69893,37.71144],[-5.70012,37.71167],[-5.70123,37.71274],[-5.7015,37.71342],[-5.70137,37.71431],[-5.70049,37.71533],[-5.70104,37.71612],[-5.70056,37.71626],[-5.70012,37.71585],[-5.69981,37.71616],[-5.70067,37.71919],[-5.69956,37.72094],[-5.69733,37.72175],[-5.69699,37.72225],[-5.69716,37.72307],[-5.69779,37.72379],[-5.70026,37.72391],[-5.70137,37.72418],[-5.70218,37.72493],[-5.70254,37.72576],[-5.70128,37.72918],[-5.69872,37.73156],[-5.69897,37.73299],[-5.69964,37.73352],[-5.69948,37.73355],[-5.69859,37.73294],[-5.69802,37.731],[-5.69847,37.73017],[-5.70003,37.72884],[-5.70064,37.72803],[-5.70103,37.72714],[-5.70078,37.72634],[-5.701,37.72541],[-5.70029,37.72477],[-5.69808,37.72469],[-5.69663,37.72416],[-5.69591,37.72345],[-5.69509,37.72178],[-5.69577,37.72088],[-5.69807,37.72037],[-5.6988,37.71984],[-5.69897,37.71917],[-5.69879,37.71845],[-5.69699,37.71794],[-5.69735,37.71766],[-5.69875,37.71747],[-5.69837,37.71682],[-5.69835,37.71608],[-5.69978,37.71408],[-5.6998,37.7134],[-5.69939,37.71309],[-5.6989,37.71324],[-5.69798,37.71436],[-5.69653,37.71538],[-5.6957,37.71552],[-5.69474,37.71529],[-5.69403,37.71458],[-5.69311,37.7141],[-5.69233,37.71411],[-5.69154,37.71349],[-5.69041,37.71337],[-5.69043,37.71249],[-5.68963,37.71248],[-5.68979,37.71198],[-5.68919,37.71114],[-5.68988,37.71056],[-5.68995,37.70989],[-5.68911,37.70918],[-5.69005,37.70883],[-5.68979,37.70773],[-5.69042,37.70773],[-5.69049,37.70724],[-5.69121,37.70673],[-5.69174,37.70595],[-5.69347,37.7047],[-5.69389,37.70272],[-5.69669,37.70106],[-5.69681,37.70084],[-5.69635,37.7002],[-5.6974,37.70004],[-5.69575,37.69904],[-5.69576,37.6988],[-5.69717,37.69869],[-5.69809,37.69736],[-5.70039,37.69636],[-5.69945,37.6959],[-5.69773,37.69585],[-5.69774,37.69561],[-5.6988,37.69523],[-5.69897,37.69485],[-5.69813,37.69399],[-5.69714,37.6935],[-5.69781,37.69304],[-5.69769,37.69185],[-5.69839,37.69068],[-5.70002,37.68947],[-5.69974,37.68933],[-5.69821,37.69],[-5.69734,37.69003],[-5.69841,37.68952],[-5.69915,37.68846],[-5.70051,37.68812],[-5.69995,37.68734],[-5.69998,37.68657],[-5.70138,37.68675],[-5.70257,37.6858],[-5.70264,37.68504],[-5.7019,37.68414],[-5.70205,37.68391],[-5.70279,37.68394],[-5.70377,37.68459],[-5.70433,37.68465],[-5.7044,37.68412],[-5.70548,37.68398],[-5.70813,37.68262],[-5.7086,37.68217],[-5.70858,37.68134],[-5.707,37.67981],[-5.70619,37.67972],[-5.70537,37.68023],[-5.70487,37.67853],[-5.70339,37.67821],[-5.70239,37.67842],[-5.7022,37.67821],[-5.70336,37.67749],[-5.7069,37.67754],[-5.70758,37.67717],[-5.708,37.67654],[-5.7079,37.67618],[-5.70684,37.67578],[-5.70695,37.67523],[-5.70677,37.67501],[-5.705,37.67468],[-5.70412,37.67401],[-5.70258,37.6739],[-5.70287,37.67361],[-5.70414,37.67348],[-5.70441,37.6732],[-5.70356,37.67292],[-5.70405,37.67243],[-5.70366,37.67175],[-5.7041,37.67172],[-5.70546,37.6727],[-5.70782,37.67174],[-5.70813,37.6719],[-5.70819,37.67228],[-5.70842,37.67226],[-5.70923,37.67174],[-5.70995,37.67052],[-5.7095,37.67015],[-5.70907,37.66927],[-5.7083,37.66885],[-5.70891,37.66795],[-5.70785,37.66743],[-5.70837,37.66713],[-5.71017,37.66695],[-5.71065,37.66616],[-5.70902,37.66565],[-5.71055,37.66521],[-5.71076,37.66506],[-5.71064,37.6647],[-5.71021,37.66454],[-5.70731,37.66465],[-5.70667,37.66346],[-5.7076,37.66287],[-5.70726,37.66274],[-5.70529,37.6631],[-5.70514,37.66274],[-5.706,37.66136],[-5.70448,37.66052],[-5.70488,37.6601],[-5.70615,37.65982],[-5.70643,37.65888],[-5.70784,37.65954],[-5.70903,37.65931],[-5.7091,37.65893],[-5.70869,37.65856],[-5.70645,37.65804],[-5.70543,37.65734],[-5.70387,37.65714],[-5.70361,37.65683],[-5.70602,37.65488],[-5.70924,37.65542],[-5.70985,37.65496],[-5.70953,37.65293],[-5.7085,37.65193],[-5.70931,37.65068],[-5.70878,37.65045],[-5.70747,37.65138],[-5.70658,37.65137],[-5.70637,37.65095],[-5.70645,37.65015],[-5.70689,37.64848],[-5.70682,37.64818],[-5.70642,37.64802],[-5.70521,37.64847],[-5.70458,37.64909],[-5.70457,37.64988],[-5.70411,37.65049],[-5.70452,37.65307],[-5.70425,37.65347],[-5.70258,37.65332],[-5.70186,37.653],[-5.70129,37.65238],[-5.70081,37.65236],[-5.70021,37.65432],[-5.69982,37.65472],[-5.69931,37.65483],[-5.69782,37.65207],[-5.69709,37.65165],[-5.69677,37.65186],[-5.69675,37.65238],[-5.6965,37.65265],[-5.69567,37.65272],[-5.69432,37.65239],[-5.69387,37.65261],[-5.69384,37.65347],[-5.69243,37.65316],[-5.69129,37.65444],[-5.69038,37.65407],[-5.68972,37.65417],[-5.68923,37.65457],[-5.68908,37.65524],[-5.69044,37.65575],[-5.69086,37.65619],[-5.69058,37.65693],[-5.69072,37.6573],[-5.6928,37.65702],[-5.69599,37.65738],[-5.69678,37.65774],[-5.69479,37.65856],[-5.69374,37.65835],[-5.69245,37.65872],[-5.69049,37.65879],[-5.68996,37.65949],[-5.69067,37.66055],[-5.68996,37.66057],[-5.68896,37.65992],[-5.68839,37.65997],[-5.68827,37.66024],[-5.68868,37.66074],[-5.68843,37.66154],[-5.68627,37.6623],[-5.68619,37.6627],[-5.68719,37.66395],[-5.68724,37.66627],[-5.68616,37.66611],[-5.6865,37.6678],[-5.68489,37.66857],[-5.6846,37.66894],[-5.6856,37.67037],[-5.68566,37.67087],[-5.68525,37.67174],[-5.68454,37.67222],[-5.68332,37.67213],[-5.68284,37.67243],[-5.6832,37.67361],[-5.68449,37.67605],[-5.68427,37.67646],[-5.68312,37.67663],[-5.68296,37.67693],[-5.68355,37.67746],[-5.68547,37.67822],[-5.68552,37.67887],[-5.68433,37.68041],[-5.68366,37.68092],[-5.68251,37.68109],[-5.68395,37.67971],[-5.68429,37.67905],[-5.68402,37.67854],[-5.683,37.67784],[-5.68208,37.67676],[-5.68235,37.67612],[-5.68348,37.67578],[-5.68244,37.67462],[-5.68221,37.67337],[-5.68125,37.67255],[-5.6824,37.67167],[-5.68425,37.67135],[-5.68462,37.67099],[-5.68451,37.67029],[-5.6832,37.66884],[-5.68433,37.66776],[-5.68441,37.66714],[-5.68499,37.66712],[-5.68459,37.66593],[-5.68549,37.66492],[-5.68553,37.66444],[-5.6845,37.66401],[-5.68456,37.66297],[-5.6841,37.66266],[-5.68311,37.66258],[-5.68085,37.66412],[-5.68088,37.66468],[-5.68138,37.6657],[-5.68121,37.66608],[-5.68033,37.66613],[-5.67939,37.6657],[-5.6789,37.66596],[-5.67858,37.66655],[-5.67825,37.66637],[-5.67814,37.66595],[-5.67874,37.66533],[-5.68014,37.66527],[-5.67953,37.66383],[-5.68293,37.66154],[-5.68158,37.66168],[-5.68136,37.66152],[-5.68349,37.66087],[-5.68654,37.65942],[-5.687,37.6591],[-5.68774,37.6579],[-5.68766,37.65705],[-5.68612,37.65631],[-5.68633,37.65545],[-5.68615,37.655],[-5.68404,37.65486],[-5.68419,37.65459],[-5.68633,37.65355],[-5.68611,37.65297],[-5.68702,37.65264],[-5.68716,37.65221],[-5.68653,37.65197],[-5.68465,37.65208],[-5.6861,37.65142],[-5.68623,37.65109],[-5.68605,37.65103],[-5.6828,37.6514],[-5.68375,37.65074],[-5.68584,37.65029],[-5.68606,37.6498],[-5.68471,37.64934],[-5.68344,37.64991],[-5.68301,37.64939],[-5.68246,37.64935],[-5.68181,37.64952],[-5.68089,37.65031],[-5.68012,37.65063],[-5.67975,37.65038],[-5.6798,37.64953],[-5.67912,37.6495],[-5.67882,37.6498],[-5.67894,37.65081],[-5.67861,37.6511],[-5.67835,37.65088],[-5.67817,37.64978],[-5.67781,37.64977],[-5.67738,37.65042],[-5.67726,37.64946],[-5.67634,37.6492],[-5.67607,37.64958],[-5.67682,37.65054],[-5.67635,37.65084],[-5.67665,37.65119],[-5.67657,37.65159],[-5.67625,37.65153],[-5.67499,37.65026],[-5.6745,37.65015],[-5.67427,37.6504],[-5.67486,37.65086],[-5.6752,37.65204],[-5.6764,37.65311],[-5.67646,37.65334],[-5.67618,37.65352],[-5.67512,37.65265],[-5.67406,37.65268],[-5.67379,37.65124],[-5.67291,37.65037],[-5.67253,37.65065],[-5.67234,37.65141],[-5.67293,37.65238],[-5.6736,37.65296],[-5.67296,37.6545],[-5.67274,37.65431],[-5.67273,37.6533],[-5.67182,37.65291],[-5.67217,37.65224],[-5.67123,37.65222],[-5.67085,37.65039],[-5.67,37.64965],[-5.67021,37.64866],[-5.66906,37.64798],[-5.66605,37.64771],[-5.66529,37.64833],[-5.66593,37.64897],[-5.66604,37.64957],[-5.66815,37.64971],[-5.66815,37.65062],[-5.6695,37.65109],[-5.66928,37.65174],[-5.66829,37.65231],[-5.66862,37.65355],[-5.66853,37.65375],[-5.6682,37.65365],[-5.66657,37.65191],[-5.66586,37.65184],[-5.66569,37.65246],[-5.66666,37.65387],[-5.66595,37.65562],[-5.66543,37.65472],[-5.66495,37.65287],[-5.66429,37.65266],[-5.66315,37.6533],[-5.6629,37.65369],[-5.66298,37.65434],[-5.66206,37.65494],[-5.662,37.65658],[-5.66171,37.65705],[-5.66136,37.65656],[-5.66144,37.65515],[-5.6602,37.65626],[-5.66067,37.6554],[-5.66066,37.65467],[-5.662,37.65386],[-5.66194,37.65338],[-5.66133,37.65298],[-5.66205,37.65214],[-5.66215,37.65164],[-5.66051,37.64978],[-5.66117,37.64929],[-5.66099,37.64842],[-5.66174,37.6472],[-5.6614,37.64701],[-5.66081,37.64735],[-5.66029,37.64719],[-5.66065,37.64628],[-5.66023,37.64554],[-5.6596,37.64584],[-5.65919,37.64693],[-5.66032,37.64743],[-5.66039,37.64778],[-5.65948,37.64799],[-5.65867,37.64888],[-5.65845,37.64939],[-5.65847,37.65071],[-5.65782,37.65154],[-5.65739,37.65142],[-5.65789,37.65079],[-5.65779,37.64873],[-5.65834,37.64759],[-5.65789,37.64751],[-5.65754,37.64821],[-5.65726,37.64822],[-5.65717,37.6476],[-5.6564,37.6476],[-5.65683,37.64679],[-5.6564,37.64655],[-5.65579,37.64697],[-5.65606,37.64761],[-5.65446,37.64897],[-5.65514,37.64987],[-5.65473,37.65006],[-5.65384,37.64945],[-5.65373,37.64968],[-5.65417,37.65032],[-5.65392,37.65052],[-5.65355,37.64986],[-5.65312,37.64971],[-5.6529,37.64997],[-5.65291,37.65076],[-5.6527,37.65084],[-5.65252,37.64942],[-5.65354,37.64875],[-5.65342,37.64785],[-5.6541,37.64741],[-5.65424,37.64694],[-5.65412,37.64641],[-5.65338,37.64598],[-5.65256,37.6463],[-5.65218,37.64791],[-5.65174,37.64822],[-5.65109,37.64813],[-5.65154,37.64703],[-5.65112,37.64678],[-5.65005,37.64855],[-5.64969,37.64865],[-5.64949,37.64822],[-5.64968,37.64744],[-5.64869,37.64675],[-5.64808,37.64671],[-5.64806,37.64852],[-5.64783,37.64891],[-5.64631,37.64878],[-5.64554,37.64807],[-5.64513,37.64803],[-5.64482,37.64892],[-5.64437,37.6491],[-5.64424,37.64825],[-5.6449,37.6473],[-5.64541,37.64714],[-5.6464,37.64782],[-5.64712,37.64739],[-5.6473,37.64686],[-5.6463,37.64656],[-5.64608,37.64637],[-5.64625,37.64598],[-5.64725,37.64574],[-5.64953,37.64634],[-5.6505,37.64544],[-5.6501,37.6445],[-5.64894,37.64442],[-5.64911,37.64361],[-5.64772,37.64358],[-5.64753,37.64256],[-5.64852,37.64188],[-5.64743,37.64105],[-5.64675,37.64117],[-5.64655,37.64155],[-5.64662,37.64347],[-5.64705,37.64455],[-5.64664,37.6449],[-5.64507,37.64447],[-5.64458,37.64408],[-5.64539,37.64356],[-5.64559,37.64299],[-5.64498,37.64176],[-5.64348,37.64227],[-5.64309,37.64176],[-5.64247,37.6419],[-5.64113,37.64165],[-5.64053,37.64203],[-5.64038,37.64307],[-5.63984,37.64333],[-5.6393,37.64317],[-5.63908,37.64221],[-5.63768,37.64158],[-5.63763,37.6412],[-5.63884,37.64046],[-5.6393,37.63977],[-5.63895,37.63913],[-5.63814,37.63866],[-5.63811,37.63818],[-5.63998,37.63746],[-5.63894,37.63692],[-5.63978,37.63631],[-5.63912,37.63567],[-5.64043,37.63533],[-5.63939,37.63429],[-5.63772,37.63421],[-5.638,37.63379],[-5.63951,37.63341],[-5.63963,37.63298],[-5.63941,37.63282],[-5.63715,37.63298],[-5.63637,37.63337],[-5.63631,37.63459],[-5.63771,37.63702],[-5.63742,37.63737],[-5.63593,37.63753],[-5.63622,37.63822],[-5.63544,37.63827],[-5.63511,37.63901],[-5.63477,37.63909],[-5.63302,37.63867],[-5.63251,37.63832],[-5.63244,37.63801],[-5.6329,37.63733],[-5.63298,37.63669],[-5.63469,37.6365],[-5.63413,37.63518],[-5.63353,37.63537],[-5.63357,37.636],[-5.63259,37.63615],[-5.63222,37.63683],[-5.63176,37.63696],[-5.63097,37.63674],[-5.63191,37.63552],[-5.63173,37.63525],[-5.63121,37.63535],[-5.63059,37.63491],[-5.63014,37.63498],[-5.62972,37.63634],[-5.62928,37.63652],[-5.62893,37.63631],[-5.62892,37.63571],[-5.62828,37.63604],[-5.62808,37.63529],[-5.62777,37.6353],[-5.62766,37.63608],[-5.62833,37.63703],[-5.62805,37.63741],[-5.62809,37.63828],[-5.62954,37.63918],[-5.62882,37.64079],[-5.62947,37.64341],[-5.6285,37.64437],[-5.62846,37.64327],[-5.62783,37.6405],[-5.62846,37.63972],[-5.62852,37.6393],[-5.62824,37.63891],[-5.62661,37.63854],[-5.62618,37.63819],[-5.62607,37.63796],[-5.62657,37.63686],[-5.62571,37.63618],[-5.62586,37.63587],[-5.62548,37.63509],[-5.62581,37.63472],[-5.62687,37.63461],[-5.62735,37.63387],[-5.62901,37.63412],[-5.6318,37.63323],[-5.63252,37.63264],[-5.632,37.63254],[-5.6309,37.63282],[-5.63049,37.63262],[-5.63061,37.63218],[-5.63137,37.63151],[-5.6301,37.63124],[-5.63013,37.63058],[-5.62974,37.63037],[-5.62943,37.6306],[-5.62988,37.63262],[-5.62961,37.63304],[-5.62844,37.6332],[-5.62823,37.6328],[-5.62838,37.632],[-5.62773,37.6318],[-5.62609,37.63346],[-5.62538,37.63381],[-5.62511,37.63336],[-5.62616,37.6322],[-5.62596,37.63188],[-5.62509,37.63224],[-5.62471,37.63206],[-5.62533,37.63109],[-5.62508,37.63087],[-5.62406,37.63174],[-5.62389,37.63112],[-5.62345,37.63121],[-5.6234,37.63211],[-5.62301,37.63222],[-5.62269,37.6318],[-5.62316,37.63096],[-5.62285,37.63062],[-5.62243,37.63079],[-5.62176,37.63184],[-5.62003,37.63153],[-5.62,37.63095],[-5.62052,37.63024],[-5.62028,37.62977],[-5.61955,37.62977],[-5.61924,37.6311],[-5.61837,37.63143],[-5.61804,37.63121],[-5.6183,37.63059],[-5.61804,37.63026],[-5.61675,37.63074],[-5.61508,37.63055],[-5.61459,37.62969],[-5.61358,37.62934],[-5.61287,37.62959],[-5.61335,37.63035],[-5.6125,37.63059],[-5.61183,37.6312],[-5.61128,37.6311],[-5.61123,37.63045],[-5.61075,37.63031],[-5.60924,37.63072],[-5.60897,37.63111],[-5.60928,37.6314],[-5.61142,37.63177],[-5.61203,37.63208],[-5.61227,37.63327],[-5.61424,37.63458],[-5.61399,37.63558],[-5.61247,37.63453],[-5.61062,37.63462],[-5.60934,37.63421],[-5.60759,37.63416],[-5.60714,37.635],[-5.60597,37.63535],[-5.60566,37.63576],[-5.60624,37.63699],[-5.60754,37.63801],[-5.6068,37.63865],[-5.60729,37.63915],[-5.607,37.63978],[-5.60629,37.63997],[-5.6037,37.63986],[-5.60031,37.64048],[-5.59995,37.63991],[-5.59997,37.63869],[-5.59947,37.6384],[-5.59846,37.63893],[-5.59807,37.63949],[-5.59822,37.64018],[-5.59884,37.64088],[-5.59864,37.64112],[-5.59803,37.64121],[-5.59607,37.64043],[-5.59451,37.64093],[-5.59458,37.64134],[-5.5957,37.64211],[-5.59548,37.64263],[-5.59477,37.64323],[-5.59477,37.6437],[-5.59539,37.64374],[-5.59696,37.64294],[-5.59814,37.64356],[-5.59774,37.64405],[-5.59612,37.64416],[-5.59502,37.64472],[-5.5967,37.64579],[-5.59701,37.64644],[-5.59691,37.64679],[-5.5962,37.64683],[-5.59395,37.64574],[-5.5936,37.64585],[-5.5937,37.64636],[-5.59452,37.64694],[-5.59432,37.64746],[-5.59342,37.64797],[-5.59339,37.64829],[-5.59362,37.64894],[-5.59437,37.64973],[-5.59416,37.65157],[-5.5946,37.65203],[-5.59476,37.65309],[-5.59533,37.65338],[-5.59846,37.65375],[-5.59922,37.65424],[-5.6001,37.65421],[-5.60071,37.65543],[-5.60295,37.65664],[-5.60246,37.65677],[-5.59982,37.65645],[-5.5991,37.65671],[-5.59799,37.65794],[-5.59691,37.65808],[-5.59643,37.65891],[-5.5953,37.65995],[-5.59526,37.6608],[-5.59421,37.66102],[-5.59368,37.66176],[-5.59202,37.66278],[-5.59206,37.66318],[-5.59324,37.66402],[-5.59345,37.66442],[-5.59132,37.66393],[-5.5902,37.66309],[-5.59007,37.66189],[-5.59066,37.66117],[-5.59123,37.66092],[-5.59238,37.66128],[-5.59259,37.66107],[-5.59074,37.66016],[-5.59036,37.65973],[-5.59244,37.65823],[-5.59265,37.6575],[-5.59214,37.65687],[-5.59445,37.65613],[-5.59485,37.65563],[-5.59473,37.65507],[-5.59398,37.65476],[-5.59315,37.65567],[-5.5925,37.65575],[-5.59222,37.65535],[-5.59266,37.6543],[-5.59214,37.65386],[-5.59154,37.65379],[-5.59047,37.65413],[-5.58935,37.65295],[-5.58889,37.65334],[-5.58867,37.65423],[-5.58837,37.65427],[-5.58776,37.65306],[-5.58741,37.65281],[-5.58686,37.65305],[-5.58622,37.65409],[-5.58564,37.6542],[-5.58529,37.65397],[-5.58519,37.65303],[-5.58421,37.65282],[-5.58349,37.65308],[-5.58256,37.65419],[-5.58196,37.65403],[-5.5813,37.65318],[-5.58067,37.65327],[-5.58056,37.65355],[-5.58141,37.65451],[-5.58162,37.65536],[-5.5826,37.65635],[-5.58422,37.65668],[-5.58549,37.65782],[-5.58546,37.65821],[-5.58477,37.65888],[-5.58456,37.65992],[-5.58423,37.65969],[-5.58391,37.6583],[-5.58347,37.65775],[-5.58236,37.65811],[-5.58118,37.65934],[-5.58071,37.65932],[-5.58137,37.6581],[-5.58135,37.65774],[-5.5799,37.65829],[-5.57979,37.65796],[-5.58047,37.65674],[-5.5801,37.65666],[-5.57887,37.65738],[-5.57892,37.65623],[-5.57837,37.65623],[-5.57737,37.65705],[-5.57709,37.65767],[-5.5776,37.65833],[-5.57859,37.65888],[-5.57863,37.65923],[-5.57772,37.65972],[-5.57687,37.65953],[-5.57653,37.66011],[-5.57681,37.66051],[-5.57897,37.66158],[-5.57801,37.66208],[-5.57759,37.66195],[-5.57737,37.66153],[-5.57697,37.66153],[-5.57685,37.66171],[-5.57709,37.6623],[-5.57611,37.66261],[-5.57607,37.6629],[-5.57671,37.66375],[-5.57546,37.66448],[-5.57639,37.6655],[-5.57631,37.66584],[-5.57573,37.66605],[-5.5739,37.66552],[-5.57173,37.6667],[-5.57128,37.66713],[-5.57102,37.66782],[-5.57125,37.66848],[-5.5706,37.66876],[-5.57123,37.67007],[-5.5711,37.67023],[-5.56829,37.66895],[-5.56768,37.6691],[-5.56792,37.66968],[-5.56717,37.67047],[-5.5674,37.67122],[-5.568,37.67201],[-5.56753,37.67283],[-5.57032,37.67521],[-5.57049,37.67561],[-5.56999,37.67648],[-5.56965,37.67536],[-5.56822,37.67471],[-5.56743,37.67389],[-5.56634,37.67376],[-5.56594,37.67272],[-5.56508,37.67259],[-5.56433,37.67316],[-5.56395,37.67301],[-5.56394,37.6719],[-5.56493,37.67045],[-5.56472,37.67002],[-5.56213,37.66988],[-5.56062,37.67017],[-5.55989,37.67061],[-5.56022,37.67268],[-5.56145,37.67366],[-5.56241,37.67375],[-5.56152,37.67434],[-5.56056,37.67433],[-5.56093,37.67647],[-5.56057,37.67626],[-5.56004,37.67534],[-5.55866,37.6748],[-5.55832,37.67415],[-5.55765,37.67376],[-5.55828,37.67274],[-5.55849,37.67167],[-5.55835,37.67099],[-5.55788,37.67038],[-5.55538,37.6709],[-5.55312,37.67062],[-5.55265,37.67077],[-5.55253,37.67176],[-5.55387,37.6736],[-5.55406,37.6747],[-5.5528,37.67382],[-5.55149,37.67342],[-5.55076,37.67228],[-5.54993,37.67172],[-5.54862,37.67148],[-5.54704,37.67157],[-5.5464,37.67106],[-5.54458,37.67055],[-5.54268,37.66944],[-5.54175,37.66939],[-5.54063,37.66985],[-5.5405,37.67054],[-5.54188,37.67155],[-5.54272,37.67287],[-5.54326,37.67282],[-5.5444,37.67208],[-5.54561,37.67279],[-5.54559,37.67317],[-5.54522,37.67346],[-5.54545,37.6747],[-5.54518,37.67504],[-5.54513,37.67576],[-5.54466,37.6764],[-5.54517,37.67736],[-5.54409,37.67756],[-5.54377,37.67822],[-5.54429,37.6791],[-5.54515,37.67962],[-5.54542,37.68028],[-5.54627,37.68058],[-5.54735,37.68181],[-5.54652,37.68231],[-5.54643,37.68265],[-5.54775,37.68391],[-5.54828,37.68512],[-5.55058,37.68619],[-5.55102,37.68652],[-5.55149,37.68737],[-5.55298,37.68795],[-5.55371,37.68879],[-5.55483,37.68926],[-5.55656,37.69059],[-5.55694,37.69104],[-5.55673,37.69156],[-5.55692,37.6919],[-5.55778,37.6923],[-5.55938,37.69237],[-5.56016,37.69273],[-5.55836,37.69287],[-5.55874,37.69451],[-5.55693,37.6933],[-5.55591,37.69297],[-5.55526,37.6914],[-5.55458,37.6908],[-5.55268,37.69066],[-5.55207,37.69028],[-5.55124,37.69039],[-5.55086,37.68955],[-5.5489,37.68946],[-5.5477,37.6883],[-5.54611,37.68775],[-5.54607,37.68731],[-5.5448,37.68658],[-5.54454,37.68564],[-5.54465,37.68381],[-5.54389,37.68229],[-5.54224,37.68122],[-5.54101,37.68107],[-5.54089,37.68149],[-5.54202,37.68198],[-5.54217,37.68227],[-5.54144,37.68287],[-5.54032,37.68282],[-5.53971,37.68339],[-5.53966,37.68392],[-5.54,37.68435],[-5.54144,37.68504],[-5.53968,37.68577],[-5.54035,37.68637],[-5.53994,37.68718],[-5.54111,37.69019],[-5.54143,37.69053],[-5.54192,37.69059],[-5.5427,37.69016],[-5.54357,37.69012],[-5.54451,37.68969],[-5.5451,37.69051],[-5.5457,37.69079],[-5.54528,37.69162],[-5.54558,37.69204],[-5.54656,37.6925],[-5.54447,37.69289],[-5.54385,37.69337],[-5.54408,37.69365],[-5.54485,37.69377],[-5.5453,37.69446],[-5.54413,37.6943],[-5.54321,37.69503],[-5.54258,37.6951],[-5.54024,37.6941],[-5.54016,37.69366],[-5.5405,37.69327],[-5.54051,37.6928],[-5.53921,37.6911],[-5.53825,37.68865],[-5.5379,37.68838],[-5.53767,37.68846],[-5.5375,37.68881],[-5.53796,37.69061],[-5.53756,37.69251],[-5.53726,37.69291],[-5.53685,37.69298],[-5.53718,37.69198],[-5.53709,37.69106],[-5.53663,37.69064],[-5.53603,37.69079],[-5.53531,37.69165],[-5.53478,37.69412],[-5.53475,37.69654],[-5.53435,37.69785],[-5.5349,37.69922],[-5.53604,37.69973],[-5.53517,37.70007],[-5.53474,37.7005],[-5.53458,37.69994],[-5.53412,37.69949],[-5.53289,37.69912],[-5.53334,37.69855],[-5.53325,37.69836],[-5.53213,37.69821],[-5.53161,37.69855],[-5.53087,37.6982],[-5.53035,37.69832],[-5.52987,37.69891],[-5.53002,37.69995],[-5.52917,37.70001],[-5.52955,37.70138],[-5.5291,37.70208],[-5.52922,37.70298],[-5.52878,37.70342],[-5.52848,37.70324],[-5.52842,37.70253],[-5.52713,37.7018],[-5.52658,37.70063],[-5.52514,37.70017],[-5.52431,37.69958],[-5.52321,37.70015],[-5.52288,37.70068],[-5.52187,37.70078],[-5.52135,37.70138],[-5.52126,37.7026],[-5.52074,37.70353],[-5.5205,37.70367],[-5.51999,37.70331],[-5.51923,37.70328],[-5.51793,37.70373],[-5.51751,37.70406],[-5.51756,37.705],[-5.51647,37.70493],[-5.51562,37.70606],[-5.51577,37.70675],[-5.51687,37.70729],[-5.51633,37.70789],[-5.51848,37.70892],[-5.51846,37.70923],[-5.51688,37.70877],[-5.51596,37.70913],[-5.51637,37.71038],[-5.51754,37.71192],[-5.51773,37.71269],[-5.51628,37.7118],[-5.51568,37.71182],[-5.51533,37.7122],[-5.51497,37.71376],[-5.51438,37.71413],[-5.51446,37.71272],[-5.51424,37.71157],[-5.51397,37.71112],[-5.51292,37.71048],[-5.51396,37.70933],[-5.51402,37.70842],[-5.51274,37.70732],[-5.51306,37.70673],[-5.51273,37.70618],[-5.51212,37.70597],[-5.51156,37.70609],[-5.51131,37.70651],[-5.51129,37.70749],[-5.5122,37.70914],[-5.51218,37.70959],[-5.50997,37.70773],[-5.50955,37.70769],[-5.50943,37.70816],[-5.5073,37.71002],[-5.50617,37.70964],[-5.50563,37.70979],[-5.50559,37.71121],[-5.50522,37.71115],[-5.50461,37.71054],[-5.50412,37.7106],[-5.5039,37.7112],[-5.50414,37.71219],[-5.50305,37.71196],[-5.50248,37.71223],[-5.50156,37.71402],[-5.50111,37.714],[-5.50121,37.71321],[-5.50098,37.71264],[-5.50058,37.71243],[-5.50022,37.71258],[-5.49999,37.71396],[-5.49885,37.71529],[-5.49918,37.71611],[-5.4968,37.71657],[-5.49649,37.71722],[-5.49745,37.7178],[-5.49754,37.71814],[-5.49582,37.71826],[-5.49629,37.71913],[-5.4959,37.71972],[-5.49579,37.72077],[-5.49616,37.72211],[-5.49528,37.72158],[-5.49505,37.72101],[-5.49512,37.72036],[-5.49463,37.71984],[-5.49423,37.71974],[-5.49356,37.72016],[-5.49142,37.72258],[-5.4899,37.72365],[-5.48997,37.72402],[-5.49058,37.72446],[-5.48934,37.72467],[-5.48932,37.72508],[-5.48978,37.7258],[-5.48969,37.72611],[-5.4874,37.7247],[-5.48608,37.72481],[-5.48439,37.72555],[-5.48436,37.72592],[-5.4855,37.72686],[-5.48309,37.72644],[-5.48111,37.72551],[-5.48014,37.72571],[-5.47996,37.72641],[-5.47908,37.72685],[-5.47892,37.72769],[-5.48075,37.72755],[-5.48238,37.72847],[-5.48241,37.72891],[-5.48164,37.72861],[-5.4813,37.72882],[-5.48276,37.73074],[-5.48257,37.73093],[-5.482,37.73075],[-5.48066,37.72964],[-5.47974,37.72982],[-5.47926,37.73043],[-5.47955,37.73131],[-5.47944,37.73192],[-5.47808,37.73333],[-5.47811,37.73432],[-5.4786,37.73584],[-5.47951,37.73703],[-5.47792,37.7382],[-5.47912,37.73915],[-5.47955,37.74003],[-5.47928,37.74103],[-5.4783,37.74279],[-5.47853,37.74313],[-5.47903,37.74326],[-5.48111,37.74286],[-5.48247,37.74306],[-5.48255,37.74337],[-5.48178,37.74427],[-5.48167,37.74478],[-5.48532,37.74786],[-5.48539,37.74853],[-5.48412,37.74817],[-5.48233,37.74692],[-5.48093,37.74533],[-5.47994,37.74528],[-5.47989,37.74503],[-5.48047,37.74447],[-5.4804,37.74409],[-5.47868,37.74421],[-5.47727,37.74377],[-5.47626,37.7438],[-5.4769,37.74307],[-5.47742,37.74177],[-5.47745,37.74136],[-5.47708,37.74081],[-5.4779,37.74046],[-5.47806,37.74001],[-5.47791,37.73969],[-5.47741,37.73954],[-5.47583,37.73999],[-5.47525,37.73979],[-5.47592,37.73914],[-5.4759,37.73797],[-5.47674,37.73629],[-5.47658,37.7352],[-5.47597,37.73374],[-5.475,37.73278],[-5.47552,37.73248],[-5.47643,37.73243],[-5.47725,37.73156],[-5.47728,37.73119],[-5.47691,37.73036],[-5.4761,37.72977],[-5.47579,37.72903],[-5.47523,37.72868],[-5.475,37.72767],[-5.47414,37.72754],[-5.47393,37.72626],[-5.4728,37.72614],[-5.47108,37.72743],[-5.47011,37.72729],[-5.47008,37.72639],[-5.46979,37.72616],[-5.46859,37.7267],[-5.46732,37.7277],[-5.46692,37.72683],[-5.46629,37.72688],[-5.46546,37.72756],[-5.46497,37.72934],[-5.46473,37.72923],[-5.46445,37.72803],[-5.46359,37.72772],[-5.45681,37.72729],[-5.45492,37.72761],[-5.45455,37.72732],[-5.45371,37.7253],[-5.45329,37.72548],[-5.45334,37.72614],[-5.45311,37.72649],[-5.45098,37.72625],[-5.44996,37.72673],[-5.44905,37.72771],[-5.44858,37.7279],[-5.44857,37.72629],[-5.44814,37.72609],[-5.44727,37.72636],[-5.44674,37.72624],[-5.44635,37.72483],[-5.44807,37.72323],[-5.44847,37.72182],[-5.44848,37.71964],[-5.44795,37.71728],[-5.44749,37.71683],[-5.44732,37.71702],[-5.44748,37.71984],[-5.44733,37.72097],[-5.44699,37.7216],[-5.44598,37.72242],[-5.4452,37.7235],[-5.44473,37.72332],[-5.44358,37.72146],[-5.44264,37.72071],[-5.44331,37.71937],[-5.44287,37.71767],[-5.44256,37.71748],[-5.44226,37.71783],[-5.44231,37.71926],[-5.44138,37.72013],[-5.44081,37.72351],[-5.44048,37.72393],[-5.43912,37.72469],[-5.43809,37.72412],[-5.4367,37.724],[-5.43602,37.72349],[-5.43523,37.72346],[-5.434,37.72171],[-5.43336,37.72131],[-5.43255,37.72177],[-5.43235,37.72316],[-5.43156,37.72396],[-5.43116,37.72398],[-5.43089,37.72358],[-5.43039,37.72338],[-5.42915,37.72396],[-5.42858,37.72388],[-5.4274,37.72276],[-5.42714,37.72212],[-5.42768,37.72165],[-5.42885,37.72194],[-5.42938,37.72172],[-5.42945,37.72066],[-5.42906,37.72032],[-5.42526,37.722],[-5.42383,37.72399],[-5.42345,37.72496],[-5.42244,37.72403],[-5.41843,37.72228],[-5.41728,37.72261],[-5.41744,37.7237],[-5.41689,37.7243],[-5.41579,37.72428],[-5.41511,37.72325],[-5.41446,37.7229],[-5.41388,37.72311],[-5.41328,37.72388],[-5.41246,37.72422],[-5.41202,37.72478],[-5.41123,37.72423],[-5.41105,37.72312],[-5.41211,37.72156],[-5.41259,37.72036],[-5.41236,37.72015],[-5.41095,37.72024],[-5.41068,37.72002],[-5.41198,37.71949],[-5.41362,37.71827],[-5.41431,37.71745],[-5.41529,37.71533],[-5.41324,37.71597],[-5.4128,37.71585],[-5.41245,37.71533],[-5.41073,37.71541],[-5.41016,37.71577],[-5.41085,37.71644],[-5.41053,37.71734],[-5.4102,37.71763],[-5.4098,37.71767],[-5.40838,37.71699],[-5.40609,37.71788],[-5.40556,37.71746],[-5.40595,37.71649],[-5.40595,37.71588],[-5.40551,37.71555],[-5.40473,37.71553],[-5.40419,37.71596],[-5.40462,37.71713],[-5.40418,37.71871],[-5.40471,37.71966],[-5.40614,37.72062],[-5.40902,37.72087],[-5.40973,37.72136],[-5.40997,37.72184],[-5.4096,37.72337],[-5.4098,37.72445],[-5.4096,37.7261],[-5.40871,37.72721],[-5.4066,37.72775],[-5.40512,37.72786],[-5.4042,37.72863],[-5.40341,37.72836],[-5.40269,37.72907],[-5.40218,37.72917],[-5.40087,37.72873],[-5.39935,37.72866],[-5.3989,37.72827],[-5.39852,37.72715],[-5.39813,37.72681],[-5.39547,37.72736],[-5.39471,37.72676],[-5.39321,37.72639],[-5.3913,37.72527],[-5.3906,37.72529],[-5.39022,37.72591],[-5.38978,37.72602],[-5.38919,37.72589],[-5.38843,37.72521],[-5.38794,37.72511],[-5.38755,37.72533],[-5.38724,37.72605],[-5.38642,37.72648],[-5.38548,37.7265],[-5.38454,37.72605],[-5.38419,37.72611],[-5.38365,37.7273],[-5.38231,37.72791],[-5.3819,37.7276],[-5.38207,37.72685],[-5.38179,37.72594],[-5.38182,37.72506],[-5.38106,37.72471],[-5.37904,37.72446],[-5.3784,37.72505],[-5.37876,37.72626],[-5.37983,37.72738],[-5.38155,37.72821],[-5.38185,37.72863],[-5.37933,37.72998],[-5.37652,37.73037],[-5.375,37.73032],[-5.37367,37.73077],[-5.37323,37.73151],[-5.37301,37.73284],[-5.37345,37.7348],[-5.37245,37.73379],[-5.37171,37.73211],[-5.37025,37.731],[-5.36982,37.73031],[-5.36974,37.72963],[-5.37021,37.72705],[-5.36937,37.72518],[-5.36826,37.72466],[-5.36665,37.72479],[-5.36596,37.72518],[-5.36581,37.72553],[-5.36766,37.72756],[-5.36781,37.72821],[-5.36555,37.72817],[-5.36485,37.72885],[-5.36445,37.72892],[-5.36409,37.72862],[-5.36348,37.72727],[-5.36275,37.72691],[-5.3624,37.72743],[-5.36265,37.72883],[-5.36229,37.72944],[-5.36075,37.72827],[-5.35981,37.72672],[-5.35941,37.72687],[-5.35839,37.72835],[-5.35806,37.7285],[-5.35777,37.72829],[-5.35726,37.72664],[-5.35823,37.72474],[-5.35803,37.72444],[-5.35756,37.72442],[-5.35685,37.72478],[-5.35644,37.72614],[-5.35611,37.72646],[-5.35541,37.7257],[-5.35468,37.72553],[-5.35454,37.7273],[-5.35533,37.72939],[-5.35523,37.73256],[-5.35543,37.73481],[-5.35525,37.7351],[-5.3543,37.73441],[-5.35265,37.73257],[-5.35201,37.73148],[-5.35125,37.73095],[-5.3506,37.73085],[-5.34923,37.73125],[-5.34899,37.73093],[-5.34918,37.73028],[-5.34875,37.72999],[-5.34734,37.7311],[-5.34682,37.73115],[-5.34791,37.72826],[-5.34766,37.72667],[-5.34903,37.72579],[-5.34961,37.72497],[-5.34999,37.72361],[-5.34977,37.72287],[-5.34834,37.72265],[-5.34836,37.72165],[-5.34712,37.72086],[-5.34216,37.72217],[-5.34151,37.72203],[-5.34193,37.72162],[-5.34568,37.72024],[-5.34687,37.7194],[-5.34821,37.71754],[-5.34809,37.71717],[-5.34745,37.71669],[-5.34803,37.71532],[-5.34772,37.71473],[-5.34725,37.71475],[-5.34657,37.71548],[-5.3468,37.71695],[-5.34648,37.71759],[-5.34469,37.7171],[-5.34426,37.71737],[-5.3439,37.71861],[-5.34323,37.71924],[-5.34236,37.71944],[-5.3414,37.71926],[-5.34012,37.71988],[-5.33777,37.72018],[-5.33724,37.72078],[-5.33785,37.72189],[-5.33787,37.72243],[-5.33763,37.7227],[-5.33623,37.72289],[-5.33573,37.7232],[-5.33571,37.7238],[-5.33602,37.72442],[-5.33508,37.7252],[-5.33552,37.72609],[-5.33535,37.72664],[-5.33491,37.72681],[-5.3343,37.72648],[-5.33358,37.72649],[-5.33275,37.72848],[-5.33212,37.72802],[-5.33202,37.72674],[-5.33174,37.72635],[-5.33056,37.72666],[-5.33021,37.72719],[-5.32985,37.7289],[-5.33075,37.73176],[-5.33061,37.73396],[-5.33016,37.73521],[-5.33202,37.73678],[-5.33195,37.73726],[-5.32906,37.7373],[-5.32682,37.73862],[-5.32357,37.73916],[-5.32273,37.73952],[-5.32249,37.74001],[-5.32207,37.74016],[-5.32052,37.74042],[-5.31858,37.74027],[-5.31687,37.74149],[-5.31486,37.73999],[-5.31318,37.73992],[-5.31245,37.73947],[-5.31165,37.73952],[-5.31109,37.73992],[-5.31082,37.74142],[-5.31166,37.74269],[-5.31143,37.74332],[-5.31202,37.74393],[-5.31096,37.74417],[-5.31069,37.74446],[-5.31091,37.74565],[-5.31251,37.74623],[-5.3115,37.74732],[-5.31187,37.74819],[-5.31323,37.74901],[-5.3126,37.7501],[-5.31352,37.75083],[-5.31305,37.75141],[-5.31316,37.75176],[-5.31416,37.75294],[-5.31579,37.75353],[-5.31678,37.75462],[-5.31771,37.75487],[-5.31752,37.75544],[-5.31885,37.75716],[-5.319,37.75801],[-5.31869,37.75891],[-5.31737,37.76005],[-5.31702,37.76006],[-5.31655,37.75965],[-5.31605,37.7601],[-5.3164,37.76188],[-5.31621,37.76286],[-5.31516,37.76509],[-5.31631,37.76589],[-5.31457,37.76584],[-5.31338,37.76617],[-5.31307,37.7665],[-5.31237,37.76606],[-5.31143,37.76584],[-5.31078,37.76604],[-5.31084,37.76666],[-5.31041,37.76728],[-5.31077,37.76907],[-5.31267,37.7697],[-5.31293,37.76999],[-5.31137,37.77001],[-5.31024,37.76967],[-5.30992,37.76985],[-5.31001,37.77039],[-5.31085,37.77089],[-5.30999,37.77133],[-5.30977,37.77168],[-5.30995,37.77356],[-5.31075,37.77412],[-5.31347,37.774],[-5.31655,37.77473],[-5.31827,37.77556],[-5.32023,37.77709],[-5.32138,37.7767],[-5.32291,37.77672],[-5.32523,37.77704],[-5.32828,37.77795],[-5.32936,37.77929],[-5.32954,37.78081],[-5.32936,37.78248],[-5.3303,37.78483],[-5.33079,37.78509],[-5.33247,37.78519],[-5.33373,37.78564],[-5.33446,37.78604],[-5.33491,37.78677],[-5.3334,37.78615],[-5.32994,37.78562],[-5.32893,37.78325],[-5.32866,37.78026],[-5.32813,37.77951],[-5.32734,37.779],[-5.32313,37.77762],[-5.32143,37.7779],[-5.32006,37.77776],[-5.31525,37.77542],[-5.31407,37.77515],[-5.3104,37.77507],[-5.30948,37.77477],[-5.30895,37.77426],[-5.30843,37.77266],[-5.3079,37.77183],[-5.3081,37.77117],[-5.30753,37.76573],[-5.31034,37.76452],[-5.31334,37.7647],[-5.31416,37.76439],[-5.31478,37.76284],[-5.31495,37.76169],[-5.31457,37.76056],[-5.3135,37.76015],[-5.31445,37.75973],[-5.31531,37.75867],[-5.31727,37.75827],[-5.31739,37.75802],[-5.31591,37.75627],[-5.31496,37.75463],[-5.31328,37.75388],[-5.31183,37.75268],[-5.31072,37.7497],[-5.30873,37.74852],[-5.30911,37.74732],[-5.30904,37.74617],[-5.3083,37.74381],[-5.30768,37.74346],[-5.30383,37.74528],[-5.303,37.74636],[-5.3029,37.74684],[-5.30313,37.74748],[-5.30263,37.74791],[-5.30204,37.74787],[-5.30081,37.74674],[-5.29992,37.74694],[-5.29971,37.74738],[-5.29997,37.7482],[-5.30168,37.7489],[-5.30056,37.74955],[-5.29834,37.74926],[-5.29707,37.74973],[-5.29671,37.75082],[-5.29553,37.75187],[-5.29516,37.75413],[-5.29488,37.75405],[-5.2945,37.75321],[-5.29376,37.75318],[-5.29294,37.75403],[-5.29179,37.75448],[-5.29162,37.7549],[-5.29196,37.75572],[-5.29133,37.75606],[-5.29092,37.75679],[-5.28887,37.75619],[-5.28816,37.7565],[-5.28804,37.75831],[-5.28866,37.76075],[-5.29051,37.76255],[-5.29108,37.7639],[-5.29111,37.76491],[-5.29052,37.76609],[-5.28877,37.7668],[-5.28828,37.76675],[-5.28802,37.76635],[-5.28796,37.76522],[-5.28708,37.7648],[-5.28642,37.76501],[-5.28533,37.76599],[-5.28367,37.76599],[-5.28314,37.76545],[-5.28294,37.76485],[-5.283,37.76396],[-5.28341,37.7629],[-5.28281,37.76144],[-5.28295,37.76008],[-5.28264,37.75941],[-5.28158,37.75893],[-5.2807,37.75948],[-5.27976,37.75948],[-5.27925,37.75907],[-5.27928,37.75838],[-5.27892,37.75808],[-5.27745,37.75846],[-5.2771,37.75883],[-5.27731,37.7594],[-5.27911,37.75971],[-5.27989,37.76063],[-5.27967,37.7615],[-5.27835,37.76235],[-5.27831,37.76261],[-5.27895,37.76362],[-5.28039,37.76429],[-5.28081,37.76563],[-5.28174,37.76687],[-5.28243,37.76727],[-5.28271,37.76876],[-5.28248,37.76936],[-5.28139,37.76985],[-5.27991,37.77176],[-5.27825,37.77198],[-5.2767,37.7729],[-5.27492,37.77297],[-5.27328,37.77208],[-5.27178,37.77281],[-5.27078,37.77297],[-5.26807,37.77192],[-5.26695,37.77229],[-5.26625,37.7732],[-5.26572,37.77322],[-5.26559,37.7728],[-5.26669,37.77068],[-5.26676,37.76985],[-5.26503,37.77285],[-5.26397,37.77392],[-5.26304,37.77398],[-5.26158,37.77294],[-5.26083,37.77319],[-5.26051,37.77409],[-5.26063,37.77485],[-5.26114,37.77547],[-5.26247,37.77614],[-5.26312,37.77586],[-5.26504,37.7736],[-5.26532,37.77348],[-5.26561,37.7737],[-5.26293,37.77733],[-5.2634,37.77791],[-5.26334,37.77832],[-5.26266,37.77845],[-5.26177,37.77782],[-5.26108,37.77819],[-5.25978,37.78223],[-5.25911,37.78261],[-5.25865,37.78254],[-5.25846,37.78111],[-5.25754,37.78107],[-5.25788,37.78022],[-5.25696,37.78015],[-5.2563,37.78069],[-5.2564,37.78122],[-5.25791,37.78289],[-5.25815,37.7839],[-5.25724,37.78444],[-5.25586,37.78419],[-5.25567,37.78434],[-5.25551,37.78488],[-5.25569,37.78586],[-5.25521,37.78619],[-5.25513,37.78679],[-5.25564,37.78755],[-5.25764,37.78894],[-5.25992,37.78926],[-5.25996,37.78982],[-5.25896,37.79229],[-5.26061,37.79248],[-5.2617,37.79325],[-5.2631,37.79317],[-5.26247,37.79381],[-5.26282,37.7941],[-5.26358,37.79404],[-5.26394,37.79425],[-5.26375,37.79524],[-5.26602,37.79583],[-5.26665,37.79645],[-5.26757,37.79683],[-5.26791,37.79759],[-5.26832,37.79786],[-5.26893,37.798],[-5.26975,37.79749],[-5.27005,37.79871],[-5.27123,37.79895],[-5.2718,37.79851],[-5.27239,37.79741],[-5.27293,37.7972],[-5.27384,37.79728],[-5.2738,37.79777],[-5.27412,37.79798],[-5.27507,37.79739],[-5.27611,37.79756],[-5.27789,37.79921],[-5.27915,37.80001],[-5.28018,37.802],[-5.28074,37.80257],[-5.28145,37.80279],[-5.282,37.80211],[-5.28284,37.80208],[-5.28324,37.80239],[-5.28337,37.80327],[-5.28381,37.80339],[-5.28419,37.80335],[-5.28457,37.80265],[-5.28495,37.80322],[-5.28643,37.80369],[-5.28704,37.80467],[-5.28774,37.80524],[-5.29325,37.80786],[-5.29634,37.80968],[-5.29767,37.81116],[-5.2931,37.80853],[-5.28811,37.80618],[-5.28499,37.80413],[-5.28267,37.80395],[-5.28193,37.80349],[-5.28036,37.80301],[-5.27924,37.80309],[-5.27843,37.80219],[-5.27705,37.80141],[-5.27632,37.80003],[-5.27421,37.79889],[-5.27352,37.79895],[-5.27233,37.79963],[-5.271,37.79978],[-5.26848,37.79937],[-5.26729,37.79885],[-5.26706,37.79902],[-5.2672,37.79941],[-5.26703,37.79958],[-5.26632,37.79884],[-5.26561,37.79856],[-5.26356,37.79893],[-5.26197,37.7985],[-5.26075,37.79761],[-5.25946,37.7975],[-5.25912,37.79721],[-5.2589,37.79642],[-5.25854,37.79618],[-5.25684,37.79627],[-5.25626,37.79608],[-5.25547,37.79636],[-5.25501,37.79726],[-5.25439,37.79775],[-5.25421,37.79867],[-5.25472,37.79994],[-5.25465,37.80047],[-5.25309,37.79929],[-5.25294,37.79811],[-5.25363,37.79537],[-5.25285,37.79404],[-5.24947,37.79228],[-5.24797,37.79237],[-5.24129,37.79519],[-5.23907,37.79887],[-5.23939,37.79972],[-5.24096,37.80043],[-5.24303,37.80544],[-5.24252,37.80575],[-5.24101,37.80507],[-5.24025,37.80529],[-5.24008,37.80721],[-5.23903,37.80816],[-5.23873,37.80931],[-5.23785,37.81009],[-5.23755,37.81231],[-5.23781,37.81286],[-5.23643,37.81342],[-5.23554,37.81467],[-5.23598,37.81536],[-5.23583,37.81602],[-5.23603,37.81689],[-5.23676,37.81734],[-5.23664,37.81793],[-5.23761,37.81889],[-5.23831,37.8205],[-5.23962,37.82119],[-5.23932,37.82176],[-5.2384,37.82257],[-5.23723,37.82547],[-5.23658,37.82542],[-5.23593,37.8243],[-5.23537,37.82402],[-5.23593,37.82321],[-5.23576,37.8225],[-5.23556,37.82231],[-5.2343,37.82225],[-5.23543,37.82146],[-5.23559,37.8209],[-5.23423,37.81945],[-5.23356,37.81914],[-5.23296,37.81918],[-5.23132,37.82065],[-5.2308,37.82054],[-5.22971,37.81956],[-5.22841,37.8191],[-5.22779,37.81915],[-5.22694,37.81996],[-5.22778,37.82065],[-5.2286,37.82217],[-5.2285,37.82253],[-5.22704,37.82245],[-5.22535,37.82285],[-5.22331,37.82294],[-5.22235,37.82328],[-5.22208,37.82359],[-5.22254,37.82422],[-5.22171,37.82484],[-5.22113,37.82625],[-5.21976,37.82827],[-5.21966,37.82907],[-5.21807,37.83068],[-5.21662,37.83153],[-5.21604,37.83293],[-5.21124,37.8357],[-5.21135,37.83511],[-5.21191,37.8347],[-5.21538,37.8327],[-5.21606,37.83131],[-5.21827,37.82975],[-5.22047,37.82557],[-5.22089,37.8238],[-5.22047,37.82308],[-5.21835,37.82263],[-5.21713,37.82176],[-5.21648,37.82055],[-5.21663,37.81903],[-5.21544,37.81857],[-5.21346,37.81643],[-5.21167,37.81612],[-5.21088,37.81522],[-5.20992,37.81539],[-5.20978,37.81511],[-5.21001,37.8145],[-5.20982,37.81428],[-5.20674,37.81449],[-5.20589,37.81351],[-5.20555,37.81243],[-5.20435,37.81296],[-5.20348,37.81265],[-5.20414,37.8113],[-5.20401,37.80989],[-5.20422,37.80908],[-5.20506,37.80813],[-5.20602,37.80757],[-5.20787,37.8074],[-5.21081,37.80873],[-5.21174,37.80887],[-5.21443,37.80872],[-5.21492,37.80846],[-5.2152,37.80788],[-5.21516,37.80592],[-5.21439,37.80281],[-5.21453,37.80128],[-5.21347,37.79981],[-5.21186,37.7994],[-5.21141,37.79903],[-5.21201,37.79794],[-5.21097,37.79649],[-5.21148,37.79564],[-5.21129,37.79452],[-5.20936,37.79242],[-5.20816,37.79205],[-5.20758,37.78905],[-5.20722,37.78861],[-5.20621,37.78845],[-5.2054,37.78877],[-5.20356,37.79037],[-5.19976,37.79285],[-5.1996,37.79334],[-5.20058,37.79427],[-5.19922,37.79528],[-5.1981,37.79567],[-5.19798,37.79611],[-5.19825,37.79749],[-5.19684,37.79941],[-5.19694,37.80119],[-5.1965,37.80171],[-5.19586,37.80155],[-5.19539,37.80081],[-5.19391,37.80039],[-5.19267,37.79915],[-5.19196,37.79929],[-5.19108,37.80015],[-5.19033,37.80012],[-5.19028,37.79974],[-5.19096,37.79874],[-5.1911,37.7961],[-5.19073,37.79556],[-5.1888,37.79532],[-5.18757,37.79547],[-5.18659,37.79605],[-5.18417,37.79672],[-5.18343,37.79738],[-5.18159,37.79802],[-5.179,37.79832],[-5.18053,37.79937],[-5.18086,37.79991],[-5.18118,37.80223],[-5.18094,37.80299],[-5.18051,37.80322],[-5.18025,37.80296],[-5.18018,37.80171],[-5.17928,37.80034],[-5.17876,37.80009],[-5.17658,37.80031],[-5.17523,37.79983],[-5.17452,37.79982],[-5.17266,37.80151],[-5.17243,37.8014],[-5.17228,37.79989],[-5.1713,37.79983],[-5.17009,37.80034],[-5.17,37.80179],[-5.1696,37.8019],[-5.16913,37.80109],[-5.16868,37.80101],[-5.16836,37.80131],[-5.1682,37.80222],[-5.16789,37.80246],[-5.16757,37.80229],[-5.16765,37.80108],[-5.16747,37.80073],[-5.16683,37.80085],[-5.16667,37.80153],[-5.16637,37.8016],[-5.16601,37.80139],[-5.16572,37.80025],[-5.16488,37.79996],[-5.16391,37.80056],[-5.16195,37.80089],[-5.16183,37.80111],[-5.16266,37.80201],[-5.16265,37.80235],[-5.16109,37.80209],[-5.15849,37.80373],[-5.15634,37.80314],[-5.15569,37.80317],[-5.15517,37.80449],[-5.15488,37.8047],[-5.15451,37.80462],[-5.15463,37.80249],[-5.15399,37.80202],[-5.15342,37.80208],[-5.15272,37.80282],[-5.15166,37.80308],[-5.15009,37.80305],[-5.14727,37.80421],[-5.14672,37.80394],[-5.14765,37.80308],[-5.14784,37.80269],[-5.14766,37.80243],[-5.14705,37.80237],[-5.14579,37.80304],[-5.14474,37.80243],[-5.14386,37.8024],[-5.14301,37.80272],[-5.14252,37.8036],[-5.14179,37.80423],[-5.14175,37.80449],[-5.14221,37.80495],[-5.1415,37.80572],[-5.14122,37.80564],[-5.14152,37.80529],[-5.14142,37.80502],[-5.13935,37.80355],[-5.13867,37.80389],[-5.13848,37.80459],[-5.13749,37.80532],[-5.13656,37.80433],[-5.1333,37.80432],[-5.13263,37.80478],[-5.1316,37.80606],[-5.13094,37.80644],[-5.13033,37.80597],[-5.13079,37.80483],[-5.13023,37.80462],[-5.1258,37.80708],[-5.1248,37.80681],[-5.12314,37.80715],[-5.11797,37.80704],[-5.11463,37.80629],[-5.11269,37.80672],[-5.11221,37.80747],[-5.11177,37.80768],[-5.11132,37.80707],[-5.11058,37.80688],[-5.10991,37.8073],[-5.10956,37.80853],[-5.10782,37.80879],[-5.10619,37.80946],[-5.10366,37.80927],[-5.10284,37.80875],[-5.09871,37.80901],[-5.0964,37.80864],[-5.09411,37.80914],[-5.09306,37.80865],[-5.09264,37.80868],[-5.09195,37.80933],[-5.08976,37.81005],[-5.08953,37.81052],[-5.09018,37.81134],[-5.09169,37.81175],[-5.09394,37.81301],[-5.0978,37.81462],[-5.09805,37.81495],[-5.09713,37.81493],[-5.09487,37.81419],[-5.09241,37.81306],[-5.09153,37.81318],[-5.09046,37.81381],[-5.09021,37.81506],[-5.089,37.81541],[-5.08585,37.81724],[-5.08572,37.81771],[-5.08622,37.81854],[-5.08611,37.81892],[-5.08507,37.81833],[-5.08461,37.81868],[-5.08479,37.81932],[-5.08685,37.82223],[-5.08981,37.82441],[-5.08949,37.8249],[-5.08854,37.82475],[-5.08814,37.82501],[-5.0882,37.82652],[-5.08754,37.82597],[-5.08713,37.82592],[-5.08641,37.82676],[-5.08702,37.82813],[-5.08699,37.82896],[-5.08803,37.83039],[-5.08797,37.83213],[-5.089,37.83343],[-5.08933,37.83424],[-5.08948,37.83558],[-5.08824,37.8369],[-5.08817,37.83833],[-5.08754,37.83707],[-5.08738,37.83506],[-5.0858,37.83328],[-5.08519,37.83299],[-5.08451,37.8316],[-5.08441,37.83037],[-5.0837,37.82998],[-5.08414,37.82936],[-5.08376,37.82914],[-5.08337,37.82836],[-5.08205,37.82763],[-5.08295,37.82503],[-5.08284,37.82458],[-5.08204,37.82397],[-5.08062,37.82535],[-5.08001,37.82544],[-5.08074,37.82308],[-5.08153,37.82208],[-5.08138,37.82012],[-5.08106,37.8198],[-5.08028,37.82095],[-5.07986,37.82078],[-5.07997,37.82004],[-5.07923,37.81954],[-5.07878,37.81963],[-5.07816,37.82037],[-5.07776,37.82035],[-5.07703,37.81938],[-5.07745,37.81806],[-5.0762,37.8176],[-5.07578,37.81692],[-5.0751,37.81705],[-5.0746,37.81749],[-5.07557,37.81868],[-5.07531,37.81914],[-5.07404,37.81873],[-5.07394,37.81799],[-5.07347,37.81731],[-5.07248,37.8168],[-5.07131,37.81676],[-5.07083,37.81718],[-5.07097,37.81795],[-5.07174,37.8187],[-5.07054,37.81933],[-5.07034,37.81995],[-5.0707,37.8204],[-5.07193,37.82083],[-5.07135,37.8216],[-5.07146,37.82256],[-5.07114,37.82401],[-5.07128,37.82455],[-5.07204,37.82519],[-5.0713,37.82697],[-5.07132,37.82791],[-5.0692,37.82896],[-5.06903,37.82928],[-5.0693,37.83009],[-5.06833,37.83006],[-5.06793,37.83034],[-5.06793,37.83327],[-5.06741,37.83433],[-5.0664,37.83522],[-5.06724,37.8326],[-5.06711,37.83228],[-5.0662,37.83178],[-5.06675,37.83154],[-5.06684,37.83121],[-5.06544,37.831],[-5.06605,37.83037],[-5.06586,37.82735],[-5.06691,37.82634],[-5.06749,37.82426],[-5.06745,37.82362],[-5.06674,37.82298],[-5.06665,37.82238],[-5.06603,37.8215],[-5.06692,37.82054],[-5.06708,37.81963],[-5.06647,37.81917],[-5.06424,37.81918],[-5.06382,37.8189],[-5.06593,37.81827],[-5.06674,37.81762],[-5.06666,37.81736],[-5.06582,37.81712],[-5.06624,37.81649],[-5.06628,37.81594],[-5.06556,37.81504],[-5.0652,37.81509],[-5.06455,37.81585],[-5.06393,37.81613],[-5.06388,37.81524],[-5.06344,37.81498],[-5.06211,37.81524],[-5.06017,37.81493],[-5.05616,37.81499],[-5.05632,37.8159],[-5.05707,37.81664],[-5.05693,37.8167],[-5.0561,37.81647],[-5.0552,37.81528],[-5.05483,37.81531],[-5.05451,37.81574],[-5.05448,37.81626],[-5.05511,37.81702],[-5.05374,37.81669],[-5.05287,37.81697],[-5.05258,37.81771],[-5.05316,37.81864],[-5.05207,37.81855],[-5.0516,37.81961],[-5.05199,37.81986],[-5.05199,37.82012],[-5.05112,37.82023],[-5.05064,37.82056],[-5.05087,37.82153],[-5.04966,37.82134],[-5.04951,37.82148],[-5.04983,37.82195],[-5.04976,37.82227],[-5.04907,37.82196],[-5.04839,37.8222],[-5.04764,37.8232],[-5.04728,37.82437],[-5.04415,37.82726],[-5.04394,37.82712],[-5.04406,37.82629],[-5.04535,37.82417],[-5.04525,37.82354],[-5.04598,37.82347],[-5.04626,37.82302],[-5.0454,37.82223],[-5.04666,37.82201],[-5.04792,37.82106],[-5.04827,37.82026],[-5.04936,37.81964],[-5.04947,37.81898],[-5.04859,37.81863],[-5.05011,37.81787],[-5.04992,37.81696],[-5.05096,37.81515],[-5.05086,37.81488],[-5.04986,37.81492],[-5.04848,37.81441],[-5.05014,37.81403],[-5.05003,37.81363],[-5.0484,37.81378],[-5.04916,37.81325],[-5.04884,37.81284],[-5.04991,37.81311],[-5.05023,37.81273],[-5.05019,37.8124],[-5.04653,37.81111],[-5.04691,37.81075],[-5.04859,37.81089],[-5.04903,37.8104],[-5.04868,37.80997],[-5.04614,37.80891],[-5.04716,37.80844],[-5.0475,37.80802],[-5.04678,37.80687],[-5.04266,37.80549],[-5.04011,37.80497],[-5.0396,37.80525],[-5.03987,37.80648],[-5.03961,37.80749],[-5.03925,37.80759],[-5.03902,37.80703],[-5.03864,37.80699],[-5.03757,37.80797],[-5.03743,37.80765],[-5.03839,37.80568],[-5.03837,37.80529],[-5.03811,37.80498],[-5.03701,37.80475],[-5.03536,37.80508],[-5.03492,37.80475],[-5.03426,37.80474],[-5.03354,37.8052],[-5.03296,37.80622],[-5.03237,37.80655],[-5.03161,37.80585],[-5.03002,37.80617],[-5.03002,37.80552],[-5.0291,37.80585],[-5.02794,37.80675],[-5.02774,37.80674],[-5.0275,37.80615],[-5.02664,37.80588],[-5.0225,37.80605],[-5.02176,37.80626],[-5.02042,37.8075],[-5.0188,37.8101],[-5.01882,37.81223],[-5.01855,37.81369],[-5.01783,37.8149],[-5.01656,37.81567],[-5.01666,37.81595],[-5.01725,37.81606],[-5.01713,37.81631],[-5.01517,37.81748],[-5.01445,37.81851],[-5.01316,37.81955],[-5.01173,37.8202],[-5.01004,37.82054],[-5.00939,37.82098],[-5.00951,37.82115],[-5.01257,37.82123],[-5.01301,37.8215],[-5.013,37.82191],[-5.01007,37.82157],[-5.00743,37.82198],[-5.0071,37.82232],[-5.0074,37.82316],[-5.00708,37.82424],[-5.0077,37.82513],[-5.00761,37.82538],[-5.00665,37.82492],[-5.00663,37.82335],[-5.00533,37.82247],[-5.00448,37.82266],[-5.0005,37.82484],[-5.00025,37.82545],[-4.99827,37.82747],[-4.99714,37.82915],[-4.99758,37.83016],[-4.9967,37.83153],[-4.99737,37.83311],[-4.99702,37.83303],[-4.99603,37.83158],[-4.99517,37.83123],[-4.99385,37.83163],[-4.99274,37.83319],[-4.99139,37.83192],[-4.98973,37.83197],[-4.98489,37.83326],[-4.98532,37.83536],[-4.98507,37.83581],[-4.98406,37.83354],[-4.98294,37.83329],[-4.98106,37.83337],[-4.97968,37.83405],[-4.97822,37.83531],[-4.97793,37.83587],[-4.97767,37.83783],[-4.9774,37.83763],[-4.97701,37.83643],[-4.97765,37.83511],[-4.97675,37.83414],[-4.9738,37.8345],[-4.97313,37.83526],[-4.97154,37.83589],[-4.97054,37.83658],[-4.96923,37.83644],[-4.96804,37.83664],[-4.96812,37.83637],[-4.96949,37.83572],[-4.96863,37.8349],[-4.96771,37.83466],[-4.96734,37.83377],[-4.96691,37.83359],[-4.96424,37.8341],[-4.96333,37.83498],[-4.96303,37.83621],[-4.96233,37.83751],[-4.96296,37.8381],[-4.96467,37.83795],[-4.96414,37.83896],[-4.96452,37.83977],[-4.96366,37.84059],[-4.96289,37.84093],[-4.96218,37.84184],[-4.9625,37.84276],[-4.96096,37.84308],[-4.96041,37.84399],[-4.95956,37.84472],[-4.95948,37.84697],[-4.95804,37.84792],[-4.95676,37.84784],[-4.95554,37.84877],[-4.95306,37.84963],[-4.95269,37.8501],[-4.95267,37.85102],[-4.95022,37.8524],[-4.94902,37.85387],[-4.94805,37.85587],[-4.946,37.85731],[-4.94318,37.86026],[-4.9439,37.8627],[-4.94251,37.86146],[-4.94155,37.86017],[-4.93853,37.86027],[-4.93619,37.86002],[-4.93524,37.86049],[-4.93253,37.8611],[-4.92943,37.86133],[-4.92613,37.8611],[-4.92443,37.86163],[-4.92306,37.86159],[-4.92176,37.86122],[-4.91983,37.86127],[-4.91932,37.86096],[-4.91775,37.85894],[-4.91577,37.85777],[-4.91476,37.85784],[-4.91276,37.85746],[-4.91186,37.85689],[-4.9105,37.85716],[-4.90929,37.85771],[-4.90852,37.85764],[-4.90775,37.85804],[-4.90729,37.85797],[-4.90705,37.85757],[-4.90721,37.85571],[-4.90676,37.85435],[-4.90714,37.85388],[-4.90835,37.85326],[-4.90809,37.8527],[-4.90197,37.85526],[-4.90093,37.85431],[-4.89997,37.85388],[-4.89954,37.85397],[-4.89879,37.85474],[-4.89803,37.85469],[-4.89815,37.85373],[-4.89794,37.85319],[-4.89929,37.85272],[-4.89901,37.85206],[-4.8965,37.85242],[-4.89419,37.85152],[-4.89316,37.85163],[-4.89283,37.85188],[-4.89243,37.8532],[-4.8916,37.85384],[-4.89151,37.85433],[-4.88922,37.8544],[-4.88585,37.85507],[-4.88124,37.85475],[-4.87931,37.85494],[-4.87885,37.85517],[-4.87825,37.85595],[-4.87763,37.85607],[-4.8769,37.85595],[-4.87657,37.8553],[-4.87618,37.85514],[-4.87389,37.85503],[-4.87337,37.85543],[-4.87176,37.85852],[-4.87061,37.85943],[-4.86655,37.86163],[-4.86614,37.8614],[-4.86623,37.86106],[-4.86913,37.85927],[-4.87084,37.85718],[-4.87125,37.85634],[-4.8711,37.85594],[-4.86981,37.85605],[-4.86745,37.85669],[-4.86633,37.85631],[-4.86446,37.85624],[-4.86263,37.8554],[-4.85917,37.85282],[-4.85852,37.85291],[-4.85636,37.85431],[-4.85422,37.85415],[-4.85318,37.85466],[-4.85324,37.85404],[-4.85358,37.85372],[-4.85436,37.85355],[-4.85509,37.85388],[-4.85582,37.85355],[-4.85667,37.85173],[-4.85673,37.85113],[-4.85637,37.85072],[-4.85526,37.85026],[-4.85428,37.85017],[-4.85303,37.85085],[-4.84847,37.85453],[-4.84757,37.85683],[-4.84769,37.85765],[-4.84591,37.85984],[-4.8422,37.86185],[-4.83853,37.86064],[-4.8384,37.86107],[-4.84159,37.86262],[-4.84029,37.86313],[-4.83918,37.86477],[-4.83818,37.86527],[-4.83734,37.86492],[-4.8376,37.86308],[-4.83703,37.86239],[-4.83235,37.86321],[-4.83244,37.86445],[-4.83204,37.86465],[-4.83163,37.86436],[-4.83122,37.8634],[-4.8307,37.86304],[-4.8292,37.86321],[-4.82678,37.86266],[-4.82512,37.86259],[-4.82368,37.86196],[-4.82164,37.86214],[-4.82007,37.86197],[-4.81631,37.86124],[-4.81225,37.86008],[-4.80771,37.85987],[-4.80688,37.85956],[-4.80545,37.85947],[-4.79573,37.86265],[-4.79442,37.86387],[-4.79234,37.86711],[-4.79129,37.8683],[-4.78962,37.86979],[-4.78815,37.8706],[-4.78552,37.8712],[-4.77126,37.87236],[-4.76911,37.87302],[-4.76721,37.87401],[-4.76568,37.87621],[-4.76475,37.87701],[-4.76074,37.87762],[-4.7582,37.87686],[-4.75363,37.88311],[-4.75156,37.88501],[-4.75015,37.88592],[-4.74926,37.88617],[-4.74701,37.88627],[-4.74879,37.886],[-4.7499,37.88543],[-4.74948,37.88521],[-4.74807,37.88533],[-4.74695,37.88474],[-4.74687,37.88447],[-4.74726,37.88391],[-4.74903,37.88311],[-4.74926,37.88281],[-4.74887,37.88243],[-4.7479,37.88229],[-4.74724,37.87959],[-4.74293,37.87924],[-4.7428,37.88094],[-4.74324,37.88108],[-4.74381,37.88092],[-4.74404,37.88123],[-4.74282,37.88366],[-4.74242,37.88575],[-4.74188,37.8871],[-4.74217,37.88799],[-4.74303,37.88911],[-4.74263,37.89009],[-4.74127,37.89104],[-4.73742,37.89204],[-4.73461,37.89177],[-4.73104,37.8906],[-4.727,37.88812],[-4.72475,37.88578],[-4.7223,37.88125],[-4.72001,37.87781],[-4.71721,37.87505],[-4.71592,37.87501],[-4.71586,37.87455],[-4.71493,37.8745],[-4.71073,37.87689],[-4.7095,37.87812],[-4.70911,37.87946],[-4.70909,37.88085],[-4.7086,37.8824],[-4.70631,37.88416],[-4.70329,37.88593],[-4.69963,37.88881],[-4.69959,37.89112],[-4.70028,37.89389],[-4.70338,37.89831],[-4.70664,37.90563],[-4.70516,37.90532],[-4.70347,37.90671],[-4.70066,37.90848],[-4.69416,37.91178],[-4.69414,37.91277],[-4.69558,37.91487],[-4.69546,37.91604],[-4.69035,37.92081],[-4.68375,37.92498],[-4.67899,37.9271],[-4.67852,37.92709],[-4.67481,37.92843],[-4.67189,37.92908],[-4.66587,37.92957],[-4.66464,37.92921],[-4.66469,37.92889],[-4.66614,37.92834],[-4.67505,37.92714]]]},"geometry_name":"geom","properties":{"id_dera":10100300019117,"altura":100,"procedenci":"Restitución","categoria":"Maestra"}},{"type":"Feature","id":"g01_03_CurvaNivel.10100300024881","geometry":{"type":"MultiLineString","coordinates":[[[-5.443,37.36366],[-5.4431,37.36239],[-5.44233,37.36142],[-5.44084,37.36039],[-5.44013,37.36054],[-5.43936,37.36118],[-5.43931,37.36163],[-5.43967,37.36263],[-5.4389,37.36256],[-5.43763,37.35987],[-5.43694,37.35905],[-5.43723,37.35819],[-5.43873,37.3575],[-5.43909,37.35672],[-5.43908,37.35495],[-5.43967,37.35397],[-5.43984,37.35315],[-5.43944,37.3524],[-5.43878,37.35197],[-5.43746,37.35174],[-5.43513,37.35234],[-5.43234,37.35364],[-5.43202,37.35431],[-5.43205,37.35509],[-5.43318,37.35699],[-5.43303,37.35743],[-5.43244,37.35768],[-5.43127,37.35754],[-5.42859,37.35652],[-5.4282,37.35568],[-5.42616,37.35568],[-5.42423,37.35497],[-5.42267,37.35515],[-5.42163,37.3547],[-5.42057,37.35461],[-5.41867,37.35377],[-5.41654,37.354],[-5.41425,37.35384],[-5.41344,37.35355],[-5.41321,37.35151],[-5.41249,37.35102],[-5.41217,37.34999],[-5.41152,37.34948],[-5.41188,37.34915],[-5.41289,37.34924],[-5.41304,37.34991],[-5.41424,37.35032],[-5.41473,37.35019],[-5.41493,37.34977],[-5.4147,37.34821],[-5.41404,37.34741],[-5.41413,37.3463],[-5.41321,37.34511],[-5.41315,37.34406],[-5.4143,37.34335],[-5.41518,37.34216],[-5.41611,37.34169],[-5.41715,37.34153],[-5.41749,37.34095],[-5.41741,37.34001],[-5.41774,37.33968],[-5.41864,37.33962],[-5.41905,37.34018],[-5.41953,37.34029],[-5.4203,37.33969],[-5.42086,37.33857],[-5.4215,37.33844],[-5.42223,37.33905],[-5.42281,37.33898],[-5.42336,37.33794],[-5.42506,37.33768],[-5.42588,37.33721],[-5.42667,37.33566],[-5.42768,37.33512],[-5.42834,37.33423],[-5.4295,37.33333],[-5.43395,37.33145],[-5.43463,37.33053],[-5.4345,37.32931],[-5.43415,37.32858],[-5.4329,37.3277],[-5.43272,37.32716],[-5.4329,37.32658],[-5.43418,37.32487],[-5.43578,37.32405],[-5.43784,37.32385],[-5.43847,37.32398],[-5.43935,37.32348],[-5.44059,37.32349],[-5.44268,37.32236],[-5.44428,37.32214],[-5.44458,37.32162],[-5.44429,37.32066],[-5.44579,37.31934],[-5.44587,37.31793],[-5.44855,37.3168],[-5.44892,37.31594],[-5.4516,37.31633],[-5.45355,37.31541],[-5.45426,37.31541],[-5.45429,37.3158],[-5.45385,37.31634],[-5.45216,37.31683],[-5.45187,37.31723],[-5.4521,37.3176],[-5.45315,37.31813],[-5.45285,37.31887],[-5.45191,37.31983],[-5.45217,37.32034],[-5.45286,37.32061],[-5.45356,37.32048],[-5.45421,37.32005],[-5.45503,37.31859],[-5.4557,37.31793],[-5.45919,37.3178],[-5.45952,37.31681],[-5.45886,37.31571],[-5.45769,37.3149],[-5.45557,37.31417],[-5.45501,37.31364],[-5.45497,37.31304],[-5.45564,37.31207],[-5.45561,37.31161],[-5.45264,37.31056],[-5.45058,37.30897],[-5.45148,37.30859],[-5.45402,37.30906],[-5.45487,37.30874],[-5.45489,37.30798],[-5.45383,37.30443],[-5.45382,37.30366],[-5.45576,37.30482],[-5.45924,37.30559],[-5.46084,37.30538],[-5.46192,37.30457],[-5.46296,37.30318],[-5.46272,37.3023],[-5.46216,37.30185],[-5.46036,37.30138],[-5.46044,37.30086],[-5.4594,37.30047],[-5.46205,37.30058],[-5.46341,37.29948],[-5.46399,37.29942],[-5.46443,37.2999],[-5.46369,37.30102],[-5.46421,37.30162],[-5.46558,37.30191],[-5.46846,37.30145],[-5.4694,37.3008],[-5.46941,37.30003],[-5.46717,37.29822],[-5.46689,37.29706],[-5.46759,37.29696],[-5.46913,37.29812],[-5.46969,37.29754],[-5.46974,37.29634],[-5.47012,37.29619],[-5.4705,37.29643],[-5.47014,37.29795],[-5.47124,37.29863],[-5.47048,37.29965],[-5.4708,37.30036],[-5.47192,37.30058],[-5.47408,37.3003],[-5.47573,37.30095],[-5.47668,37.30104],[-5.47848,37.30074],[-5.48113,37.2995],[-5.48128,37.29888],[-5.4802,37.29715],[-5.48021,37.29671],[-5.4831,37.29776],[-5.48346,37.29857],[-5.48393,37.29874],[-5.48455,37.29854],[-5.48594,37.29722],[-5.48792,37.29686],[-5.49081,37.298],[-5.49099,37.29865],[-5.49026,37.29965],[-5.49029,37.30042],[-5.49215,37.30162],[-5.49309,37.30271],[-5.49466,37.30327],[-5.49779,37.30304],[-5.49888,37.30249],[-5.49926,37.30184],[-5.49829,37.30013],[-5.49708,37.29919],[-5.49683,37.29821],[-5.49614,37.29755],[-5.49624,37.29726],[-5.49689,37.29741],[-5.50053,37.30032],[-5.50107,37.30047],[-5.50168,37.30028],[-5.50268,37.29894],[-5.50198,37.29803],[-5.50188,37.29743],[-5.50135,37.29689],[-5.49916,37.29606],[-5.4994,37.2958],[-5.50038,37.29592],[-5.50106,37.29568],[-5.50149,37.29509],[-5.50165,37.29377],[-5.50619,37.29344],[-5.50803,37.29404],[-5.50997,37.29368],[-5.51029,37.29325],[-5.51008,37.2921],[-5.50907,37.29143],[-5.50985,37.29098],[-5.51008,37.29003],[-5.51,37.28824],[-5.51165,37.29039],[-5.51208,37.29048],[-5.51296,37.28898],[-5.51462,37.28768],[-5.51672,37.2871],[-5.51723,37.2867],[-5.5173,37.28628],[-5.51708,37.28605],[-5.51583,37.28544],[-5.51435,37.28511],[-5.5118,37.28497],[-5.51055,37.28422],[-5.50952,37.28446],[-5.50968,37.28554],[-5.5085,37.2859],[-5.50778,37.28574],[-5.50658,37.28495],[-5.5014,37.2843],[-5.50016,37.28446],[-5.49955,37.28511],[-5.49855,37.28533],[-5.49895,37.28414],[-5.49881,37.28384],[-5.49806,37.28375],[-5.497,37.28441],[-5.49583,37.28346],[-5.49578,37.28296],[-5.49668,37.28241],[-5.49677,37.28204],[-5.49539,37.28133],[-5.49501,37.28061],[-5.49246,37.27939],[-5.4913,37.27908],[-5.49229,37.27822],[-5.49403,37.27805],[-5.49648,37.27832],[-5.50136,37.27666],[-5.50193,37.27686],[-5.5022,37.27763],[-5.50218,37.27814],[-5.50148,37.2791],[-5.5024,37.27927],[-5.50328,37.27827],[-5.50411,37.27903],[-5.50484,37.27899],[-5.50595,37.27812],[-5.5064,37.2767],[-5.50562,37.27604],[-5.5048,37.2758],[-5.5045,37.27588],[-5.50422,37.27665],[-5.50339,37.27627],[-5.50347,37.27525],[-5.50452,37.27391],[-5.50632,37.27326],[-5.51022,37.2732],[-5.51217,37.27268],[-5.51336,37.27182],[-5.51459,37.26984],[-5.51631,37.26877],[-5.51755,37.26875],[-5.51821,37.26773],[-5.51953,37.26773],[-5.52093,37.26848],[-5.5215,37.26926],[-5.52142,37.26997],[-5.52169,37.27033],[-5.52334,37.27014],[-5.52535,37.2708],[-5.5261,37.27061],[-5.5271,37.26943],[-5.52743,37.26837],[-5.52629,37.26435],[-5.52679,37.26405],[-5.52927,37.26404],[-5.52976,37.2636],[-5.53028,37.26255],[-5.53001,37.26181],[-5.52771,37.26191],[-5.52653,37.26117],[-5.52635,37.26038],[-5.5266,37.25989],[-5.52778,37.25964],[-5.52806,37.25938],[-5.52696,37.25905],[-5.52506,37.26004],[-5.52478,37.26205],[-5.52425,37.26276],[-5.52093,37.26184],[-5.51938,37.26115],[-5.51894,37.26066],[-5.51766,37.26057],[-5.51691,37.25985],[-5.51545,37.25917],[-5.5142,37.25946],[-5.51231,37.25934],[-5.51187,37.25897],[-5.51175,37.25796],[-5.51124,37.25772],[-5.51061,37.25791],[-5.51015,37.25837],[-5.51022,37.25994],[-5.5098,37.26063],[-5.50924,37.26037],[-5.50788,37.25891],[-5.50519,37.25951],[-5.50386,37.25896],[-5.50239,37.2587],[-5.50177,37.25884],[-5.49866,37.26084],[-5.49781,37.26114],[-5.49771,37.26079],[-5.49838,37.25902],[-5.49838,37.25738],[-5.49616,37.2571],[-5.4958,37.25571],[-5.49488,37.25512],[-5.49171,37.25465],[-5.48849,37.25386],[-5.48554,37.25436],[-5.48652,37.25358],[-5.48651,37.25246],[-5.48804,37.25267],[-5.48992,37.25221],[-5.49196,37.25212],[-5.49383,37.25159],[-5.4946,37.25065],[-5.49525,37.25054],[-5.49756,37.25114],[-5.49754,37.25253],[-5.49946,37.25352],[-5.50104,37.25322],[-5.50299,37.25216],[-5.50368,37.25202],[-5.50378,37.25246],[-5.50237,37.25402],[-5.50275,37.25432],[-5.50451,37.25425],[-5.50609,37.25358],[-5.50692,37.25246],[-5.5078,37.25193],[-5.509,37.2519],[-5.50977,37.25303],[-5.51044,37.25308],[-5.51229,37.25231],[-5.51401,37.25205],[-5.51563,37.25149],[-5.51784,37.25017],[-5.5196,37.24859],[-5.52104,37.24837],[-5.52258,37.24853],[-5.52317,37.24828],[-5.52339,37.24769],[-5.5256,37.24761],[-5.52588,37.24717],[-5.52544,37.24618],[-5.52602,37.24577],[-5.52892,37.24592],[-5.52937,37.24556],[-5.53011,37.24543],[-5.53063,37.24583],[-5.53052,37.24715],[-5.53112,37.24761],[-5.53271,37.24789],[-5.53481,37.24772],[-5.53636,37.24659],[-5.53804,37.24679],[-5.53871,37.24654],[-5.5381,37.24568],[-5.53848,37.24554],[-5.53944,37.24577],[-5.54026,37.24554],[-5.54145,37.24368],[-5.54281,37.24302],[-5.5431,37.24335],[-5.54255,37.24603],[-5.54288,37.2464],[-5.5432,37.24638],[-5.54414,37.24567],[-5.54418,37.2448],[-5.54369,37.24345],[-5.54385,37.24296],[-5.54432,37.24264],[-5.54495,37.24277],[-5.5474,37.24503],[-5.54865,37.24471],[-5.54927,37.24485],[-5.54947,37.24556],[-5.55036,37.24667],[-5.55098,37.24692],[-5.55281,37.24616],[-5.553,37.2452],[-5.55347,37.24485],[-5.55506,37.24506],[-5.55654,37.24648],[-5.55723,37.24673],[-5.55942,37.24581],[-5.56086,37.24463],[-5.56199,37.24403],[-5.5629,37.24397],[-5.56325,37.24435],[-5.56332,37.24521],[-5.56364,37.24532],[-5.56391,37.24504],[-5.56812,37.23988],[-5.56835,37.23931],[-5.56805,37.23882],[-5.56735,37.23867],[-5.56645,37.23898],[-5.56467,37.24011],[-5.56393,37.24031],[-5.56333,37.24019],[-5.56335,37.23988],[-5.56465,37.23854],[-5.56488,37.238],[-5.56365,37.23723],[-5.56354,37.23681],[-5.56435,37.23618],[-5.56595,37.23629],[-5.56637,37.23613],[-5.56679,37.23547],[-5.56599,37.23482],[-5.56303,37.23498],[-5.56217,37.23456],[-5.56215,37.23432],[-5.56507,37.23292],[-5.56552,37.23215],[-5.56542,37.23179],[-5.56436,37.23053],[-5.56382,37.2304],[-5.56222,37.23157],[-5.56126,37.23199],[-5.55939,37.2323],[-5.55831,37.23199],[-5.5581,37.23153],[-5.55846,37.23071],[-5.55839,37.23022],[-5.55688,37.22958],[-5.55689,37.22733],[-5.55468,37.22667],[-5.55307,37.22688],[-5.55233,37.22779],[-5.5526,37.2283],[-5.55508,37.22958],[-5.55494,37.23028],[-5.5543,37.23119],[-5.55488,37.23192],[-5.55478,37.23242],[-5.55301,37.23236],[-5.55276,37.23258],[-5.55284,37.23344],[-5.55251,37.23409],[-5.55138,37.23405],[-5.55089,37.23436],[-5.55127,37.2356],[-5.55005,37.2357],[-5.54857,37.2368],[-5.54837,37.23721],[-5.54882,37.23871],[-5.54845,37.23939],[-5.54611,37.23989],[-5.54462,37.24096],[-5.54411,37.241],[-5.54348,37.2407],[-5.54126,37.23764],[-5.54,37.23737],[-5.53935,37.23699],[-5.53838,37.23689],[-5.53659,37.23711],[-5.53584,37.23794],[-5.53512,37.23829],[-5.53058,37.23902],[-5.52887,37.23961],[-5.52734,37.24046],[-5.52638,37.24055],[-5.52613,37.24043],[-5.52616,37.23999],[-5.52586,37.23949],[-5.52439,37.23914],[-5.52442,37.23759],[-5.52418,37.23722],[-5.51877,37.23508],[-5.51619,37.2362],[-5.51429,37.23614],[-5.51285,37.23642],[-5.51153,37.23765],[-5.51093,37.23761],[-5.51035,37.23722],[-5.50964,37.23728],[-5.50941,37.23749],[-5.50945,37.2383],[-5.50882,37.23871],[-5.50734,37.23866],[-5.50514,37.23932],[-5.50338,37.23905],[-5.50254,37.23915],[-5.50226,37.23962],[-5.50266,37.2404],[-5.50231,37.24082],[-5.50147,37.2412],[-5.49603,37.24208],[-5.49477,37.24198],[-5.49305,37.24116],[-5.49341,37.2408],[-5.49617,37.23968],[-5.49831,37.23738],[-5.50179,37.23478],[-5.50438,37.23213],[-5.50428,37.2316],[-5.50363,37.23126],[-5.50146,37.23104],[-5.50056,37.23064],[-5.49866,37.23136],[-5.4992,37.22986],[-5.49809,37.22949],[-5.49896,37.2289],[-5.49963,37.2279],[-5.50359,37.22823],[-5.50592,37.22873],[-5.50632,37.22916],[-5.50705,37.22932],[-5.50921,37.229],[-5.51076,37.22774],[-5.51303,37.22683],[-5.51337,37.22624],[-5.51331,37.22493],[-5.51278,37.22453],[-5.51033,37.2243],[-5.51019,37.22403],[-5.51068,37.22255],[-5.50913,37.22245],[-5.5089,37.2218],[-5.5066,37.22227],[-5.50472,37.22204],[-5.50561,37.22167],[-5.50711,37.22159],[-5.50766,37.22122],[-5.50646,37.21972],[-5.50828,37.22082],[-5.509,37.22],[-5.51024,37.22055],[-5.51089,37.22016],[-5.51175,37.22007],[-5.51216,37.21964],[-5.5128,37.21712],[-5.51329,37.21733],[-5.51365,37.21866],[-5.51414,37.21913],[-5.51537,37.21886],[-5.51599,37.21933],[-5.51678,37.21914],[-5.51765,37.2196],[-5.51804,37.22029],[-5.5181,37.22115],[-5.51849,37.22132],[-5.51999,37.22032],[-5.52023,37.21945],[-5.51988,37.21903],[-5.51744,37.21802],[-5.51732,37.21764],[-5.51761,37.21706],[-5.51845,37.21698],[-5.51971,37.21744],[-5.52003,37.21678],[-5.52109,37.21594],[-5.52212,37.21688],[-5.52277,37.21696],[-5.52369,37.2164],[-5.52416,37.21539],[-5.52473,37.21487],[-5.52648,37.21443],[-5.52652,37.21478],[-5.52548,37.21574],[-5.52511,37.21667],[-5.52513,37.21724],[-5.52587,37.21776],[-5.52599,37.21848],[-5.52803,37.21887],[-5.52839,37.21985],[-5.52954,37.22035],[-5.53043,37.22033],[-5.53157,37.21984],[-5.53176,37.22074],[-5.53241,37.22185],[-5.53179,37.22246],[-5.5298,37.22271],[-5.52946,37.22309],[-5.52949,37.2234],[-5.53149,37.22598],[-5.53504,37.22667],[-5.53641,37.22641],[-5.53727,37.2257],[-5.53714,37.22524],[-5.5363,37.22427],[-5.53657,37.2237],[-5.53875,37.22341],[-5.53966,37.22276],[-5.53979,37.22177],[-5.53838,37.22094],[-5.53978,37.22019],[-5.53996,37.21974],[-5.53865,37.21854],[-5.53856,37.21818],[-5.53974,37.21786],[-5.54173,37.21861],[-5.54202,37.21853],[-5.54244,37.2178],[-5.54331,37.21734],[-5.54302,37.21702],[-5.54202,37.21683],[-5.54174,37.21643],[-5.54314,37.21366],[-5.54301,37.21237],[-5.54247,37.21179],[-5.54269,37.21148],[-5.54505,37.21106],[-5.54618,37.21011],[-5.54676,37.21013],[-5.5475,37.21078],[-5.5475,37.21117],[-5.54585,37.21183],[-5.54577,37.21219],[-5.54807,37.21295],[-5.54772,37.21337],[-5.5462,37.21354],[-5.54631,37.21418],[-5.548,37.21459],[-5.54966,37.21364],[-5.55028,37.21364],[-5.55065,37.21399],[-5.55084,37.21511],[-5.55152,37.21568],[-5.552,37.21544],[-5.55232,37.21445],[-5.55301,37.21382],[-5.55339,37.21393],[-5.5535,37.21421],[-5.55357,37.21538],[-5.55445,37.2157],[-5.55546,37.21539],[-5.55604,37.21441],[-5.55756,37.21457],[-5.55933,37.21441],[-5.56089,37.21354],[-5.56239,37.21177],[-5.56312,37.21145],[-5.56375,37.21186],[-5.56407,37.21333],[-5.56495,37.213],[-5.56517,37.21191],[-5.56579,37.21123],[-5.56542,37.21043],[-5.56604,37.2096],[-5.56593,37.2091],[-5.56515,37.20886],[-5.56415,37.20923],[-5.56352,37.20824],[-5.56286,37.20787],[-5.56048,37.20825],[-5.55994,37.20776],[-5.55959,37.20563],[-5.55785,37.20427],[-5.55836,37.20386],[-5.56244,37.20274],[-5.56795,37.20083],[-5.56838,37.20055],[-5.56847,37.19955],[-5.56821,37.19903],[-5.56759,37.19891],[-5.56524,37.19976],[-5.56397,37.1998],[-5.56193,37.19891],[-5.56058,37.19782],[-5.56025,37.19719],[-5.5602,37.19558],[-5.55831,37.19446],[-5.55756,37.19353],[-5.55758,37.19235],[-5.55875,37.18975],[-5.5586,37.18865],[-5.55788,37.18812],[-5.55676,37.18785],[-5.55061,37.18803],[-5.54758,37.18756],[-5.54534,37.18686],[-5.54445,37.18682],[-5.54301,37.18714],[-5.54251,37.18686],[-5.54166,37.18504],[-5.54097,37.18447],[-5.53961,37.18432],[-5.5372,37.18453],[-5.53845,37.18335],[-5.54156,37.1831],[-5.54311,37.18248],[-5.54483,37.18254],[-5.54667,37.18126],[-5.55144,37.18102],[-5.55301,37.18012],[-5.55452,37.18071],[-5.55541,37.18079],[-5.55707,37.18034],[-5.5592,37.18016],[-5.56119,37.17906],[-5.56122,37.17855],[-5.56083,37.17828],[-5.55729,37.17839],[-5.55583,37.17776],[-5.55516,37.17712],[-5.55501,37.17673],[-5.55532,37.17601],[-5.55764,37.17516],[-5.55817,37.17418],[-5.55796,37.17374],[-5.55742,37.17348],[-5.5541,37.17339],[-5.55309,37.17313],[-5.55237,37.17263],[-5.55221,37.1723],[-5.55241,37.17159],[-5.55385,37.17068],[-5.55437,37.16993],[-5.55443,37.16923],[-5.55412,37.16858],[-5.55276,37.168],[-5.5489,37.16762],[-5.54822,37.16732],[-5.54888,37.16703],[-5.55443,37.16632],[-5.55448,37.16594],[-5.55295,37.16529],[-5.55263,37.16471],[-5.55132,37.16407],[-5.55025,37.16389],[-5.55006,37.16352],[-5.55023,37.1632],[-5.55115,37.16292],[-5.55403,37.16276],[-5.55544,37.16206],[-5.55858,37.16112],[-5.55929,37.16029],[-5.56145,37.15887],[-5.56142,37.15833],[-5.56037,37.15667],[-5.56321,37.15761],[-5.56412,37.15755],[-5.56768,37.15661],[-5.56884,37.15578],[-5.56944,37.15504],[-5.56959,37.15407],[-5.56912,37.1533],[-5.56842,37.15291],[-5.56559,37.15231],[-5.56467,37.15092],[-5.56383,37.15047],[-5.56349,37.14981],[-5.56261,37.14936],[-5.56296,37.14872],[-5.56604,37.15088],[-5.56689,37.15106],[-5.5672,37.15094],[-5.56727,37.15049],[-5.56674,37.14927],[-5.5678,37.14725],[-5.56868,37.1468],[-5.5695,37.14674],[-5.57102,37.14743],[-5.57204,37.14741],[-5.57234,37.1472],[-5.57192,37.14558],[-5.57224,37.1453],[-5.57258,37.1455],[-5.57324,37.14689],[-5.57378,37.14691],[-5.57418,37.14661],[-5.57411,37.14552],[-5.57318,37.14417],[-5.57358,37.14228],[-5.57235,37.14154],[-5.57207,37.14023],[-5.57172,37.1398],[-5.56992,37.13914],[-5.56718,37.13682],[-5.56702,37.13633],[-5.56722,37.13505],[-5.56736,37.13493],[-5.56764,37.13515],[-5.56841,37.13665],[-5.56903,37.1373],[-5.57275,37.13958],[-5.57349,37.141],[-5.57465,37.14201],[-5.57436,37.14407],[-5.57571,37.14637],[-5.57561,37.14824],[-5.57617,37.14919],[-5.57721,37.14966],[-5.57759,37.14961],[-5.57807,37.14924],[-5.57866,37.1482],[-5.58025,37.14271],[-5.58148,37.14236],[-5.58337,37.14271],[-5.58538,37.13963],[-5.58568,37.13715],[-5.58709,37.13622],[-5.5874,37.1357],[-5.58875,37.13466],[-5.58891,37.13393],[-5.58787,37.12945],[-5.58812,37.12779],[-5.58691,37.1273],[-5.58567,37.12636],[-5.58412,37.12559],[-5.58471,37.12452],[-5.58473,37.1241],[-5.5844,37.12381],[-5.5847,37.12363],[-5.5866,37.12368],[-5.58806,37.12451],[-5.59001,37.12486],[-5.59069,37.12467],[-5.59149,37.12393],[-5.59187,37.12306],[-5.5919,37.12218],[-5.59078,37.11846],[-5.59068,37.11701],[-5.59176,37.1184],[-5.59349,37.11993],[-5.59392,37.12103],[-5.59523,37.12202],[-5.59543,37.12365],[-5.59617,37.12398],[-5.59754,37.12393],[-5.59866,37.12323],[-5.5982,37.12203],[-5.59811,37.12104],[-5.59724,37.12012],[-5.59769,37.11955],[-5.599,37.12033],[-5.60122,37.12114],[-5.60334,37.12256],[-5.60445,37.12286],[-5.60523,37.12201],[-5.60665,37.12124],[-5.60697,37.12071],[-5.60878,37.12019],[-5.61203,37.12021],[-5.61509,37.1208],[-5.61615,37.12061],[-5.61779,37.1199],[-5.61802,37.1194],[-5.61765,37.11878],[-5.61762,37.11812],[-5.61692,37.11775],[-5.61393,37.1175],[-5.61191,37.11838],[-5.61177,37.11799],[-5.61221,37.11662],[-5.61086,37.11555],[-5.61106,37.11455],[-5.61376,37.11469],[-5.61533,37.11396],[-5.61535,37.11352],[-5.61452,37.11299],[-5.61453,37.11275],[-5.61659,37.11262],[-5.61733,37.11123],[-5.6172,37.11075],[-5.61606,37.11001],[-5.61615,37.10982],[-5.61689,37.10967],[-5.61936,37.11008],[-5.62089,37.10955],[-5.62209,37.1085],[-5.62228,37.10804],[-5.61998,37.10576],[-5.61842,37.10531],[-5.61844,37.10442],[-5.61753,37.10307],[-5.61634,37.10199],[-5.61561,37.10177],[-5.61371,37.10233],[-5.6129,37.1022],[-5.61271,37.10091],[-5.61235,37.10034],[-5.61165,37.09977],[-5.60995,37.09913],[-5.61069,37.09789],[-5.61092,37.09771],[-5.61187,37.09833],[-5.61281,37.09846],[-5.61314,37.09828],[-5.61373,37.09695],[-5.61459,37.09709],[-5.61531,37.09848],[-5.61722,37.0999],[-5.61785,37.10133],[-5.61846,37.10199],[-5.62077,37.10381],[-5.6235,37.10534],[-5.62489,37.10558],[-5.62733,37.10556],[-5.62838,37.10542],[-5.62971,37.10479],[-5.63032,37.10395],[-5.63037,37.1033],[-5.62709,37.10138],[-5.62544,37.09992],[-5.62684,37.09911],[-5.62817,37.09979],[-5.62895,37.09979],[-5.62956,37.09935],[-5.62925,37.09828],[-5.62939,37.09815],[-5.63154,37.09764],[-5.63192,37.09708],[-5.63276,37.09753],[-5.63326,37.09878],[-5.63381,37.09878],[-5.63432,37.09835],[-5.63454,37.09741],[-5.63435,37.09664],[-5.63286,37.09414],[-5.6296,37.09336],[-5.62951,37.09314],[-5.63368,37.09253],[-5.63394,37.0921],[-5.63362,37.09085],[-5.63424,37.09],[-5.63595,37.09021],[-5.63712,37.09218],[-5.63799,37.09284],[-5.63842,37.09249],[-5.63894,37.09136],[-5.64025,37.09225],[-5.64139,37.09221],[-5.64175,37.09166],[-5.64198,37.09056],[-5.6434,37.08961],[-5.64387,37.08872],[-5.64357,37.08839],[-5.64143,37.08878],[-5.64034,37.0886],[-5.6408,37.08754],[-5.64044,37.08681],[-5.64205,37.08657],[-5.64288,37.08569],[-5.64452,37.08502],[-5.6447,37.08449],[-5.64279,37.08329],[-5.64117,37.08283],[-5.6398,37.08315],[-5.63806,37.08424],[-5.63632,37.08462],[-5.63615,37.08452],[-5.63805,37.082],[-5.63798,37.08062],[-5.63915,37.08086],[-5.63958,37.08065],[-5.63996,37.07979],[-5.64073,37.0789],[-5.64114,37.07742],[-5.64159,37.07699],[-5.64256,37.07682],[-5.64301,37.07707],[-5.64291,37.08029],[-5.64333,37.08045],[-5.64364,37.08004],[-5.64485,37.07617],[-5.6482,37.07387],[-5.65026,37.07114],[-5.65104,37.06959],[-5.65311,37.06822],[-5.65356,37.06717],[-5.6531,37.06638],[-5.65214,37.06583],[-5.65121,37.06703],[-5.65056,37.0674],[-5.65051,37.06541],[-5.65024,37.06485],[-5.64971,37.06469],[-5.64863,37.06494],[-5.64807,37.06533],[-5.64608,37.06531],[-5.6452,37.06554],[-5.64382,37.06676],[-5.64253,37.06715],[-5.6417,37.06694],[-5.64113,37.06645],[-5.63808,37.06587],[-5.6378,37.06562],[-5.64544,37.06262],[-5.64657,37.06254],[-5.65101,37.06312],[-5.65168,37.06276],[-5.65203,37.06168],[-5.65266,37.06127],[-5.65358,37.06145],[-5.65414,37.06251],[-5.65504,37.06278],[-5.6577,37.06256],[-5.65856,37.0618],[-5.65867,37.05983],[-5.65913,37.0593],[-5.66027,37.0566],[-5.66019,37.0559],[-5.65989,37.05567],[-5.65847,37.05576],[-5.65666,37.05671],[-5.65595,37.05802],[-5.6545,37.05858],[-5.6527,37.06032],[-5.65217,37.0603],[-5.65124,37.05962],[-5.65067,37.05967],[-5.64895,37.06037],[-5.6474,37.06152],[-5.64617,37.06181],[-5.64285,37.06109],[-5.64084,37.06012],[-5.6395,37.05822],[-5.63783,37.05736],[-5.63806,37.05638],[-5.63781,37.05576],[-5.63551,37.05567],[-5.63279,37.05523],[-5.63446,37.05316],[-5.63404,37.053],[-5.63256,37.05325],[-5.63251,37.05276],[-5.63403,37.05122],[-5.63624,37.04995],[-5.63703,37.04891],[-5.6386,37.0485],[-5.63882,37.04814],[-5.63846,37.04645],[-5.63785,37.04626],[-5.63505,37.04659],[-5.63499,37.04587],[-5.63459,37.0451],[-5.63484,37.04489],[-5.6359,37.04523],[-5.63738,37.04518],[-5.6388,37.04466],[-5.63925,37.04261],[-5.64061,37.04056],[-5.64046,37.03981],[-5.63929,37.03908],[-5.64029,37.03751],[-5.64109,37.03711],[-5.64127,37.03673],[-5.64055,37.03599],[-5.6396,37.0361],[-5.63906,37.03591],[-5.63912,37.03462],[-5.63884,37.03362],[-5.63829,37.03351],[-5.63744,37.03397],[-5.63654,37.03372],[-5.63594,37.03429],[-5.63466,37.03887],[-5.63339,37.03977],[-5.63232,37.04222],[-5.63095,37.04295],[-5.63059,37.0438],[-5.6302,37.04413],[-5.62917,37.04302],[-5.62847,37.0428],[-5.62791,37.04291],[-5.62759,37.04262],[-5.62807,37.04148],[-5.62956,37.04113],[-5.63003,37.04059],[-5.62927,37.04045],[-5.62724,37.04068],[-5.62641,37.03984],[-5.62631,37.03939],[-5.62556,37.03909],[-5.62507,37.0384],[-5.62459,37.03815],[-5.62298,37.03825],[-5.62226,37.03787],[-5.62126,37.03844],[-5.62089,37.0384],[-5.62117,37.03619],[-5.62027,37.03638],[-5.61926,37.0373],[-5.6185,37.03758],[-5.61796,37.03745],[-5.61775,37.03713],[-5.61788,37.03651],[-5.61916,37.0354],[-5.61956,37.03459],[-5.61875,37.03478],[-5.61824,37.03536],[-5.6171,37.03501],[-5.61522,37.03678],[-5.61469,37.03646],[-5.61457,37.03324],[-5.61564,37.03302],[-5.61734,37.03321],[-5.61872,37.033],[-5.62199,37.03157],[-5.62208,37.03077],[-5.62093,37.02981],[-5.62063,37.02807],[-5.62097,37.02723],[-5.62151,37.02679],[-5.62196,37.02707],[-5.62193,37.02818],[-5.62289,37.02881],[-5.62424,37.03061],[-5.62494,37.03058],[-5.62649,37.02977],[-5.62777,37.03056],[-5.62952,37.03089],[-5.6318,37.03052],[-5.63217,37.03095],[-5.63218,37.03195],[-5.63259,37.03217],[-5.63347,37.03212],[-5.63452,37.03143],[-5.63468,37.03111],[-5.63449,37.03071],[-5.63343,37.03002],[-5.63233,37.02862],[-5.63232,37.02834],[-5.63356,37.02753],[-5.63096,37.02738],[-5.62956,37.02774],[-5.62887,37.0266],[-5.62861,37.02543],[-5.6297,37.02443],[-5.63052,37.02408],[-5.63195,37.02237],[-5.63329,37.02192],[-5.63444,37.02231],[-5.63522,37.02188],[-5.63604,37.02061],[-5.63571,37.02023],[-5.63394,37.01962],[-5.63239,37.02002],[-5.63155,37.01889],[-5.6313,37.01635],[-5.63157,37.01563],[-5.6328,37.01457],[-5.63276,37.01395],[-5.63236,37.01347],[-5.63017,37.01345],[-5.62939,37.01392],[-5.62832,37.01506],[-5.62848,37.01852],[-5.62632,37.02341],[-5.62441,37.0247],[-5.62414,37.02433],[-5.62412,37.02348],[-5.62501,37.02172],[-5.62515,37.02073],[-5.62395,37.01941],[-5.62437,37.01698],[-5.62482,37.01607],[-5.62562,37.01543],[-5.62618,37.01386],[-5.62613,37.01309],[-5.62516,37.01241],[-5.62473,37.01098],[-5.62383,37.01094],[-5.62289,37.0113],[-5.62237,37.01187],[-5.6217,37.01392],[-5.62026,37.01561],[-5.61931,37.01748],[-5.61867,37.01789],[-5.61648,37.01841],[-5.61496,37.01955],[-5.61465,37.01919],[-5.6153,37.01768],[-5.616,37.01696],[-5.61811,37.01558],[-5.62017,37.01301],[-5.62018,37.01262],[-5.6199,37.01234],[-5.61853,37.01251],[-5.61662,37.01409],[-5.61483,37.0163],[-5.61372,37.01824],[-5.61099,37.02098],[-5.61032,37.02108],[-5.61014,37.02052],[-5.61038,37.01946],[-5.6098,37.01897],[-5.60938,37.01897],[-5.60879,37.01971],[-5.60689,37.0199],[-5.60638,37.02025],[-5.60514,37.02169],[-5.60489,37.02315],[-5.60409,37.02394],[-5.60366,37.02626],[-5.60272,37.02801],[-5.60236,37.0276],[-5.6032,37.02507],[-5.60308,37.02379],[-5.60355,37.0218],[-5.60342,37.02134],[-5.602,37.02247],[-5.60069,37.02273],[-5.59901,37.02452],[-5.59817,37.02466],[-5.59768,37.02507],[-5.5974,37.02562],[-5.59737,37.0266],[-5.59668,37.0282],[-5.59561,37.02758],[-5.59424,37.02784],[-5.59329,37.02831],[-5.5932,37.02888],[-5.59346,37.02988],[-5.59496,37.03005],[-5.5936,37.03119],[-5.5932,37.03317],[-5.59238,37.03418],[-5.5913,37.03481],[-5.59053,37.03634],[-5.58992,37.03684],[-5.59022,37.03514],[-5.58968,37.03462],[-5.58974,37.03426],[-5.59117,37.03282],[-5.59143,37.03199],[-5.59093,37.03113],[-5.58976,37.0306],[-5.59087,37.02992],[-5.59121,37.02869],[-5.59244,37.02658],[-5.59317,37.02612],[-5.59463,37.02586],[-5.59603,37.02424],[-5.59593,37.02374],[-5.59498,37.02335],[-5.59368,37.02326],[-5.59361,37.02293],[-5.59454,37.02204],[-5.59545,37.02261],[-5.59648,37.02254],[-5.59808,37.02101],[-5.59843,37.02034],[-5.59827,37.01999],[-5.59741,37.01949],[-5.59737,37.01869],[-5.59841,37.01922],[-5.59945,37.01859],[-5.59989,37.01978],[-5.60095,37.02003],[-5.60171,37.01959],[-5.60247,37.01837],[-5.60339,37.01748],[-5.6035,37.01711],[-5.6031,37.01643],[-5.60304,37.01541],[-5.60134,37.01358],[-5.60129,37.01324],[-5.60227,37.01313],[-5.60371,37.01493],[-5.60501,37.01579],[-5.60564,37.01574],[-5.60616,37.01453],[-5.60534,37.01246],[-5.60563,37.01141],[-5.60611,37.0109],[-5.60717,37.012],[-5.60763,37.01357],[-5.60828,37.01457],[-5.60885,37.01482],[-5.60944,37.01468],[-5.60961,37.0144],[-5.60865,37.01346],[-5.60872,37.01279],[-5.61037,37.0118],[-5.61185,37.01146],[-5.61229,37.01108],[-5.61222,37.01084],[-5.61108,37.0105],[-5.61076,37.01018],[-5.6131,37.00874],[-5.61302,37.00821],[-5.61224,37.00776],[-5.61255,37.00711],[-5.61233,37.00643],[-5.61247,37.00625],[-5.61329,37.00572],[-5.61354,37.00529],[-5.61445,37.00515],[-5.61491,37.00565],[-5.61491,37.00659],[-5.61535,37.00693],[-5.61576,37.00654],[-5.61582,37.0061],[-5.6168,37.00532],[-5.61682,37.00394],[-5.6151,37.00383],[-5.61464,37.00348],[-5.61511,37.00238],[-5.6149,37.0015],[-5.61532,37.001],[-5.61452,37.0001],[-5.61415,37.00003],[-5.61332,37.00079],[-5.61226,37.00088],[-5.61107,37.00202],[-5.61031,37.00209],[-5.61121,37.0003],[-5.61011,36.99936],[-5.61028,36.99888],[-5.61112,36.99844],[-5.61141,36.99798],[-5.61042,36.99692],[-5.61051,36.99672],[-5.61125,36.99639],[-5.61237,36.99647],[-5.6138,36.99544],[-5.6184,36.99428],[-5.61994,36.99273],[-5.62058,36.99239],[-5.62398,36.99175],[-5.62695,36.99162],[-5.62788,36.99127],[-5.62955,36.99011],[-5.63096,36.99008],[-5.63336,36.99056],[-5.63417,36.99019],[-5.63402,36.98944],[-5.63311,36.98852],[-5.63126,36.98865],[-5.62985,36.98832],[-5.62881,36.9864],[-5.62827,36.98483],[-5.62749,36.9844],[-5.62674,36.98433],[-5.62584,36.9853],[-5.62468,36.98537],[-5.62398,36.98569],[-5.62399,36.98628],[-5.62449,36.9871],[-5.62456,36.98768],[-5.62402,36.98877],[-5.62334,36.98945],[-5.62308,36.98919],[-5.62323,36.98804],[-5.62236,36.98729],[-5.62131,36.98822],[-5.61937,36.99096],[-5.61751,36.99144],[-5.61583,36.99243],[-5.61361,36.99282],[-5.61251,36.99338],[-5.6119,36.99342],[-5.61209,36.99179],[-5.61395,36.99166],[-5.61528,36.99084],[-5.61798,36.98987],[-5.61864,36.9893],[-5.61905,36.98861],[-5.619,36.98758],[-5.61666,36.98721],[-5.6165,36.98698],[-5.61666,36.9868],[-5.61805,36.9858],[-5.62091,36.98555],[-5.62156,36.98513],[-5.62179,36.98439],[-5.62072,36.9839],[-5.62146,36.98305],[-5.62125,36.98187],[-5.62176,36.98048],[-5.62145,36.97994],[-5.62097,36.97976],[-5.62026,36.97992],[-5.6182,36.98219],[-5.61645,36.98324],[-5.61452,36.98372],[-5.61377,36.98361],[-5.61339,36.98323],[-5.6135,36.98297],[-5.61474,36.98273],[-5.61568,36.98226],[-5.61639,36.98067],[-5.61606,36.98021],[-5.61609,36.97983],[-5.61797,36.97944],[-5.6183,36.97918],[-5.61744,36.97797],[-5.61887,36.97807],[-5.6195,36.97776],[-5.61959,36.97749],[-5.61886,36.97696],[-5.61684,36.97672],[-5.61716,36.97585],[-5.61545,36.97175],[-5.61454,36.97057],[-5.61357,36.97004],[-5.61427,36.96956],[-5.61627,36.97026],[-5.61679,36.97013],[-5.61694,36.9698],[-5.61651,36.96941],[-5.61344,36.968],[-5.61248,36.96595],[-5.61319,36.96587],[-5.6153,36.96753],[-5.61854,36.96867],[-5.61938,36.9686],[-5.62122,36.96786],[-5.62544,36.96726],[-5.62702,36.96638],[-5.6272,36.96608],[-5.62709,36.96477],[-5.62882,36.96265],[-5.62924,36.96131],[-5.62948,36.9613],[-5.63015,36.96186],[-5.63029,36.96228],[-5.62947,36.96365],[-5.62945,36.96411],[-5.62875,36.96468],[-5.62889,36.96626],[-5.62759,36.96858],[-5.62565,36.96955],[-5.62338,36.9698],[-5.62195,36.97032],[-5.62086,36.97269],[-5.62051,36.97433],[-5.62091,36.9749],[-5.62493,36.97748],[-5.62604,36.97897],[-5.6262,36.98024],[-5.62593,36.9811],[-5.62614,36.98205],[-5.6257,36.9829],[-5.6263,36.98314],[-5.62814,36.98283],[-5.63002,36.98352],[-5.63194,36.98463],[-5.63472,36.9849],[-5.63541,36.98486],[-5.63592,36.9842],[-5.63687,36.98361],[-5.63781,36.98356],[-5.63892,36.98439],[-5.63926,36.98567],[-5.6396,36.98585],[-5.64019,36.98496],[-5.64022,36.98381],[-5.64049,36.98341],[-5.64182,36.98376],[-5.64197,36.98442],[-5.64237,36.98461],[-5.6435,36.98406],[-5.64544,36.98393],[-5.6462,36.9841],[-5.64661,36.98479],[-5.64566,36.98558],[-5.64639,36.98604],[-5.6464,36.98632],[-5.64501,36.98727],[-5.6438,36.98718],[-5.64272,36.98668],[-5.64183,36.98694],[-5.64151,36.98728],[-5.64172,36.98824],[-5.64103,36.9888],[-5.64093,36.98934],[-5.64129,36.98952],[-5.64242,36.98908],[-5.64318,36.98908],[-5.64625,36.98987],[-5.64647,36.99023],[-5.6463,36.9908],[-5.64644,36.99189],[-5.64913,36.9927],[-5.65028,36.99332],[-5.65165,36.99346],[-5.65295,36.99391],[-5.65358,36.99366],[-5.6544,36.99287],[-5.65558,36.99269],[-5.65885,36.99123],[-5.65875,36.9903],[-5.65955,36.98493],[-5.65895,36.98422],[-5.65968,36.98344],[-5.65977,36.98281],[-5.65871,36.9813],[-5.65683,36.98062],[-5.65629,36.9798],[-5.65658,36.97923],[-5.65689,36.9792],[-5.65778,36.98023],[-5.65915,36.98054],[-5.65968,36.98124],[-5.66088,36.98157],[-5.66313,36.98275],[-5.66206,36.98416],[-5.66167,36.98572],[-5.66107,36.98673],[-5.66119,36.99014],[-5.66176,36.99159],[-5.66223,36.99194],[-5.66301,36.99166],[-5.66347,36.99208],[-5.66455,36.99161],[-5.66559,36.9908],[-5.66648,36.99057],[-5.66674,36.99133],[-5.66794,36.99167],[-5.66824,36.99233],[-5.66782,36.99317],[-5.66618,36.99429],[-5.66457,36.9946],[-5.66381,36.9952],[-5.66329,36.99531],[-5.66195,36.99517],[-5.66114,36.99591],[-5.66054,36.99794],[-5.66065,36.99871],[-5.66261,36.99971],[-5.66308,37.0007],[-5.66363,37.00088],[-5.66416,37.00055],[-5.66448,36.99978],[-5.66379,36.99913],[-5.66394,36.99871],[-5.66552,36.99689],[-5.66782,36.99595],[-5.66904,36.99445],[-5.67084,36.99381],[-5.67215,36.99248],[-5.67372,36.99155],[-5.67404,36.99107],[-5.67342,36.98899],[-5.67238,36.98831],[-5.67152,36.98662],[-5.67152,36.98586],[-5.67185,36.98536],[-5.67218,36.98538],[-5.67219,36.98625],[-5.67247,36.9867],[-5.67422,36.98807],[-5.67514,36.98921],[-5.67594,36.98966],[-5.67724,36.98968],[-5.6793,36.98886],[-5.6798,36.98812],[-5.68002,36.98701],[-5.68039,36.98645],[-5.68075,36.98663],[-5.68164,36.98793],[-5.68252,36.98822],[-5.68326,36.9877],[-5.68364,36.98649],[-5.68252,36.98583],[-5.68234,36.98486],[-5.6842,36.98386],[-5.68367,36.98369],[-5.68184,36.98402],[-5.6814,36.98373],[-5.68154,36.98302],[-5.68334,36.98302],[-5.68394,36.98266],[-5.68414,36.98203],[-5.68452,36.98169],[-5.68566,36.98238],[-5.6869,36.9824],[-5.68707,36.98123],[-5.68872,36.98048],[-5.68893,36.98015],[-5.68878,36.97939],[-5.68624,36.97888],[-5.68595,36.97893],[-5.68563,36.97983],[-5.68479,36.98028],[-5.68449,36.97931],[-5.68486,36.97853],[-5.68486,36.97797],[-5.68357,36.9781],[-5.68253,36.97777],[-5.68118,36.97788],[-5.6811,36.97772],[-5.6816,36.97676],[-5.68216,36.97641],[-5.68414,36.97651],[-5.68622,36.97589],[-5.68834,36.97642],[-5.68836,36.97589],[-5.68948,36.97498],[-5.68954,36.97386],[-5.69017,36.97332],[-5.68903,36.97283],[-5.68879,36.97159],[-5.69006,36.97131],[-5.69031,36.97101],[-5.68995,36.97073],[-5.68926,36.97074],[-5.68751,36.97108],[-5.68518,36.97226],[-5.68372,36.97219],[-5.68349,36.97239],[-5.68351,36.97275],[-5.68437,36.97368],[-5.68338,36.97484],[-5.68256,36.97473],[-5.68164,36.97349],[-5.68169,36.97276],[-5.68114,36.97143],[-5.68281,36.97009],[-5.68496,36.96908],[-5.68516,36.96849],[-5.68466,36.96813],[-5.68273,36.96872],[-5.68186,36.96846],[-5.68202,36.96811],[-5.68434,36.96669],[-5.68407,36.96642],[-5.68311,36.96641],[-5.68125,36.96686],[-5.68068,36.96676],[-5.68052,36.96602],[-5.68143,36.96492],[-5.68083,36.96372],[-5.68045,36.96372],[-5.6795,36.96445],[-5.67822,36.96475],[-5.67726,36.96624],[-5.6768,36.96639],[-5.67593,36.96609],[-5.67635,36.96487],[-5.67582,36.96463],[-5.67505,36.96467],[-5.67484,36.96346],[-5.6742,36.96265],[-5.67384,36.96261],[-5.67346,36.96333],[-5.67341,36.96439],[-5.67247,36.96702],[-5.67141,36.96761],[-5.67104,36.96577],[-5.66949,36.9657],[-5.66846,36.96598],[-5.66808,36.96594],[-5.66788,36.96565],[-5.6703,36.96463],[-5.67059,36.96425],[-5.67018,36.96382],[-5.6688,36.96412],[-5.66833,36.96396],[-5.66861,36.96293],[-5.66941,36.96168],[-5.66952,36.96091],[-5.66926,36.96051],[-5.66814,36.96031],[-5.66838,36.95904],[-5.66755,36.95761],[-5.66758,36.95719],[-5.66826,36.95729],[-5.67018,36.95976],[-5.67241,36.9611],[-5.67275,36.9618],[-5.67488,36.96159],[-5.67509,36.9608],[-5.67751,36.95958],[-5.67872,36.95769],[-5.67997,36.95691],[-5.67974,36.95665],[-5.6782,36.95691],[-5.67794,36.95648],[-5.68082,36.95561],[-5.68265,36.95434],[-5.68246,36.95375],[-5.68102,36.95402],[-5.68029,36.95379],[-5.67958,36.95227],[-5.67843,36.95134],[-5.6784,36.95098],[-5.67894,36.95065],[-5.68043,36.9515],[-5.68106,36.9514],[-5.68178,36.94993],[-5.68222,36.94969],[-5.68282,36.94993],[-5.68295,36.95081],[-5.68343,36.95093],[-5.68523,36.94808],[-5.68533,36.94754],[-5.68508,36.94665],[-5.68437,36.9458],[-5.68469,36.94465],[-5.68453,36.94365],[-5.68344,36.9415],[-5.68274,36.9408],[-5.68138,36.94061],[-5.67769,36.9419],[-5.67643,36.94171],[-5.67679,36.94118],[-5.67792,36.94069],[-5.67887,36.93996],[-5.67949,36.93857],[-5.68016,36.93781],[-5.68137,36.93757],[-5.68417,36.93767],[-5.68543,36.93731],[-5.68593,36.93685],[-5.68582,36.93604],[-5.68536,36.93546],[-5.6837,36.93458],[-5.68101,36.93225],[-5.68196,36.93224],[-5.68389,36.93305],[-5.68466,36.933],[-5.68514,36.93239],[-5.68477,36.9307],[-5.68485,36.93015],[-5.68517,36.92991],[-5.68602,36.93106],[-5.6871,36.93173],[-5.68749,36.93624],[-5.68864,36.9365],[-5.68854,36.93762],[-5.68915,36.93864],[-5.68877,36.93889],[-5.68786,36.93869],[-5.68687,36.93885],[-5.68676,36.93933],[-5.68697,36.93971],[-5.68644,36.94057],[-5.68668,36.94219],[-5.68762,36.94223],[-5.68877,36.94129],[-5.68917,36.94174],[-5.68915,36.94361],[-5.68995,36.94425],[-5.68885,36.94534],[-5.68963,36.94602],[-5.6894,36.94806],[-5.68982,36.94915],[-5.68889,36.95028],[-5.68878,36.95102],[-5.68816,36.95228],[-5.68712,36.95283],[-5.6867,36.95331],[-5.68734,36.95485],[-5.68582,36.95496],[-5.68559,36.95556],[-5.68569,36.9562],[-5.68545,36.95647],[-5.68221,36.95808],[-5.68163,36.95873],[-5.68149,36.95965],[-5.68357,36.96215],[-5.68473,36.96307],[-5.6852,36.96323],[-5.68605,36.96309],[-5.68742,36.96367],[-5.68835,36.96449],[-5.68959,36.96497],[-5.69163,36.96709],[-5.69222,36.96717],[-5.69281,36.96633],[-5.69411,36.96638],[-5.69407,36.96704],[-5.69289,36.96794],[-5.69142,36.96977],[-5.69143,36.97023],[-5.69251,36.97105],[-5.69342,36.9713],[-5.69413,36.9711],[-5.69413,36.97055],[-5.69361,36.96981],[-5.69373,36.96936],[-5.69648,36.96836],[-5.69652,36.96809],[-5.69559,36.96774],[-5.69566,36.96724],[-5.69738,36.96694],[-5.69825,36.96651],[-5.69832,36.96613],[-5.69745,36.96559],[-5.69703,36.96491],[-5.69812,36.96494],[-5.70039,36.96425],[-5.70014,36.96305],[-5.70102,36.96221],[-5.70092,36.96186],[-5.70042,36.96174],[-5.69868,36.9622],[-5.69845,36.96195],[-5.69907,36.96107],[-5.70059,36.9606],[-5.70068,36.95988],[-5.70239,36.95915],[-5.70257,36.95868],[-5.70225,36.958],[-5.70353,36.95732],[-5.70644,36.95204],[-5.70651,36.95081],[-5.70539,36.94609],[-5.7054,36.94457],[-5.70587,36.94443],[-5.70602,36.94464],[-5.7064,36.94674],[-5.7077,36.94799],[-5.70793,36.94857],[-5.70778,36.9521],[-5.70681,36.95346],[-5.70664,36.95445],[-5.70741,36.95476],[-5.70844,36.95465],[-5.70855,36.95517],[-5.70767,36.95666],[-5.7067,36.95768],[-5.70594,36.95822],[-5.70466,36.95849],[-5.70397,36.95912],[-5.70352,36.96008],[-5.70239,36.96093],[-5.70278,36.96155],[-5.7021,36.96209],[-5.70241,36.9627],[-5.70187,36.9633],[-5.70227,36.96415],[-5.70187,36.96465],[-5.7021,36.96497],[-5.70325,36.96505],[-5.70332,36.96537],[-5.70179,36.96612],[-5.70071,36.9656],[-5.70033,36.96565],[-5.70015,36.96646],[-5.70113,36.96658],[-5.70189,36.96713],[-5.70046,36.96761],[-5.69907,36.9687],[-5.69927,36.96969],[-5.69856,36.96983],[-5.69821,36.97017],[-5.69849,36.97062],[-5.69907,36.97088],[-5.69908,36.97116],[-5.69683,36.97157],[-5.69637,36.97217],[-5.69662,36.9726],[-5.69694,36.97269],[-5.69777,36.9724],[-5.69857,36.9725],[-5.69741,36.97338],[-5.6965,36.97466],[-5.69654,36.97492],[-5.69799,36.97605],[-5.69739,36.97694],[-5.69766,36.97731],[-5.69899,36.97756],[-5.6985,36.97663],[-5.69891,36.97514],[-5.69939,36.9747],[-5.69967,36.9746],[-5.70038,36.97512],[-5.70134,36.97534],[-5.70168,36.97526],[-5.70212,36.9746],[-5.70345,36.97411],[-5.70364,36.97435],[-5.70286,36.97484],[-5.70276,36.97516],[-5.70315,36.97588],[-5.70368,36.97588],[-5.70527,36.97508],[-5.70558,36.97541],[-5.70451,36.97776],[-5.70484,36.9782],[-5.70526,36.97825],[-5.70719,36.97737],[-5.70731,36.97705],[-5.70668,36.97597],[-5.70701,36.97537],[-5.70744,36.97531],[-5.7081,36.97569],[-5.70854,36.97557],[-5.7088,36.97501],[-5.70835,36.97449],[-5.70836,36.97406],[-5.7102,36.97397],[-5.71047,36.9729],[-5.71146,36.97234],[-5.71193,36.97159],[-5.71228,36.97162],[-5.71256,36.97279],[-5.71296,36.97307],[-5.71442,36.97172],[-5.71572,36.97153],[-5.71673,36.97048],[-5.71688,36.97017],[-5.71649,36.96984],[-5.71486,36.9701],[-5.71433,36.97003],[-5.71384,36.96964],[-5.71396,36.96932],[-5.71464,36.96902],[-5.71618,36.96769],[-5.71601,36.96711],[-5.7153,36.96638],[-5.71536,36.96613],[-5.71687,36.96629],[-5.7189,36.96544],[-5.71916,36.9658],[-5.71914,36.96689],[-5.71984,36.96801],[-5.71971,36.96951],[-5.71999,36.97002],[-5.72088,36.97042],[-5.72134,36.97135],[-5.7225,36.97151],[-5.72438,36.97267],[-5.725,36.9721],[-5.72513,36.97008],[-5.7238,36.96946],[-5.72222,36.97001],[-5.72201,36.96946],[-5.72228,36.96824],[-5.72316,36.96793],[-5.72357,36.9674],[-5.72442,36.96771],[-5.72465,36.96747],[-5.72398,36.9661],[-5.72318,36.96567],[-5.72308,36.96419],[-5.72376,36.96423],[-5.72528,36.96703],[-5.72617,36.96739],[-5.72666,36.96722],[-5.72674,36.96671],[-5.72606,36.96544],[-5.72611,36.96473],[-5.72644,36.96428],[-5.72678,36.96434],[-5.72803,36.96678],[-5.72866,36.96709],[-5.72958,36.96681],[-5.72957,36.96601],[-5.72984,36.96541],[-5.73117,36.96551],[-5.73183,36.9651],[-5.7319,36.96461],[-5.73012,36.96441],[-5.72937,36.96363],[-5.72951,36.96338],[-5.73069,36.96318],[-5.73174,36.96192],[-5.73169,36.96141],[-5.73102,36.96043],[-5.73205,36.95999],[-5.73205,36.95963],[-5.7296,36.95793],[-5.7298,36.95749],[-5.73064,36.95724],[-5.73077,36.95684],[-5.72969,36.95627],[-5.72744,36.95663],[-5.72723,36.95648],[-5.7278,36.95594],[-5.72966,36.95521],[-5.73028,36.95474],[-5.73021,36.95414],[-5.72975,36.95372],[-5.7296,36.95319],[-5.73051,36.95276],[-5.73136,36.95145],[-5.73174,36.94799],[-5.73245,36.94672],[-5.73295,36.94767],[-5.73344,36.94801],[-5.73299,36.94957],[-5.73343,36.95068],[-5.73309,36.95144],[-5.73317,36.9521],[-5.73251,36.95324],[-5.73239,36.95405],[-5.73305,36.95532],[-5.73293,36.95648],[-5.73416,36.95737],[-5.73328,36.95871],[-5.73319,36.95951],[-5.73348,36.95976],[-5.7339,36.95966],[-5.73525,36.95754],[-5.73631,36.95667],[-5.7365,36.95683],[-5.73637,36.95705],[-5.73545,36.95783],[-5.73551,36.95869],[-5.73706,36.95891],[-5.73719,36.95917],[-5.7363,36.95976],[-5.73617,36.9605],[-5.73541,36.96125],[-5.73515,36.962],[-5.73531,36.96231],[-5.73587,36.96221],[-5.73954,36.95969],[-5.73931,36.96067],[-5.73832,36.9619],[-5.73702,36.96281],[-5.73567,36.96442],[-5.73407,36.96503],[-5.7339,36.96585],[-5.73421,36.96615],[-5.73522,36.96593],[-5.73571,36.96517],[-5.73652,36.96534],[-5.73692,36.96517],[-5.73805,36.96397],[-5.73951,36.96372],[-5.73979,36.96327],[-5.73966,36.96243],[-5.74089,36.96203],[-5.74101,36.96137],[-5.74129,36.9612],[-5.74234,36.96131],[-5.74228,36.96187],[-5.74187,36.96233],[-5.74216,36.96278],[-5.743,36.96243],[-5.74507,36.96252],[-5.74521,36.96211],[-5.74503,36.96165],[-5.7441,36.9613],[-5.74319,36.96138],[-5.74296,36.96113],[-5.74327,36.96071],[-5.74461,36.96036],[-5.74488,36.96006],[-5.74477,36.95983],[-5.74224,36.95863],[-5.74297,36.9584],[-5.74319,36.95754],[-5.74405,36.95733],[-5.74533,36.95921],[-5.74603,36.95939],[-5.74593,36.95885],[-5.74663,36.9587],[-5.74889,36.95667],[-5.74866,36.95631],[-5.74723,36.95639],[-5.74702,36.95559],[-5.74623,36.95545],[-5.74597,36.95443],[-5.74881,36.95409],[-5.74943,36.95467],[-5.75039,36.95482],[-5.75079,36.95423],[-5.75037,36.95381],[-5.75044,36.95325],[-5.75112,36.95284],[-5.75243,36.95337],[-5.75321,36.95536],[-5.75409,36.95567],[-5.75462,36.95553],[-5.75354,36.95426],[-5.75328,36.95338],[-5.75212,36.95211],[-5.75113,36.95174],[-5.75136,36.95127],[-5.75249,36.95038],[-5.75157,36.94997],[-5.75211,36.94919],[-5.75209,36.94833],[-5.75138,36.94748],[-5.75053,36.94704],[-5.75057,36.94674],[-5.75089,36.94661],[-5.75296,36.94695],[-5.7537,36.94814],[-5.75362,36.94886],[-5.75413,36.94929],[-5.75437,36.94987],[-5.75432,36.95188],[-5.75536,36.95217],[-5.75578,36.95196],[-5.75637,36.95028],[-5.75613,36.94922],[-5.75683,36.94953],[-5.75726,36.94936],[-5.75765,36.94855],[-5.75767,36.94749],[-5.75805,36.94699],[-5.75838,36.94704],[-5.75861,36.94839],[-5.75822,36.95042],[-5.75715,36.95221],[-5.75711,36.95443],[-5.75737,36.95477],[-5.75812,36.95454],[-5.75841,36.95245],[-5.75975,36.95174],[-5.76056,36.95191],[-5.76085,36.95167],[-5.76125,36.95071],[-5.76113,36.94946],[-5.76027,36.94846],[-5.76201,36.94721],[-5.76227,36.94565],[-5.76256,36.94562],[-5.76331,36.94678],[-5.76238,36.94822],[-5.7628,36.94872],[-5.76413,36.9483],[-5.76463,36.94893],[-5.76623,36.94937],[-5.76679,36.94859],[-5.76812,36.94814],[-5.76807,36.94756],[-5.76689,36.94743],[-5.76638,36.94713],[-5.76649,36.94513],[-5.7661,36.94347],[-5.76667,36.9438],[-5.76715,36.94504],[-5.76783,36.94595],[-5.76885,36.94623],[-5.76962,36.94824],[-5.77017,36.94899],[-5.77061,36.9492],[-5.77165,36.94883],[-5.77199,36.94819],[-5.77236,36.94576],[-5.77176,36.94429],[-5.77313,36.94437],[-5.77368,36.94501],[-5.77428,36.94522],[-5.7758,36.94515],[-5.77542,36.94595],[-5.7755,36.94651],[-5.77492,36.94787],[-5.77494,36.94848],[-5.77591,36.9497],[-5.77666,36.95],[-5.77743,36.94978],[-5.77739,36.94946],[-5.77627,36.94893],[-5.77635,36.94868],[-5.77733,36.94853],[-5.7777,36.94799],[-5.77756,36.94743],[-5.77675,36.94674],[-5.77678,36.94647],[-5.777,36.94626],[-5.7782,36.94644],[-5.77924,36.94619],[-5.77918,36.94546],[-5.77987,36.9446],[-5.77878,36.94421],[-5.77788,36.94326],[-5.77913,36.94237],[-5.77877,36.9417],[-5.77808,36.94144],[-5.77668,36.94193],[-5.77589,36.94123],[-5.777,36.94048],[-5.77615,36.93828],[-5.77559,36.9377],[-5.77601,36.93739],[-5.77731,36.93734],[-5.77766,36.93642],[-5.77667,36.93418],[-5.77573,36.93334],[-5.77624,36.93279],[-5.77637,36.93175],[-5.77717,36.92994],[-5.77744,36.92986],[-5.77754,36.93078],[-5.77705,36.932],[-5.77739,36.93259],[-5.7773,36.93308],[-5.77755,36.93354],[-5.77821,36.93376],[-5.77853,36.93466],[-5.77974,36.93595],[-5.7799,36.9371],[-5.77908,36.93758],[-5.77888,36.93796],[-5.78071,36.93917],[-5.78014,36.94037],[-5.78138,36.94317],[-5.78186,36.94311],[-5.78259,36.94145],[-5.78397,36.94057],[-5.78381,36.9398],[-5.78396,36.93951],[-5.78456,36.93959],[-5.78508,36.94],[-5.78627,36.93951],[-5.7869,36.9397],[-5.78625,36.94054],[-5.78674,36.94106],[-5.78486,36.94116],[-5.78377,36.94212],[-5.7836,36.94282],[-5.78269,36.94372],[-5.78372,36.94409],[-5.78372,36.94461],[-5.78502,36.94475],[-5.78478,36.94515],[-5.78333,36.94533],[-5.78303,36.94563],[-5.78449,36.94635],[-5.7862,36.94662],[-5.7863,36.94687],[-5.78536,36.94761],[-5.78749,36.94821],[-5.78783,36.94804],[-5.78808,36.94723],[-5.78918,36.94569],[-5.79018,36.94535],[-5.79032,36.94547],[-5.7899,36.94686],[-5.78938,36.94747],[-5.78924,36.94881],[-5.79013,36.9496],[-5.79153,36.95019],[-5.79306,36.94969],[-5.79236,36.95058],[-5.79226,36.95137],[-5.79182,36.95164],[-5.7906,36.95099],[-5.7878,36.95024],[-5.78751,36.95122],[-5.78774,36.95214],[-5.78609,36.9528],[-5.78642,36.95092],[-5.78567,36.94948],[-5.78499,36.94923],[-5.78443,36.95077],[-5.78371,36.95111],[-5.78418,36.95018],[-5.78427,36.94933],[-5.78405,36.94891],[-5.78297,36.9486],[-5.78292,36.9476],[-5.78262,36.94768],[-5.7824,36.94844],[-5.78132,36.94784],[-5.78142,36.94719],[-5.78115,36.94705],[-5.77989,36.94724],[-5.7796,36.94761],[-5.77989,36.94868],[-5.78138,36.9494],[-5.78122,36.95051],[-5.78155,36.95142],[-5.78146,36.95183],[-5.78103,36.95181],[-5.77983,36.95068],[-5.77897,36.95081],[-5.77846,36.95117],[-5.7784,36.95297],[-5.77726,36.95382],[-5.77691,36.95361],[-5.7771,36.95286],[-5.77658,36.95214],[-5.77512,36.95127],[-5.77428,36.95136],[-5.77374,36.95204],[-5.77336,36.9531],[-5.77369,36.95391],[-5.7746,36.95485],[-5.77409,36.955],[-5.77296,36.95456],[-5.77262,36.95473],[-5.77223,36.95546],[-5.77262,36.95657],[-5.77245,36.9567],[-5.77132,36.95635],[-5.77031,36.9553],[-5.76961,36.95503],[-5.76901,36.95504],[-5.76852,36.95545],[-5.7703,36.95712],[-5.77095,36.95958],[-5.77047,36.95954],[-5.76698,36.95764],[-5.76636,36.95766],[-5.76604,36.95799],[-5.76637,36.95912],[-5.766,36.9602],[-5.76645,36.9605],[-5.7678,36.96068],[-5.76798,36.96112],[-5.76578,36.96159],[-5.76372,36.96233],[-5.76353,36.96324],[-5.76217,36.96353],[-5.76221,36.96444],[-5.76198,36.96475],[-5.76017,36.9637],[-5.75891,36.96517],[-5.75722,36.96602],[-5.75697,36.96648],[-5.75717,36.96669],[-5.75853,36.96618],[-5.75939,36.96626],[-5.75866,36.96725],[-5.75949,36.96768],[-5.75928,36.96928],[-5.75836,36.96994],[-5.75793,36.97103],[-5.75716,36.97185],[-5.75697,36.9726],[-5.75613,36.97223],[-5.75491,36.97112],[-5.75434,36.97137],[-5.75433,36.9717],[-5.75597,36.97365],[-5.7559,36.97425],[-5.75555,36.97437],[-5.7541,36.97295],[-5.75327,36.97304],[-5.75346,36.97407],[-5.7546,36.97523],[-5.75353,36.97601],[-5.75361,36.9765],[-5.75427,36.97692],[-5.7544,36.97735],[-5.75348,36.97847],[-5.75234,36.97891],[-5.75221,36.97932],[-5.75275,36.97991],[-5.7527,36.98032],[-5.75192,36.98092],[-5.75146,36.98189],[-5.75051,36.98259],[-5.75049,36.98411],[-5.75102,36.98474],[-5.75169,36.98505],[-5.75407,36.98538],[-5.75425,36.98562],[-5.75328,36.98643],[-5.75086,36.98667],[-5.74951,36.98762],[-5.74915,36.98718],[-5.74894,36.98616],[-5.74824,36.98634],[-5.74723,36.98729],[-5.74663,36.98838],[-5.74743,36.98951],[-5.74736,36.99003],[-5.74688,36.99016],[-5.74556,36.98921],[-5.74496,36.98931],[-5.74476,36.98975],[-5.74594,36.99094],[-5.74542,36.99214],[-5.7459,36.99288],[-5.74689,36.99316],[-5.74807,36.9928],[-5.74894,36.99303],[-5.74947,36.99461],[-5.75097,36.99542],[-5.7508,36.99615],[-5.7495,36.99708],[-5.74922,36.99844],[-5.74948,36.99909],[-5.75052,37.00001],[-5.75105,37.00152],[-5.75161,37.00426],[-5.75081,37.0063],[-5.75155,37.00722],[-5.75165,37.00786],[-5.74995,37.01094],[-5.74871,37.01254],[-5.74886,37.01318],[-5.74965,37.01345],[-5.75027,37.01315],[-5.75136,37.01125],[-5.75548,37.0076],[-5.75517,37.00728],[-5.7541,37.00699],[-5.75383,37.00664],[-5.75675,37.00479],[-5.75759,37.00467],[-5.75859,37.00491],[-5.76252,37.00711],[-5.76348,37.00734],[-5.7639,37.00847],[-5.76432,37.00842],[-5.76457,37.0081],[-5.76477,37.00726],[-5.76401,37.00439],[-5.76329,37.00355],[-5.76199,37.00367],[-5.76087,37.0046],[-5.76035,37.00473],[-5.75784,37.00253],[-5.75592,37.00287],[-5.75536,37.00273],[-5.75406,37.00318],[-5.75395,37.00289],[-5.75436,37.00215],[-5.75337,37.0018],[-5.75435,37.00134],[-5.75442,37.00072],[-5.75554,36.99996],[-5.75548,36.9986],[-5.755,36.99789],[-5.75476,36.99678],[-5.75548,36.99533],[-5.75556,36.99353],[-5.75633,36.99261],[-5.7576,36.99177],[-5.75704,36.99038],[-5.75722,36.98942],[-5.75774,36.98864],[-5.75851,36.98813],[-5.759,36.98824],[-5.76004,36.99095],[-5.76078,36.99182],[-5.75997,36.99253],[-5.75957,36.99364],[-5.75978,36.99455],[-5.76064,36.99602],[-5.76177,36.99434],[-5.76185,36.99301],[-5.76321,36.9924],[-5.76367,36.99184],[-5.76383,36.99036],[-5.76412,36.98971],[-5.76607,36.98776],[-5.76734,36.98702],[-5.76755,36.98666],[-5.76684,36.98582],[-5.7667,36.98501],[-5.76632,36.98452],[-5.7656,36.98449],[-5.76427,36.98504],[-5.7638,36.98503],[-5.76326,36.98458],[-5.76324,36.98389],[-5.76507,36.98115],[-5.76583,36.97876],[-5.76651,36.97889],[-5.76714,36.97848],[-5.76813,36.97865],[-5.76881,36.97837],[-5.7702,36.97738],[-5.77026,36.97697],[-5.77,36.97657],[-5.76844,36.97686],[-5.76825,36.97659],[-5.76841,36.97617],[-5.76933,36.9756],[-5.77187,36.97534],[-5.77172,36.97439],[-5.77253,36.97424],[-5.7727,36.97399],[-5.77212,36.97303],[-5.77379,36.9711],[-5.77335,36.97014],[-5.77435,36.9699],[-5.7747,36.96948],[-5.77466,36.96845],[-5.77375,36.96579],[-5.77392,36.96543],[-5.77488,36.96644],[-5.77616,36.96944],[-5.77557,36.97063],[-5.7755,36.97163],[-5.77449,36.9726],[-5.77472,36.97287],[-5.7759,36.9729],[-5.77616,36.97351],[-5.77558,36.97416],[-5.77409,36.97512],[-5.77412,36.97567],[-5.7747,36.97576],[-5.77647,36.9753],[-5.77724,36.97421],[-5.77835,36.97369],[-5.77992,36.97239],[-5.78078,36.97212],[-5.78095,36.97219],[-5.78075,36.97284],[-5.78129,36.97395],[-5.7801,36.97468],[-5.7798,36.97529],[-5.77997,36.97557],[-5.78152,36.97561],[-5.78119,36.97628],[-5.78175,36.97661],[-5.78443,36.97673],[-5.78554,36.97628],[-5.78579,36.97671],[-5.7855,36.97798],[-5.78609,36.97836],[-5.78665,36.97831],[-5.7872,36.97749],[-5.78789,36.9772],[-5.78912,36.97776],[-5.78926,36.97802],[-5.788,36.98011],[-5.78657,36.98033],[-5.78731,36.98172],[-5.78557,36.98191],[-5.78497,36.98224],[-5.78476,36.98318],[-5.78438,36.98367],[-5.78465,36.98418],[-5.78607,36.98444],[-5.7878,36.984],[-5.7889,36.98448],[-5.78981,36.98415],[-5.79048,36.98128],[-5.78994,36.97949],[-5.78992,36.9786],[-5.79071,36.9762],[-5.79119,36.97576],[-5.79179,36.97608],[-5.79337,36.97608],[-5.79336,36.97636],[-5.79225,36.97678],[-5.79201,36.97727],[-5.79187,36.97868],[-5.79224,36.97999],[-5.79215,36.98159],[-5.79235,36.98201],[-5.79309,36.98224],[-5.7944,36.98209],[-5.79509,36.98234],[-5.79528,36.98275],[-5.795,36.98374],[-5.79579,36.98433],[-5.7966,36.9835],[-5.79905,36.98318],[-5.79836,36.98458],[-5.79821,36.98555],[-5.79895,36.98621],[-5.80046,36.98664],[-5.80101,36.98672],[-5.80184,36.98632],[-5.80327,36.98419],[-5.80413,36.98387],[-5.80423,36.98529],[-5.80399,36.98625],[-5.80489,36.98678],[-5.80474,36.98807],[-5.80543,36.98841],[-5.80581,36.98892],[-5.8055,36.98978],[-5.8056,36.99018],[-5.80661,36.99041],[-5.80811,36.98991],[-5.80906,36.99064],[-5.80994,36.99076],[-5.81078,36.99041],[-5.81189,36.98918],[-5.81304,36.98952],[-5.81308,36.9907],[-5.81393,36.99106],[-5.81448,36.99083],[-5.81476,36.99031],[-5.81413,36.9891],[-5.8162,36.98722],[-5.81693,36.98616],[-5.81752,36.98383],[-5.81806,36.98277],[-5.81812,36.98114],[-5.81706,36.98047],[-5.81636,36.97954],[-5.81527,36.979],[-5.81357,36.97885],[-5.81294,36.97954],[-5.81213,36.9797],[-5.8115,36.97807],[-5.81077,36.97783],[-5.80967,36.97794],[-5.80955,36.97762],[-5.81025,36.97663],[-5.8121,36.97591],[-5.81299,36.97529],[-5.81348,36.97346],[-5.81234,36.97184],[-5.81245,36.97147],[-5.81506,36.97148],[-5.81567,36.97196],[-5.81612,36.9733],[-5.81659,36.9734],[-5.8169,36.97317],[-5.81691,36.97133],[-5.81732,36.97024],[-5.8172,36.96896],[-5.81897,36.96841],[-5.81938,36.96781],[-5.81869,36.96671],[-5.8188,36.96583],[-5.81783,36.96488],[-5.81773,36.96446],[-5.81863,36.96384],[-5.82011,36.9636],[-5.82113,36.96158],[-5.82174,36.96181],[-5.82168,36.96254],[-5.82213,36.96274],[-5.82215,36.96297],[-5.82192,36.96404],[-5.82282,36.96512],[-5.82237,36.96619],[-5.82244,36.96642],[-5.82325,36.96678],[-5.82316,36.96774],[-5.82368,36.96846],[-5.82343,36.97035],[-5.82383,36.97093],[-5.82675,36.97044],[-5.82997,36.9717],[-5.83198,36.97151],[-5.8338,36.9709],[-5.8367,36.96946],[-5.83815,36.96838],[-5.83878,36.96828],[-5.83898,36.96879],[-5.8374,36.97],[-5.83696,36.97066],[-5.83684,36.97105],[-5.83715,36.97178],[-5.83694,36.97251],[-5.8357,36.97427],[-5.83608,36.97525],[-5.83802,36.97487],[-5.83821,36.97419],[-5.83932,36.97349],[-5.84008,36.9739],[-5.8408,36.97346],[-5.84077,36.97267],[-5.84103,36.97248],[-5.84186,36.97287],[-5.84275,36.97293],[-5.84297,36.97275],[-5.84282,36.97111],[-5.84315,36.97056],[-5.84363,36.97045],[-5.84432,36.97103],[-5.84563,36.97013],[-5.84599,36.9703],[-5.84629,36.97017],[-5.84636,36.96886],[-5.84558,36.96831],[-5.84544,36.96763],[-5.8457,36.96712],[-5.84658,36.96681],[-5.84661,36.96651],[-5.84442,36.96529],[-5.84386,36.96538],[-5.84352,36.96516],[-5.84455,36.9648],[-5.84645,36.96499],[-5.84753,36.96646],[-5.84819,36.96666],[-5.84923,36.96538],[-5.84969,36.96408],[-5.84958,36.9636],[-5.85066,36.96306],[-5.85073,36.96214],[-5.85023,36.96055],[-5.85083,36.9599],[-5.85162,36.95958],[-5.85175,36.95902],[-5.85054,36.95888],[-5.84799,36.95954],[-5.84775,36.96043],[-5.84813,36.96123],[-5.84782,36.96132],[-5.84628,36.95989],[-5.84426,36.95948],[-5.84449,36.95853],[-5.84431,36.95812],[-5.84242,36.95804],[-5.8427,36.95717],[-5.84241,36.9568],[-5.84027,36.95672],[-5.83974,36.95648],[-5.8419,36.95531],[-5.84242,36.95538],[-5.84381,36.95655],[-5.84591,36.95612],[-5.84595,36.95585],[-5.84519,36.95539],[-5.84529,36.95495],[-5.84647,36.95472],[-5.84726,36.95386],[-5.84874,36.95345],[-5.85011,36.9527],[-5.85038,36.95232],[-5.85049,36.95133],[-5.85104,36.95061],[-5.85283,36.95045],[-5.85327,36.95015],[-5.85305,36.9483],[-5.85251,36.94758],[-5.85451,36.94632],[-5.85368,36.94564],[-5.85124,36.94621],[-5.85019,36.94774],[-5.84879,36.94898],[-5.84751,36.95164],[-5.84691,36.95232],[-5.8459,36.95294],[-5.84531,36.9531],[-5.84049,36.95293],[-5.84588,36.95235],[-5.84657,36.95189],[-5.84708,36.95118],[-5.84736,36.94949],[-5.84745,36.94807],[-5.84722,36.94736],[-5.84829,36.9468],[-5.85018,36.94439],[-5.85011,36.94391],[-5.84931,36.94378],[-5.8468,36.94458],[-5.84478,36.94473],[-5.84481,36.94434],[-5.84597,36.94283],[-5.84853,36.94211],[-5.84901,36.94157],[-5.84544,36.94112],[-5.84459,36.94081],[-5.84583,36.94026],[-5.84626,36.93958],[-5.84749,36.93992],[-5.84859,36.93992],[-5.84908,36.93955],[-5.84901,36.93862],[-5.85128,36.93961],[-5.85169,36.93956],[-5.85188,36.93847],[-5.85169,36.93793],[-5.85111,36.93745],[-5.84892,36.93658],[-5.84882,36.93608],[-5.85052,36.93666],[-5.85075,36.93589],[-5.85105,36.93576],[-5.85173,36.93632],[-5.85255,36.93659],[-5.8529,36.93734],[-5.85357,36.93793],[-5.85397,36.93798],[-5.85494,36.93654],[-5.85501,36.93608],[-5.85478,36.93547],[-5.85403,36.93494],[-5.85396,36.93392],[-5.85343,36.93334],[-5.85464,36.93355],[-5.85493,36.93331],[-5.85483,36.93281],[-5.85616,36.9329],[-5.8583,36.93195],[-5.85839,36.93168],[-5.85674,36.93097],[-5.85732,36.93019],[-5.85738,36.9297],[-5.8583,36.93024],[-5.85912,36.93037],[-5.8595,36.93004],[-5.85932,36.92941],[-5.85974,36.92928],[-5.86025,36.9298],[-5.86087,36.92927],[-5.86053,36.92881],[-5.85947,36.92818],[-5.85882,36.92728],[-5.85752,36.9269],[-5.85675,36.92704],[-5.8561,36.92755],[-5.85585,36.92962],[-5.8553,36.93028],[-5.85455,36.93021],[-5.85328,36.92956],[-5.85202,36.92983],[-5.85169,36.92918],[-5.85094,36.92847],[-5.85145,36.92796],[-5.85121,36.92763],[-5.84874,36.92769],[-5.84834,36.92803],[-5.84827,36.92918],[-5.84755,36.92925],[-5.84674,36.92987],[-5.84647,36.92961],[-5.84654,36.92863],[-5.8462,36.92833],[-5.84391,36.92873],[-5.84368,36.92829],[-5.84305,36.92868],[-5.84284,36.92926],[-5.84191,36.92984],[-5.84158,36.92974],[-5.84161,36.92908],[-5.84133,36.92876],[-5.84054,36.92938],[-5.84047,36.93065],[-5.84005,36.931],[-5.8394,36.93042],[-5.83921,36.92959],[-5.83938,36.92885],[-5.83889,36.92883],[-5.83825,36.92932],[-5.83859,36.93036],[-5.83735,36.93026],[-5.83714,36.93042],[-5.8371,36.93105],[-5.83627,36.93192],[-5.83627,36.93239],[-5.83562,36.93174],[-5.83476,36.93437],[-5.83444,36.93335],[-5.8345,36.93205],[-5.83387,36.93082],[-5.83424,36.9301],[-5.83414,36.92971],[-5.83372,36.92982],[-5.83303,36.93069],[-5.83216,36.93124],[-5.83122,36.93156],[-5.83089,36.93143],[-5.83289,36.92978],[-5.83371,36.9283],[-5.83428,36.92815],[-5.83541,36.92854],[-5.83595,36.92832],[-5.83585,36.92793],[-5.83498,36.92782],[-5.83487,36.92748],[-5.83584,36.92689],[-5.83626,36.92621],[-5.83685,36.92619],[-5.83716,36.9266],[-5.83759,36.92652],[-5.83782,36.92603],[-5.83732,36.92569],[-5.83569,36.92592],[-5.83416,36.92666],[-5.8337,36.92638],[-5.83309,36.92639],[-5.83036,36.92787],[-5.83019,36.92766],[-5.83085,36.92662],[-5.83072,36.92628],[-5.83043,36.9263],[-5.82918,36.92719],[-5.82793,36.92747],[-5.82649,36.92998],[-5.82625,36.93022],[-5.82581,36.93017],[-5.82559,36.9292],[-5.82634,36.92842],[-5.82589,36.92755],[-5.826,36.92717],[-5.82772,36.92569],[-5.82828,36.92548],[-5.82907,36.92461],[-5.82988,36.9245],[-5.83058,36.92399],[-5.8328,36.92372],[-5.83321,36.92329],[-5.83164,36.92305],[-5.83119,36.92188],[-5.83001,36.92134],[-5.82929,36.92152],[-5.82818,36.92137],[-5.82655,36.92197],[-5.82596,36.9218],[-5.82581,36.92131],[-5.82412,36.92251],[-5.82331,36.92262],[-5.82341,36.92217],[-5.82472,36.92093],[-5.82467,36.92029],[-5.82563,36.91972],[-5.82552,36.91879],[-5.82713,36.9197],[-5.82922,36.91918],[-5.82981,36.91866],[-5.82903,36.91759],[-5.83153,36.91704],[-5.83221,36.91592],[-5.83327,36.91812],[-5.83428,36.91844],[-5.83558,36.91934],[-5.83574,36.92063],[-5.83654,36.92191],[-5.83694,36.9216],[-5.83647,36.91956],[-5.83704,36.91945],[-5.83771,36.91999],[-5.83795,36.92111],[-5.83949,36.92202],[-5.84074,36.92402],[-5.84126,36.92403],[-5.84284,36.92313],[-5.84277,36.92252],[-5.84169,36.92198],[-5.84002,36.9216],[-5.83995,36.92025],[-5.83776,36.91905],[-5.8391,36.91846],[-5.84012,36.91869],[-5.84027,36.91841],[-5.83994,36.91774],[-5.8426,36.91743],[-5.84386,36.91807],[-5.8433,36.91857],[-5.84333,36.91893],[-5.84403,36.91895],[-5.84564,36.91834],[-5.84647,36.91776],[-5.85114,36.91607],[-5.85235,36.9152],[-5.85237,36.91463],[-5.85309,36.91369],[-5.85323,36.9124],[-5.85299,36.91087],[-5.85262,36.90989],[-5.85119,36.90878],[-5.84999,36.90921],[-5.84947,36.91038],[-5.84789,36.91035],[-5.84785,36.91004],[-5.84864,36.90956],[-5.84959,36.90831],[-5.84953,36.90744],[-5.84883,36.90743],[-5.84695,36.90869],[-5.8464,36.90863],[-5.84635,36.90775],[-5.84566,36.90739],[-5.8442,36.90593],[-5.8437,36.90575],[-5.84431,36.90451],[-5.84358,36.90345],[-5.84293,36.90353],[-5.84278,36.9045],[-5.84189,36.90381],[-5.84199,36.90316],[-5.84276,36.90222],[-5.84277,36.90146],[-5.84256,36.90127],[-5.84164,36.90152],[-5.84127,36.90207],[-5.84124,36.90392],[-5.84145,36.90445],[-5.84128,36.9047],[-5.84015,36.90397],[-5.83896,36.90354],[-5.83816,36.90365],[-5.8385,36.90267],[-5.83719,36.90218],[-5.83703,36.90186],[-5.83717,36.90102],[-5.83657,36.89998],[-5.8357,36.90001],[-5.83517,36.89953],[-5.83483,36.89984],[-5.83464,36.90085],[-5.8342,36.90133],[-5.83371,36.90301],[-5.83397,36.90341],[-5.83466,36.90357],[-5.83493,36.90399],[-5.83398,36.90457],[-5.83332,36.90444],[-5.83296,36.90394],[-5.83285,36.90268],[-5.83242,36.90249],[-5.83178,36.90312],[-5.83191,36.90458],[-5.83138,36.90407],[-5.83095,36.90281],[-5.83095,36.90146],[-5.83149,36.90027],[-5.83105,36.89946],[-5.83049,36.89906],[-5.82913,36.89911],[-5.82753,36.90009],[-5.82716,36.9006],[-5.82713,36.90167],[-5.82678,36.90282],[-5.8248,36.90136],[-5.82315,36.90141],[-5.82482,36.89949],[-5.82437,36.89917],[-5.82312,36.89909],[-5.82196,36.90013],[-5.82114,36.89955],[-5.81997,36.90065],[-5.81933,36.90082],[-5.81911,36.90051],[-5.82024,36.89891],[-5.82012,36.89832],[-5.81963,36.89834],[-5.81823,36.89901],[-5.81718,36.89863],[-5.81902,36.89762],[-5.82211,36.8973],[-5.82491,36.89638],[-5.82552,36.89662],[-5.82595,36.89717],[-5.82695,36.89748],[-5.82856,36.89764],[-5.83019,36.89708],[-5.83113,36.89577],[-5.8312,36.89513],[-5.83267,36.89434],[-5.8324,36.89379],[-5.83248,36.8931],[-5.83193,36.89286],[-5.83229,36.89203],[-5.8328,36.89178],[-5.83376,36.89189],[-5.83399,36.89158],[-5.83372,36.89118],[-5.83214,36.89053],[-5.83007,36.89043],[-5.83224,36.8895],[-5.83289,36.88813],[-5.83428,36.88781],[-5.83444,36.88796],[-5.83433,36.88864],[-5.8351,36.88937],[-5.83745,36.89],[-5.83781,36.89057],[-5.83948,36.89134],[-5.84011,36.89085],[-5.83954,36.89018],[-5.83992,36.88963],[-5.84107,36.88986],[-5.84158,36.8895],[-5.84184,36.88878],[-5.843,36.88873],[-5.84522,36.8873],[-5.84564,36.88765],[-5.84605,36.88904],[-5.84652,36.88941],[-5.84839,36.88947],[-5.84994,36.8891],[-5.85107,36.8897],[-5.85218,36.88938],[-5.8527,36.88981],[-5.85206,36.89104],[-5.85065,36.8913],[-5.84981,36.89193],[-5.84835,36.89184],[-5.84603,36.89284],[-5.84542,36.89278],[-5.84504,36.89221],[-5.84469,36.89208],[-5.84422,36.89279],[-5.84458,36.89418],[-5.84521,36.89449],[-5.84931,36.8929],[-5.84988,36.89295],[-5.85007,36.89367],[-5.84903,36.89475],[-5.84975,36.89506],[-5.84962,36.89574],[-5.85009,36.89628],[-5.84995,36.89775],[-5.85056,36.89883],[-5.85089,36.89902],[-5.85194,36.8994],[-5.85223,36.89921],[-5.85141,36.89782],[-5.85205,36.89708],[-5.85199,36.89646],[-5.85232,36.8961],[-5.85299,36.896],[-5.85353,36.89718],[-5.85445,36.89714],[-5.85591,36.89591],[-5.85618,36.89512],[-5.85746,36.89509],[-5.85773,36.89386],[-5.85874,36.89349],[-5.85996,36.89355],[-5.86002,36.89395],[-5.85907,36.89463],[-5.85927,36.89511],[-5.86005,36.89563],[-5.86026,36.89632],[-5.85974,36.89689],[-5.85966,36.89793],[-5.858,36.89833],[-5.85894,36.89922],[-5.8591,36.89979],[-5.85736,36.90129],[-5.85716,36.9025],[-5.85549,36.90337],[-5.85529,36.90382],[-5.85584,36.90427],[-5.85752,36.90414],[-5.85778,36.90389],[-5.85787,36.90328],[-5.85937,36.90188],[-5.8604,36.90152],[-5.86141,36.90159],[-5.86161,36.89984],[-5.8623,36.89969],[-5.86247,36.90084],[-5.86327,36.90084],[-5.86333,36.90134],[-5.86304,36.90196],[-5.86329,36.90281],[-5.86426,36.903],[-5.8656,36.90241],[-5.86581,36.90251],[-5.86475,36.90365],[-5.8623,36.90508],[-5.86244,36.90554],[-5.86425,36.90564],[-5.86464,36.90608],[-5.8626,36.9079],[-5.86261,36.90831],[-5.86397,36.90829],[-5.86423,36.90843],[-5.86448,36.90935],[-5.86502,36.90929],[-5.86551,36.90861],[-5.86571,36.90753],[-5.86652,36.90669],[-5.86705,36.90564],[-5.86842,36.90458],[-5.86858,36.90471],[-5.86827,36.90539],[-5.86875,36.90589],[-5.86791,36.90661],[-5.86772,36.90779],[-5.86873,36.90828],[-5.86876,36.90849],[-5.86716,36.90919],[-5.86819,36.90964],[-5.86846,36.91005],[-5.868,36.91094],[-5.86768,36.91277],[-5.86833,36.91336],[-5.86881,36.91345],[-5.87151,36.91365],[-5.87224,36.91347],[-5.87224,36.91295],[-5.87189,36.9127],[-5.86968,36.91195],[-5.86927,36.9114],[-5.86924,36.91063],[-5.86963,36.91008],[-5.87085,36.90954],[-5.87068,36.9086],[-5.87248,36.90826],[-5.87355,36.90853],[-5.8744,36.90928],[-5.87505,36.90934],[-5.87587,36.90911],[-5.87717,36.9081],[-5.87704,36.90644],[-5.87773,36.90542],[-5.87757,36.90464],[-5.87667,36.90338],[-5.87789,36.90207],[-5.8774,36.90168],[-5.87498,36.90089],[-5.87476,36.90049],[-5.87591,36.89984],[-5.87678,36.89901],[-5.87676,36.89873],[-5.87609,36.89846],[-5.87395,36.89848],[-5.87359,36.89629],[-5.8712,36.89415],[-5.87109,36.89349],[-5.8702,36.89274],[-5.86994,36.89217],[-5.86886,36.8918],[-5.86737,36.89209],[-5.86692,36.89197],[-5.86834,36.89054],[-5.86835,36.89024],[-5.86764,36.88977],[-5.86658,36.88975],[-5.86615,36.89104],[-5.86536,36.89153],[-5.86511,36.89136],[-5.86548,36.89042],[-5.86538,36.89019],[-5.86481,36.8901],[-5.86394,36.89041],[-5.863,36.88968],[-5.8624,36.88986],[-5.86196,36.8908],[-5.86165,36.89083],[-5.86106,36.88996],[-5.86054,36.88978],[-5.85998,36.89057],[-5.85959,36.89074],[-5.85913,36.89073],[-5.85913,36.89021],[-5.85853,36.89009],[-5.85674,36.89047],[-5.85584,36.8911],[-5.85525,36.8912],[-5.85557,36.89022],[-5.85522,36.88967],[-5.85577,36.88874],[-5.85685,36.88783],[-5.85614,36.88763],[-5.85445,36.88803],[-5.85415,36.88774],[-5.85692,36.88703],[-5.85715,36.88656],[-5.85778,36.88635],[-5.85806,36.88693],[-5.85906,36.88785],[-5.86077,36.8882],[-5.86104,36.88788],[-5.86042,36.88669],[-5.86165,36.88674],[-5.86227,36.88633],[-5.86201,36.88584],[-5.86076,36.88539],[-5.85911,36.88556],[-5.85831,36.88532],[-5.85846,36.88505],[-5.85974,36.88466],[-5.86055,36.88409],[-5.85963,36.88351],[-5.85687,36.8841],[-5.85666,36.88495],[-5.85638,36.88515],[-5.856,36.88508],[-5.85576,36.88431],[-5.85478,36.88497],[-5.85471,36.88436],[-5.85619,36.88215],[-5.85645,36.8811],[-5.85601,36.8796],[-5.85502,36.87819],[-5.8551,36.87698],[-5.85451,36.87586],[-5.85578,36.87597],[-5.8563,36.87556],[-5.85669,36.87453],[-5.85733,36.87426],[-5.85709,36.87494],[-5.8578,36.87569],[-5.8579,36.87672],[-5.85866,36.87758],[-5.85876,36.87841],[-5.86023,36.87808],[-5.86133,36.87844],[-5.8629,36.87707],[-5.8623,36.87607],[-5.86148,36.87541],[-5.86207,36.87442],[-5.86265,36.87424],[-5.86373,36.87483],[-5.8646,36.87468],[-5.86488,36.87515],[-5.86411,36.87647],[-5.86336,36.8786],[-5.86375,36.87944],[-5.86474,36.87984],[-5.86475,36.87906],[-5.86517,36.87819],[-5.86639,36.8785],[-5.86671,36.87783],[-5.86802,36.87732],[-5.86937,36.87731],[-5.86936,36.87774],[-5.86874,36.87848],[-5.86926,36.87915],[-5.86989,36.879],[-5.87015,36.87868],[-5.87088,36.87742],[-5.87031,36.87438],[-5.8711,36.87376],[-5.87127,36.8733],[-5.87036,36.87187],[-5.8711,36.87151],[-5.87244,36.87151],[-5.8741,36.87168],[-5.87583,36.8723],[-5.87984,36.86953],[-5.87915,36.86855],[-5.87923,36.8682],[-5.88115,36.86779],[-5.88333,36.86801],[-5.88422,36.86857],[-5.88506,36.86875],[-5.88601,36.8697],[-5.88744,36.87003],[-5.8885,36.86983],[-5.88996,36.86828],[-5.89059,36.86925],[-5.88943,36.87072],[-5.89157,36.8713],[-5.89173,36.87094],[-5.89121,36.87004],[-5.89138,36.86954],[-5.89226,36.86932],[-5.89305,36.86954],[-5.89342,36.86936],[-5.89337,36.86911],[-5.89294,36.86873],[-5.89173,36.8689],[-5.89113,36.86864],[-5.89169,36.86673],[-5.89147,36.86551],[-5.88977,36.86502],[-5.88948,36.86227],[-5.88842,36.8612],[-5.88738,36.86122],[-5.88668,36.86165],[-5.88606,36.86291],[-5.88587,36.86389],[-5.88545,36.86394],[-5.88512,36.86351],[-5.88458,36.86333],[-5.88288,36.86416],[-5.88177,36.86404],[-5.8815,36.86434],[-5.88167,36.86479],[-5.88143,36.8651],[-5.88074,36.865],[-5.87971,36.86412],[-5.87856,36.86374],[-5.87863,36.86335],[-5.88068,36.86101],[-5.8806,36.86053],[-5.87996,36.85994],[-5.881,36.85941],[-5.88141,36.85846],[-5.88123,36.8582],[-5.8786,36.85795],[-5.87911,36.85724],[-5.87916,36.85669],[-5.88016,36.85708],[-5.88113,36.85679],[-5.88172,36.85696],[-5.88275,36.85682],[-5.88316,36.85724],[-5.88369,36.85737],[-5.88436,36.85717],[-5.88484,36.85645],[-5.88529,36.85619],[-5.88552,36.85621],[-5.88563,36.85671],[-5.8861,36.85708],[-5.88803,36.85658],[-5.88915,36.8573],[-5.88972,36.85683],[-5.8888,36.85572],[-5.8887,36.85421],[-5.88695,36.85375],[-5.88503,36.8522],[-5.88382,36.85204],[-5.88397,36.85163],[-5.88449,36.85145],[-5.88528,36.85159],[-5.88624,36.85124],[-5.88656,36.85213],[-5.88765,36.85279],[-5.88972,36.8529],[-5.89204,36.85263],[-5.89257,36.85221],[-5.89269,36.8517],[-5.89204,36.8501],[-5.89357,36.84977],[-5.89436,36.84934],[-5.89609,36.84666],[-5.89794,36.84434],[-5.89925,36.84341],[-5.89968,36.84241],[-5.90024,36.84217],[-5.90093,36.84245],[-5.90175,36.84244],[-5.90389,36.84149],[-5.90508,36.84182],[-5.90605,36.84146],[-5.90676,36.84054],[-5.90678,36.83977],[-5.90615,36.83888],[-5.90647,36.83878],[-5.90785,36.83968],[-5.9078,36.84043],[-5.90861,36.8408],[-5.90751,36.84162],[-5.90774,36.84231],[-5.90897,36.84235],[-5.90956,36.84298],[-5.91077,36.84358],[-5.91093,36.84424],[-5.91228,36.84454],[-5.91105,36.84542],[-5.90974,36.84691],[-5.9102,36.84802],[-5.91151,36.84868],[-5.91196,36.84931],[-5.9125,36.84943],[-5.91384,36.84876],[-5.91533,36.84684],[-5.91608,36.8467],[-5.91605,36.84702],[-5.91492,36.84806],[-5.91462,36.84895],[-5.91468,36.85005],[-5.9149,36.85041],[-5.91523,36.85042],[-5.91665,36.8494],[-5.91788,36.84901],[-5.91818,36.84843],[-5.91768,36.84635],[-5.91566,36.84576],[-5.91578,36.84539],[-5.91682,36.84503],[-5.91564,36.84417],[-5.9152,36.84337],[-5.91525,36.84191],[-5.91463,36.8401],[-5.91494,36.83919],[-5.91628,36.83831],[-5.91744,36.83716],[-5.91769,36.83758],[-5.91763,36.83808],[-5.9164,36.83983],[-5.91601,36.8412],[-5.91651,36.84187],[-5.91806,36.84259],[-5.91887,36.84404],[-5.91872,36.84532],[-5.91911,36.84542],[-5.92004,36.84511],[-5.91947,36.84664],[-5.91967,36.84714],[-5.92101,36.84728],[-5.91995,36.84936],[-5.92022,36.84983],[-5.92103,36.84936],[-5.9216,36.84937],[-5.92138,36.85051],[-5.92063,36.85103],[-5.92039,36.85295],[-5.92071,36.85321],[-5.92126,36.85312],[-5.92227,36.85182],[-5.92251,36.85267],[-5.922,36.85326],[-5.92165,36.85507],[-5.92184,36.8557],[-5.92238,36.85599],[-5.92334,36.85614],[-5.92505,36.85537],[-5.92663,36.85508],[-5.92468,36.85679],[-5.92464,36.85785],[-5.92426,36.85896],[-5.92456,36.85971],[-5.926,36.85959],[-5.92633,36.85996],[-5.92664,36.85995],[-5.92908,36.85874],[-5.92837,36.85992],[-5.92874,36.8618],[-5.92921,36.86206],[-5.92992,36.8619],[-5.93034,36.86236],[-5.93196,36.86173],[-5.93348,36.86172],[-5.93346,36.86039],[-5.93263,36.85963],[-5.93263,36.85939],[-5.93358,36.8592],[-5.93327,36.8576],[-5.9333,36.85717],[-5.93368,36.85702],[-5.93432,36.85797],[-5.93513,36.85758],[-5.93767,36.85701],[-5.93836,36.85817],[-5.93982,36.8585],[-5.94097,36.85905],[-5.93978,36.85919],[-5.93826,36.86089],[-5.93859,36.86171],[-5.93994,36.86266],[-5.9388,36.86263],[-5.93757,36.86208],[-5.93551,36.86262],[-5.93297,36.86374],[-5.93287,36.86424],[-5.93362,36.86445],[-5.93417,36.86513],[-5.93376,36.86544],[-5.93267,36.86546],[-5.9322,36.866],[-5.93335,36.86645],[-5.93368,36.86736],[-5.93456,36.86818],[-5.93352,36.86919],[-5.93383,36.8696],[-5.93516,36.86903],[-5.93614,36.86895],[-5.93701,36.86792],[-5.93764,36.86844],[-5.93878,36.86881],[-5.93984,36.86871],[-5.94025,36.86829],[-5.94069,36.86673],[-5.94123,36.86627],[-5.94126,36.86782],[-5.94178,36.86817],[-5.94267,36.86813],[-5.94441,36.86666],[-5.94535,36.8654],[-5.9472,36.86506],[-5.94741,36.86521],[-5.94723,36.86565],[-5.94808,36.86565],[-5.94868,36.86521],[-5.94847,36.86485],[-5.94858,36.86444],[-5.95018,36.86372],[-5.95056,36.86389],[-5.95058,36.86495],[-5.95184,36.86581],[-5.95026,36.86616],[-5.94785,36.86935],[-5.9484,36.87034],[-5.94933,36.8712],[-5.95069,36.87192],[-5.95025,36.87219],[-5.94899,36.87209],[-5.94814,36.8724],[-5.94748,36.87309],[-5.94728,36.87394],[-5.94656,36.87477],[-5.94484,36.87404],[-5.94384,36.87412],[-5.94478,36.87508],[-5.94421,36.87565],[-5.94455,36.87639],[-5.94322,36.87631],[-5.94271,36.87659],[-5.9425,36.87727],[-5.94322,36.87772],[-5.94325,36.87807],[-5.94154,36.87894],[-5.94127,36.87948],[-5.94134,36.87991],[-5.94057,36.88059],[-5.94063,36.88109],[-5.94118,36.88188],[-5.94256,36.88252],[-5.94414,36.88265],[-5.94428,36.88287],[-5.94407,36.88393],[-5.9443,36.88418],[-5.94727,36.88426],[-5.9475,36.88444],[-5.94683,36.88617],[-5.94863,36.8869],[-5.95153,36.88749],[-5.95273,36.8875],[-5.95355,36.8871],[-5.95479,36.88557],[-5.95531,36.8858],[-5.95578,36.8868],[-5.95646,36.88723],[-5.95702,36.88711],[-5.95789,36.8864],[-5.95873,36.88702],[-5.95937,36.88715],[-5.96018,36.88686],[-5.96232,36.8854],[-5.96251,36.8847],[-5.96155,36.88383],[-5.96032,36.88333],[-5.95757,36.88275],[-5.95752,36.88247],[-5.96019,36.88244],[-5.96035,36.88172],[-5.96096,36.88147],[-5.96238,36.88209],[-5.96336,36.88161],[-5.96487,36.88194],[-5.96546,36.88178],[-5.96566,36.88144],[-5.96537,36.87996],[-5.96592,36.87969],[-5.96744,36.87968],[-5.968,36.87926],[-5.96868,36.87717],[-5.9687,36.87598],[-5.96975,36.87561],[-5.96977,36.87502],[-5.97019,36.8743],[-5.97132,36.8734],[-5.9715,36.87225],[-5.97138,36.87193],[-5.97031,36.87122],[-5.96943,36.86972],[-5.9679,36.86878],[-5.96736,36.86815],[-5.96526,36.86774],[-5.96382,36.86802],[-5.96239,36.86776],[-5.96354,36.8669],[-5.9637,36.86601],[-5.96332,36.86523],[-5.96215,36.86431],[-5.96051,36.86435],[-5.95938,36.8652],[-5.95868,36.86506],[-5.95834,36.86443],[-5.95876,36.86347],[-5.96024,36.86375],[-5.96091,36.86349],[-5.96075,36.86308],[-5.95913,36.86249],[-5.96003,36.8624],[-5.9614,36.86149],[-5.96234,36.86135],[-5.96261,36.86179],[-5.9623,36.86313],[-5.96252,36.86354],[-5.96337,36.86411],[-5.96442,36.86377],[-5.96483,36.86423],[-5.96557,36.866],[-5.96628,36.86614],[-5.96687,36.86595],[-5.96694,36.8654],[-5.96586,36.86452],[-5.96562,36.86391],[-5.9662,36.86202],[-5.9665,36.86169],[-5.96757,36.86216],[-5.96826,36.86214],[-5.96872,36.86185],[-5.96882,36.86127],[-5.96856,36.86081],[-5.96593,36.86025],[-5.96559,36.85988],[-5.96727,36.85984],[-5.96787,36.85961],[-5.96698,36.8576],[-5.96779,36.8565],[-5.96811,36.85769],[-5.96892,36.85878],[-5.96925,36.85884],[-5.96938,36.85847],[-5.96923,36.85682],[-5.97019,36.85782],[-5.97115,36.85969],[-5.97261,36.85961],[-5.9725,36.86027],[-5.97275,36.86063],[-5.97479,36.86126],[-5.97733,36.86144],[-5.97858,36.86186],[-5.97929,36.86158],[-5.9803,36.86091],[-5.98195,36.85908],[-5.98338,36.85856],[-5.98406,36.85677],[-5.98486,36.85695],[-5.98704,36.85629],[-5.99246,36.85364],[-5.99513,36.85193],[-6.00121,36.84676],[-6.00265,36.84487],[-6.00339,36.84348],[-6.00389,36.84141],[-6.00488,36.83924],[-6.00501,36.8373],[-6.00545,36.83629],[-6.00564,36.83473],[-6.00538,36.83346],[-6.00491,36.83268],[-6.00338,36.83112],[-6.00229,36.82912],[-6.0017,36.82873],[-5.99696,36.82713],[-5.99513,36.82814],[-5.99461,36.82921],[-5.9936,36.82986],[-5.9928,36.83078],[-5.99226,36.8309],[-5.99243,36.82963],[-5.99366,36.82848],[-5.99407,36.82753],[-5.99536,36.8268],[-5.99606,36.82539],[-5.99578,36.82507],[-5.99478,36.82508],[-5.99376,36.82635],[-5.99311,36.82655],[-5.99252,36.82633],[-5.99302,36.82551],[-5.99224,36.82441],[-5.99214,36.82365],[-5.99325,36.82225],[-5.99304,36.82172],[-5.9918,36.82073],[-5.9929,36.81955],[-5.99283,36.81902],[-5.99179,36.81736],[-5.99121,36.81575],[-5.99004,36.81444],[-5.98874,36.81226],[-5.98485,36.80791],[-5.98476,36.80612],[-5.98513,36.80421],[-5.98472,36.80316],[-5.98467,36.80187],[-5.98448,36.80131],[-5.98299,36.79954],[-5.9823,36.79935],[-5.98156,36.79954],[-5.98134,36.79993],[-5.98125,36.80139],[-5.98076,36.80166],[-5.98007,36.80164],[-5.97801,36.80062],[-5.97739,36.79934],[-5.97584,36.79766],[-5.97462,36.79766],[-5.9739,36.79873],[-5.97211,36.7999],[-5.97202,36.79955],[-5.97262,36.79799],[-5.97239,36.79726],[-5.97189,36.79697],[-5.9701,36.79653],[-5.96849,36.79686],[-5.96464,36.79676],[-5.96357,36.79707],[-5.96313,36.79821],[-5.96254,36.79745],[-5.96029,36.79602],[-5.95981,36.79613],[-5.95974,36.79704],[-5.95905,36.79709],[-5.95839,36.79642],[-5.95795,36.79541],[-5.95727,36.79515],[-5.95693,36.79549],[-5.95697,36.79606],[-5.95824,36.79779],[-5.95753,36.79871],[-5.95685,36.79875],[-5.95568,36.79723],[-5.95351,36.79678],[-5.95319,36.79834],[-5.95184,36.79968],[-5.95113,36.79814],[-5.95054,36.79571],[-5.95009,36.79541],[-5.94876,36.79535],[-5.94704,36.79395],[-5.94536,36.79341],[-5.94468,36.79356],[-5.94441,36.79402],[-5.94554,36.79558],[-5.94635,36.79741],[-5.94713,36.79973],[-5.9466,36.80028],[-5.94602,36.80031],[-5.94361,36.79951],[-5.94361,36.79909],[-5.94441,36.79893],[-5.94468,36.79843],[-5.94439,36.79796],[-5.94315,36.79747],[-5.94275,36.79764],[-5.94282,36.79836],[-5.94243,36.79843],[-5.94136,36.79752],[-5.94026,36.7976],[-5.93899,36.79728],[-5.93812,36.79745],[-5.9377,36.79685],[-5.93664,36.79663],[-5.93597,36.79705],[-5.93617,36.79847],[-5.93605,36.79874],[-5.93562,36.79886],[-5.93497,36.79801],[-5.93294,36.79768],[-5.93332,36.79659],[-5.93296,36.79608],[-5.93233,36.79593],[-5.93169,36.79644],[-5.93247,36.79675],[-5.93247,36.79718],[-5.93147,36.79786],[-5.93101,36.79774],[-5.93093,36.79681],[-5.93044,36.79646],[-5.92994,36.79646],[-5.92951,36.79688],[-5.92901,36.79861],[-5.92965,36.80005],[-5.92955,36.8006],[-5.92882,36.80008],[-5.9275,36.79982],[-5.9279,36.79914],[-5.92761,36.79757],[-5.92795,36.79644],[-5.92803,36.79496],[-5.92943,36.79355],[-5.92934,36.79297],[-5.92886,36.79245],[-5.92808,36.79247],[-5.92781,36.79374],[-5.92699,36.79314],[-5.92651,36.79307],[-5.92649,36.79481],[-5.92615,36.795],[-5.92507,36.79427],[-5.9244,36.79414],[-5.92378,36.79427],[-5.92349,36.79498],[-5.92313,36.79506],[-5.92085,36.79299],[-5.91953,36.79325],[-5.91919,36.79371],[-5.91967,36.79468],[-5.91861,36.79497],[-5.91851,36.79544],[-5.91874,36.79603],[-5.91957,36.79643],[-5.92188,36.79689],[-5.92305,36.79783],[-5.92362,36.79913],[-5.92343,36.79968],[-5.92243,36.8004],[-5.92247,36.80141],[-5.92033,36.80241],[-5.91986,36.80351],[-5.91972,36.80535],[-5.92016,36.80633],[-5.92114,36.80688],[-5.92256,36.80664],[-5.92292,36.80678],[-5.92242,36.80736],[-5.92236,36.80786],[-5.91998,36.80877],[-5.91982,36.80912],[-5.92047,36.8095],[-5.92235,36.80962],[-5.92029,36.81096],[-5.91907,36.80985],[-5.91825,36.80975],[-5.91807,36.81009],[-5.91824,36.81049],[-5.91661,36.81137],[-5.91466,36.81154],[-5.91424,36.81131],[-5.91406,36.81087],[-5.91429,36.80935],[-5.91378,36.80862],[-5.9131,36.808],[-5.9114,36.80777],[-5.91147,36.80649],[-5.91006,36.80602],[-5.90915,36.80504],[-5.90807,36.80492],[-5.90651,36.8054],[-5.9048,36.80515],[-5.90377,36.80577],[-5.90377,36.80634],[-5.90509,36.80728],[-5.90553,36.80837],[-5.9065,36.80932],[-5.90735,36.81067],[-5.90837,36.81156],[-5.9092,36.81338],[-5.91036,36.81478],[-5.9104,36.81534],[-5.90952,36.81719],[-5.90912,36.81751],[-5.90882,36.81732],[-5.90785,36.8143],[-5.90739,36.81365],[-5.90609,36.81399],[-5.90501,36.81542],[-5.90483,36.81515],[-5.90501,36.81434],[-5.90621,36.81303],[-5.90648,36.81197],[-5.90601,36.81129],[-5.90479,36.81092],[-5.9045,36.81019],[-5.90421,36.81006],[-5.90242,36.80942],[-5.90073,36.80987],[-5.89921,36.80932],[-5.89684,36.81004],[-5.89613,36.80929],[-5.89479,36.8089],[-5.89541,36.80808],[-5.89544,36.80786],[-5.89505,36.80767],[-5.89329,36.80771],[-5.88799,36.80699],[-5.88671,36.80722],[-5.88445,36.80962],[-5.88349,36.81135],[-5.88342,36.81243],[-5.88364,36.81307],[-5.88541,36.81535],[-5.88469,36.81514],[-5.884,36.81544],[-5.88395,36.81721],[-5.88233,36.82071],[-5.8825,36.82147],[-5.88307,36.82242],[-5.88267,36.82248],[-5.88183,36.82207],[-5.88113,36.82223],[-5.88064,36.8236],[-5.87993,36.82457],[-5.87968,36.82364],[-5.88017,36.82169],[-5.87958,36.82074],[-5.88033,36.81999],[-5.8811,36.81867],[-5.88119,36.81713],[-5.88091,36.81674],[-5.88026,36.81667],[-5.87769,36.81746],[-5.87794,36.81654],[-5.8771,36.81561],[-5.87855,36.81591],[-5.87936,36.81562],[-5.87983,36.81515],[-5.88009,36.81359],[-5.88071,36.81254],[-5.88056,36.81174],[-5.88151,36.81148],[-5.88203,36.81095],[-5.88212,36.8099],[-5.88279,36.80856],[-5.88215,36.80747],[-5.88318,36.80675],[-5.88418,36.80451],[-5.88429,36.8033],[-5.88403,36.80279],[-5.88353,36.80252],[-5.88366,36.80172],[-5.88348,36.80132],[-5.88258,36.80088],[-5.881,36.80176],[-5.88071,36.80156],[-5.88074,36.80088],[-5.88004,36.80062],[-5.8788,36.80103],[-5.87737,36.80199],[-5.87642,36.80195],[-5.87634,36.80155],[-5.87682,36.80016],[-5.87565,36.79918],[-5.87516,36.79846],[-5.87558,36.7982],[-5.87905,36.79872],[-5.88123,36.79817],[-5.8816,36.79844],[-5.8813,36.79906],[-5.88159,36.79946],[-5.88405,36.79994],[-5.88502,36.79961],[-5.88555,36.79886],[-5.88499,36.79802],[-5.88341,36.79743],[-5.88459,36.79598],[-5.88409,36.79491],[-5.88403,36.79402],[-5.88362,36.79384],[-5.88225,36.79411],[-5.88214,36.79393],[-5.88251,36.79317],[-5.88154,36.79288],[-5.88143,36.79209],[-5.88123,36.79198],[-5.8805,36.79216],[-5.88044,36.7909],[-5.87917,36.79106],[-5.87873,36.79072],[-5.87796,36.79104],[-5.87708,36.79163],[-5.87531,36.79391],[-5.87435,36.79437],[-5.87354,36.79121],[-5.87287,36.79061],[-5.87155,36.79048],[-5.87116,36.79096],[-5.87192,36.79206],[-5.87016,36.79185],[-5.86967,36.79203],[-5.86955,36.79244],[-5.87226,36.79481],[-5.87267,36.7955],[-5.87246,36.79586],[-5.87164,36.79575],[-5.87074,36.7946],[-5.86914,36.79359],[-5.86757,36.79299],[-5.86664,36.79343],[-5.86566,36.79321],[-5.86478,36.79361],[-5.86569,36.79439],[-5.86548,36.79469],[-5.86435,36.79482],[-5.86399,36.79437],[-5.86341,36.79415],[-5.86255,36.79467],[-5.86233,36.79566],[-5.86119,36.79516],[-5.86067,36.79539],[-5.86054,36.79651],[-5.8595,36.79658],[-5.85923,36.7975],[-5.85823,36.79843],[-5.85873,36.79892],[-5.86109,36.79864],[-5.86122,36.79882],[-5.86016,36.79951],[-5.85925,36.8008],[-5.85875,36.80085],[-5.85808,36.8005],[-5.8575,36.80074],[-5.85717,36.8011],[-5.85715,36.80198],[-5.85591,36.8024],[-5.85561,36.80282],[-5.85571,36.80371],[-5.85616,36.80439],[-5.85691,36.80496],[-5.8592,36.80591],[-5.85936,36.80629],[-5.85841,36.80671],[-5.85804,36.80751],[-5.85773,36.80761],[-5.85748,36.80658],[-5.85473,36.80514],[-5.85417,36.80442],[-5.85274,36.80394],[-5.85218,36.80409],[-5.85181,36.805],[-5.85302,36.80671],[-5.85325,36.80833],[-5.85289,36.80841],[-5.85118,36.80667],[-5.85014,36.80666],[-5.84785,36.80937],[-5.84784,36.8098],[-5.84861,36.81074],[-5.84686,36.81022],[-5.84601,36.81049],[-5.84547,36.81113],[-5.84556,36.81167],[-5.84753,36.81285],[-5.8476,36.81351],[-5.84733,36.81401],[-5.84685,36.81407],[-5.84614,36.81328],[-5.8443,36.81221],[-5.84387,36.81238],[-5.84352,36.81318],[-5.84313,36.81325],[-5.84254,36.81175],[-5.84183,36.81125],[-5.84113,36.8112],[-5.83924,36.81164],[-5.83802,36.81082],[-5.83742,36.81091],[-5.83715,36.8112],[-5.8376,36.81181],[-5.83879,36.81235],[-5.83854,36.81448],[-5.83961,36.81681],[-5.84057,36.81757],[-5.84328,36.81851],[-5.84374,36.81979],[-5.84468,36.82116],[-5.844,36.82138],[-5.84215,36.82022],[-5.84148,36.82011],[-5.84126,36.8204],[-5.84141,36.82114],[-5.84111,36.8213],[-5.83881,36.81993],[-5.83797,36.82011],[-5.83729,36.82082],[-5.8371,36.82143],[-5.83723,36.82209],[-5.83772,36.82283],[-5.83773,36.82345],[-5.8366,36.82497],[-5.83667,36.82659],[-5.8354,36.82727],[-5.83526,36.82751],[-5.83545,36.82804],[-5.83659,36.82824],[-5.83713,36.8279],[-5.83777,36.8269],[-5.83898,36.82671],[-5.83961,36.82638],[-5.83994,36.82579],[-5.84261,36.82487],[-5.8436,36.82402],[-5.8441,36.82307],[-5.8447,36.82269],[-5.84608,36.82242],[-5.84659,36.82154],[-5.8485,36.82238],[-5.84733,36.82258],[-5.84624,36.82358],[-5.84524,36.82531],[-5.84393,36.82854],[-5.84127,36.82985],[-5.83747,36.83348],[-5.83713,36.83445],[-5.83796,36.83467],[-5.84001,36.83403],[-5.84313,36.834],[-5.84371,36.8338],[-5.84498,36.83258],[-5.8464,36.83248],[-5.84862,36.83334],[-5.85168,36.83648],[-5.85274,36.83681],[-5.85337,36.83659],[-5.85403,36.83575],[-5.8549,36.8359],[-5.85605,36.83532],[-5.85622,36.83478],[-5.85581,36.83398],[-5.85888,36.83352],[-5.86104,36.83263],[-5.86111,36.83288],[-5.86011,36.83333],[-5.85866,36.83456],[-5.85846,36.83533],[-5.85928,36.83583],[-5.86004,36.83596],[-5.8613,36.83515],[-5.8618,36.83526],[-5.86157,36.83598],[-5.86194,36.83682],[-5.86182,36.8379],[-5.86246,36.83893],[-5.86299,36.83927],[-5.86323,36.84001],[-5.86099,36.83944],[-5.86067,36.83926],[-5.8604,36.83855],[-5.85929,36.83803],[-5.85871,36.83809],[-5.85711,36.83896],[-5.85453,36.83891],[-5.85416,36.83915],[-5.85563,36.84009],[-5.85513,36.84073],[-5.85523,36.84283],[-5.85557,36.84418],[-5.85733,36.84531],[-5.85723,36.84595],[-5.85746,36.84693],[-5.85801,36.84763],[-5.85889,36.8482],[-5.8578,36.84859],[-5.85568,36.84599],[-5.85422,36.84567],[-5.85255,36.84857],[-5.852,36.84508],[-5.85219,36.84333],[-5.85198,36.84303],[-5.8511,36.84276],[-5.85099,36.84171],[-5.85069,36.84121],[-5.84886,36.84157],[-5.8482,36.84102],[-5.84736,36.83929],[-5.8463,36.83894],[-5.84548,36.83913],[-5.84378,36.83887],[-5.8428,36.84031],[-5.84115,36.84122],[-5.83802,36.84377],[-5.83694,36.8458],[-5.83473,36.84591],[-5.83447,36.8457],[-5.83443,36.84489],[-5.83553,36.8409],[-5.83499,36.83777],[-5.83455,36.83748],[-5.83397,36.83748],[-5.83286,36.83871],[-5.83047,36.84258],[-5.82833,36.84754],[-5.82864,36.84898],[-5.82908,36.84943],[-5.82999,36.8496],[-5.83096,36.84916],[-5.83101,36.84952],[-5.83027,36.85033],[-5.82954,36.85051],[-5.82813,36.85047],[-5.82716,36.85003],[-5.82683,36.85011],[-5.82603,36.85127],[-5.82459,36.85484],[-5.82462,36.85524],[-5.82598,36.85471],[-5.82626,36.85488],[-5.82589,36.85565],[-5.82608,36.85631],[-5.82526,36.85762],[-5.82554,36.85917],[-5.82469,36.86048],[-5.82503,36.86085],[-5.8266,36.86113],[-5.82683,36.86138],[-5.82512,36.86175],[-5.82357,36.86139],[-5.8227,36.86032],[-5.82244,36.8596],[-5.82251,36.85911],[-5.82208,36.85926],[-5.82133,36.8606],[-5.82117,36.86223],[-5.82054,36.86298],[-5.82018,36.8643],[-5.82051,36.86483],[-5.82126,36.86475],[-5.82162,36.86501],[-5.82173,36.86551],[-5.82141,36.8666],[-5.82178,36.86758],[-5.82129,36.86813],[-5.82034,36.86809],[-5.81963,36.86685],[-5.81926,36.86679],[-5.81871,36.86799],[-5.81916,36.86946],[-5.81831,36.87039],[-5.81821,36.87084],[-5.81674,36.8722],[-5.81634,36.87212],[-5.81603,36.87161],[-5.81659,36.87009],[-5.8165,36.86901],[-5.81561,36.86818],[-5.81417,36.86617],[-5.81178,36.86553],[-5.80972,36.86563],[-5.80715,36.86613],[-5.80524,36.86856],[-5.80408,36.86933],[-5.80383,36.86988],[-5.80389,36.87079],[-5.80335,36.87159],[-5.80084,36.87342],[-5.8004,36.87284],[-5.80047,36.87109],[-5.79925,36.8701],[-5.79881,36.86933],[-5.79801,36.86932],[-5.79755,36.87013],[-5.79782,36.87139],[-5.79881,36.873],[-5.79846,36.87395],[-5.79899,36.87563],[-5.79906,36.87726],[-5.79996,36.88006],[-5.80026,36.88159],[-5.8001,36.8818],[-5.79945,36.88011],[-5.79804,36.87845],[-5.79668,36.87877],[-5.79619,36.87832],[-5.79612,36.87763],[-5.79709,36.87774],[-5.79748,36.87756],[-5.79767,36.87702],[-5.79578,36.87478],[-5.79566,36.87362],[-5.79501,36.8735],[-5.79446,36.87501],[-5.79411,36.87538],[-5.79386,36.87537],[-5.79301,36.87435],[-5.79196,36.8746],[-5.79274,36.873],[-5.79244,36.8724],[-5.79269,36.87174],[-5.79236,36.87131],[-5.79242,36.87039],[-5.79199,36.87],[-5.79077,36.86965],[-5.78966,36.86848],[-5.78911,36.86849],[-5.78877,36.86896],[-5.78972,36.86974],[-5.78998,36.87046],[-5.78943,36.87133],[-5.78833,36.87203],[-5.78818,36.87172],[-5.78865,36.87025],[-5.78772,36.86979],[-5.787,36.86984],[-5.7863,36.87039],[-5.78583,36.87042],[-5.78446,36.86983],[-5.78398,36.86991],[-5.78305,36.87082],[-5.78319,36.87235],[-5.78271,36.87291],[-5.78211,36.87144],[-5.78238,36.86983],[-5.78179,36.87],[-5.78075,36.8711],[-5.78065,36.87281],[-5.78011,36.87342],[-5.77975,36.87435],[-5.7801,36.87463],[-5.78107,36.87435],[-5.78178,36.87455],[-5.78121,36.87609],[-5.78143,36.87674],[-5.78121,36.87737],[-5.78158,36.87805],[-5.78137,36.87877],[-5.78173,36.87927],[-5.78156,36.87965],[-5.78195,36.88038],[-5.78202,36.88113],[-5.78277,36.88218],[-5.78243,36.88246],[-5.78207,36.88357],[-5.78178,36.88339],[-5.78171,36.88227],[-5.78118,36.88154],[-5.78117,36.88078],[-5.78006,36.88002],[-5.77899,36.87606],[-5.77852,36.87562],[-5.77822,36.87583],[-5.77811,36.87812],[-5.7771,36.87946],[-5.77735,36.87822],[-5.77711,36.87778],[-5.77681,36.87771],[-5.7751,36.87846],[-5.77457,36.8782],[-5.77364,36.87709],[-5.77328,36.87727],[-5.77324,36.87797],[-5.77275,36.87787],[-5.77212,36.87733],[-5.77157,36.87803],[-5.77089,36.87734],[-5.76969,36.87856],[-5.76884,36.87867],[-5.76829,36.88043],[-5.76743,36.88096],[-5.76551,36.88152],[-5.76415,36.88128],[-5.76364,36.88143],[-5.7612,36.88307],[-5.75881,36.88381],[-5.7541,36.88424],[-5.75376,36.88387],[-5.75413,36.88333],[-5.75302,36.88179],[-5.75298,36.88124],[-5.75595,36.88186],[-5.75678,36.88119],[-5.75737,36.87965],[-5.75832,36.88003],[-5.75929,36.8797],[-5.75945,36.8801],[-5.75884,36.88242],[-5.75891,36.88265],[-5.75942,36.88264],[-5.76373,36.8792],[-5.76541,36.87916],[-5.76754,36.87735],[-5.76978,36.87612],[-5.77088,36.87573],[-5.77192,36.87593],[-5.77214,36.8749],[-5.77298,36.87547],[-5.77348,36.87542],[-5.77386,36.87504],[-5.77445,36.87402],[-5.77453,36.87306],[-5.77301,36.87146],[-5.77206,36.87146],[-5.76987,36.87234],[-5.76853,36.87216],[-5.76877,36.87177],[-5.7707,36.87133],[-5.77118,36.87088],[-5.77072,36.87038],[-5.76952,36.86985],[-5.76837,36.86968],[-5.76761,36.86909],[-5.76786,36.86877],[-5.76942,36.86895],[-5.76995,36.86877],[-5.77006,36.86842],[-5.76841,36.86772],[-5.76812,36.86736],[-5.76924,36.86641],[-5.77024,36.86728],[-5.77174,36.86787],[-5.77278,36.86774],[-5.77332,36.86793],[-5.77341,36.86942],[-5.77392,36.86956],[-5.77457,36.86926],[-5.7752,36.86929],[-5.77567,36.86956],[-5.77582,36.87024],[-5.77639,36.8703],[-5.77926,36.86908],[-5.77939,36.86885],[-5.77911,36.86839],[-5.77932,36.86787],[-5.7806,36.86752],[-5.78105,36.86709],[-5.7815,36.86622],[-5.78115,36.86581],[-5.77968,36.86555],[-5.7785,36.86608],[-5.77749,36.86548],[-5.77654,36.86562],[-5.77636,36.86546],[-5.77483,36.86338],[-5.77483,36.86182],[-5.77358,36.86123],[-5.77365,36.86096],[-5.77473,36.86016],[-5.77457,36.85965],[-5.77475,36.85928],[-5.77569,36.85942],[-5.77614,36.8599],[-5.77672,36.8601],[-5.7776,36.85985],[-5.77934,36.85878],[-5.77952,36.85958],[-5.77888,36.86075],[-5.77864,36.86177],[-5.77889,36.86295],[-5.781,36.86382],[-5.78136,36.86389],[-5.78164,36.86365],[-5.78172,36.86253],[-5.78233,36.86111],[-5.78263,36.86088],[-5.78309,36.86097],[-5.78382,36.86189],[-5.78341,36.8636],[-5.7835,36.86424],[-5.78419,36.86582],[-5.78462,36.86611],[-5.78589,36.86524],[-5.786,36.86485],[-5.78563,36.86323],[-5.78593,36.86258],[-5.78743,36.86349],[-5.78858,36.86336],[-5.7897,36.86445],[-5.79102,36.86398],[-5.79221,36.86506],[-5.79483,36.86601],[-5.79737,36.86641],[-5.7982,36.86685],[-5.79882,36.86657],[-5.79984,36.86466],[-5.79961,36.86348],[-5.80119,36.8625],[-5.79934,36.8616],[-5.79911,36.86117],[-5.79956,36.86082],[-5.80171,36.86048],[-5.80239,36.86004],[-5.80263,36.85934],[-5.80214,36.85854],[-5.80233,36.85795],[-5.80365,36.85807],[-5.80412,36.85796],[-5.80456,36.85746],[-5.80456,36.85684],[-5.80389,36.8563],[-5.80404,36.85539],[-5.80595,36.85489],[-5.80783,36.85286],[-5.80772,36.85172],[-5.80738,36.85144],[-5.80662,36.85174],[-5.80522,36.85316],[-5.80438,36.85322],[-5.80453,36.85201],[-5.80392,36.85072],[-5.80447,36.85025],[-5.80585,36.84996],[-5.8068,36.84936],[-5.80826,36.84908],[-5.8086,36.84845],[-5.80839,36.84767],[-5.80686,36.84726],[-5.8072,36.84614],[-5.80711,36.84553],[-5.80657,36.84492],[-5.8059,36.84461],[-5.80481,36.84472],[-5.80304,36.84644],[-5.80176,36.84675],[-5.80179,36.84638],[-5.80277,36.8452],[-5.80297,36.84451],[-5.80207,36.84337],[-5.80252,36.84317],[-5.80377,36.84343],[-5.80476,36.84291],[-5.80382,36.8412],[-5.8045,36.84117],[-5.80553,36.84151],[-5.80548,36.84003],[-5.80641,36.84079],[-5.80698,36.84091],[-5.80773,36.84051],[-5.80859,36.83942],[-5.80961,36.83936],[-5.80898,36.84103],[-5.80802,36.84257],[-5.80815,36.84305],[-5.80905,36.84338],[-5.81022,36.84427],[-5.81398,36.84403],[-5.81648,36.84194],[-5.81705,36.84026],[-5.81824,36.83886],[-5.81952,36.83639],[-5.81914,36.83522],[-5.81913,36.83382],[-5.81856,36.8337],[-5.81663,36.83524],[-5.81397,36.83585],[-5.81229,36.8366],[-5.81092,36.83825],[-5.81015,36.8387],[-5.80959,36.83862],[-5.80905,36.8379],[-5.80794,36.83708],[-5.80652,36.83724],[-5.80644,36.83689],[-5.80684,36.83561],[-5.80626,36.83503],[-5.80592,36.83421],[-5.8041,36.83406],[-5.80575,36.83203],[-5.80569,36.83033],[-5.80676,36.82899],[-5.80679,36.82853],[-5.80537,36.82847],[-5.80412,36.82804],[-5.80313,36.82839],[-5.79912,36.82886],[-5.79809,36.82837],[-5.79985,36.82786],[-5.80106,36.82713],[-5.80168,36.82642],[-5.80178,36.82492],[-5.80388,36.8239],[-5.80492,36.82269],[-5.80669,36.82232],[-5.8078,36.82139],[-5.80866,36.82202],[-5.8118,36.82208],[-5.81339,36.82178],[-5.81466,36.82292],[-5.81793,36.82412],[-5.82108,36.82433],[-5.82315,36.82377],[-5.82354,36.8228],[-5.82459,36.82187],[-5.82568,36.82013],[-5.82549,36.81967],[-5.82441,36.81991],[-5.82412,36.8197],[-5.82427,36.81919],[-5.82533,36.81818],[-5.82533,36.81738],[-5.82575,36.81626],[-5.82553,36.81572],[-5.82461,36.81497],[-5.82388,36.81346],[-5.8229,36.81312],[-5.82071,36.8135],[-5.82087,36.81318],[-5.82223,36.81238],[-5.82219,36.81205],[-5.82163,36.8119],[-5.82061,36.8121],[-5.8193,36.81319],[-5.8182,36.81142],[-5.8193,36.81072],[-5.81929,36.81034],[-5.81816,36.80899],[-5.81681,36.8087],[-5.8153,36.80767],[-5.81468,36.80766],[-5.81439,36.80799],[-5.8149,36.8098],[-5.81476,36.8101],[-5.81328,36.80973],[-5.81133,36.81001],[-5.8112,36.80988],[-5.81185,36.80924],[-5.81202,36.80868],[-5.81154,36.80807],[-5.81087,36.80784],[-5.8104,36.80807],[-5.81034,36.80878],[-5.80714,36.809],[-5.80695,36.80941],[-5.80715,36.81044],[-5.80708,36.81079],[-5.80672,36.811],[-5.80613,36.8108],[-5.80492,36.80972],[-5.80382,36.80964],[-5.80266,36.80996],[-5.80292,36.80884],[-5.80368,36.80796],[-5.80379,36.80745],[-5.8032,36.8069],[-5.802,36.80636],[-5.8006,36.80633],[-5.79967,36.80662],[-5.79917,36.80731],[-5.79884,36.8088],[-5.79735,36.80861],[-5.79689,36.80838],[-5.79757,36.80755],[-5.79725,36.80624],[-5.79671,36.80534],[-5.79673,36.80431],[-5.79608,36.80366],[-5.79519,36.80363],[-5.79318,36.80484],[-5.79281,36.8046],[-5.79221,36.80335],[-5.79124,36.8026],[-5.79087,36.80199],[-5.79057,36.80187],[-5.78918,36.80268],[-5.78821,36.80279],[-5.78792,36.80264],[-5.78746,36.80131],[-5.78661,36.80036],[-5.78558,36.80001],[-5.7845,36.80051],[-5.78361,36.80022],[-5.78338,36.79974],[-5.78369,36.79844],[-5.78327,36.79779],[-5.78276,36.79756],[-5.78164,36.79754],[-5.78048,36.79784],[-5.78027,36.79823],[-5.78057,36.79957],[-5.78035,36.80005],[-5.77986,36.80032],[-5.7774,36.8],[-5.77543,36.80026],[-5.77447,36.79948],[-5.77213,36.79852],[-5.7704,36.7968],[-5.77085,36.79613],[-5.76986,36.79599],[-5.76956,36.79565],[-5.76969,36.79382],[-5.76786,36.79236],[-5.7668,36.79248],[-5.76596,36.79213],[-5.76527,36.79285],[-5.76478,36.793],[-5.76393,36.79239],[-5.76282,36.7925],[-5.76213,36.7912],[-5.76178,36.7912],[-5.76108,36.7917],[-5.76073,36.79265],[-5.76077,36.7963],[-5.76029,36.79721],[-5.75927,36.79778],[-5.75545,36.79841],[-5.75402,36.79951],[-5.75169,36.80029],[-5.74914,36.80058],[-5.7473,36.80301],[-5.7427,36.80763],[-5.74108,36.80817],[-5.73983,36.80929],[-5.73926,36.81018],[-5.73802,36.81013],[-5.73759,36.81052],[-5.73741,36.81132],[-5.73694,36.81122],[-5.73557,36.81018],[-5.73462,36.80997],[-5.73231,36.8106],[-5.73198,36.81101],[-5.7321,36.81276],[-5.73088,36.81272],[-5.73036,36.81396],[-5.73004,36.81413],[-5.72983,36.81369],[-5.72989,36.81116],[-5.72926,36.81069],[-5.72806,36.81107],[-5.72708,36.8121],[-5.72766,36.81353],[-5.72745,36.81535],[-5.72724,36.81544],[-5.72685,36.81513],[-5.72638,36.81342],[-5.72603,36.81319],[-5.72522,36.81351],[-5.72426,36.81448],[-5.72427,36.81499],[-5.72552,36.81796],[-5.72542,36.81877],[-5.72473,36.82024],[-5.72355,36.82041],[-5.7216,36.81947],[-5.72095,36.81818],[-5.72053,36.81792],[-5.71819,36.8179],[-5.71685,36.81818],[-5.71607,36.81865],[-5.71628,36.81991],[-5.71616,36.82071],[-5.71637,36.82116],[-5.71998,36.8231],[-5.72001,36.82378],[-5.71886,36.82518],[-5.717,36.82626],[-5.71638,36.82603],[-5.71577,36.8246],[-5.71478,36.82454],[-5.71471,36.82556],[-5.71429,36.82646],[-5.71219,36.82815],[-5.71208,36.82912],[-5.71283,36.83042],[-5.7123,36.83188],[-5.71276,36.83328],[-5.71209,36.83338],[-5.71121,36.83243],[-5.71077,36.8323],[-5.71031,36.83344],[-5.71098,36.83494],[-5.71002,36.83606],[-5.70972,36.83741],[-5.71033,36.8391],[-5.70977,36.84012],[-5.70846,36.84135],[-5.70818,36.84283],[-5.70759,36.84375],[-5.7081,36.84509],[-5.70677,36.8464],[-5.7062,36.84644],[-5.7068,36.84506],[-5.70629,36.84409],[-5.70628,36.84351],[-5.70721,36.84168],[-5.70737,36.84082],[-5.70671,36.83772],[-5.70614,36.83645],[-5.70649,36.83501],[-5.70642,36.8344],[-5.70605,36.83355],[-5.70408,36.83236],[-5.70375,36.83173],[-5.70517,36.83178],[-5.70563,36.83139],[-5.70582,36.82996],[-5.70552,36.82776],[-5.70517,36.82742],[-5.70397,36.82733],[-5.70476,36.82636],[-5.70468,36.82528],[-5.70563,36.82412],[-5.70579,36.82264],[-5.70651,36.82194],[-5.70856,36.82105],[-5.70854,36.82075],[-5.70781,36.82058],[-5.70539,36.82098],[-5.7028,36.82218],[-5.70116,36.8234],[-5.6981,36.82662],[-5.69715,36.82818],[-5.69659,36.83244],[-5.69621,36.83346],[-5.69416,36.83584],[-5.689,36.8391],[-5.68612,36.84002],[-5.68426,36.83987],[-5.68322,36.8395],[-5.68166,36.83967],[-5.67808,36.83944],[-5.67609,36.83989],[-5.67577,36.84027],[-5.67613,36.84094],[-5.678,36.84156],[-5.67873,36.84209],[-5.67897,36.84286],[-5.6786,36.84394],[-5.67717,36.84461],[-5.67618,36.84454],[-5.67494,36.84405],[-5.67461,36.84426],[-5.67455,36.84471],[-5.67551,36.84652],[-5.67561,36.84745],[-5.67475,36.84819],[-5.67267,36.84837],[-5.6709,36.84825],[-5.67051,36.84802],[-5.67103,36.84774],[-5.67399,36.84746],[-5.67443,36.84716],[-5.6743,36.84622],[-5.67341,36.84471],[-5.67342,36.84405],[-5.67383,36.84355],[-5.67442,36.84334],[-5.67666,36.84334],[-5.67705,36.84276],[-5.67674,36.84232],[-5.6744,36.84147],[-5.67403,36.84096],[-5.67501,36.83707],[-5.67693,36.8354],[-5.67827,36.83345],[-5.67902,36.83062],[-5.67977,36.82949],[-5.68068,36.8287],[-5.68438,36.82645],[-5.68545,36.82549],[-5.68538,36.82504],[-5.68406,36.82385],[-5.68415,36.82328],[-5.68493,36.82234],[-5.68496,36.82189],[-5.68322,36.82054],[-5.68415,36.81949],[-5.68372,36.81888],[-5.68376,36.81854],[-5.68558,36.81831],[-5.68682,36.81776],[-5.68704,36.81722],[-5.6869,36.81618],[-5.68592,36.81486],[-5.68467,36.8122],[-5.68369,36.812],[-5.68156,36.81215],[-5.6816,36.8119],[-5.68258,36.81116],[-5.68373,36.81071],[-5.68577,36.81063],[-5.68673,36.81097],[-5.68924,36.81367],[-5.69035,36.81415],[-5.69052,36.81462],[-5.69123,36.81507],[-5.69383,36.81545],[-5.69504,36.81516],[-5.69689,36.81575],[-5.69732,36.81504],[-5.69821,36.8115],[-5.69985,36.80838],[-5.69993,36.80732],[-5.6992,36.80561],[-5.69951,36.80457],[-5.70124,36.80331],[-5.7038,36.80266],[-5.70592,36.8027],[-5.70619,36.80206],[-5.70607,36.801],[-5.70562,36.79988],[-5.70231,36.79925],[-5.69961,36.80305],[-5.69817,36.80388],[-5.69682,36.80433],[-5.69713,36.80366],[-5.70028,36.8004],[-5.70056,36.79952],[-5.70029,36.79834],[-5.69942,36.79653],[-5.69835,36.79541],[-5.69619,36.79599],[-5.69295,36.79561],[-5.69227,36.79571],[-5.69164,36.79621],[-5.69112,36.79744],[-5.68999,36.79806],[-5.68933,36.79899],[-5.68882,36.79875],[-5.68831,36.79774],[-5.68948,36.7971],[-5.68942,36.79666],[-5.68864,36.79608],[-5.68656,36.79548],[-5.68494,36.79561],[-5.68346,36.79626],[-5.68211,36.79651],[-5.68159,36.79692],[-5.68127,36.79781],[-5.67989,36.7974],[-5.67543,36.79897],[-5.67512,36.79893],[-5.67507,36.7987],[-5.67613,36.79763],[-5.67932,36.79641],[-5.67962,36.79587],[-5.67924,36.79561],[-5.67721,36.79583],[-5.67609,36.79529],[-5.67446,36.79532],[-5.67179,36.79641],[-5.67072,36.79661],[-5.6697,36.79647],[-5.66817,36.79581],[-5.6671,36.79597],[-5.66622,36.79684],[-5.66567,36.79706],[-5.66354,36.79708],[-5.66278,36.7967],[-5.66457,36.79631],[-5.66811,36.7937],[-5.66902,36.79333],[-5.66959,36.79336],[-5.67035,36.79429],[-5.67095,36.79431],[-5.67428,36.79265],[-5.67563,36.79264],[-5.67711,36.79308],[-5.67894,36.7921],[-5.6797,36.79278],[-5.68038,36.79287],[-5.68414,36.79188],[-5.68528,36.79246],[-5.6877,36.79293],[-5.6912,36.79286],[-5.69155,36.79253],[-5.69153,36.79179],[-5.69097,36.7904],[-5.69103,36.78993],[-5.69122,36.78984],[-5.69202,36.79044],[-5.69295,36.78913],[-5.69332,36.78936],[-5.69364,36.79105],[-5.69405,36.79165],[-5.69491,36.79169],[-5.69632,36.79054],[-5.69647,36.79076],[-5.69591,36.79216],[-5.69648,36.79236],[-5.69803,36.79216],[-5.69976,36.79097],[-5.69981,36.79129],[-5.69907,36.79276],[-5.69903,36.79379],[-5.70115,36.79421],[-5.70262,36.79351],[-5.7028,36.79414],[-5.70501,36.79554],[-5.70668,36.79534],[-5.70765,36.79488],[-5.70919,36.79542],[-5.70964,36.79505],[-5.71087,36.79299],[-5.71139,36.79247],[-5.71221,36.79238],[-5.71236,36.79297],[-5.71322,36.79318],[-5.71299,36.79368],[-5.71386,36.79505],[-5.71427,36.7953],[-5.71516,36.79527],[-5.7153,36.7964],[-5.71654,36.79603],[-5.71653,36.7969],[-5.71799,36.79743],[-5.71811,36.79777],[-5.71732,36.79855],[-5.71712,36.79906],[-5.71763,36.79966],[-5.71924,36.79965],[-5.71871,36.80023],[-5.71885,36.80054],[-5.71935,36.80057],[-5.72002,36.79986],[-5.7211,36.79996],[-5.72176,36.79939],[-5.72224,36.7993],[-5.72349,36.79978],[-5.72418,36.80064],[-5.72515,36.80057],[-5.72599,36.80086],[-5.72795,36.80064],[-5.73052,36.80081],[-5.73117,36.80059],[-5.73295,36.80085],[-5.73551,36.80056],[-5.7365,36.80067],[-5.73758,36.80114],[-5.73951,36.80268],[-5.74115,36.80495],[-5.74179,36.80412],[-5.74347,36.80307],[-5.74399,36.80212],[-5.74474,36.8016],[-5.7451,36.801],[-5.7465,36.80088],[-5.74678,36.80013],[-5.74723,36.79993],[-5.74805,36.79876],[-5.74831,36.79884],[-5.74833,36.79938],[-5.74857,36.79939],[-5.75101,36.7983],[-5.75177,36.79767],[-5.75394,36.7975],[-5.75439,36.79721],[-5.75446,36.79653],[-5.75468,36.79641],[-5.75603,36.7965],[-5.7564,36.79593],[-5.75584,36.79506],[-5.7562,36.79378],[-5.75615,36.79291],[-5.75732,36.79083],[-5.75779,36.79053],[-5.75945,36.79046],[-5.76017,36.79005],[-5.76183,36.78998],[-5.76229,36.78926],[-5.76263,36.78715],[-5.76334,36.78625],[-5.76403,36.78594],[-5.76575,36.78624],[-5.76623,36.78573],[-5.7659,36.78535],[-5.76473,36.78497],[-5.76453,36.78341],[-5.76496,36.78235],[-5.7645,36.78],[-5.76366,36.77834],[-5.76261,36.77795],[-5.76265,36.7775],[-5.76366,36.77687],[-5.76371,36.77645],[-5.76311,36.77589],[-5.76123,36.77502],[-5.76182,36.77355],[-5.76112,36.77254],[-5.76114,36.77187],[-5.75918,36.77],[-5.75971,36.76959],[-5.75942,36.7691],[-5.76019,36.7688],[-5.75974,36.76782],[-5.76069,36.76769],[-5.76271,36.76818],[-5.76332,36.76706],[-5.76333,36.76591],[-5.76234,36.76536],[-5.76218,36.76347],[-5.76264,36.76248],[-5.76187,36.76221],[-5.7617,36.76148],[-5.76095,36.76026],[-5.76149,36.76014],[-5.76205,36.76034],[-5.76434,36.76241],[-5.76502,36.76242],[-5.76556,36.76213],[-5.76594,36.7613],[-5.76658,36.75809],[-5.76604,36.75566],[-5.7669,36.75473],[-5.76836,36.75371],[-5.76848,36.75266],[-5.76914,36.75169],[-5.76861,36.75154],[-5.76595,36.75214],[-5.76559,36.75185],[-5.76642,36.75156],[-5.76649,36.75131],[-5.76445,36.75079],[-5.76407,36.7501],[-5.76473,36.74921],[-5.76859,36.74787],[-5.76918,36.74726],[-5.76875,36.74674],[-5.7654,36.74663],[-5.7648,36.74632],[-5.7647,36.74591],[-5.7651,36.74542],[-5.76653,36.74488],[-5.76966,36.74458],[-5.77128,36.74412],[-5.77274,36.74452],[-5.77405,36.74442],[-5.77458,36.74376],[-5.77609,36.74299],[-5.77557,36.74193],[-5.77579,36.74168],[-5.77828,36.74147],[-5.77865,36.74057],[-5.77992,36.74037],[-5.78067,36.73955],[-5.78368,36.73801],[-5.78446,36.73684],[-5.78644,36.73517],[-5.7884,36.73242],[-5.78816,36.73165],[-5.78712,36.73169],[-5.78654,36.73209],[-5.78573,36.73344],[-5.78502,36.73357],[-5.78238,36.73319],[-5.78179,36.7327],[-5.78209,36.73243],[-5.78422,36.73238],[-5.78488,36.73214],[-5.78608,36.73055],[-5.78634,36.7294],[-5.78533,36.72883],[-5.78273,36.72897],[-5.78124,36.72814],[-5.78254,36.72741],[-5.78245,36.72613],[-5.7837,36.72481],[-5.78381,36.72378],[-5.78278,36.72345],[-5.78228,36.72417],[-5.78172,36.72422],[-5.78094,36.72341],[-5.78039,36.7233],[-5.77904,36.72418],[-5.77815,36.72434],[-5.77797,36.72386],[-5.7781,36.72281],[-5.77779,36.7221],[-5.77899,36.72088],[-5.77956,36.71837],[-5.78005,36.71751],[-5.7807,36.71729],[-5.78349,36.7172],[-5.78507,36.71677],[-5.78558,36.71633],[-5.78562,36.71578],[-5.78491,36.71475],[-5.78336,36.71505],[-5.78283,36.71485],[-5.78306,36.7145],[-5.78394,36.71413],[-5.7832,36.71365],[-5.78179,36.71422],[-5.78127,36.71501],[-5.78042,36.71491],[-5.78035,36.71452],[-5.78113,36.71399],[-5.77848,36.7124],[-5.77852,36.71214],[-5.77958,36.71211],[-5.7811,36.71302],[-5.78183,36.71317],[-5.78247,36.71296],[-5.78271,36.71257],[-5.78107,36.71153],[-5.77852,36.711],[-5.7782,36.71064],[-5.77902,36.71051],[-5.78238,36.71082],[-5.783,36.71023],[-5.78271,36.70901],[-5.78293,36.70879],[-5.78342,36.70895],[-5.78423,36.71036],[-5.78461,36.71051],[-5.78495,36.71021],[-5.7845,36.70928],[-5.78559,36.70944],[-5.78617,36.70914],[-5.78682,36.7084],[-5.78681,36.70805],[-5.78604,36.70739],[-5.78612,36.70719],[-5.78773,36.70747],[-5.78982,36.7068],[-5.79056,36.7056],[-5.79066,36.70384],[-5.79035,36.70282],[-5.78875,36.70081],[-5.78823,36.69906],[-5.78819,36.69874],[-5.78844,36.69852],[-5.78921,36.69898],[-5.79092,36.70125],[-5.79161,36.70148],[-5.79223,36.70096],[-5.79165,36.69875],[-5.79198,36.69849],[-5.79286,36.69954],[-5.79421,36.70025],[-5.79423,36.70064],[-5.79375,36.70151],[-5.79416,36.70259],[-5.79519,36.704],[-5.79686,36.70513],[-5.79839,36.7048],[-5.80012,36.70375],[-5.8004,36.70261],[-5.801,36.70259],[-5.8019,36.70333],[-5.8024,36.70325],[-5.80287,36.70222],[-5.80397,36.7012],[-5.80422,36.70063],[-5.80415,36.69993],[-5.80332,36.69874],[-5.80344,36.69827],[-5.80615,36.69862],[-5.80664,36.6985],[-5.80809,36.69092],[-5.80677,36.68943],[-5.80548,36.68878],[-5.80206,36.68632],[-5.80109,36.68681],[-5.80092,36.68842],[-5.80068,36.68885],[-5.79916,36.68896],[-5.79861,36.68946],[-5.79844,36.69043],[-5.7975,36.69056],[-5.79726,36.69109],[-5.7958,36.69236],[-5.79471,36.69254],[-5.79432,36.69235],[-5.79491,36.69108],[-5.79468,36.69063],[-5.79257,36.6908],[-5.79252,36.69041],[-5.79328,36.68969],[-5.79292,36.68925],[-5.79309,36.68895],[-5.79479,36.6892],[-5.79536,36.689],[-5.79569,36.68855],[-5.79543,36.68817],[-5.79459,36.68801],[-5.79171,36.68879],[-5.79167,36.68849],[-5.79235,36.68771],[-5.79179,36.68639],[-5.79223,36.68632],[-5.79346,36.68718],[-5.79437,36.68683],[-5.79446,36.68636],[-5.79346,36.6854],[-5.79342,36.68493],[-5.7945,36.68452],[-5.79573,36.6847],[-5.79665,36.68415],[-5.79758,36.68268],[-5.79771,36.68031],[-5.79738,36.67995],[-5.79661,36.67975],[-5.79502,36.68007],[-5.79374,36.67898],[-5.79356,36.6778],[-5.79333,36.67763],[-5.79203,36.67796],[-5.79117,36.67786],[-5.79096,36.67739],[-5.79222,36.67644],[-5.79258,36.67593],[-5.79243,36.67539],[-5.78881,36.67392],[-5.78871,36.67351],[-5.78922,36.67256],[-5.78908,36.67202],[-5.78779,36.67069],[-5.7862,36.6696],[-5.78461,36.66941],[-5.78373,36.67005],[-5.78265,36.67365],[-5.781,36.67492],[-5.78087,36.67543],[-5.78107,36.67643],[-5.78063,36.67709],[-5.77953,36.67575],[-5.77696,36.67549],[-5.77614,36.67515],[-5.77487,36.67523],[-5.77446,36.67405],[-5.77408,36.67371],[-5.77296,36.67405],[-5.77274,36.6743],[-5.77277,36.6751],[-5.77141,36.67536],[-5.77078,36.67509],[-5.77013,36.67417],[-5.76896,36.67403],[-5.76886,36.67312],[-5.76829,36.67239],[-5.7645,36.67264],[-5.76039,36.67147],[-5.75791,36.67172],[-5.75593,36.67148],[-5.75459,36.67158],[-5.75422,36.672],[-5.75474,36.67311],[-5.75472,36.67372],[-5.75329,36.67301],[-5.75292,36.67343],[-5.75292,36.67401],[-5.75172,36.67401],[-5.75084,36.67477],[-5.75025,36.67492],[-5.7498,36.67456],[-5.74992,36.67357],[-5.75178,36.67246],[-5.75182,36.67172],[-5.75235,36.67124],[-5.75207,36.67055],[-5.75227,36.67008],[-5.75442,36.66889],[-5.75491,36.66818],[-5.75237,36.66687],[-5.7518,36.66605],[-5.75055,36.66584],[-5.74967,36.66522],[-5.74923,36.66415],[-5.74878,36.6638],[-5.7451,36.66306],[-5.74326,36.66363],[-5.74296,36.66423],[-5.74205,36.6649],[-5.74177,36.66561],[-5.74093,36.66602],[-5.741,36.66675],[-5.7399,36.66613],[-5.73941,36.66674],[-5.73961,36.66716],[-5.74033,36.66748],[-5.73995,36.66854],[-5.74106,36.6691],[-5.74054,36.67026],[-5.74133,36.67175],[-5.74311,36.67282],[-5.74416,36.67422],[-5.74671,36.67494],[-5.74725,36.67531],[-5.74724,36.67574],[-5.74648,36.67656],[-5.74686,36.67704],[-5.74803,36.67756],[-5.74806,36.67791],[-5.74462,36.6788],[-5.74408,36.67953],[-5.74422,36.6802],[-5.74461,36.68059],[-5.74548,36.68088],[-5.74711,36.68085],[-5.74721,36.68114],[-5.74636,36.68158],[-5.74578,36.68257],[-5.74495,36.68282],[-5.74435,36.68261],[-5.74366,36.68294],[-5.74398,36.68484],[-5.74355,36.68564],[-5.74308,36.68558],[-5.74253,36.68463],[-5.74224,36.68453],[-5.74185,36.6848],[-5.74203,36.68564],[-5.7431,36.68719],[-5.74307,36.6877],[-5.74259,36.68753],[-5.74085,36.6859],[-5.73935,36.68588],[-5.7386,36.68616],[-5.73781,36.68687],[-5.7366,36.68721],[-5.73611,36.68773],[-5.73596,36.68855],[-5.73699,36.6906],[-5.73687,36.69089],[-5.73625,36.69098],[-5.73458,36.69003],[-5.73371,36.68982],[-5.7328,36.68992],[-5.73147,36.69051],[-5.7313,36.6912],[-5.73256,36.69206],[-5.73286,36.69255],[-5.73244,36.69302],[-5.73084,36.6932],[-5.72922,36.69409],[-5.72916,36.69458],[-5.73023,36.69567],[-5.72989,36.69592],[-5.72902,36.69594],[-5.72842,36.69644],[-5.72856,36.6976],[-5.72824,36.69889],[-5.72869,36.70038],[-5.72792,36.70127],[-5.7285,36.70222],[-5.72692,36.70335],[-5.72677,36.70419],[-5.72734,36.70589],[-5.72633,36.70671],[-5.72635,36.7075],[-5.7257,36.70858],[-5.72519,36.70815],[-5.72552,36.70663],[-5.72577,36.70613],[-5.72671,36.70551],[-5.72576,36.7047],[-5.72594,36.70318],[-5.72691,36.70221],[-5.72657,36.70143],[-5.72744,36.70054],[-5.72662,36.69898],[-5.72713,36.69776],[-5.72648,36.69714],[-5.72582,36.69567],[-5.72627,36.69517],[-5.7252,36.6948],[-5.72514,36.69441],[-5.72647,36.6937],[-5.72691,36.69261],[-5.7267,36.69221],[-5.72515,36.69211],[-5.7243,36.69169],[-5.72404,36.69128],[-5.72614,36.69102],[-5.72661,36.69073],[-5.72767,36.69073],[-5.72864,36.68962],[-5.72889,36.68805],[-5.72826,36.68752],[-5.72818,36.68692],[-5.72926,36.68591],[-5.72958,36.68467],[-5.73019,36.68416],[-5.73043,36.68341],[-5.73184,36.68223],[-5.73076,36.68156],[-5.7309,36.68014],[-5.73136,36.679],[-5.73096,36.67876],[-5.72979,36.67883],[-5.72985,36.6772],[-5.72938,36.67692],[-5.72905,36.67704],[-5.72859,36.67754],[-5.72857,36.67807],[-5.72959,36.6796],[-5.72885,36.68088],[-5.72805,36.68124],[-5.72781,36.68189],[-5.72681,36.68268],[-5.72546,36.68138],[-5.72477,36.6811],[-5.72433,36.68387],[-5.72388,36.68448],[-5.72285,36.68496],[-5.72222,36.68451],[-5.72229,36.68309],[-5.72206,36.68245],[-5.72066,36.68136],[-5.71968,36.681],[-5.71931,36.67991],[-5.71888,36.67942],[-5.71662,36.67886],[-5.71443,36.67752],[-5.71387,36.67663],[-5.71226,36.67658],[-5.7126,36.67541],[-5.7139,36.6746],[-5.71667,36.67473],[-5.7179,36.67391],[-5.71776,36.67345],[-5.71695,36.67298],[-5.71543,36.67339],[-5.71424,36.67286],[-5.71437,36.6725],[-5.7155,36.6721],[-5.71571,36.67163],[-5.71542,36.67133],[-5.71441,36.67119],[-5.71429,36.67089],[-5.71608,36.67056],[-5.71653,36.67018],[-5.71641,36.66975],[-5.71486,36.66927],[-5.71499,36.66878],[-5.7148,36.66867],[-5.71419,36.66865],[-5.71298,36.6691],[-5.71155,36.66865],[-5.7092,36.66912],[-5.70849,36.66906],[-5.70876,36.6687],[-5.7106,36.66792],[-5.71197,36.6677],[-5.71356,36.66682],[-5.71443,36.66589],[-5.71439,36.66436],[-5.7156,36.6636],[-5.71596,36.66312],[-5.71552,36.66262],[-5.71398,36.66238],[-5.71354,36.66156],[-5.7131,36.66139],[-5.71248,36.66155],[-5.7115,36.66238],[-5.70998,36.66316],[-5.70896,36.6633],[-5.70874,36.66302],[-5.70937,36.6618],[-5.71192,36.65971],[-5.71257,36.65955],[-5.71406,36.66],[-5.71504,36.6599],[-5.71485,36.65872],[-5.7156,36.65768],[-5.71458,36.65657],[-5.71404,36.65642],[-5.71319,36.65684],[-5.7129,36.65747],[-5.71298,36.65838],[-5.71278,36.65891],[-5.71228,36.65907],[-5.71135,36.65873],[-5.71052,36.65899],[-5.71025,36.65921],[-5.71023,36.65991],[-5.70995,36.66017],[-5.70949,36.66019],[-5.70932,36.65969],[-5.70851,36.65976],[-5.70784,36.65933],[-5.70468,36.6607],[-5.70497,36.66113],[-5.70671,36.66146],[-5.70571,36.66268],[-5.70494,36.66212],[-5.70447,36.66213],[-5.70424,36.66297],[-5.7038,36.66341],[-5.70351,36.66287],[-5.70279,36.66339],[-5.70262,36.66308],[-5.70168,36.66276],[-5.70088,36.66276],[-5.7004,36.66162],[-5.69901,36.66119],[-5.69856,36.66147],[-5.69802,36.66084],[-5.69749,36.66105],[-5.69703,36.66173],[-5.69636,36.66174],[-5.69605,36.66137],[-5.69587,36.66006],[-5.69558,36.65996],[-5.69511,36.66017],[-5.69473,36.66075],[-5.6937,36.66073],[-5.69317,36.66112],[-5.6931,36.66182],[-5.69264,36.6625],[-5.69269,36.66322],[-5.69175,36.66429],[-5.6914,36.66436],[-5.69113,36.66409],[-5.69068,36.66233],[-5.68997,36.66149],[-5.68965,36.66159],[-5.68942,36.66239],[-5.68871,36.66297],[-5.68861,36.66345],[-5.68986,36.66435],[-5.69031,36.66507],[-5.68953,36.66518],[-5.68875,36.66469],[-5.68829,36.66468],[-5.68813,36.66486],[-5.68829,36.66533],[-5.68917,36.66649],[-5.68866,36.66671],[-5.6882,36.66746],[-5.68962,36.66786],[-5.68935,36.6689],[-5.68963,36.66951],[-5.69119,36.66999],[-5.69041,36.6713],[-5.6912,36.67299],[-5.69105,36.67389],[-5.69011,36.67409],[-5.68847,36.67294],[-5.68601,36.67337],[-5.68504,36.67266],[-5.68433,36.67148],[-5.68362,36.67153],[-5.6835,36.6726],[-5.68416,36.67393],[-5.68378,36.67497],[-5.68289,36.67573],[-5.68239,36.67437],[-5.68172,36.67447],[-5.68089,36.67551],[-5.68082,36.67717],[-5.68053,36.67753],[-5.68012,36.6773],[-5.67979,36.67655],[-5.67925,36.67644],[-5.67914,36.67727],[-5.67961,36.67828],[-5.67942,36.67875],[-5.67899,36.67867],[-5.67852,36.67805],[-5.67808,36.67825],[-5.67753,36.6807],[-5.67499,36.68319],[-5.6746,36.68394],[-5.67434,36.68592],[-5.67367,36.68668],[-5.67339,36.68629],[-5.673,36.68458],[-5.6733,36.68327],[-5.675,36.68077],[-5.67641,36.67935],[-5.6769,36.67688],[-5.6775,36.67552],[-5.67712,36.67541],[-5.67647,36.67614],[-5.67544,36.67967],[-5.67433,36.68019],[-5.6735,36.68012],[-5.67275,36.67977],[-5.67279,36.67935],[-5.67409,36.67771],[-5.6742,36.67661],[-5.67499,36.67577],[-5.67488,36.675],[-5.67925,36.67329],[-5.68139,36.67111],[-5.68154,36.67023],[-5.68101,36.66964],[-5.68209,36.66897],[-5.68231,36.66782],[-5.68153,36.66761],[-5.67991,36.66794],[-5.67988,36.66771],[-5.68139,36.66667],[-5.68145,36.66641],[-5.68095,36.66599],[-5.68093,36.6657],[-5.68158,36.66565],[-5.68268,36.66619],[-5.68317,36.66608],[-5.68456,36.66467],[-5.68465,36.66381],[-5.68408,36.66336],[-5.68216,36.66446],[-5.68075,36.66458],[-5.68133,36.66385],[-5.68218,36.66342],[-5.68273,36.66267],[-5.68535,36.66174],[-5.68578,36.6609],[-5.68609,36.65919],[-5.68573,36.65873],[-5.68487,36.65835],[-5.68452,36.65757],[-5.68382,36.65765],[-5.6838,36.65691],[-5.68256,36.65662],[-5.6823,36.65607],[-5.68252,36.65503],[-5.68234,36.6547],[-5.6816,36.65546],[-5.68083,36.65738],[-5.68099,36.65874],[-5.6808,36.65919],[-5.67999,36.6587],[-5.67911,36.65972],[-5.67873,36.65926],[-5.67789,36.65954],[-5.67694,36.65904],[-5.67438,36.6591],[-5.67289,36.66022],[-5.67424,36.65859],[-5.67515,36.6585],[-5.67808,36.65888],[-5.67903,36.65869],[-5.67972,36.65719],[-5.67986,36.65611],[-5.68111,36.65433],[-5.6813,36.65353],[-5.68117,36.65334],[-5.67867,36.653],[-5.67563,36.6534],[-5.67498,36.65298],[-5.67397,36.65274],[-5.67329,36.65215],[-5.67279,36.65266],[-5.67267,36.65379],[-5.67253,36.65402],[-5.67222,36.65398],[-5.67213,36.65326],[-5.67149,36.65293],[-5.67215,36.65197],[-5.67217,36.65096],[-5.67122,36.65063],[-5.6719,36.64949],[-5.67154,36.64917],[-5.67088,36.64906],[-5.67084,36.64763],[-5.67047,36.64753],[-5.67025,36.64799],[-5.66951,36.64842],[-5.66858,36.64853],[-5.66766,36.64816],[-5.66687,36.64698],[-5.66717,36.64423],[-5.6677,36.64323],[-5.66867,36.64286],[-5.67104,36.64256],[-5.67143,36.64221],[-5.67149,36.64175],[-5.67081,36.64141],[-5.67035,36.64076],[-5.66861,36.63991],[-5.66711,36.63977],[-5.66612,36.63911],[-5.66521,36.63908],[-5.66377,36.63734],[-5.663,36.63684],[-5.6624,36.63667],[-5.66118,36.63689],[-5.66029,36.63677],[-5.6591,36.63549],[-5.6572,36.63448],[-5.65683,36.63275],[-5.65583,36.63135],[-5.65308,36.63073],[-5.6522,36.63007],[-5.65166,36.63022],[-5.65083,36.62987],[-5.65008,36.63061],[-5.65007,36.62969],[-5.64889,36.62943],[-5.64731,36.6296],[-5.64771,36.62846],[-5.64747,36.62823],[-5.64584,36.62944],[-5.64484,36.62973],[-5.64382,36.63046],[-5.64255,36.63082],[-5.64232,36.6314],[-5.64109,36.63144],[-5.6404,36.63202],[-5.64206,36.6335],[-5.64209,36.63456],[-5.64325,36.63528],[-5.64321,36.63559],[-5.64171,36.63539],[-5.64013,36.63374],[-5.63915,36.63363],[-5.6384,36.63401],[-5.63805,36.63352],[-5.63787,36.63359],[-5.63747,36.63475],[-5.63656,36.63602],[-5.63627,36.63706],[-5.63679,36.63847],[-5.63641,36.63943],[-5.63645,36.64081],[-5.6361,36.64154],[-5.63511,36.64218],[-5.63288,36.64249],[-5.63142,36.64313],[-5.63108,36.64357],[-5.63105,36.64438],[-5.62958,36.64532],[-5.62917,36.64656],[-5.62871,36.64678],[-5.62883,36.64599],[-5.62851,36.6452],[-5.62895,36.64423],[-5.62868,36.64255],[-5.62765,36.64188],[-5.6261,36.64019],[-5.62452,36.63922],[-5.62128,36.63778],[-5.62045,36.63682],[-5.61927,36.63699],[-5.61605,36.63904],[-5.61361,36.63966],[-5.61134,36.6413],[-5.61214,36.63997],[-5.61373,36.63881],[-5.61597,36.63827],[-5.61924,36.63632],[-5.62009,36.63609],[-5.621,36.63642],[-5.62196,36.63751],[-5.62301,36.6381],[-5.62548,36.63869],[-5.62929,36.64046],[-5.63091,36.6398],[-5.63157,36.63888],[-5.6313,36.63785],[-5.63215,36.63731],[-5.63243,36.63682],[-5.63289,36.63534],[-5.63259,36.63483],[-5.63287,36.63407],[-5.63423,36.63294],[-5.63413,36.6315],[-5.63444,36.63017],[-5.63406,36.62978],[-5.63328,36.63015],[-5.63294,36.6299],[-5.63203,36.63001],[-5.63062,36.63059],[-5.62994,36.63028],[-5.62971,36.62989],[-5.63082,36.62996],[-5.63135,36.62972],[-5.63144,36.62866],[-5.63161,36.62859],[-5.6326,36.62937],[-5.63416,36.62939],[-5.63507,36.62903],[-5.63588,36.62806],[-5.63852,36.62795],[-5.63907,36.62661],[-5.6398,36.62615],[-5.64032,36.62512],[-5.6405,36.62429],[-5.64035,36.62353],[-5.64119,36.623],[-5.64123,36.62222],[-5.64317,36.62226],[-5.64417,36.62216],[-5.6449,36.6217],[-5.6482,36.62158],[-5.6484,36.62064],[-5.64802,36.62044],[-5.64673,36.62045],[-5.64711,36.61968],[-5.64668,36.61949],[-5.64653,36.61901],[-5.64529,36.61872],[-5.64403,36.61955],[-5.64344,36.61966],[-5.64416,36.61852],[-5.64418,36.61811],[-5.64373,36.618],[-5.64264,36.61863],[-5.64225,36.61862],[-5.64244,36.61768],[-5.64124,36.61724],[-5.64071,36.61652],[-5.64034,36.6167],[-5.64018,36.61756],[-5.63947,36.6185],[-5.63958,36.61989],[-5.63891,36.61988],[-5.6384,36.61916],[-5.6383,36.61858],[-5.6386,36.61784],[-5.63846,36.61751],[-5.63799,36.61759],[-5.63747,36.6182],[-5.63666,36.61798],[-5.63552,36.61856],[-5.63519,36.61821],[-5.63386,36.61803],[-5.63342,36.61837],[-5.63513,36.61883],[-5.63563,36.61934],[-5.63415,36.62017],[-5.63154,36.62059],[-5.62939,36.62153],[-5.62861,36.62155],[-5.62896,36.62104],[-5.63223,36.61942],[-5.63234,36.61843],[-5.6331,36.61772],[-5.6331,36.61707],[-5.63418,36.61635],[-5.63615,36.61397],[-5.63711,36.61351],[-5.63905,36.61325],[-5.63909,36.61291],[-5.63814,36.61228],[-5.6382,36.61198],[-5.6392,36.61169],[-5.63952,36.61217],[-5.63995,36.61228],[-5.64095,36.61186],[-5.64149,36.61057],[-5.64212,36.61047],[-5.64241,36.6101],[-5.64354,36.60688],[-5.64487,36.60603],[-5.64515,36.60555],[-5.64515,36.60505],[-5.64487,36.60486],[-5.64366,36.60583],[-5.64305,36.606],[-5.64395,36.6041],[-5.6454,36.60373],[-5.64751,36.60134],[-5.64905,36.60033],[-5.65012,36.59903],[-5.65081,36.59895],[-5.65126,36.59951],[-5.65106,36.60026],[-5.64924,36.60227],[-5.6481,36.60288],[-5.6478,36.60363],[-5.64796,36.60449],[-5.64753,36.6051],[-5.64839,36.6077],[-5.64745,36.60787],[-5.64533,36.60897],[-5.64529,36.60921],[-5.64619,36.60972],[-5.64587,36.61065],[-5.64639,36.61125],[-5.6459,36.61207],[-5.64618,36.61269],[-5.64514,36.61301],[-5.6448,36.6134],[-5.64484,36.61369],[-5.64666,36.61584],[-5.64884,36.61684],[-5.65007,36.6172],[-5.6507,36.61652],[-5.6515,36.61622],[-5.65112,36.6174],[-5.65124,36.61786],[-5.65294,36.61804],[-5.65207,36.61888],[-5.65223,36.61957],[-5.65694,36.62283],[-5.65659,36.62373],[-5.65727,36.62503],[-5.65689,36.62637],[-5.65705,36.62684],[-5.65771,36.62735],[-5.65818,36.62731],[-5.65839,36.62647],[-5.65896,36.62622],[-5.65887,36.62765],[-5.65953,36.62894],[-5.6608,36.62997],[-5.66216,36.62995],[-5.66296,36.63034],[-5.66275,36.63054],[-5.66212,36.63035],[-5.66178,36.6306],[-5.66221,36.63143],[-5.6622,36.63199],[-5.66064,36.63321],[-5.66052,36.63383],[-5.66083,36.63437],[-5.66241,36.63531],[-5.66454,36.63611],[-5.6663,36.63747],[-5.66846,36.63768],[-5.6699,36.63854],[-5.67014,36.63941],[-5.67123,36.64002],[-5.67314,36.64195],[-5.67447,36.64246],[-5.67466,36.6429],[-5.674,36.64378],[-5.67387,36.64441],[-5.67201,36.64544],[-5.67167,36.64588],[-5.67277,36.64747],[-5.67481,36.64913],[-5.67481,36.65037],[-5.67509,36.65064],[-5.67667,36.65073],[-5.67803,36.65046],[-5.6783,36.65008],[-5.6778,36.64964],[-5.67779,36.64931],[-5.67847,36.64945],[-5.67888,36.64926],[-5.67918,36.6482],[-5.68042,36.64662],[-5.68068,36.64578],[-5.68205,36.64499],[-5.68263,36.64557],[-5.68453,36.64645],[-5.68472,36.64748],[-5.68526,36.64809],[-5.68594,36.6472],[-5.68602,36.64644],[-5.6858,36.646],[-5.68499,36.64575],[-5.68481,36.64549],[-5.68607,36.64494],[-5.68646,36.64597],[-5.68686,36.64634],[-5.68774,36.64653],[-5.68874,36.64598],[-5.68909,36.64623],[-5.68916,36.64689],[-5.69049,36.64689],[-5.6912,36.6463],[-5.69085,36.64412],[-5.69127,36.64357],[-5.69221,36.64538],[-5.69196,36.64706],[-5.6938,36.64741],[-5.69424,36.64724],[-5.6944,36.646],[-5.69562,36.64598],[-5.69543,36.64521],[-5.69738,36.6445],[-5.69795,36.64343],[-5.69832,36.6437],[-5.69835,36.64463],[-5.699,36.6448],[-5.6997,36.64429],[-5.70029,36.64326],[-5.70061,36.64317],[-5.70054,36.64436],[-5.70083,36.64481],[-5.70274,36.6453],[-5.70472,36.64386],[-5.70568,36.64366],[-5.70657,36.643],[-5.70737,36.64181],[-5.70725,36.64128],[-5.70563,36.64012],[-5.7041,36.63862],[-5.7045,36.63846],[-5.70625,36.63876],[-5.70624,36.6382],[-5.70341,36.63572],[-5.70188,36.63496],[-5.70166,36.63447],[-5.70183,36.63404],[-5.70154,36.63359],[-5.69843,36.63215],[-5.69848,36.6315],[-5.69954,36.63199],[-5.70106,36.63228],[-5.70318,36.63332],[-5.70359,36.63416],[-5.70672,36.63589],[-5.70712,36.63571],[-5.70722,36.63473],[-5.70773,36.63459],[-5.70802,36.63595],[-5.70984,36.63676],[-5.71053,36.63755],[-5.71143,36.63725],[-5.71177,36.63685],[-5.71192,36.63609],[-5.71247,36.63613],[-5.71256,36.63689],[-5.71201,36.63756],[-5.71215,36.63849],[-5.71163,36.63925],[-5.71151,36.6406],[-5.71192,36.64063],[-5.7128,36.63983],[-5.71362,36.63977],[-5.71391,36.6401],[-5.71332,36.641],[-5.71374,36.64134],[-5.7152,36.64062],[-5.71686,36.64068],[-5.71808,36.64044],[-5.71924,36.63931],[-5.71992,36.63904],[-5.72316,36.63995],[-5.72393,36.64048],[-5.72442,36.64153],[-5.72547,36.64237],[-5.7275,36.64253],[-5.72812,36.64284],[-5.72825,36.64324],[-5.72747,36.6441],[-5.7281,36.64467],[-5.72871,36.64449],[-5.72901,36.6436],[-5.72946,36.64369],[-5.73001,36.64462],[-5.73074,36.6449],[-5.7304,36.64668],[-5.73058,36.64693],[-5.7311,36.64689],[-5.73212,36.64621],[-5.73304,36.64637],[-5.73325,36.64664],[-5.73309,36.64732],[-5.73423,36.64886],[-5.7351,36.64921],[-5.7382,36.64962],[-5.74107,36.64951],[-5.74001,36.64897],[-5.74065,36.64799],[-5.74014,36.64763],[-5.73916,36.64746],[-5.73882,36.64628],[-5.74251,36.64576],[-5.74309,36.64605],[-5.74287,36.64696],[-5.74211,36.64765],[-5.74215,36.64844],[-5.74298,36.64869],[-5.74359,36.64944],[-5.74382,36.6494],[-5.74419,36.64864],[-5.74468,36.64874],[-5.74509,36.64994],[-5.74541,36.65003],[-5.74549,36.64833],[-5.74466,36.64752],[-5.74475,36.64686],[-5.7437,36.6462],[-5.7445,36.64532],[-5.74479,36.64454],[-5.74534,36.64449],[-5.74545,36.64502],[-5.74591,36.64539],[-5.74686,36.64533],[-5.74742,36.64428],[-5.74796,36.64448],[-5.74822,36.64435],[-5.74946,36.64273],[-5.74905,36.64198],[-5.74734,36.64184],[-5.74713,36.64156],[-5.74749,36.64113],[-5.74862,36.64076],[-5.74889,36.64041],[-5.74866,36.63936],[-5.7479,36.63833],[-5.74791,36.63763],[-5.74928,36.63882],[-5.75052,36.64089],[-5.75092,36.64215],[-5.75044,36.64286],[-5.75097,36.64301],[-5.75156,36.64241],[-5.75199,36.64239],[-5.75191,36.64325],[-5.75312,36.64384],[-5.75288,36.64461],[-5.75341,36.64505],[-5.75428,36.64478],[-5.75427,36.64336],[-5.75476,36.64253],[-5.75513,36.64249],[-5.75511,36.64325],[-5.75546,36.64341],[-5.75633,36.64292],[-5.75723,36.64136],[-5.75756,36.64192],[-5.75829,36.64164],[-5.75931,36.63911],[-5.75985,36.63836],[-5.76012,36.6384],[-5.76014,36.63892],[-5.75918,36.64084],[-5.75949,36.64074],[-5.76042,36.63949],[-5.76054,36.63978],[-5.76016,36.64109],[-5.75917,36.64222],[-5.7613,36.64254],[-5.75904,36.64322],[-5.75824,36.64288],[-5.75783,36.64408],[-5.75842,36.64453],[-5.75974,36.64456],[-5.7605,36.64481],[-5.75818,36.64492],[-5.75836,36.64543],[-5.75772,36.64559],[-5.75724,36.64553],[-5.75695,36.6447],[-5.75626,36.64483],[-5.75616,36.64515],[-5.75662,36.64551],[-5.75598,36.64591],[-5.75612,36.6464],[-5.75517,36.6476],[-5.753,36.6485],[-5.75274,36.64915],[-5.75214,36.6496],[-5.7525,36.65033],[-5.75294,36.6501],[-5.75344,36.64908],[-5.75525,36.64802],[-5.7566,36.64777],[-5.75712,36.64733],[-5.75762,36.64639],[-5.75892,36.64598],[-5.75916,36.64639],[-5.76014,36.64645],[-5.76036,36.64684],[-5.7601,36.64723],[-5.75865,36.64808],[-5.75843,36.64859],[-5.75854,36.64927],[-5.75901,36.64941],[-5.76218,36.64897],[-5.76406,36.64678],[-5.76419,36.64582],[-5.76556,36.64572],[-5.7673,36.64453],[-5.76774,36.64371],[-5.76772,36.64269],[-5.76837,36.6426],[-5.76924,36.64314],[-5.76973,36.64288],[-5.7699,36.64246],[-5.76974,36.64229],[-5.76877,36.64196],[-5.76985,36.64141],[-5.76989,36.6412],[-5.7687,36.64093],[-5.76788,36.64177],[-5.76735,36.64188],[-5.76707,36.64166],[-5.76784,36.6412],[-5.76784,36.64062],[-5.76633,36.64082],[-5.7666,36.64025],[-5.76689,36.64014],[-5.76919,36.6402],[-5.76761,36.63933],[-5.76885,36.63885],[-5.76876,36.63812],[-5.76701,36.63788],[-5.7685,36.63727],[-5.76766,36.63621],[-5.76888,36.63616],[-5.76905,36.63704],[-5.76968,36.63732],[-5.7706,36.63475],[-5.77087,36.63467],[-5.77103,36.6359],[-5.7714,36.63617],[-5.77204,36.63536],[-5.77246,36.63521],[-5.77238,36.63736],[-5.77201,36.63759],[-5.77178,36.63875],[-5.77226,36.63892],[-5.77276,36.63858],[-5.77311,36.63763],[-5.77343,36.63878],[-5.77311,36.6391],[-5.77407,36.63912],[-5.77428,36.63851],[-5.77386,36.6379],[-5.77393,36.63764],[-5.77528,36.63779],[-5.77584,36.63734],[-5.77566,36.63678],[-5.77423,36.63579],[-5.77436,36.63452],[-5.77474,36.6346],[-5.77597,36.63576],[-5.77682,36.63598],[-5.77864,36.63574],[-5.78057,36.63514],[-5.78112,36.63423],[-5.7807,36.63398],[-5.77999,36.63397],[-5.77988,36.63371],[-5.78012,36.63353],[-5.77974,36.63315],[-5.77764,36.63213],[-5.77846,36.63195],[-5.7785,36.63134],[-5.77919,36.63236],[-5.7797,36.63262],[-5.78014,36.6307],[-5.78082,36.63311],[-5.78221,36.63327],[-5.78261,36.6331],[-5.78258,36.63145],[-5.78328,36.63062],[-5.78334,36.63014],[-5.78531,36.63017],[-5.78569,36.63023],[-5.78562,36.63041],[-5.78423,36.6311],[-5.78341,36.63188],[-5.78369,36.6328],[-5.78383,36.63499],[-5.78449,36.63481],[-5.78575,36.63223],[-5.78679,36.63127],[-5.78757,36.63143],[-5.78648,36.63257],[-5.7866,36.63299],[-5.78821,36.63337],[-5.7873,36.63384],[-5.7859,36.63394],[-5.78615,36.63521],[-5.78527,36.63547],[-5.78533,36.63627],[-5.78481,36.63629],[-5.78413,36.63595],[-5.78373,36.63636],[-5.78288,36.63657],[-5.78251,36.63761],[-5.78281,36.63844],[-5.78122,36.63857],[-5.78134,36.63904],[-5.78286,36.64016],[-5.78227,36.64028],[-5.78106,36.63983],[-5.78004,36.63974],[-5.77919,36.6393],[-5.77876,36.63948],[-5.77887,36.63983],[-5.77996,36.64041],[-5.77978,36.64125],[-5.78083,36.64185],[-5.78083,36.64211],[-5.77973,36.64206],[-5.77975,36.64289],[-5.77877,36.64212],[-5.77813,36.64198],[-5.77809,36.64236],[-5.77851,36.64313],[-5.77688,36.64267],[-5.7766,36.64342],[-5.77536,36.6443],[-5.7753,36.64487],[-5.77574,36.64612],[-5.77565,36.64663],[-5.77264,36.64926],[-5.77228,36.65034],[-5.77301,36.65124],[-5.77355,36.65153],[-5.77836,36.65193],[-5.78056,36.65252],[-5.78297,36.65245],[-5.7844,36.65191],[-5.78432,36.65254],[-5.78481,36.65354],[-5.7849,36.65433],[-5.78555,36.65514],[-5.78531,36.65714],[-5.78566,36.65909],[-5.78561,36.66076],[-5.7848,36.66245],[-5.78263,36.66413],[-5.7831,36.66502],[-5.78522,36.66711],[-5.78602,36.66742],[-5.78745,36.66732],[-5.78933,36.66845],[-5.79081,36.668],[-5.79324,36.66838],[-5.79346,36.66798],[-5.79326,36.66684],[-5.795,36.66568],[-5.79539,36.66697],[-5.79582,36.66733],[-5.79858,36.66734],[-5.79866,36.6671],[-5.79743,36.6659],[-5.79722,36.66526],[-5.79777,36.6651],[-5.79903,36.66579],[-5.80045,36.66615],[-5.80135,36.66609],[-5.80159,36.66581],[-5.80068,36.66478],[-5.80091,36.66467],[-5.80209,36.6651],[-5.80377,36.66432],[-5.80396,36.66384],[-5.80341,36.66295],[-5.80433,36.66193],[-5.80421,36.66141],[-5.80377,36.66106],[-5.80224,36.6606],[-5.80292,36.6597],[-5.80298,36.65891],[-5.80211,36.65808],[-5.80211,36.65719],[-5.80111,36.65674],[-5.80113,36.6558],[-5.80064,36.65547],[-5.80064,36.65448],[-5.79973,36.65304],[-5.79944,36.65207],[-5.79996,36.65113],[-5.80002,36.65046],[-5.80148,36.64966],[-5.80171,36.64887],[-5.80105,36.64793],[-5.80009,36.64785],[-5.79941,36.64747],[-5.79804,36.64745],[-5.79907,36.64673],[-5.79813,36.6463],[-5.79931,36.64619],[-5.79985,36.64576],[-5.79978,36.64443],[-5.80065,36.64509],[-5.80041,36.64649],[-5.80084,36.64679],[-5.8022,36.64658],[-5.80239,36.64683],[-5.802,36.64751],[-5.80239,36.64785],[-5.80375,36.64779],[-5.80622,36.64851],[-5.80668,36.64965],[-5.8071,36.6498],[-5.80771,36.6496],[-5.8076,36.64821],[-5.8089,36.64549],[-5.80902,36.64446],[-5.80811,36.64312],[-5.80683,36.64283],[-5.8062,36.64228],[-5.80475,36.6426],[-5.80562,36.64156],[-5.80526,36.64072],[-5.80595,36.6408],[-5.80674,36.64171],[-5.80877,36.64216],[-5.80944,36.64188],[-5.80942,36.64117],[-5.8078,36.64043],[-5.80753,36.64002],[-5.80837,36.64009],[-5.80923,36.63975],[-5.80954,36.63934],[-5.80948,36.63888],[-5.81012,36.63827],[-5.8093,36.63622],[-5.80856,36.63509],[-5.80781,36.63444],[-5.8082,36.63434],[-5.80909,36.63497],[-5.81007,36.63485],[-5.81104,36.63507],[-5.81266,36.63449],[-5.81291,36.63411],[-5.81226,36.6312],[-5.81254,36.63063],[-5.81318,36.63008],[-5.81321,36.62965],[-5.8142,36.62918],[-5.81464,36.62868],[-5.81401,36.6269],[-5.81317,36.6261],[-5.81262,36.62502],[-5.81113,36.62469],[-5.81071,36.62405],[-5.8108,36.62318],[-5.81181,36.62327],[-5.81202,36.62301],[-5.81178,36.62045],[-5.81223,36.62069],[-5.81271,36.62145],[-5.81269,36.62387],[-5.81339,36.62554],[-5.81568,36.62672],[-5.81733,36.62672],[-5.81782,36.62836],[-5.81873,36.62888],[-5.81933,36.62891],[-5.81941,36.62808],[-5.81869,36.62657],[-5.81613,36.62428],[-5.81693,36.62396],[-5.81716,36.62364],[-5.81772,36.62357],[-5.81881,36.62437],[-5.8207,36.62465],[-5.82152,36.62566],[-5.82203,36.62568],[-5.82249,36.62537],[-5.82269,36.62481],[-5.82234,36.62452],[-5.82259,36.62383],[-5.82201,36.62374],[-5.82127,36.62432],[-5.82061,36.62435],[-5.81891,36.62313],[-5.82004,36.62259],[-5.81971,36.62192],[-5.82086,36.62129],[-5.82175,36.62124],[-5.82299,36.62168],[-5.82373,36.62156],[-5.8236,36.62104],[-5.82191,36.61973],[-5.82182,36.6182],[-5.82239,36.618],[-5.82454,36.61801],[-5.82508,36.61768],[-5.82533,36.6171],[-5.82611,36.61743],[-5.8267,36.61735],[-5.82778,36.61657],[-5.82819,36.61568],[-5.82764,36.61479],[-5.82802,36.61456],[-5.82969,36.6148],[-5.83015,36.61579],[-5.83062,36.61547],[-5.83167,36.61541],[-5.83178,36.61506],[-5.83243,36.61497],[-5.83323,36.61433],[-5.83421,36.61425],[-5.83641,36.61503],[-5.83793,36.61604],[-5.83854,36.61618],[-5.83901,36.61592],[-5.83891,36.61557],[-5.8375,36.61482],[-5.83717,36.61436],[-5.8372,36.61391],[-5.83862,36.6133],[-5.83879,36.61277],[-5.83859,36.61255],[-5.838,36.61238],[-5.8371,36.61301],[-5.83665,36.61295],[-5.83654,36.61244],[-5.83678,36.61197],[-5.83434,36.61138],[-5.8335,36.61079],[-5.83366,36.61017],[-5.83495,36.61026],[-5.8358,36.6092],[-5.83723,36.60957],[-5.83872,36.60921],[-5.83957,36.60956],[-5.84027,36.60953],[-5.84033,36.60908],[-5.8393,36.60786],[-5.83936,36.6072],[-5.84077,36.60788],[-5.84194,36.60804],[-5.84261,36.60904],[-5.8437,36.60935],[-5.84554,36.6112],[-5.84647,36.61157],[-5.84721,36.61143],[-5.84702,36.61094],[-5.8458,36.61015],[-5.84549,36.6096],[-5.84505,36.60812],[-5.84597,36.60792],[-5.84625,36.60755],[-5.84487,36.60508],[-5.84449,36.60475],[-5.84268,36.60494],[-5.84212,36.60466],[-5.84196,36.60434],[-5.84221,36.60425],[-5.8433,36.60437],[-5.84379,36.60408],[-5.8423,36.60305],[-5.84175,36.60235],[-5.84259,36.60224],[-5.84261,36.6016],[-5.84286,36.60158],[-5.84572,36.60211],[-5.84758,36.60263],[-5.84888,36.60356],[-5.84999,36.60387],[-5.85052,36.60355],[-5.84938,36.60296],[-5.84936,36.60259],[-5.84994,36.60221],[-5.8512,36.60208],[-5.85139,36.60159],[-5.85115,36.60106],[-5.84997,36.59993],[-5.8499,36.59933],[-5.85014,36.59875],[-5.85122,36.59862],[-5.85327,36.59999],[-5.85444,36.60033],[-5.85672,36.60032],[-5.85673,36.60001],[-5.85516,36.59883],[-5.85475,36.5981],[-5.85459,36.59712],[-5.85595,36.59696],[-5.86047,36.59563],[-5.86047,36.59525],[-5.85951,36.59426],[-5.85977,36.59403],[-5.86138,36.59419],[-5.86177,36.59266],[-5.86099,36.59047],[-5.86105,36.58944],[-5.86081,36.58898],[-5.85996,36.58851],[-5.86129,36.58806],[-5.86128,36.58726],[-5.86202,36.58725],[-5.86228,36.58746],[-5.86264,36.58868],[-5.86407,36.58921],[-5.86461,36.58901],[-5.86473,36.58806],[-5.86545,36.58745],[-5.86561,36.58658],[-5.86593,36.5862],[-5.86649,36.58624],[-5.86848,36.58738],[-5.86966,36.5876],[-5.87034,36.58745],[-5.87158,36.58614],[-5.87351,36.58585],[-5.87335,36.58486],[-5.87361,36.58453],[-5.87496,36.58511],[-5.87622,36.58496],[-5.87756,36.58416],[-5.87826,36.58413],[-5.87988,36.58504],[-5.88117,36.58487],[-5.88154,36.58426],[-5.88071,36.58345],[-5.88126,36.58271],[-5.88319,36.58308],[-5.88445,36.58298],[-5.88551,36.5823],[-5.88713,36.58194],[-5.88796,36.58115],[-5.88753,36.58073],[-5.88516,36.57996],[-5.88389,36.57753],[-5.88446,36.57752],[-5.8856,36.57869],[-5.88652,36.57916],[-5.88751,36.57876],[-5.88829,36.57931],[-5.88897,36.57883],[-5.88926,36.57898],[-5.88934,36.57942],[-5.88968,36.57952],[-5.89281,36.57859],[-5.89264,36.57723],[-5.89103,36.57551],[-5.89181,36.57455],[-5.8905,36.57432],[-5.89068,36.57368],[-5.89029,36.57311],[-5.89036,36.57251],[-5.88934,36.57182],[-5.88775,36.57204],[-5.88705,36.57188],[-5.88909,36.57063],[-5.88899,36.57025],[-5.88789,36.56927],[-5.88792,36.56863],[-5.8884,36.56857],[-5.88978,36.56905],[-5.89116,36.56989],[-5.89198,36.57008],[-5.8965,36.57026],[-5.89756,36.57016],[-5.898,36.56983],[-5.8948,36.56868],[-5.8938,36.56788],[-5.89371,36.56728],[-5.89322,36.56654],[-5.89321,36.56599],[-5.89361,36.5657],[-5.89522,36.56563],[-5.89551,36.56494],[-5.89516,36.56407],[-5.89442,36.56364],[-5.89441,36.56322],[-5.89326,36.56216],[-5.89218,36.56169],[-5.89251,36.56136],[-5.8937,36.5613],[-5.89378,36.56057],[-5.8933,36.55983],[-5.89243,36.55968],[-5.89118,36.55814],[-5.89106,36.55713],[-5.89166,36.55593],[-5.89062,36.55531],[-5.8901,36.55443],[-5.88957,36.55418],[-5.88857,36.55418],[-5.88806,36.55449],[-5.88904,36.55566],[-5.889,36.55601],[-5.88782,36.55557],[-5.88646,36.55582],[-5.88383,36.55793],[-5.88253,36.55835],[-5.88226,36.55818],[-5.88309,36.55721],[-5.88337,36.55644],[-5.88315,36.55595],[-5.88199,36.55558],[-5.88258,36.55431],[-5.88244,36.55387],[-5.88206,36.55365],[-5.8815,36.55386],[-5.8812,36.5545],[-5.88028,36.55502],[-5.88143,36.55539],[-5.88167,36.55568],[-5.88051,36.55625],[-5.88101,36.55707],[-5.88054,36.55762],[-5.87974,36.55702],[-5.87895,36.557],[-5.87773,36.55733],[-5.87645,36.55735],[-5.87476,36.55815],[-5.87338,36.55822],[-5.87269,36.55849],[-5.87262,36.55869],[-5.87298,36.55911],[-5.87436,36.55967],[-5.87576,36.55985],[-5.87792,36.55963],[-5.87964,36.56033],[-5.87857,36.56116],[-5.87571,36.5624],[-5.87281,36.56446],[-5.87166,36.56564],[-5.87152,36.56675],[-5.86943,36.56792],[-5.86882,36.56867],[-5.86707,36.56915],[-5.86261,36.57113],[-5.86219,36.57106],[-5.86248,36.5704],[-5.86231,36.56992],[-5.85964,36.56861],[-5.85815,36.56871],[-5.85645,36.56849],[-5.85416,36.56876],[-5.85265,36.56871],[-5.85179,36.56838],[-5.85106,36.56934],[-5.84946,36.57051],[-5.84904,36.56896],[-5.84739,36.56899],[-5.84718,36.56879],[-5.84795,36.56799],[-5.84881,36.56787],[-5.84872,36.5674],[-5.84925,36.56693],[-5.8494,36.56596],[-5.85125,36.56482],[-5.85119,36.5644],[-5.84919,36.56267],[-5.84735,36.56297],[-5.84634,36.56437],[-5.84426,36.56517],[-5.84529,36.56338],[-5.8447,36.56349],[-5.84248,36.56483],[-5.84134,36.56598],[-5.84047,36.56638],[-5.84028,36.56633],[-5.8408,36.56537],[-5.84077,36.56491],[-5.84032,36.56494],[-5.83935,36.56556],[-5.83965,36.56463],[-5.84092,36.56401],[-5.84076,36.56317],[-5.84122,36.56316],[-5.84145,36.56379],[-5.84204,36.56369],[-5.8441,36.56202],[-5.84405,36.56159],[-5.84304,36.56129],[-5.84388,36.56113],[-5.84407,36.56073],[-5.84259,36.55995],[-5.84231,36.55958],[-5.84257,36.55934],[-5.84333,36.55975],[-5.84397,36.55971],[-5.84439,36.5593],[-5.84432,36.5588],[-5.84458,36.55851],[-5.84505,36.55874],[-5.847,36.55866],[-5.84982,36.56047],[-5.85214,36.56093],[-5.85383,36.56155],[-5.85507,36.56132],[-5.85499,36.56071],[-5.85442,36.55976],[-5.85529,36.55937],[-5.85437,36.55836],[-5.85276,36.55793],[-5.84909,36.55902],[-5.84839,36.55842],[-5.8473,36.55837],[-5.84761,36.55752],[-5.84871,36.55632],[-5.84892,36.55549],[-5.85096,36.5548],[-5.85241,36.55259],[-5.85238,36.55108],[-5.85137,36.5488],[-5.85102,36.54864],[-5.85049,36.54907],[-5.84855,36.54943],[-5.84846,36.54902],[-5.84947,36.54832],[-5.84953,36.54791],[-5.84819,36.54823],[-5.84771,36.54812],[-5.84899,36.54694],[-5.84975,36.54581],[-5.84942,36.54541],[-5.8485,36.54518],[-5.84851,36.54491],[-5.85,36.5443],[-5.85029,36.5439],[-5.84983,36.54281],[-5.85083,36.54074],[-5.85003,36.53974],[-5.85169,36.53892],[-5.85231,36.53792],[-5.85228,36.53759],[-5.85172,36.53625],[-5.85037,36.53498],[-5.84971,36.534],[-5.84648,36.5319],[-5.8468,36.53093],[-5.8463,36.53072],[-5.84488,36.53135],[-5.84378,36.53133],[-5.84362,36.53106],[-5.84387,36.53043],[-5.84287,36.52988],[-5.8426,36.52914],[-5.84181,36.52892],[-5.84131,36.52788],[-5.84174,36.52791],[-5.84309,36.52873],[-5.84636,36.5293],[-5.84825,36.52925],[-5.84873,36.52984],[-5.8495,36.53023],[-5.85002,36.53125],[-5.85279,36.53322],[-5.85372,36.53439],[-5.85602,36.53552],[-5.8569,36.53629],[-5.85798,36.5365],[-5.85865,36.53608],[-5.85837,36.53551],[-5.85682,36.53429],[-5.85428,36.53327],[-5.8538,36.53203],[-5.85242,36.53121],[-5.85249,36.53095],[-5.85396,36.53105],[-5.85395,36.53022],[-5.85341,36.52899],[-5.85371,36.52874],[-5.8542,36.52887],[-5.85564,36.53051],[-5.85745,36.53147],[-5.8586,36.53081],[-5.8595,36.5314],[-5.86015,36.53142],[-5.86097,36.53063],[-5.86212,36.53046],[-5.8622,36.52996],[-5.86182,36.52948],[-5.86028,36.5289],[-5.85958,36.52838],[-5.85951,36.5282],[-5.86015,36.5277],[-5.86009,36.52739],[-5.85847,36.52679],[-5.85753,36.52575],[-5.85475,36.52488],[-5.85444,36.52454],[-5.85874,36.52551],[-5.85913,36.52525],[-5.85914,36.52395],[-5.85942,36.5238],[-5.86053,36.5258],[-5.86137,36.52634],[-5.86237,36.52659],[-5.86474,36.5264],[-5.8652,36.52612],[-5.86566,36.52531],[-5.86597,36.52554],[-5.86576,36.5266],[-5.8666,36.52714],[-5.86509,36.52762],[-5.86484,36.52796],[-5.86555,36.52891],[-5.8668,36.52926],[-5.86805,36.53072],[-5.86795,36.53103],[-5.86673,36.53113],[-5.86652,36.5313],[-5.86664,36.53178],[-5.86736,36.53194],[-5.86825,36.53145],[-5.87079,36.53076],[-5.87127,36.53091],[-5.87173,36.53195],[-5.8711,36.53326],[-5.86942,36.53483],[-5.86941,36.53542],[-5.87033,36.5358],[-5.87132,36.53569],[-5.87236,36.53402],[-5.87343,36.53369],[-5.87398,36.53399],[-5.87382,36.53553],[-5.87468,36.53599],[-5.87722,36.53538],[-5.87795,36.5349],[-5.87753,36.5346],[-5.87598,36.53434],[-5.87464,36.5329],[-5.87576,36.53196],[-5.87693,36.53152],[-5.87703,36.53106],[-5.87195,36.52845],[-5.87185,36.52729],[-5.87081,36.52576],[-5.87127,36.52547],[-5.87218,36.52607],[-5.87446,36.52554],[-5.87534,36.52559],[-5.87653,36.52674],[-5.87728,36.5266],[-5.87753,36.5264],[-5.87754,36.52596],[-5.87624,36.52463],[-5.87538,36.52426],[-5.87329,36.52395],[-5.87269,36.52364],[-5.87265,36.52335],[-5.8744,36.52371],[-5.87479,36.52346],[-5.87464,36.52305],[-5.87481,36.52278],[-5.87939,36.52396],[-5.8797,36.52365],[-5.87987,36.52256],[-5.87916,36.52129],[-5.87996,36.52119],[-5.88054,36.52185],[-5.88278,36.52219],[-5.88389,36.5218],[-5.88589,36.52035],[-5.88593,36.52132],[-5.88542,36.52286],[-5.88678,36.52298],[-5.88682,36.52458],[-5.88764,36.52476],[-5.88859,36.52398],[-5.88918,36.52385],[-5.88998,36.52467],[-5.89294,36.52354],[-5.89453,36.52338],[-5.89507,36.52296],[-5.89516,36.5221],[-5.89453,36.52142],[-5.89301,36.52084],[-5.89191,36.52004],[-5.88985,36.51897],[-5.88847,36.51858],[-5.8882,36.5184],[-5.88786,36.51742],[-5.88711,36.51683],[-5.88544,36.51649],[-5.88437,36.51552],[-5.88235,36.51511],[-5.8808,36.51533],[-5.87926,36.51605],[-5.87911,36.5163],[-5.87929,36.51699],[-5.87813,36.51796],[-5.87818,36.51909],[-5.87784,36.51919],[-5.87724,36.51904],[-5.87681,36.5182],[-5.87552,36.51772],[-5.87388,36.51786],[-5.87287,36.5185],[-5.8722,36.51863],[-5.87079,36.51872],[-5.86943,36.51836],[-5.86821,36.51731],[-5.86889,36.51659],[-5.86894,36.51628],[-5.86857,36.5157],[-5.86769,36.51524],[-5.86651,36.51525],[-5.86595,36.51436],[-5.86532,36.51403],[-5.86498,36.51419],[-5.86509,36.51542],[-5.86465,36.51545],[-5.86391,36.515],[-5.86334,36.5151],[-5.86307,36.51527],[-5.86242,36.5168],[-5.86162,36.51734],[-5.86075,36.5175],[-5.86121,36.51649],[-5.861,36.51571],[-5.85969,36.5148],[-5.85848,36.51432],[-5.85832,36.51402],[-5.85895,36.51352],[-5.86105,36.51397],[-5.86171,36.51371],[-5.86247,36.51259],[-5.86235,36.5115],[-5.86312,36.51117],[-5.86318,36.51079],[-5.86287,36.51029],[-5.86165,36.50962],[-5.86129,36.50906],[-5.86094,36.50891],[-5.86012,36.50918],[-5.85954,36.50908],[-5.85807,36.50795],[-5.85798,36.50771],[-5.85873,36.50722],[-5.85891,36.50682],[-5.8577,36.50586],[-5.85729,36.50516],[-5.85823,36.50439],[-5.85825,36.5039],[-5.85738,36.50258],[-5.8562,36.50229],[-5.85564,36.50191],[-5.85517,36.50216],[-5.85538,36.50378],[-5.85489,36.50431],[-5.85344,36.50385],[-5.85208,36.50257],[-5.85117,36.50231],[-5.85064,36.50239],[-5.85056,36.50315],[-5.84976,36.50338],[-5.84866,36.50412],[-5.84837,36.50385],[-5.84862,36.50291],[-5.84944,36.50198],[-5.84815,36.50071],[-5.84701,36.5009],[-5.84713,36.50031],[-5.8468,36.49979],[-5.8457,36.49978],[-5.84437,36.49937],[-5.84343,36.49952],[-5.84088,36.50133],[-5.84031,36.50291],[-5.83998,36.50308],[-5.83909,36.50291],[-5.83858,36.50254],[-5.83811,36.50063],[-5.83747,36.50027],[-5.83581,36.50134],[-5.8357,36.50258],[-5.83642,36.50304],[-5.83812,36.50342],[-5.83859,36.50411],[-5.83637,36.50361],[-5.83599,36.50424],[-5.83634,36.50519],[-5.83623,36.50553],[-5.83387,36.50522],[-5.83448,36.50449],[-5.83425,36.50343],[-5.83457,36.50259],[-5.83395,36.50141],[-5.8344,36.50072],[-5.83383,36.50028],[-5.83414,36.49955],[-5.83434,36.49787],[-5.83299,36.49644],[-5.83085,36.49578],[-5.831,36.49525],[-5.83258,36.49363],[-5.83246,36.49237],[-5.82913,36.49062],[-5.83202,36.48981],[-5.83332,36.48989],[-5.83372,36.48939],[-5.8344,36.4895],[-5.8351,36.49015],[-5.83585,36.49013],[-5.83618,36.4896],[-5.83563,36.48827],[-5.83284,36.48654],[-5.83196,36.48644],[-5.83193,36.48678],[-5.83356,36.48876],[-5.8329,36.48898],[-5.83079,36.48842],[-5.8305,36.48881],[-5.83099,36.48945],[-5.83048,36.48995],[-5.82993,36.48985],[-5.82963,36.489],[-5.82923,36.48859],[-5.8286,36.48829],[-5.82761,36.48841],[-5.82702,36.48776],[-5.82594,36.48738],[-5.82613,36.48705],[-5.8271,36.48659],[-5.82679,36.48631],[-5.82587,36.48629],[-5.82622,36.48562],[-5.82698,36.48501],[-5.82623,36.48454],[-5.82521,36.48478],[-5.82491,36.48445],[-5.82386,36.48418],[-5.82446,36.48291],[-5.82421,36.4827],[-5.82307,36.4828],[-5.82253,36.48318],[-5.82248,36.48423],[-5.82225,36.48452],[-5.82121,36.48439],[-5.82039,36.48476],[-5.82023,36.48527],[-5.82036,36.48655],[-5.81827,36.48539],[-5.82047,36.48338],[-5.82009,36.48294],[-5.82113,36.48255],[-5.82371,36.47978],[-5.82553,36.47846],[-5.82957,36.47849],[-5.82967,36.47804],[-5.82893,36.47725],[-5.82887,36.47649],[-5.82782,36.47589],[-5.82793,36.47497],[-5.82647,36.47413],[-5.82605,36.47423],[-5.82563,36.47476],[-5.82502,36.47461],[-5.82488,36.4744],[-5.82565,36.47372],[-5.8252,36.47334],[-5.82294,36.47348],[-5.82293,36.47314],[-5.82366,36.47276],[-5.82369,36.47245],[-5.82294,36.47199],[-5.82205,36.47198],[-5.82001,36.47048],[-5.81993,36.4711],[-5.81956,36.4716],[-5.82052,36.47228],[-5.81954,36.47243],[-5.81929,36.47268],[-5.82115,36.47322],[-5.82083,36.47348],[-5.82007,36.47336],[-5.81969,36.47399],[-5.81888,36.47341],[-5.81849,36.47341],[-5.81848,36.47403],[-5.81939,36.47529],[-5.8191,36.47542],[-5.81811,36.4751],[-5.81772,36.47546],[-5.81757,36.47588],[-5.81786,36.47643],[-5.81735,36.47666],[-5.81656,36.47784],[-5.81663,36.47903],[-5.81707,36.47976],[-5.81569,36.48056],[-5.81597,36.47831],[-5.81528,36.47716],[-5.81557,36.47689],[-5.81595,36.4757],[-5.81586,36.47538],[-5.81528,36.47501],[-5.81408,36.47491],[-5.81446,36.47457],[-5.81604,36.47401],[-5.81627,36.47355],[-5.81604,36.4731],[-5.81515,36.47288],[-5.81219,36.47318],[-5.80967,36.47263],[-5.80878,36.47265],[-5.80958,36.47192],[-5.8098,36.47134],[-5.80963,36.47092],[-5.80909,36.47064],[-5.8074,36.47093],[-5.80625,36.47194],[-5.80513,36.47191],[-5.80577,36.47047],[-5.80791,36.46869],[-5.80961,36.46858],[-5.81004,36.46808],[-5.81108,36.46835],[-5.81162,36.46811],[-5.81185,36.46742],[-5.81127,36.46682],[-5.81132,36.46658],[-5.81191,36.46665],[-5.81249,36.46619],[-5.8127,36.4669],[-5.81432,36.46655],[-5.81546,36.46688],[-5.81628,36.46643],[-5.81621,36.46595],[-5.81683,36.46542],[-5.81858,36.46537],[-5.82182,36.46425],[-5.82098,36.46356],[-5.82013,36.46393],[-5.81954,36.46349],[-5.81892,36.46365],[-5.81867,36.4635],[-5.81827,36.463],[-5.81902,36.46288],[-5.818,36.46201],[-5.81805,36.46178],[-5.82009,36.46213],[-5.82117,36.46154],[-5.82244,36.46152],[-5.82311,36.4608],[-5.8247,36.461],[-5.82526,36.46045],[-5.82517,36.45996],[-5.82469,36.45978],[-5.82427,36.45995],[-5.82394,36.46052],[-5.82354,36.46045],[-5.82358,36.45977],[-5.82312,36.45951],[-5.82334,36.4589],[-5.82296,36.45869],[-5.82277,36.45797],[-5.82243,36.45778],[-5.82222,36.45864],[-5.82253,36.45891],[-5.82218,36.45908],[-5.82183,36.45979],[-5.82144,36.45982],[-5.82104,36.45845],[-5.82045,36.45775],[-5.81998,36.4576],[-5.81963,36.458],[-5.82031,36.45956],[-5.81954,36.45989],[-5.81915,36.45903],[-5.81867,36.45968],[-5.81731,36.45904],[-5.8159,36.45958],[-5.81552,36.45995],[-5.81534,36.46103],[-5.81433,36.46145],[-5.81377,36.46262],[-5.81347,36.46234],[-5.81301,36.46242],[-5.81288,36.46138],[-5.81182,36.46138],[-5.81131,36.46256],[-5.81089,36.46269],[-5.81043,36.46252],[-5.81041,36.46178],[-5.81016,36.46147],[-5.80936,36.46109],[-5.80814,36.46096],[-5.80908,36.45992],[-5.80907,36.4595],[-5.80828,36.45876],[-5.80674,36.45887],[-5.80736,36.4574],[-5.80619,36.45652],[-5.80655,36.45631],[-5.80767,36.45633],[-5.80749,36.45502],[-5.80796,36.45392],[-5.80782,36.45362],[-5.80682,36.45317],[-5.80693,36.45271],[-5.80653,36.45215],[-5.80663,36.45145],[-5.80638,36.45099],[-5.80534,36.45105],[-5.80445,36.45049],[-5.80575,36.45026],[-5.80737,36.45085],[-5.80893,36.44975],[-5.80954,36.44871],[-5.80935,36.44856],[-5.8083,36.44921],[-5.808,36.44875],[-5.80706,36.4494],[-5.80648,36.44929],[-5.80501,36.44998],[-5.8053,36.449],[-5.8066,36.44769],[-5.80552,36.44749],[-5.80608,36.44695],[-5.80691,36.44717],[-5.80754,36.44705],[-5.80772,36.44643],[-5.80917,36.44685],[-5.80969,36.44667],[-5.81004,36.44611],[-5.8109,36.44656],[-5.81171,36.44647],[-5.81305,36.44574],[-5.81415,36.44477],[-5.815,36.44508],[-5.8158,36.44389],[-5.81547,36.44372],[-5.81382,36.44453],[-5.81357,36.44447],[-5.81335,36.44368],[-5.81226,36.44308],[-5.81218,36.44269],[-5.81249,36.44231],[-5.81359,36.44258],[-5.81412,36.44219],[-5.81307,36.4416],[-5.81352,36.44034],[-5.81262,36.44013],[-5.81206,36.44066],[-5.81194,36.44184],[-5.81145,36.442],[-5.81138,36.44249],[-5.81058,36.44335],[-5.81005,36.44354],[-5.80999,36.44268],[-5.80949,36.44176],[-5.81012,36.44091],[-5.80973,36.44023],[-5.80989,36.43972],[-5.80962,36.43955],[-5.80895,36.43969],[-5.80885,36.43934],[-5.80851,36.4393],[-5.8083,36.43956],[-5.8088,36.44018],[-5.80878,36.44069],[-5.80843,36.44085],[-5.80817,36.44055],[-5.8079,36.44063],[-5.80804,36.44122],[-5.80769,36.44175],[-5.80901,36.444],[-5.80864,36.4442],[-5.80794,36.4433],[-5.8075,36.44335],[-5.80658,36.44448],[-5.80755,36.4451],[-5.80763,36.44542],[-5.80625,36.44523],[-5.80485,36.44578],[-5.80529,36.44492],[-5.80473,36.44444],[-5.80411,36.44474],[-5.80351,36.4441],[-5.80556,36.4436],[-5.80614,36.44285],[-5.80576,36.44265],[-5.8047,36.44276],[-5.80354,36.44335],[-5.80332,36.44333],[-5.80327,36.44289],[-5.80441,36.44166],[-5.80498,36.44137],[-5.80517,36.44083],[-5.80643,36.4401],[-5.80556,36.44008],[-5.80541,36.43983],[-5.80561,36.43843],[-5.80673,36.43747],[-5.80665,36.43704],[-5.80577,36.43705],[-5.80456,36.43792],[-5.80439,36.43851],[-5.80471,36.43924],[-5.80449,36.43967],[-5.80362,36.43999],[-5.8033,36.44041],[-5.80093,36.44121],[-5.80262,36.43929],[-5.80255,36.43873],[-5.80161,36.43804],[-5.80217,36.43761],[-5.80214,36.43709],[-5.80311,36.43648],[-5.80315,36.43604],[-5.80369,36.4354],[-5.80339,36.43498],[-5.80279,36.43485],[-5.80177,36.43531],[-5.80128,36.4363],[-5.80086,36.43661],[-5.80015,36.43668],[-5.79927,36.43717],[-5.79812,36.43713],[-5.79796,36.43806],[-5.79694,36.43836],[-5.79718,36.43858],[-5.79873,36.43856],[-5.79963,36.4391],[-5.79958,36.43942],[-5.79769,36.43995],[-5.79744,36.44044],[-5.79813,36.4412],[-5.79775,36.44157],[-5.79789,36.44184],[-5.79899,36.44146],[-5.79863,36.44224],[-5.79885,36.44253],[-5.79987,36.44194],[-5.80021,36.44214],[-5.79966,36.44359],[-5.79993,36.44413],[-5.80105,36.44444],[-5.8017,36.44503],[-5.80113,36.44554],[-5.80158,36.44648],[-5.80144,36.4473],[-5.80079,36.4473],[-5.8006,36.44635],[-5.80025,36.44593],[-5.79995,36.44606],[-5.80003,36.44694],[-5.79974,36.44696],[-5.79913,36.44607],[-5.79934,36.44536],[-5.79863,36.44469],[-5.79853,36.44401],[-5.79788,36.44402],[-5.79736,36.44339],[-5.79608,36.44342],[-5.79648,36.44241],[-5.79587,36.44204],[-5.79557,36.44317],[-5.79491,36.44296],[-5.79449,36.44325],[-5.79501,36.44412],[-5.79454,36.44467],[-5.79598,36.44477],[-5.7961,36.44521],[-5.79606,36.44543],[-5.79501,36.44576],[-5.79533,36.44633],[-5.79509,36.44675],[-5.79541,36.44789],[-5.7948,36.44875],[-5.79448,36.44868],[-5.79423,36.44826],[-5.79385,36.44736],[-5.79387,36.44661],[-5.79331,36.4464],[-5.79211,36.44648],[-5.79205,36.44623],[-5.79272,36.44566],[-5.79299,36.44511],[-5.79286,36.44439],[-5.79235,36.44401],[-5.79099,36.44421],[-5.79049,36.44456],[-5.79048,36.44557],[-5.78974,36.44644],[-5.78997,36.44675],[-5.79111,36.44674],[-5.79138,36.44708],[-5.79135,36.44767],[-5.79088,36.44737],[-5.79045,36.44745],[-5.78969,36.44815],[-5.791,36.45048],[-5.78948,36.45049],[-5.78766,36.4511],[-5.78664,36.45221],[-5.78707,36.45244],[-5.78874,36.45228],[-5.78931,36.4526],[-5.78926,36.45338],[-5.7883,36.45363],[-5.788,36.45404],[-5.7885,36.45463],[-5.78888,36.45456],[-5.7902,36.45402],[-5.79074,36.45303],[-5.79192,36.45222],[-5.79221,36.45169],[-5.79215,36.45086],[-5.79247,36.45043],[-5.79274,36.45063],[-5.79303,36.45163],[-5.79382,36.45216],[-5.79364,36.45261],[-5.7923,36.45319],[-5.79208,36.45376],[-5.79226,36.45436],[-5.79299,36.45453],[-5.79553,36.45369],[-5.79582,36.45396],[-5.7957,36.45463],[-5.79669,36.455],[-5.79936,36.45357],[-5.79936,36.45337],[-5.79853,36.45295],[-5.79896,36.4525],[-5.79746,36.45247],[-5.79713,36.45223],[-5.79917,36.45128],[-5.79943,36.44994],[-5.79967,36.44977],[-5.80006,36.4504],[-5.79999,36.45117],[-5.80021,36.4516],[-5.80099,36.45224],[-5.80056,36.45299],[-5.80167,36.45328],[-5.80161,36.45385],[-5.80309,36.45393],[-5.80373,36.45444],[-5.80256,36.4551],[-5.80239,36.45546],[-5.80041,36.45581],[-5.79971,36.4563],[-5.80018,36.45911],[-5.80179,36.46077],[-5.80289,36.46096],[-5.80569,36.46067],[-5.80767,36.46196],[-5.80781,36.46234],[-5.80577,36.46323],[-5.80331,36.46241],[-5.80295,36.46316],[-5.80241,36.46278],[-5.80262,36.46193],[-5.80173,36.46199],[-5.79965,36.46091],[-5.79937,36.46111],[-5.79941,36.46184],[-5.80069,36.46385],[-5.80036,36.46478],[-5.80043,36.46547],[-5.79957,36.46449],[-5.79958,36.46364],[-5.79882,36.46303],[-5.79814,36.46362],[-5.79725,36.46378],[-5.7966,36.46522],[-5.79599,36.46568],[-5.79661,36.46281],[-5.79635,36.46233],[-5.79544,36.4619],[-5.79691,36.46089],[-5.79695,36.46071],[-5.79641,36.46045],[-5.79749,36.45967],[-5.79776,36.45846],[-5.79743,36.458],[-5.7971,36.45797],[-5.7959,36.45923],[-5.79396,36.4603],[-5.79422,36.45945],[-5.7939,36.45903],[-5.79448,36.45842],[-5.7944,36.4579],[-5.79295,36.45738],[-5.79152,36.45767],[-5.79118,36.45843],[-5.79145,36.45914],[-5.79251,36.45983],[-5.7923,36.46041],[-5.79256,36.46102],[-5.79166,36.46094],[-5.79149,36.46034],[-5.79106,36.46013],[-5.78979,36.46071],[-5.79001,36.46145],[-5.79154,36.46247],[-5.79101,36.46398],[-5.79051,36.46444],[-5.79038,36.46304],[-5.78981,36.46311],[-5.78786,36.46579],[-5.78793,36.46623],[-5.78997,36.46754],[-5.78952,36.46783],[-5.7886,36.46742],[-5.78747,36.46811],[-5.78742,36.46844],[-5.78846,36.46897],[-5.78832,36.46925],[-5.78772,36.4694],[-5.78645,36.4692],[-5.78568,36.46966],[-5.78581,36.47],[-5.78786,36.47092],[-5.78765,36.47136],[-5.78694,36.47147],[-5.78549,36.47065],[-5.78483,36.4711],[-5.78486,36.47155],[-5.78583,36.47237],[-5.7864,36.47377],[-5.78725,36.47405],[-5.78869,36.47391],[-5.78893,36.47514],[-5.78736,36.4746],[-5.78609,36.4748],[-5.78544,36.47446],[-5.78478,36.47452],[-5.78439,36.47513],[-5.7848,36.47595],[-5.7845,36.47631],[-5.7834,36.47648],[-5.78301,36.4758],[-5.78231,36.47599],[-5.78274,36.47668],[-5.78229,36.47721],[-5.78245,36.47826],[-5.78306,36.47872],[-5.78418,36.47788],[-5.78492,36.47784],[-5.78549,36.4782],[-5.78564,36.4787],[-5.7854,36.47912],[-5.78423,36.47889],[-5.78396,36.4792],[-5.78413,36.47982],[-5.78398,36.48061],[-5.78456,36.48132],[-5.78582,36.4813],[-5.78759,36.48165],[-5.78941,36.48009],[-5.79088,36.47987],[-5.7914,36.48005],[-5.78988,36.48087],[-5.78907,36.48084],[-5.78905,36.48199],[-5.78821,36.4832],[-5.78871,36.48378],[-5.78869,36.48444],[-5.7905,36.48479],[-5.79005,36.48533],[-5.78912,36.48545],[-5.79013,36.48603],[-5.78987,36.48627],[-5.78924,36.48629],[-5.78905,36.48655],[-5.78968,36.48732],[-5.79132,36.48738],[-5.79153,36.4877],[-5.79137,36.48855],[-5.79163,36.48883],[-5.79222,36.48879],[-5.79337,36.48823],[-5.7935,36.48796],[-5.79329,36.48759],[-5.79364,36.48701],[-5.7936,36.48642],[-5.79418,36.48649],[-5.79443,36.4873],[-5.79493,36.48735],[-5.79547,36.48712],[-5.79538,36.48637],[-5.79728,36.48592],[-5.79712,36.48481],[-5.79794,36.48387],[-5.79735,36.48249],[-5.79757,36.48227],[-5.7981,36.48237],[-5.79827,36.48279],[-5.80003,36.48453],[-5.80278,36.48519],[-5.80334,36.48604],[-5.80383,36.4863],[-5.8054,36.48639],[-5.80621,36.4859],[-5.80684,36.48587],[-5.80668,36.48627],[-5.805,36.48723],[-5.80492,36.48775],[-5.8051,36.48823],[-5.80621,36.48864],[-5.80647,36.48894],[-5.80604,36.49132],[-5.80681,36.49219],[-5.80679,36.49261],[-5.8064,36.49276],[-5.80387,36.49254],[-5.80291,36.49277],[-5.80254,36.49314],[-5.80276,36.49417],[-5.80309,36.49454],[-5.80413,36.4947],[-5.80521,36.49417],[-5.80585,36.4935],[-5.80687,36.49343],[-5.80737,36.49378],[-5.8077,36.4946],[-5.80722,36.4956],[-5.80767,36.49733],[-5.80761,36.49819],[-5.80803,36.49838],[-5.80882,36.49816],[-5.80986,36.49929],[-5.81143,36.50027],[-5.81197,36.5005],[-5.81306,36.50042],[-5.81419,36.50125],[-5.81485,36.50128],[-5.81531,36.50084],[-5.81572,36.50088],[-5.81609,36.50253],[-5.81454,36.50371],[-5.81445,36.50416],[-5.81483,36.50451],[-5.81685,36.50479],[-5.81724,36.50433],[-5.81687,36.50345],[-5.81698,36.50313],[-5.81883,36.5037],[-5.81945,36.50346],[-5.81993,36.50275],[-5.82046,36.50267],[-5.82052,36.50397],[-5.82173,36.50416],[-5.82202,36.50459],[-5.82281,36.50494],[-5.82385,36.50488],[-5.82423,36.50542],[-5.82505,36.50589],[-5.82647,36.50565],[-5.82808,36.50639],[-5.8293,36.50605],[-5.82945,36.50669],[-5.83024,36.50695],[-5.83179,36.50655],[-5.83262,36.50674],[-5.83207,36.50818],[-5.83135,36.50879],[-5.8306,36.509],[-5.82805,36.50897],[-5.82683,36.50951],[-5.82605,36.51046],[-5.82619,36.51116],[-5.82514,36.51124],[-5.82489,36.51165],[-5.82543,36.51303],[-5.82521,36.51352],[-5.82444,36.51202],[-5.82266,36.51185],[-5.82187,36.51202],[-5.8212,36.513],[-5.82041,36.51294],[-5.81921,36.51327],[-5.81863,36.51267],[-5.81723,36.51242],[-5.81674,36.51272],[-5.81683,36.51331],[-5.81614,36.51326],[-5.81506,36.51362],[-5.81428,36.51154],[-5.81391,36.51139],[-5.81337,36.51161],[-5.81323,36.51215],[-5.81329,36.51374],[-5.81382,36.515],[-5.81377,36.51526],[-5.81339,36.51533],[-5.81246,36.51432],[-5.81227,36.51193],[-5.81106,36.51177],[-5.81049,36.5122],[-5.81054,36.51325],[-5.80931,36.51339],[-5.80901,36.51426],[-5.80935,36.51482],[-5.81084,36.51556],[-5.81105,36.5159],[-5.80939,36.51579],[-5.80796,36.51524],[-5.80731,36.51553],[-5.80688,36.51655],[-5.80638,36.51646],[-5.80628,36.51601],[-5.80587,36.51567],[-5.80429,36.51597],[-5.80415,36.51502],[-5.80493,36.51365],[-5.80456,36.51341],[-5.80259,36.51324],[-5.80218,36.51178],[-5.80163,36.51147],[-5.801,36.51149],[-5.80043,36.51224],[-5.80078,36.51376],[-5.7994,36.51466],[-5.79983,36.51628],[-5.80065,36.51728],[-5.80019,36.51808],[-5.80102,36.51899],[-5.79975,36.51858],[-5.79864,36.51895],[-5.79836,36.52133],[-5.79916,36.52241],[-5.79891,36.52322],[-5.79764,36.52229],[-5.79594,36.52164],[-5.79541,36.51996],[-5.79466,36.51946],[-5.79594,36.51808],[-5.79637,36.51707],[-5.79643,36.51589],[-5.79603,36.51521],[-5.79551,36.51514],[-5.79522,36.5161],[-5.79487,36.51637],[-5.79461,36.51629],[-5.79441,36.51553],[-5.79388,36.51563],[-5.79417,36.51697],[-5.79399,36.51733],[-5.79316,36.51694],[-5.79192,36.51753],[-5.79134,36.51693],[-5.793,36.51576],[-5.79316,36.51518],[-5.79402,36.5147],[-5.79436,36.51382],[-5.79406,36.51365],[-5.79299,36.514],[-5.79276,36.51469],[-5.79152,36.51454],[-5.79104,36.51473],[-5.79039,36.51555],[-5.79085,36.51643],[-5.78984,36.51669],[-5.78965,36.51795],[-5.78932,36.51854],[-5.78894,36.51849],[-5.78852,36.5179],[-5.78774,36.5181],[-5.78757,36.51749],[-5.78688,36.51705],[-5.78624,36.51718],[-5.78582,36.51801],[-5.78444,36.51794],[-5.78428,36.51835],[-5.78476,36.51904],[-5.78711,36.51942],[-5.78765,36.52003],[-5.7874,36.52022],[-5.78623,36.52026],[-5.786,36.52064],[-5.78608,36.5214],[-5.78422,36.52059],[-5.78308,36.51899],[-5.78265,36.51885],[-5.78148,36.51984],[-5.78076,36.52133],[-5.77993,36.52199],[-5.77965,36.522],[-5.77939,36.52161],[-5.77956,36.51954],[-5.7793,36.51926],[-5.77745,36.52035],[-5.7768,36.52023],[-5.77585,36.51958],[-5.7751,36.51957],[-5.77222,36.52096],[-5.7727,36.51988],[-5.77187,36.52015],[-5.77166,36.51998],[-5.77257,36.51889],[-5.77278,36.51822],[-5.77137,36.51802],[-5.77176,36.51746],[-5.77129,36.51684],[-5.77133,36.51646],[-5.77365,36.51693],[-5.77496,36.51635],[-5.77776,36.51644],[-5.77927,36.51593],[-5.78036,36.51593],[-5.78092,36.51564],[-5.78114,36.51512],[-5.78081,36.51407],[-5.77925,36.51327],[-5.77708,36.51281],[-5.77547,36.51309],[-5.77488,36.51345],[-5.77456,36.51402],[-5.77362,36.51429],[-5.77303,36.51419],[-5.77364,36.51342],[-5.77269,36.51275],[-5.77339,36.5125],[-5.77355,36.51186],[-5.77494,36.51189],[-5.77588,36.51151],[-5.77609,36.5111],[-5.77551,36.51097],[-5.7758,36.50983],[-5.7748,36.50886],[-5.77515,36.50784],[-5.7746,36.50754],[-5.77388,36.50843],[-5.77277,36.50872],[-5.77185,36.50935],[-5.76981,36.5092],[-5.7684,36.50939],[-5.76917,36.5087],[-5.771,36.50852],[-5.77174,36.50796],[-5.77067,36.50769],[-5.77038,36.50704],[-5.7696,36.5066],[-5.77014,36.50526],[-5.76999,36.50431],[-5.7694,36.50456],[-5.76851,36.5059],[-5.76723,36.50618],[-5.76736,36.50697],[-5.76619,36.5076],[-5.76558,36.50844],[-5.76446,36.50796],[-5.7631,36.50857],[-5.76349,36.50738],[-5.7632,36.50661],[-5.76237,36.50638],[-5.76121,36.50672],[-5.76142,36.50554],[-5.76036,36.50546],[-5.76038,36.50511],[-5.76168,36.50406],[-5.76059,36.50371],[-5.76145,36.50292],[-5.76147,36.50246],[-5.76079,36.50206],[-5.76151,36.50165],[-5.76166,36.50121],[-5.76139,36.50101],[-5.75973,36.5013],[-5.76046,36.50003],[-5.76118,36.49997],[-5.76189,36.49882],[-5.76176,36.49843],[-5.76105,36.49799],[-5.76204,36.4977],[-5.76257,36.49711],[-5.76261,36.49631],[-5.76185,36.49542],[-5.76323,36.49497],[-5.76487,36.49388],[-5.76586,36.49379],[-5.76674,36.49416],[-5.76743,36.49408],[-5.76913,36.49259],[-5.76951,36.48863],[-5.76909,36.48814],[-5.76819,36.4878],[-5.76509,36.48909],[-5.76504,36.4882],[-5.76575,36.48616],[-5.76528,36.48553],[-5.76569,36.48526],[-5.76829,36.48502],[-5.77014,36.48557],[-5.77105,36.48548],[-5.77298,36.48406],[-5.77338,36.48151],[-5.7724,36.47921],[-5.77306,36.47803],[-5.7728,36.47767],[-5.77,36.47871],[-5.76944,36.47871],[-5.76904,36.47769],[-5.76766,36.47725],[-5.76846,36.47657],[-5.76884,36.47588],[-5.76985,36.47562],[-5.76972,36.4753],[-5.76816,36.47491],[-5.76681,36.47518],[-5.76669,36.47429],[-5.76634,36.47399],[-5.76542,36.47468],[-5.76485,36.47409],[-5.76366,36.47413],[-5.76356,36.4745],[-5.76441,36.47634],[-5.76549,36.47712],[-5.76669,36.47737],[-5.76689,36.47786],[-5.76595,36.479],[-5.76522,36.47871],[-5.76484,36.47951],[-5.76395,36.47936],[-5.76357,36.47966],[-5.76418,36.48067],[-5.76317,36.48169],[-5.7635,36.482],[-5.7656,36.48273],[-5.76517,36.48336],[-5.7656,36.48415],[-5.76502,36.48466],[-5.76386,36.48488],[-5.76304,36.48534],[-5.76282,36.48576],[-5.76287,36.48654],[-5.76257,36.48699],[-5.76223,36.48688],[-5.76165,36.48569],[-5.76111,36.48575],[-5.76039,36.48626],[-5.76002,36.48478],[-5.76085,36.48444],[-5.762,36.48317],[-5.76184,36.48279],[-5.76018,36.48268],[-5.76048,36.48178],[-5.76017,36.48137],[-5.75998,36.48042],[-5.75942,36.48055],[-5.7588,36.48135],[-5.75794,36.48174],[-5.75736,36.48234],[-5.75489,36.4828],[-5.75457,36.48282],[-5.75456,36.48256],[-5.7555,36.48037],[-5.7554,36.48013],[-5.75478,36.47993],[-5.75409,36.48007],[-5.75367,36.4805],[-5.75355,36.48282],[-5.75255,36.48154],[-5.75131,36.48213],[-5.75037,36.48193],[-5.74883,36.48284],[-5.74868,36.48213],[-5.74725,36.48231],[-5.74733,36.482],[-5.74953,36.48013],[-5.74958,36.47994],[-5.7492,36.47973],[-5.74955,36.47925],[-5.7495,36.47888],[-5.74825,36.47828],[-5.74846,36.47776],[-5.74957,36.478],[-5.75005,36.47775],[-5.74967,36.47639],[-5.74996,36.47645],[-5.75074,36.47753],[-5.7513,36.47772],[-5.75199,36.47699],[-5.75347,36.4767],[-5.75381,36.47632],[-5.75324,36.47582],[-5.7525,36.47557],[-5.75267,36.47521],[-5.75145,36.47509],[-5.75131,36.47435],[-5.75239,36.47498],[-5.75302,36.47459],[-5.7523,36.47341],[-5.75261,36.47338],[-5.75381,36.47422],[-5.75379,36.47335],[-5.75404,36.47314],[-5.75502,36.47402],[-5.75631,36.47463],[-5.75666,36.47447],[-5.75672,36.47404],[-5.75573,36.47353],[-5.75552,36.47308],[-5.75565,36.4729],[-5.75669,36.47321],[-5.75731,36.47296],[-5.75742,36.4726],[-5.75574,36.47109],[-5.75465,36.47108],[-5.75458,36.47086],[-5.7561,36.47067],[-5.7575,36.47117],[-5.75782,36.47066],[-5.75925,36.47149],[-5.7595,36.47122],[-5.75896,36.47072],[-5.75965,36.47032],[-5.76009,36.47097],[-5.76059,36.47116],[-5.76091,36.47091],[-5.76095,36.47052],[-5.76143,36.47057],[-5.76182,36.4703],[-5.76228,36.47039],[-5.76287,36.47098],[-5.76349,36.47035],[-5.7647,36.47063],[-5.76598,36.46988],[-5.76717,36.47039],[-5.76857,36.46998],[-5.76975,36.47003],[-5.77038,36.47044],[-5.77105,36.46996],[-5.77316,36.46934],[-5.77381,36.46979],[-5.77447,36.46927],[-5.77495,36.46953],[-5.77553,36.46921],[-5.77734,36.4696],[-5.77805,36.46927],[-5.77736,36.46591],[-5.77892,36.46528],[-5.77951,36.46463],[-5.77945,36.46418],[-5.77849,36.46374],[-5.77736,36.46276],[-5.77551,36.46254],[-5.77449,36.46177],[-5.77233,36.46109],[-5.77109,36.46017],[-5.76992,36.46042],[-5.76978,36.46018],[-5.77024,36.45962],[-5.77036,36.45898],[-5.76874,36.45795],[-5.76795,36.45796],[-5.76691,36.45874],[-5.76663,36.45745],[-5.76625,36.45706],[-5.76575,36.457],[-5.7653,36.45733],[-5.76496,36.45842],[-5.76405,36.45898],[-5.76446,36.45705],[-5.76154,36.4551],[-5.7612,36.45724],[-5.76082,36.45765],[-5.75837,36.45635],[-5.75737,36.4563],[-5.75692,36.45689],[-5.75766,36.45719],[-5.7577,36.45743],[-5.75611,36.45846],[-5.7559,36.45939],[-5.75723,36.46058],[-5.75894,36.46053],[-5.75857,36.46138],[-5.75747,36.46249],[-5.75715,36.46325],[-5.75523,36.46264],[-5.75393,36.46256],[-5.75343,36.46292],[-5.75335,36.46374],[-5.7523,36.46315],[-5.751,36.46333],[-5.74981,36.46399],[-5.74955,36.4648],[-5.74903,36.46517],[-5.74796,36.46487],[-5.74764,36.46541],[-5.74704,36.46528],[-5.74628,36.46562],[-5.74498,36.4656],[-5.74465,36.46574],[-5.74427,36.46639],[-5.74177,36.46678],[-5.74124,36.46751],[-5.74163,36.46868],[-5.7404,36.46835],[-5.73986,36.46796],[-5.73774,36.46876],[-5.73724,36.46949],[-5.73901,36.47021],[-5.73805,36.47046],[-5.73761,36.47104],[-5.73707,36.47124],[-5.73635,36.47106],[-5.73592,36.47158],[-5.73393,36.47276],[-5.73223,36.47458],[-5.73188,36.47567],[-5.73249,36.47692],[-5.73321,36.47728],[-5.73477,36.47729],[-5.73424,36.47789],[-5.73313,36.47806],[-5.73306,36.47846],[-5.7334,36.47927],[-5.73702,36.47949],[-5.7376,36.47935],[-5.73859,36.47861],[-5.73856,36.47945],[-5.73948,36.47915],[-5.73931,36.47984],[-5.74011,36.47944],[-5.74038,36.47956],[-5.74005,36.47985],[-5.73988,36.48062],[-5.73841,36.48049],[-5.7373,36.48107],[-5.73518,36.48068],[-5.73462,36.48091],[-5.73423,36.48162],[-5.73449,36.48267],[-5.73514,36.48329],[-5.73791,36.48336],[-5.73939,36.48488],[-5.73912,36.48531],[-5.73862,36.48549],[-5.73782,36.48432],[-5.73686,36.48412],[-5.73652,36.48435],[-5.73715,36.48575],[-5.73583,36.48692],[-5.73558,36.48792],[-5.73622,36.48856],[-5.73733,36.48891],[-5.73675,36.48978],[-5.73693,36.49038],[-5.73556,36.49161],[-5.73538,36.49265],[-5.73486,36.49326],[-5.73484,36.49409],[-5.73417,36.49517],[-5.73421,36.4962],[-5.73497,36.49678],[-5.7344,36.49795],[-5.73481,36.49944],[-5.73231,36.49997],[-5.73154,36.50146],[-5.73167,36.50191],[-5.73327,36.50265],[-5.733,36.50394],[-5.73357,36.50626],[-5.73341,36.50868],[-5.732,36.50998],[-5.73201,36.51018],[-5.73282,36.51049],[-5.7329,36.51123],[-5.73134,36.51122],[-5.73092,36.50931],[-5.73167,36.50819],[-5.73163,36.50739],[-5.73209,36.50595],[-5.73172,36.50433],[-5.73179,36.5035],[-5.7303,36.5013],[-5.73088,36.50034],[-5.72991,36.49886],[-5.72995,36.49722],[-5.72937,36.49669],[-5.73017,36.49597],[-5.72934,36.49484],[-5.72959,36.49413],[-5.72936,36.49368],[-5.72718,36.49391],[-5.72719,36.49337],[-5.72688,36.49297],[-5.72711,36.49272],[-5.728,36.49266],[-5.7282,36.4924],[-5.72815,36.49126],[-5.72787,36.49106],[-5.7269,36.49138],[-5.72698,36.4906],[-5.72877,36.49025],[-5.72936,36.48893],[-5.72926,36.48838],[-5.72794,36.48724],[-5.72499,36.48936],[-5.7248,36.4891],[-5.72665,36.48703],[-5.72669,36.48594],[-5.72711,36.48493],[-5.727,36.48443],[-5.72521,36.48399],[-5.72278,36.48417],[-5.722,36.48401],[-5.72368,36.48264],[-5.72546,36.48165],[-5.72546,36.47961],[-5.72508,36.47885],[-5.7242,36.47837],[-5.72172,36.47831],[-5.72145,36.47709],[-5.71913,36.47633],[-5.72024,36.47542],[-5.72012,36.47507],[-5.71958,36.47486],[-5.71789,36.47551],[-5.71659,36.47703],[-5.71612,36.47603],[-5.71546,36.47596],[-5.71481,36.47621],[-5.71369,36.47751],[-5.71297,36.47793],[-5.71233,36.47926],[-5.71145,36.47892],[-5.71131,36.47785],[-5.71102,36.47761],[-5.70767,36.4782],[-5.7072,36.47876],[-5.70754,36.47954],[-5.70714,36.47987],[-5.70534,36.48028],[-5.70513,36.4811],[-5.70405,36.48047],[-5.70398,36.48012],[-5.70424,36.47964],[-5.704,36.47939],[-5.70253,36.47932],[-5.7019,36.47956],[-5.7014,36.48024],[-5.70135,36.48178],[-5.70109,36.48251],[-5.70172,36.48295],[-5.70304,36.48302],[-5.70327,36.48334],[-5.70286,36.48395],[-5.70187,36.48398],[-5.70192,36.4849],[-5.70132,36.48576],[-5.70093,36.48698],[-5.70142,36.48746],[-5.70107,36.48918],[-5.70183,36.49023],[-5.70132,36.49047],[-5.70113,36.4913],[-5.7003,36.49181],[-5.70009,36.49286],[-5.69945,36.49415],[-5.69836,36.49488],[-5.69725,36.49603],[-5.69667,36.49618],[-5.69452,36.49578],[-5.6933,36.49602],[-5.69329,36.49569],[-5.6938,36.49515],[-5.69564,36.49499],[-5.69593,36.4947],[-5.69564,36.49401],[-5.69577,36.49385],[-5.69716,36.49365],[-5.69851,36.4929],[-5.69847,36.49205],[-5.69904,36.4901],[-5.69381,36.4887],[-5.69527,36.48825],[-5.69669,36.4884],[-5.69811,36.4882],[-5.69911,36.48719],[-5.69762,36.48639],[-5.69733,36.48559],[-5.69644,36.4849],[-5.69627,36.48408],[-5.6958,36.48335],[-5.69434,36.48237],[-5.69479,36.48099],[-5.6947,36.48019],[-5.69557,36.47916],[-5.69479,36.47838],[-5.6955,36.47811],[-5.69748,36.4783],[-5.69912,36.47661],[-5.70084,36.47534],[-5.70092,36.47498],[-5.69992,36.47462],[-5.70061,36.47409],[-5.70285,36.47486],[-5.70467,36.47443],[-5.70628,36.4731],[-5.70707,36.47284],[-5.70755,36.47225],[-5.70854,36.47178],[-5.70824,36.47128],[-5.70844,36.47097],[-5.70917,36.47121],[-5.71097,36.47037],[-5.71126,36.46996],[-5.71117,36.46923],[-5.71142,36.4688],[-5.7127,36.4691],[-5.71402,36.46827],[-5.7174,36.46774],[-5.71542,36.46634],[-5.71277,36.46632],[-5.71416,36.46531],[-5.71614,36.46509],[-5.71622,36.46573],[-5.71723,36.46629],[-5.71834,36.46596],[-5.71899,36.46527],[-5.71969,36.46623],[-5.7206,36.46665],[-5.72126,36.4666],[-5.72198,36.46613],[-5.72265,36.4667],[-5.72514,36.4666],[-5.72546,36.46628],[-5.72539,36.46563],[-5.72724,36.46444],[-5.72788,36.46375],[-5.72913,36.4639],[-5.72964,36.46498],[-5.72992,36.46505],[-5.73021,36.46436],[-5.72986,36.46383],[-5.73092,36.46375],[-5.73123,36.4635],[-5.73111,36.46228],[-5.73128,36.46178],[-5.73157,36.4618],[-5.73211,36.46247],[-5.7327,36.46264],[-5.73467,36.46266],[-5.73585,36.46218],[-5.73684,36.46126],[-5.737,36.46077],[-5.73673,36.45999],[-5.73572,36.45963],[-5.73577,36.45943],[-5.73656,36.45942],[-5.73729,36.45885],[-5.73838,36.45857],[-5.73831,36.45945],[-5.73898,36.45988],[-5.73989,36.45957],[-5.74041,36.45873],[-5.74124,36.45824],[-5.74282,36.45867],[-5.74343,36.45696],[-5.74334,36.45644],[-5.74236,36.45639],[-5.74177,36.4558],[-5.73981,36.4561],[-5.74001,36.45485],[-5.73971,36.45363],[-5.73993,36.45331],[-5.74176,36.45307],[-5.74312,36.4524],[-5.74308,36.45185],[-5.74355,36.45124],[-5.74335,36.4509],[-5.74281,36.45077],[-5.73985,36.45175],[-5.73947,36.45275],[-5.73875,36.45342],[-5.7382,36.45539],[-5.7376,36.45465],[-5.73754,36.45385],[-5.73642,36.4537],[-5.73777,36.45277],[-5.73761,36.45148],[-5.73821,36.45086],[-5.73818,36.45053],[-5.73757,36.45006],[-5.73701,36.4509],[-5.73542,36.45227],[-5.7361,36.45006],[-5.73601,36.44952],[-5.73523,36.44994],[-5.73452,36.45121],[-5.73415,36.45144],[-5.73363,36.44962],[-5.73295,36.44946],[-5.73215,36.45079],[-5.73217,36.45123],[-5.73363,36.45195],[-5.73359,36.45226],[-5.7331,36.45255],[-5.73321,36.45293],[-5.734,36.45345],[-5.7351,36.45509],[-5.7347,36.45529],[-5.73431,36.45464],[-5.73168,36.45314],[-5.73129,36.45328],[-5.73107,36.45377],[-5.73135,36.45505],[-5.72922,36.45656],[-5.72905,36.45762],[-5.72833,36.45737],[-5.72672,36.4582],[-5.72609,36.45811],[-5.72823,36.4566],[-5.72885,36.45536],[-5.72943,36.45474],[-5.72951,36.45423],[-5.72919,36.45374],[-5.72945,36.45312],[-5.72892,36.45248],[-5.72928,36.45157],[-5.72895,36.45123],[-5.72845,36.45116],[-5.72811,36.452],[-5.72689,36.45221],[-5.72666,36.45239],[-5.72668,36.45305],[-5.72532,36.45391],[-5.72522,36.45365],[-5.7256,36.45286],[-5.72558,36.45166],[-5.72389,36.45057],[-5.72439,36.45003],[-5.72527,36.45022],[-5.72579,36.45007],[-5.72549,36.44906],[-5.72723,36.44858],[-5.7277,36.44793],[-5.72689,36.44796],[-5.72598,36.44859],[-5.72482,36.44853],[-5.72478,36.4483],[-5.72539,36.44771],[-5.72496,36.44762],[-5.72476,36.44696],[-5.7234,36.4468],[-5.72383,36.44621],[-5.72331,36.44582],[-5.72236,36.44601],[-5.72204,36.44638],[-5.72208,36.44696],[-5.72273,36.44826],[-5.72248,36.44869],[-5.72138,36.44756],[-5.72048,36.44524],[-5.71988,36.44564],[-5.71957,36.44661],[-5.72021,36.44916],[-5.71914,36.44922],[-5.71875,36.44869],[-5.71772,36.44843],[-5.71744,36.44803],[-5.71661,36.44789],[-5.7177,36.44705],[-5.71749,36.44663],[-5.71675,36.44635],[-5.71687,36.4457],[-5.71615,36.44521],[-5.71815,36.44404],[-5.71693,36.44358],[-5.71561,36.44415],[-5.71525,36.44488],[-5.7145,36.44429],[-5.71397,36.44436],[-5.71462,36.44524],[-5.71462,36.44613],[-5.71345,36.44615],[-5.71313,36.44646],[-5.71442,36.44776],[-5.71432,36.44819],[-5.7137,36.44787],[-5.71294,36.44839],[-5.71241,36.44756],[-5.71148,36.44728],[-5.71118,36.4476],[-5.71147,36.44807],[-5.71045,36.44808],[-5.70967,36.44849],[-5.70972,36.44923],[-5.71025,36.45052],[-5.70955,36.45044],[-5.70907,36.45113],[-5.70856,36.45128],[-5.70834,36.45088],[-5.70854,36.44985],[-5.70826,36.44958],[-5.70769,36.44978],[-5.70665,36.45067],[-5.70605,36.45069],[-5.7062,36.44984],[-5.70523,36.44947],[-5.70514,36.44919],[-5.70785,36.44892],[-5.70904,36.44835],[-5.70756,36.44735],[-5.70896,36.44702],[-5.70845,36.44611],[-5.70953,36.4455],[-5.70971,36.4451],[-5.70842,36.44522],[-5.70822,36.44397],[-5.70702,36.44258],[-5.70723,36.44234],[-5.7082,36.44219],[-5.70815,36.44179],[-5.70622,36.4403],[-5.70566,36.44013],[-5.70484,36.44076],[-5.70504,36.44159],[-5.70586,36.44265],[-5.70488,36.44311],[-5.70414,36.44408],[-5.70344,36.44266],[-5.70271,36.44213],[-5.70238,36.44228],[-5.70206,36.44296],[-5.70074,36.44399],[-5.70043,36.44377],[-5.70163,36.44214],[-5.70105,36.4418],[-5.70157,36.44124],[-5.70154,36.44077],[-5.70115,36.44028],[-5.70029,36.44017],[-5.70017,36.43928],[-5.69936,36.4395],[-5.69899,36.43863],[-5.69785,36.43845],[-5.69766,36.43809],[-5.69769,36.43624],[-5.69669,36.43578],[-5.69568,36.43669],[-5.69613,36.43796],[-5.69525,36.43816],[-5.69489,36.43861],[-5.69508,36.43915],[-5.69642,36.44036],[-5.69538,36.44059],[-5.69532,36.44087],[-5.69678,36.4415],[-5.69689,36.44185],[-5.69502,36.44174],[-5.69465,36.44221],[-5.69459,36.44284],[-5.69543,36.4444],[-5.69381,36.4443],[-5.69333,36.44344],[-5.69268,36.4435],[-5.69247,36.44329],[-5.69248,36.44253],[-5.693,36.44188],[-5.69257,36.44055],[-5.69022,36.44105],[-5.69037,36.43865],[-5.68961,36.43775],[-5.6897,36.43538],[-5.68943,36.43489],[-5.68917,36.4349],[-5.68894,36.43515],[-5.68928,36.43608],[-5.68891,36.4364],[-5.68809,36.43644],[-5.68798,36.43669],[-5.68905,36.43791],[-5.68946,36.43926],[-5.69003,36.44],[-5.68838,36.4409],[-5.6888,36.44229],[-5.68846,36.44235],[-5.68767,36.44163],[-5.68722,36.44159],[-5.68643,36.44256],[-5.68605,36.44262],[-5.68619,36.44203],[-5.68567,36.44146],[-5.68606,36.44084],[-5.68648,36.43932],[-5.68545,36.43923],[-5.68416,36.44136],[-5.68407,36.44238],[-5.68337,36.44236],[-5.68309,36.44277],[-5.68159,36.4431],[-5.6815,36.44346],[-5.68192,36.44417],[-5.68165,36.44433],[-5.68086,36.44414],[-5.68075,36.44456],[-5.68108,36.44535],[-5.6797,36.4463],[-5.68004,36.44685],[-5.67956,36.44799],[-5.67994,36.4486],[-5.67975,36.44901],[-5.6802,36.44956],[-5.68004,36.45052],[-5.68152,36.4519],[-5.6819,36.45281],[-5.68238,36.45301],[-5.68274,36.45377],[-5.68436,36.45421],[-5.68489,36.45472],[-5.6821,36.45478],[-5.68134,36.45437],[-5.68076,36.45459],[-5.68057,36.45423],[-5.6801,36.45415],[-5.67992,36.45343],[-5.67946,36.4532],[-5.67867,36.45376],[-5.67628,36.4544],[-5.67515,36.45552],[-5.67446,36.45668],[-5.67513,36.45747],[-5.67519,36.4584],[-5.67634,36.45955],[-5.67649,36.46041],[-5.67819,36.46108],[-5.67952,36.461],[-5.68079,36.4613],[-5.68125,36.46186],[-5.68131,36.46279],[-5.68235,36.46335],[-5.68386,36.46301],[-5.68443,36.46312],[-5.68469,36.46365],[-5.68539,36.46392],[-5.68566,36.46462],[-5.6871,36.46492],[-5.68909,36.46655],[-5.68939,36.46712],[-5.68866,36.46741],[-5.68511,36.46672],[-5.68282,36.46657],[-5.68223,36.4669],[-5.68196,36.4674],[-5.68287,36.46898],[-5.67865,36.46716],[-5.67836,36.46709],[-5.67783,36.46744],[-5.67437,36.46654],[-5.67293,36.46688],[-5.67257,36.46716],[-5.67266,36.46751],[-5.67333,36.46795],[-5.67335,36.46845],[-5.67192,36.46756],[-5.67134,36.46571],[-5.67101,36.46552],[-5.67032,36.46596],[-5.66901,36.46835],[-5.66827,36.46709],[-5.66699,36.46831],[-5.66668,36.46792],[-5.6672,36.46639],[-5.66704,36.46572],[-5.6662,36.46593],[-5.66614,36.46523],[-5.66529,36.4651],[-5.6633,36.46572],[-5.662,36.46571],[-5.66109,36.46607],[-5.66089,36.46553],[-5.66146,36.46488],[-5.66072,36.46399],[-5.661,36.46323],[-5.65944,36.46283],[-5.65696,36.4612],[-5.6583,36.46111],[-5.66052,36.46186],[-5.66158,36.46194],[-5.66221,36.46166],[-5.66305,36.46081],[-5.66428,36.46069],[-5.6646,36.46027],[-5.66493,36.45899],[-5.66515,36.45945],[-5.66546,36.45957],[-5.6672,36.45851],[-5.66779,36.45855],[-5.66868,36.45928],[-5.67026,36.45903],[-5.67074,36.45855],[-5.66993,36.45778],[-5.66907,36.45589],[-5.66816,36.45522],[-5.66621,36.45497],[-5.66866,36.45369],[-5.66935,36.45299],[-5.66974,36.45383],[-5.67124,36.45551],[-5.67231,36.45587],[-5.67289,36.45554],[-5.6744,36.45381],[-5.67436,36.45332],[-5.67336,36.45279],[-5.67324,36.45251],[-5.67416,36.4522],[-5.67375,36.45149],[-5.67468,36.45125],[-5.67531,36.45061],[-5.67439,36.44975],[-5.67545,36.44935],[-5.6756,36.44807],[-5.67618,36.44648],[-5.67595,36.44632],[-5.67438,36.44668],[-5.6743,36.44616],[-5.67522,36.44585],[-5.67501,36.44508],[-5.67615,36.44536],[-5.67673,36.44489],[-5.67661,36.44448],[-5.6758,36.44413],[-5.67556,36.44375],[-5.67684,36.44367],[-5.67673,36.4431],[-5.67598,36.44276],[-5.67614,36.44251],[-5.67693,36.44227],[-5.67707,36.44193],[-5.67676,36.44164],[-5.67563,36.44174],[-5.67564,36.4409],[-5.67603,36.44075],[-5.67698,36.441],[-5.67757,36.44059],[-5.67749,36.44004],[-5.67646,36.43991],[-5.67558,36.43923],[-5.6758,36.43898],[-5.67688,36.43913],[-5.67704,36.43881],[-5.67696,36.43831],[-5.67624,36.43784],[-5.67578,36.4371],[-5.67482,36.43684],[-5.67327,36.43744],[-5.67269,36.43713],[-5.67275,36.43385],[-5.67494,36.4322],[-5.67429,36.43115],[-5.67428,36.43069],[-5.67543,36.43091],[-5.6759,36.43022],[-5.67516,36.42889],[-5.67454,36.42881],[-5.67393,36.42963],[-5.67354,36.42957],[-5.6732,36.42913],[-5.67259,36.42936],[-5.6721,36.42868],[-5.67274,36.42747],[-5.67151,36.4279],[-5.67144,36.42831],[-5.67176,36.42895],[-5.6709,36.42909],[-5.67084,36.42947],[-5.67314,36.43087],[-5.67294,36.43108],[-5.67234,36.43077],[-5.67203,36.43084],[-5.67196,36.4316],[-5.67102,36.43124],[-5.6708,36.43191],[-5.67045,36.43181],[-5.66922,36.43009],[-5.66866,36.42989],[-5.6684,36.43025],[-5.6685,36.43062],[-5.66931,36.43116],[-5.66921,36.43159],[-5.66968,36.43201],[-5.66964,36.4326],[-5.67012,36.43286],[-5.67028,36.43396],[-5.67118,36.43508],[-5.67106,36.43564],[-5.67171,36.43699],[-5.67149,36.43779],[-5.67159,36.43852],[-5.67134,36.43902],[-5.6715,36.43976],[-5.67014,36.44156],[-5.66992,36.44154],[-5.66983,36.44109],[-5.67073,36.43791],[-5.66962,36.43825],[-5.66919,36.4381],[-5.66988,36.43738],[-5.67002,36.43686],[-5.66978,36.43637],[-5.66871,36.43618],[-5.66949,36.43527],[-5.66818,36.4347],[-5.66812,36.4335],[-5.66669,36.43199],[-5.66657,36.43235],[-5.6671,36.43402],[-5.66649,36.43431],[-5.66598,36.43593],[-5.66495,36.43774],[-5.66416,36.4386],[-5.66409,36.43795],[-5.66456,36.4366],[-5.66436,36.43612],[-5.66461,36.43575],[-5.66441,36.43532],[-5.66521,36.43389],[-5.66517,36.43365],[-5.66448,36.43328],[-5.66412,36.43237],[-5.66342,36.43257],[-5.66339,36.43354],[-5.66249,36.4334],[-5.66212,36.4337],[-5.66235,36.43518],[-5.66212,36.43522],[-5.66144,36.43424],[-5.66061,36.43477],[-5.66047,36.43591],[-5.65978,36.43698],[-5.6602,36.43741],[-5.65965,36.43829],[-5.65925,36.44027],[-5.65878,36.43959],[-5.65894,36.43829],[-5.65813,36.43768],[-5.65866,36.43709],[-5.65923,36.43539],[-5.65856,36.43477],[-5.65917,36.43437],[-5.65909,36.43374],[-5.66049,36.43334],[-5.66115,36.4329],[-5.65929,36.4311],[-5.65977,36.43096],[-5.66164,36.4319],[-5.66216,36.43178],[-5.66238,36.4312],[-5.66185,36.43059],[-5.66182,36.43018],[-5.66281,36.43016],[-5.66318,36.42939],[-5.66293,36.42918],[-5.66194,36.4292],[-5.66177,36.42888],[-5.6611,36.42877],[-5.66154,36.428],[-5.66095,36.42765],[-5.66088,36.42674],[-5.66009,36.42631],[-5.66011,36.42612],[-5.66042,36.42539],[-5.66109,36.42541],[-5.66269,36.42695],[-5.66409,36.42751],[-5.66432,36.42716],[-5.66432,36.42615],[-5.665,36.42662],[-5.66552,36.42663],[-5.66549,36.42603],[-5.6658,36.42565],[-5.66568,36.42473],[-5.66441,36.4241],[-5.66309,36.42482],[-5.66267,36.42478],[-5.66318,36.42297],[-5.66274,36.42209],[-5.66214,36.4219],[-5.6617,36.42214],[-5.66115,36.42307],[-5.66036,36.42294],[-5.65977,36.42422],[-5.65899,36.42419],[-5.65877,36.4232],[-5.65912,36.42223],[-5.66084,36.4201],[-5.66055,36.41979],[-5.65963,36.42],[-5.65841,36.4208],[-5.65829,36.42199],[-5.65715,36.42209],[-5.65582,36.42384],[-5.65568,36.42437],[-5.65608,36.42554],[-5.65648,36.42583],[-5.65727,36.42752],[-5.65654,36.42731],[-5.65477,36.42585],[-5.65405,36.42571],[-5.65376,36.4266],[-5.65207,36.42738],[-5.65091,36.42846],[-5.65024,36.42951],[-5.65024,36.43023],[-5.64893,36.43082],[-5.64819,36.43147],[-5.64814,36.43238],[-5.64913,36.43368],[-5.64889,36.43444],[-5.64853,36.43397],[-5.64594,36.43282],[-5.64521,36.43191],[-5.64529,36.43114],[-5.64696,36.42847],[-5.64683,36.42548],[-5.64739,36.4242],[-5.64722,36.42343],[-5.64686,36.42301],[-5.645,36.42245],[-5.64476,36.42194],[-5.64513,36.42036],[-5.64487,36.41991],[-5.64458,36.41988],[-5.64387,36.42018],[-5.64323,36.42122],[-5.64311,36.42211],[-5.6434,36.42348],[-5.64194,36.42388],[-5.64156,36.42424],[-5.6421,36.42501],[-5.64345,36.42569],[-5.64415,36.42702],[-5.64375,36.42812],[-5.6443,36.42893],[-5.64345,36.42963],[-5.64318,36.4304],[-5.64332,36.43152],[-5.64389,36.43279],[-5.64301,36.4348],[-5.64271,36.43472],[-5.64232,36.43261],[-5.64139,36.4323],[-5.64076,36.43164],[-5.64026,36.43167],[-5.63971,36.43229],[-5.6393,36.43223],[-5.63917,36.4312],[-5.63849,36.43075],[-5.63788,36.4312],[-5.63822,36.4318],[-5.63766,36.43253],[-5.63795,36.43358],[-5.63783,36.43404],[-5.63659,36.43372],[-5.63532,36.43443],[-5.63518,36.43507],[-5.63385,36.43534],[-5.63233,36.43681],[-5.63232,36.4378],[-5.63188,36.43814],[-5.63119,36.43715],[-5.63209,36.43527],[-5.63198,36.43482],[-5.63128,36.43501],[-5.63047,36.43577],[-5.63024,36.4343],[-5.62877,36.43363],[-5.62712,36.43401],[-5.62694,36.43393],[-5.62744,36.43299],[-5.62629,36.43242],[-5.62575,36.43248],[-5.62538,36.43285],[-5.62531,36.43361],[-5.62486,36.43413],[-5.62252,36.43489],[-5.62179,36.43559],[-5.62211,36.43911],[-5.62297,36.44098],[-5.62311,36.44223],[-5.62132,36.43935],[-5.62065,36.43726],[-5.61907,36.43508],[-5.61858,36.43389],[-5.6183,36.43371],[-5.61761,36.43392],[-5.61707,36.43498],[-5.61649,36.4354],[-5.61515,36.43542],[-5.61636,36.43471],[-5.61622,36.43381],[-5.6165,36.43299],[-5.61779,36.43257],[-5.61793,36.43219],[-5.61908,36.43169],[-5.61976,36.43086],[-5.61961,36.42952],[-5.61817,36.42789],[-5.61856,36.42739],[-5.61861,36.4257],[-5.61829,36.42465],[-5.61853,36.42453],[-5.61899,36.42507],[-5.61959,36.42781],[-5.62062,36.43008],[-5.6204,36.43348],[-5.62054,36.4343],[-5.62087,36.43461],[-5.62161,36.43443],[-5.62201,36.43377],[-5.62391,36.43335],[-5.62409,36.43263],[-5.62344,36.4312],[-5.62354,36.43061],[-5.6245,36.43124],[-5.62529,36.43072],[-5.62578,36.43069],[-5.62867,36.4318],[-5.62934,36.43243],[-5.63167,36.43268],[-5.63267,36.43326],[-5.63368,36.43309],[-5.63496,36.43195],[-5.63483,36.42977],[-5.63433,36.42964],[-5.6326,36.43016],[-5.63197,36.4295],[-5.62949,36.42865],[-5.62995,36.42847],[-5.6317,36.42855],[-5.632,36.42842],[-5.63196,36.42788],[-5.63222,36.42767],[-5.63288,36.42851],[-5.6335,36.4286],[-5.63393,36.42833],[-5.63364,36.42749],[-5.63384,36.42738],[-5.63528,36.42802],[-5.63615,36.428],[-5.63711,36.42749],[-5.63759,36.42682],[-5.63755,36.42603],[-5.63679,36.42542],[-5.63731,36.42495],[-5.63678,36.42299],[-5.63688,36.4222],[-5.63575,36.42222],[-5.63359,36.42331],[-5.6332,36.42326],[-5.63381,36.42277],[-5.63407,36.42209],[-5.63689,36.42035],[-5.63728,36.41958],[-5.63676,36.41928],[-5.63377,36.42015],[-5.63333,36.42009],[-5.63407,36.41967],[-5.63432,36.41906],[-5.63544,36.41859],[-5.63557,36.41819],[-5.63518,36.41761],[-5.63544,36.41722],[-5.63687,36.41719],[-5.63718,36.41692],[-5.637,36.41608],[-5.63514,36.41507],[-5.63631,36.41436],[-5.63716,36.41478],[-5.63748,36.41465],[-5.63751,36.4141],[-5.63683,36.41294],[-5.63754,36.41241],[-5.63728,36.41155],[-5.63749,36.41104],[-5.63879,36.41022],[-5.63974,36.41068],[-5.64056,36.41172],[-5.64223,36.41185],[-5.64337,36.41127],[-5.64327,36.41278],[-5.64395,36.41402],[-5.64453,36.41413],[-5.64472,36.41371],[-5.64453,36.41237],[-5.64487,36.40988],[-5.64451,36.40928],[-5.64367,36.40918],[-5.64307,36.408],[-5.64165,36.40787],[-5.64008,36.40712],[-5.63957,36.40712],[-5.63894,36.40759],[-5.63913,36.40864],[-5.63856,36.40929],[-5.63806,36.40941],[-5.63723,36.40858],[-5.63672,36.40843],[-5.63494,36.40933],[-5.63386,36.41089],[-5.63366,36.41156],[-5.63256,36.41199],[-5.63208,36.41363],[-5.63181,36.4116],[-5.63207,36.41105],[-5.63305,36.41021],[-5.63353,36.40908],[-5.63272,36.40885],[-5.63151,36.40908],[-5.63159,36.40884],[-5.63178,36.4083],[-5.63353,36.4082],[-5.63336,36.40746],[-5.63393,36.40765],[-5.63446,36.40729],[-5.63481,36.40753],[-5.63578,36.40727],[-5.63695,36.4062],[-5.63718,36.40515],[-5.63621,36.40474],[-5.6347,36.40456],[-5.63477,36.40434],[-5.63543,36.404],[-5.63771,36.40393],[-5.63833,36.40295],[-5.63843,36.40174],[-5.63815,36.40149],[-5.63642,36.40145],[-5.63614,36.40087],[-5.63731,36.40073],[-5.63797,36.40003],[-5.63855,36.40032],[-5.63903,36.40023],[-5.63956,36.39968],[-5.63909,36.39884],[-5.63951,36.39855],[-5.64004,36.39845],[-5.64071,36.39885],[-5.64111,36.3983],[-5.64159,36.39862],[-5.64214,36.39837],[-5.64304,36.39771],[-5.64337,36.39636],[-5.64596,36.39511],[-5.6465,36.39438],[-5.64742,36.3942],[-5.64794,36.39324],[-5.64727,36.39329],[-5.64637,36.39404],[-5.64402,36.39391],[-5.64315,36.3945],[-5.642,36.39432],[-5.6404,36.3962],[-5.63977,36.39435],[-5.63896,36.39397],[-5.63762,36.39427],[-5.63717,36.39458],[-5.63549,36.39767],[-5.6353,36.39636],[-5.63553,36.39481],[-5.63535,36.39452],[-5.63278,36.3936],[-5.63218,36.39374],[-5.63148,36.39438],[-5.63137,36.39394],[-5.63252,36.3924],[-5.63273,36.39138],[-5.63301,36.39112],[-5.63334,36.39131],[-5.6332,36.39283],[-5.63659,36.39336],[-5.63873,36.3926],[-5.63907,36.39185],[-5.63997,36.39259],[-5.64187,36.39136],[-5.64245,36.39073],[-5.64398,36.39029],[-5.64476,36.39058],[-5.64577,36.38959],[-5.6456,36.38921],[-5.64574,36.38887],[-5.64693,36.38852],[-5.64758,36.38791],[-5.64719,36.38717],[-5.6458,36.38686],[-5.64633,36.38622],[-5.64745,36.38582],[-5.64723,36.38453],[-5.64771,36.38423],[-5.64831,36.38422],[-5.64919,36.38494],[-5.64925,36.38433],[-5.65014,36.3836],[-5.64909,36.38251],[-5.64972,36.38048],[-5.64969,36.37893],[-5.64839,36.37964],[-5.64838,36.38217],[-5.64775,36.38299],[-5.64713,36.38296],[-5.64631,36.3825],[-5.64652,36.38177],[-5.646,36.38115],[-5.64419,36.38103],[-5.64425,36.38065],[-5.64596,36.37906],[-5.64471,36.37884],[-5.64413,36.37814],[-5.64397,36.37724],[-5.64521,36.37772],[-5.64563,36.37745],[-5.64508,36.3768],[-5.64494,36.37593],[-5.64425,36.37471],[-5.64485,36.37366],[-5.64379,36.37285],[-5.6433,36.37333],[-5.64383,36.37386],[-5.64367,36.37429],[-5.64234,36.37391],[-5.64211,36.37455],[-5.6401,36.37494],[-5.63991,36.37719],[-5.63897,36.37637],[-5.63893,36.37694],[-5.63817,36.3773],[-5.6382,36.37806],[-5.63778,36.37865],[-5.6368,36.37701],[-5.63515,36.37727],[-5.63352,36.37914],[-5.63252,36.3799],[-5.63266,36.38083],[-5.63162,36.38174],[-5.63042,36.38222],[-5.63268,36.378],[-5.63252,36.37676],[-5.6343,36.37585],[-5.6345,36.37528],[-5.63492,36.37507],[-5.6356,36.37408],[-5.63709,36.37355],[-5.63804,36.3727],[-5.63838,36.37201],[-5.63777,36.37115],[-5.63853,36.37018],[-5.63815,36.36986],[-5.63697,36.37012],[-5.63665,36.36987],[-5.63678,36.36904],[-5.63749,36.36865],[-5.63766,36.368],[-5.63449,36.36768],[-5.6343,36.36799],[-5.63541,36.36874],[-5.63587,36.36944],[-5.63562,36.37024],[-5.63358,36.37087],[-5.63177,36.37063],[-5.63134,36.37034],[-5.63112,36.3698],[-5.63057,36.36966],[-5.62952,36.37039],[-5.62851,36.37073],[-5.62845,36.37042],[-5.62892,36.36958],[-5.62876,36.36898],[-5.62682,36.36841],[-5.62542,36.36828],[-5.62319,36.36745],[-5.62102,36.36727],[-5.62201,36.36653],[-5.62262,36.36644],[-5.62569,36.3671],[-5.62622,36.36676],[-5.62646,36.36563],[-5.62673,36.36542],[-5.62705,36.36573],[-5.62739,36.36692],[-5.62911,36.36769],[-5.63033,36.36763],[-5.6306,36.36735],[-5.63037,36.3666],[-5.63089,36.36606],[-5.63088,36.36558],[-5.63143,36.3652],[-5.63149,36.3646],[-5.63183,36.36421],[-5.63235,36.36426],[-5.63277,36.36399],[-5.63292,36.36329],[-5.63149,36.36157],[-5.62995,36.36094],[-5.63017,36.35991],[-5.62943,36.35951],[-5.62953,36.3588],[-5.62728,36.35718],[-5.62533,36.35663],[-5.6261,36.35618],[-5.62481,36.35392],[-5.62374,36.35325],[-5.62265,36.35324],[-5.62301,36.35271],[-5.62443,36.35218],[-5.62384,36.3512],[-5.62242,36.35059],[-5.62232,36.35007],[-5.62263,36.34921],[-5.62144,36.34894],[-5.62076,36.34782],[-5.62028,36.34753],[-5.61844,36.34745],[-5.61639,36.34587],[-5.61245,36.34618],[-5.6135,36.3455],[-5.61495,36.34522],[-5.61467,36.34414],[-5.61504,36.34409],[-5.61582,36.3445],[-5.6166,36.34313],[-5.61851,36.34343],[-5.61943,36.34257],[-5.61866,36.34165],[-5.61948,36.33824],[-5.61928,36.33716],[-5.61851,36.33659],[-5.61813,36.3358],[-5.61826,36.33398],[-5.61877,36.33439],[-5.61936,36.33584],[-5.62012,36.33666],[-5.62055,36.33818],[-5.6214,36.33982],[-5.62348,36.3409],[-5.62395,36.34073],[-5.62442,36.34006],[-5.62574,36.33593],[-5.62576,36.33456],[-5.62504,36.33308],[-5.62545,36.33255],[-5.62541,36.33218],[-5.62672,36.33247],[-5.62845,36.33396],[-5.62776,36.33503],[-5.62808,36.3354],[-5.62917,36.33543],[-5.63036,36.33497],[-5.63071,36.33364],[-5.63106,36.33374],[-5.63176,36.33464],[-5.6344,36.33601],[-5.6344,36.33627],[-5.63223,36.33618],[-5.63111,36.33748],[-5.63144,36.33812],[-5.63132,36.33857],[-5.62898,36.33956],[-5.62886,36.33975],[-5.62915,36.3401],[-5.63054,36.34068],[-5.6285,36.34104],[-5.62791,36.34137],[-5.62915,36.34234],[-5.62746,36.34436],[-5.62705,36.34654],[-5.62737,36.34745],[-5.62782,36.34741],[-5.62839,36.34645],[-5.62933,36.34623],[-5.63021,36.34663],[-5.63105,36.34782],[-5.63328,36.34904],[-5.63504,36.34841],[-5.63405,36.34965],[-5.63505,36.35078],[-5.63574,36.35109],[-5.63662,36.35042],[-5.63784,36.3503],[-5.6369,36.35146],[-5.63688,36.35208],[-5.6374,36.35279],[-5.6395,36.35355],[-5.64093,36.35301],[-5.64169,36.35304],[-5.64172,36.35356],[-5.64078,36.35448],[-5.64079,36.35486],[-5.64293,36.35583],[-5.64451,36.35549],[-5.64465,36.35645],[-5.64593,36.35654],[-5.64567,36.35716],[-5.64665,36.3574],[-5.64642,36.35805],[-5.64746,36.35998],[-5.64827,36.3601],[-5.6485,36.35929],[-5.64917,36.35911],[-5.64913,36.35843],[-5.64941,36.35816],[-5.64979,36.35836],[-5.65006,36.35915],[-5.65085,36.35971],[-5.65147,36.35984],[-5.65283,36.35957],[-5.65252,36.36087],[-5.65432,36.36215],[-5.65095,36.36186],[-5.65074,36.36199],[-5.65087,36.36214],[-5.65226,36.36267],[-5.65347,36.36349],[-5.65568,36.36403],[-5.6577,36.36501],[-5.65899,36.36528],[-5.6594,36.36563],[-5.65997,36.36686],[-5.66097,36.36648],[-5.66323,36.36653],[-5.66407,36.36677],[-5.66462,36.36639],[-5.66582,36.36683],[-5.66665,36.36666],[-5.66837,36.36694],[-5.66777,36.36609],[-5.66815,36.3659],[-5.6681,36.36565],[-5.6669,36.36569],[-5.66859,36.36441],[-5.6692,36.36504],[-5.67061,36.36529],[-5.67039,36.3659],[-5.67072,36.36657],[-5.67165,36.36645],[-5.67256,36.36671],[-5.67343,36.36648],[-5.67535,36.36681],[-5.67751,36.36803],[-5.67841,36.36782],[-5.67901,36.36796],[-5.67969,36.36761],[-5.68077,36.36801],[-5.68211,36.36782],[-5.68256,36.36702],[-5.68327,36.36731],[-5.68404,36.3673],[-5.68418,36.36701],[-5.68401,36.36657],[-5.68436,36.36641],[-5.6855,36.36691],[-5.68649,36.36695],[-5.68774,36.36627],[-5.69076,36.36599],[-5.69078,36.36569],[-5.69042,36.36532],[-5.68706,36.36459],[-5.68763,36.36343],[-5.68644,36.36393],[-5.68563,36.36361],[-5.68234,36.36367],[-5.68016,36.3647],[-5.68023,36.36354],[-5.67977,36.36316],[-5.67884,36.36291],[-5.67832,36.36307],[-5.6772,36.36436],[-5.6763,36.36422],[-5.67626,36.36354],[-5.67685,36.3625],[-5.67673,36.36222],[-5.67499,36.36172],[-5.67355,36.36254],[-5.67282,36.36223],[-5.6721,36.3614],[-5.67056,36.36091],[-5.67019,36.361],[-5.67038,36.36191],[-5.67012,36.36233],[-5.66923,36.36213],[-5.66867,36.36261],[-5.66758,36.36266],[-5.6674,36.3626],[-5.66751,36.36227],[-5.66862,36.36137],[-5.66867,36.361],[-5.6668,36.36061],[-5.66608,36.36068],[-5.6652,36.36118],[-5.66433,36.36272],[-5.66396,36.36296],[-5.66387,36.3608],[-5.663,36.36011],[-5.66291,36.35958],[-5.66624,36.35866],[-5.66691,36.35828],[-5.66543,36.35738],[-5.66239,36.35805],[-5.66191,36.35857],[-5.66164,36.35969],[-5.66057,36.35897],[-5.65952,36.3595],[-5.6595,36.35819],[-5.65919,36.35768],[-5.65762,36.35756],[-5.65835,36.35643],[-5.66019,36.35707],[-5.66151,36.35709],[-5.66246,36.35674],[-5.66313,36.35573],[-5.66416,36.35572],[-5.6642,36.3554],[-5.66319,36.35462],[-5.66269,36.3539],[-5.66105,36.35355],[-5.66024,36.35303],[-5.65953,36.35304],[-5.65897,36.35233],[-5.65824,36.35239],[-5.65776,36.35189],[-5.65782,36.35158],[-5.66039,36.35218],[-5.66324,36.35318],[-5.6649,36.35438],[-5.66553,36.35523],[-5.66644,36.35557],[-5.66694,36.35619],[-5.67128,36.35782],[-5.67188,36.35771],[-5.67227,36.35733],[-5.67229,36.35683],[-5.67133,36.35602],[-5.67137,36.35568],[-5.67336,36.35517],[-5.67407,36.35382],[-5.67307,36.35034],[-5.67281,36.34994],[-5.67121,36.34938],[-5.67045,36.3488],[-5.66955,36.34886],[-5.6687,36.34856],[-5.66873,36.34826],[-5.67066,36.34825],[-5.67222,36.34883],[-5.67369,36.3482],[-5.67379,36.34893],[-5.67419,36.34939],[-5.67555,36.35038],[-5.67704,36.35105],[-5.67595,36.35148],[-5.67569,36.35179],[-5.67581,36.35216],[-5.67703,36.35249],[-5.67802,36.35356],[-5.67878,36.35394],[-5.68064,36.35402],[-5.68258,36.35355],[-5.68395,36.35359],[-5.68621,36.35296],[-5.68709,36.35151],[-5.68709,36.35093],[-5.68663,36.34999],[-5.68657,36.34875],[-5.68686,36.3488],[-5.68741,36.35014],[-5.6878,36.35048],[-5.68843,36.3506],[-5.68847,36.35128],[-5.68889,36.35183],[-5.68851,36.35358],[-5.68857,36.35469],[-5.68933,36.35488],[-5.69137,36.35458],[-5.69132,36.35565],[-5.68998,36.35682],[-5.6887,36.35755],[-5.6864,36.35774],[-5.68494,36.35733],[-5.68321,36.35771],[-5.68301,36.35801],[-5.68534,36.3589],[-5.6866,36.35875],[-5.68873,36.35796],[-5.69028,36.35805],[-5.69225,36.3576],[-5.69298,36.35705],[-5.69357,36.35615],[-5.69455,36.35597],[-5.69593,36.35615],[-5.69649,36.3559],[-5.69666,36.35537],[-5.6975,36.35528],[-5.69775,36.35543],[-5.69727,36.35615],[-5.69769,36.35721],[-5.69753,36.35766],[-5.69638,36.35849],[-5.69556,36.35954],[-5.69439,36.35981],[-5.69367,36.36062],[-5.69192,36.36123],[-5.69184,36.36156],[-5.69353,36.3616],[-5.69392,36.36289],[-5.69489,36.36361],[-5.69644,36.36353],[-5.69709,36.36382],[-5.69796,36.36354],[-5.69865,36.36365],[-5.69877,36.36381],[-5.69836,36.36422],[-5.69833,36.36459],[-5.69935,36.36534],[-5.69952,36.36629],[-5.69995,36.36658],[-5.70052,36.36668],[-5.70133,36.3661],[-5.70293,36.36618],[-5.70401,36.36529],[-5.70494,36.36591],[-5.70779,36.36558],[-5.70808,36.36585],[-5.70646,36.36655],[-5.70572,36.36718],[-5.70555,36.36787],[-5.70656,36.36802],[-5.70797,36.36728],[-5.70881,36.36727],[-5.71202,36.36646],[-5.71267,36.36588],[-5.71256,36.36494],[-5.71337,36.36534],[-5.71489,36.36513],[-5.71574,36.36477],[-5.71703,36.36532],[-5.71762,36.36527],[-5.71974,36.36412],[-5.72055,36.36323],[-5.72054,36.36236],[-5.71969,36.36075],[-5.71959,36.36001],[-5.72084,36.35984],[-5.7217,36.35926],[-5.72243,36.35833],[-5.72291,36.35682],[-5.72665,36.3559],[-5.72662,36.35545],[-5.72588,36.35498],[-5.7256,36.3545],[-5.72582,36.35337],[-5.72567,36.35263],[-5.72678,36.35259],[-5.72826,36.35196],[-5.72853,36.34983],[-5.72887,36.34931],[-5.72975,36.34893],[-5.73054,36.34926],[-5.73094,36.34917],[-5.7314,36.34848],[-5.73132,36.3479],[-5.7317,36.34781],[-5.73242,36.34834],[-5.73339,36.35058],[-5.7342,36.35132],[-5.73447,36.35145],[-5.73471,36.35128],[-5.73436,36.34971],[-5.73398,36.34929],[-5.73355,36.34922],[-5.73336,36.34884],[-5.73307,36.34763],[-5.73316,36.34604],[-5.73198,36.34548],[-5.73157,36.34435],[-5.73175,36.34403],[-5.73323,36.34388],[-5.73354,36.34348],[-5.73346,36.34272],[-5.73276,36.3423],[-5.73256,36.34154],[-5.7319,36.34119],[-5.73178,36.3408],[-5.73198,36.34037],[-5.73254,36.34019],[-5.73269,36.33965],[-5.7312,36.33933],[-5.73071,36.33811],[-5.73079,36.3378],[-5.73274,36.33833],[-5.73469,36.3393],[-5.73452,36.33856],[-5.7352,36.33808],[-5.73471,36.33767],[-5.73474,36.33649],[-5.73528,36.33667],[-5.73569,36.33731],[-5.73589,36.33632],[-5.73689,36.3372],[-5.73835,36.3369],[-5.73823,36.33753],[-5.737,36.3384],[-5.73725,36.33907],[-5.73808,36.33979],[-5.73891,36.34016],[-5.73973,36.34013],[-5.74094,36.3405],[-5.74154,36.34027],[-5.74176,36.33976],[-5.74216,36.33974],[-5.74208,36.34063],[-5.74227,36.34113],[-5.74193,36.34146],[-5.74098,36.34135],[-5.74084,36.34215],[-5.73914,36.34122],[-5.73775,36.34137],[-5.73737,36.34192],[-5.73687,36.3445],[-5.73706,36.34488],[-5.73787,36.3449],[-5.73835,36.34529],[-5.73944,36.34513],[-5.74193,36.34672],[-5.74157,36.34871],[-5.74282,36.34944],[-5.74348,36.34928],[-5.74378,36.34872],[-5.74361,36.34775],[-5.74391,36.34723],[-5.74444,36.34693],[-5.74619,36.34697],[-5.74675,36.3477],[-5.74728,36.34794],[-5.75121,36.34754],[-5.75267,36.34686],[-5.75358,36.34738],[-5.75513,36.34714],[-5.75531,36.34684],[-5.75497,36.34618],[-5.7563,36.34567],[-5.75659,36.34533],[-5.75645,36.34391],[-5.75596,36.34302],[-5.75485,36.34258],[-5.75436,36.34261],[-5.75376,36.34323],[-5.75283,36.34356],[-5.75202,36.34294],[-5.75177,36.34364],[-5.75134,36.34281],[-5.75033,36.34239],[-5.74948,36.34257],[-5.74818,36.34186],[-5.74903,36.34178],[-5.74968,36.34204],[-5.75031,36.3417],[-5.75237,36.34207],[-5.75372,36.3417],[-5.75373,36.34103],[-5.75421,36.34091],[-5.75443,36.34058],[-5.75409,36.33975],[-5.75398,36.33787],[-5.75356,36.33721],[-5.75246,36.33713],[-5.75234,36.33676],[-5.75262,36.3364],[-5.7526,36.33591],[-5.75176,36.33429],[-5.75013,36.33369],[-5.74958,36.33276],[-5.74678,36.33169],[-5.74525,36.33142],[-5.7455,36.33087],[-5.74647,36.33004],[-5.74812,36.32922],[-5.7475,36.327],[-5.74692,36.32634],[-5.74652,36.32539],[-5.74521,36.32488],[-5.74547,36.32366],[-5.74499,36.32294],[-5.74346,36.32233],[-5.74055,36.32211],[-5.73962,36.3218],[-5.73914,36.3211],[-5.73882,36.31981],[-5.73796,36.31907],[-5.73731,36.319],[-5.73733,36.31801],[-5.73542,36.31734],[-5.73376,36.31544],[-5.73313,36.3155],[-5.73264,36.31588],[-5.73233,36.31642],[-5.73221,36.31771],[-5.73188,36.31815],[-5.7315,36.31734],[-5.73155,36.31686],[-5.7324,36.31521],[-5.73173,36.31458],[-5.73024,36.3144],[-5.73,36.3146],[-5.73028,36.31496],[-5.72933,36.31593],[-5.72738,36.31605],[-5.72599,36.31652],[-5.72571,36.31588],[-5.72528,36.31553],[-5.72276,36.31491],[-5.7218,36.31411],[-5.72064,36.31366],[-5.72094,36.31229],[-5.72074,36.31189],[-5.72017,36.31178],[-5.7189,36.31246],[-5.71869,36.31236],[-5.71818,36.30981],[-5.71539,36.30827],[-5.71511,36.30706],[-5.7135,36.30699],[-5.71236,36.30886],[-5.7115,36.30925],[-5.7105,36.30886],[-5.71014,36.30916],[-5.71046,36.31008],[-5.71031,36.31164],[-5.70958,36.31247],[-5.70966,36.31409],[-5.70915,36.31487],[-5.70897,36.31571],[-5.70845,36.31634],[-5.70815,36.31751],[-5.70825,36.3184],[-5.70901,36.31971],[-5.71133,36.32139],[-5.71015,36.32245],[-5.71129,36.32402],[-5.71152,36.32498],[-5.71103,36.32598],[-5.71012,36.32678],[-5.71009,36.32449],[-5.70894,36.32384],[-5.70841,36.3221],[-5.7054,36.31868],[-5.70469,36.31724],[-5.70296,36.31697],[-5.70054,36.31733],[-5.69765,36.31735],[-5.69726,36.31772],[-5.69712,36.31848],[-5.69662,36.31922],[-5.69568,36.31953],[-5.69239,36.31898],[-5.69014,36.31932],[-5.68908,36.31904],[-5.68859,36.31762],[-5.68743,36.3159],[-5.69032,36.31801],[-5.69423,36.31754],[-5.69607,36.31633],[-5.69846,36.31542],[-5.70045,36.31328],[-5.70088,36.31225],[-5.70251,36.31097],[-5.70246,36.31018],[-5.69947,36.30694],[-5.69774,36.30635],[-5.69701,36.30541],[-5.695,36.30499],[-5.69406,36.30416],[-5.69177,36.30339],[-5.69094,36.30285],[-5.6956,36.3032],[-5.69589,36.30304],[-5.69584,36.30254],[-5.69615,36.30243],[-5.69829,36.30335],[-5.69918,36.30275],[-5.70006,36.30257],[-5.70102,36.30189],[-5.70152,36.30096],[-5.7034,36.30025],[-5.70371,36.29981],[-5.70376,36.29946],[-5.7028,36.29751],[-5.7041,36.29426],[-5.70306,36.29293],[-5.70383,36.29137],[-5.70343,36.29088],[-5.70469,36.29033],[-5.70575,36.29056],[-5.70595,36.28987],[-5.70687,36.28913],[-5.70703,36.28866],[-5.7063,36.28797],[-5.70626,36.28762],[-5.70657,36.2869],[-5.70646,36.28605],[-5.70721,36.28489],[-5.70619,36.28407],[-5.70481,36.28353],[-5.70445,36.2823],[-5.70322,36.28177],[-5.70314,36.2814],[-5.70349,36.28099],[-5.70356,36.2804],[-5.70153,36.27865],[-5.70161,36.27651],[-5.70286,36.27557],[-5.70291,36.27589],[-5.70195,36.27706],[-5.70244,36.27799],[-5.70337,36.27862],[-5.70558,36.27805],[-5.7058,36.27838],[-5.70554,36.27878],[-5.70603,36.27901],[-5.70698,36.27886],[-5.70712,36.27812],[-5.70758,36.27774],[-5.70854,36.27763],[-5.70861,36.27678],[-5.70896,36.27642],[-5.71148,36.27626],[-5.71076,36.27687],[-5.70947,36.27703],[-5.70923,36.27841],[-5.70822,36.27902],[-5.70828,36.28083],[-5.70895,36.28204],[-5.7099,36.28308],[-5.70937,36.28372],[-5.70927,36.28422],[-5.71008,36.28706],[-5.71038,36.2875],[-5.71163,36.28788],[-5.7123,36.28882],[-5.71247,36.2897],[-5.71323,36.29083],[-5.71322,36.29238],[-5.71428,36.29342],[-5.7156,36.29599],[-5.71702,36.29508],[-5.7168,36.29377],[-5.71688,36.29236],[-5.71812,36.29188],[-5.7178,36.29252],[-5.71806,36.29378],[-5.71903,36.29533],[-5.71839,36.29586],[-5.71809,36.29715],[-5.71746,36.29809],[-5.71997,36.29957],[-5.72091,36.30138],[-5.72196,36.30236],[-5.72327,36.30255],[-5.72376,36.30158],[-5.72539,36.3018],[-5.7265,36.30136],[-5.72708,36.30146],[-5.72723,36.30193],[-5.72777,36.30209],[-5.72904,36.30195],[-5.72979,36.30148],[-5.73175,36.30147],[-5.73286,36.30172],[-5.73313,36.29896],[-5.7326,36.29756],[-5.73264,36.29639],[-5.73298,36.29652],[-5.73329,36.29725],[-5.73442,36.29803],[-5.7364,36.29798],[-5.73713,36.29845],[-5.73813,36.29829],[-5.73859,36.29775],[-5.74002,36.29723],[-5.74043,36.29651],[-5.74194,36.29631],[-5.74205,36.29613],[-5.74196,36.29562],[-5.74106,36.29455],[-5.74072,36.29369],[-5.74154,36.29331],[-5.74333,36.29354],[-5.74398,36.29335],[-5.74371,36.29151],[-5.74312,36.29133],[-5.7421,36.28995],[-5.7414,36.2895],[-5.74062,36.28936],[-5.73833,36.28978],[-5.737,36.28969],[-5.7363,36.28934],[-5.73643,36.28905],[-5.73788,36.28868],[-5.73845,36.28793],[-5.7384,36.28766],[-5.7378,36.28704],[-5.73469,36.28499],[-5.73413,36.28379],[-5.73199,36.28293],[-5.7322,36.28197],[-5.73184,36.28159],[-5.73174,36.28071],[-5.73081,36.28026],[-5.73065,36.27945],[-5.72963,36.27837],[-5.7282,36.27783],[-5.72799,36.27641],[-5.7268,36.27526],[-5.72657,36.27495],[-5.72678,36.27487],[-5.72936,36.27607],[-5.72988,36.27611],[-5.7304,36.27709],[-5.73262,36.27745],[-5.73305,36.27808],[-5.73422,36.27841],[-5.7343,36.27894],[-5.73645,36.27995],[-5.73692,36.27999],[-5.73765,36.27958],[-5.73805,36.28015],[-5.73744,36.28075],[-5.73817,36.28115],[-5.73878,36.28117],[-5.73891,36.28161],[-5.73933,36.28182],[-5.7394,36.2826],[-5.73968,36.28299],[-5.74011,36.28324],[-5.74124,36.28323],[-5.74168,36.2844],[-5.74259,36.28452],[-5.74327,36.28495],[-5.7447,36.28488],[-5.74486,36.28558],[-5.7458,36.28582],[-5.74609,36.28678],[-5.74696,36.28679],[-5.74821,36.28621],[-5.74829,36.28803],[-5.75026,36.28837],[-5.75019,36.28937],[-5.75127,36.28944],[-5.75143,36.28997],[-5.75226,36.29005],[-5.7524,36.29113],[-5.75613,36.29103],[-5.75823,36.29278],[-5.76049,36.29338],[-5.7614,36.2946],[-5.76278,36.2954],[-5.76336,36.29664],[-5.76493,36.29837],[-5.76587,36.29902],[-5.76653,36.29923],[-5.76708,36.2991],[-5.76739,36.29749],[-5.76596,36.29701],[-5.76383,36.29579],[-5.76348,36.29532],[-5.76607,36.29557],[-5.76614,36.29508],[-5.76587,36.29461],[-5.76607,36.2944],[-5.76798,36.29528],[-5.76909,36.29527],[-5.76956,36.29487],[-5.76932,36.29435],[-5.76806,36.29338],[-5.76752,36.29194],[-5.76691,36.2917],[-5.76649,36.29063],[-5.76555,36.2906],[-5.7656,36.28974],[-5.76537,36.28938],[-5.76203,36.28966],[-5.76054,36.29008],[-5.75971,36.28985],[-5.76133,36.28937],[-5.76162,36.28871],[-5.763,36.2885],[-5.7639,36.28804],[-5.76363,36.28705],[-5.76382,36.28625],[-5.76367,36.28582],[-5.76084,36.28564],[-5.76251,36.28466],[-5.76212,36.28361],[-5.75917,36.28064],[-5.75684,36.2792],[-5.75637,36.27931],[-5.75613,36.27989],[-5.75525,36.27976],[-5.75245,36.28038],[-5.75249,36.2801],[-5.75384,36.27946],[-5.75397,36.27897],[-5.75379,36.27822],[-5.75453,36.27812],[-5.75469,36.27753],[-5.75264,36.27554],[-5.75243,36.27452],[-5.7515,36.27356],[-5.75027,36.27283],[-5.75063,36.27209],[-5.7497,36.27115],[-5.74971,36.27042],[-5.74903,36.26977],[-5.74809,36.26977],[-5.74852,36.26924],[-5.7478,36.26857],[-5.74782,36.26784],[-5.74596,36.26638],[-5.74246,36.26418],[-5.74096,36.26418],[-5.74156,36.26332],[-5.74151,36.26226],[-5.74361,36.26226],[-5.74673,36.26318],[-5.74769,36.2629],[-5.74798,36.26247],[-5.74776,36.26217],[-5.74641,36.26167],[-5.7451,36.26156],[-5.74413,36.26036],[-5.74514,36.25982],[-5.74682,36.26002],[-5.74716,36.2595],[-5.74786,36.25944],[-5.74786,36.25896],[-5.74666,36.25864],[-5.74539,36.25894],[-5.74404,36.25836],[-5.74303,36.25907],[-5.74253,36.25881],[-5.74227,36.25797],[-5.74141,36.25714],[-5.74111,36.2572],[-5.74095,36.25781],[-5.74037,36.25792],[-5.73831,36.25659],[-5.73778,36.25647],[-5.73779,36.25698],[-5.73942,36.25873],[-5.73967,36.25992],[-5.73932,36.26],[-5.73501,36.25741],[-5.73387,36.25713],[-5.7328,36.25653],[-5.73124,36.25718],[-5.73121,36.25671],[-5.73159,36.2562],[-5.7314,36.2559],[-5.73068,36.25604],[-5.73028,36.25557],[-5.72953,36.2553],[-5.72717,36.25479],[-5.72619,36.25495],[-5.72422,36.25365],[-5.72279,36.25398],[-5.72243,36.25385],[-5.7235,36.25311],[-5.72434,36.25193],[-5.72653,36.25152],[-5.7268,36.25079],[-5.72668,36.24921],[-5.72792,36.25039],[-5.72874,36.25068],[-5.72975,36.2506],[-5.72975,36.25096],[-5.72935,36.2514],[-5.72961,36.25173],[-5.73021,36.25202],[-5.732,36.25218],[-5.73205,36.25256],[-5.73163,36.25293],[-5.73189,36.25314],[-5.73573,36.25355],[-5.7376,36.25411],[-5.7383,36.2538],[-5.73768,36.2534],[-5.73432,36.25272],[-5.7338,36.2524],[-5.73351,36.25057],[-5.73538,36.24889],[-5.73369,36.24887],[-5.73319,36.24866],[-5.73522,36.24784],[-5.73705,36.24812],[-5.73705,36.24777],[-5.73761,36.24738],[-5.73786,36.24668],[-5.73867,36.24624],[-5.73873,36.24546],[-5.7383,36.24528],[-5.73766,36.24542],[-5.73698,36.24653],[-5.7359,36.24597],[-5.73445,36.2463],[-5.73215,36.24541],[-5.73188,36.24491],[-5.73023,36.24391],[-5.73001,36.24349],[-5.73328,36.2441],[-5.73502,36.244],[-5.73585,36.2436],[-5.73568,36.24297],[-5.7343,36.24247],[-5.73391,36.24148],[-5.73239,36.24039],[-5.73189,36.23975],[-5.73102,36.23948],[-5.73042,36.24002],[-5.72865,36.24],[-5.72854,36.24081],[-5.72784,36.24091],[-5.72684,36.24048],[-5.72688,36.24001],[-5.72617,36.23975],[-5.72576,36.23909],[-5.72479,36.23857],[-5.72454,36.2394],[-5.72396,36.24011],[-5.72275,36.24074],[-5.72231,36.24223],[-5.72178,36.24279],[-5.72181,36.24125],[-5.72065,36.24034],[-5.72248,36.24008],[-5.7231,36.23977],[-5.72384,36.23709],[-5.72465,36.23703],[-5.72722,36.23841],[-5.72826,36.23852],[-5.72903,36.23807],[-5.72881,36.23733],[-5.72678,36.23603],[-5.72537,36.23332],[-5.72356,36.23239],[-5.71944,36.23139],[-5.71976,36.23054],[-5.71927,36.22985],[-5.71559,36.22725],[-5.71444,36.22699],[-5.71318,36.22723],[-5.7126,36.22756],[-5.71193,36.22872],[-5.71127,36.22893],[-5.71207,36.22598],[-5.71203,36.22508],[-5.71175,36.22452],[-5.70983,36.22336],[-5.70966,36.22286],[-5.70888,36.22251],[-5.70774,36.22138],[-5.70478,36.22018],[-5.70479,36.21901],[-5.70392,36.21735],[-5.70386,36.21662],[-5.70216,36.21552],[-5.70164,36.21421],[-5.70017,36.21321],[-5.69863,36.21314],[-5.69458,36.21239],[-5.69313,36.21328],[-5.69075,36.213],[-5.69023,36.21345],[-5.68931,36.2132],[-5.68894,36.21344],[-5.68859,36.21523],[-5.6877,36.21569],[-5.68612,36.21399],[-5.68473,36.21415],[-5.68301,36.21349],[-5.68089,36.21331],[-5.68049,36.21352],[-5.67922,36.21565],[-5.6777,36.21627],[-5.67933,36.21467],[-5.67983,36.21342],[-5.67965,36.21209],[-5.68178,36.21289],[-5.68535,36.21321],[-5.68596,36.21306],[-5.68659,36.21222],[-5.68741,36.21203],[-5.68762,36.21164],[-5.69027,36.21163],[-5.69161,36.21187],[-5.6933,36.21098],[-5.69406,36.21122],[-5.69479,36.20728],[-5.69428,36.20554],[-5.69345,36.20466],[-5.69326,36.20395],[-5.69389,36.20233],[-5.69386,36.20137],[-5.69362,36.20097],[-5.69438,36.19987],[-5.69377,36.19932],[-5.69304,36.19788],[-5.69177,36.19736],[-5.69127,36.19658],[-5.68985,36.19555],[-5.68915,36.19446],[-5.68893,36.19367],[-5.68889,36.19262],[-5.68938,36.19195],[-5.68925,36.19094],[-5.68774,36.18961],[-5.6864,36.18757],[-5.68492,36.18689],[-5.68385,36.18672],[-5.68298,36.18616],[-5.68175,36.186],[-5.68091,36.18495],[-5.67886,36.1839],[-5.6777,36.18427],[-5.67701,36.18414],[-5.67611,36.18301],[-5.67535,36.18257],[-5.6732,36.18253],[-5.66997,36.18319],[-5.6678,36.18523],[-5.66724,36.18671],[-5.66627,36.18706],[-5.66501,36.18966],[-5.66514,36.19019],[-5.6658,36.19078],[-5.66519,36.19136],[-5.66508,36.19246],[-5.66565,36.19407],[-5.66568,36.19541],[-5.66387,36.19453],[-5.66377,36.19336],[-5.66262,36.19089],[-5.66059,36.18993],[-5.65779,36.18913],[-5.65778,36.18881],[-5.65957,36.18902],[-5.66106,36.18843],[-5.66234,36.1884],[-5.66276,36.18815],[-5.66159,36.18736],[-5.66192,36.18613],[-5.66151,36.18511],[-5.66205,36.18387],[-5.66095,36.18271],[-5.6614,36.18168],[-5.66122,36.18045],[-5.66062,36.17986],[-5.65974,36.17973],[-5.65988,36.17914],[-5.65955,36.17877],[-5.65947,36.17805],[-5.66036,36.17748],[-5.65963,36.17686],[-5.65945,36.17506],[-5.65783,36.1748],[-5.65785,36.17424],[-5.65714,36.17378],[-5.65589,36.17166],[-5.65411,36.17148],[-5.65324,36.17092],[-5.65173,36.17122],[-5.65207,36.16998],[-5.65134,36.16799],[-5.6498,36.16738],[-5.64839,36.16729],[-5.64859,36.16656],[-5.6484,36.16578],[-5.64664,36.16486],[-5.64627,36.16436],[-5.64512,36.16394],[-5.64441,36.16395],[-5.64402,36.16408],[-5.64364,36.16489],[-5.64263,36.16489],[-5.64307,36.16444],[-5.64293,36.16404],[-5.64184,36.16179],[-5.64069,36.16048],[-5.64143,36.1593],[-5.64248,36.15875],[-5.64479,36.15836],[-5.64646,36.15846],[-5.64878,36.1601],[-5.64941,36.16101],[-5.65111,36.1612],[-5.65222,36.16213],[-5.65339,36.16232],[-5.65381,36.16205],[-5.65411,36.1614],[-5.65534,36.16113],[-5.65573,36.1608],[-5.65529,36.15949],[-5.65619,36.15757],[-5.65641,36.1565],[-5.65593,36.1555],[-5.6511,36.15372],[-5.65058,36.15397],[-5.64969,36.15525],[-5.64723,36.15552],[-5.64746,36.15682],[-5.6474,36.1576],[-5.64717,36.15789],[-5.64342,36.15779],[-5.63905,36.15812],[-5.63763,36.15854],[-5.6356,36.15871],[-5.63683,36.1578],[-5.6375,36.15625],[-5.63752,36.15565],[-5.63638,36.15437],[-5.6357,36.15428],[-5.63471,36.15452],[-5.63419,36.15435],[-5.6347,36.15266],[-5.63313,36.15101],[-5.63597,36.1517],[-5.638,36.15364],[-5.63875,36.15399],[-5.64262,36.15348],[-5.64559,36.15416],[-5.64743,36.15391],[-5.64919,36.15334],[-5.65039,36.15225],[-5.65216,36.15143],[-5.65275,36.15073],[-5.65252,36.14911],[-5.65319,36.14806],[-5.65373,36.14455],[-5.65275,36.14285],[-5.65193,36.14251],[-5.65126,36.1417],[-5.65161,36.14096],[-5.65214,36.14071],[-5.65222,36.14027],[-5.65144,36.1394],[-5.65098,36.13843],[-5.65121,36.13753],[-5.6503,36.13706],[-5.65092,36.13615],[-5.65097,36.13527],[-5.65063,36.13403],[-5.64998,36.13334],[-5.65108,36.13376],[-5.65213,36.13492],[-5.65313,36.13521],[-5.65383,36.13713],[-5.65423,36.13749],[-5.65488,36.13721],[-5.65523,36.1358],[-5.65558,36.13656],[-5.65609,36.13684],[-5.65773,36.13626],[-5.65919,36.13761],[-5.6595,36.13929],[-5.65995,36.13993],[-5.66223,36.14106],[-5.66314,36.14096],[-5.66466,36.13909],[-5.66558,36.13897],[-5.66638,36.13856],[-5.66738,36.13972],[-5.66814,36.13933],[-5.66832,36.14074],[-5.6686,36.14116],[-5.67211,36.1409],[-5.67159,36.14253],[-5.67167,36.14315],[-5.67435,36.14307],[-5.67627,36.14228],[-5.67529,36.14472],[-5.67557,36.14572],[-5.67635,36.14621],[-5.67782,36.14635],[-5.67883,36.14615],[-5.68014,36.14446],[-5.68088,36.14528],[-5.68178,36.14543],[-5.68265,36.14618],[-5.68316,36.14604],[-5.68335,36.14515],[-5.68452,36.146],[-5.68508,36.14596],[-5.6854,36.14536],[-5.68679,36.14604],[-5.68858,36.14554],[-5.68978,36.14615],[-5.69119,36.14608],[-5.69298,36.14777],[-5.69435,36.14801],[-5.69521,36.14778],[-5.69546,36.14751],[-5.69538,36.14702],[-5.69452,36.14626],[-5.69268,36.1454],[-5.69232,36.14502],[-5.69236,36.14461],[-5.69291,36.14444],[-5.69471,36.14482],[-5.6956,36.14425],[-5.69672,36.1444],[-5.69768,36.14392],[-5.69917,36.14376],[-5.70008,36.14328],[-5.70088,36.14235],[-5.70153,36.14101],[-5.70382,36.13987],[-5.70493,36.13894],[-5.70599,36.13689],[-5.7061,36.13531],[-5.70743,36.13396],[-5.70745,36.13304],[-5.70675,36.13257],[-5.70508,36.13276],[-5.70398,36.13339],[-5.70366,36.13124],[-5.70513,36.12916],[-5.70547,36.12767],[-5.70529,36.12661],[-5.70348,36.12655],[-5.70147,36.12587],[-5.69946,36.12634],[-5.69798,36.12608],[-5.69764,36.12579],[-5.69721,36.12449],[-5.69658,36.1242],[-5.69625,36.1234],[-5.69632,36.12206],[-5.69682,36.12152],[-5.69687,36.12103],[-5.69602,36.12045],[-5.69559,36.11966],[-5.69694,36.11862],[-5.69712,36.11804],[-5.69846,36.11726],[-5.69916,36.11653],[-5.69945,36.11572],[-5.69908,36.11503],[-5.69556,36.11358],[-5.69631,36.11261],[-5.69537,36.11252],[-5.69462,36.11197],[-5.69448,36.11068],[-5.69322,36.1087],[-5.69319,36.10706],[-5.69506,36.10554],[-5.69518,36.104],[-5.69375,36.10148],[-5.693,36.10069],[-5.6907,36.10015],[-5.69068,36.0994],[-5.69017,36.09856],[-5.69106,36.09783],[-5.69127,36.09736],[-5.69104,36.09709],[-5.68963,36.09698],[-5.69188,36.09553],[-5.69221,36.09488],[-5.69208,36.09427],[-5.69164,36.0939],[-5.69051,36.09365],[-5.68805,36.09164],[-5.68753,36.09096],[-5.68653,36.09049],[-5.68377,36.09176],[-5.68268,36.09171],[-5.68222,36.09239],[-5.68191,36.09249],[-5.68158,36.09142],[-5.6824,36.09074],[-5.68237,36.0901],[-5.6829,36.08935],[-5.68284,36.0887],[-5.68208,36.0883],[-5.68212,36.0872],[-5.68167,36.08661],[-5.67836,36.08727],[-5.67736,36.0872],[-5.67596,36.08763],[-5.67639,36.08711],[-5.67642,36.0865],[-5.67739,36.0856],[-5.67748,36.08507],[-5.67836,36.08372],[-5.67807,36.0815],[-5.67757,36.08043],[-5.67819,36.07944],[-5.67784,36.07914],[-5.67672,36.07913],[-5.67537,36.07828],[-5.67495,36.07786],[-5.67445,36.07653],[-5.67223,36.07557],[-5.67424,36.0737],[-5.67442,36.07306],[-5.67429,36.07192],[-5.67225,36.06985],[-5.66947,36.06589],[-5.66892,36.0656],[-5.66723,36.06614],[-5.66511,36.06502],[-5.66324,36.06193],[-5.66126,36.06033],[-5.66052,36.05897],[-5.65979,36.05894],[-5.65806,36.06055],[-5.65646,36.06109],[-5.65554,36.06167],[-5.65413,36.06343],[-5.65279,36.06435],[-5.6523,36.06542],[-5.64913,36.06852],[-5.64824,36.06999],[-5.64883,36.07088],[-5.64825,36.0729],[-5.64572,36.0731],[-5.64477,36.07355],[-5.64469,36.07538],[-5.64256,36.07727],[-5.64183,36.07823],[-5.64276,36.0807],[-5.64173,36.08286],[-5.63968,36.08435],[-5.63908,36.08444],[-5.63836,36.08421],[-5.63755,36.08443],[-5.63692,36.08402],[-5.63643,36.08418],[-5.63602,36.08473],[-5.63615,36.08518],[-5.63824,36.08509],[-5.63831,36.08554],[-5.6377,36.08717],[-5.63932,36.08897],[-5.63837,36.08896],[-5.63622,36.09016],[-5.63704,36.09116],[-5.63689,36.09214],[-5.63775,36.09286],[-5.63735,36.09346],[-5.63727,36.09424],[-5.63646,36.09505],[-5.63628,36.09582],[-5.63489,36.09516],[-5.63409,36.0956],[-5.63424,36.09627],[-5.63568,36.09749],[-5.63561,36.09899],[-5.63459,36.10026],[-5.63448,36.10075],[-5.63482,36.10108],[-5.63591,36.10136],[-5.63647,36.10424],[-5.63582,36.10626],[-5.63461,36.10717],[-5.63459,36.10798],[-5.634,36.1088],[-5.63403,36.10962],[-5.63461,36.11079],[-5.63663,36.11242],[-5.63825,36.11448],[-5.64102,36.11545],[-5.64011,36.11625],[-5.64169,36.11684],[-5.64068,36.1173],[-5.64021,36.11781],[-5.6398,36.11992],[-5.6389,36.11895],[-5.6372,36.11931],[-5.63822,36.11778],[-5.63831,36.11702],[-5.63785,36.11687],[-5.6355,36.11753],[-5.63479,36.11744],[-5.63457,36.1173],[-5.6345,36.11634],[-5.63394,36.11539],[-5.63276,36.11455],[-5.63209,36.11291],[-5.63063,36.11123],[-5.62993,36.11078],[-5.629,36.11098],[-5.62879,36.11048],[-5.62577,36.10907],[-5.6252,36.10899],[-5.62413,36.10937],[-5.6241,36.10854],[-5.6249,36.10789],[-5.6256,36.10687],[-5.62689,36.10616],[-5.62744,36.10543],[-5.62739,36.10458],[-5.62654,36.10372],[-5.62337,36.10225],[-5.62242,36.10252],[-5.62089,36.10357],[-5.61835,36.10148],[-5.6184,36.10051],[-5.61807,36.10008],[-5.61623,36.10058],[-5.61701,36.09857],[-5.61602,36.09792],[-5.61529,36.09784],[-5.61166,36.09972],[-5.61075,36.09962],[-5.61128,36.09519],[-5.61115,36.09431],[-5.61076,36.09384],[-5.61014,36.09371],[-5.60898,36.09465],[-5.60752,36.09504],[-5.60658,36.09499],[-5.60554,36.09559],[-5.6044,36.09469],[-5.60266,36.09464],[-5.60197,36.09507],[-5.60068,36.09502],[-5.60002,36.09463],[-5.59914,36.09326],[-5.59551,36.09443],[-5.59465,36.09515],[-5.59451,36.09498],[-5.59527,36.09345],[-5.59526,36.09294],[-5.59378,36.09187],[-5.59344,36.0913],[-5.5936,36.09118],[-5.59435,36.09106],[-5.59654,36.09136],[-5.59762,36.09068],[-5.59908,36.09028],[-5.60056,36.08954],[-5.60188,36.08978],[-5.60513,36.08811],[-5.60583,36.08631],[-5.60545,36.08499],[-5.60535,36.08249],[-5.60558,36.082],[-5.60743,36.08026],[-5.60799,36.07927],[-5.60786,36.07885],[-5.60672,36.07819],[-5.60714,36.07697],[-5.60682,36.0762],[-5.60542,36.07506],[-5.6058,36.07354],[-5.60543,36.07281],[-5.60431,36.07229],[-5.6001,36.07239],[-5.59983,36.07184],[-5.60031,36.07002],[-5.59948,36.06901],[-5.59704,36.06831],[-5.59577,36.06886],[-5.5954,36.06882],[-5.5948,36.06834],[-5.59522,36.06734],[-5.59367,36.06699],[-5.59322,36.06608],[-5.59259,36.06549],[-5.59088,36.06507],[-5.58931,36.06509],[-5.59016,36.06374],[-5.59062,36.06354],[-5.59278,36.06358],[-5.59444,36.06403],[-5.59571,36.06398],[-5.59688,36.06487],[-5.59726,36.06475],[-5.59746,36.0642],[-5.59782,36.06396],[-5.59935,36.06457],[-5.59996,36.06447],[-5.60016,36.06409],[-5.59982,36.06368],[-5.59803,36.06316],[-5.59698,36.06249],[-5.59616,36.06116],[-5.59584,36.05985],[-5.59768,36.05865],[-5.59909,36.05714],[-5.59947,36.05648],[-5.59959,36.05562],[-5.6003,36.05481],[-5.60142,36.05409],[-5.60276,36.05361],[-5.60337,36.05304],[-5.60358,36.05246],[-5.60355,36.05104],[-5.60271,36.05028],[-5.60191,36.04899],[-5.60125,36.0472],[-5.60028,36.04656],[-5.59993,36.0456],[-5.59853,36.04397],[-5.59673,36.0433],[-5.59605,36.04268],[-5.59582,36.04023],[-5.59629,36.03892],[-5.59451,36.03959],[-5.59412,36.04036],[-5.59449,36.04174],[-5.59532,36.04262],[-5.59624,36.04431],[-5.59679,36.04598],[-5.59717,36.04821],[-5.59831,36.04958],[-5.59805,36.04993],[-5.59696,36.05062],[-5.59657,36.05063],[-5.5962,36.0488],[-5.59487,36.04683],[-5.59306,36.04589],[-5.59285,36.0447],[-5.5917,36.04383],[-5.59079,36.04347],[-5.59041,36.04281],[-5.58994,36.04287],[-5.5872,36.04442],[-5.58639,36.04465],[-5.58555,36.04453],[-5.58477,36.04514],[-5.58414,36.04455],[-5.58196,36.04477],[-5.57959,36.04277],[-5.57711,36.04298],[-5.57674,36.04342],[-5.57662,36.04427],[-5.57703,36.04584],[-5.57896,36.04763],[-5.5808,36.04889],[-5.57914,36.04998],[-5.57871,36.05084],[-5.58021,36.05478],[-5.57997,36.05494],[-5.57889,36.05432],[-5.57722,36.05247],[-5.57691,36.05174],[-5.57647,36.05146],[-5.57526,36.05289],[-5.57506,36.05542],[-5.57429,36.05726],[-5.57228,36.05791],[-5.57063,36.05789],[-5.56952,36.05752],[-5.56894,36.05964],[-5.56913,36.06081],[-5.56852,36.06026],[-5.56826,36.05918],[-5.56836,36.05731],[-5.56948,36.05652],[-5.57129,36.05664],[-5.5718,36.05639],[-5.57209,36.05496],[-5.57303,36.05435],[-5.57323,36.05268],[-5.57403,36.05158],[-5.57416,36.05102],[-5.57398,36.05067],[-5.57296,36.05033],[-5.57407,36.04956],[-5.57283,36.04898],[-5.57334,36.04819],[-5.57182,36.04753],[-5.57233,36.04654],[-5.57202,36.04476],[-5.57145,36.04443],[-5.57025,36.04423],[-5.56893,36.04493],[-5.5683,36.04501],[-5.56808,36.04472],[-5.56847,36.04374],[-5.56778,36.04312],[-5.56795,36.04239],[-5.57068,36.04239],[-5.57193,36.04044],[-5.57548,36.03829],[-5.57635,36.03863],[-5.5772,36.03989],[-5.57772,36.03973],[-5.5784,36.0388],[-5.57951,36.03864],[-5.58094,36.03907],[-5.58154,36.03998],[-5.58237,36.0403],[-5.5827,36.04011],[-5.58346,36.03873],[-5.58474,36.03863],[-5.58724,36.03711],[-5.58909,36.03665],[-5.58965,36.03622],[-5.58954,36.03546],[-5.58806,36.03443],[-5.58739,36.03435],[-5.58717,36.03394],[-5.58614,36.03362],[-5.58559,36.03286],[-5.5845,36.03309],[-5.58439,36.03293],[-5.58464,36.03072],[-5.58513,36.02962],[-5.5861,36.02852],[-5.58879,36.02648],[-5.5893,36.02561],[-5.58907,36.02537],[-5.58816,36.02567],[-5.58193,36.02955],[-5.57935,36.03043],[-5.57954,36.02992],[-5.58169,36.02822],[-5.58161,36.02792],[-5.58038,36.02803],[-5.58044,36.02769],[-5.58226,36.02657],[-5.58238,36.02619],[-5.58133,36.02586],[-5.58007,36.025],[-5.57937,36.025],[-5.57786,36.02554],[-5.57721,36.02505],[-5.57608,36.02563],[-5.57459,36.0269],[-5.57333,36.02864],[-5.57027,36.03063],[-5.56996,36.03063],[-5.5705,36.02971],[-5.57317,36.02671],[-5.57346,36.02563],[-5.57351,36.02403],[-5.57623,36.02186],[-5.57915,36.02085],[-5.58018,36.02073],[-5.58285,36.02162],[-5.58378,36.02286],[-5.5843,36.023],[-5.58516,36.02165],[-5.58688,36.02048],[-5.58677,36.02025],[-5.58515,36.02086],[-5.5846,36.0208],[-5.58454,36.02046],[-5.58568,36.0195],[-5.58587,36.01896],[-5.5854,36.0189],[-5.58377,36.01937],[-5.58304,36.01926],[-5.58237,36.01888],[-5.58176,36.01771],[-5.58121,36.01758],[-5.57797,36.01828],[-5.57765,36.01878],[-5.57762,36.01967],[-5.57716,36.01989],[-5.5758,36.01929],[-5.57429,36.01936],[-5.57416,36.01963],[-5.57528,36.02012],[-5.57556,36.02062],[-5.57483,36.02185],[-5.57394,36.02227],[-5.57325,36.02319],[-5.57097,36.02394],[-5.56924,36.0249],[-5.56873,36.0249],[-5.56901,36.02416],[-5.57128,36.02266],[-5.57179,36.0221],[-5.57181,36.02169],[-5.57145,36.02169],[-5.57049,36.02244],[-5.56965,36.02258],[-5.56886,36.02245],[-5.56897,36.02203],[-5.56691,36.02213],[-5.56671,36.02242],[-5.56753,36.02327],[-5.56724,36.02381],[-5.56596,36.024],[-5.56507,36.02501],[-5.56454,36.02497],[-5.56384,36.02426],[-5.56279,36.02436],[-5.5622,36.02565],[-5.5612,36.02562],[-5.56089,36.02656],[-5.56063,36.02673],[-5.55915,36.02606],[-5.55774,36.02611],[-5.55743,36.02658],[-5.55803,36.02776],[-5.55774,36.02816],[-5.55706,36.02822],[-5.55469,36.02755],[-5.55446,36.02777],[-5.55466,36.02818],[-5.5556,36.02928],[-5.5553,36.03006],[-5.55475,36.0302],[-5.55313,36.02946],[-5.55231,36.0296],[-5.55203,36.03063],[-5.55092,36.03044],[-5.55054,36.03078],[-5.55066,36.03202],[-5.5501,36.03251],[-5.54829,36.03246],[-5.54777,36.03324],[-5.54718,36.03349],[-5.54678,36.03323],[-5.54634,36.03196],[-5.54599,36.03166],[-5.54468,36.03174],[-5.54416,36.03203],[-5.54437,36.03303],[-5.54554,36.03442],[-5.54556,36.03542],[-5.54627,36.03614],[-5.5463,36.03724],[-5.54677,36.03756],[-5.54893,36.03732],[-5.54959,36.03755],[-5.54951,36.03855],[-5.54889,36.03948],[-5.54913,36.04037],[-5.54898,36.04063],[-5.54771,36.04125],[-5.54668,36.0422],[-5.54801,36.04344],[-5.54883,36.0447],[-5.54572,36.04521],[-5.54547,36.04678],[-5.54441,36.04692],[-5.54404,36.04726],[-5.54409,36.04897],[-5.54207,36.04696],[-5.54196,36.04639],[-5.5424,36.04565],[-5.54201,36.04518],[-5.54169,36.04414],[-5.54061,36.04326],[-5.54028,36.04201],[-5.53992,36.04177],[-5.53994,36.0411],[-5.54145,36.03949],[-5.54199,36.03777],[-5.54169,36.03679],[-5.54017,36.03602],[-5.53802,36.03711],[-5.53756,36.03717],[-5.53641,36.03679],[-5.53531,36.03726],[-5.53346,36.03706],[-5.53289,36.03734],[-5.53277,36.03785],[-5.53322,36.0387],[-5.53505,36.04005],[-5.53559,36.04071],[-5.53533,36.04091],[-5.5341,36.04092],[-5.53474,36.04163],[-5.53452,36.04248],[-5.53472,36.04327],[-5.53548,36.04396],[-5.53558,36.04562],[-5.53531,36.04683],[-5.53582,36.04824],[-5.53576,36.04881],[-5.5347,36.0505],[-5.53426,36.05069],[-5.53254,36.04934],[-5.53129,36.04886],[-5.5296,36.04576],[-5.52866,36.04562],[-5.52618,36.04617],[-5.52584,36.04696],[-5.52685,36.0479],[-5.52685,36.04845],[-5.5263,36.04887],[-5.52379,36.04981],[-5.52353,36.05031],[-5.52375,36.05077],[-5.525,36.05164],[-5.52497,36.05226],[-5.52399,36.05342],[-5.52391,36.0542],[-5.52438,36.05486],[-5.52521,36.05541],[-5.52347,36.05537],[-5.5215,36.05392],[-5.52098,36.05301],[-5.52089,36.05098],[-5.51674,36.05008],[-5.51673,36.04944],[-5.51756,36.04882],[-5.51772,36.04772],[-5.51816,36.04705],[-5.51929,36.04694],[-5.51999,36.04658],[-5.52044,36.04518],[-5.52026,36.04499],[-5.51797,36.04477],[-5.51789,36.04417],[-5.517,36.04392],[-5.51695,36.04254],[-5.51642,36.04337],[-5.51541,36.04334],[-5.51521,36.04364],[-5.51528,36.04412],[-5.51582,36.04478],[-5.515,36.04593],[-5.51544,36.04699],[-5.51508,36.04793],[-5.51431,36.04869],[-5.5132,36.0481],[-5.51165,36.04784],[-5.51123,36.04698],[-5.5108,36.0467],[-5.51044,36.04734],[-5.50907,36.04774],[-5.50881,36.04807],[-5.50805,36.04823],[-5.50772,36.04854],[-5.50617,36.04855],[-5.50555,36.0481],[-5.50482,36.04814],[-5.5054,36.04868],[-5.50542,36.0491],[-5.50402,36.05005],[-5.5039,36.05043],[-5.50439,36.05103],[-5.50726,36.05287],[-5.5031,36.05261],[-5.50288,36.05353],[-5.50312,36.05476],[-5.50232,36.05483],[-5.50151,36.05366],[-5.50165,36.05298],[-5.50149,36.05251],[-5.49997,36.05134],[-5.49901,36.05139],[-5.49916,36.05243],[-5.49787,36.05259],[-5.49753,36.05284],[-5.49802,36.05358],[-5.49816,36.05508],[-5.4968,36.05651],[-5.49668,36.05696],[-5.49699,36.05729],[-5.49765,36.05735],[-5.49797,36.05778],[-5.4997,36.05787],[-5.50057,36.0582],[-5.50067,36.05856],[-5.50032,36.05929],[-5.50125,36.05996],[-5.50166,36.0606],[-5.49874,36.06103],[-5.49946,36.06178],[-5.49751,36.06383],[-5.49762,36.06545],[-5.49697,36.06614],[-5.49517,36.06981],[-5.49565,36.07149],[-5.49456,36.07048],[-5.49428,36.06847],[-5.49379,36.06814],[-5.49375,36.06745],[-5.49406,36.06689],[-5.49336,36.06534],[-5.49378,36.06337],[-5.49337,36.06216],[-5.4939,36.06053],[-5.49342,36.0596],[-5.49113,36.05906],[-5.49061,36.05749],[-5.49105,36.05581],[-5.49072,36.05512],[-5.4899,36.05602],[-5.4891,36.05643],[-5.488,36.05646],[-5.48769,36.05682],[-5.48931,36.0599],[-5.48933,36.06127],[-5.48783,36.06099],[-5.48663,36.06025],[-5.4861,36.06171],[-5.48544,36.06217],[-5.48507,36.06303],[-5.48463,36.06318],[-5.48476,36.0621],[-5.48447,36.06138],[-5.48247,36.06065],[-5.47985,36.06236],[-5.47966,36.06284],[-5.4785,36.06385],[-5.47764,36.0638],[-5.47721,36.06462],[-5.47586,36.06465],[-5.47445,36.06566],[-5.47402,36.06626],[-5.473,36.06582],[-5.47284,36.06551],[-5.47371,36.06504],[-5.4754,36.06186],[-5.47555,36.06115],[-5.47674,36.05984],[-5.47749,36.05794],[-5.47838,36.05728],[-5.4785,36.0566],[-5.47766,36.05574],[-5.47653,36.05627],[-5.47539,36.05604],[-5.4739,36.05481],[-5.4734,36.05368],[-5.4729,36.05421],[-5.47293,36.05515],[-5.47206,36.05612],[-5.47176,36.05762],[-5.47148,36.05808],[-5.47111,36.05814],[-5.47104,36.05755],[-5.4704,36.05647],[-5.47043,36.05445],[-5.46976,36.05387],[-5.46913,36.0543],[-5.46845,36.05442],[-5.46784,36.05435],[-5.4672,36.0539],[-5.46685,36.05405],[-5.46687,36.05437],[-5.46567,36.05557],[-5.46541,36.05619],[-5.465,36.05579],[-5.465,36.05529],[-5.46452,36.05464],[-5.46347,36.05492],[-5.46315,36.05606],[-5.46266,36.05679],[-5.46362,36.05868],[-5.46325,36.05917],[-5.46329,36.05986],[-5.46197,36.05856],[-5.46143,36.05862],[-5.46027,36.05936],[-5.45959,36.0593],[-5.45926,36.05865],[-5.45959,36.05798],[-5.4595,36.05724],[-5.45782,36.05617],[-5.45707,36.05642],[-5.45687,36.05712],[-5.45646,36.05733],[-5.45553,36.05695],[-5.45451,36.0573],[-5.4541,36.05688],[-5.45369,36.05715],[-5.45201,36.0571],[-5.45197,36.05742],[-5.45285,36.05898],[-5.45351,36.05939],[-5.45321,36.06025],[-5.45363,36.06062],[-5.45322,36.06114],[-5.45393,36.06165],[-5.45324,36.06224],[-5.45321,36.06287],[-5.45342,36.06317],[-5.45295,36.06382],[-5.45382,36.06453],[-5.45198,36.06517],[-5.4517,36.06595],[-5.45234,36.06628],[-5.45261,36.06696],[-5.45314,36.06749],[-5.45464,36.06804],[-5.45244,36.06906],[-5.4502,36.06879],[-5.44966,36.06898],[-5.45006,36.06967],[-5.45291,36.07049],[-5.45378,36.07116],[-5.45642,36.07163],[-5.45643,36.07187],[-5.45515,36.07292],[-5.45305,36.07349],[-5.44945,36.07315],[-5.44937,36.07391],[-5.44899,36.07462],[-5.44918,36.07524],[-5.44848,36.07528],[-5.44781,36.07462],[-5.44679,36.07484],[-5.44648,36.07425],[-5.44563,36.07445],[-5.44497,36.07417],[-5.4455,36.07331],[-5.44454,36.07287],[-5.44565,36.07242],[-5.44617,36.0719],[-5.44608,36.07122],[-5.44639,36.07093],[-5.44621,36.07007],[-5.44518,36.06974],[-5.44456,36.07007],[-5.44371,36.06968],[-5.44321,36.07013],[-5.44267,36.07016],[-5.44249,36.07049],[-5.4416,36.07044],[-5.44096,36.07093],[-5.43969,36.07085],[-5.43947,36.07109],[-5.4396,36.07164],[-5.43845,36.07148],[-5.43805,36.07167],[-5.43804,36.07212],[-5.43734,36.07228],[-5.43735,36.07282],[-5.43676,36.07335],[-5.43686,36.07373],[-5.43591,36.07435],[-5.43671,36.07494],[-5.43599,36.07557],[-5.43606,36.07596],[-5.43572,36.07658],[-5.4354,36.07686],[-5.43461,36.07685],[-5.43388,36.07771],[-5.43409,36.07863],[-5.43349,36.07945],[-5.43348,36.08012],[-5.43283,36.08068],[-5.43145,36.08128],[-5.43196,36.08154],[-5.43218,36.08213],[-5.43333,36.08188],[-5.43423,36.08244],[-5.43529,36.08187],[-5.43624,36.08263],[-5.43662,36.08232],[-5.43698,36.0813],[-5.43775,36.08114],[-5.43846,36.08216],[-5.43883,36.0822],[-5.44134,36.08027],[-5.44125,36.0784],[-5.4415,36.07786],[-5.44227,36.07945],[-5.44273,36.07982],[-5.44276,36.08232],[-5.44405,36.08147],[-5.44439,36.08035],[-5.4471,36.08091],[-5.447,36.08162],[-5.44731,36.08296],[-5.44858,36.0838],[-5.44781,36.08567],[-5.44792,36.08773],[-5.44817,36.08724],[-5.44826,36.08542],[-5.4485,36.08564],[-5.44869,36.08663],[-5.44884,36.08594],[-5.45071,36.08612],[-5.45135,36.08563],[-5.45225,36.08565],[-5.4529,36.08616],[-5.45345,36.08625],[-5.45454,36.08534],[-5.45488,36.0848],[-5.45515,36.083],[-5.4557,36.08235],[-5.45567,36.08161],[-5.45528,36.08114],[-5.45616,36.08066],[-5.45553,36.08033],[-5.45589,36.07972],[-5.45575,36.07888],[-5.45642,36.07911],[-5.45782,36.08117],[-5.45891,36.08209],[-5.45932,36.08217],[-5.46175,36.08108],[-5.46228,36.08018],[-5.46311,36.0795],[-5.46367,36.07957],[-5.4641,36.07902],[-5.46493,36.07881],[-5.46521,36.07786],[-5.46615,36.0772],[-5.4662,36.07752],[-5.46575,36.07822],[-5.4663,36.07835],[-5.46626,36.07911],[-5.46529,36.07941],[-5.46375,36.08104],[-5.46328,36.08249],[-5.46267,36.08287],[-5.46263,36.08367],[-5.4619,36.08357],[-5.46176,36.08433],[-5.46107,36.08417],[-5.46052,36.08448],[-5.45937,36.08452],[-5.45922,36.08498],[-5.4596,36.08552],[-5.45948,36.08584],[-5.46005,36.08625],[-5.45898,36.08786],[-5.45902,36.08813],[-5.45951,36.08831],[-5.45741,36.08967],[-5.45788,36.08993],[-5.45848,36.08962],[-5.4592,36.09003],[-5.45965,36.09001],[-5.46009,36.08962],[-5.46058,36.08845],[-5.46123,36.08827],[-5.4612,36.08908],[-5.46229,36.09033],[-5.46235,36.09154],[-5.46276,36.09191],[-5.46309,36.09105],[-5.46392,36.09029],[-5.46418,36.08903],[-5.46531,36.08746],[-5.4667,36.08644],[-5.46849,36.08656],[-5.46868,36.08622],[-5.46857,36.08573],[-5.4689,36.08541],[-5.47016,36.08545],[-5.47011,36.08498],[-5.4694,36.08385],[-5.47093,36.08319],[-5.47098,36.08266],[-5.47227,36.08311],[-5.47366,36.08312],[-5.4747,36.08224],[-5.47584,36.07977],[-5.47659,36.08174],[-5.47719,36.08171],[-5.47795,36.08126],[-5.47856,36.0819],[-5.48164,36.08094],[-5.48254,36.08094],[-5.48366,36.07965],[-5.48373,36.07927],[-5.48414,36.07972],[-5.48412,36.08088],[-5.48662,36.08065],[-5.48694,36.08095],[-5.48757,36.08099],[-5.4886,36.08041],[-5.48853,36.08125],[-5.48824,36.08157],[-5.48547,36.08166],[-5.48295,36.08281],[-5.48222,36.0834],[-5.48306,36.08537],[-5.4837,36.08598],[-5.48351,36.08609],[-5.48282,36.08633],[-5.4816,36.08611],[-5.48089,36.0867],[-5.47839,36.08663],[-5.4774,36.08771],[-5.47662,36.0881],[-5.47558,36.0877],[-5.47459,36.08789],[-5.47382,36.08849],[-5.47245,36.09071],[-5.47093,36.08991],[-5.47025,36.09007],[-5.47016,36.0916],[-5.47125,36.09237],[-5.47138,36.09278],[-5.4704,36.09388],[-5.46919,36.09459],[-5.4693,36.09552],[-5.46791,36.09736],[-5.46867,36.09748],[-5.47055,36.09632],[-5.47188,36.0965],[-5.47229,36.09591],[-5.4742,36.09501],[-5.47575,36.09536],[-5.47797,36.09521],[-5.47963,36.09547],[-5.47977,36.09562],[-5.47917,36.09634],[-5.47891,36.09747],[-5.47773,36.09692],[-5.47674,36.09739],[-5.47569,36.097],[-5.47481,36.09727],[-5.47372,36.09876],[-5.47269,36.09966],[-5.47259,36.10013],[-5.47282,36.10064],[-5.47126,36.10098],[-5.47131,36.10163],[-5.47094,36.10258],[-5.47156,36.10345],[-5.47135,36.10422],[-5.47215,36.10509],[-5.472,36.10563],[-5.47269,36.10582],[-5.47317,36.10646],[-5.47329,36.10761],[-5.47418,36.10812],[-5.47541,36.10808],[-5.47568,36.11048],[-5.4774,36.11144],[-5.4781,36.11232],[-5.47945,36.11327],[-5.48012,36.11337],[-5.48276,36.11293],[-5.48399,36.11215],[-5.48482,36.11264],[-5.48495,36.11343],[-5.48629,36.11317],[-5.48678,36.11386],[-5.48732,36.11371],[-5.48756,36.11466],[-5.48916,36.11556],[-5.48989,36.11527],[-5.48997,36.11493],[-5.49067,36.11468],[-5.49083,36.11432],[-5.49213,36.11382],[-5.49215,36.11305],[-5.4928,36.1128],[-5.49253,36.11415],[-5.49076,36.11574],[-5.48974,36.11624],[-5.48938,36.11714],[-5.48903,36.11737],[-5.48916,36.11786],[-5.48832,36.11799],[-5.48664,36.11754],[-5.48621,36.11773],[-5.48613,36.11894],[-5.48522,36.11948],[-5.48534,36.1202],[-5.48569,36.12068],[-5.48502,36.12127],[-5.48473,36.12298],[-5.48491,36.1234],[-5.48693,36.12466],[-5.48769,36.12575],[-5.48817,36.1258],[-5.48901,36.12536],[-5.4892,36.12625],[-5.48964,36.12635],[-5.49014,36.12591],[-5.49045,36.12628],[-5.49088,36.12629],[-5.49116,36.12709],[-5.49078,36.12791],[-5.49112,36.12848],[-5.4933,36.12855],[-5.49316,36.12915],[-5.49348,36.12971],[-5.49299,36.13128],[-5.49345,36.1321],[-5.49472,36.13335],[-5.49601,36.13344],[-5.49761,36.13289],[-5.49859,36.13304],[-5.49934,36.13263],[-5.49961,36.13221],[-5.49999,36.13226],[-5.50037,36.1317],[-5.5013,36.13107],[-5.50117,36.13299],[-5.50137,36.13397],[-5.50003,36.13511],[-5.49973,36.13586],[-5.50026,36.13669],[-5.50136,36.13719],[-5.50157,36.13778],[-5.50197,36.1378],[-5.50318,36.1369],[-5.50438,36.137],[-5.50496,36.13739],[-5.50418,36.13833],[-5.50467,36.13836],[-5.50461,36.13886],[-5.50562,36.13938],[-5.50732,36.1388],[-5.5085,36.13803],[-5.50914,36.13823],[-5.51062,36.13792],[-5.51111,36.13805],[-5.50944,36.13888],[-5.50843,36.14085],[-5.50775,36.14108],[-5.50716,36.14243],[-5.5067,36.1427],[-5.50549,36.14284],[-5.50521,36.14322],[-5.50541,36.14355],[-5.50787,36.14409],[-5.50882,36.14507],[-5.51029,36.14543],[-5.51137,36.14598],[-5.51224,36.14605],[-5.5127,36.14682],[-5.51378,36.1469],[-5.51416,36.14731],[-5.51498,36.14746],[-5.5159,36.14838],[-5.51777,36.14789],[-5.51858,36.14823],[-5.51788,36.14849],[-5.51767,36.14895],[-5.51781,36.14942],[-5.51844,36.14969],[-5.51822,36.15002],[-5.51785,36.14993],[-5.51654,36.1509],[-5.51674,36.15146],[-5.51646,36.15175],[-5.51589,36.15167],[-5.51478,36.15078],[-5.51328,36.15067],[-5.51277,36.15015],[-5.51212,36.15004],[-5.51097,36.15031],[-5.50956,36.15143],[-5.50746,36.15217],[-5.50678,36.15297],[-5.50683,36.15349],[-5.50726,36.15397],[-5.50637,36.15457],[-5.50604,36.15586],[-5.50632,36.15647],[-5.50675,36.15672],[-5.50657,36.15744],[-5.50699,36.15828],[-5.50664,36.15906],[-5.50674,36.16001],[-5.50703,36.1602],[-5.5082,36.16015],[-5.5084,36.16105],[-5.51089,36.16111],[-5.5114,36.16012],[-5.5121,36.1609],[-5.51288,36.16091],[-5.51309,36.16141],[-5.51351,36.16136],[-5.51364,36.16104],[-5.51489,36.16117],[-5.51475,36.1605],[-5.51521,36.16092],[-5.51621,36.16095],[-5.5144,36.16242],[-5.51442,36.16352],[-5.51379,36.16306],[-5.51254,36.16292],[-5.51205,36.16307],[-5.51146,36.16388],[-5.51258,36.16491],[-5.51363,36.16513],[-5.5133,36.16597],[-5.51409,36.16648],[-5.51586,36.1666],[-5.51877,36.16594],[-5.52109,36.16474],[-5.52179,36.16416],[-5.52204,36.162],[-5.52261,36.16091],[-5.52279,36.16121],[-5.52267,36.16215],[-5.52325,36.1638],[-5.52363,36.16413],[-5.52485,36.16441],[-5.52443,36.16497],[-5.52446,36.16528],[-5.52539,36.16553],[-5.52639,36.16486],[-5.52748,36.16473],[-5.52872,36.16537],[-5.52873,36.16564],[-5.52812,36.16588],[-5.52799,36.16693],[-5.52691,36.16735],[-5.5267,36.16781],[-5.52576,36.16846],[-5.5257,36.16934],[-5.5252,36.17024],[-5.52414,36.17071],[-5.52369,36.17165],[-5.52381,36.17261],[-5.52489,36.17294],[-5.52558,36.17445],[-5.52653,36.17519],[-5.52803,36.17569],[-5.529,36.1754],[-5.52914,36.17577],[-5.52885,36.17652],[-5.52914,36.17701],[-5.52974,36.17711],[-5.5315,36.17641],[-5.53124,36.17794],[-5.53062,36.17839],[-5.52415,36.17766],[-5.52107,36.17833],[-5.52096,36.17881],[-5.52302,36.17841],[-5.52389,36.17882],[-5.525,36.17995],[-5.52568,36.18115],[-5.52577,36.18158],[-5.52545,36.18201],[-5.52544,36.18265],[-5.5273,36.18198],[-5.5281,36.18233],[-5.52899,36.18207],[-5.52987,36.18127],[-5.53131,36.17919],[-5.5321,36.17912],[-5.53245,36.18031],[-5.53184,36.18119],[-5.53206,36.18192],[-5.53374,36.18259],[-5.53412,36.18342],[-5.53496,36.18382],[-5.53526,36.18425],[-5.53505,36.18509],[-5.53325,36.18685],[-5.53303,36.18789],[-5.53321,36.18854],[-5.53234,36.18958],[-5.53251,36.18981],[-5.5354,36.18834],[-5.53654,36.18699],[-5.53738,36.18671],[-5.53858,36.18703],[-5.53957,36.18798],[-5.54176,36.18894],[-5.54613,36.18903],[-5.54837,36.1871],[-5.55127,36.18607],[-5.55165,36.18537],[-5.55392,36.18482],[-5.55392,36.18387],[-5.5542,36.18342],[-5.55584,36.18299],[-5.55649,36.18165],[-5.55566,36.18069],[-5.55555,36.17993],[-5.55631,36.17782],[-5.55688,36.17709],[-5.55766,36.1767],[-5.55804,36.1769],[-5.55815,36.1782],[-5.55862,36.17842],[-5.559,36.17908],[-5.55991,36.17943],[-5.56023,36.18009],[-5.56067,36.18017],[-5.56175,36.17911],[-5.56342,36.17886],[-5.56516,36.17817],[-5.56537,36.17774],[-5.56541,36.1761],[-5.56633,36.17429],[-5.5682,36.17313],[-5.56912,36.17182],[-5.57001,36.17139],[-5.5695,36.17242],[-5.56958,36.17405],[-5.56747,36.17521],[-5.567,36.17593],[-5.56674,36.17875],[-5.56524,36.18185],[-5.56574,36.18354],[-5.56547,36.18384],[-5.56374,36.18379],[-5.5633,36.18411],[-5.56317,36.18487],[-5.56397,36.18723],[-5.56385,36.18763],[-5.56236,36.18834],[-5.56156,36.18921],[-5.5601,36.18958],[-5.55967,36.19055],[-5.55738,36.19051],[-5.55691,36.19089],[-5.55683,36.19165],[-5.55646,36.19202],[-5.55565,36.19235],[-5.55431,36.19237],[-5.55052,36.19423],[-5.55021,36.195],[-5.54852,36.19504],[-5.54748,36.19591],[-5.54697,36.1969],[-5.54709,36.19795],[-5.54571,36.19953],[-5.54629,36.20015],[-5.54534,36.20053],[-5.54523,36.201],[-5.54629,36.20274],[-5.54667,36.20444],[-5.54764,36.20515],[-5.54764,36.20598],[-5.54877,36.20732],[-5.54931,36.2089],[-5.54994,36.20937],[-5.55127,36.20982],[-5.55382,36.20972],[-5.555,36.20883],[-5.55532,36.20804],[-5.5564,36.20698],[-5.55722,36.20774],[-5.55816,36.2077],[-5.56278,36.20501],[-5.56428,36.20466],[-5.56544,36.20391],[-5.56663,36.20405],[-5.56775,36.20344],[-5.56872,36.20361],[-5.56935,36.20523],[-5.57238,36.20405],[-5.57352,36.20435],[-5.57814,36.20366],[-5.57952,36.20443],[-5.57974,36.20557],[-5.58146,36.20618],[-5.58301,36.20751],[-5.58384,36.20766],[-5.58572,36.20729],[-5.58627,36.20754],[-5.58674,36.20843],[-5.58777,36.20867],[-5.58963,36.20858],[-5.59207,36.20776],[-5.59292,36.20693],[-5.59369,36.20659],[-5.59191,36.20996],[-5.59061,36.21082],[-5.58982,36.21192],[-5.59028,36.21384],[-5.59188,36.21534],[-5.58927,36.21541],[-5.58866,36.21568],[-5.58757,36.21668],[-5.58594,36.21703],[-5.58492,36.2176],[-5.58425,36.21703],[-5.58457,36.21614],[-5.5841,36.21561],[-5.58413,36.21459],[-5.58322,36.21381],[-5.5828,36.21285],[-5.58145,36.21258],[-5.57904,36.21341],[-5.57776,36.21471],[-5.57599,36.21561],[-5.57543,36.21569],[-5.57437,36.21522],[-5.57373,36.21534],[-5.57138,36.21742],[-5.5699,36.21951],[-5.56994,36.21997],[-5.57059,36.22022],[-5.57399,36.21885],[-5.57461,36.21888],[-5.57529,36.2193],[-5.57552,36.21971],[-5.57539,36.22079],[-5.57421,36.22064],[-5.57313,36.2209],[-5.57149,36.22183],[-5.57134,36.22228],[-5.57263,36.22334],[-5.57428,36.22372],[-5.57541,36.22368],[-5.57826,36.223],[-5.57938,36.22392],[-5.58069,36.2245],[-5.5791,36.22462],[-5.5779,36.22367],[-5.57708,36.22411],[-5.57711,36.22526],[-5.57581,36.22455],[-5.57456,36.22476],[-5.57422,36.22515],[-5.57435,36.22618],[-5.57679,36.22953],[-5.57767,36.23006],[-5.57833,36.23181],[-5.57959,36.23265],[-5.5803,36.23349],[-5.58178,36.23415],[-5.58413,36.23421],[-5.58577,36.23486],[-5.58762,36.23457],[-5.58741,36.23498],[-5.58522,36.23595],[-5.58389,36.23617],[-5.58348,36.23655],[-5.58313,36.23758],[-5.58249,36.23697],[-5.58244,36.23594],[-5.58306,36.23522],[-5.58444,36.23504],[-5.58431,36.23476],[-5.58374,36.23457],[-5.58215,36.23494],[-5.58086,36.23488],[-5.57991,36.23525],[-5.57939,36.23463],[-5.57833,36.2346],[-5.57818,36.23404],[-5.57568,36.23207],[-5.5757,36.23129],[-5.57497,36.23057],[-5.57502,36.22982],[-5.57435,36.22928],[-5.5733,36.22935],[-5.57374,36.22839],[-5.57242,36.22801],[-5.57264,36.22727],[-5.57197,36.22644],[-5.57227,36.225],[-5.57118,36.22462],[-5.57037,36.22366],[-5.57003,36.22392],[-5.57049,36.22483],[-5.57029,36.22597],[-5.56935,36.22523],[-5.56888,36.22563],[-5.56796,36.22554],[-5.56781,36.22492],[-5.56626,36.22455],[-5.56631,36.2242],[-5.56597,36.22394],[-5.56518,36.22423],[-5.56427,36.22407],[-5.5638,36.22427],[-5.56376,36.22467],[-5.56416,36.2251],[-5.56427,36.22571],[-5.56344,36.22779],[-5.56201,36.22607],[-5.56121,36.22614],[-5.5609,36.22695],[-5.56104,36.22821],[-5.56002,36.22895],[-5.55989,36.2295],[-5.56135,36.23115],[-5.56123,36.23186],[-5.55953,36.23052],[-5.55796,36.23033],[-5.5585,36.22979],[-5.55872,36.22909],[-5.55841,36.22799],[-5.55867,36.22696],[-5.55813,36.2265],[-5.55841,36.22598],[-5.55826,36.22546],[-5.55687,36.22555],[-5.55603,36.22479],[-5.55564,36.22518],[-5.5552,36.22664],[-5.55487,36.22681],[-5.55422,36.2256],[-5.55375,36.2252],[-5.55266,36.22593],[-5.55233,36.22587],[-5.55233,36.22539],[-5.55184,36.2249],[-5.55281,36.22435],[-5.55302,36.22379],[-5.55276,36.22345],[-5.55118,36.22337],[-5.55068,36.22365],[-5.55043,36.22488],[-5.54932,36.2248],[-5.54823,36.22509],[-5.54791,36.225],[-5.54786,36.22452],[-5.54841,36.22398],[-5.54821,36.22331],[-5.54751,36.22317],[-5.54579,36.22338],[-5.54527,36.22368],[-5.54709,36.22509],[-5.5478,36.22748],[-5.54865,36.22857],[-5.54984,36.22908],[-5.54935,36.22962],[-5.54931,36.23068],[-5.54846,36.23054],[-5.5485,36.23011],[-5.54778,36.22924],[-5.54619,36.22895],[-5.54582,36.22917],[-5.54565,36.23045],[-5.54599,36.23173],[-5.5473,36.23356],[-5.54731,36.2338],[-5.54664,36.23401],[-5.54664,36.23423],[-5.54866,36.23446],[-5.54938,36.23489],[-5.54742,36.23577],[-5.54738,36.23611],[-5.54819,36.23688],[-5.54653,36.23686],[-5.54597,36.23661],[-5.54546,36.23596],[-5.54492,36.23603],[-5.54499,36.23643],[-5.5459,36.23721],[-5.54594,36.2378],[-5.54572,36.23903],[-5.54538,36.23891],[-5.54457,36.23791],[-5.544,36.23791],[-5.54369,36.23822],[-5.54401,36.23916],[-5.54349,36.24022],[-5.54411,36.24079],[-5.54337,36.24122],[-5.54396,36.24199],[-5.5443,36.2431],[-5.54553,36.24423],[-5.54982,36.24555],[-5.55004,36.24644],[-5.55265,36.24839],[-5.55327,36.24831],[-5.5537,36.24769],[-5.55413,36.24762],[-5.55473,36.24834],[-5.55594,36.24872],[-5.55685,36.24939],[-5.56026,36.2502],[-5.56293,36.25035],[-5.56536,36.24984],[-5.5663,36.25031],[-5.56699,36.25003],[-5.56778,36.25008],[-5.56825,36.25056],[-5.57007,36.25102],[-5.57258,36.25084],[-5.57574,36.25112],[-5.5773,36.25228],[-5.57897,36.25238],[-5.5806,36.25399],[-5.58229,36.25477],[-5.58362,36.25468],[-5.58529,36.25416],[-5.58641,36.25416],[-5.58696,36.25437],[-5.58712,36.25521],[-5.58799,36.25544],[-5.58912,36.25456],[-5.59135,36.25467],[-5.59363,36.25393],[-5.59446,36.25331],[-5.5959,36.25389],[-5.59776,36.25412],[-5.59792,36.2544],[-5.59753,36.25509],[-5.59778,36.25546],[-5.59836,36.25554],[-5.59951,36.25522],[-5.60061,36.25605],[-5.60118,36.25591],[-5.6015,36.25506],[-5.60295,36.25481],[-5.60319,36.25513],[-5.6028,36.25581],[-5.60294,36.25606],[-5.60429,36.25527],[-5.60503,36.25531],[-5.60422,36.25612],[-5.60385,36.25692],[-5.60397,36.2573],[-5.60507,36.25729],[-5.60774,36.25855],[-5.60513,36.25941],[-5.60478,36.26047],[-5.6043,36.26085],[-5.60211,36.26105],[-5.60191,36.26031],[-5.60096,36.26014],[-5.60043,36.25959],[-5.59965,36.25967],[-5.59915,36.26017],[-5.59872,36.26166],[-5.59965,36.26333],[-5.59808,36.26273],[-5.59778,36.26157],[-5.59739,36.26126],[-5.59649,36.2611],[-5.59549,36.26126],[-5.59513,36.26171],[-5.59544,36.26241],[-5.59756,36.26386],[-5.59752,36.26403],[-5.59603,36.26493],[-5.59341,36.26535],[-5.59203,36.26624],[-5.59118,36.26439],[-5.58989,36.26366],[-5.5868,36.26334],[-5.58591,36.26348],[-5.58533,36.26387],[-5.5849,36.26466],[-5.58501,36.26547],[-5.58621,36.26653],[-5.58713,36.26778],[-5.58773,36.26802],[-5.58959,36.26767],[-5.59032,36.26767],[-5.5905,36.26788],[-5.58954,36.26888],[-5.5894,36.27019],[-5.5876,36.27021],[-5.587,36.27043],[-5.58663,36.27094],[-5.58663,36.27232],[-5.58603,36.27472],[-5.58617,36.27668],[-5.58566,36.27821],[-5.58574,36.27955],[-5.58505,36.2824],[-5.58449,36.28076],[-5.58494,36.27544],[-5.58406,36.27463],[-5.58343,36.27335],[-5.58322,36.27217],[-5.58205,36.27103],[-5.58195,36.27033],[-5.58132,36.26972],[-5.58101,36.26895],[-5.58054,36.26864],[-5.58058,36.26777],[-5.57879,36.26643],[-5.57587,36.26544],[-5.57577,36.26505],[-5.57633,36.26413],[-5.57559,36.26379],[-5.57529,36.2632],[-5.57376,36.26306],[-5.57304,36.26354],[-5.5726,36.26425],[-5.57219,36.26376],[-5.57203,36.26295],[-5.5713,36.26204],[-5.57118,36.26144],[-5.57057,36.26085],[-5.57042,36.25952],[-5.56841,36.25926],[-5.5689,36.25771],[-5.56528,36.25864],[-5.56481,36.25926],[-5.56569,36.26012],[-5.56454,36.26057],[-5.56429,36.26062],[-5.56399,36.26003],[-5.56348,36.25973],[-5.56155,36.25989],[-5.56137,36.25961],[-5.56251,36.2588],[-5.56246,36.2583],[-5.56054,36.25766],[-5.5591,36.25807],[-5.55737,36.25645],[-5.55735,36.25568],[-5.55865,36.25402],[-5.55842,36.25374],[-5.55768,36.25362],[-5.55676,36.25392],[-5.55609,36.25511],[-5.55433,36.25634],[-5.55321,36.25665],[-5.55247,36.25742],[-5.55149,36.25765],[-5.55145,36.25735],[-5.55226,36.25594],[-5.55094,36.25533],[-5.55175,36.25438],[-5.55175,36.25395],[-5.54904,36.25251],[-5.54833,36.2526],[-5.54693,36.25349],[-5.54632,36.25251],[-5.54675,36.25175],[-5.54657,36.25083],[-5.54591,36.25054],[-5.5441,36.25085],[-5.54432,36.2493],[-5.54406,36.24895],[-5.5434,36.24876],[-5.54161,36.24926],[-5.54018,36.25057],[-5.53848,36.25116],[-5.53823,36.25222],[-5.53704,36.25277],[-5.5364,36.25405],[-5.53481,36.2552],[-5.53438,36.25231],[-5.5348,36.25073],[-5.5341,36.25012],[-5.53399,36.24894],[-5.53278,36.24803],[-5.53423,36.24758],[-5.53475,36.24714],[-5.53485,36.24665],[-5.53462,36.24622],[-5.53159,36.24408],[-5.53129,36.24361],[-5.53175,36.2432],[-5.53527,36.24259],[-5.53973,36.24258],[-5.53997,36.24232],[-5.53908,36.24164],[-5.53892,36.24084],[-5.53834,36.24015],[-5.5387,36.23983],[-5.54025,36.23986],[-5.54012,36.23916],[-5.53867,36.23896],[-5.53849,36.23818],[-5.53694,36.23701],[-5.53609,36.23714],[-5.53551,36.23797],[-5.53511,36.23787],[-5.53412,36.23657],[-5.53327,36.23627],[-5.53286,36.23504],[-5.53303,36.23442],[-5.53111,36.23338],[-5.53099,36.23363],[-5.53176,36.23477],[-5.53187,36.23649],[-5.53376,36.2381],[-5.53374,36.2383],[-5.53267,36.23816],[-5.53165,36.23842],[-5.53135,36.23895],[-5.53128,36.23983],[-5.53018,36.24188],[-5.52963,36.24251],[-5.52902,36.24271],[-5.53026,36.23974],[-5.52979,36.23857],[-5.53023,36.23752],[-5.53001,36.23623],[-5.52906,36.23378],[-5.5289,36.23225],[-5.52861,36.23191],[-5.52825,36.23222],[-5.52807,36.23348],[-5.52714,36.23545],[-5.52664,36.23585],[-5.52576,36.23609],[-5.52511,36.23695],[-5.52475,36.23692],[-5.5242,36.23635],[-5.52317,36.23652],[-5.52235,36.23626],[-5.52176,36.23573],[-5.52091,36.23578],[-5.51883,36.23853],[-5.51884,36.23737],[-5.51933,36.23611],[-5.51968,36.23539],[-5.52057,36.23477],[-5.52147,36.23447],[-5.52494,36.23474],[-5.52588,36.23449],[-5.52654,36.2338],[-5.52656,36.233],[-5.52621,36.23276],[-5.52403,36.23353],[-5.52449,36.23234],[-5.52413,36.23104],[-5.52345,36.23039],[-5.52286,36.22936],[-5.52436,36.22994],[-5.52513,36.23142],[-5.52554,36.23164],[-5.52599,36.23132],[-5.52641,36.23027],[-5.52614,36.22901],[-5.52694,36.22909],[-5.52742,36.22857],[-5.52822,36.22863],[-5.52865,36.22894],[-5.52867,36.22996],[-5.52943,36.23049],[-5.53119,36.23076],[-5.532,36.23133],[-5.53316,36.23083],[-5.53439,36.23148],[-5.53521,36.23108],[-5.53575,36.23113],[-5.53633,36.23241],[-5.53805,36.23349],[-5.5384,36.23428],[-5.53878,36.23454],[-5.53994,36.23356],[-5.54127,36.23316],[-5.54121,36.23287],[-5.53974,36.23206],[-5.54078,36.23159],[-5.54109,36.2311],[-5.53985,36.23067],[-5.53955,36.23034],[-5.53993,36.22996],[-5.54166,36.22928],[-5.54173,36.22828],[-5.54256,36.22722],[-5.54259,36.22681],[-5.54199,36.22697],[-5.54108,36.22787],[-5.53949,36.22834],[-5.53913,36.22811],[-5.53956,36.22753],[-5.53924,36.22695],[-5.53823,36.22716],[-5.53784,36.22693],[-5.53542,36.22681],[-5.5354,36.22657],[-5.53592,36.22626],[-5.53793,36.22569],[-5.53911,36.22496],[-5.53928,36.22455],[-5.53799,36.22414],[-5.53756,36.2235],[-5.53671,36.22409],[-5.53617,36.2241],[-5.53637,36.22338],[-5.53611,36.22299],[-5.53502,36.22263],[-5.53376,36.2227],[-5.53216,36.22312],[-5.53157,36.22407],[-5.53097,36.22369],[-5.53038,36.22376],[-5.52867,36.22328],[-5.52729,36.22341],[-5.52608,36.22395],[-5.52459,36.22505],[-5.52252,36.22362],[-5.52203,36.22352],[-5.52139,36.22434],[-5.52183,36.22544],[-5.52166,36.22562],[-5.52028,36.22532],[-5.51928,36.22551],[-5.51742,36.22447],[-5.51477,36.22484],[-5.51428,36.2252],[-5.51416,36.22571],[-5.51523,36.22957],[-5.51253,36.22914],[-5.51021,36.22966],[-5.50906,36.22924],[-5.50876,36.22832],[-5.50835,36.22795],[-5.50804,36.22808],[-5.50763,36.22908],[-5.50607,36.22962],[-5.50541,36.22889],[-5.50476,36.22865],[-5.50384,36.22867],[-5.50307,36.22914],[-5.50209,36.22863],[-5.50132,36.22859],[-5.5008,36.22883],[-5.50035,36.22953],[-5.5003,36.23108],[-5.5001,36.23144],[-5.49903,36.23088],[-5.49939,36.2276],[-5.49911,36.22711],[-5.49858,36.22696],[-5.49683,36.22777],[-5.49576,36.2299],[-5.49551,36.22998],[-5.49531,36.22959],[-5.49463,36.22926],[-5.49531,36.22851],[-5.49549,36.22779],[-5.49535,36.22734],[-5.49472,36.22717],[-5.49472,36.22671],[-5.49748,36.22559],[-5.498,36.22413],[-5.50014,36.22365],[-5.50139,36.22285],[-5.50161,36.22241],[-5.50032,36.22237],[-5.49908,36.2219],[-5.49777,36.22234],[-5.49713,36.22161],[-5.49653,36.22134],[-5.49589,36.22178],[-5.4952,36.22281],[-5.49504,36.22252],[-5.49556,36.22116],[-5.49538,36.22085],[-5.49367,36.22153],[-5.49304,36.22282],[-5.49233,36.22316],[-5.49174,36.2215],[-5.48918,36.22103],[-5.49144,36.21954],[-5.49328,36.21941],[-5.49516,36.21984],[-5.49572,36.21966],[-5.49601,36.21926],[-5.49523,36.21862],[-5.49317,36.21835],[-5.49379,36.21765],[-5.49202,36.21737],[-5.49191,36.21721],[-5.49213,36.21701],[-5.49304,36.21682],[-5.49288,36.2165],[-5.49356,36.21616],[-5.49366,36.21577],[-5.49245,36.21514],[-5.492,36.2143],[-5.4924,36.21407],[-5.49338,36.2147],[-5.49392,36.21468],[-5.49455,36.2141],[-5.49421,36.21206],[-5.49504,36.21236],[-5.49579,36.21226],[-5.49584,36.21267],[-5.49548,36.21333],[-5.49578,36.21412],[-5.49533,36.21518],[-5.49564,36.21706],[-5.49615,36.2175],[-5.49663,36.21707],[-5.49619,36.21626],[-5.49707,36.21589],[-5.49754,36.21507],[-5.49798,36.2151],[-5.49794,36.21583],[-5.49819,36.21609],[-5.49945,36.21496],[-5.49955,36.2132],[-5.49979,36.21285],[-5.50195,36.21396],[-5.50369,36.2138],[-5.5051,36.21394],[-5.50546,36.21368],[-5.50536,36.21313],[-5.50452,36.21275],[-5.50238,36.21305],[-5.50182,36.2125],[-5.501,36.21244],[-5.50057,36.2113],[-5.50011,36.21095],[-5.49802,36.21125],[-5.49778,36.21081],[-5.49783,36.21029],[-5.49941,36.20974],[-5.49977,36.20937],[-5.49872,36.20884],[-5.49861,36.20789],[-5.49738,36.20827],[-5.49655,36.20732],[-5.49505,36.2072],[-5.49417,36.20662],[-5.49234,36.20624],[-5.49234,36.20598],[-5.49284,36.20578],[-5.49567,36.20515],[-5.49603,36.20465],[-5.49586,36.20396],[-5.49167,36.20464],[-5.49216,36.20382],[-5.49218,36.20359],[-5.49187,36.20343],[-5.48911,36.20422],[-5.48923,36.20368],[-5.4902,36.2029],[-5.49037,36.20229],[-5.48962,36.20208],[-5.4881,36.20212],[-5.48887,36.20158],[-5.49034,36.20104],[-5.48995,36.20082],[-5.48667,36.20191],[-5.48547,36.20199],[-5.48546,36.20156],[-5.48614,36.20058],[-5.48501,36.19966],[-5.48571,36.19927],[-5.48706,36.19944],[-5.488,36.19916],[-5.48815,36.1988],[-5.48685,36.19827],[-5.48805,36.19764],[-5.48844,36.19691],[-5.48809,36.19663],[-5.48565,36.19653],[-5.48398,36.19615],[-5.48455,36.1952],[-5.48432,36.19487],[-5.48312,36.19462],[-5.48345,36.19383],[-5.48337,36.19335],[-5.4815,36.19301],[-5.48155,36.1922],[-5.48092,36.19161],[-5.48001,36.19154],[-5.47897,36.19206],[-5.47864,36.19187],[-5.47851,36.19119],[-5.47693,36.19113],[-5.4768,36.19057],[-5.47773,36.18946],[-5.47606,36.18822],[-5.47523,36.18842],[-5.47533,36.18962],[-5.47498,36.19112],[-5.47456,36.19148],[-5.47378,36.19146],[-5.47327,36.19173],[-5.47304,36.19193],[-5.47306,36.19237],[-5.47721,36.19519],[-5.47849,36.19524],[-5.47886,36.19573],[-5.48044,36.1965],[-5.48109,36.19716],[-5.47706,36.19679],[-5.47576,36.19607],[-5.47441,36.19636],[-5.47363,36.19581],[-5.47307,36.196],[-5.4732,36.19682],[-5.47299,36.19732],[-5.47225,36.19772],[-5.4716,36.19775],[-5.47107,36.19715],[-5.47035,36.19681],[-5.47026,36.19609],[-5.46823,36.19601],[-5.46711,36.19536],[-5.46579,36.19571],[-5.46497,36.19439],[-5.46439,36.19403],[-5.46385,36.19409],[-5.46295,36.19476],[-5.46296,36.19711],[-5.46259,36.19854],[-5.46341,36.20023],[-5.46442,36.20013],[-5.46551,36.19939],[-5.46653,36.19975],[-5.46688,36.20078],[-5.46794,36.20132],[-5.4685,36.2012],[-5.46996,36.20014],[-5.47057,36.2],[-5.47386,36.20073],[-5.47519,36.20149],[-5.47433,36.20226],[-5.47395,36.20349],[-5.47469,36.20418],[-5.47481,36.20474],[-5.4771,36.2056],[-5.4776,36.20543],[-5.4782,36.2046],[-5.47968,36.20461],[-5.48058,36.20396],[-5.4811,36.2039],[-5.48171,36.20414],[-5.48194,36.20462],[-5.48093,36.20621],[-5.48127,36.20684],[-5.4825,36.20686],[-5.48402,36.20592],[-5.48469,36.20583],[-5.48727,36.20642],[-5.48888,36.20726],[-5.48917,36.20767],[-5.48689,36.20807],[-5.48503,36.20773],[-5.48471,36.20803],[-5.48443,36.20902],[-5.4833,36.20817],[-5.48283,36.20814],[-5.4822,36.20875],[-5.48209,36.20921],[-5.48247,36.21067],[-5.48224,36.21091],[-5.48058,36.21076],[-5.47979,36.21039],[-5.48002,36.20874],[-5.47952,36.20793],[-5.47911,36.20768],[-5.47878,36.20782],[-5.47795,36.20965],[-5.47753,36.20961],[-5.47677,36.20897],[-5.47593,36.20982],[-5.47508,36.20965],[-5.47397,36.20884],[-5.473,36.2092],[-5.47431,36.2099],[-5.47608,36.21163],[-5.48019,36.21266],[-5.48103,36.21314],[-5.48206,36.21338],[-5.48252,36.2141],[-5.48221,36.21449],[-5.48089,36.215],[-5.48157,36.2161],[-5.48142,36.21636],[-5.48012,36.21647],[-5.47953,36.21619],[-5.47875,36.21531],[-5.47778,36.21513],[-5.47724,36.21535],[-5.47758,36.21591],[-5.47945,36.21723],[-5.47949,36.21785],[-5.47905,36.21856],[-5.47826,36.21818],[-5.47693,36.21829],[-5.47489,36.21763],[-5.47375,36.21764],[-5.47373,36.21893],[-5.47454,36.22069],[-5.47665,36.2223],[-5.47521,36.2224],[-5.47224,36.22121],[-5.47144,36.22133],[-5.47157,36.22201],[-5.47228,36.22277],[-5.47309,36.22435],[-5.47464,36.22524],[-5.47429,36.22617],[-5.47512,36.22757],[-5.47308,36.22709],[-5.47287,36.22672],[-5.47289,36.22587],[-5.4717,36.22551],[-5.4689,36.2231],[-5.46862,36.22344],[-5.46928,36.2252],[-5.46869,36.22526],[-5.46767,36.22464],[-5.46733,36.22479],[-5.46749,36.22553],[-5.46809,36.22637],[-5.46759,36.22726],[-5.46819,36.22764],[-5.47009,36.22788],[-5.46868,36.22909],[-5.46886,36.22955],[-5.47021,36.22994],[-5.46945,36.23048],[-5.46996,36.23143],[-5.47103,36.23185],[-5.47492,36.23218],[-5.47563,36.23242],[-5.47598,36.23281],[-5.47601,36.23344],[-5.47417,36.23318],[-5.47215,36.23353],[-5.47087,36.23481],[-5.47068,36.2353],[-5.47084,36.23605],[-5.47051,36.23671],[-5.46984,36.23723],[-5.46847,36.2371],[-5.46646,36.23814],[-5.46574,36.23882],[-5.46575,36.23905],[-5.46682,36.2399],[-5.46672,36.24069],[-5.46745,36.24147],[-5.46724,36.24293],[-5.46817,36.24342],[-5.46751,36.24413],[-5.46818,36.24519],[-5.4696,36.24578],[-5.47152,36.24603],[-5.47383,36.24516],[-5.47369,36.24566],[-5.47279,36.24638],[-5.46998,36.24713],[-5.46892,36.24709],[-5.46661,36.24611],[-5.46559,36.24426],[-5.46514,36.24402],[-5.46527,36.24369],[-5.46494,36.24162],[-5.46265,36.23895],[-5.46295,36.23832],[-5.46274,36.23684],[-5.4641,36.23573],[-5.46511,36.23427],[-5.46636,36.23408],[-5.46767,36.23301],[-5.46592,36.23252],[-5.46565,36.23198],[-5.46514,36.23184],[-5.46485,36.23144],[-5.46334,36.23177],[-5.46218,36.231],[-5.46294,36.22976],[-5.46285,36.22796],[-5.46245,36.22687],[-5.46201,36.22667],[-5.46082,36.22689],[-5.46072,36.22633],[-5.46124,36.22579],[-5.46313,36.22515],[-5.46328,36.22415],[-5.46302,36.2238],[-5.46135,36.2229],[-5.46182,36.22209],[-5.46099,36.22091],[-5.46114,36.21958],[-5.46076,36.21957],[-5.46017,36.2202],[-5.46056,36.22179],[-5.45887,36.22184],[-5.4589,36.22226],[-5.45848,36.22274],[-5.4598,36.22379],[-5.45976,36.22474],[-5.45736,36.2256],[-5.45834,36.22684],[-5.45705,36.2275],[-5.45694,36.2283],[-5.45584,36.22914],[-5.45623,36.22984],[-5.4573,36.22979],[-5.4581,36.23026],[-5.45831,36.23079],[-5.45814,36.23182],[-5.45913,36.23246],[-5.45947,36.23345],[-5.45928,36.23397],[-5.45884,36.23432],[-5.45795,36.23416],[-5.45601,36.23438],[-5.45518,36.2348],[-5.45634,36.23564],[-5.45643,36.2369],[-5.45598,36.23792],[-5.45444,36.23904],[-5.45795,36.24168],[-5.45763,36.24276],[-5.45663,36.24331],[-5.45675,36.24453],[-5.45618,36.24529],[-5.45643,36.2459],[-5.45713,36.2459],[-5.4578,36.24522],[-5.45926,36.24483],[-5.45985,36.24497],[-5.46121,36.2462],[-5.46089,36.24747],[-5.46239,36.24869],[-5.46117,36.25013],[-5.46159,36.25251],[-5.46087,36.25418],[-5.46135,36.25488],[-5.46279,36.25557],[-5.46159,36.25617],[-5.46151,36.2566],[-5.46178,36.25708],[-5.46102,36.25793],[-5.46008,36.25738],[-5.45966,36.25665],[-5.45886,36.25621],[-5.45856,36.25556],[-5.45807,36.25538],[-5.45447,36.25572],[-5.45358,36.25545],[-5.45286,36.25477],[-5.45219,36.25463],[-5.45039,36.25513],[-5.447,36.2596],[-5.44767,36.26077],[-5.44785,36.26165],[-5.44387,36.26151],[-5.44309,36.2619],[-5.4423,36.26286],[-5.44223,36.26357],[-5.44308,36.2647],[-5.44367,36.26513],[-5.44559,36.26547],[-5.44631,36.26671],[-5.44521,36.26864],[-5.44378,36.26949],[-5.44347,36.27051],[-5.44258,36.27131],[-5.44242,36.27184],[-5.44277,36.27234],[-5.44454,36.27358],[-5.44504,36.27325],[-5.44552,36.27211],[-5.4463,36.27172],[-5.44808,36.27193],[-5.45238,36.27343],[-5.4547,36.2734],[-5.45625,36.27266],[-5.45655,36.27389],[-5.45801,36.27486],[-5.45557,36.27481],[-5.45397,36.27539],[-5.45256,36.27499],[-5.44967,36.27695],[-5.4495,36.27744],[-5.45044,36.27927],[-5.45252,36.28136],[-5.45094,36.28083],[-5.44943,36.2811],[-5.4494,36.28368],[-5.4483,36.2855],[-5.44799,36.28662],[-5.44943,36.28865],[-5.45002,36.29051],[-5.45053,36.29116],[-5.45191,36.29151],[-5.45394,36.29113],[-5.4552,36.29063],[-5.45651,36.29144],[-5.4576,36.29303],[-5.45734,36.29375],[-5.45744,36.29427],[-5.45881,36.29534],[-5.45796,36.29751],[-5.45793,36.29953],[-5.4573,36.30185],[-5.45626,36.30307],[-5.45418,36.30414],[-5.45333,36.30487],[-5.45352,36.3054],[-5.45476,36.30617],[-5.45666,36.30567],[-5.45784,36.30481],[-5.45848,36.30377],[-5.45883,36.30606],[-5.45929,36.30649],[-5.46016,36.30621],[-5.46031,36.30512],[-5.46189,36.30384],[-5.46234,36.30566],[-5.4627,36.30608],[-5.4636,36.30632],[-5.46443,36.30619],[-5.46523,36.30664],[-5.46641,36.30612],[-5.46955,36.30375],[-5.47072,36.30129],[-5.47286,36.30016],[-5.47333,36.29784],[-5.47399,36.29675],[-5.47404,36.29614],[-5.47374,36.29551],[-5.47541,36.29497],[-5.47555,36.29452],[-5.47536,36.29372],[-5.47676,36.2938],[-5.47709,36.29444],[-5.47723,36.29665],[-5.47768,36.29648],[-5.47802,36.2959],[-5.47915,36.29592],[-5.48088,36.29476],[-5.48103,36.29531],[-5.48077,36.29651],[-5.48157,36.29718],[-5.48066,36.29856],[-5.48019,36.30016],[-5.48054,36.30045],[-5.48278,36.30079],[-5.48456,36.30185],[-5.48546,36.30403],[-5.48601,36.30398],[-5.48673,36.30344],[-5.48729,36.30138],[-5.48803,36.30083],[-5.48894,36.30091],[-5.49074,36.30204],[-5.49265,36.30135],[-5.49227,36.30104],[-5.4904,36.30079],[-5.48936,36.29971],[-5.48894,36.2984],[-5.48939,36.2978],[-5.49049,36.29702],[-5.49028,36.29647],[-5.4891,36.29531],[-5.49026,36.29564],[-5.49112,36.29678],[-5.49147,36.2969],[-5.49339,36.29414],[-5.49458,36.29431],[-5.49564,36.29406],[-5.4958,36.29509],[-5.49614,36.29562],[-5.49794,36.29778],[-5.499,36.29843],[-5.50062,36.29837],[-5.50193,36.29678],[-5.50274,36.29653],[-5.50315,36.29694],[-5.50359,36.29935],[-5.50426,36.29972],[-5.50577,36.29973],[-5.50538,36.30007],[-5.50448,36.30027],[-5.50327,36.30017],[-5.50276,36.29981],[-5.50244,36.29793],[-5.5019,36.29809],[-5.50144,36.29902],[-5.50147,36.30053],[-5.50228,36.30188],[-5.50338,36.30281],[-5.50299,36.30283],[-5.50067,36.30129],[-5.5003,36.2992],[-5.49815,36.29876],[-5.495,36.29556],[-5.49449,36.29528],[-5.49334,36.29529],[-5.4922,36.29719],[-5.49007,36.29851],[-5.49009,36.29923],[-5.49046,36.29973],[-5.49125,36.30015],[-5.4928,36.29966],[-5.49474,36.29952],[-5.49576,36.30033],[-5.49641,36.30183],[-5.4951,36.30209],[-5.49365,36.30285],[-5.4929,36.30277],[-5.49049,36.30396],[-5.48914,36.30328],[-5.48877,36.30429],[-5.48603,36.30559],[-5.48598,36.30663],[-5.48791,36.30934],[-5.48826,36.31026],[-5.48555,36.30869],[-5.48505,36.30741],[-5.48477,36.30721],[-5.48323,36.30783],[-5.48177,36.30771],[-5.48083,36.30583],[-5.48242,36.30519],[-5.48287,36.30404],[-5.48264,36.30323],[-5.48164,36.30293],[-5.47947,36.30286],[-5.47786,36.30213],[-5.47773,36.30289],[-5.4781,36.30381],[-5.47654,36.30563],[-5.47781,36.30811],[-5.47702,36.30902],[-5.47679,36.30965],[-5.47638,36.30933],[-5.47611,36.30868],[-5.47572,36.3088],[-5.47615,36.30981],[-5.4759,36.31105],[-5.47598,36.3121],[-5.4748,36.31297],[-5.47512,36.31371],[-5.47725,36.31521],[-5.47674,36.31556],[-5.47371,36.31397],[-5.47331,36.31421],[-5.47356,36.31495],[-5.47331,36.31622],[-5.47405,36.31745],[-5.47448,36.32024],[-5.47578,36.32177],[-5.47571,36.32239],[-5.47597,36.3229],[-5.47708,36.32356],[-5.48062,36.32402],[-5.48072,36.3247],[-5.47925,36.32641],[-5.47845,36.32855],[-5.47761,36.32958],[-5.47764,36.33014],[-5.4783,36.33082],[-5.4782,36.33095],[-5.47757,36.33109],[-5.47672,36.33089],[-5.47617,36.33111],[-5.47524,36.33253],[-5.47379,36.33286],[-5.47377,36.33342],[-5.47445,36.33385],[-5.47476,36.33445],[-5.47363,36.33453],[-5.4733,36.33556],[-5.47037,36.33643],[-5.47003,36.33672],[-5.47094,36.3383],[-5.47076,36.33919],[-5.47089,36.34024],[-5.47048,36.34104],[-5.47063,36.34152],[-5.47135,36.34184],[-5.47153,36.34227],[-5.47259,36.3425],[-5.47337,36.34366],[-5.47337,36.34415],[-5.47433,36.34454],[-5.47432,36.34566],[-5.47485,36.34591],[-5.47468,36.34743],[-5.47525,36.34785],[-5.47676,36.34711],[-5.47825,36.34688],[-5.47899,36.34868],[-5.47992,36.3498],[-5.48083,36.34965],[-5.48164,36.34861],[-5.48254,36.34859],[-5.48323,36.3482],[-5.4853,36.34846],[-5.48563,36.34732],[-5.48634,36.34618],[-5.48593,36.34459],[-5.48691,36.34541],[-5.48729,36.34547],[-5.4876,36.34467],[-5.48734,36.34373],[-5.48766,36.34364],[-5.48802,36.34402],[-5.48849,36.34537],[-5.48932,36.34443],[-5.49123,36.34352],[-5.49198,36.34255],[-5.49377,36.34192],[-5.49385,36.34074],[-5.49496,36.34158],[-5.49556,36.34076],[-5.4961,36.34043],[-5.49575,36.34171],[-5.49515,36.34248],[-5.49659,36.34237],[-5.49925,36.34363],[-5.49964,36.34352],[-5.50014,36.34225],[-5.50043,36.34372],[-5.49936,36.34423],[-5.49936,36.34447],[-5.50067,36.34515],[-5.50148,36.34602],[-5.5028,36.34939],[-5.50393,36.34991],[-5.5053,36.35001],[-5.50507,36.35026],[-5.50419,36.35043],[-5.50234,36.35006],[-5.50253,36.3515],[-5.50225,36.35304],[-5.50307,36.35604],[-5.50353,36.35668],[-5.50447,36.35703],[-5.50555,36.35589],[-5.50541,36.35716],[-5.50442,36.35801],[-5.50282,36.35756],[-5.50184,36.35585],[-5.50129,36.35399],[-5.50094,36.35374],[-5.49923,36.35392],[-5.49758,36.35508],[-5.49781,36.35417],[-5.49838,36.35354],[-5.50019,36.35342],[-5.50097,36.35281],[-5.50127,36.35121],[-5.50119,36.34872],[-5.50061,36.34724],[-5.49992,36.34622],[-5.49776,36.34424],[-5.49579,36.34342],[-5.49317,36.34346],[-5.49271,36.34471],[-5.49086,36.34528],[-5.48909,36.34663],[-5.48794,36.34792],[-5.48797,36.34849],[-5.48725,36.3487],[-5.48633,36.34999],[-5.48455,36.35064],[-5.48385,36.34994],[-5.48292,36.34991],[-5.48193,36.35075],[-5.48182,36.35142],[-5.4814,36.35168],[-5.47876,36.35134],[-5.47819,36.3503],[-5.47719,36.34955],[-5.4769,36.34991],[-5.47698,36.3509],[-5.47652,36.35279],[-5.47495,36.34994],[-5.47448,36.34983],[-5.47346,36.35057],[-5.47333,36.35043],[-5.4732,36.34968],[-5.47221,36.34836],[-5.47246,36.34632],[-5.47124,36.34504],[-5.4708,36.34419],[-5.46997,36.34417],[-5.46883,36.34189],[-5.46774,36.34244],[-5.46739,36.34238],[-5.46737,36.34102],[-5.46608,36.34142],[-5.46577,36.33961],[-5.46414,36.33892],[-5.46387,36.33825],[-5.46229,36.33669],[-5.46377,36.33582],[-5.46292,36.33489],[-5.46289,36.33187],[-5.4634,36.33049],[-5.4632,36.32909],[-5.46191,36.32857],[-5.46167,36.32795],[-5.46056,36.32795],[-5.46026,36.32749],[-5.4591,36.32739],[-5.45863,36.32695],[-5.45871,36.32568],[-5.45927,36.32476],[-5.45945,36.32395],[-5.45925,36.32313],[-5.45864,36.32241],[-5.45866,36.32172],[-5.45904,36.32139],[-5.46059,36.32129],[-5.46114,36.32099],[-5.4608,36.32001],[-5.45974,36.31955],[-5.46016,36.31831],[-5.45999,36.31564],[-5.46122,36.3136],[-5.46193,36.31179],[-5.46187,36.31125],[-5.46071,36.31064],[-5.46086,36.31024],[-5.46069,36.30984],[-5.46131,36.30958],[-5.46124,36.30918],[-5.45923,36.31005],[-5.45733,36.31033],[-5.45717,36.31117],[-5.45689,36.31143],[-5.45536,36.31173],[-5.4545,36.3125],[-5.4539,36.3124],[-5.45318,36.31188],[-5.45269,36.31192],[-5.45231,36.31229],[-5.45227,36.31341],[-5.45095,36.31365],[-5.45088,36.31522],[-5.44969,36.31575],[-5.44918,36.31728],[-5.44838,36.31744],[-5.44804,36.3178],[-5.44887,36.31947],[-5.44758,36.31953],[-5.44749,36.31978],[-5.44796,36.32086],[-5.44707,36.32271],[-5.44792,36.32312],[-5.44913,36.32286],[-5.44859,36.32377],[-5.44878,36.32468],[-5.44743,36.32425],[-5.44698,36.32485],[-5.44694,36.32576],[-5.44753,36.32679],[-5.4465,36.32757],[-5.44642,36.32834],[-5.44666,36.32898],[-5.44548,36.32876],[-5.44492,36.32756],[-5.44485,36.32651],[-5.44418,36.32531],[-5.44239,36.32445],[-5.4433,36.3239],[-5.44399,36.32293],[-5.44479,36.32236],[-5.44478,36.32188],[-5.44436,36.32116],[-5.44427,36.31943],[-5.44391,36.31963],[-5.4435,36.32092],[-5.44312,36.32121],[-5.44305,36.3203],[-5.44289,36.32011],[-5.44197,36.32012],[-5.4419,36.31944],[-5.44156,36.31912],[-5.43996,36.3195],[-5.43901,36.31946],[-5.43876,36.3204],[-5.43763,36.31924],[-5.43533,36.31985],[-5.43453,36.31976],[-5.43552,36.31936],[-5.43558,36.31889],[-5.43623,36.31883],[-5.43706,36.31822],[-5.43856,36.31835],[-5.43965,36.31791],[-5.44024,36.31729],[-5.43949,36.31636],[-5.43982,36.3162],[-5.43984,36.31575],[-5.44117,36.31667],[-5.44199,36.31625],[-5.44204,36.31574],[-5.44157,36.31517],[-5.44103,36.31497],[-5.43957,36.31503],[-5.43933,36.31487],[-5.43933,36.31423],[-5.43768,36.31366],[-5.4363,36.31383],[-5.43668,36.3134],[-5.44027,36.31352],[-5.4458,36.31552],[-5.44623,36.31531],[-5.44698,36.31419],[-5.44585,36.31304],[-5.4453,36.31296],[-5.44421,36.31336],[-5.44128,36.312],[-5.44018,36.31252],[-5.43881,36.31189],[-5.43767,36.31194],[-5.43593,36.31226],[-5.43397,36.31314],[-5.43353,36.31247],[-5.43158,36.31315],[-5.43181,36.3122],[-5.43264,36.31174],[-5.43462,36.31122],[-5.43505,36.31068],[-5.43441,36.31043],[-5.43309,36.31073],[-5.43246,36.31062],[-5.43231,36.31047],[-5.43322,36.30977],[-5.43321,36.30942],[-5.43113,36.30883],[-5.43204,36.30814],[-5.43306,36.30789],[-5.438,36.30887],[-5.4378,36.30795],[-5.43656,36.30718],[-5.43191,36.30693],[-5.42976,36.30781],[-5.42858,36.308],[-5.43019,36.30904],[-5.43004,36.30939],[-5.42923,36.30954],[-5.42906,36.31021],[-5.43081,36.31117],[-5.4296,36.31146],[-5.4294,36.31167],[-5.42965,36.31229],[-5.42805,36.31379],[-5.42832,36.31203],[-5.4282,36.31126],[-5.42786,36.31113],[-5.42673,36.31156],[-5.42686,36.31079],[-5.42616,36.3106],[-5.42619,36.30984],[-5.42557,36.30986],[-5.42523,36.31033],[-5.42565,36.31281],[-5.4254,36.31495],[-5.42606,36.31669],[-5.42569,36.31724],[-5.42508,36.31746],[-5.4245,36.31594],[-5.42405,36.31564],[-5.4232,36.31564],[-5.42388,36.31484],[-5.42224,36.31462],[-5.42349,36.31402],[-5.42383,36.31361],[-5.42337,36.31303],[-5.42361,36.31217],[-5.42326,36.31062],[-5.42273,36.3106],[-5.42217,36.31151],[-5.42147,36.31143],[-5.42093,36.31182],[-5.42064,36.31173],[-5.42128,36.31043],[-5.42028,36.30953],[-5.42021,36.30918],[-5.42158,36.3092],[-5.42204,36.30898],[-5.42182,36.30855],[-5.42236,36.30769],[-5.42173,36.30753],[-5.42178,36.30713],[-5.4214,36.30694],[-5.41959,36.30734],[-5.41967,36.30626],[-5.41918,36.30595],[-5.41921,36.30534],[-5.41667,36.30522],[-5.41638,36.3058],[-5.41669,36.30632],[-5.4186,36.3072],[-5.41786,36.30748],[-5.41769,36.30791],[-5.41823,36.30913],[-5.41837,36.31026],[-5.41818,36.31048],[-5.41763,36.30974],[-5.41683,36.30955],[-5.4168,36.30874],[-5.41625,36.30866],[-5.41503,36.30899],[-5.41502,36.30788],[-5.4146,36.3069],[-5.41312,36.30652],[-5.41301,36.30611],[-5.41231,36.30565],[-5.41242,36.30494],[-5.4107,36.30434],[-5.41029,36.30503],[-5.41131,36.30614],[-5.41154,36.30728],[-5.41096,36.30779],[-5.41029,36.30764],[-5.40968,36.30822],[-5.40875,36.30812],[-5.40816,36.30892],[-5.40897,36.30953],[-5.411,36.31009],[-5.41224,36.31097],[-5.41236,36.31137],[-5.40995,36.31069],[-5.40793,36.31071],[-5.40824,36.31115],[-5.40817,36.31143],[-5.40666,36.31133],[-5.40441,36.31238],[-5.40423,36.31287],[-5.4044,36.31323],[-5.4037,36.31355],[-5.40336,36.31423],[-5.40449,36.31462],[-5.40601,36.31569],[-5.40694,36.31596],[-5.40884,36.31568],[-5.40939,36.31429],[-5.41096,36.3146],[-5.41118,36.31495],[-5.41057,36.31587],[-5.41065,36.31632],[-5.4112,36.31634],[-5.41198,36.31593],[-5.41237,36.31603],[-5.41239,36.31761],[-5.41187,36.31899],[-5.41268,36.31916],[-5.41391,36.31857],[-5.41518,36.31961],[-5.41575,36.31961],[-5.41616,36.31909],[-5.4166,36.31974],[-5.41742,36.31992],[-5.41703,36.32036],[-5.4155,36.32114],[-5.41288,36.32112],[-5.41182,36.32229],[-5.41174,36.32254],[-5.41206,36.32277],[-5.4135,36.32322],[-5.41492,36.32244],[-5.41662,36.32261],[-5.41756,36.32246],[-5.41843,36.323],[-5.41904,36.32305],[-5.41974,36.32276],[-5.41957,36.3221],[-5.41972,36.3219],[-5.42089,36.32254],[-5.42186,36.32169],[-5.42284,36.32252],[-5.42278,36.32286],[-5.42107,36.32336],[-5.42058,36.3247],[-5.41922,36.32462],[-5.41704,36.3257],[-5.41385,36.32572],[-5.41222,36.32683],[-5.41241,36.32712],[-5.41557,36.32696],[-5.41705,36.32626],[-5.41804,36.32619],[-5.41875,36.32675],[-5.42,36.32652],[-5.42159,36.3269],[-5.42131,36.32882],[-5.4218,36.32943],[-5.42253,36.32943],[-5.42282,36.32791],[-5.42387,36.32721],[-5.4261,36.32929],[-5.42666,36.3294],[-5.42723,36.32901],[-5.42722,36.32875],[-5.42584,36.32675],[-5.42547,36.32557],[-5.42587,36.32547],[-5.42748,36.32671],[-5.42814,36.3269],[-5.42846,36.32647],[-5.42801,36.32583],[-5.42925,36.32484],[-5.42836,36.32342],[-5.4316,36.32377],[-5.43179,36.32385],[-5.43163,36.32476],[-5.43075,36.32633],[-5.43075,36.32689],[-5.431,36.32722],[-5.43162,36.32699],[-5.43402,36.32517],[-5.43506,36.32483],[-5.43537,36.3252],[-5.43527,36.32628],[-5.43419,36.32738],[-5.43404,36.32833],[-5.43133,36.32993],[-5.43111,36.33036],[-5.4313,36.33071],[-5.43218,36.33066],[-5.43414,36.32926],[-5.43513,36.32897],[-5.43512,36.32945],[-5.43425,36.33099],[-5.43421,36.33145],[-5.4344,36.33204],[-5.43523,36.33243],[-5.43587,36.33169],[-5.43628,36.33007],[-5.43663,36.32978],[-5.43826,36.3293],[-5.43955,36.32815],[-5.44061,36.32801],[-5.442,36.32825],[-5.4429,36.32889],[-5.4432,36.33017],[-5.4436,36.33077],[-5.44522,36.33169],[-5.44481,36.33239],[-5.44355,36.33345],[-5.44352,36.33418],[-5.44419,36.33557],[-5.44397,36.33652],[-5.44441,36.33673],[-5.44566,36.33658],[-5.4459,36.33642],[-5.44605,36.33542],[-5.44635,36.33506],[-5.44653,36.33583],[-5.44717,36.33567],[-5.44756,36.33591],[-5.44695,36.33692],[-5.44811,36.3367],[-5.44935,36.33574],[-5.44964,36.33582],[-5.44907,36.33704],[-5.44945,36.33778],[-5.4483,36.33793],[-5.44815,36.33822],[-5.44886,36.33862],[-5.44775,36.33906],[-5.44764,36.33937],[-5.44908,36.3405],[-5.45159,36.34016],[-5.45113,36.34125],[-5.45301,36.3426],[-5.45452,36.34463],[-5.45194,36.34396],[-5.45084,36.34318],[-5.44997,36.34321],[-5.44972,36.34259],[-5.449,36.34217],[-5.44801,36.34321],[-5.44718,36.34153],[-5.44663,36.34148],[-5.44584,36.34197],[-5.44511,36.34154],[-5.44408,36.34132],[-5.4439,36.34142],[-5.44401,36.34179],[-5.44513,36.34348],[-5.44634,36.34451],[-5.44702,36.34624],[-5.448,36.34692],[-5.44723,36.34702],[-5.4468,36.34737],[-5.44677,36.34885],[-5.4465,36.34896],[-5.44529,36.34717],[-5.44448,36.34644],[-5.4428,36.34595],[-5.44247,36.34603],[-5.44233,36.34638],[-5.44609,36.35081],[-5.4478,36.35133],[-5.44957,36.3525],[-5.45068,36.35387],[-5.45295,36.35506],[-5.45207,36.35535],[-5.45101,36.35479],[-5.4503,36.35542],[-5.45026,36.35589],[-5.45232,36.35764],[-5.45285,36.35767],[-5.45291,36.35836],[-5.45362,36.35874],[-5.45393,36.35977],[-5.45508,36.36084],[-5.45248,36.36079],[-5.45222,36.36063],[-5.45189,36.35932],[-5.45133,36.35864],[-5.45043,36.35787],[-5.44945,36.35744],[-5.44875,36.35739],[-5.44758,36.35786],[-5.44622,36.3576],[-5.44563,36.35666],[-5.44471,36.35619],[-5.44442,36.35574],[-5.44431,36.35526],[-5.44456,36.35441],[-5.44405,36.35327],[-5.44261,36.35219],[-5.44162,36.3519],[-5.44117,36.35106],[-5.4404,36.35047],[-5.43992,36.35042],[-5.4394,36.35071],[-5.43891,36.35177],[-5.43961,36.35348],[-5.43957,36.35455],[-5.43928,36.35469],[-5.43721,36.35416],[-5.43682,36.35449],[-5.43665,36.35506],[-5.43689,36.35624],[-5.43841,36.35745],[-5.43935,36.35776],[-5.43979,36.35855],[-5.44125,36.35978],[-5.44101,36.36046],[-5.44115,36.36066],[-5.44568,36.36352],[-5.44705,36.36345],[-5.44899,36.36234],[-5.45133,36.3624],[-5.44983,36.36495],[-5.44991,36.36541],[-5.45106,36.36639],[-5.44948,36.36697],[-5.44916,36.36732],[-5.44864,36.36877],[-5.44889,36.37028],[-5.44994,36.37159],[-5.45028,36.37244],[-5.45117,36.37275],[-5.45131,36.37348],[-5.45214,36.37453],[-5.4533,36.37535],[-5.45385,36.37516],[-5.45385,36.37582],[-5.45503,36.37615],[-5.45691,36.3779],[-5.4585,36.37829],[-5.45786,36.37868],[-5.45701,36.37866],[-5.45526,36.37772],[-5.45385,36.37757],[-5.45356,36.37725],[-5.45306,36.3775],[-5.45277,36.37686],[-5.4519,36.37735],[-5.45102,36.37691],[-5.45068,36.37722],[-5.45042,36.37872],[-5.44871,36.38057],[-5.44846,36.3812],[-5.44645,36.38158],[-5.44579,36.38205],[-5.44452,36.38205],[-5.44429,36.38238],[-5.44459,36.38339],[-5.445,36.38381],[-5.44585,36.38314],[-5.44803,36.38284],[-5.44875,36.38323],[-5.4485,36.38452],[-5.44876,36.38524],[-5.44938,36.38536],[-5.45057,36.38501],[-5.45143,36.38529],[-5.45306,36.38696],[-5.45258,36.38788],[-5.45236,36.38913],[-5.45252,36.38998],[-5.4548,36.39188],[-5.45549,36.39207],[-5.45651,36.39198],[-5.45739,36.39258],[-5.45722,36.39428],[-5.4562,36.39393],[-5.45567,36.39426],[-5.4552,36.39405],[-5.45488,36.39432],[-5.45453,36.39568],[-5.45372,36.39715],[-5.45365,36.39876],[-5.45281,36.40048],[-5.45302,36.40096],[-5.45218,36.40097],[-5.45203,36.40132],[-5.45134,36.40146],[-5.45109,36.40139],[-5.45099,36.40069],[-5.45037,36.40048],[-5.4502,36.40062],[-5.45028,36.40128],[-5.44991,36.4019],[-5.45132,36.40245],[-5.45102,36.40333],[-5.45127,36.40381],[-5.45081,36.40423],[-5.45061,36.4058],[-5.45189,36.4069],[-5.45158,36.40706],[-5.44983,36.40659],[-5.44938,36.40672],[-5.44942,36.40707],[-5.45088,36.40762],[-5.45206,36.4085],[-5.45528,36.40931],[-5.45432,36.41029],[-5.45375,36.41226],[-5.45314,36.41299],[-5.45358,36.41386],[-5.45336,36.41452],[-5.45383,36.41552],[-5.45247,36.41485],[-5.45211,36.41525],[-5.44984,36.41455],[-5.44898,36.41467],[-5.44889,36.41529],[-5.45165,36.41608],[-5.45297,36.41671],[-5.45326,36.4171],[-5.45407,36.41734],[-5.45448,36.41897],[-5.45452,36.42049],[-5.45498,36.42118],[-5.45498,36.42232],[-5.45565,36.42341],[-5.45559,36.42418],[-5.45473,36.42528],[-5.45492,36.42576],[-5.45567,36.42484],[-5.45695,36.42483],[-5.45764,36.42525],[-5.46001,36.42545],[-5.46207,36.42633],[-5.46483,36.42697],[-5.46617,36.42676],[-5.46813,36.42685],[-5.46961,36.42612],[-5.47011,36.42539],[-5.4708,36.42535],[-5.47127,36.42505],[-5.47151,36.42459],[-5.47126,36.42381],[-5.47158,36.42344],[-5.47297,36.42285],[-5.47492,36.42248],[-5.475,36.42206],[-5.47419,36.4209],[-5.47412,36.42034],[-5.4743,36.41994],[-5.47509,36.42043],[-5.47612,36.42192],[-5.4761,36.4228],[-5.47571,36.4233],[-5.47476,36.42353],[-5.47427,36.42394],[-5.47407,36.42536],[-5.47264,36.42601],[-5.47238,36.42743],[-5.46933,36.42808],[-5.46807,36.42886],[-5.46443,36.42936],[-5.46425,36.42957],[-5.46444,36.43035],[-5.46359,36.43095],[-5.46263,36.43089],[-5.46218,36.4301],[-5.46173,36.43016],[-5.46248,36.4341],[-5.46417,36.43509],[-5.4659,36.43546],[-5.46629,36.43699],[-5.46701,36.43741],[-5.46971,36.43671],[-5.47117,36.43665],[-5.47176,36.43693],[-5.47226,36.43796],[-5.4727,36.43815],[-5.47358,36.43735],[-5.47506,36.4376],[-5.47714,36.43673],[-5.47803,36.43857],[-5.47957,36.43949],[-5.4807,36.44068],[-5.4818,36.4407],[-5.48227,36.44105],[-5.48311,36.44082],[-5.48364,36.44151],[-5.48956,36.44064],[-5.48831,36.44149],[-5.48791,36.44215],[-5.48501,36.44362],[-5.48443,36.44382],[-5.48362,36.4434],[-5.4822,36.44428],[-5.48195,36.44506],[-5.48225,36.4479],[-5.48213,36.45105],[-5.48274,36.4517],[-5.48475,36.4519],[-5.4856,36.45223],[-5.4865,36.45334],[-5.48691,36.4544],[-5.4876,36.45479],[-5.48831,36.45624],[-5.49008,36.45781],[-5.4913,36.45827],[-5.49176,36.46035],[-5.4936,36.46394],[-5.49451,36.46466],[-5.4939,36.46594],[-5.49421,36.46705],[-5.49526,36.46874],[-5.49674,36.47049],[-5.49837,36.47148],[-5.49721,36.47135],[-5.49635,36.47089],[-5.4947,36.46925],[-5.49317,36.46714],[-5.49186,36.46674],[-5.4925,36.46624],[-5.4925,36.46585],[-5.49124,36.46188],[-5.49049,36.4611],[-5.48993,36.45929],[-5.48918,36.45844],[-5.48672,36.45674],[-5.48532,36.45476],[-5.48338,36.45421],[-5.48268,36.45375],[-5.48176,36.45392],[-5.48028,36.45478],[-5.47971,36.45485],[-5.47996,36.45366],[-5.47912,36.45342],[-5.47843,36.45239],[-5.4783,36.45082],[-5.47876,36.44939],[-5.47835,36.448],[-5.47773,36.44741],[-5.4783,36.44612],[-5.47775,36.44504],[-5.47815,36.44373],[-5.47748,36.44314],[-5.47747,36.44239],[-5.47695,36.44198],[-5.47693,36.44112],[-5.47546,36.4405],[-5.47491,36.4408],[-5.47422,36.4407],[-5.47391,36.4414],[-5.47197,36.44243],[-5.47168,36.44291],[-5.47173,36.44405],[-5.47054,36.44486],[-5.46986,36.44565],[-5.46891,36.44517],[-5.46726,36.44368],[-5.4665,36.44392],[-5.46614,36.44269],[-5.46646,36.44192],[-5.4661,36.44163],[-5.46558,36.44167],[-5.46341,36.44294],[-5.46005,36.442],[-5.46043,36.44096],[-5.46023,36.44066],[-5.45933,36.44048],[-5.45999,36.43959],[-5.45951,36.43891],[-5.4609,36.43846],[-5.46142,36.43791],[-5.46071,36.43736],[-5.46078,36.43677],[-5.4605,36.43642],[-5.45778,36.437],[-5.45687,36.43686],[-5.45689,36.43655],[-5.45754,36.43605],[-5.45791,36.4352],[-5.45876,36.43494],[-5.45886,36.43464],[-5.45834,36.43195],[-5.45725,36.43036],[-5.45735,36.42963],[-5.45694,36.429],[-5.45625,36.4293],[-5.45548,36.42907],[-5.45506,36.42931],[-5.45445,36.43039],[-5.45246,36.43252],[-5.4522,36.43304],[-5.4521,36.43456],[-5.4531,36.43752],[-5.45326,36.43891],[-5.45382,36.43951],[-5.45514,36.44002],[-5.45539,36.44115],[-5.45573,36.44164],[-5.45834,36.44252],[-5.4583,36.4436],[-5.45945,36.44478],[-5.45928,36.44569],[-5.4583,36.44651],[-5.45626,36.44699],[-5.45518,36.44799],[-5.45505,36.44853],[-5.45615,36.44936],[-5.45555,36.44992],[-5.45585,36.45101],[-5.45379,36.45183],[-5.45257,36.45191],[-5.45198,36.45306],[-5.44868,36.45245],[-5.44609,36.45451],[-5.4441,36.45441],[-5.44358,36.45509],[-5.44268,36.45529],[-5.44199,36.45578],[-5.44173,36.45739],[-5.44103,36.45725],[-5.44048,36.45773],[-5.44006,36.45717],[-5.43956,36.4551],[-5.43773,36.45454],[-5.43653,36.45456],[-5.43872,36.45345],[-5.43911,36.45253],[-5.44063,36.45155],[-5.43952,36.45083],[-5.43852,36.45129],[-5.43818,36.45122],[-5.43796,36.44938],[-5.43725,36.44862],[-5.43736,36.44818],[-5.43933,36.44746],[-5.43953,36.44707],[-5.43933,36.44609],[-5.43981,36.44509],[-5.43901,36.44362],[-5.44054,36.4435],[-5.44093,36.4432],[-5.44076,36.44288],[-5.43907,36.44229],[-5.43873,36.44157],[-5.43876,36.44072],[-5.43919,36.44032],[-5.4409,36.44049],[-5.44141,36.44025],[-5.44171,36.43948],[-5.44156,36.43874],[-5.44101,36.43776],[-5.43999,36.43677],[-5.43966,36.43686],[-5.4398,36.43747],[-5.43925,36.4385],[-5.43805,36.43859],[-5.43759,36.4381],[-5.43696,36.43667],[-5.43614,36.43631],[-5.43609,36.43682],[-5.43645,36.43762],[-5.43634,36.43815],[-5.43509,36.43825],[-5.43489,36.43885],[-5.43621,36.44127],[-5.43631,36.44218],[-5.43694,36.44345],[-5.43671,36.44412],[-5.43691,36.44476],[-5.4357,36.44675],[-5.43587,36.44728],[-5.43648,36.4477],[-5.4364,36.44819],[-5.43602,36.44833],[-5.43594,36.44909],[-5.43475,36.45063],[-5.4341,36.44992],[-5.4343,36.44915],[-5.43413,36.44862],[-5.43281,36.44763],[-5.43331,36.44755],[-5.43358,36.44708],[-5.43369,36.44335],[-5.4322,36.44315],[-5.4319,36.44234],[-5.43206,36.44171],[-5.43152,36.44114],[-5.42961,36.44212],[-5.42913,36.44337],[-5.42864,36.4433],[-5.42766,36.44247],[-5.42726,36.44259],[-5.42738,36.44338],[-5.42821,36.44421],[-5.4278,36.44506],[-5.42978,36.44496],[-5.43158,36.44694],[-5.43144,36.44739],[-5.43018,36.44807],[-5.42981,36.44853],[-5.43025,36.44925],[-5.43166,36.44983],[-5.43182,36.45018],[-5.43094,36.45077],[-5.43071,36.4514],[-5.43034,36.45154],[-5.42981,36.45131],[-5.42911,36.45043],[-5.4284,36.45063],[-5.42867,36.45143],[-5.43061,36.45242],[-5.43013,36.45303],[-5.42995,36.45379],[-5.4295,36.4541],[-5.42785,36.45441],[-5.42743,36.45475],[-5.42807,36.45541],[-5.4282,36.45743],[-5.42898,36.45847],[-5.43055,36.45903],[-5.43173,36.45896],[-5.43224,36.45974],[-5.43195,36.46011],[-5.43148,36.46001],[-5.43001,36.46046],[-5.4285,36.46046],[-5.4281,36.46085],[-5.42817,36.46129],[-5.42969,36.46161],[-5.43106,36.46251],[-5.4314,36.46299],[-5.43129,36.46373],[-5.43157,36.46449],[-5.43611,36.46438],[-5.43655,36.46462],[-5.43724,36.46431],[-5.43823,36.4647],[-5.43828,36.46509],[-5.43797,36.46556],[-5.43828,36.46602],[-5.43657,36.46673],[-5.43633,36.46749],[-5.4365,36.46879],[-5.43629,36.46909],[-5.43578,36.46857],[-5.43513,36.46705],[-5.43468,36.46671],[-5.43206,36.46648],[-5.43066,36.46698],[-5.42941,36.46637],[-5.42797,36.46649],[-5.4266,36.4669],[-5.4263,36.46682],[-5.42512,36.46525],[-5.42452,36.46512],[-5.42383,36.46552],[-5.42441,36.46707],[-5.42435,36.46795],[-5.4242,36.46818],[-5.42278,36.46855],[-5.42243,36.46931],[-5.42315,36.47085],[-5.42449,36.4712],[-5.42524,36.47203],[-5.42689,36.47163],[-5.42832,36.47213],[-5.43166,36.47217],[-5.43412,36.47149],[-5.43437,36.47284],[-5.43485,36.47305],[-5.43604,36.47275],[-5.43642,36.47327],[-5.4372,36.47322],[-5.43742,36.47351],[-5.43729,36.47431],[-5.43847,36.47483],[-5.43845,36.47513],[-5.43715,36.47571],[-5.43709,36.47596],[-5.43845,36.47591],[-5.43951,36.47641],[-5.43652,36.47673],[-5.43607,36.47699],[-5.4368,36.4775],[-5.43585,36.47799],[-5.43588,36.47866],[-5.43704,36.47972],[-5.43583,36.47941],[-5.43511,36.47896],[-5.43457,36.47766],[-5.43213,36.47724],[-5.43129,36.47653],[-5.43034,36.47634],[-5.43009,36.47642],[-5.42973,36.47721],[-5.42874,36.47767],[-5.42767,36.47744],[-5.42688,36.47793],[-5.42407,36.47722],[-5.42141,36.47821],[-5.42041,36.47798],[-5.41989,36.47819],[-5.41949,36.47868],[-5.41931,36.47966],[-5.41863,36.4797],[-5.41834,36.4801],[-5.41847,36.48191],[-5.41789,36.48284],[-5.41729,36.48218],[-5.41639,36.48197],[-5.41543,36.48075],[-5.41432,36.48126],[-5.41442,36.48268],[-5.41399,36.48307],[-5.41344,36.48302],[-5.41252,36.48247],[-5.41148,36.48281],[-5.4113,36.48268],[-5.41171,36.48211],[-5.41087,36.48155],[-5.41022,36.48167],[-5.40997,36.48237],[-5.41036,36.48373],[-5.41042,36.48514],[-5.41005,36.48646],[-5.40946,36.48708],[-5.40753,36.48735],[-5.40804,36.48807],[-5.40739,36.48818],[-5.40717,36.48855],[-5.40774,36.48923],[-5.40773,36.49005],[-5.40721,36.49023],[-5.4072,36.49107],[-5.4068,36.49142],[-5.40646,36.4924],[-5.40451,36.49416],[-5.40469,36.49446],[-5.40815,36.49454],[-5.40934,36.49492],[-5.41087,36.49629],[-5.41111,36.4968],[-5.41116,36.49738],[-5.41071,36.49842],[-5.41,36.49929],[-5.40937,36.50084],[-5.41027,36.50263],[-5.41132,36.50281],[-5.41176,36.50419],[-5.41078,36.50643],[-5.41098,36.50774],[-5.41042,36.5077],[-5.4099,36.50711],[-5.41036,36.50519],[-5.4103,36.50407],[-5.4087,36.50253],[-5.40753,36.50236],[-5.40781,36.50191],[-5.40742,36.50143],[-5.40687,36.4995],[-5.40875,36.49809],[-5.40878,36.49765],[-5.4084,36.49715],[-5.40726,36.49726],[-5.40714,36.49674],[-5.40677,36.49647],[-5.40612,36.4965],[-5.40523,36.49617],[-5.40268,36.49623],[-5.40217,36.49578],[-5.40128,36.49601],[-5.40079,36.49573],[-5.40042,36.49623],[-5.40028,36.49523],[-5.39982,36.49489],[-5.39723,36.49395],[-5.39528,36.49357],[-5.39498,36.49356],[-5.39337,36.49478],[-5.39247,36.4938],[-5.39006,36.49439],[-5.38925,36.49432],[-5.39245,36.49283],[-5.39423,36.49249],[-5.39507,36.49205],[-5.3961,36.49208],[-5.3967,36.4915],[-5.39784,36.49143],[-5.3986,36.49086],[-5.40019,36.48745],[-5.40011,36.48695],[-5.39858,36.48687],[-5.39784,36.48613],[-5.39613,36.48614],[-5.39419,36.48656],[-5.39615,36.4849],[-5.39611,36.48415],[-5.39539,36.48335],[-5.39553,36.48283],[-5.39471,36.4821],[-5.39526,36.48108],[-5.39481,36.48013],[-5.39507,36.47959],[-5.39561,36.47918],[-5.39568,36.47835],[-5.39629,36.47772],[-5.39623,36.47753],[-5.39218,36.47779],[-5.39155,36.47808],[-5.39082,36.47892],[-5.39059,36.47827],[-5.3891,36.4781],[-5.3886,36.47733],[-5.38774,36.47705],[-5.38816,36.47683],[-5.38977,36.47696],[-5.39055,36.47645],[-5.39048,36.47602],[-5.39076,36.47561],[-5.39438,36.47464],[-5.39454,36.47441],[-5.39435,36.47366],[-5.39459,36.47328],[-5.39504,36.47348],[-5.39653,36.47345],[-5.39739,36.47272],[-5.39836,36.47331],[-5.39891,36.47335],[-5.39871,36.47224],[-5.39885,36.47013],[-5.39929,36.46959],[-5.40028,36.46931],[-5.40081,36.4688],[-5.40026,36.46807],[-5.40107,36.46746],[-5.401,36.46714],[-5.39968,36.46724],[-5.39979,36.46667],[-5.3987,36.467],[-5.39885,36.46601],[-5.3986,36.4657],[-5.3967,36.46597],[-5.39675,36.46555],[-5.39739,36.46486],[-5.39911,36.46434],[-5.39963,36.46397],[-5.39872,36.46363],[-5.39861,36.46252],[-5.39841,36.46244],[-5.39744,36.46286],[-5.39623,36.46386],[-5.3958,36.46484],[-5.39569,36.4658],[-5.39439,36.46597],[-5.39316,36.46498],[-5.39242,36.465],[-5.39156,36.46553],[-5.39148,36.46618],[-5.38974,36.46779],[-5.38995,36.46665],[-5.38965,36.46594],[-5.38839,36.4657],[-5.38997,36.46523],[-5.39053,36.46337],[-5.39201,36.46297],[-5.39292,36.46206],[-5.39335,36.46097],[-5.39324,36.46044],[-5.39202,36.46015],[-5.39192,36.45969],[-5.39357,36.45844],[-5.3936,36.45794],[-5.39427,36.45762],[-5.39512,36.45798],[-5.39568,36.45846],[-5.39591,36.45923],[-5.3964,36.45942],[-5.3972,36.45907],[-5.39748,36.45861],[-5.39725,36.45803],[-5.39627,36.45763],[-5.39625,36.45641],[-5.39521,36.4566],[-5.39486,36.45634],[-5.39512,36.4557],[-5.39443,36.45442],[-5.39505,36.454],[-5.39529,36.45344],[-5.39479,36.452],[-5.39509,36.45129],[-5.39423,36.44844],[-5.39548,36.44702],[-5.39571,36.44613],[-5.39532,36.44523],[-5.39449,36.44469],[-5.39358,36.44529],[-5.39345,36.44928],[-5.39162,36.44805],[-5.39092,36.44795],[-5.39015,36.44811],[-5.38919,36.44876],[-5.38884,36.44923],[-5.38903,36.44969],[-5.38877,36.4501],[-5.38731,36.45012],[-5.38741,36.45057],[-5.38897,36.45099],[-5.38929,36.45151],[-5.38951,36.45331],[-5.38905,36.45464],[-5.38898,36.45608],[-5.38956,36.45742],[-5.38918,36.45852],[-5.38879,36.45718],[-5.38763,36.45669],[-5.38767,36.45622],[-5.38702,36.45539],[-5.38715,36.45395],[-5.38689,36.45332],[-5.38574,36.45244],[-5.3846,36.45217],[-5.38402,36.45242],[-5.38362,36.45318],[-5.38357,36.45386],[-5.38418,36.45564],[-5.38399,36.45686],[-5.38329,36.45573],[-5.38252,36.45522],[-5.38224,36.45561],[-5.38256,36.45698],[-5.38233,36.45747],[-5.37911,36.46014],[-5.37792,36.45853],[-5.37882,36.45754],[-5.37869,36.45679],[-5.37908,36.45578],[-5.37826,36.45524],[-5.37702,36.45523],[-5.37661,36.45467],[-5.37781,36.45361],[-5.37847,36.45241],[-5.37769,36.45165],[-5.37762,36.45122],[-5.37863,36.45078],[-5.37971,36.45064],[-5.3802,36.45025],[-5.3802,36.44907],[-5.38049,36.44861],[-5.38171,36.4476],[-5.38297,36.44569],[-5.38508,36.44495],[-5.38729,36.44176],[-5.38722,36.44128],[-5.38649,36.44098],[-5.38487,36.44178],[-5.38426,36.44257],[-5.38338,36.44287],[-5.3829,36.44352],[-5.38163,36.44412],[-5.38136,36.44469],[-5.38076,36.44485],[-5.37985,36.44462],[-5.37886,36.44512],[-5.37749,36.44711],[-5.37689,36.44575],[-5.37645,36.44535],[-5.37496,36.44524],[-5.37365,36.44554],[-5.37295,36.44607],[-5.37175,36.44792],[-5.37044,36.44857],[-5.37143,36.44713],[-5.37193,36.44569],[-5.37329,36.44396],[-5.37685,36.44371],[-5.37799,36.44331],[-5.37863,36.44255],[-5.38035,36.4423],[-5.3808,36.44104],[-5.38141,36.4407],[-5.38108,36.44006],[-5.38107,36.43942],[-5.3821,36.4393],[-5.38235,36.43887],[-5.38294,36.43876],[-5.38346,36.43819],[-5.38388,36.43709],[-5.38321,36.43599],[-5.38356,36.43562],[-5.38447,36.43534],[-5.38502,36.43431],[-5.38652,36.43358],[-5.38872,36.4336],[-5.3899,36.4323],[-5.39123,36.43227],[-5.39037,36.43013],[-5.39123,36.4286],[-5.38875,36.42902],[-5.3881,36.43004],[-5.38901,36.43042],[-5.38813,36.43133],[-5.38769,36.43227],[-5.38691,36.43236],[-5.38646,36.43088],[-5.38525,36.43176],[-5.38429,36.43169],[-5.3838,36.432],[-5.38356,36.43248],[-5.38375,36.4335],[-5.38361,36.43388],[-5.3818,36.43418],[-5.38193,36.43284],[-5.38104,36.43315],[-5.38039,36.43377],[-5.37988,36.43349],[-5.37865,36.43342],[-5.3786,36.43386],[-5.37914,36.43514],[-5.3789,36.43552],[-5.37764,36.4341],[-5.37561,36.43422],[-5.3754,36.43454],[-5.37545,36.43541],[-5.37341,36.4373],[-5.37356,36.43768],[-5.374,36.43791],[-5.37295,36.43816],[-5.37164,36.43949],[-5.37113,36.4396],[-5.37222,36.43721],[-5.37406,36.43479],[-5.37377,36.43285],[-5.37486,36.43304],[-5.37623,36.43229],[-5.37615,36.4318],[-5.37539,36.43109],[-5.3754,36.43061],[-5.37631,36.43028],[-5.37776,36.43119],[-5.37961,36.43061],[-5.3802,36.43082],[-5.38117,36.43043],[-5.38154,36.42981],[-5.38211,36.42971],[-5.38241,36.42863],[-5.38207,36.42807],[-5.38227,36.4274],[-5.3834,36.42755],[-5.38389,36.42697],[-5.38371,36.42656],[-5.38262,36.42588],[-5.3826,36.42563],[-5.3863,36.425],[-5.38695,36.42417],[-5.38791,36.42381],[-5.38894,36.42417],[-5.38922,36.42359],[-5.38987,36.42315],[-5.38988,36.42268],[-5.38921,36.42239],[-5.38705,36.42247],[-5.38525,36.4239],[-5.38245,36.42455],[-5.3821,36.42417],[-5.38244,36.42332],[-5.38092,36.42292],[-5.38029,36.42251],[-5.37995,36.42158],[-5.37771,36.42116],[-5.37689,36.41931],[-5.37517,36.41782],[-5.37476,36.41795],[-5.37487,36.41871],[-5.37567,36.41912],[-5.37636,36.42051],[-5.37717,36.4209],[-5.37833,36.42221],[-5.3782,36.42339],[-5.37732,36.42252],[-5.375,36.42122],[-5.37465,36.42133],[-5.37417,36.42242],[-5.37368,36.42258],[-5.37345,36.42243],[-5.37313,36.42169],[-5.37335,36.42089],[-5.37199,36.41907],[-5.3716,36.41888],[-5.37101,36.41983],[-5.37153,36.42056],[-5.37082,36.42121],[-5.37175,36.42179],[-5.37146,36.42249],[-5.37224,36.42302],[-5.37272,36.42494],[-5.3736,36.42539],[-5.37258,36.42559],[-5.37118,36.42414],[-5.37031,36.42374],[-5.37,36.42384],[-5.37019,36.42484],[-5.36942,36.42553],[-5.36923,36.42608],[-5.3695,36.4268],[-5.37023,36.42737],[-5.36924,36.42795],[-5.36868,36.42893],[-5.36869,36.43027],[-5.369,36.43126],[-5.36872,36.43194],[-5.36829,36.431],[-5.3669,36.43049],[-5.36784,36.42982],[-5.3679,36.42805],[-5.36744,36.42735],[-5.36728,36.42605],[-5.36525,36.42507],[-5.36324,36.426],[-5.3631,36.42587],[-5.36505,36.42385],[-5.36635,36.42399],[-5.36775,36.4235],[-5.36787,36.4232],[-5.36681,36.42226],[-5.3669,36.42122],[-5.36633,36.42055],[-5.36521,36.42075],[-5.36479,36.42012],[-5.36422,36.42021],[-5.36366,36.42075],[-5.3625,36.42029],[-5.36399,36.41942],[-5.36449,36.41867],[-5.36552,36.41883],[-5.36598,36.41848],[-5.36606,36.41742],[-5.36666,36.41698],[-5.36729,36.41529],[-5.36721,36.41452],[-5.36569,36.41447],[-5.36489,36.41294],[-5.36406,36.41284],[-5.36351,36.41339],[-5.36303,36.41515],[-5.36261,36.41543],[-5.36239,36.41533],[-5.36204,36.41419],[-5.36124,36.41434],[-5.36055,36.41395],[-5.36088,36.41277],[-5.36082,36.41156],[-5.36052,36.41082],[-5.35993,36.41054],[-5.35907,36.41091],[-5.35862,36.41259],[-5.35756,36.41443],[-5.35719,36.41434],[-5.35676,36.41206],[-5.35608,36.41135],[-5.35536,36.41167],[-5.35475,36.41317],[-5.35436,36.41349],[-5.35345,36.41364],[-5.35221,36.41322],[-5.351,36.41355],[-5.35068,36.41227],[-5.3502,36.41166],[-5.35057,36.41071],[-5.3502,36.40963],[-5.35061,36.40884],[-5.35123,36.40852],[-5.35151,36.4078],[-5.3512,36.40728],[-5.35022,36.40668],[-5.35068,36.40561],[-5.35042,36.40511],[-5.34989,36.40485],[-5.34935,36.40505],[-5.349,36.40593],[-5.34863,36.40612],[-5.34736,36.40586],[-5.3464,36.40608],[-5.34578,36.40553],[-5.34377,36.4053],[-5.34229,36.40424],[-5.34056,36.40189],[-5.33951,36.40137],[-5.33841,36.40245],[-5.33671,36.40343],[-5.33631,36.40432],[-5.33657,36.40475],[-5.33769,36.4053],[-5.3382,36.40606],[-5.33984,36.40708],[-5.33963,36.40752],[-5.33974,36.40815],[-5.33888,36.40803],[-5.3385,36.4084],[-5.33732,36.40834],[-5.33722,36.40912],[-5.3366,36.40966],[-5.3365,36.41044],[-5.33578,36.41147],[-5.33628,36.41202],[-5.33859,36.41279],[-5.33929,36.41338],[-5.34016,36.41465],[-5.33868,36.41411],[-5.33686,36.41419],[-5.3356,36.41453],[-5.33427,36.41526],[-5.33413,36.41629],[-5.33454,36.41673],[-5.33536,36.41706],[-5.33532,36.41771],[-5.33578,36.41807],[-5.33733,36.41789],[-5.33876,36.41839],[-5.33852,36.41874],[-5.336,36.41972],[-5.3368,36.42083],[-5.33801,36.42079],[-5.33906,36.42137],[-5.3407,36.42174],[-5.34001,36.42206],[-5.33835,36.42229],[-5.33796,36.42258],[-5.33808,36.42299],[-5.33956,36.42409],[-5.34014,36.42438],[-5.34111,36.42429],[-5.34312,36.42463],[-5.34397,36.42441],[-5.3453,36.42357],[-5.34676,36.42505],[-5.3508,36.42692],[-5.34934,36.42736],[-5.34877,36.42685],[-5.3465,36.4266],[-5.3452,36.42617],[-5.34425,36.42647],[-5.34386,36.42737],[-5.34262,36.42659],[-5.34171,36.42632],[-5.34091,36.42743],[-5.33996,36.42674],[-5.3376,36.4266],[-5.33644,36.42608],[-5.3356,36.426],[-5.33468,36.42496],[-5.33345,36.42493],[-5.33309,36.42434],[-5.33265,36.42411],[-5.33149,36.42414],[-5.33133,36.42459],[-5.33193,36.42541],[-5.33234,36.42666],[-5.33329,36.42674],[-5.3342,36.42651],[-5.3347,36.42723],[-5.33588,36.42736],[-5.33657,36.42793],[-5.33742,36.42805],[-5.33874,36.42868],[-5.33975,36.43025],[-5.33977,36.43104],[-5.3417,36.43184],[-5.34057,36.43206],[-5.34045,36.43235],[-5.34144,36.43259],[-5.34351,36.43396],[-5.34462,36.43422],[-5.34327,36.43447],[-5.33997,36.43418],[-5.33811,36.43297],[-5.33756,36.43118],[-5.33714,36.43083],[-5.3368,36.43077],[-5.33627,36.43125],[-5.33537,36.43117],[-5.33496,36.43057],[-5.33404,36.42999],[-5.33337,36.43017],[-5.33364,36.4321],[-5.33412,36.43265],[-5.33423,36.43349],[-5.33498,36.43399],[-5.33701,36.43447],[-5.33794,36.43508],[-5.33726,36.43592],[-5.33462,36.43576],[-5.33418,36.43606],[-5.33526,36.43698],[-5.33541,36.43811],[-5.33633,36.43867],[-5.33812,36.43859],[-5.33904,36.43947],[-5.33906,36.44041],[-5.33846,36.4411],[-5.33848,36.44178],[-5.33819,36.44245],[-5.33861,36.44346],[-5.33948,36.44365],[-5.3388,36.4445],[-5.33881,36.44554],[-5.33954,36.44608],[-5.34076,36.44635],[-5.34055,36.44734],[-5.34095,36.44806],[-5.342,36.44792],[-5.34276,36.44844],[-5.34404,36.44769],[-5.34468,36.44792],[-5.34585,36.4477],[-5.34685,36.44814],[-5.34546,36.44923],[-5.34511,36.44998],[-5.34427,36.45018],[-5.34314,36.45113],[-5.34276,36.45192],[-5.34114,36.45223],[-5.34074,36.45253],[-5.34091,36.45328],[-5.34193,36.45358],[-5.34235,36.4543],[-5.34481,36.45505],[-5.344,36.45541],[-5.34175,36.45578],[-5.34101,36.45615],[-5.34095,36.45718],[-5.34179,36.4584],[-5.34106,36.45905],[-5.34138,36.45955],[-5.3406,36.45988],[-5.33984,36.46065],[-5.33936,36.46218],[-5.33795,36.46347],[-5.33794,36.46372],[-5.33999,36.46404],[-5.34018,36.46497],[-5.34173,36.46602],[-5.34264,36.46625],[-5.34492,36.46628],[-5.34225,36.46781],[-5.34144,36.46775],[-5.34093,36.46803],[-5.33985,36.47076],[-5.33961,36.47058],[-5.33937,36.46922],[-5.33881,36.46832],[-5.33905,36.46756],[-5.33885,36.46683],[-5.33853,36.46652],[-5.33768,36.46646],[-5.33657,36.46481],[-5.33598,36.46528],[-5.33503,36.46732],[-5.33423,36.46732],[-5.33214,36.46805],[-5.33013,36.46831],[-5.33003,36.46901],[-5.32926,36.46988],[-5.32884,36.47111],[-5.32921,36.47223],[-5.32919,36.47329],[-5.32896,36.47383],[-5.3282,36.47433],[-5.32802,36.47474],[-5.32966,36.47609],[-5.32995,36.47717],[-5.33117,36.47782],[-5.32979,36.47795],[-5.32909,36.47847],[-5.32754,36.47873],[-5.32717,36.47916],[-5.32743,36.47983],[-5.32673,36.47997],[-5.32604,36.48075],[-5.32508,36.48059],[-5.32451,36.48099],[-5.32376,36.48082],[-5.32257,36.48138],[-5.32287,36.48237],[-5.32268,36.48337],[-5.32182,36.48487],[-5.32216,36.48589],[-5.32174,36.48783],[-5.32257,36.49034],[-5.32104,36.48944],[-5.3206,36.48761],[-5.31944,36.48615],[-5.31657,36.48555],[-5.31618,36.48606],[-5.31564,36.48614],[-5.31524,36.48649],[-5.31451,36.48797],[-5.31449,36.48877],[-5.31406,36.48913],[-5.31317,36.48922],[-5.31284,36.49033],[-5.31163,36.4895],[-5.31028,36.48938],[-5.30949,36.48979],[-5.3092,36.49056],[-5.30809,36.49131],[-5.30797,36.49203],[-5.30722,36.49291],[-5.30747,36.49396],[-5.30727,36.49596],[-5.30626,36.4966],[-5.30596,36.49756],[-5.30502,36.49825],[-5.3042,36.49979],[-5.3041,36.5006],[-5.30333,36.50031],[-5.30251,36.50061],[-5.29814,36.50096],[-5.29716,36.50161],[-5.29487,36.50218],[-5.29386,36.50283],[-5.29368,36.5033],[-5.29263,36.50429],[-5.29129,36.50465],[-5.28917,36.50469],[-5.28835,36.50438],[-5.28759,36.50325],[-5.28775,36.50205],[-5.28749,36.50168],[-5.28628,36.50161],[-5.28419,36.50222],[-5.28597,36.50124],[-5.28717,36.50108],[-5.28844,36.50179],[-5.28887,36.50311],[-5.29064,36.50345],[-5.29213,36.50299],[-5.29269,36.50212],[-5.29355,36.50138],[-5.29746,36.49866],[-5.30042,36.49839],[-5.30143,36.4976],[-5.30139,36.49689],[-5.30218,36.4966],[-5.30253,36.49594],[-5.30388,36.4952],[-5.30439,36.49249],[-5.30411,36.49185],[-5.30433,36.49126],[-5.30412,36.49071],[-5.30699,36.48996],[-5.30773,36.48872],[-5.30885,36.48777],[-5.30877,36.48759],[-5.30771,36.48748],[-5.30695,36.48683],[-5.30763,36.48703],[-5.30745,36.48642],[-5.30854,36.48631],[-5.30902,36.486],[-5.31113,36.48623],[-5.3122,36.48604],[-5.31263,36.4856],[-5.31263,36.48445],[-5.31301,36.484],[-5.31473,36.48346],[-5.31468,36.4831],[-5.31349,36.4825],[-5.31403,36.48206],[-5.31547,36.4818],[-5.3157,36.48143],[-5.31576,36.47949],[-5.31603,36.47845],[-5.31568,36.47711],[-5.31595,36.47706],[-5.31696,36.47764],[-5.31873,36.47706],[-5.31939,36.47706],[-5.32051,36.47772],[-5.32183,36.47762],[-5.32271,36.47821],[-5.32345,36.47834],[-5.32253,36.47722],[-5.32216,36.47552],[-5.32149,36.47472],[-5.32178,36.47362],[-5.3224,36.47272],[-5.32216,36.47195],[-5.32234,36.47095],[-5.32207,36.47024],[-5.32237,36.4696],[-5.32216,36.46917],[-5.32369,36.46849],[-5.32229,36.46826],[-5.32215,36.4679],[-5.32137,36.46741],[-5.32293,36.46702],[-5.32301,36.46586],[-5.32322,36.46561],[-5.32435,36.46515],[-5.32614,36.46388],[-5.32706,36.46366],[-5.32797,36.46281],[-5.32853,36.46266],[-5.32869,36.46251],[-5.32852,36.46156],[-5.32891,36.46116],[-5.33,36.46139],[-5.33049,36.4612],[-5.33062,36.46079],[-5.33041,36.46014],[-5.3309,36.45984],[-5.33085,36.45923],[-5.33126,36.45864],[-5.33089,36.45764],[-5.33208,36.45775],[-5.33224,36.45645],[-5.33307,36.45514],[-5.33238,36.45387],[-5.33217,36.4525],[-5.33145,36.45231],[-5.33108,36.45176],[-5.33122,36.4513],[-5.33215,36.45045],[-5.33175,36.44958],[-5.33099,36.44966],[-5.33094,36.45082],[-5.32948,36.45313],[-5.32993,36.4514],[-5.32954,36.45018],[-5.32865,36.4496],[-5.328,36.44877],[-5.32842,36.44621],[-5.32813,36.44516],[-5.32794,36.44508],[-5.3276,36.44546],[-5.32635,36.44744],[-5.3262,36.44812],[-5.32471,36.45],[-5.32458,36.45159],[-5.32433,36.45166],[-5.32386,36.45106],[-5.3237,36.45029],[-5.32501,36.44435],[-5.3249,36.44373],[-5.32375,36.4451],[-5.32326,36.44652],[-5.32225,36.44815],[-5.31919,36.45035],[-5.31898,36.45198],[-5.31978,36.4522],[-5.32011,36.45256],[-5.31939,36.45342],[-5.3195,36.45443],[-5.3192,36.45442],[-5.31856,36.45381],[-5.31767,36.45396],[-5.31732,36.45441],[-5.31709,36.4555],[-5.31574,36.45666],[-5.31581,36.45757],[-5.31531,36.45788],[-5.31521,36.45902],[-5.31462,36.45955],[-5.31434,36.45793],[-5.31487,36.45609],[-5.31479,36.45521],[-5.31527,36.45307],[-5.31263,36.45178],[-5.31016,36.45222],[-5.31088,36.45151],[-5.31209,36.45093],[-5.31468,36.45061],[-5.31561,36.4493],[-5.31563,36.44843],[-5.31592,36.4479],[-5.31698,36.44744],[-5.31793,36.44632],[-5.31796,36.44485],[-5.31696,36.44381],[-5.31702,36.44364],[-5.31863,36.44267],[-5.3201,36.44133],[-5.31923,36.44007],[-5.3183,36.43953],[-5.31922,36.43843],[-5.32125,36.43811],[-5.32263,36.43832],[-5.32343,36.43787],[-5.32351,36.43683],[-5.32424,36.43575],[-5.32402,36.43541],[-5.32311,36.435],[-5.32292,36.43452],[-5.32389,36.43398],[-5.32385,36.43351],[-5.32339,36.43312],[-5.32265,36.43298],[-5.32192,36.43221],[-5.32168,36.43121],[-5.31983,36.42991],[-5.31974,36.42874],[-5.3184,36.42826],[-5.31768,36.42732],[-5.31704,36.4274],[-5.31522,36.43039],[-5.31435,36.43117],[-5.31391,36.43129],[-5.31453,36.4283],[-5.31419,36.42684],[-5.31371,36.42653],[-5.31248,36.42704],[-5.31215,36.42665],[-5.31199,36.42552],[-5.31153,36.42523],[-5.31053,36.42549],[-5.31059,36.42766],[-5.30991,36.42865],[-5.30958,36.42994],[-5.30869,36.42909],[-5.30841,36.42802],[-5.30757,36.42757],[-5.30723,36.42683],[-5.30592,36.42731],[-5.30541,36.427],[-5.30414,36.42712],[-5.30244,36.42657],[-5.30091,36.42758],[-5.29883,36.4283],[-5.30017,36.42623],[-5.30132,36.42514],[-5.30212,36.42459],[-5.30388,36.42416],[-5.30431,36.42379],[-5.30348,36.42214],[-5.30237,36.42207],[-5.30147,36.42168],[-5.30092,36.42183],[-5.30036,36.42246],[-5.29891,36.4232],[-5.29765,36.42343],[-5.29782,36.42312],[-5.29747,36.42243],[-5.29842,36.42224],[-5.29894,36.42124],[-5.29998,36.42015],[-5.29946,36.41928],[-5.29882,36.41702],[-5.3,36.41736],[-5.30276,36.41961],[-5.30468,36.41966],[-5.30598,36.4201],[-5.30773,36.41867],[-5.30969,36.41775],[-5.31089,36.41785],[-5.31186,36.41672],[-5.31201,36.41594],[-5.31136,36.41437],[-5.31071,36.41396],[-5.31042,36.41419],[-5.31024,36.41605],[-5.30979,36.41659],[-5.309,36.41695],[-5.30835,36.41664],[-5.30757,36.41527],[-5.30712,36.41568],[-5.30663,36.41685],[-5.30558,36.41748],[-5.30462,36.41682],[-5.30476,36.41578],[-5.30387,36.41514],[-5.30321,36.41543],[-5.30256,36.41677],[-5.30221,36.41661],[-5.30187,36.41599],[-5.30064,36.41562],[-5.29845,36.41584],[-5.29908,36.41505],[-5.29901,36.41458],[-5.29717,36.41384],[-5.299,36.41336],[-5.29755,36.41231],[-5.29943,36.41231],[-5.29969,36.41142],[-5.30017,36.41127],[-5.30066,36.41149],[-5.30105,36.41233],[-5.30141,36.4125],[-5.30199,36.4115],[-5.30356,36.41052],[-5.30369,36.41012],[-5.30189,36.40979],[-5.30172,36.40883],[-5.30024,36.40873],[-5.29994,36.40674],[-5.29886,36.40637],[-5.29836,36.40537],[-5.29774,36.40535],[-5.29493,36.40757],[-5.29493,36.40692],[-5.29576,36.40574],[-5.29727,36.40444],[-5.29737,36.40367],[-5.2977,36.40319],[-5.2982,36.40311],[-5.29855,36.40373],[-5.29885,36.40377],[-5.2993,36.40336],[-5.29953,36.40267],[-5.30033,36.40213],[-5.30013,36.4004],[-5.2998,36.39956],[-5.29994,36.39935],[-5.30127,36.39891],[-5.30401,36.39855],[-5.30468,36.39802],[-5.3048,36.39747],[-5.30423,36.39684],[-5.30359,36.39671],[-5.30225,36.39763],[-5.30153,36.3978],[-5.29928,36.39691],[-5.29828,36.39692],[-5.29718,36.39734],[-5.29613,36.39658],[-5.29307,36.39716],[-5.2935,36.39659],[-5.29514,36.39581],[-5.29548,36.39533],[-5.29546,36.39476],[-5.29592,36.39478],[-5.29653,36.39535],[-5.2972,36.39552],[-5.29857,36.39538],[-5.2987,36.39342],[-5.2997,36.39251],[-5.30071,36.39207],[-5.30188,36.39098],[-5.30191,36.38951],[-5.30292,36.3895],[-5.3034,36.38851],[-5.30497,36.38774],[-5.30513,36.38669],[-5.30397,36.38671],[-5.30272,36.38723],[-5.30172,36.38851],[-5.30005,36.38929],[-5.29873,36.38957],[-5.29707,36.38926],[-5.29713,36.38905],[-5.29858,36.38854],[-5.29788,36.38813],[-5.29813,36.38762],[-5.29749,36.38686],[-5.2987,36.38703],[-5.29925,36.38677],[-5.30258,36.38367],[-5.3024,36.38335],[-5.30184,36.38329],[-5.29936,36.384],[-5.29807,36.38383],[-5.29978,36.38241],[-5.30195,36.3818],[-5.3026,36.38096],[-5.30196,36.37982],[-5.30079,36.37903],[-5.30176,36.37791],[-5.30185,36.37744],[-5.30112,36.37585],[-5.29965,36.37449],[-5.30215,36.37428],[-5.30229,36.37232],[-5.30185,36.37175],[-5.30068,36.37198],[-5.30016,36.37182],[-5.29935,36.37005],[-5.29783,36.37004],[-5.29726,36.36966],[-5.2966,36.36998],[-5.29618,36.37124],[-5.29522,36.37209],[-5.29521,36.37063],[-5.2939,36.37068],[-5.29422,36.36947],[-5.29321,36.36883],[-5.2939,36.36793],[-5.2951,36.36781],[-5.29499,36.36732],[-5.29532,36.36674],[-5.29537,36.3659],[-5.29597,36.36522],[-5.2965,36.36518],[-5.29762,36.36565],[-5.29882,36.36535],[-5.29958,36.36574],[-5.30215,36.36595],[-5.30568,36.36329],[-5.30507,36.36264],[-5.30545,36.36216],[-5.30552,36.36164],[-5.30481,36.36123],[-5.30441,36.36058],[-5.30523,36.35974],[-5.30535,36.35895],[-5.304,36.35797],[-5.30511,36.35707],[-5.30601,36.35673],[-5.30616,36.35632],[-5.30409,36.35618],[-5.30379,36.35543],[-5.30225,36.35573],[-5.30207,36.35517],[-5.29999,36.35467],[-5.30002,36.35435],[-5.30078,36.35359],[-5.30012,36.35269],[-5.30051,36.3523],[-5.30135,36.35212],[-5.30152,36.35182],[-5.30133,36.35146],[-5.30054,36.35143],[-5.29986,36.35104],[-5.30062,36.35051],[-5.30031,36.34996],[-5.30051,36.34955],[-5.30178,36.34929],[-5.30233,36.34822],[-5.30417,36.34744],[-5.30398,36.3463],[-5.30481,36.34583],[-5.3041,36.34469],[-5.30461,36.34405],[-5.3043,36.3432],[-5.30574,36.34075],[-5.3055,36.34044],[-5.3039,36.34034],[-5.30292,36.34068],[-5.30328,36.34133],[-5.30329,36.34195],[-5.30264,36.34232],[-5.30143,36.34239],[-5.30098,36.34333],[-5.30162,36.34431],[-5.30021,36.34457],[-5.30038,36.34537],[-5.29924,36.34653],[-5.29895,36.34777],[-5.29853,36.34662],[-5.29749,36.34495],[-5.29682,36.34511],[-5.29567,36.34634],[-5.29532,36.3457],[-5.29379,36.34563],[-5.29538,36.34467],[-5.29597,36.34334],[-5.29568,36.34291],[-5.29332,36.34195],[-5.29514,36.34092],[-5.29718,36.34122],[-5.29748,36.34084],[-5.29753,36.33988],[-5.2983,36.33945],[-5.29861,36.33896],[-5.29843,36.33772],[-5.29882,36.3374],[-5.30007,36.33723],[-5.30051,36.33662],[-5.3,36.33639],[-5.29811,36.33684],[-5.29804,36.33659],[-5.29914,36.3357],[-5.29924,36.33487],[-5.29903,36.33455],[-5.29633,36.33416],[-5.29686,36.33313],[-5.29678,36.33278],[-5.29608,36.33282],[-5.29465,36.33369],[-5.29316,36.33387],[-5.29274,36.33414],[-5.29198,36.3341],[-5.2908,36.33485],[-5.29052,36.33549],[-5.29003,36.33561],[-5.28883,36.33525],[-5.2878,36.33431],[-5.28662,36.33449],[-5.28581,36.33355],[-5.28425,36.33384],[-5.28399,36.33467],[-5.2832,36.33539],[-5.28196,36.33424],[-5.28034,36.33488],[-5.28002,36.33467],[-5.28011,36.33393],[-5.27885,36.33401],[-5.27881,36.33369],[-5.28007,36.3323],[-5.27972,36.33168],[-5.27986,36.33109],[-5.2791,36.33061],[-5.27886,36.32969],[-5.27784,36.3287],[-5.27733,36.32858],[-5.2765,36.32901],[-5.27617,36.32886],[-5.27598,36.32731],[-5.27558,36.32666],[-5.27603,36.32657],[-5.27797,36.32768],[-5.27853,36.32773],[-5.27901,36.32727],[-5.27941,36.32625],[-5.28066,36.32563],[-5.28061,36.32504],[-5.2794,36.32441],[-5.27859,36.32362],[-5.27915,36.32273],[-5.27757,36.32155],[-5.27879,36.32061],[-5.27905,36.31946],[-5.27986,36.31863],[-5.28126,36.31802],[-5.28171,36.31813],[-5.28213,36.31857],[-5.28252,36.31846],[-5.28257,36.31818],[-5.28206,36.31745],[-5.28056,36.31721],[-5.27996,36.31739],[-5.27796,36.31886],[-5.27739,36.31895],[-5.27718,36.31861],[-5.27729,36.31704],[-5.27682,36.31681],[-5.27611,36.31703],[-5.27429,36.31848],[-5.27376,36.32018],[-5.27066,36.32016],[-5.27173,36.31933],[-5.27282,36.31797],[-5.27341,36.31629],[-5.27307,36.31497],[-5.27155,36.31415],[-5.2716,36.31396],[-5.27377,36.31252],[-5.2747,36.31011],[-5.27363,36.30735],[-5.27314,36.30699],[-5.27211,36.30683],[-5.27109,36.30735],[-5.26777,36.30994],[-5.26694,36.31072],[-5.26643,36.31179],[-5.26529,36.31302],[-5.26396,36.31365],[-5.2634,36.31432],[-5.26325,36.31545],[-5.26295,36.31598],[-5.26122,36.31731],[-5.26025,36.31895],[-5.2595,36.31934],[-5.25872,36.3191],[-5.25779,36.31937],[-5.25699,36.3199],[-5.25679,36.32068],[-5.25601,36.32056],[-5.25591,36.31999],[-5.25516,36.32002],[-5.25479,36.32089],[-5.25446,36.32345],[-5.25374,36.32324],[-5.25272,36.3223],[-5.25188,36.32018],[-5.25147,36.31969],[-5.25007,36.31876],[-5.24959,36.31889],[-5.24873,36.31998],[-5.24805,36.32171],[-5.24755,36.32365],[-5.24833,36.32498],[-5.24757,36.32594],[-5.24736,36.3267],[-5.24767,36.32773],[-5.25012,36.32891],[-5.25141,36.32885],[-5.2525,36.3281],[-5.25302,36.32854],[-5.2533,36.32929],[-5.25385,36.32958],[-5.25548,36.32969],[-5.25686,36.3294],[-5.25539,36.3303],[-5.25265,36.33071],[-5.25174,36.33157],[-5.25118,36.33158],[-5.25012,36.33103],[-5.24837,36.33123],[-5.24802,36.33157],[-5.24861,36.33205],[-5.25163,36.33311],[-5.25252,36.3338],[-5.2538,36.33377],[-5.25406,36.33391],[-5.25393,36.33469],[-5.25488,36.33529],[-5.25619,36.33541],[-5.25765,36.33494],[-5.25793,36.33501],[-5.25825,36.33568],[-5.26118,36.33731],[-5.26268,36.33701],[-5.26456,36.33748],[-5.26393,36.33796],[-5.26204,36.33833],[-5.26002,36.33916],[-5.25885,36.33896],[-5.25731,36.33829],[-5.25687,36.3399],[-5.25629,36.33982],[-5.25498,36.33911],[-5.25332,36.33958],[-5.2519,36.33888],[-5.25145,36.33946],[-5.25172,36.33998],[-5.25258,36.3405],[-5.25429,36.34101],[-5.25505,36.34272],[-5.25622,36.34317],[-5.25666,36.34407],[-5.25752,36.34406],[-5.25931,36.34346],[-5.2597,36.34358],[-5.25964,36.34389],[-5.25851,36.34475],[-5.25834,36.34525],[-5.25858,36.3458],[-5.26013,36.34614],[-5.26011,36.34633],[-5.25909,36.34659],[-5.25947,36.34712],[-5.26072,36.34726],[-5.26353,36.34677],[-5.2648,36.34694],[-5.26593,36.34581],[-5.2671,36.34553],[-5.26812,36.34636],[-5.26931,36.34665],[-5.27033,36.34749],[-5.27126,36.34921],[-5.27016,36.34909],[-5.26781,36.34726],[-5.26694,36.34695],[-5.26416,36.34839],[-5.26256,36.34879],[-5.26134,36.34998],[-5.26073,36.35001],[-5.26054,36.34887],[-5.25984,36.34838],[-5.25886,36.34831],[-5.25785,36.34905],[-5.25783,36.34811],[-5.25733,36.34755],[-5.25609,36.34844],[-5.25627,36.34734],[-5.25589,36.34706],[-5.25543,36.34607],[-5.25313,36.3453],[-5.25281,36.34549],[-5.25366,36.3471],[-5.25317,36.34722],[-5.25227,36.34631],[-5.25215,36.34661],[-5.2525,36.34853],[-5.25194,36.34878],[-5.25055,36.34808],[-5.24995,36.34715],[-5.24908,36.3465],[-5.24928,36.34621],[-5.25067,36.34571],[-5.25095,36.34498],[-5.25075,36.34453],[-5.24915,36.3449],[-5.24854,36.3443],[-5.24772,36.34506],[-5.24726,36.34507],[-5.24655,36.34462],[-5.24607,36.34506],[-5.24814,36.34759],[-5.24968,36.34802],[-5.2501,36.34869],[-5.25158,36.34956],[-5.25146,36.35028],[-5.253,36.35072],[-5.2534,36.35158],[-5.25498,36.35209],[-5.25537,36.35283],[-5.25586,36.35314],[-5.25926,36.35309],[-5.26194,36.35269],[-5.26598,36.35365],[-5.26725,36.35445],[-5.26831,36.35376],[-5.26883,36.35297],[-5.26912,36.35317],[-5.26904,36.35439],[-5.26922,36.35479],[-5.27047,36.3544],[-5.27117,36.35467],[-5.27122,36.35509],[-5.26989,36.35631],[-5.27103,36.35692],[-5.27006,36.3579],[-5.26993,36.35841],[-5.27022,36.35894],[-5.2713,36.35958],[-5.27123,36.36058],[-5.27091,36.3607],[-5.27039,36.36008],[-5.26861,36.36034],[-5.26838,36.35998],[-5.26815,36.35812],[-5.2675,36.35791],[-5.26691,36.3587],[-5.26653,36.3588],[-5.26632,36.35751],[-5.26541,36.35718],[-5.26516,36.35722],[-5.26495,36.35765],[-5.2655,36.35828],[-5.26554,36.35901],[-5.26623,36.35973],[-5.26604,36.36056],[-5.26787,36.36197],[-5.26728,36.36226],[-5.26595,36.36204],[-5.2642,36.36117],[-5.26348,36.36147],[-5.26379,36.36229],[-5.26436,36.36285],[-5.2665,36.3638],[-5.26755,36.36467],[-5.26749,36.36495],[-5.26677,36.3653],[-5.26679,36.36567],[-5.26786,36.36623],[-5.26824,36.36668],[-5.26954,36.36705],[-5.26981,36.36758],[-5.26972,36.36811],[-5.26935,36.36842],[-5.2689,36.3678],[-5.26742,36.36756],[-5.26723,36.36667],[-5.26614,36.3664],[-5.26546,36.36582],[-5.26511,36.36627],[-5.26491,36.36763],[-5.2646,36.36782],[-5.26433,36.3653],[-5.26368,36.36485],[-5.26308,36.36481],[-5.26257,36.36511],[-5.26228,36.36659],[-5.262,36.36695],[-5.26169,36.36668],[-5.26132,36.36564],[-5.26117,36.36391],[-5.26063,36.36358],[-5.25973,36.36386],[-5.2589,36.3636],[-5.25918,36.36427],[-5.25839,36.36483],[-5.25872,36.36582],[-5.2582,36.36723],[-5.26009,36.36844],[-5.2604,36.36952],[-5.26147,36.3703],[-5.26156,36.37149],[-5.26201,36.37201],[-5.26004,36.37179],[-5.25916,36.37042],[-5.25524,36.36827],[-5.25557,36.36744],[-5.25536,36.36693],[-5.25367,36.36631],[-5.25464,36.36533],[-5.25481,36.36483],[-5.25474,36.36453],[-5.2538,36.36432],[-5.25437,36.36327],[-5.25324,36.36205],[-5.25278,36.36197],[-5.25195,36.36317],[-5.25123,36.36363],[-5.25122,36.36217],[-5.25034,36.36166],[-5.25018,36.3605],[-5.24965,36.36048],[-5.24738,36.36134],[-5.24597,36.36013],[-5.24555,36.36012],[-5.24524,36.36103],[-5.24556,36.36198],[-5.24943,36.36506],[-5.25003,36.36645],[-5.25162,36.36768],[-5.25407,36.37037],[-5.25546,36.37124],[-5.25681,36.37291],[-5.2584,36.37284],[-5.25879,36.37334],[-5.25973,36.37339],[-5.26026,36.37445],[-5.26123,36.37463],[-5.26173,36.37509],[-5.26132,36.37568],[-5.26158,36.37655],[-5.26133,36.37669],[-5.25882,36.37512],[-5.25813,36.37444],[-5.25612,36.37447],[-5.25517,36.37544],[-5.2548,36.37505],[-5.25465,36.37395],[-5.2542,36.37365],[-5.25293,36.37475],[-5.25277,36.37377],[-5.25216,36.37281],[-5.25127,36.37323],[-5.24999,36.37531],[-5.2497,36.37372],[-5.24992,36.3715],[-5.24964,36.37139],[-5.2487,36.37199],[-5.24741,36.37345],[-5.24661,36.37357],[-5.24645,36.37307],[-5.24682,36.37193],[-5.24552,36.37093],[-5.24454,36.37066],[-5.24549,36.36986],[-5.24563,36.36938],[-5.24397,36.36913],[-5.24474,36.36802],[-5.2443,36.36787],[-5.24263,36.36834],[-5.24203,36.36784],[-5.24211,36.36743],[-5.24284,36.36679],[-5.2427,36.36591],[-5.23976,36.36676],[-5.23921,36.36753],[-5.23961,36.36827],[-5.23988,36.36983],[-5.24321,36.37164],[-5.242,36.37257],[-5.24213,36.37299],[-5.24309,36.37365],[-5.24248,36.37451],[-5.24295,36.37506],[-5.24393,36.37524],[-5.24571,36.37639],[-5.24689,36.37676],[-5.24803,36.3778],[-5.24785,36.37893],[-5.24973,36.37951],[-5.25051,36.37902],[-5.25091,36.37942],[-5.25147,36.38087],[-5.25204,36.38131],[-5.25233,36.38109],[-5.25277,36.37968],[-5.25344,36.37902],[-5.25531,36.37981],[-5.25567,36.38026],[-5.25688,36.38017],[-5.25715,36.38081],[-5.2576,36.38091],[-5.25791,36.38141],[-5.25839,36.38137],[-5.25931,36.38067],[-5.26024,36.38165],[-5.26134,36.38188],[-5.26125,36.38229],[-5.26152,36.38296],[-5.26023,36.38369],[-5.26182,36.38433],[-5.26243,36.38489],[-5.26291,36.38578],[-5.26376,36.38611],[-5.2638,36.3866],[-5.26305,36.38793],[-5.26303,36.38843],[-5.26364,36.389],[-5.26495,36.38927],[-5.26375,36.39],[-5.26343,36.39074],[-5.26148,36.39107],[-5.26174,36.39147],[-5.26273,36.39183],[-5.26184,36.39245],[-5.26265,36.39299],[-5.26293,36.39345],[-5.26448,36.39258],[-5.26563,36.39291],[-5.26471,36.39329],[-5.26391,36.39451],[-5.26307,36.39511],[-5.263,36.39568],[-5.26318,36.39648],[-5.26391,36.39699],[-5.26419,36.3975],[-5.26486,36.40326],[-5.26575,36.40608],[-5.2657,36.4078],[-5.26657,36.40932],[-5.26499,36.4088],[-5.26422,36.40801],[-5.26425,36.40659],[-5.26309,36.40484],[-5.26233,36.40178],[-5.26186,36.40194],[-5.26089,36.4034],[-5.26023,36.40303],[-5.26007,36.40254],[-5.26046,36.40185],[-5.25976,36.40132],[-5.26047,36.40108],[-5.25957,36.40052],[-5.26081,36.39987],[-5.26056,36.3995],[-5.25955,36.39957],[-5.25919,36.39936],[-5.2591,36.39884],[-5.25947,36.39788],[-5.25899,36.39612],[-5.2585,36.39669],[-5.25806,36.39889],[-5.25775,36.39936],[-5.2575,36.3993],[-5.25642,36.39279],[-5.25589,36.39255],[-5.25511,36.3917],[-5.25447,36.39161],[-5.25405,36.39185],[-5.25442,36.39252],[-5.25426,36.39348],[-5.25518,36.39409],[-5.25617,36.39603],[-5.25629,36.39714],[-5.25586,36.39763],[-5.25528,36.39784],[-5.25432,36.39739],[-5.25323,36.39754],[-5.2525,36.39863],[-5.25309,36.39903],[-5.2528,36.39958],[-5.25327,36.39979],[-5.25355,36.40078],[-5.25415,36.40096],[-5.25518,36.40075],[-5.25577,36.40098],[-5.25591,36.40129],[-5.25484,36.40188],[-5.25499,36.40245],[-5.25372,36.40229],[-5.25338,36.40278],[-5.25285,36.40575],[-5.2538,36.40803],[-5.25288,36.40768],[-5.25132,36.40765],[-5.25013,36.4085],[-5.24905,36.41076],[-5.24945,36.41144],[-5.24923,36.41232],[-5.24894,36.41152],[-5.24794,36.41084],[-5.24844,36.40967],[-5.24739,36.40902],[-5.24873,36.40846],[-5.24942,36.40789],[-5.24929,36.40753],[-5.24854,36.40704],[-5.24862,36.40672],[-5.24961,36.40646],[-5.2499,36.40611],[-5.24967,36.40509],[-5.24886,36.40427],[-5.24933,36.40217],[-5.24882,36.40098],[-5.24816,36.40055],[-5.24742,36.40067],[-5.24551,36.40193],[-5.24388,36.40228],[-5.24306,36.40201],[-5.24246,36.40114],[-5.24325,36.40081],[-5.2441,36.39992],[-5.24419,36.39912],[-5.24525,36.39882],[-5.2463,36.39708],[-5.24649,36.39632],[-5.24634,36.39592],[-5.24491,36.39596],[-5.24507,36.39554],[-5.24616,36.3948],[-5.24617,36.39387],[-5.24584,36.39307],[-5.24546,36.39282],[-5.24491,36.39308],[-5.24375,36.39452],[-5.24236,36.39553],[-5.24042,36.39408],[-5.2411,36.39322],[-5.24108,36.39277],[-5.24168,36.39223],[-5.24165,36.39078],[-5.2402,36.39176],[-5.23883,36.39093],[-5.23744,36.39075],[-5.23717,36.39092],[-5.23725,36.39114],[-5.23798,36.39206],[-5.23764,36.39285],[-5.23845,36.39345],[-5.23865,36.39391],[-5.23854,36.39451],[-5.23749,36.39538],[-5.23636,36.39417],[-5.23523,36.39362],[-5.23467,36.39378],[-5.2341,36.39435],[-5.23375,36.39422],[-5.23341,36.39211],[-5.23248,36.39189],[-5.23246,36.3934],[-5.23207,36.39374],[-5.232,36.39451],[-5.23154,36.39523],[-5.23269,36.39643],[-5.23166,36.39915],[-5.23176,36.40044],[-5.23225,36.4015],[-5.23057,36.40296],[-5.22952,36.40274],[-5.22843,36.40184],[-5.2267,36.39841],[-5.22574,36.3978],[-5.22535,36.39655],[-5.22446,36.39657],[-5.22327,36.39716],[-5.2231,36.39749],[-5.22509,36.39889],[-5.22555,36.40145],[-5.22587,36.40185],[-5.22735,36.40238],[-5.22786,36.40301],[-5.22912,36.40389],[-5.23004,36.40419],[-5.2308,36.40491],[-5.23098,36.40536],[-5.23037,36.40663],[-5.23062,36.40716],[-5.23224,36.40789],[-5.2324,36.40862],[-5.23457,36.40936],[-5.23391,36.41045],[-5.23405,36.4109],[-5.23484,36.41201],[-5.23585,36.41239],[-5.2361,36.41302],[-5.23719,36.41367],[-5.23638,36.41401],[-5.23517,36.41377],[-5.23442,36.41391],[-5.23449,36.41438],[-5.23556,36.41511],[-5.23559,36.41634],[-5.23448,36.41509],[-5.23308,36.41489],[-5.23171,36.41413],[-5.23109,36.41405],[-5.23056,36.41429],[-5.23018,36.41499],[-5.23077,36.41685],[-5.22966,36.41583],[-5.22941,36.41613],[-5.22955,36.41695],[-5.22938,36.41701],[-5.22873,36.41657],[-5.22868,36.41508],[-5.2271,36.41445],[-5.22681,36.41411],[-5.22805,36.41327],[-5.22807,36.41252],[-5.22714,36.41182],[-5.22548,36.41111],[-5.22521,36.41059],[-5.22445,36.41003],[-5.2242,36.40964],[-5.22481,36.40891],[-5.2222,36.40893],[-5.22129,36.40781],[-5.22091,36.4078],[-5.22066,36.40851],[-5.21881,36.40986],[-5.22005,36.41135],[-5.22219,36.41248],[-5.22248,36.41327],[-5.22332,36.41407],[-5.22319,36.41525],[-5.22275,36.41549],[-5.22199,36.41505],[-5.22175,36.41536],[-5.22234,36.4172],[-5.22217,36.41774],[-5.21942,36.41721],[-5.21776,36.41773],[-5.21748,36.41858],[-5.21764,36.42025],[-5.2166,36.42147],[-5.21687,36.42206],[-5.21768,36.42276],[-5.21772,36.4234],[-5.21821,36.42398],[-5.21821,36.4247],[-5.21854,36.42525],[-5.21951,36.4256],[-5.22073,36.4256],[-5.22113,36.42594],[-5.22121,36.42662],[-5.22037,36.42616],[-5.21993,36.42651],[-5.22046,36.42722],[-5.22054,36.42791],[-5.22182,36.42852],[-5.22198,36.42921],[-5.22178,36.42934],[-5.22115,36.42882],[-5.2187,36.42803],[-5.21777,36.42723],[-5.21712,36.42567],[-5.21431,36.42461],[-5.2141,36.42422],[-5.21417,36.42301],[-5.21246,36.42218],[-5.21223,36.42053],[-5.21007,36.41967],[-5.20875,36.41967],[-5.20732,36.419],[-5.20651,36.41835],[-5.20418,36.41853],[-5.20349,36.41788],[-5.20324,36.41825],[-5.20372,36.42073],[-5.2033,36.42097],[-5.20194,36.42098],[-5.20216,36.42231],[-5.20285,36.42292],[-5.20215,36.42406],[-5.20377,36.42434],[-5.20594,36.42519],[-5.20568,36.42585],[-5.20448,36.4267],[-5.20524,36.42767],[-5.20487,36.42869],[-5.20541,36.42955],[-5.20505,36.43052],[-5.20375,36.42891],[-5.20385,36.42753],[-5.2031,36.42694],[-5.20272,36.42704],[-5.20251,36.42812],[-5.20207,36.42853],[-5.201,36.42846],[-5.2001,36.4291],[-5.19807,36.42961],[-5.19651,36.43027],[-5.1955,36.42982],[-5.19478,36.42796],[-5.19391,36.42749],[-5.19358,36.42772],[-5.19372,36.42912],[-5.19429,36.43001],[-5.19413,36.43088],[-5.19468,36.43181],[-5.19444,36.43284],[-5.1934,36.43433],[-5.19331,36.43536],[-5.19426,36.43683],[-5.1946,36.43823],[-5.19522,36.43873],[-5.19543,36.4393],[-5.19625,36.43986],[-5.19729,36.44006],[-5.19798,36.44087],[-5.19597,36.44099],[-5.19591,36.4414],[-5.19652,36.44228],[-5.19698,36.44274],[-5.19967,36.44355],[-5.20013,36.44391],[-5.1999,36.44424],[-5.19811,36.444],[-5.19803,36.44436],[-5.19887,36.44522],[-5.19879,36.44546],[-5.19645,36.44448],[-5.19552,36.44373],[-5.19499,36.44393],[-5.19451,36.44484],[-5.19258,36.44576],[-5.19299,36.44455],[-5.19291,36.44415],[-5.19115,36.44347],[-5.19035,36.44279],[-5.18855,36.44267],[-5.18773,36.44291],[-5.18675,36.44403],[-5.18706,36.44473],[-5.18723,36.4461],[-5.18602,36.44698],[-5.18589,36.44758],[-5.18558,36.44772],[-5.18514,36.44741],[-5.18513,36.44658],[-5.18432,36.44587],[-5.1845,36.44538],[-5.18414,36.4448],[-5.18429,36.4441],[-5.18385,36.44377],[-5.18323,36.44372],[-5.18222,36.44481],[-5.18136,36.44508],[-5.18076,36.44573],[-5.18077,36.44621],[-5.18012,36.44619],[-5.18038,36.44678],[-5.18004,36.44733],[-5.1799,36.4484],[-5.17936,36.44885],[-5.17897,36.4487],[-5.17858,36.44889],[-5.17711,36.45025],[-5.17673,36.45001],[-5.17676,36.44961],[-5.17892,36.44787],[-5.17887,36.44656],[-5.17841,36.44607],[-5.17947,36.44452],[-5.17945,36.44425],[-5.17793,36.44345],[-5.178,36.44249],[-5.17735,36.44182],[-5.17656,36.44152],[-5.17509,36.44199],[-5.17354,36.44062],[-5.17244,36.44033],[-5.17212,36.44123],[-5.17122,36.44179],[-5.17109,36.44231],[-5.17134,36.44324],[-5.17258,36.44493],[-5.17127,36.44435],[-5.17,36.44335],[-5.16946,36.44376],[-5.17038,36.44539],[-5.17029,36.44624],[-5.17056,36.44666],[-5.17028,36.44735],[-5.17127,36.44748],[-5.17094,36.44785],[-5.16993,36.44813],[-5.16957,36.44911],[-5.17095,36.44918],[-5.17123,36.44989],[-5.17169,36.45032],[-5.17078,36.45062],[-5.17036,36.45117],[-5.17058,36.45242],[-5.17036,36.45288],[-5.17091,36.45335],[-5.16984,36.45342],[-5.16947,36.45312],[-5.16957,36.45254],[-5.16843,36.45238],[-5.16929,36.45171],[-5.16971,36.45057],[-5.1685,36.45038],[-5.16809,36.44946],[-5.16684,36.44944],[-5.16759,36.44799],[-5.16858,36.44714],[-5.16862,36.44659],[-5.16827,36.44627],[-5.16691,36.44647],[-5.16683,36.44578],[-5.16721,36.44527],[-5.16696,36.44498],[-5.16703,36.44455],[-5.16674,36.44438],[-5.16709,36.44375],[-5.16686,36.4429],[-5.16731,36.44189],[-5.16658,36.44036],[-5.16606,36.44027],[-5.16541,36.44056],[-5.16535,36.43963],[-5.16513,36.43943],[-5.16439,36.43961],[-5.16393,36.44045],[-5.16368,36.43903],[-5.163,36.43878],[-5.16229,36.4392],[-5.16251,36.44135],[-5.16333,36.44312],[-5.16437,36.44391],[-5.16448,36.44501],[-5.1636,36.44377],[-5.16271,36.44358],[-5.16144,36.44211],[-5.16113,36.44141],[-5.16095,36.44177],[-5.16125,36.44304],[-5.16034,36.44231],[-5.16018,36.44162],[-5.15975,36.44131],[-5.16042,36.43967],[-5.15978,36.43884],[-5.16053,36.43805],[-5.1605,36.43764],[-5.15895,36.43789],[-5.1588,36.43877],[-5.15762,36.43782],[-5.15709,36.43796],[-5.15813,36.43938],[-5.15808,36.4399],[-5.15782,36.43984],[-5.15758,36.43914],[-5.15701,36.43913],[-5.15653,36.43955],[-5.15574,36.43834],[-5.15528,36.43838],[-5.15551,36.43927],[-5.15514,36.44009],[-5.1551,36.44148],[-5.15636,36.44156],[-5.15693,36.44193],[-5.15588,36.44197],[-5.15531,36.44224],[-5.15528,36.44258],[-5.15576,36.44325],[-5.15526,36.44315],[-5.15461,36.44364],[-5.15441,36.44298],[-5.15468,36.44253],[-5.15431,36.44205],[-5.15321,36.44253],[-5.15275,36.44238],[-5.1538,36.44156],[-5.15389,36.44098],[-5.15282,36.44122],[-5.1518,36.4421],[-5.15142,36.44218],[-5.15254,36.44033],[-5.15279,36.43863],[-5.15256,36.43777],[-5.15081,36.43784],[-5.15123,36.43852],[-5.15086,36.43897],[-5.15116,36.43965],[-5.15002,36.4396],[-5.14972,36.43854],[-5.14918,36.43843],[-5.14895,36.43859],[-5.15021,36.4407],[-5.15017,36.44197],[-5.14956,36.44353],[-5.14916,36.44274],[-5.14907,36.44139],[-5.1487,36.4406],[-5.14806,36.44053],[-5.14807,36.44195],[-5.14712,36.4422],[-5.14671,36.44193],[-5.14691,36.44108],[-5.14582,36.44048],[-5.14692,36.43979],[-5.14566,36.43982],[-5.1452,36.44022],[-5.14513,36.4408],[-5.14633,36.44297],[-5.14805,36.44481],[-5.15073,36.44622],[-5.15018,36.44671],[-5.15027,36.44759],[-5.14935,36.44697],[-5.14911,36.44638],[-5.14788,36.44579],[-5.1474,36.446],[-5.14735,36.4472],[-5.14697,36.44722],[-5.14672,36.44665],[-5.14677,36.44542],[-5.14571,36.44448],[-5.14521,36.44456],[-5.14493,36.44509],[-5.14511,36.44563],[-5.14605,36.44618],[-5.14676,36.44749],[-5.14664,36.44958],[-5.14629,36.44976],[-5.14587,36.44911],[-5.14597,36.44787],[-5.14555,36.44698],[-5.14442,36.44644],[-5.1442,36.44569],[-5.14342,36.4451],[-5.14361,36.4445],[-5.14316,36.44449],[-5.14252,36.44476],[-5.14237,36.44531],[-5.14169,36.44522],[-5.14133,36.44566],[-5.14197,36.44703],[-5.14321,36.44828],[-5.14337,36.44898],[-5.14251,36.44817],[-5.14172,36.44814],[-5.14116,36.44951],[-5.14143,36.45],[-5.14093,36.45006],[-5.1406,36.44986],[-5.14088,36.44755],[-5.14045,36.44657],[-5.13978,36.44647],[-5.1395,36.4461],[-5.13977,36.44523],[-5.13926,36.44498],[-5.13851,36.44542],[-5.13835,36.44619],[-5.13785,36.44642],[-5.13769,36.447],[-5.13746,36.44694],[-5.13724,36.44633],[-5.13682,36.44623],[-5.13762,36.44798],[-5.1373,36.44927],[-5.13756,36.45065],[-5.13684,36.45083],[-5.13654,36.45134],[-5.13673,36.45163],[-5.13875,36.45249],[-5.1392,36.45297],[-5.1392,36.45342],[-5.13859,36.45463],[-5.14017,36.45593],[-5.14033,36.45786],[-5.14079,36.45836],[-5.14079,36.45916],[-5.14021,36.45968],[-5.14027,36.45991],[-5.14151,36.4606],[-5.14366,36.46294],[-5.14558,36.46401],[-5.14608,36.46461],[-5.14631,36.46539],[-5.14418,36.46491],[-5.14385,36.46418],[-5.14216,36.46267],[-5.1404,36.46185],[-5.13927,36.46189],[-5.13784,36.46115],[-5.13703,36.46136],[-5.13775,36.46214],[-5.13762,36.46228],[-5.13551,36.46103],[-5.13502,36.461],[-5.13486,36.46253],[-5.13405,36.46112],[-5.13344,36.46077],[-5.13176,36.46054],[-5.13075,36.45936],[-5.12959,36.45845],[-5.12938,36.4587],[-5.13009,36.45947],[-5.13021,36.45997],[-5.12938,36.46009],[-5.12921,36.46052],[-5.12893,36.46053],[-5.12766,36.45949],[-5.12611,36.459],[-5.12632,36.45841],[-5.12613,36.45724],[-5.12583,36.45708],[-5.12458,36.45842],[-5.12458,36.45901],[-5.12508,36.45941],[-5.12615,36.45965],[-5.12675,36.46043],[-5.12756,36.46083],[-5.128,36.4616],[-5.1292,36.46207],[-5.12859,36.4632],[-5.12883,36.4646],[-5.12936,36.46518],[-5.12948,36.46576],[-5.12914,36.46599],[-5.12912,36.46562],[-5.12839,36.46518],[-5.12822,36.46434],[-5.12676,36.46251],[-5.12619,36.46258],[-5.12622,36.46332],[-5.12498,36.46354],[-5.12591,36.46164],[-5.12564,36.46158],[-5.12507,36.46195],[-5.12452,36.46186],[-5.12449,36.46101],[-5.12328,36.461],[-5.12282,36.45963],[-5.12232,36.45934],[-5.12194,36.46016],[-5.12261,36.46106],[-5.12205,36.46169],[-5.1229,36.46191],[-5.12262,36.46262],[-5.12349,36.46298],[-5.12297,36.46344],[-5.12292,36.46377],[-5.12393,36.46435],[-5.12333,36.46479],[-5.12465,36.46532],[-5.12485,36.46562],[-5.12474,36.46579],[-5.12302,36.46553],[-5.1228,36.46578],[-5.12286,36.46617],[-5.12346,36.46699],[-5.1247,36.46739],[-5.12457,36.4679],[-5.12488,36.46863],[-5.12413,36.46826],[-5.12391,36.46767],[-5.1235,36.46753],[-5.12292,36.4686],[-5.12268,36.46764],[-5.12208,36.46718],[-5.12169,36.4675],[-5.12171,36.46858],[-5.12102,36.46885],[-5.12108,36.46797],[-5.12,36.46798],[-5.11992,36.46781],[-5.12095,36.46684],[-5.12124,36.46557],[-5.12115,36.46422],[-5.12055,36.46425],[-5.11959,36.46519],[-5.11926,36.4641],[-5.11988,36.46353],[-5.11977,36.46299],[-5.12067,36.4626],[-5.11954,36.46235],[-5.1192,36.462],[-5.11966,36.46122],[-5.1195,36.46015],[-5.11879,36.45993],[-5.11882,36.45951],[-5.11848,36.45939],[-5.11823,36.45889],[-5.11763,36.45876],[-5.11781,36.45978],[-5.11767,36.4604],[-5.11697,36.4604],[-5.11668,36.46082],[-5.11792,36.46139],[-5.11763,36.46186],[-5.11882,36.46308],[-5.11887,36.46344],[-5.1182,36.4641],[-5.11809,36.46503],[-5.11828,36.46594],[-5.11926,36.4668],[-5.11887,36.46729],[-5.11815,36.46688],[-5.11742,36.46719],[-5.11617,36.46676],[-5.11606,36.46696],[-5.11631,36.46729],[-5.11607,36.46764],[-5.11616,36.46793],[-5.11703,36.46841],[-5.11699,36.46894],[-5.11788,36.4692],[-5.11819,36.46953],[-5.11789,36.47007],[-5.11934,36.47263],[-5.12122,36.47387],[-5.12194,36.47522],[-5.12387,36.47529],[-5.12468,36.47554],[-5.12566,36.47704],[-5.12804,36.4778],[-5.12871,36.47881],[-5.1288,36.4794],[-5.12756,36.47822],[-5.12629,36.47831],[-5.12416,36.47752],[-5.12378,36.477],[-5.12439,36.47665],[-5.12424,36.47633],[-5.12316,36.47638],[-5.12224,36.47693],[-5.12112,36.47649],[-5.12019,36.47561],[-5.12044,36.47477],[-5.12028,36.47446],[-5.11922,36.47441],[-5.11815,36.4733],[-5.11589,36.47299],[-5.11522,36.47198],[-5.11462,36.47155],[-5.11319,36.47111],[-5.11264,36.47121],[-5.11216,36.47181],[-5.11235,36.47233],[-5.11386,36.47327],[-5.11292,36.47331],[-5.11229,36.47308],[-5.11054,36.47204],[-5.11065,36.47161],[-5.11139,36.471],[-5.11141,36.47068],[-5.111,36.47039],[-5.11018,36.47062],[-5.10995,36.46978],[-5.10961,36.46957],[-5.10928,36.47036],[-5.10949,36.47244],[-5.11051,36.47374],[-5.10981,36.47443],[-5.10979,36.47473],[-5.11121,36.4759],[-5.10944,36.47573],[-5.10906,36.47606],[-5.10897,36.47668],[-5.11024,36.47725],[-5.11068,36.4777],[-5.1109,36.47908],[-5.11079,36.4808],[-5.11143,36.48113],[-5.11293,36.48122],[-5.11381,36.48253],[-5.11536,36.4833],[-5.11399,36.48316],[-5.11308,36.48256],[-5.113,36.48343],[-5.1126,36.48366],[-5.11205,36.4826],[-5.10993,36.48142],[-5.10968,36.48076],[-5.10975,36.47855],[-5.1094,36.47821],[-5.10869,36.47852],[-5.10712,36.4771],[-5.10692,36.47646],[-5.10707,36.47419],[-5.10659,36.47289],[-5.10594,36.47229],[-5.10454,36.4717],[-5.10406,36.472],[-5.10476,36.4728],[-5.10511,36.47374],[-5.1066,36.47465],[-5.1066,36.47527],[-5.10601,36.47573],[-5.10601,36.4751],[-5.10561,36.47468],[-5.10439,36.4746],[-5.10367,36.47537],[-5.10337,36.4763],[-5.10323,36.47514],[-5.10358,36.47427],[-5.10356,36.47339],[-5.10216,36.47361],[-5.1024,36.47237],[-5.10203,36.4711],[-5.10155,36.47086],[-5.10065,36.47119],[-5.10053,36.47058],[-5.10077,36.46984],[-5.10061,36.46955],[-5.09919,36.46909],[-5.09869,36.4684],[-5.09809,36.46856],[-5.09791,36.46812],[-5.0975,36.46794],[-5.09802,36.46688],[-5.09757,36.46516],[-5.09706,36.46512],[-5.09669,36.46583],[-5.09727,36.46657],[-5.09711,36.46738],[-5.09629,36.4672],[-5.09712,36.46837],[-5.0976,36.4697],[-5.09734,36.46967],[-5.09669,36.46891],[-5.09644,36.46898],[-5.09626,36.46958],[-5.09518,36.46899],[-5.09478,36.46937],[-5.09677,36.47235],[-5.09579,36.47178],[-5.09465,36.47329],[-5.09447,36.47264],[-5.09504,36.47098],[-5.09408,36.47006],[-5.09356,36.46904],[-5.09405,36.46857],[-5.09505,36.4683],[-5.09528,36.46779],[-5.09497,36.46748],[-5.09413,36.46741],[-5.09485,36.46674],[-5.0947,36.46631],[-5.09387,36.466],[-5.09335,36.46658],[-5.0928,36.4665],[-5.09289,36.4659],[-5.09383,36.46524],[-5.09362,36.4649],[-5.09316,36.46488],[-5.09223,36.46566],[-5.09186,36.4666],[-5.09196,36.46781],[-5.09254,36.46833],[-5.09195,36.46872],[-5.09186,36.46916],[-5.09309,36.47046],[-5.09301,36.47062],[-5.09172,36.47019],[-5.09114,36.46945],[-5.09072,36.4696],[-5.09035,36.47042],[-5.0902,36.47036],[-5.08983,36.46936],[-5.0907,36.46881],[-5.09066,36.46847],[-5.08959,36.46917],[-5.08937,36.47048],[-5.08785,36.47037],[-5.08879,36.46964],[-5.08882,36.46938],[-5.08852,36.46913],[-5.08906,36.4684],[-5.09039,36.46747],[-5.08912,36.4677],[-5.08767,36.4687],[-5.08748,36.4686],[-5.088,36.46771],[-5.08716,36.46736],[-5.08793,36.46665],[-5.08941,36.46583],[-5.08986,36.46429],[-5.09047,36.46357],[-5.09031,36.46335],[-5.08981,36.46343],[-5.08928,36.46427],[-5.08889,36.46371],[-5.08848,36.46394],[-5.08818,36.46462],[-5.08837,36.46549],[-5.08783,36.46579],[-5.08778,36.46516],[-5.08739,36.4651],[-5.08711,36.46542],[-5.08679,36.46675],[-5.08616,36.46633],[-5.08601,36.46554],[-5.08555,36.46566],[-5.08549,36.46608],[-5.08586,36.46661],[-5.0855,36.46689],[-5.08556,36.46775],[-5.08458,36.46713],[-5.08438,36.46632],[-5.08472,36.46505],[-5.08397,36.46533],[-5.08375,36.46615],[-5.08324,36.46569],[-5.08296,36.46571],[-5.08314,36.46662],[-5.08386,36.46734],[-5.08286,36.46737],[-5.0826,36.46849],[-5.08362,36.46883],[-5.08413,36.46866],[-5.08431,36.46828],[-5.08483,36.4683],[-5.08517,36.46919],[-5.08597,36.46898],[-5.08636,36.46913],[-5.08668,36.47021],[-5.08658,36.47068],[-5.0857,36.47027],[-5.08482,36.47084],[-5.08461,36.47023],[-5.08439,36.47021],[-5.08382,36.47065],[-5.08388,36.47112],[-5.08518,36.47131],[-5.08533,36.47226],[-5.0865,36.47213],[-5.08609,36.47269],[-5.08628,36.4729],[-5.08882,36.47248],[-5.08903,36.47278],[-5.09034,36.47314],[-5.09012,36.47366],[-5.08946,36.47324],[-5.08883,36.47319],[-5.08838,36.47333],[-5.0882,36.47386],[-5.08717,36.47369],[-5.08663,36.47385],[-5.0867,36.47453],[-5.08759,36.47507],[-5.08732,36.47597],[-5.08657,36.47523],[-5.08557,36.47496],[-5.08551,36.47432],[-5.0847,36.47354],[-5.08429,36.47349],[-5.08385,36.47381],[-5.084,36.47434],[-5.08485,36.47493],[-5.08479,36.47534],[-5.0853,36.47607],[-5.08604,36.47661],[-5.08806,36.47746],[-5.08836,36.47784],[-5.08804,36.47796],[-5.08605,36.47757],[-5.0857,36.47782],[-5.08719,36.47903],[-5.0876,36.47994],[-5.08733,36.48003],[-5.08623,36.47898],[-5.08578,36.47905],[-5.08613,36.47992],[-5.08606,36.48081],[-5.08719,36.4816],[-5.08712,36.48248],[-5.0864,36.48298],[-5.08667,36.48398],[-5.08721,36.48436],[-5.08878,36.48421],[-5.08913,36.48503],[-5.08832,36.48493],[-5.0881,36.48513],[-5.08854,36.48628],[-5.08781,36.48859],[-5.08822,36.48991],[-5.08645,36.49025],[-5.08679,36.48861],[-5.08638,36.48763],[-5.08654,36.48647],[-5.08594,36.48614],[-5.08461,36.48383],[-5.08518,36.48228],[-5.08427,36.4813],[-5.08446,36.48016],[-5.08251,36.4785],[-5.08263,36.47759],[-5.08247,36.47739],[-5.082,36.47769],[-5.08186,36.47843],[-5.0826,36.4806],[-5.08214,36.48134],[-5.08134,36.48099],[-5.08114,36.48171],[-5.08136,36.48248],[-5.08226,36.48297],[-5.0819,36.48388],[-5.08244,36.48438],[-5.08252,36.48537],[-5.08329,36.48757],[-5.08266,36.48746],[-5.08223,36.48698],[-5.0813,36.48439],[-5.08069,36.48385],[-5.0801,36.48369],[-5.07945,36.48403],[-5.07944,36.4845],[-5.0805,36.48708],[-5.08153,36.48889],[-5.0805,36.48848],[-5.07997,36.4877],[-5.07942,36.48772],[-5.07888,36.48829],[-5.07823,36.48778],[-5.07818,36.48705],[-5.07748,36.48671],[-5.07693,36.4857],[-5.07663,36.48554],[-5.07637,36.48572],[-5.07684,36.48689],[-5.07592,36.48632],[-5.07542,36.4854],[-5.07482,36.48571],[-5.07465,36.48653],[-5.07411,36.4855],[-5.07319,36.48577],[-5.07291,36.48623],[-5.07328,36.48705],[-5.07258,36.48749],[-5.07257,36.48792],[-5.07397,36.48857],[-5.07458,36.48922],[-5.07464,36.48992],[-5.07657,36.49141],[-5.07817,36.49173],[-5.07761,36.49223],[-5.07827,36.49271],[-5.07847,36.49423],[-5.07872,36.49439],[-5.07923,36.4941],[-5.08007,36.49456],[-5.07945,36.49462],[-5.07917,36.49491],[-5.08131,36.49509],[-5.07966,36.49535],[-5.07955,36.49552],[-5.08052,36.4955],[-5.07978,36.49603],[-5.07966,36.49637],[-5.08024,36.49703],[-5.08214,36.49705],[-5.08118,36.49747],[-5.0823,36.49858],[-5.08201,36.50047],[-5.08245,36.50116],[-5.08204,36.50165],[-5.08291,36.50307],[-5.08435,36.50401],[-5.08647,36.50454],[-5.08756,36.50602],[-5.09005,36.50631],[-5.09052,36.50655],[-5.09104,36.50719],[-5.09131,36.50808],[-5.09065,36.50795],[-5.09058,36.50723],[-5.09035,36.50698],[-5.08916,36.50655],[-5.08777,36.5065],[-5.08793,36.50739],[-5.08765,36.50795],[-5.08695,36.50733],[-5.08603,36.50696],[-5.08556,36.50628],[-5.08591,36.50526],[-5.08579,36.50499],[-5.08303,36.5041],[-5.0818,36.50324],[-5.08098,36.50136],[-5.08102,36.49955],[-5.08021,36.49958],[-5.07753,36.50092],[-5.07803,36.50005],[-5.07792,36.49952],[-5.07613,36.49896],[-5.07604,36.49839],[-5.07521,36.49784],[-5.07552,36.49641],[-5.07374,36.49586],[-5.0739,36.49523],[-5.07375,36.49416],[-5.07277,36.49297],[-5.07263,36.49244],[-5.07163,36.49265],[-5.07206,36.49136],[-5.07109,36.49136],[-5.07123,36.4903],[-5.07034,36.4901],[-5.07076,36.48928],[-5.06768,36.49102],[-5.06884,36.4896],[-5.06778,36.48956],[-5.06846,36.48885],[-5.06746,36.48855],[-5.06767,36.48811],[-5.06736,36.48762],[-5.06758,36.4861],[-5.06736,36.48586],[-5.06676,36.48603],[-5.06576,36.48688],[-5.06564,36.4873],[-5.06586,36.48801],[-5.06564,36.4888],[-5.06442,36.48964],[-5.06456,36.49006],[-5.06543,36.49003],[-5.06587,36.49024],[-5.06537,36.49075],[-5.06636,36.49215],[-5.06624,36.49365],[-5.0655,36.4946],[-5.06484,36.49269],[-5.06459,36.49228],[-5.06426,36.49224],[-5.06375,36.49302],[-5.06291,36.49338],[-5.06268,36.49434],[-5.06241,36.49342],[-5.06205,36.49356],[-5.06151,36.49477],[-5.06088,36.4953],[-5.06112,36.49433],[-5.06099,36.49379],[-5.06158,36.49324],[-5.06097,36.49304],[-5.06108,36.49271],[-5.06352,36.49091],[-5.06316,36.48913],[-5.06362,36.48864],[-5.06429,36.48852],[-5.06441,36.48816],[-5.06336,36.48765],[-5.06512,36.48502],[-5.06495,36.48419],[-5.06512,36.48182],[-5.06624,36.48029],[-5.06745,36.4776],[-5.06735,36.47718],[-5.06707,36.47718],[-5.06529,36.47837],[-5.0651,36.47741],[-5.06423,36.47695],[-5.0636,36.47771],[-5.0633,36.47778],[-5.06308,36.47711],[-5.06328,36.47664],[-5.06276,36.47556],[-5.06303,36.47444],[-5.06263,36.47414],[-5.06162,36.47524],[-5.06105,36.47484],[-5.06057,36.47517],[-5.06049,36.47556],[-5.06099,36.4765],[-5.06082,36.47683],[-5.05958,36.47641],[-5.05913,36.47662],[-5.05879,36.47714],[-5.05898,36.47775],[-5.06022,36.47819],[-5.05945,36.47855],[-5.06053,36.47912],[-5.06114,36.48029],[-5.05878,36.47931],[-5.05731,36.47839],[-5.0563,36.47843],[-5.05653,36.47891],[-5.05737,36.47959],[-5.05747,36.48004],[-5.05641,36.47956],[-5.05546,36.47978],[-5.05507,36.4803],[-5.05498,36.48162],[-5.05696,36.48297],[-5.05735,36.48343],[-5.05737,36.48404],[-5.05639,36.48345],[-5.05478,36.48299],[-5.0543,36.48324],[-5.05407,36.48437],[-5.05324,36.48368],[-5.05274,36.48357],[-5.05262,36.48442],[-5.05194,36.48495],[-5.05205,36.48553],[-5.05159,36.4863],[-5.05176,36.48784],[-5.05139,36.48837],[-5.0512,36.48796],[-5.05102,36.48484],[-5.05122,36.48367],[-5.05278,36.48152],[-5.05261,36.48124],[-5.05218,36.4812],[-5.04968,36.48204],[-5.04949,36.48468],[-5.04865,36.48668],[-5.04871,36.48775],[-5.04823,36.49003],[-5.04659,36.49159],[-5.04653,36.49225],[-5.04574,36.49285],[-5.04412,36.49244],[-5.04377,36.49261],[-5.04527,36.49374],[-5.04492,36.49604],[-5.04439,36.49525],[-5.04424,36.49431],[-5.04402,36.4941],[-5.04342,36.49413],[-5.04341,36.4938],[-5.04259,36.49287],[-5.04253,36.49237],[-5.04269,36.49205],[-5.04329,36.4918],[-5.04493,36.49215],[-5.04562,36.49083],[-5.04713,36.48948],[-5.04686,36.48901],[-5.04523,36.48901],[-5.04662,36.48844],[-5.04728,36.48782],[-5.04719,36.48755],[-5.04618,36.48756],[-5.0463,36.48691],[-5.04673,36.48651],[-5.04765,36.48474],[-5.04799,36.48106],[-5.04863,36.47985],[-5.05004,36.47934],[-5.05044,36.47887],[-5.05036,36.47747],[-5.04935,36.47611],[-5.04875,36.47667],[-5.04843,36.47807],[-5.0478,36.47744],[-5.0473,36.47765],[-5.04767,36.47879],[-5.04743,36.47928],[-5.04604,36.47959],[-5.04676,36.48034],[-5.04648,36.48124],[-5.04615,36.48145],[-5.04494,36.4815],[-5.04559,36.483],[-5.04388,36.48312],[-5.0436,36.4821],[-5.04252,36.48114],[-5.04226,36.48113],[-5.04193,36.48165],[-5.04141,36.48161],[-5.04152,36.48026],[-5.04108,36.47971],[-5.04026,36.47932],[-5.03963,36.4795],[-5.03957,36.48023],[-5.03844,36.48124],[-5.03948,36.48263],[-5.03964,36.48375],[-5.03908,36.48366],[-5.03828,36.48266],[-5.03788,36.48257],[-5.03764,36.48279],[-5.03816,36.48523],[-5.03937,36.48667],[-5.03916,36.48759],[-5.03694,36.4856],[-5.036,36.48401],[-5.03519,36.48419],[-5.03443,36.48516],[-5.03402,36.48616],[-5.03337,36.48596],[-5.03302,36.48487],[-5.03256,36.48492],[-5.03235,36.48544],[-5.03295,36.48646],[-5.0332,36.48797],[-5.03248,36.48853],[-5.03225,36.48937],[-5.03268,36.49087],[-5.03221,36.49176],[-5.03247,36.49256],[-5.03212,36.49381],[-5.03083,36.49188],[-5.03073,36.49094],[-5.0302,36.49016],[-5.03078,36.48967],[-5.02988,36.48922],[-5.02964,36.48751],[-5.0293,36.48729],[-5.02861,36.48732],[-5.02818,36.48696],[-5.02777,36.48701],[-5.02765,36.48749],[-5.02826,36.48906],[-5.02744,36.48988],[-5.02943,36.49287],[-5.02954,36.49383],[-5.02866,36.49542],[-5.02917,36.49661],[-5.02993,36.49742],[-5.02847,36.49735],[-5.02744,36.49665],[-5.02705,36.49524],[-5.02605,36.4943],[-5.02646,36.4925],[-5.02612,36.49204],[-5.02552,36.49177],[-5.02474,36.49168],[-5.02428,36.49187],[-5.02354,36.49303],[-5.02221,36.49389],[-5.02217,36.49457],[-5.02109,36.49524],[-5.02152,36.49548],[-5.02265,36.4955],[-5.02417,36.4944],[-5.02468,36.49447],[-5.02488,36.4949],[-5.02435,36.49611],[-5.02256,36.4971],[-5.02255,36.4977],[-5.02435,36.49819],[-5.02623,36.49787],[-5.02645,36.49817],[-5.026,36.49919],[-5.0265,36.49954],[-5.02736,36.49965],[-5.02934,36.49929],[-5.02821,36.50072],[-5.02836,36.50112],[-5.02913,36.50132],[-5.02863,36.5021],[-5.02965,36.50211],[-5.02961,36.50271],[-5.0307,36.5029],[-5.03022,36.50344],[-5.03061,36.50437],[-5.03165,36.5046],[-5.03317,36.5043],[-5.03227,36.50562],[-5.03238,36.50606],[-5.03337,36.50677],[-5.03435,36.50643],[-5.03419,36.50728],[-5.03517,36.50824],[-5.03582,36.50953],[-5.03623,36.50953],[-5.03709,36.50871],[-5.03725,36.50885],[-5.03692,36.50954],[-5.03801,36.5098],[-5.03782,36.51008],[-5.03674,36.51025],[-5.03655,36.51089],[-5.03571,36.51118],[-5.03534,36.51204],[-5.03498,36.51252],[-5.03421,36.51292],[-5.03411,36.51339],[-5.03596,36.51485],[-5.03833,36.51586],[-5.03879,36.51646],[-5.03731,36.51592],[-5.03681,36.51605],[-5.03368,36.51414],[-5.03319,36.51351],[-5.03314,36.51306],[-5.03341,36.51254],[-5.03461,36.51211],[-5.03448,36.51158],[-5.03401,36.51135],[-5.0329,36.51142],[-5.03242,36.51091],[-5.0315,36.51087],[-5.03102,36.51028],[-5.03015,36.5106],[-5.03021,36.50981],[-5.02979,36.50889],[-5.02797,36.50719],[-5.02747,36.50631],[-5.02642,36.50571],[-5.02554,36.50485],[-5.02502,36.50512],[-5.02494,36.50582],[-5.02462,36.50596],[-5.02423,36.50546],[-5.02402,36.50431],[-5.02327,36.50398],[-5.02279,36.50402],[-5.02254,36.50448],[-5.0231,36.50615],[-5.02326,36.50695],[-5.02309,36.50701],[-5.021,36.50623],[-5.02,36.50623],[-5.01881,36.50674],[-5.01828,36.50663],[-5.01889,36.50525],[-5.01838,36.50437],[-5.01663,36.50529],[-5.01637,36.50515],[-5.01656,36.50449],[-5.01634,36.50419],[-5.01449,36.50467],[-5.01444,36.50569],[-5.01466,36.50617],[-5.01608,36.50734],[-5.01793,36.50786],[-5.01771,36.50841],[-5.01712,36.50897],[-5.01636,36.50902],[-5.01641,36.50925],[-5.01713,36.50962],[-5.01705,36.51011],[-5.0168,36.51003],[-5.01581,36.50939],[-5.01547,36.50759],[-5.01497,36.50769],[-5.01472,36.50843],[-5.01443,36.50862],[-5.01419,36.50732],[-5.0135,36.50733],[-5.01351,36.50658],[-5.01287,36.50635],[-5.01311,36.50568],[-5.01266,36.50498],[-5.01267,36.50447],[-5.01352,36.50382],[-5.01357,36.50299],[-5.01467,36.50255],[-5.01443,36.50216],[-5.01387,36.50195],[-5.01214,36.50244],[-5.01061,36.50418],[-5.0098,36.50443],[-5.0094,36.50526],[-5.00779,36.50669],[-5.00762,36.50786],[-5.00787,36.50824],[-5.00918,36.5083],[-5.01016,36.5087],[-5.00964,36.51041],[-5.01001,36.51132],[-5.00919,36.51082],[-5.00901,36.50931],[-5.0088,36.50913],[-5.00784,36.5096],[-5.00701,36.50957],[-5.00616,36.51023],[-5.00576,36.51024],[-5.00579,36.5097],[-5.00641,36.50872],[-5.00638,36.50823],[-5.00619,36.50791],[-5.0054,36.50759],[-5.00479,36.5063],[-5.00424,36.50595],[-5.00358,36.50631],[-5.00357,36.50753],[-5.00313,36.50819],[-5.00325,36.50843],[-5.00435,36.50887],[-5.0043,36.50928],[-5.00376,36.50957],[-5.00308,36.50897],[-5.00246,36.50917],[-5.00244,36.50957],[-5.00305,36.51034],[-5.00276,36.51063],[-5.00187,36.50962],[-5.00128,36.51035],[-5.00133,36.50973],[-5.00107,36.50956],[-5.00015,36.50993],[-5.00076,36.50858],[-5.00061,36.50733],[-5.00102,36.50629],[-5.00074,36.50614],[-5.00014,36.50642],[-4.99984,36.50687],[-4.99965,36.50859],[-4.99987,36.51019],[-4.99956,36.51082],[-4.99761,36.51129],[-4.99748,36.51179],[-4.99771,36.51283],[-4.9968,36.51198],[-4.99579,36.51234],[-4.99624,36.5134],[-4.99634,36.51454],[-4.99518,36.51295],[-4.9949,36.51221],[-4.99594,36.51118],[-4.99714,36.50946],[-4.99687,36.50844],[-4.99715,36.50715],[-4.99628,36.5067],[-4.9956,36.50699],[-4.99503,36.50921],[-4.99415,36.50996],[-4.99446,36.5106],[-4.99402,36.51118],[-4.9934,36.51324],[-4.99351,36.51381],[-4.9943,36.51496],[-4.99343,36.51486],[-4.99306,36.51515],[-4.99314,36.51631],[-4.99286,36.51715],[-4.99314,36.51762],[-4.99443,36.51849],[-4.99404,36.51898],[-4.99444,36.52061],[-4.99391,36.52132],[-4.99569,36.52139],[-4.99454,36.52196],[-4.99542,36.52268],[-4.99565,36.52388],[-4.99624,36.52468],[-4.9956,36.52474],[-4.99534,36.5239],[-4.99472,36.52309],[-4.99413,36.52293],[-4.99365,36.52325],[-4.99354,36.52391],[-4.9938,36.52451],[-4.99348,36.5258],[-4.99356,36.5264],[-4.99404,36.52741],[-4.99509,36.52855],[-4.9952,36.52902],[-4.99423,36.5308],[-4.99319,36.53155],[-4.99334,36.53035],[-4.99437,36.52887],[-4.99303,36.52683],[-4.99179,36.52577],[-4.9918,36.52531],[-4.99129,36.52445],[-4.99124,36.52335],[-4.99008,36.52313],[-4.99164,36.52233],[-4.99052,36.5219],[-4.99155,36.5218],[-4.99195,36.52132],[-4.99205,36.52061],[-4.99121,36.52029],[-4.99197,36.51931],[-4.99092,36.51894],[-4.98894,36.51916],[-4.98922,36.51876],[-4.99018,36.51825],[-4.99064,36.51741],[-4.98981,36.51728],[-4.99025,36.51649],[-4.99017,36.51564],[-4.98975,36.51538],[-4.98911,36.51565],[-4.9888,36.51489],[-4.98837,36.51457],[-4.98683,36.51447],[-4.986,36.51491],[-4.98601,36.51588],[-4.9864,36.51681],[-4.98564,36.51612],[-4.98551,36.51549],[-4.98438,36.51581],[-4.98422,36.5154],[-4.98358,36.51499],[-4.98336,36.51356],[-4.98286,36.51344],[-4.98237,36.51456],[-4.98289,36.51512],[-4.98227,36.51589],[-4.98293,36.51694],[-4.98261,36.51753],[-4.98255,36.51837],[-4.98227,36.51811],[-4.98221,36.51708],[-4.98191,36.51666],[-4.98047,36.51665],[-4.98064,36.51577],[-4.97985,36.51492],[-4.9789,36.51492],[-4.97839,36.51559],[-4.97737,36.51617],[-4.9773,36.51648],[-4.97781,36.51714],[-4.97716,36.51784],[-4.97887,36.51882],[-4.978,36.51937],[-4.9777,36.51996],[-4.97785,36.52045],[-4.97855,36.52098],[-4.97869,36.52205],[-4.98084,36.52332],[-4.98247,36.52392],[-4.98298,36.5246],[-4.98117,36.52392],[-4.98002,36.52393],[-4.97943,36.52329],[-4.97841,36.523],[-4.97741,36.52234],[-4.97719,36.52153],[-4.97617,36.52143],[-4.97624,36.52062],[-4.97564,36.51997],[-4.97593,36.5191],[-4.97522,36.51885],[-4.97422,36.51928],[-4.97381,36.51984],[-4.97404,36.52042],[-4.97232,36.52154],[-4.97244,36.52226],[-4.97365,36.524],[-4.97341,36.52464],[-4.97166,36.52259],[-4.97118,36.52118],[-4.97135,36.52041],[-4.97113,36.52003],[-4.97066,36.52014],[-4.97018,36.52121],[-4.9705,36.52295],[-4.97036,36.52325],[-4.96966,36.52155],[-4.96826,36.52098],[-4.96756,36.52108],[-4.96646,36.52469],[-4.96664,36.52546],[-4.96761,36.5266],[-4.96783,36.52725],[-4.96678,36.52674],[-4.96527,36.52654],[-4.96466,36.52454],[-4.96365,36.52498],[-4.96397,36.52419],[-4.96401,36.52309],[-4.9638,36.52245],[-4.96442,36.52135],[-4.9645,36.52037],[-4.96405,36.51909],[-4.9637,36.51908],[-4.96301,36.51989],[-4.9626,36.51983],[-4.96234,36.51919],[-4.96132,36.51969],[-4.96122,36.51843],[-4.96078,36.51832],[-4.95979,36.51933],[-4.95931,36.5207],[-4.95949,36.5215],[-4.95892,36.52284],[-4.96033,36.52359],[-4.95942,36.52425],[-4.95983,36.52488],[-4.95978,36.52519],[-4.95895,36.52534],[-4.95879,36.5256],[-4.95933,36.52667],[-4.9603,36.5272],[-4.95996,36.52778],[-4.96133,36.5289],[-4.95957,36.52877],[-4.95899,36.52897],[-4.95942,36.52943],[-4.95882,36.53001],[-4.95879,36.53048],[-4.96073,36.53092],[-4.95866,36.53175],[-4.96069,36.53262],[-4.9624,36.53488],[-4.96351,36.53525],[-4.96562,36.53521],[-4.96639,36.53551],[-4.96651,36.53571],[-4.96465,36.5363],[-4.96497,36.53739],[-4.9657,36.53797],[-4.96793,36.53828],[-4.96735,36.53893],[-4.96617,36.53944],[-4.96624,36.5398],[-4.96731,36.54066],[-4.96547,36.54082],[-4.9657,36.54184],[-4.96601,36.54234],[-4.96771,36.54297],[-4.96968,36.54412],[-4.9687,36.54418],[-4.9672,36.54354],[-4.96561,36.54384],[-4.96517,36.54428],[-4.96512,36.54473],[-4.96612,36.54538],[-4.96497,36.54552],[-4.96413,36.54602],[-4.96407,36.54625],[-4.96447,36.54679],[-4.96394,36.54731],[-4.96385,36.54772],[-4.96408,36.54818],[-4.96642,36.55033],[-4.96772,36.55099],[-4.96837,36.55071],[-4.96891,36.55078],[-4.96844,36.55129],[-4.96904,36.55182],[-4.96938,36.55316],[-4.96904,36.55338],[-4.96809,36.55197],[-4.96624,36.55204],[-4.96551,36.55391],[-4.96554,36.55469],[-4.96493,36.55529],[-4.96518,36.55585],[-4.96496,36.55665],[-4.96535,36.55719],[-4.9655,36.55797],[-4.96485,36.56076],[-4.9657,36.56129],[-4.96742,36.5607],[-4.96799,36.56122],[-4.96746,36.56103],[-4.96615,36.5618],[-4.9647,36.5618],[-4.96384,36.56207],[-4.96326,36.56304],[-4.96274,36.56312],[-4.96235,36.5635],[-4.96235,36.56526],[-4.9599,36.56675],[-4.96012,36.5671],[-4.96169,36.56736],[-4.96191,36.56766],[-4.96153,36.56826],[-4.96156,36.56864],[-4.96303,36.56919],[-4.96181,36.56934],[-4.96098,36.56917],[-4.96077,36.56895],[-4.96111,36.56821],[-4.96099,36.5679],[-4.95983,36.56818],[-4.96047,36.56957],[-4.96055,36.57049],[-4.95979,36.57311],[-4.9593,36.57403],[-4.95918,36.57625],[-4.95871,36.57799],[-4.95805,36.57935],[-4.95815,36.57988],[-4.95752,36.57994],[-4.95718,36.57932],[-4.95738,36.57723],[-4.95779,36.57574],[-4.95733,36.57363],[-4.95752,36.57312],[-4.9583,36.57233],[-4.95925,36.56999],[-4.95824,36.56994],[-4.9586,36.56928],[-4.95763,36.56955],[-4.95801,36.5689],[-4.95721,36.56798],[-4.95625,36.56787],[-4.95614,36.56718],[-4.95502,36.56682],[-4.95607,36.56636],[-4.95713,36.56501],[-4.95841,36.56465],[-4.95941,36.56406],[-4.95957,36.56314],[-4.95922,36.56235],[-4.95959,36.56225],[-4.96005,36.56256],[-4.96035,36.56226],[-4.96057,36.56084],[-4.96014,36.55999],[-4.96099,36.56007],[-4.96143,36.55831],[-4.96097,36.55795],[-4.96163,36.55721],[-4.96139,36.55678],[-4.9609,36.55664],[-4.96122,36.55634],[-4.96129,36.55562],[-4.96056,36.55553],[-4.96077,36.55491],[-4.96063,36.55451],[-4.95889,36.55466],[-4.95853,36.55463],[-4.95833,36.55433],[-4.95934,36.55391],[-4.96116,36.55359],[-4.96106,36.55283],[-4.96165,36.55231],[-4.96173,36.55158],[-4.96272,36.55024],[-4.9622,36.54961],[-4.96184,36.54976],[-4.96185,36.55041],[-4.96099,36.55033],[-4.9608,36.55008],[-4.96091,36.54954],[-4.9607,36.54944],[-4.95953,36.55069],[-4.95898,36.55065],[-4.95884,36.54979],[-4.9594,36.54843],[-4.9589,36.54808],[-4.95926,36.54761],[-4.9589,36.54727],[-4.95907,36.54688],[-4.95868,36.54652],[-4.96065,36.54407],[-4.96018,36.54283],[-4.95958,36.54252],[-4.95696,36.54305],[-4.95593,36.54357],[-4.95657,36.54258],[-4.95858,36.54177],[-4.95961,36.54109],[-4.95935,36.54093],[-4.95637,36.54121],[-4.95689,36.54051],[-4.95683,36.54022],[-4.95546,36.53997],[-4.95614,36.53965],[-4.95819,36.53989],[-4.95873,36.5389],[-4.96008,36.5382],[-4.96016,36.53753],[-4.95928,36.53703],[-4.9597,36.53569],[-4.95922,36.53541],[-4.95579,36.53649],[-4.95365,36.53789],[-4.95393,36.5368],[-4.95497,36.53598],[-4.95516,36.5355],[-4.9548,36.53505],[-4.95403,36.53468],[-4.95361,36.53407],[-4.95376,36.53286],[-4.9531,36.53263],[-4.95184,36.53361],[-4.95192,36.53302],[-4.9507,36.53258],[-4.95174,36.53218],[-4.95123,36.53179],[-4.95145,36.53159],[-4.95261,36.53154],[-4.95224,36.5311],[-4.95232,36.53085],[-4.95436,36.52995],[-4.95399,36.5294],[-4.95264,36.52929],[-4.95221,36.52819],[-4.94895,36.52973],[-4.94873,36.53074],[-4.94758,36.53205],[-4.94753,36.53304],[-4.94637,36.53242],[-4.94684,36.53179],[-4.94741,36.52988],[-4.94802,36.52886],[-4.94888,36.52817],[-4.94859,36.52763],[-4.94924,36.52709],[-4.94849,36.52653],[-4.94934,36.52609],[-4.94927,36.52557],[-4.94968,36.52527],[-4.95002,36.52437],[-4.9497,36.52397],[-4.94874,36.52385],[-4.94955,36.52248],[-4.94834,36.52279],[-4.94818,36.52267],[-4.94852,36.5222],[-4.94775,36.52228],[-4.94871,36.52109],[-4.94872,36.52069],[-4.94771,36.52064],[-4.94748,36.52138],[-4.94705,36.52157],[-4.94662,36.52109],[-4.94526,36.52048],[-4.94571,36.51942],[-4.94437,36.51934],[-4.94423,36.51979],[-4.94525,36.52115],[-4.94374,36.52123],[-4.9434,36.52046],[-4.94304,36.52041],[-4.9429,36.52071],[-4.94307,36.52157],[-4.94466,36.52205],[-4.94359,36.52276],[-4.94393,36.52338],[-4.94496,36.52432],[-4.94439,36.52417],[-4.94337,36.52474],[-4.94313,36.52446],[-4.94352,36.52395],[-4.94267,36.5235],[-4.94258,36.52305],[-4.94208,36.52301],[-4.94133,36.52324],[-4.94091,36.52416],[-4.93999,36.52497],[-4.93989,36.5245],[-4.94016,36.52344],[-4.94,36.52328],[-4.93916,36.52344],[-4.93824,36.52441],[-4.93791,36.52441],[-4.93778,36.5235],[-4.93857,36.52279],[-4.94013,36.52201],[-4.94109,36.52056],[-4.94082,36.52011],[-4.93997,36.52107],[-4.93907,36.5215],[-4.93874,36.52126],[-4.93914,36.52047],[-4.93881,36.51994],[-4.93879,36.5192],[-4.93908,36.51899],[-4.94008,36.51912],[-4.94037,36.51867],[-4.94017,36.51845],[-4.93918,36.51848],[-4.93896,36.5182],[-4.93896,36.5177],[-4.9398,36.51712],[-4.9393,36.51613],[-4.93842,36.51654],[-4.93763,36.51613],[-4.93693,36.51645],[-4.9373,36.51718],[-4.93718,36.5174],[-4.93673,36.51719],[-4.93632,36.51641],[-4.93566,36.51632],[-4.93523,36.51659],[-4.93544,36.51717],[-4.93485,36.51778],[-4.93492,36.51804],[-4.93535,36.51825],[-4.93703,36.51817],[-4.93699,36.51888],[-4.93747,36.51932],[-4.93746,36.51977],[-4.93812,36.52071],[-4.9377,36.52078],[-4.93719,36.52019],[-4.93605,36.52013],[-4.93561,36.52037],[-4.93568,36.52075],[-4.93635,36.52145],[-4.93608,36.52159],[-4.93525,36.52112],[-4.93537,36.52156],[-4.9352,36.52174],[-4.93483,36.52133],[-4.93458,36.52137],[-4.93477,36.52356],[-4.93414,36.5233],[-4.93382,36.52286],[-4.93342,36.5213],[-4.93346,36.52037],[-4.93286,36.52059],[-4.93238,36.52239],[-4.93223,36.52254],[-4.93209,36.52237],[-4.93154,36.52101],[-4.93225,36.51985],[-4.93204,36.51947],[-4.93032,36.51884],[-4.92971,36.51898],[-4.92953,36.51938],[-4.93005,36.52067],[-4.92878,36.52145],[-4.92869,36.52033],[-4.92844,36.52014],[-4.92747,36.52028],[-4.92737,36.51955],[-4.92623,36.51744],[-4.92551,36.5171],[-4.9242,36.51719],[-4.92321,36.51692],[-4.92066,36.51767],[-4.92004,36.5187],[-4.91902,36.51784],[-4.91784,36.51792],[-4.91671,36.51754],[-4.91488,36.51762],[-4.91206,36.51799],[-4.90761,36.51998],[-4.90663,36.51965],[-4.90585,36.51972],[-4.90502,36.52052],[-4.90365,36.52111],[-4.90369,36.52259],[-4.9026,36.52259],[-4.90224,36.52301],[-4.90236,36.52335],[-4.90375,36.5245],[-4.90247,36.52449],[-4.90034,36.52606],[-4.90113,36.52445],[-4.90059,36.52379],[-4.90091,36.52311],[-4.90064,36.52263],[-4.90103,36.52196],[-4.90092,36.52148],[-4.90179,36.52022],[-4.90135,36.51957],[-4.9008,36.51942],[-4.89762,36.51966],[-4.89594,36.52057],[-4.89538,36.52146],[-4.89532,36.52343],[-4.89465,36.52436],[-4.89169,36.52472],[-4.89056,36.52385],[-4.88987,36.52376],[-4.88921,36.52332],[-4.88895,36.5235],[-4.88909,36.5247],[-4.88807,36.52459],[-4.88775,36.52544],[-4.88748,36.52556],[-4.88711,36.5251],[-4.88591,36.52493],[-4.88655,36.5247],[-4.88649,36.5242],[-4.88732,36.52366],[-4.88723,36.52341],[-4.88649,36.5232],[-4.88692,36.52271],[-4.88605,36.52246],[-4.88661,36.52193],[-4.886,36.52155],[-4.8847,36.52159],[-4.8845,36.52225],[-4.88382,36.52268],[-4.88305,36.52394],[-4.88421,36.52582],[-4.88373,36.52679],[-4.88304,36.5251],[-4.88229,36.52453],[-4.88198,36.52328],[-4.88141,36.52277],[-4.87994,36.52334],[-4.87996,36.52485],[-4.87971,36.52508],[-4.87863,36.52469],[-4.8783,36.52483],[-4.87806,36.52537],[-4.87718,36.52518],[-4.87591,36.52535],[-4.87586,36.52508],[-4.8779,36.52424],[-4.87837,36.52371],[-4.87762,36.52308],[-4.8778,36.52229],[-4.87733,36.52189],[-4.87751,36.52138],[-4.87716,36.52123],[-4.87628,36.52133],[-4.87648,36.52223],[-4.87589,36.5232],[-4.87544,36.52298],[-4.87551,36.52206],[-4.87476,36.52221],[-4.87443,36.52279],[-4.87466,36.52361],[-4.87443,36.52391],[-4.87281,36.52314],[-4.87369,36.52228],[-4.87368,36.52183],[-4.87295,36.52107],[-4.87219,36.52122],[-4.87206,36.52247],[-4.87118,36.5235],[-4.87151,36.52514],[-4.87121,36.52538],[-4.87052,36.52425],[-4.87046,36.52342],[-4.87015,36.523],[-4.87078,36.52243],[-4.87063,36.52179],[-4.86926,36.52184],[-4.86916,36.52304],[-4.86852,36.52265],[-4.8683,36.52183],[-4.8677,36.52183],[-4.86733,36.5221],[-4.86715,36.52149],[-4.8668,36.52141],[-4.86641,36.52157],[-4.86633,36.52217],[-4.86387,36.5227],[-4.86379,36.52343],[-4.86283,36.52303],[-4.8626,36.52274],[-4.86275,36.52223],[-4.86438,36.522],[-4.86408,36.52136],[-4.86489,36.52097],[-4.86472,36.52061],[-4.86397,36.52037],[-4.86356,36.52047],[-4.86189,36.52238],[-4.86174,36.52482],[-4.86055,36.52514],[-4.85906,36.52591],[-4.85952,36.52463],[-4.86041,36.52418],[-4.86064,36.5236],[-4.86054,36.52332],[-4.85971,36.52289],[-4.86067,36.52165],[-4.86016,36.52056],[-4.85976,36.52044],[-4.85936,36.52069],[-4.8594,36.52188],[-4.85883,36.52263],[-4.85865,36.52356],[-4.85815,36.52368],[-4.85808,36.52306],[-4.85766,36.52301],[-4.85666,36.52429],[-4.85624,36.52441],[-4.85608,36.52414],[-4.85624,36.52353],[-4.85525,36.52421],[-4.85479,36.52402],[-4.85519,36.52323],[-4.85446,36.52257],[-4.85415,36.5219],[-4.85503,36.52115],[-4.8551,36.52072],[-4.85453,36.52013],[-4.85365,36.51996],[-4.8531,36.52054],[-4.85361,36.52205],[-4.85288,36.52314],[-4.85399,36.5243],[-4.8536,36.52468],[-4.85252,36.52462],[-4.85208,36.52496],[-4.85217,36.52633],[-4.85195,36.52723],[-4.8524,36.52819],[-4.85412,36.52894],[-4.85477,36.52999],[-4.85446,36.53065],[-4.85318,36.53116],[-4.8534,36.53133],[-4.85317,36.53178],[-4.85407,36.53267],[-4.85443,36.53356],[-4.8531,36.53281],[-4.85253,36.53297],[-4.85211,36.53342],[-4.85228,36.53454],[-4.85158,36.53603],[-4.85214,36.53694],[-4.85131,36.537],[-4.85097,36.53736],[-4.85194,36.53851],[-4.85161,36.53854],[-4.85071,36.53792],[-4.84931,36.53898],[-4.84652,36.53984],[-4.84631,36.54028],[-4.84654,36.54097],[-4.8459,36.54102],[-4.84521,36.54086],[-4.8458,36.53926],[-4.8485,36.53782],[-4.85079,36.53566],[-4.85016,36.53396],[-4.8491,36.53387],[-4.84779,36.53448],[-4.84818,36.5339],[-4.84782,36.53357],[-4.84936,36.5331],[-4.84976,36.53274],[-4.84984,36.5323],[-4.85064,36.53187],[-4.8507,36.53162],[-4.8504,36.53131],[-4.85062,36.53052],[-4.85164,36.52975],[-4.85169,36.52948],[-4.85072,36.52901],[-4.84907,36.52897],[-4.84944,36.52745],[-4.84835,36.52732],[-4.84945,36.52664],[-4.84959,36.52623],[-4.84893,36.52606],[-4.84851,36.52489],[-4.84646,36.52402],[-4.84575,36.52402],[-4.84572,36.52365],[-4.84622,36.52318],[-4.84644,36.52252],[-4.84557,36.52191],[-4.84526,36.52065],[-4.84445,36.51935],[-4.8437,36.51936],[-4.84352,36.52006],[-4.84456,36.52163],[-4.84199,36.52031],[-4.8417,36.52071],[-4.84259,36.52165],[-4.84263,36.52306],[-4.84245,36.5232],[-4.84192,36.52212],[-4.84084,36.52167],[-4.84045,36.52185],[-4.84052,36.52284],[-4.84032,36.52305],[-4.84015,36.52293],[-4.83978,36.52197],[-4.83999,36.52064],[-4.84063,36.51975],[-4.84197,36.51865],[-4.84242,36.51777],[-4.84225,36.51734],[-4.84138,36.51722],[-4.84129,36.51634],[-4.84091,36.51634],[-4.84043,36.51677],[-4.84064,36.51727],[-4.84154,36.51792],[-4.84108,36.51824],[-4.84078,36.51887],[-4.84022,36.51906],[-4.83989,36.51951],[-4.83946,36.51892],[-4.8387,36.51854],[-4.83802,36.51877],[-4.83862,36.51936],[-4.83849,36.52029],[-4.83892,36.52142],[-4.83856,36.52292],[-4.83775,36.51984],[-4.83726,36.51919],[-4.83677,36.51951],[-4.83765,36.52145],[-4.83725,36.52283],[-4.83704,36.5229],[-4.83702,36.52099],[-4.83679,36.52073],[-4.83544,36.52126],[-4.83469,36.52201],[-4.8347,36.52134],[-4.83563,36.51998],[-4.83552,36.51943],[-4.8352,36.51914],[-4.83427,36.52036],[-4.83382,36.5217],[-4.83209,36.52352],[-4.8319,36.52283],[-4.8331,36.52117],[-4.83325,36.51983],[-4.8326,36.52013],[-4.83164,36.52151],[-4.83147,36.52064],[-4.83099,36.5205],[-4.82881,36.52172],[-4.8281,36.51919],[-4.82755,36.51904],[-4.82687,36.51934],[-4.82632,36.52024],[-4.82716,36.52145],[-4.82667,36.52258],[-4.82687,36.52438],[-4.82636,36.52485],[-4.8252,36.5249],[-4.82457,36.52521],[-4.82468,36.52589],[-4.82557,36.52686],[-4.82525,36.52733],[-4.8243,36.52781],[-4.82421,36.52931],[-4.82364,36.53003],[-4.82371,36.52917],[-4.82348,36.5289],[-4.82191,36.52881],[-4.8218,36.52859],[-4.82204,36.52789],[-4.82173,36.52708],[-4.8231,36.52613],[-4.82292,36.52535],[-4.8231,36.52434],[-4.8225,36.52309],[-4.82219,36.52291],[-4.82117,36.52279],[-4.82032,36.52355],[-4.81991,36.52336],[-4.81985,36.52254],[-4.82072,36.52178],[-4.82031,36.52032],[-4.81952,36.51953],[-4.82007,36.51821],[-4.821,36.5171],[-4.82077,36.51592],[-4.82307,36.51528],[-4.82335,36.51503],[-4.82326,36.51482],[-4.82182,36.51501],[-4.82065,36.51486],[-4.82035,36.514],[-4.81954,36.51381],[-4.81893,36.5143],[-4.81968,36.51518],[-4.81909,36.51536],[-4.81939,36.51653],[-4.81719,36.51577],[-4.81716,36.51629],[-4.81668,36.51646],[-4.81711,36.51713],[-4.8161,36.5174],[-4.81598,36.51615],[-4.81671,36.51536],[-4.81679,36.51476],[-4.81651,36.51419],[-4.81615,36.51415],[-4.81596,36.51507],[-4.81515,36.51588],[-4.81485,36.51706],[-4.81387,36.51837],[-4.81391,36.5187],[-4.81475,36.51954],[-4.81484,36.52023],[-4.81383,36.51953],[-4.81308,36.52016],[-4.81275,36.52009],[-4.81245,36.51917],[-4.81272,36.51744],[-4.81237,36.51774],[-4.81208,36.51906],[-4.81177,36.51915],[-4.81144,36.51896],[-4.81154,36.51752],[-4.81125,36.51744],[-4.81046,36.51901],[-4.8107,36.5199],[-4.81041,36.52066],[-4.81052,36.52194],[-4.8114,36.52272],[-4.81126,36.52377],[-4.81209,36.5245],[-4.81123,36.5246],[-4.81048,36.52427],[-4.81013,36.52333],[-4.80939,36.52264],[-4.80949,36.52179],[-4.80899,36.52133],[-4.80927,36.52004],[-4.80907,36.5193],[-4.8092,36.51786],[-4.80877,36.51771],[-4.80802,36.51845],[-4.8077,36.51839],[-4.80795,36.51734],[-4.80754,36.51625],[-4.80874,36.51637],[-4.80903,36.51613],[-4.80903,36.51554],[-4.80644,36.51455],[-4.80674,36.51373],[-4.80653,36.51332],[-4.80579,36.51367],[-4.80553,36.51415],[-4.80598,36.51592],[-4.80588,36.51642],[-4.80558,36.51652],[-4.805,36.51593],[-4.80423,36.51599],[-4.80404,36.5164],[-4.80431,36.51715],[-4.80366,36.51757],[-4.80326,36.51835],[-4.80175,36.51859],[-4.80211,36.51961],[-4.80173,36.52041],[-4.80144,36.51948],[-4.80023,36.51944],[-4.80068,36.5191],[-4.80089,36.51811],[-4.80236,36.51752],[-4.80261,36.51676],[-4.80198,36.51652],[-4.80185,36.5161],[-4.80319,36.51521],[-4.80403,36.51426],[-4.80394,36.51361],[-4.80441,36.51261],[-4.80421,36.51211],[-4.80222,36.51102],[-4.80148,36.51097],[-4.80114,36.5112],[-4.80111,36.51149],[-4.8015,36.51186],[-4.80139,36.51263],[-4.80188,36.51356],[-4.80206,36.51473],[-4.80197,36.51517],[-4.80168,36.51528],[-4.80097,36.51407],[-4.8,36.51321],[-4.7994,36.51359],[-4.79928,36.51499],[-4.79884,36.51509],[-4.79863,36.51331],[-4.79906,36.51202],[-4.79877,36.51172],[-4.7984,36.51178],[-4.79808,36.51222],[-4.79799,36.5134],[-4.79698,36.51397],[-4.79599,36.51582],[-4.79538,36.51627],[-4.79554,36.51402],[-4.7965,36.51282],[-4.79672,36.51198],[-4.79659,36.51178],[-4.79602,36.51209],[-4.79461,36.51387],[-4.79393,36.51427],[-4.7939,36.51373],[-4.7947,36.51214],[-4.79451,36.51167],[-4.79417,36.51161],[-4.79278,36.51256],[-4.79141,36.51246],[-4.79104,36.51266],[-4.79089,36.51309],[-4.79217,36.51372],[-4.79237,36.5141],[-4.79224,36.51475],[-4.79193,36.515],[-4.79143,36.51498],[-4.79096,36.51455],[-4.79067,36.51463],[-4.79089,36.51571],[-4.79137,36.51641],[-4.78977,36.51659],[-4.78992,36.51747],[-4.78922,36.51774],[-4.78953,36.51839],[-4.7891,36.51854],[-4.78807,36.51839],[-4.78833,36.51924],[-4.7882,36.51951],[-4.78691,36.51945],[-4.78865,36.52111],[-4.78871,36.5217],[-4.78793,36.52191],[-4.78767,36.52221],[-4.78921,36.52436],[-4.78848,36.52488],[-4.78857,36.52422],[-4.78761,36.52336],[-4.78618,36.52287],[-4.78589,36.52305],[-4.78592,36.52341],[-4.78705,36.52435],[-4.78622,36.52516],[-4.78532,36.52543],[-4.78572,36.52459],[-4.78511,36.52357],[-4.7852,36.52308],[-4.78556,36.52266],[-4.78645,36.52228],[-4.78531,36.52154],[-4.78678,36.52135],[-4.78718,36.52107],[-4.78617,36.52071],[-4.78555,36.52006],[-4.78467,36.52012],[-4.7842,36.51986],[-4.78413,36.51904],[-4.78515,36.51791],[-4.78501,36.51775],[-4.78426,36.51802],[-4.7842,36.51783],[-4.78473,36.51716],[-4.78635,36.51699],[-4.78747,36.51629],[-4.78747,36.51577],[-4.7871,36.51543],[-4.78763,36.51475],[-4.78699,36.51412],[-4.78649,36.51398],[-4.78623,36.51508],[-4.78598,36.51536],[-4.78557,36.51537],[-4.78492,36.51464],[-4.78543,36.51345],[-4.78531,36.51318],[-4.78496,36.51312],[-4.7846,36.51349],[-4.7843,36.5146],[-4.78405,36.51488],[-4.78365,36.51487],[-4.78352,36.51368],[-4.783,36.5129],[-4.78382,36.51223],[-4.78303,36.51178],[-4.783,36.51153],[-4.78339,36.5112],[-4.78516,36.51084],[-4.78556,36.51049],[-4.78567,36.50999],[-4.7854,36.50967],[-4.78402,36.50923],[-4.78271,36.50993],[-4.78212,36.50982],[-4.78224,36.50937],[-4.78309,36.50848],[-4.78302,36.50779],[-4.78417,36.50825],[-4.78479,36.50805],[-4.78344,36.50689],[-4.78244,36.50679],[-4.78173,36.50752],[-4.78014,36.50824],[-4.78017,36.51002],[-4.78069,36.50989],[-4.78128,36.5093],[-4.78142,36.51028],[-4.78221,36.51153],[-4.78206,36.51206],[-4.78134,36.51157],[-4.78095,36.51182],[-4.78101,36.51306],[-4.78179,36.5145],[-4.78085,36.51433],[-4.78043,36.51531],[-4.78076,36.51584],[-4.78213,36.51682],[-4.782,36.51802],[-4.78106,36.51719],[-4.78006,36.51698],[-4.77879,36.51705],[-4.77963,36.51564],[-4.77938,36.51534],[-4.77849,36.51568],[-4.77771,36.5167],[-4.77746,36.51665],[-4.77735,36.51623],[-4.77627,36.51631],[-4.77646,36.51587],[-4.77795,36.51446],[-4.77805,36.51261],[-4.77755,36.51219],[-4.77682,36.51255],[-4.77695,36.51435],[-4.77629,36.5154],[-4.77464,36.51579],[-4.77439,36.5161],[-4.77447,36.51682],[-4.77429,36.51698],[-4.77203,36.51737],[-4.77355,36.51593],[-4.77346,36.51557],[-4.772,36.51533],[-4.77313,36.51445],[-4.77329,36.51391],[-4.77293,36.51387],[-4.77245,36.51439],[-4.77148,36.51452],[-4.77123,36.51489],[-4.77067,36.51504],[-4.77004,36.51428],[-4.77039,36.51387],[-4.77035,36.51331],[-4.7712,36.51224],[-4.7706,36.51171],[-4.77073,36.51131],[-4.77268,36.51045],[-4.77292,36.51],[-4.77383,36.50977],[-4.77375,36.50941],[-4.77311,36.50903],[-4.77237,36.50902],[-4.77206,36.50988],[-4.77153,36.50983],[-4.77128,36.50935],[-4.77088,36.5096],[-4.77015,36.51021],[-4.77049,36.51084],[-4.77033,36.51127],[-4.76924,36.51175],[-4.76859,36.51265],[-4.76716,36.51354],[-4.76698,36.51329],[-4.76766,36.51234],[-4.76768,36.5119],[-4.76721,36.51108],[-4.76636,36.51106],[-4.76592,36.51153],[-4.76598,36.51286],[-4.76574,36.51353],[-4.76527,36.51385],[-4.76427,36.51391],[-4.76377,36.51427],[-4.76376,36.51462],[-4.76429,36.51519],[-4.76356,36.51505],[-4.76299,36.5142],[-4.76418,36.5112],[-4.7642,36.51046],[-4.76384,36.51034],[-4.76313,36.51067],[-4.76258,36.51011],[-4.76147,36.51027],[-4.76207,36.5112],[-4.76194,36.51224],[-4.76135,36.5128],[-4.76115,36.51278],[-4.76113,36.51133],[-4.76085,36.51104],[-4.7605,36.51111],[-4.75982,36.51199],[-4.75928,36.51222],[-4.75921,36.51084],[-4.76004,36.50989],[-4.76134,36.50909],[-4.76169,36.5083],[-4.76023,36.508],[-4.75883,36.50908],[-4.75825,36.50919],[-4.75845,36.50803],[-4.75682,36.508],[-4.75718,36.50715],[-4.75704,36.5069],[-4.75604,36.50768],[-4.75603,36.50889],[-4.75539,36.50885],[-4.75493,36.50948],[-4.75423,36.50944],[-4.75428,36.50879],[-4.75541,36.50756],[-4.75527,36.50727],[-4.75461,36.50717],[-4.75493,36.5068],[-4.75462,36.50657],[-4.75394,36.50678],[-4.75329,36.50788],[-4.75253,36.50776],[-4.75126,36.50856],[-4.7516,36.50955],[-4.75055,36.5096],[-4.75074,36.51005],[-4.75093,36.5134],[-4.7497,36.5108],[-4.74948,36.50975],[-4.74862,36.50934],[-4.74903,36.50818],[-4.74857,36.5072],[-4.74827,36.50701],[-4.7475,36.50724],[-4.74751,36.5083],[-4.74657,36.50913],[-4.74561,36.51067],[-4.74463,36.51144],[-4.7447,36.51214],[-4.74423,36.51217],[-4.74382,36.51186],[-4.74386,36.51146],[-4.74531,36.50996],[-4.7454,36.50949],[-4.74429,36.51047],[-4.74398,36.5104],[-4.74413,36.50939],[-4.74391,36.50909],[-4.74325,36.50911],[-4.74165,36.50985],[-4.74067,36.50943],[-4.74188,36.50901],[-4.74231,36.50809],[-4.74391,36.5083],[-4.74442,36.50812],[-4.74434,36.50774],[-4.74304,36.5072],[-4.7444,36.50689],[-4.74393,36.50559],[-4.74323,36.50557],[-4.74303,36.50642],[-4.74165,36.50654],[-4.74139,36.50618],[-4.74176,36.50552],[-4.74118,36.50513],[-4.7406,36.50513],[-4.73971,36.50587],[-4.73949,36.50566],[-4.73974,36.50495],[-4.74162,36.50378],[-4.74178,36.50281],[-4.74246,36.50257],[-4.74177,36.50183],[-4.7418,36.50136],[-4.7412,36.50136],[-4.74082,36.50232],[-4.74045,36.50259],[-4.74005,36.50191],[-4.7395,36.50202],[-4.73928,36.50399],[-4.73877,36.50458],[-4.73872,36.50223],[-4.73718,36.50306],[-4.7366,36.50312],[-4.73766,36.50193],[-4.73802,36.50118],[-4.73781,36.501],[-4.73625,36.50127],[-4.73584,36.50115],[-4.73588,36.50069],[-4.73652,36.50007],[-4.73653,36.49881],[-4.73604,36.49889],[-4.73562,36.49997],[-4.73521,36.50023],[-4.73506,36.49934],[-4.73412,36.50009],[-4.73371,36.50007],[-4.7342,36.4988],[-4.73283,36.4999],[-4.73261,36.49969],[-4.73281,36.49888],[-4.73197,36.49863],[-4.73169,36.49893],[-4.73229,36.50048],[-4.73186,36.50065],[-4.7316,36.50023],[-4.7312,36.50011],[-4.73074,36.50033],[-4.73067,36.50068],[-4.73109,36.501],[-4.73282,36.50125],[-4.73247,36.50201],[-4.73347,36.50277],[-4.73367,36.50482],[-4.73275,36.5047],[-4.73147,36.50523],[-4.73248,36.50364],[-4.73241,36.50307],[-4.73171,36.50267],[-4.73008,36.50303],[-4.72877,36.50438],[-4.72836,36.50449],[-4.72856,36.50357],[-4.73002,36.50187],[-4.72983,36.5016],[-4.7288,36.50212],[-4.72863,36.501],[-4.72822,36.50068],[-4.72759,36.50077],[-4.72721,36.50113],[-4.72706,36.50313],[-4.72658,36.50397],[-4.72601,36.50205],[-4.72458,36.50235],[-4.72448,36.50076],[-4.72379,36.50037],[-4.72342,36.50053],[-4.72322,36.50105],[-4.72373,36.50253],[-4.72471,36.5037],[-4.72431,36.50452],[-4.7249,36.50536],[-4.72362,36.50543],[-4.72233,36.50642],[-4.72271,36.50574],[-4.72255,36.50506],[-4.72306,36.50438],[-4.72312,36.50379],[-4.72266,36.50357],[-4.72164,36.50439],[-4.72103,36.50455],[-4.72085,36.50425],[-4.72096,36.50384],[-4.72177,36.50331],[-4.72181,36.50304],[-4.72103,36.50289],[-4.72039,36.50224],[-4.72014,36.50392],[-4.71964,36.50447],[-4.71933,36.50406],[-4.71916,36.50207],[-4.71876,36.50177],[-4.7183,36.50215],[-4.71813,36.50282],[-4.71853,36.50392],[-4.71816,36.50473],[-4.71868,36.50562],[-4.71735,36.50529],[-4.71619,36.50632],[-4.71617,36.50577],[-4.71664,36.50486],[-4.71648,36.50459],[-4.71607,36.50463],[-4.71439,36.50561],[-4.71507,36.50634],[-4.71482,36.50652],[-4.7139,36.50642],[-4.71394,36.50721],[-4.7136,36.50765],[-4.71227,36.50618],[-4.71184,36.50512],[-4.71093,36.50536],[-4.71067,36.50426],[-4.71026,36.50396],[-4.70973,36.50489],[-4.709,36.50531],[-4.71044,36.50668],[-4.71029,36.50714],[-4.70951,36.50693],[-4.70905,36.50715],[-4.70908,36.50762],[-4.70981,36.50848],[-4.70814,36.50832],[-4.70807,36.5087],[-4.70748,36.50913],[-4.70809,36.50979],[-4.70995,36.51053],[-4.70752,36.51045],[-4.7084,36.511],[-4.70798,36.51142],[-4.70713,36.51148],[-4.70661,36.51233],[-4.70665,36.51279],[-4.70761,36.51287],[-4.7082,36.51372],[-4.7087,36.51353],[-4.70917,36.51262],[-4.7096,36.51258],[-4.70973,36.51316],[-4.71039,36.51409],[-4.71006,36.51501],[-4.71092,36.5158],[-4.71029,36.51598],[-4.70985,36.51658],[-4.70855,36.51648],[-4.70842,36.5172],[-4.70964,36.51805],[-4.7115,36.51872],[-4.71086,36.51965],[-4.71197,36.52076],[-4.71257,36.52079],[-4.71381,36.5202],[-4.71398,36.52055],[-4.71365,36.52101],[-4.71249,36.52154],[-4.71255,36.52182],[-4.71306,36.52203],[-4.71384,36.52145],[-4.71426,36.52146],[-4.71359,36.52274],[-4.7127,36.52259],[-4.7119,36.52182],[-4.71143,36.52192],[-4.71123,36.52225],[-4.7122,36.5242],[-4.71382,36.52367],[-4.71336,36.52448],[-4.71362,36.5249],[-4.71243,36.52526],[-4.71308,36.52595],[-4.71406,36.52602],[-4.71427,36.52663],[-4.71479,36.52682],[-4.71531,36.52683],[-4.71544,36.52639],[-4.71624,36.52677],[-4.71712,36.52651],[-4.71728,36.5267],[-4.71677,36.52725],[-4.71682,36.52762],[-4.7182,36.52666],[-4.71933,36.52712],[-4.72292,36.52689],[-4.72315,36.52701],[-4.72228,36.52734],[-4.72227,36.52754],[-4.72402,36.52852],[-4.72134,36.52795],[-4.71851,36.52786],[-4.71855,36.52823],[-4.71976,36.5289],[-4.71863,36.5288],[-4.71874,36.52951],[-4.71821,36.52989],[-4.71811,36.52936],[-4.71673,36.52945],[-4.71609,36.52881],[-4.7152,36.52895],[-4.7144,36.52823],[-4.71334,36.52868],[-4.71302,36.52782],[-4.71244,36.52791],[-4.71138,36.52865],[-4.71156,36.52798],[-4.7104,36.52837],[-4.71062,36.52771],[-4.71131,36.52713],[-4.71015,36.52651],[-4.70938,36.52688],[-4.70946,36.52769],[-4.70859,36.52853],[-4.70856,36.52804],[-4.70834,36.52794],[-4.70713,36.52833],[-4.70794,36.52712],[-4.70504,36.52802],[-4.70714,36.52669],[-4.70725,36.52616],[-4.70704,36.52602],[-4.70551,36.52631],[-4.70726,36.52468],[-4.70755,36.52418],[-4.70739,36.52403],[-4.70605,36.52465],[-4.70511,36.5261],[-4.70471,36.52623],[-4.70402,36.52585],[-4.70358,36.52596],[-4.70373,36.5271],[-4.70323,36.52749],[-4.70281,36.5274],[-4.70298,36.52645],[-4.70271,36.52625],[-4.70241,36.52634],[-4.7018,36.52718],[-4.70118,36.52708],[-4.70147,36.52592],[-4.70021,36.52576],[-4.7006,36.52493],[-4.69948,36.52516],[-4.69821,36.52445],[-4.69908,36.52598],[-4.6991,36.5276],[-4.69889,36.52777],[-4.69788,36.52592],[-4.69659,36.52537],[-4.69578,36.52447],[-4.69509,36.52436],[-4.69489,36.52466],[-4.69518,36.52522],[-4.69704,36.52764],[-4.69695,36.52845],[-4.69579,36.52729],[-4.69489,36.52716],[-4.69439,36.52743],[-4.6943,36.52775],[-4.69441,36.52892],[-4.69481,36.5298],[-4.69372,36.52945],[-4.69358,36.52958],[-4.69382,36.53014],[-4.69335,36.53042],[-4.69281,36.53008],[-4.69162,36.52983],[-4.69077,36.52913],[-4.6902,36.52951],[-4.69,36.53013],[-4.69154,36.5317],[-4.69249,36.53119],[-4.69276,36.53125],[-4.69309,36.53182],[-4.69382,36.53143],[-4.6944,36.53168],[-4.6948,36.53241],[-4.69521,36.53261],[-4.69544,36.53252],[-4.69541,36.53152],[-4.69562,36.53153],[-4.69599,36.53237],[-4.6963,36.53248],[-4.69663,36.53214],[-4.69663,36.53148],[-4.697,36.5314],[-4.69738,36.53204],[-4.69693,36.53309],[-4.69717,36.53325],[-4.69774,36.53289],[-4.69806,36.53297],[-4.69815,36.53387],[-4.69856,36.53416],[-4.69908,36.53383],[-4.69921,36.53335],[-4.69863,36.53149],[-4.69937,36.53077],[-4.69999,36.53142],[-4.69993,36.53243],[-4.70039,36.53271],[-4.70163,36.5314],[-4.70214,36.53117],[-4.70226,36.53133],[-4.70152,36.53262],[-4.70217,36.53264],[-4.70322,36.53104],[-4.70323,36.53203],[-4.70258,36.53353],[-4.70302,36.53428],[-4.70372,36.5338],[-4.70457,36.53162],[-4.70536,36.53227],[-4.70596,36.53233],[-4.70618,36.53216],[-4.70616,36.53147],[-4.7064,36.53141],[-4.70713,36.53254],[-4.7066,36.53403],[-4.70668,36.53469],[-4.70722,36.53556],[-4.70787,36.53495],[-4.70768,36.5335],[-4.708,36.53272],[-4.70855,36.53378],[-4.71054,36.53438],[-4.70917,36.53473],[-4.70897,36.53504],[-4.7091,36.53525],[-4.71205,36.53532],[-4.71162,36.53627],[-4.71287,36.53674],[-4.71266,36.53756],[-4.71293,36.53797],[-4.71329,36.5379],[-4.7133,36.53724],[-4.71361,36.53701],[-4.71492,36.5374],[-4.71458,36.53868],[-4.71579,36.53888],[-4.7158,36.53905],[-4.71512,36.5395],[-4.71237,36.54017],[-4.71215,36.54074],[-4.71252,36.54116],[-4.71318,36.54116],[-4.71403,36.54052],[-4.71585,36.54016],[-4.71631,36.54056],[-4.71597,36.54175],[-4.71643,36.54204],[-4.7182,36.54037],[-4.71875,36.54057],[-4.72055,36.5404],[-4.72091,36.54061],[-4.72089,36.54101],[-4.71918,36.5412],[-4.71894,36.54144],[-4.71927,36.5425],[-4.7214,36.54268],[-4.7239,36.5433],[-4.72557,36.54307],[-4.72695,36.54359],[-4.72817,36.54339],[-4.72901,36.54255],[-4.7292,36.5427],[-4.72919,36.54423],[-4.72978,36.5456],[-4.73025,36.54586],[-4.73107,36.54578],[-4.73116,36.54547],[-4.72993,36.54443],[-4.72964,36.54355],[-4.73089,36.54269],[-4.73203,36.54257],[-4.73268,36.54296],[-4.7336,36.5428],[-4.73405,36.54302],[-4.73488,36.54237],[-4.73444,36.54341],[-4.73455,36.54428],[-4.73652,36.54493],[-4.73769,36.54462],[-4.73744,36.54514],[-4.73659,36.54552],[-4.73216,36.54421],[-4.73242,36.54463],[-4.73418,36.5452],[-4.73448,36.5457],[-4.73417,36.54656],[-4.73437,36.54697],[-4.73422,36.54722],[-4.73258,36.54712],[-4.73218,36.54745],[-4.73271,36.54789],[-4.73262,36.54842],[-4.73337,36.54878],[-4.73316,36.54941],[-4.73343,36.55041],[-4.73241,36.54965],[-4.73166,36.54872],[-4.73111,36.54977],[-4.73091,36.54958],[-4.73089,36.54891],[-4.73045,36.54881],[-4.7301,36.54983],[-4.72962,36.55031],[-4.72929,36.54953],[-4.72747,36.54862],[-4.72879,36.5481],[-4.72678,36.54739],[-4.72619,36.54667],[-4.72509,36.54612],[-4.72436,36.54623],[-4.72474,36.54711],[-4.72446,36.54756],[-4.72295,36.54699],[-4.72262,36.54639],[-4.72226,36.5463],[-4.72176,36.54672],[-4.72174,36.54775],[-4.72151,36.548],[-4.7201,36.54803],[-4.7191,36.54836],[-4.71714,36.54785],[-4.71651,36.54666],[-4.7161,36.54666],[-4.71628,36.54789],[-4.71703,36.54867],[-4.71687,36.5489],[-4.71633,36.54849],[-4.71582,36.54842],[-4.71577,36.54877],[-4.71712,36.54947],[-4.71847,36.54939],[-4.71881,36.54997],[-4.71968,36.55009],[-4.71969,36.55059],[-4.72145,36.55103],[-4.72132,36.55128],[-4.71996,36.55172],[-4.71969,36.55215],[-4.71979,36.55244],[-4.72043,36.55256],[-4.72151,36.55229],[-4.72203,36.55257],[-4.72296,36.55179],[-4.7233,36.55255],[-4.72395,36.5526],[-4.7238,36.55313],[-4.72434,36.55356],[-4.72499,36.5538],[-4.72617,36.55369],[-4.72689,36.55421],[-4.72631,36.55458],[-4.72632,36.55481],[-4.72723,36.55516],[-4.72824,36.55607],[-4.72904,36.55635],[-4.73043,36.55621],[-4.72996,36.55664],[-4.72907,36.5568],[-4.72702,36.55588],[-4.72637,36.55603],[-4.72649,36.55635],[-4.72758,36.55721],[-4.72745,36.55815],[-4.72642,36.55787],[-4.72631,36.5582],[-4.72678,36.55852],[-4.72824,36.55883],[-4.72852,36.55912],[-4.72828,36.55969],[-4.72743,36.56018],[-4.72704,36.56028],[-4.72662,36.55955],[-4.72606,36.5594],[-4.72578,36.55956],[-4.72581,36.56033],[-4.72449,36.56101],[-4.72398,36.56071],[-4.72392,36.56028],[-4.72459,36.56001],[-4.72458,36.55949],[-4.72493,36.55904],[-4.7246,36.55796],[-4.72517,36.5569],[-4.72458,36.55659],[-4.72323,36.55688],[-4.7231,36.55749],[-4.72284,36.55764],[-4.72233,36.55695],[-4.7213,36.55785],[-4.7204,36.55813],[-4.72045,36.55849],[-4.7211,36.55881],[-4.72134,36.5597],[-4.72307,36.56006],[-4.72337,36.56033],[-4.72043,36.5613],[-4.71982,36.56109],[-4.71886,36.55978],[-4.71744,36.55864],[-4.71632,36.55807],[-4.71461,36.55763],[-4.71263,36.55785],[-4.71224,36.55844],[-4.71148,36.55831],[-4.7116,36.5589],[-4.71041,36.55855],[-4.71,36.55891],[-4.70948,36.55873],[-4.70821,36.55899],[-4.70843,36.55946],[-4.70921,36.55973],[-4.71054,36.56066],[-4.71057,36.56113],[-4.71124,36.56164],[-4.71262,36.56201],[-4.71437,36.56207],[-4.71615,36.56164],[-4.71708,36.56174],[-4.7188,36.56265],[-4.71925,36.56451],[-4.7196,36.56449],[-4.71952,36.56287],[-4.71974,36.56283],[-4.72041,36.56394],[-4.72069,36.56388],[-4.72127,36.5631],[-4.72172,36.56397],[-4.72135,36.56515],[-4.72156,36.56556],[-4.72353,36.56565],[-4.7243,36.56523],[-4.72454,36.56537],[-4.72458,36.56585],[-4.72487,36.56594],[-4.72547,36.56479],[-4.72647,36.56526],[-4.72744,36.56456],[-4.72709,36.56409],[-4.72564,36.56333],[-4.7248,36.56137],[-4.72511,36.56121],[-4.72563,36.5614],[-4.72623,36.56215],[-4.72726,36.56275],[-4.72757,36.56255],[-4.72755,36.56178],[-4.72947,36.56148],[-4.73,36.561],[-4.72941,36.56055],[-4.72946,36.56025],[-4.72988,36.56019],[-4.73067,36.56054],[-4.731,36.56042],[-4.73087,36.56006],[-4.72971,36.5592],[-4.72961,36.55813],[-4.73039,36.55789],[-4.73159,36.55835],[-4.73157,36.55916],[-4.73193,36.55951],[-4.73635,36.56008],[-4.7354,36.56076],[-4.73563,36.56148],[-4.73697,36.56232],[-4.73896,36.56253],[-4.7392,36.56286],[-4.7393,36.56429],[-4.74102,36.565],[-4.74112,36.56541],[-4.73866,36.56465],[-4.73809,36.56352],[-4.73769,36.5638],[-4.73831,36.56488],[-4.73802,36.56528],[-4.73467,36.56515],[-4.73294,36.5643],[-4.73208,36.56459],[-4.73173,36.56436],[-4.73161,36.56358],[-4.73022,36.56322],[-4.72977,36.56341],[-4.73002,36.56382],[-4.73112,36.5642],[-4.73094,36.56441],[-4.72998,36.56452],[-4.72995,36.56479],[-4.73233,36.56566],[-4.73439,36.56553],[-4.73483,36.56599],[-4.73516,36.56743],[-4.73739,36.56803],[-4.73782,36.56875],[-4.73624,36.56833],[-4.73525,36.56844],[-4.73497,36.56872],[-4.73533,36.56898],[-4.7362,36.56893],[-4.73607,36.56972],[-4.7369,36.57055],[-4.73727,36.57176],[-4.73823,36.57221],[-4.73855,36.5733],[-4.73638,36.57253],[-4.73601,36.57157],[-4.73545,36.57116],[-4.7351,36.57028],[-4.73392,36.56909],[-4.73318,36.56901],[-4.73279,36.56993],[-4.73266,36.56869],[-4.73222,36.56827],[-4.73206,36.56916],[-4.73176,36.56948],[-4.7315,36.56943],[-4.73141,36.5683],[-4.73167,36.56731],[-4.73044,36.56727],[-4.73027,36.56682],[-4.72966,36.56647],[-4.72895,36.5666],[-4.72844,36.56773],[-4.72773,36.56793],[-4.72763,36.56853],[-4.72697,36.56819],[-4.72664,36.56829],[-4.7266,36.56967],[-4.7262,36.56955],[-4.72562,36.56883],[-4.72465,36.56896],[-4.72465,36.56931],[-4.72604,36.56989],[-4.72679,36.57057],[-4.72699,36.57136],[-4.72667,36.57216],[-4.72847,36.5726],[-4.72896,36.57336],[-4.72866,36.5739],[-4.72881,36.57435],[-4.72811,36.57428],[-4.72763,36.57341],[-4.7253,36.57329],[-4.72333,36.57457],[-4.72285,36.57657],[-4.72386,36.57666],[-4.72347,36.57724],[-4.7237,36.57739],[-4.72557,36.57706],[-4.72631,36.57786],[-4.72668,36.57756],[-4.72693,36.57681],[-4.72752,36.57635],[-4.72978,36.57557],[-4.73047,36.57576],[-4.73145,36.57694],[-4.73115,36.57714],[-4.73045,36.57687],[-4.7281,36.57709],[-4.72657,36.57875],[-4.72561,36.57897],[-4.72384,36.57884],[-4.72355,36.57962],[-4.72421,36.58043],[-4.72355,36.581],[-4.72358,36.58143],[-4.72421,36.58191],[-4.72533,36.58215],[-4.72588,36.58335],[-4.72444,36.58267],[-4.72347,36.5826],[-4.72292,36.58214],[-4.72165,36.58206],[-4.72148,36.58186],[-4.72178,36.58144],[-4.72131,36.58088],[-4.72186,36.57937],[-4.72122,36.57926],[-4.7204,36.57859],[-4.71981,36.57852],[-4.7192,36.57886],[-4.71727,36.57872],[-4.71665,36.57913],[-4.71635,36.5798],[-4.71652,36.58091],[-4.71624,36.58186],[-4.71666,36.58217],[-4.71878,36.58257],[-4.71927,36.58354],[-4.71977,36.5838],[-4.72004,36.58432],[-4.72074,36.58454],[-4.7202,36.58494],[-4.72076,36.5856],[-4.71967,36.5858],[-4.71963,36.58636],[-4.72042,36.58804],[-4.72157,36.5881],[-4.72225,36.58856],[-4.7212,36.58844],[-4.72017,36.58881],[-4.72079,36.59065],[-4.7208,36.59194],[-4.72052,36.59189],[-4.71986,36.5905],[-4.71901,36.58956],[-4.71884,36.5881],[-4.71842,36.58714],[-4.71807,36.58826],[-4.71775,36.58841],[-4.7177,36.58597],[-4.71833,36.5842],[-4.71685,36.5835],[-4.71616,36.58367],[-4.71549,36.58454],[-4.71592,36.58535],[-4.71431,36.58732],[-4.71431,36.58647],[-4.71515,36.58509],[-4.71403,36.58558],[-4.71359,36.58494],[-4.7137,36.58476],[-4.71422,36.58505],[-4.71452,36.58484],[-4.71507,36.58336],[-4.7149,36.58304],[-4.71263,36.58257],[-4.71354,36.58209],[-4.71327,36.58165],[-4.71254,36.58135],[-4.71345,36.58081],[-4.71392,36.57975],[-4.71332,36.5792],[-4.71454,36.57832],[-4.7145,36.57737],[-4.71492,36.57678],[-4.71695,36.57622],[-4.71896,36.57654],[-4.71931,36.57596],[-4.7195,36.57484],[-4.7211,36.57406],[-4.72133,36.57373],[-4.7209,36.57321],[-4.72021,36.57309],[-4.72136,36.57181],[-4.72039,36.57147],[-4.71989,36.57157],[-4.71978,36.57209],[-4.71938,36.57199],[-4.71885,36.57035],[-4.7192,36.56851],[-4.71762,36.56733],[-4.71716,36.56748],[-4.71698,36.56793],[-4.71756,36.57073],[-4.71728,36.57088],[-4.71681,36.57042],[-4.71649,36.56921],[-4.71602,36.56895],[-4.7158,36.5692],[-4.71583,36.57024],[-4.71484,36.57063],[-4.71508,36.5698],[-4.7143,36.56912],[-4.71607,36.56684],[-4.71506,36.56552],[-4.71301,36.56551],[-4.7106,36.56479],[-4.71023,36.5656],[-4.70972,36.56605],[-4.70934,36.56569],[-4.70922,36.56503],[-4.70828,36.56562],[-4.70809,36.56549],[-4.70828,36.56476],[-4.70798,36.56476],[-4.70764,36.56525],[-4.70696,36.56457],[-4.70627,36.56519],[-4.70594,36.5652],[-4.70568,36.56466],[-4.70492,36.56422],[-4.70423,36.56448],[-4.70381,36.56395],[-4.70315,36.56377],[-4.70286,36.56426],[-4.70331,36.56527],[-4.70409,36.5661],[-4.7053,36.56659],[-4.70397,36.5669],[-4.70379,36.56724],[-4.70424,36.56816],[-4.70578,36.56948],[-4.70583,36.57031],[-4.70414,36.56915],[-4.70329,36.56893],[-4.70281,36.56933],[-4.70249,36.56924],[-4.70222,36.56884],[-4.7017,36.56643],[-4.7012,36.5666],[-4.7007,36.5675],[-4.70024,36.56771],[-4.70019,36.56706],[-4.7005,36.56625],[-4.70028,36.56577],[-4.69906,36.56486],[-4.69855,36.56322],[-4.69782,36.5633],[-4.69779,36.56378],[-4.69876,36.56593],[-4.69935,36.56845],[-4.69903,36.5689],[-4.69764,36.56921],[-4.69687,36.56973],[-4.6975,36.57058],[-4.69727,36.57158],[-4.69938,36.57178],[-4.69892,36.57265],[-4.69944,36.57324],[-4.69828,36.57367],[-4.69765,36.57488],[-4.69924,36.57524],[-4.6992,36.57569],[-4.69853,36.57653],[-4.69861,36.57674],[-4.70039,36.57688],[-4.70084,36.57755],[-4.69899,36.57982],[-4.69762,36.58029],[-4.69774,36.58102],[-4.69704,36.58174],[-4.69666,36.58072],[-4.69558,36.57989],[-4.69548,36.57948],[-4.69642,36.57902],[-4.69834,36.57927],[-4.69916,36.57781],[-4.6972,36.57771],[-4.69699,36.57674],[-4.69645,36.57676],[-4.69583,36.57637],[-4.69537,36.57541],[-4.69533,36.57462],[-4.69478,36.5744],[-4.69539,36.57375],[-4.69527,36.57349],[-4.69462,36.5734],[-4.69363,36.57375],[-4.69323,36.57358],[-4.69339,36.57216],[-4.69313,36.57169],[-4.69317,36.57096],[-4.69284,36.57063],[-4.69137,36.57023],[-4.69079,36.57048],[-4.69058,36.57099],[-4.69099,36.5723],[-4.69232,36.57314],[-4.6924,36.57349],[-4.69186,36.57379],[-4.69231,36.57428],[-4.69096,36.57417],[-4.69054,36.57483],[-4.68995,36.57522],[-4.6897,36.57621],[-4.68953,36.57583],[-4.68974,36.57441],[-4.69023,36.57376],[-4.68973,36.57305],[-4.68963,36.5723],[-4.68833,36.57134],[-4.68764,36.57193],[-4.68769,36.57339],[-4.68718,36.57447],[-4.6861,36.57527],[-4.68518,36.57486],[-4.68471,36.57714],[-4.68417,36.57748],[-4.68347,36.57735],[-4.68313,36.57683],[-4.68415,36.57672],[-4.68426,36.57517],[-4.68484,36.57355],[-4.68533,36.57339],[-4.68609,36.57418],[-4.68645,36.57407],[-4.68648,36.57361],[-4.68546,36.5707],[-4.68541,36.56843],[-4.6858,36.56757],[-4.68758,36.56686],[-4.68784,36.56624],[-4.68753,36.56607],[-4.68666,36.56616],[-4.68708,36.56542],[-4.68693,36.56515],[-4.68566,36.56622],[-4.68535,36.567],[-4.68425,36.56666],[-4.68373,36.56684],[-4.68422,36.56774],[-4.68423,36.56855],[-4.68199,36.57084],[-4.68155,36.57157],[-4.6804,36.57202],[-4.68034,36.5715],[-4.68146,36.57055],[-4.68148,36.56978],[-4.68247,36.569],[-4.68271,36.56854],[-4.68265,36.5682],[-4.68202,36.56783],[-4.68212,36.56648],[-4.68264,36.56578],[-4.68421,36.56495],[-4.68442,36.5645],[-4.68427,36.56423],[-4.68378,36.56396],[-4.68321,36.56414],[-4.6815,36.56614],[-4.68082,36.56659],[-4.67973,36.56656],[-4.67938,36.56731],[-4.67795,36.56656],[-4.67638,36.56748],[-4.67653,36.5668],[-4.67699,36.56628],[-4.67859,36.56574],[-4.67905,36.5653],[-4.67898,36.56468],[-4.6787,36.56435],[-4.67711,36.56464],[-4.67715,36.56403],[-4.67783,36.56292],[-4.67793,36.56226],[-4.67747,36.56206],[-4.67683,36.56274],[-4.67676,36.56162],[-4.67636,36.56141],[-4.67592,36.56209],[-4.67557,36.56173],[-4.67522,36.56182],[-4.67523,36.56257],[-4.67468,36.56303],[-4.67436,36.56214],[-4.67365,36.56158],[-4.67366,36.56063],[-4.67344,36.56054],[-4.6731,36.56115],[-4.67279,36.56366],[-4.67238,36.5643],[-4.67204,36.56253],[-4.67157,36.56139],[-4.67177,36.56012],[-4.67046,36.55901],[-4.67126,36.55764],[-4.66962,36.55705],[-4.66937,36.55735],[-4.66954,36.55793],[-4.66943,36.55947],[-4.66847,36.56017],[-4.66878,36.56063],[-4.6698,36.56112],[-4.66959,36.56221],[-4.66795,36.56141],[-4.66682,36.56038],[-4.66645,36.56035],[-4.66609,36.56066],[-4.66668,36.56113],[-4.6669,36.56168],[-4.66614,36.56219],[-4.66745,36.56266],[-4.66776,36.56314],[-4.665,36.56328],[-4.66459,36.56361],[-4.66569,36.56466],[-4.66607,36.5647],[-4.66648,36.5642],[-4.66703,36.56436],[-4.66738,36.56493],[-4.66843,36.56497],[-4.6684,36.56527],[-4.6678,36.56573],[-4.66782,36.5661],[-4.66938,36.56608],[-4.66937,36.5664],[-4.66874,36.56706],[-4.66929,36.56767],[-4.66975,36.56779],[-4.66943,36.56835],[-4.6702,36.56886],[-4.66996,36.56935],[-4.67033,36.57045],[-4.66998,36.57058],[-4.66965,36.57031],[-4.66848,36.56838],[-4.66774,36.56789],[-4.66628,36.56629],[-4.66483,36.5658],[-4.6645,36.5661],[-4.66459,36.56681],[-4.66562,36.56782],[-4.66507,36.56798],[-4.66377,36.56772],[-4.6641,36.56832],[-4.66369,36.56912],[-4.66439,36.5703],[-4.66427,36.57057],[-4.66393,36.57051],[-4.66284,36.56939],[-4.66245,36.56812],[-4.66204,36.56757],[-4.66234,36.56613],[-4.66206,36.56563],[-4.66158,36.56646],[-4.66077,36.56677],[-4.6605,36.56713],[-4.66057,36.56843],[-4.66101,36.56998],[-4.66086,36.57035],[-4.66024,36.57076],[-4.66126,36.5718],[-4.6624,36.57221],[-4.66314,36.57333],[-4.66458,36.57372],[-4.66395,36.57412],[-4.66319,36.57419],[-4.66278,36.57403],[-4.66223,36.57319],[-4.66114,36.57247],[-4.66056,36.57227],[-4.66011,36.57243],[-4.6601,36.57302],[-4.66126,36.57435],[-4.66166,36.57627],[-4.66127,36.57681],[-4.66022,36.57528],[-4.66002,36.57406],[-4.65947,36.57436],[-4.65917,36.57422],[-4.65922,36.57298],[-4.65825,36.57292],[-4.65842,36.57198],[-4.65821,36.57152],[-4.65835,36.5707],[-4.65814,36.57043],[-4.65773,36.57048],[-4.65716,36.5725],[-4.65662,36.57293],[-4.65641,36.57203],[-4.65682,36.5712],[-4.65654,36.57084],[-4.65604,36.57098],[-4.65587,36.57167],[-4.6556,36.57188],[-4.65557,36.57103],[-4.65464,36.57066],[-4.65425,36.57082],[-4.65387,36.57165],[-4.65326,36.572],[-4.65311,36.57144],[-4.65194,36.57114],[-4.65325,36.57087],[-4.65478,36.57006],[-4.65389,36.56954],[-4.65434,36.56878],[-4.65325,36.56861],[-4.65359,36.56808],[-4.65475,36.56758],[-4.65457,36.56737],[-4.65369,36.56741],[-4.65411,36.56663],[-4.65306,36.56636],[-4.65397,36.56496],[-4.65398,36.56462],[-4.65359,36.56449],[-4.6521,36.5649],[-4.65154,36.56451],[-4.65158,36.56396],[-4.65232,36.56329],[-4.65252,36.56256],[-4.65328,36.56215],[-4.65327,36.56196],[-4.65268,36.56172],[-4.65252,36.56127],[-4.6532,36.5609],[-4.65286,36.56029],[-4.65373,36.55941],[-4.65283,36.55927],[-4.65294,36.55844],[-4.6518,36.55804],[-4.65168,36.5574],[-4.65035,36.55738],[-4.64988,36.55694],[-4.64912,36.55679],[-4.64845,36.55614],[-4.6478,36.55604],[-4.6471,36.55635],[-4.64759,36.55712],[-4.64766,36.55859],[-4.64817,36.55885],[-4.64968,36.55885],[-4.6508,36.55913],[-4.65154,36.55989],[-4.65139,36.56022],[-4.64988,36.55967],[-4.64948,36.55981],[-4.64933,36.56012],[-4.64958,36.56064],[-4.6504,36.56083],[-4.6507,36.56164],[-4.65153,36.56165],[-4.65193,36.56255],[-4.65037,36.56256],[-4.64885,36.5621],[-4.64795,36.56137],[-4.64695,36.56152],[-4.64743,36.5625],[-4.65033,36.5644],[-4.64984,36.56497],[-4.65039,36.56546],[-4.65017,36.56579],[-4.65082,36.56622],[-4.64981,36.56654],[-4.65035,36.56698],[-4.65041,36.56733],[-4.64843,36.56657],[-4.64946,36.56584],[-4.64866,36.56473],[-4.64808,36.56492],[-4.64765,36.56568],[-4.64733,36.56574],[-4.64738,36.56401],[-4.64638,36.56367],[-4.64487,36.56234],[-4.64446,36.56163],[-4.64478,36.56086],[-4.6443,36.56002],[-4.64474,36.55895],[-4.64449,36.55859],[-4.6436,36.55909],[-4.64307,36.56097],[-4.64264,36.56144],[-4.64233,36.5614],[-4.64157,36.5603],[-4.64119,36.56025],[-4.64096,36.56065],[-4.64137,36.56182],[-4.64265,36.56239],[-4.64286,36.5627],[-4.64158,36.56301],[-4.64137,36.56343],[-4.64178,36.56365],[-4.64413,36.56377],[-4.64514,36.56448],[-4.64499,36.5647],[-4.64428,36.56453],[-4.64372,36.56471],[-4.64428,36.56534],[-4.64441,36.56593],[-4.64214,36.56462],[-4.64069,36.56464],[-4.64094,36.56505],[-4.64315,36.56594],[-4.64429,36.56692],[-4.64595,36.56675],[-4.64777,36.56766],[-4.64799,36.56798],[-4.64672,36.56833],[-4.64661,36.56907],[-4.64798,36.56927],[-4.64811,36.57024],[-4.64888,36.57099],[-4.65113,36.57154],[-4.65112,36.57241],[-4.65069,36.57208],[-4.64986,36.57197],[-4.64937,36.57261],[-4.64865,36.57215],[-4.64841,36.57166],[-4.6479,36.57161],[-4.64726,36.57227],[-4.64764,36.57306],[-4.64691,36.57286],[-4.64639,36.57304],[-4.64668,36.57343],[-4.64901,36.57461],[-4.64896,36.57495],[-4.64814,36.57477],[-4.64733,36.57408],[-4.64653,36.57446],[-4.64567,36.5736],[-4.646,36.57275],[-4.64589,36.57254],[-4.64523,36.57309],[-4.64505,36.573],[-4.64514,36.57254],[-4.646,36.5718],[-4.64559,36.57039],[-4.64522,36.57027],[-4.64504,36.57101],[-4.64467,36.57137],[-4.64391,36.57137],[-4.64458,36.56964],[-4.64418,36.56954],[-4.64306,36.57055],[-4.64273,36.5705],[-4.64323,36.56933],[-4.64242,36.56814],[-4.64201,36.56837],[-4.64202,36.56915],[-4.64154,36.56954],[-4.64149,36.56989],[-4.64295,36.57227],[-4.6427,36.57348],[-4.64194,36.57313],[-4.64082,36.5714],[-4.64031,36.57193],[-4.64018,36.57255],[-4.64029,36.57318],[-4.6415,36.57507],[-4.64156,36.57588],[-4.64077,36.57537],[-4.64049,36.57564],[-4.64029,36.57553],[-4.63928,36.57295],[-4.63907,36.57135],[-4.63975,36.57001],[-4.6394,36.56987],[-4.63803,36.57111],[-4.63823,36.57248],[-4.63781,36.5726],[-4.63712,36.57236],[-4.63668,36.57277],[-4.63651,36.57418],[-4.63568,36.57396],[-4.63589,36.57354],[-4.63528,36.57313],[-4.63504,36.5722],[-4.63478,36.57207],[-4.63443,36.57223],[-4.63432,36.57291],[-4.63486,36.57407],[-4.63385,36.57384],[-4.63315,36.57537],[-4.63287,36.57536],[-4.6328,36.57507],[-4.63304,36.57385],[-4.63253,36.57354],[-4.63196,36.57358],[-4.63193,36.57523],[-4.63147,36.57677],[-4.63117,36.57669],[-4.63093,36.57597],[-4.63043,36.57561],[-4.63059,36.57453],[-4.63002,36.57399],[-4.62973,36.5741],[-4.62959,36.57513],[-4.62923,36.57559],[-4.62898,36.57545],[-4.62898,36.5746],[-4.62831,36.574],[-4.62799,36.57409],[-4.62763,36.57472],[-4.62717,36.57407],[-4.62633,36.574],[-4.62603,36.57451],[-4.62716,36.5753],[-4.62723,36.57577],[-4.62611,36.57562],[-4.6256,36.57502],[-4.62529,36.57507],[-4.62484,36.57606],[-4.62494,36.57674],[-4.62401,36.5775],[-4.62406,36.57532],[-4.62449,36.57401],[-4.62409,36.57378],[-4.62297,36.57432],[-4.62334,36.57545],[-4.62286,36.57671],[-4.62256,36.57688],[-4.62253,36.57601],[-4.62234,36.57588],[-4.62181,36.57599],[-4.62118,36.57649],[-4.62067,36.57637],[-4.62178,36.57526],[-4.62151,36.57464],[-4.6203,36.57459],[-4.61982,36.57484],[-4.61974,36.57519],[-4.62013,36.57631],[-4.6199,36.57675],[-4.61966,36.5767],[-4.6193,36.57573],[-4.61747,36.57543],[-4.61729,36.57621],[-4.61776,36.57785],[-4.61763,36.57819],[-4.61703,36.57757],[-4.61586,36.57544],[-4.61653,36.57466],[-4.61858,36.57397],[-4.61876,36.57313],[-4.61941,36.57232],[-4.61929,36.57199],[-4.61863,36.57197],[-4.61703,36.57359],[-4.61623,36.57379],[-4.61683,36.5719],[-4.61601,36.57192],[-4.61578,36.57138],[-4.61453,36.57118],[-4.61439,36.57176],[-4.61371,36.5722],[-4.61386,36.57258],[-4.61468,36.57322],[-4.61388,36.57352],[-4.61416,36.57454],[-4.61502,36.57526],[-4.61501,36.57563],[-4.6148,36.5758],[-4.61345,36.57496],[-4.61261,36.57488],[-4.61222,36.57513],[-4.61199,36.57645],[-4.6113,36.57512],[-4.61163,36.57462],[-4.61238,36.57422],[-4.61267,36.57305],[-4.61243,36.57197],[-4.61159,36.57234],[-4.61066,36.57141],[-4.61146,36.57008],[-4.61138,36.56918],[-4.61093,36.56922],[-4.60986,36.57002],[-4.60661,36.56995],[-4.60593,36.57025],[-4.60586,36.57071],[-4.60746,36.57172],[-4.60886,36.57366],[-4.6092,36.57585],[-4.61021,36.57734],[-4.60921,36.57675],[-4.60841,36.5759],[-4.60772,36.57429],[-4.60663,36.5744],[-4.60631,36.57471],[-4.6059,36.57455],[-4.60541,36.57372],[-4.6045,36.57413],[-4.60431,36.57314],[-4.60359,36.57268],[-4.6032,36.57326],[-4.60267,36.57289],[-4.60249,36.57316],[-4.60311,36.57415],[-4.60415,36.57683],[-4.60624,36.57836],[-4.60632,36.57857],[-4.60537,36.57885],[-4.60527,36.57911],[-4.60634,36.57973],[-4.60631,36.5799],[-4.60548,36.58012],[-4.60489,36.58001],[-4.60437,36.57936],[-4.60463,36.57805],[-4.60426,36.57788],[-4.60353,36.57802],[-4.60268,36.57697],[-4.60271,36.57545],[-4.60161,36.57538],[-4.60126,36.5749],[-4.6005,36.57482],[-4.59965,36.57397],[-4.59933,36.57426],[-4.59977,36.57498],[-4.59993,36.57606],[-4.60063,36.57673],[-4.60055,36.57696],[-4.59977,36.57695],[-4.59927,36.57665],[-4.59881,36.57518],[-4.59848,36.57497],[-4.59784,36.57643],[-4.59896,36.57762],[-4.59765,36.57722],[-4.59653,36.57733],[-4.59639,36.57814],[-4.59661,36.57922],[-4.59645,36.57952],[-4.59568,36.57939],[-4.59478,36.5787],[-4.59466,36.5777],[-4.59537,36.57605],[-4.5952,36.57569],[-4.59438,36.57672],[-4.59418,36.57897],[-4.59396,36.57936],[-4.59338,36.57834],[-4.59359,36.5767],[-4.59335,36.57613],[-4.59292,36.57662],[-4.59276,36.57778],[-4.59244,36.57825],[-4.59041,36.57812],[-4.58837,36.57972],[-4.58682,36.57974],[-4.58491,36.57867],[-4.58447,36.5789],[-4.58441,36.58013],[-4.58416,36.58029],[-4.583,36.58025],[-4.58134,36.58068],[-4.57894,36.58011],[-4.57862,36.58052],[-4.57879,36.58111],[-4.58053,36.58259],[-4.58049,36.58286],[-4.57902,36.58239],[-4.57841,36.58288],[-4.57756,36.5822],[-4.57692,36.58213],[-4.57658,36.58245],[-4.57661,36.58336],[-4.5764,36.58355],[-4.57594,36.58313],[-4.57515,36.58332],[-4.57484,36.58315],[-4.57415,36.58199],[-4.57349,36.58192],[-4.57305,36.58279],[-4.57358,36.58424],[-4.57258,36.58401],[-4.57225,36.58467],[-4.57182,36.58403],[-4.57128,36.58409],[-4.57111,36.58434],[-4.57265,36.58613],[-4.57249,36.58644],[-4.57092,36.58639],[-4.5705,36.58669],[-4.57027,36.58727],[-4.56953,36.58724],[-4.56881,36.58684],[-4.56857,36.58578],[-4.5682,36.58564],[-4.56782,36.58603],[-4.56746,36.58703],[-4.56685,36.5866],[-4.56598,36.58702],[-4.56582,36.58648],[-4.56624,36.58586],[-4.56538,36.58499],[-4.565,36.58504],[-4.56473,36.5864],[-4.56385,36.58657],[-4.56333,36.58794],[-4.56302,36.58798],[-4.56258,36.58714],[-4.56204,36.58712],[-4.56149,36.58942],[-4.56232,36.59006],[-4.56323,36.59039],[-4.56253,36.59083],[-4.56149,36.59035],[-4.56102,36.59094],[-4.56225,36.59133],[-4.56332,36.59243],[-4.56106,36.59216],[-4.56147,36.59275],[-4.56077,36.59277],[-4.56074,36.59297],[-4.56142,36.59425],[-4.56094,36.59488],[-4.56067,36.59493],[-4.56075,36.59441],[-4.56,36.59389],[-4.5597,36.59393],[-4.55911,36.59457],[-4.55934,36.59361],[-4.55922,36.59265],[-4.55887,36.59234],[-4.55858,36.59267],[-4.55834,36.59259],[-4.55765,36.59173],[-4.55707,36.59193],[-4.55539,36.5911],[-4.55407,36.59106],[-4.55384,36.59195],[-4.55399,36.59226],[-4.5558,36.59359],[-4.55525,36.59384],[-4.55481,36.59381],[-4.55397,36.59326],[-4.55327,36.59371],[-4.55232,36.593],[-4.55336,36.59249],[-4.55209,36.59222],[-4.5513,36.59449],[-4.55057,36.59482],[-4.55034,36.5952],[-4.55113,36.59528],[-4.55104,36.59572],[-4.55135,36.59599],[-4.55312,36.59611],[-4.55481,36.59654],[-4.55435,36.59693],[-4.55498,36.59728],[-4.5544,36.59741],[-4.55424,36.59774],[-4.55391,36.59763],[-4.55338,36.59684],[-4.55297,36.597],[-4.55365,36.59848],[-4.55336,36.59951],[-4.55139,36.59982],[-4.54924,36.60076],[-4.5468,36.60103],[-4.54562,36.60149],[-4.54429,36.60135],[-4.54314,36.60054],[-4.54206,36.60102],[-4.54198,36.6003],[-4.54031,36.60053],[-4.53975,36.60084],[-4.53926,36.60186],[-4.53722,36.60176],[-4.53632,36.60274],[-4.53513,36.60332]]]},"geometry_name":"geom","properties":{"id_dera":10100300024881,"altura":100,"procedenci":"Restitución","categoria":"Maestra"}},{"type":"Feature","id":"g01_03_CurvaNivel.10100300006241","geometry":{"type":"MultiLineString","coordinates":[[[-6.11889,37.34788],[-6.11904,37.34886],[-6.11937,37.34912],[-6.12077,37.3484],[-6.12214,37.34864],[-6.12255,37.34905],[-6.12267,37.35002],[-6.12208,37.35036],[-6.12129,37.3497],[-6.1204,37.34971],[-6.12029,37.35076],[-6.12082,37.35186],[-6.12005,37.3521],[-6.11977,37.353],[-6.11903,37.35374],[-6.11838,37.354],[-6.11792,37.35386],[-6.11775,37.35355],[-6.11853,37.3531],[-6.11862,37.35271],[-6.11735,37.35151],[-6.11682,37.35134],[-6.11519,37.3521],[-6.11455,37.35148],[-6.11458,37.35112],[-6.1156,37.35005],[-6.11507,37.3493],[-6.1145,37.34912],[-6.11276,37.35008],[-6.11234,37.34985],[-6.1125,37.34944],[-6.11317,37.34901],[-6.11646,37.34795]]]},"geometry_name":"geom","properties":{"id_dera":10100300006241,"altura":100,"procedenci":"Restitución","categoria":"Maestra"}},{"type":"Feature","id":"g01_03_CurvaNivel.10100300009494","geometry":{"type":"MultiLineString","coordinates":[[[-6.03294,37.35012],[-6.03424,37.35222],[-6.03351,37.35369],[-6.03307,37.35644],[-6.03228,37.35746],[-6.03233,37.3588],[-6.03333,37.36028],[-6.04149,37.36172],[-6.04322,37.36167],[-6.04402,37.36228],[-6.04292,37.36283],[-6.04386,37.36302],[-6.04455,37.36351],[-6.04411,37.36365],[-6.04271,37.36339],[-6.03763,37.36445],[-6.03486,37.36433],[-6.03283,37.36589],[-6.03185,37.37035],[-6.03184,37.37269],[-6.03261,37.37601],[-6.03418,37.37873],[-6.03591,37.38011],[-6.03752,37.38077],[-6.03666,37.38115],[-6.03643,37.38181],[-6.03594,37.38223],[-6.03655,37.38424],[-6.03618,37.38729],[-6.03734,37.38876],[-6.03604,37.38985],[-6.03586,37.39034],[-6.03561,37.39308],[-6.03627,37.39472],[-6.03656,37.39506],[-6.03711,37.39513],[-6.03734,37.39551],[-6.03809,37.39569],[-6.03914,37.39536],[-6.03965,37.39452],[-6.03944,37.39294],[-6.03957,37.39246],[-6.04123,37.39127],[-6.04187,37.39033],[-6.04216,37.39029],[-6.04216,37.39105],[-6.04098,37.39223],[-6.0408,37.39311],[-6.0413,37.39481],[-6.04169,37.39521],[-6.04284,37.39566],[-6.04195,37.39617],[-6.04183,37.39676],[-6.04114,37.39677],[-6.0411,37.39759],[-6.04618,37.39951],[-6.04716,37.3996],[-6.04717,37.3999],[-6.0462,37.40032],[-6.0452,37.40014],[-6.04423,37.40056],[-6.04515,37.40146],[-6.04682,37.40183],[-6.04797,37.40304],[-6.04583,37.40302],[-6.04532,37.40338],[-6.04552,37.40483],[-6.04624,37.40533],[-6.04587,37.4065],[-6.04685,37.40834],[-6.04769,37.40905],[-6.0475,37.40962],[-6.0478,37.41074],[-6.04686,37.41059],[-6.04673,37.41007],[-6.04631,37.40989],[-6.04512,37.41005],[-6.04555,37.40934],[-6.04474,37.40811],[-6.04435,37.40808],[-6.04334,37.40866],[-6.04306,37.40827],[-6.04343,37.40708],[-6.04328,37.40654],[-6.04277,37.40593],[-6.04193,37.40594],[-6.04037,37.40713],[-6.04008,37.40817],[-6.04027,37.40884],[-6.03964,37.40923],[-6.03925,37.41007],[-6.03836,37.41054],[-6.03883,37.41303],[-6.03937,37.41364],[-6.04117,37.4138],[-6.04128,37.4141],[-6.04086,37.4152],[-6.0416,37.41615],[-6.04278,37.41694],[-6.04324,37.41778],[-6.04484,37.4176],[-6.04609,37.41877],[-6.04649,37.41994],[-6.04701,37.42041],[-6.04593,37.42104],[-6.04752,37.42223],[-6.04828,37.42359],[-6.04939,37.42446],[-6.04953,37.42484],[-6.04925,37.42528],[-6.0493,37.42597],[-6.05034,37.42649],[-6.05099,37.42738],[-6.05147,37.42733],[-6.05241,37.42617],[-6.05415,37.42624],[-6.05432,37.42718],[-6.05511,37.42842],[-6.05471,37.43005],[-6.0564,37.4293],[-6.05756,37.42972],[-6.05803,37.43015],[-6.05835,37.43134],[-6.0575,37.43249],[-6.05849,37.43314],[-6.05928,37.43458],[-6.06017,37.43433],[-6.05859,37.4375],[-6.05743,37.43874],[-6.0574,37.43924],[-6.05861,37.43912],[-6.06166,37.4377],[-6.06279,37.43605],[-6.06424,37.43455],[-6.06457,37.43375],[-6.06446,37.43312],[-6.06489,37.43323],[-6.06602,37.43522],[-6.06701,37.43579],[-6.06683,37.43668],[-6.06713,37.43686],[-6.0678,37.43611],[-6.06904,37.43538],[-6.06939,37.43431],[-6.07002,37.4339],[-6.07055,37.43536],[-6.07095,37.43564],[-6.07183,37.4356],[-6.07325,37.43504],[-6.07366,37.43512],[-6.07356,37.43545],[-6.07217,37.43661],[-6.07164,37.43758],[-6.07185,37.43824],[-6.07304,37.43836],[-6.07356,37.43917],[-6.07452,37.43929],[-6.07618,37.43843],[-6.07708,37.43854],[-6.0777,37.43925],[-6.07728,37.44062],[-6.07771,37.44075],[-6.0786,37.44054],[-6.07938,37.43984],[-6.08047,37.43996],[-6.08176,37.43941],[-6.08136,37.44033],[-6.07917,37.44261],[-6.07741,37.44243],[-6.07474,37.44297],[-6.0761,37.44313],[-6.07634,37.44391],[-6.0768,37.44417],[-6.07897,37.44414],[-6.07976,37.44488],[-6.07976,37.44607],[-6.08038,37.44544],[-6.08226,37.44633],[-6.08235,37.44605],[-6.08125,37.44488],[-6.08135,37.44433],[-6.08159,37.44413],[-6.08263,37.4446],[-6.08333,37.44418],[-6.08339,37.44381],[-6.0827,37.44323],[-6.08414,37.44279],[-6.08417,37.44138],[-6.08548,37.44228],[-6.08573,37.44465],[-6.08658,37.44551],[-6.08709,37.44551],[-6.08738,37.4452],[-6.08661,37.44299],[-6.08754,37.44296],[-6.08889,37.44359],[-6.09067,37.44351],[-6.09062,37.44316],[-6.09035,37.44302],[-6.08839,37.44265],[-6.08676,37.44156],[-6.08869,37.44143],[-6.09022,37.44095],[-6.09018,37.43948],[-6.08917,37.43867],[-6.08917,37.43819],[-6.09016,37.43818],[-6.09098,37.4386],[-6.09163,37.43859],[-6.09219,37.43752],[-6.09213,37.43584],[-6.09237,37.43547],[-6.09284,37.43569],[-6.09319,37.4364],[-6.0938,37.43623],[-6.09463,37.43525],[-6.09434,37.43873],[-6.09477,37.43931],[-6.09646,37.43928],[-6.09876,37.43791],[-6.09931,37.43782],[-6.0979,37.43945],[-6.0957,37.44107],[-6.09409,37.44366],[-6.0959,37.44323],[-6.09666,37.44282],[-6.09729,37.44221],[-6.09737,37.44081],[-6.09779,37.44048],[-6.09917,37.44039],[-6.09843,37.44161],[-6.09899,37.44193],[-6.10236,37.44083],[-6.10249,37.44099],[-6.09926,37.44282],[-6.10185,37.44299],[-6.10302,37.44355],[-6.10319,37.44374],[-6.10141,37.44358],[-6.10122,37.44371],[-6.10116,37.44462],[-6.10246,37.44451],[-6.10417,37.44546],[-6.10195,37.44577],[-6.10128,37.4465],[-6.10163,37.44723],[-6.09931,37.44785],[-6.09917,37.44797],[-6.09948,37.44868],[-6.09821,37.44799],[-6.09808,37.44676],[-6.09759,37.44675],[-6.09611,37.44744],[-6.09627,37.44773],[-6.09709,37.44805],[-6.09729,37.44844],[-6.09588,37.45035],[-6.09441,37.45145],[-6.09468,37.45226],[-6.09311,37.45363],[-6.09287,37.45453],[-6.09228,37.45512],[-6.0923,37.4554],[-6.09504,37.45672],[-6.09512,37.45636],[-6.09423,37.45518],[-6.095,37.45482],[-6.09545,37.45285],[-6.09671,37.45189],[-6.09721,37.451],[-6.0975,37.45123],[-6.09774,37.45228],[-6.09813,37.45261],[-6.09939,37.45258],[-6.10081,37.45207],[-6.09976,37.45323],[-6.09805,37.45379],[-6.0978,37.45455],[-6.09835,37.45467],[-6.09811,37.45624],[-6.0985,37.45627],[-6.09919,37.45587],[-6.09979,37.45615],[-6.09969,37.45658],[-6.09878,37.45718],[-6.09951,37.45792],[-6.09861,37.45937],[-6.09862,37.45983],[-6.0991,37.46005],[-6.09962,37.45992],[-6.10031,37.45903],[-6.10151,37.45826],[-6.10272,37.4553],[-6.1031,37.45479],[-6.10329,37.45494],[-6.10289,37.45727],[-6.10289,37.45787],[-6.10321,37.45836],[-6.10197,37.46044],[-6.10061,37.46207],[-6.10041,37.4625],[-6.10056,37.46274],[-6.10107,37.4627],[-6.1018,37.46221],[-6.10222,37.46268],[-6.10344,37.46239],[-6.10787,37.45908],[-6.11013,37.45935],[-6.10816,37.46023],[-6.10598,37.46295],[-6.10136,37.46547],[-6.09877,37.46748],[-6.09869,37.46792],[-6.09927,37.46817],[-6.10181,37.46706],[-6.10096,37.46858],[-6.09874,37.4711],[-6.09854,37.47242],[-6.0991,37.47239],[-6.09948,37.47155],[-6.10032,37.47114],[-6.1011,37.47007],[-6.10251,37.46939],[-6.10335,37.46795],[-6.10442,37.46675],[-6.10474,37.46665],[-6.10489,37.46713],[-6.10526,37.46735],[-6.10646,37.46705],[-6.10682,37.46662],[-6.10637,37.46585],[-6.10798,37.46541],[-6.1092,37.46401],[-6.109,37.46504],[-6.10927,37.46572],[-6.11062,37.46605],[-6.11159,37.4667],[-6.11285,37.46666],[-6.11426,37.46554],[-6.11508,37.46519],[-6.11545,37.46541],[-6.11437,37.46681],[-6.11444,37.46722],[-6.11689,37.46597],[-6.11777,37.46587],[-6.11613,37.46721],[-6.11583,37.46825],[-6.11397,37.46914],[-6.11343,37.46963],[-6.1138,37.46991],[-6.11376,37.47092],[-6.11414,37.47126],[-6.11471,37.47122],[-6.11583,37.47038],[-6.11628,37.47035],[-6.11594,37.47214],[-6.11664,37.47198],[-6.11776,37.47057],[-6.11952,37.46744],[-6.11978,37.46754],[-6.12013,37.46862],[-6.12098,37.4687],[-6.11953,37.47001],[-6.11833,37.47207],[-6.1183,37.47278],[-6.11937,37.47304],[-6.11986,37.47354],[-6.12041,37.47367],[-6.12108,37.47328],[-6.1213,37.4722],[-6.12185,37.47167],[-6.12217,37.47179],[-6.12189,37.47271],[-6.12206,37.47296],[-6.12269,37.47303],[-6.12407,37.47237],[-6.12245,37.47394],[-6.11965,37.47516],[-6.11998,37.47556],[-6.12173,37.47596],[-6.12128,37.47681],[-6.12198,37.47644],[-6.12325,37.47493],[-6.1258,37.47376],[-6.12713,37.47209],[-6.12813,37.47262],[-6.12877,37.47251],[-6.12889,37.47149],[-6.12845,37.47055],[-6.12816,37.46871],[-6.12882,37.46871],[-6.12888,37.46956],[-6.12965,37.46992],[-6.13031,37.46992],[-6.13209,37.46915],[-6.13115,37.47083],[-6.1314,37.47185],[-6.13241,37.47245],[-6.1343,37.47227],[-6.13468,37.47245],[-6.13459,37.47287],[-6.13314,37.4734],[-6.13101,37.47359],[-6.12991,37.47458],[-6.12861,37.47526],[-6.1284,37.47565],[-6.12882,37.47643],[-6.12753,37.47653],[-6.12661,37.47725],[-6.12666,37.47807],[-6.12703,37.47849],[-6.12872,37.47921],[-6.12914,37.47895],[-6.12958,37.47797],[-6.13002,37.47767],[-6.13062,37.47925],[-6.13106,37.47944],[-6.13251,37.4788],[-6.13302,37.47822],[-6.13306,37.47746],[-6.1325,37.47615],[-6.13382,37.47672],[-6.13452,37.47671],[-6.13487,37.47772],[-6.13543,37.47816],[-6.13632,37.47793],[-6.13906,37.47626],[-6.13887,37.47747],[-6.13952,37.47759],[-6.14136,37.47653],[-6.14228,37.47568],[-6.14244,37.47632],[-6.14198,37.47732],[-6.14132,37.47793],[-6.13948,37.47933],[-6.13708,37.48014],[-6.13591,37.48105],[-6.13465,37.48148],[-6.13446,37.48196],[-6.13512,37.48213],[-6.13694,37.48187],[-6.13861,37.48099],[-6.14102,37.48129],[-6.14341,37.48091],[-6.14426,37.4796],[-6.14436,37.48073],[-6.14472,37.48159],[-6.14872,37.48149],[-6.14784,37.48181],[-6.14585,37.48192],[-6.14559,37.48221],[-6.14567,37.48255],[-6.14543,37.48261],[-6.14434,37.48219],[-6.1417,37.48242],[-6.14265,37.48379],[-6.14283,37.48428],[-6.14262,37.48474],[-6.14194,37.48379],[-6.14082,37.48335],[-6.13948,37.48332],[-6.13919,37.48403],[-6.1374,37.48391],[-6.13707,37.48423],[-6.13722,37.48454],[-6.13903,37.48552],[-6.13968,37.48557],[-6.13985,37.48586],[-6.13939,37.48647],[-6.13881,37.48668],[-6.13641,37.48623],[-6.13612,37.48644],[-6.13665,37.48709],[-6.13786,37.48781],[-6.13869,37.48766],[-6.14103,37.48639],[-6.14261,37.48703],[-6.14107,37.48758],[-6.1403,37.48865],[-6.1405,37.48886],[-6.14179,37.4889],[-6.14267,37.48921],[-6.14095,37.49023],[-6.14128,37.49093],[-6.14181,37.49115],[-6.14241,37.49103],[-6.14324,37.49044],[-6.14419,37.49102],[-6.14557,37.49067],[-6.14612,37.4892],[-6.14586,37.48882],[-6.14494,37.4884],[-6.14633,37.48772],[-6.14646,37.4872],[-6.14622,37.48625],[-6.14638,37.48612],[-6.14703,37.48697],[-6.14832,37.48665],[-6.14698,37.48835],[-6.14712,37.48863],[-6.14847,37.48877],[-6.14841,37.48918],[-6.14785,37.48976],[-6.14805,37.49029],[-6.14885,37.49033],[-6.14985,37.48987],[-6.15039,37.49032],[-6.15141,37.49024],[-6.15444,37.48906],[-6.15459,37.48821],[-6.15494,37.48884],[-6.15573,37.48913],[-6.1536,37.49065],[-6.15381,37.49104],[-6.15484,37.49165],[-6.15474,37.49204],[-6.15349,37.49205],[-6.1531,37.49155],[-6.1527,37.49151],[-6.15105,37.4922],[-6.15072,37.49276],[-6.15012,37.49315],[-6.14959,37.49244],[-6.14885,37.49228],[-6.1467,37.49398],[-6.14535,37.49409],[-6.14591,37.49514],[-6.14646,37.49538],[-6.14909,37.4956],[-6.15086,37.49498],[-6.1504,37.49625],[-6.15087,37.49645],[-6.15145,37.49638],[-6.15277,37.49564],[-6.15298,37.49598],[-6.15256,37.49676],[-6.15341,37.49734],[-6.15309,37.49778],[-6.15087,37.49792],[-6.14938,37.49741],[-6.14928,37.49776],[-6.1497,37.49905],[-6.14951,37.49915],[-6.14826,37.49844],[-6.14731,37.499],[-6.14647,37.49754],[-6.14536,37.49761],[-6.14414,37.4972],[-6.14414,37.49782],[-6.14503,37.49928],[-6.14608,37.49969],[-6.14627,37.5001],[-6.14566,37.50099],[-6.14481,37.50137],[-6.14287,37.50105],[-6.14218,37.50166],[-6.14191,37.50228],[-6.14231,37.50241],[-6.14309,37.50221],[-6.14441,37.50257],[-6.14666,37.50192],[-6.14697,37.50213],[-6.14541,37.50432],[-6.14317,37.50486],[-6.14328,37.5052],[-6.1442,37.5059],[-6.14425,37.50672],[-6.14396,37.5074],[-6.14452,37.50739],[-6.14497,37.50698],[-6.14535,37.50558],[-6.14641,37.50493],[-6.14686,37.504],[-6.14767,37.50322],[-6.14807,37.50303],[-6.14879,37.50315],[-6.14898,37.50251],[-6.14972,37.50243],[-6.1501,37.50146],[-6.15037,37.50233],[-6.15074,37.50257],[-6.1526,37.50242],[-6.15293,37.5021],[-6.15295,37.50147],[-6.15338,37.50143],[-6.15363,37.50161],[-6.15358,37.50228],[-6.15409,37.50255],[-6.15415,37.50284],[-6.15101,37.50359],[-6.15041,37.50422],[-6.14892,37.50461],[-6.14874,37.50529],[-6.14959,37.50577],[-6.15003,37.5065],[-6.15093,37.50655],[-6.15168,37.50613],[-6.15232,37.5069],[-6.15531,37.50567],[-6.15504,37.50725],[-6.15271,37.50807],[-6.15169,37.50873],[-6.14823,37.50948],[-6.14803,37.50963],[-6.14817,37.50995],[-6.15134,37.50972],[-6.15285,37.50905],[-6.15485,37.50931],[-6.15573,37.50868],[-6.15713,37.50888],[-6.15814,37.50809],[-6.15889,37.50785],[-6.15901,37.50691],[-6.15921,37.50676],[-6.15962,37.5075],[-6.16035,37.50782],[-6.1589,37.50883],[-6.15876,37.5094],[-6.1596,37.50964],[-6.1605,37.50946],[-6.16196,37.50973],[-6.1632,37.50964],[-6.16257,37.51005],[-6.16044,37.51028],[-6.15987,37.51093],[-6.15919,37.51067],[-6.15908,37.51159],[-6.15771,37.51112],[-6.15595,37.51113],[-6.15543,37.51176],[-6.15588,37.51228],[-6.15819,37.51278],[-6.15981,37.51344],[-6.15777,37.51355],[-6.15522,37.51331],[-6.15499,37.51366],[-6.15641,37.51425],[-6.15534,37.51473],[-6.15418,37.51449],[-6.15131,37.51285],[-6.14986,37.51349],[-6.14508,37.51416],[-6.14495,37.51457],[-6.14564,37.51486],[-6.14736,37.51475],[-6.14973,37.51511],[-6.15193,37.51504],[-6.15177,37.51554],[-6.15072,37.51602],[-6.15045,37.51649],[-6.15107,37.51702],[-6.1527,37.51697],[-6.15331,37.51742],[-6.1528,37.51786],[-6.15111,37.51839],[-6.15215,37.51999],[-6.15201,37.52053],[-6.15106,37.52036],[-6.15031,37.51991],[-6.1487,37.51962],[-6.14712,37.51877],[-6.14667,37.51874],[-6.14675,37.52131],[-6.147,37.52233],[-6.14638,37.52364],[-6.14632,37.52446],[-6.14579,37.52383],[-6.14578,37.52219],[-6.14507,37.52169],[-6.1447,37.52068],[-6.14429,37.5205],[-6.14377,37.52077],[-6.14299,37.52221],[-6.143,37.52298],[-6.14279,37.52312],[-6.1419,37.52222],[-6.14209,37.52004],[-6.1417,37.51873],[-6.14049,37.51824],[-6.13979,37.5187],[-6.13934,37.51939],[-6.13821,37.51955],[-6.13785,37.51895],[-6.13765,37.5175],[-6.13646,37.51696],[-6.13427,37.51772],[-6.13327,37.51732],[-6.1313,37.51732],[-6.13042,37.51833],[-6.13057,37.51859],[-6.13181,37.51884],[-6.13166,37.51941],[-6.13195,37.51973],[-6.13307,37.51996],[-6.1334,37.52024],[-6.1328,37.52146],[-6.13143,37.52108],[-6.13046,37.52156],[-6.13105,37.52226],[-6.13125,37.52293],[-6.13216,37.52338],[-6.133,37.52466],[-6.13383,37.52525],[-6.13369,37.52538],[-6.13035,37.52432],[-6.13009,37.52464],[-6.13012,37.52517],[-6.13149,37.52622],[-6.13155,37.52665],[-6.12879,37.52538],[-6.12857,37.52504],[-6.12867,37.5244],[-6.12782,37.52378],[-6.12723,37.52356],[-6.12606,37.52377],[-6.12578,37.52294],[-6.12494,37.52241],[-6.12457,37.52058],[-6.12352,37.51996],[-6.12254,37.51998],[-6.12189,37.52063],[-6.12364,37.52219],[-6.12317,37.52357],[-6.12456,37.5263],[-6.1249,37.52862],[-6.12357,37.52774],[-6.12228,37.52608],[-6.12181,37.52578],[-6.11992,37.52593],[-6.1185,37.52667],[-6.11856,37.52624],[-6.11931,37.52513],[-6.11887,37.5238],[-6.11841,37.52368],[-6.11772,37.52401],[-6.11711,37.52314],[-6.11654,37.523],[-6.11442,37.52353],[-6.11455,37.52133],[-6.11355,37.52092],[-6.11396,37.52034],[-6.11322,37.51983],[-6.11299,37.51921],[-6.11193,37.5189],[-6.11265,37.51769],[-6.11264,37.51634],[-6.11231,37.51598],[-6.11036,37.51549],[-6.11002,37.51582],[-6.10982,37.5168],[-6.10943,37.51699],[-6.10819,37.51602],[-6.10748,37.51584],[-6.10679,37.51596],[-6.1062,37.51685],[-6.1065,37.51954],[-6.10762,37.52178],[-6.10873,37.52303],[-6.10916,37.52429],[-6.10877,37.52528],[-6.10762,37.52598],[-6.10838,37.52785],[-6.1079,37.52854],[-6.10713,37.52904],[-6.10635,37.53094],[-6.10642,37.53356],[-6.10785,37.53485],[-6.1058,37.53543],[-6.10601,37.5365],[-6.1075,37.53739],[-6.10789,37.53802],[-6.10766,37.53893],[-6.10721,37.53946],[-6.10666,37.53968],[-6.10642,37.5396],[-6.1067,37.53905],[-6.10656,37.53817],[-6.10414,37.53565],[-6.10295,37.53523],[-6.10086,37.53576],[-6.10139,37.53478],[-6.10135,37.53432],[-6.10088,37.53339],[-6.10001,37.53321],[-6.10026,37.5324],[-6.09885,37.53018],[-6.09817,37.52944],[-6.09681,37.52993],[-6.09682,37.52903],[-6.09637,37.52828],[-6.09466,37.52746],[-6.09331,37.52583],[-6.09227,37.52603],[-6.09207,37.52468],[-6.09174,37.52428],[-6.0905,37.52549],[-6.09101,37.5269],[-6.09118,37.52969],[-6.09093,37.52991],[-6.09012,37.52822],[-6.08932,37.528],[-6.08915,37.52706],[-6.08856,37.52607],[-6.08849,37.52518],[-6.08898,37.52361],[-6.08839,37.5235],[-6.0872,37.52415],[-6.08686,37.52409],[-6.08797,37.52228],[-6.08975,37.52141],[-6.08903,37.51984],[-6.08791,37.51817],[-6.08662,37.5176],[-6.08617,37.51803],[-6.08516,37.51994],[-6.08538,37.5214],[-6.08473,37.52121],[-6.08427,37.5207],[-6.08359,37.52089],[-6.08319,37.52072],[-6.0831,37.52004],[-6.08407,37.51948],[-6.08476,37.5183],[-6.08474,37.51719],[-6.0844,37.51646],[-6.08492,37.51554],[-6.08493,37.51502],[-6.08436,37.51441],[-6.08387,37.51438],[-6.0825,37.51526],[-6.08199,37.51435],[-6.08289,37.51331],[-6.08297,37.51238],[-6.08208,37.51186],[-6.08115,37.51204],[-6.08003,37.51024],[-6.0785,37.51019],[-6.07711,37.50899],[-6.07211,37.50796],[-6.07048,37.5079],[-6.07026,37.50813],[-6.07053,37.50846],[-6.07392,37.50987],[-6.07398,37.51051],[-6.07144,37.51074],[-6.07116,37.51109],[-6.07138,37.51202],[-6.0709,37.51234],[-6.06898,37.5125],[-6.06753,37.51312],[-6.06582,37.51277],[-6.06332,37.51392],[-6.06301,37.51485],[-6.06236,37.51562],[-6.06309,37.5164],[-6.06383,37.51602],[-6.06468,37.51492],[-6.0661,37.51436],[-6.06661,37.51446],[-6.06722,37.51505],[-6.07009,37.51532],[-6.07302,37.51635],[-6.07337,37.51676],[-6.07335,37.51744],[-6.07268,37.51743],[-6.07186,37.51785],[-6.07006,37.51762],[-6.06977,37.51769],[-6.06972,37.51795],[-6.07098,37.51851],[-6.07177,37.51918],[-6.07469,37.51912],[-6.07545,37.51871],[-6.07592,37.51873],[-6.07603,37.5203],[-6.07755,37.52033],[-6.07803,37.52069],[-6.0772,37.52208],[-6.07581,37.52225],[-6.07561,37.52234],[-6.07566,37.52258],[-6.07733,37.52349],[-6.07901,37.52323],[-6.07908,37.52461],[-6.08168,37.52617],[-6.08065,37.52651],[-6.08044,37.52721],[-6.07835,37.52612],[-6.07611,37.5255],[-6.07423,37.52553],[-6.07275,37.52603],[-6.07198,37.52492],[-6.07115,37.52498],[-6.07098,37.52383],[-6.07067,37.52344],[-6.06891,37.52318],[-6.06824,37.52276],[-6.06619,37.52286],[-6.06789,37.5246],[-6.06785,37.52501],[-6.06737,37.52521],[-6.06571,37.52505],[-6.06364,37.52402],[-6.06355,37.52429],[-6.06415,37.52523],[-6.06557,37.52591],[-6.06923,37.52594],[-6.06936,37.52701],[-6.0688,37.5275],[-6.06886,37.52778],[-6.07087,37.52732],[-6.07223,37.5281],[-6.07493,37.52759],[-6.07695,37.52777],[-6.07774,37.52822],[-6.07815,37.52884],[-6.07799,37.52902],[-6.07601,37.52881],[-6.0757,37.53016],[-6.07596,37.5306],[-6.07769,37.53137],[-6.08164,37.53205],[-6.08223,37.53234],[-6.08178,37.53267],[-6.08014,37.53248],[-6.07918,37.53262],[-6.07891,37.53342],[-6.07857,37.53362],[-6.07665,37.53258],[-6.0746,37.5324],[-6.0743,37.53264],[-6.07373,37.53424],[-6.07122,37.53301],[-6.07062,37.53293],[-6.06995,37.53363],[-6.0707,37.53416],[-6.07076,37.53494],[-6.07277,37.53592],[-6.0737,37.53607],[-6.07474,37.53562],[-6.07592,37.53576],[-6.07685,37.53543],[-6.07774,37.53469],[-6.07805,37.53487],[-6.07872,37.53632],[-6.07984,37.53719],[-6.08031,37.53686],[-6.08061,37.53577],[-6.08181,37.53613],[-6.0833,37.53532],[-6.08332,37.53571],[-6.08246,37.53683],[-6.08261,37.53742],[-6.0839,37.53704],[-6.08518,37.53604],[-6.08581,37.53645],[-6.08571,37.53706],[-6.08589,37.53721],[-6.08731,37.53762],[-6.08776,37.53817],[-6.08899,37.53794],[-6.09031,37.53847],[-6.08784,37.53881],[-6.08603,37.53855],[-6.08505,37.53875],[-6.08526,37.53952],[-6.08443,37.53985],[-6.08461,37.54113],[-6.08543,37.54185],[-6.0866,37.54189],[-6.0869,37.5421],[-6.0854,37.54254],[-6.08522,37.54272],[-6.08571,37.54309],[-6.0856,37.54325],[-6.08432,37.5435],[-6.08415,37.54278],[-6.0833,37.54269],[-6.08281,37.54129],[-6.08205,37.5409],[-6.08129,37.54136],[-6.08155,37.54231],[-6.08144,37.54272],[-6.0791,37.54475],[-6.07785,37.54304],[-6.07704,37.54267],[-6.07653,37.54371],[-6.07671,37.54488],[-6.07563,37.54568],[-6.07548,37.54687],[-6.07369,37.54605],[-6.07257,37.54605],[-6.07255,37.54782],[-6.07321,37.54869],[-6.07353,37.54993],[-6.07461,37.55063],[-6.07495,37.55111],[-6.07234,37.55025],[-6.07106,37.54816],[-6.07024,37.54768],[-6.06823,37.54792],[-6.06829,37.54863],[-6.06798,37.54889],[-6.06559,37.5491],[-6.06394,37.54852],[-6.06345,37.54874],[-6.06293,37.54956],[-6.06141,37.54971],[-6.05971,37.55056],[-6.0595,37.55091],[-6.05985,37.55165],[-6.06042,37.55193],[-6.06191,37.55145],[-6.06285,37.55153],[-6.06295,37.55179],[-6.06216,37.55216],[-6.06205,37.55261],[-6.06232,37.55298],[-6.06336,37.55333],[-6.06298,37.55381],[-6.06033,37.55432],[-6.0591,37.55497],[-6.05727,37.55448],[-6.05625,37.55451],[-6.05508,37.55491],[-6.05446,37.55547],[-6.05466,37.55656],[-6.05379,37.55788],[-6.05438,37.5593],[-6.05408,37.55971],[-6.05289,37.56025],[-6.05248,37.56102],[-6.05262,37.56132],[-6.05363,37.56186],[-6.05213,37.56221],[-6.0514,37.56204],[-6.05113,37.56261],[-6.05126,37.56332],[-6.05254,37.56345],[-6.05217,37.56379],[-6.0522,37.5641],[-6.05343,37.565],[-6.05094,37.56429],[-6.05077,37.56453],[-6.05088,37.56554],[-6.05177,37.56574],[-6.05075,37.56613],[-6.05043,37.56666],[-6.05068,37.56707],[-6.05148,37.56711],[-6.05147,37.56761],[-6.05247,37.56733],[-6.05501,37.56727],[-6.05522,37.56755],[-6.05488,37.56782],[-6.05167,37.56903],[-6.05114,37.56903],[-6.05111,37.56925],[-6.05197,37.57005],[-6.05302,37.57043],[-6.05349,37.57085],[-6.05432,37.57101],[-6.0544,37.57191],[-6.05554,37.57181],[-6.05638,37.57229],[-6.05798,37.57211],[-6.05838,37.5724],[-6.05641,37.57358],[-6.05574,37.57486],[-6.05572,37.57586],[-6.05452,37.57573],[-6.05422,37.57603],[-6.05711,37.57845],[-6.05628,37.57866],[-6.0561,37.57892],[-6.05761,37.58025],[-6.05878,37.58207],[-6.05813,37.58178],[-6.05669,37.58033],[-6.05551,37.5796],[-6.05495,37.57802],[-6.05303,37.57662],[-6.05198,37.57531],[-6.05182,37.57469],[-6.05088,37.57504],[-6.05021,37.57478],[-6.04987,37.57403],[-6.04995,37.57302],[-6.04967,37.57291],[-6.04892,37.57404],[-6.05076,37.57663],[-6.05134,37.57772],[-6.05134,37.57821],[-6.05088,37.57846],[-6.0507,37.57925],[-6.05021,37.57921],[-6.04994,37.57878],[-6.04975,37.57749],[-6.04825,37.57646],[-6.04821,37.5782],[-6.04902,37.57868],[-6.04946,37.57965],[-6.04917,37.58003],[-6.04773,37.58084],[-6.0474,37.58148],[-6.04776,37.5818],[-6.04909,37.5817],[-6.04894,37.58249],[-6.04685,37.583],[-6.04571,37.58547],[-6.04622,37.58613],[-6.04766,37.58632],[-6.0498,37.58589],[-6.05007,37.58632],[-6.04882,37.5871],[-6.04746,37.58731],[-6.04731,37.58759],[-6.04786,37.58801],[-6.04779,37.58824],[-6.04681,37.58794],[-6.04624,37.58852],[-6.04638,37.58999],[-6.04694,37.59134],[-6.04749,37.59192],[-6.04595,37.59202],[-6.04457,37.5941],[-6.04382,37.59802],[-6.04377,37.59983],[-6.04461,37.60146],[-6.04638,37.60326],[-6.04722,37.6039],[-6.04813,37.60407],[-6.04881,37.60454],[-6.04675,37.60455],[-6.04658,37.60474],[-6.04874,37.6075],[-6.04935,37.60879],[-6.04951,37.61042],[-6.04861,37.61185],[-6.04859,37.61315],[-6.05016,37.6166],[-6.05146,37.6184],[-6.05316,37.62246],[-6.05367,37.62494],[-6.05337,37.62681],[-6.05353,37.62851],[-6.05459,37.63169],[-6.05705,37.63432],[-6.05732,37.63713],[-6.05958,37.63709],[-6.06208,37.63655],[-6.063,37.63669],[-6.06387,37.63701],[-6.0664,37.63873],[-6.06789,37.64036],[-6.06951,37.64132],[-6.07046,37.64155],[-6.0722,37.64062],[-6.07331,37.64043],[-6.07348,37.64072],[-6.07303,37.64162],[-6.07122,37.64227],[-6.06897,37.64202],[-6.06758,37.64109],[-6.06495,37.63864],[-6.063,37.6376],[-6.0618,37.63744],[-6.06009,37.63793],[-6.05686,37.63777],[-6.05665,37.63801],[-6.05683,37.63903],[-6.05663,37.63962],[-6.05552,37.64074],[-6.05696,37.64312],[-6.05734,37.64401],[-6.05735,37.64489],[-6.05666,37.64633],[-6.0555,37.64777],[-6.05505,37.64809],[-6.05461,37.64785],[-6.05617,37.6454],[-6.05642,37.64433],[-6.05625,37.64349],[-6.05463,37.64151],[-6.05432,37.64072],[-6.05575,37.63903],[-6.05612,37.63554],[-6.05567,37.63455],[-6.05333,37.63198],[-6.05251,37.62925],[-6.05152,37.62779],[-6.05229,37.62489],[-6.0522,37.62413],[-6.05094,37.62062],[-6.05016,37.61959],[-6.04873,37.61665],[-6.04743,37.61463],[-6.047,37.61228],[-6.04717,37.61154],[-6.04805,37.61026],[-6.04791,37.60913],[-6.04662,37.60709],[-6.04414,37.60429],[-6.04112,37.60206],[-6.04045,37.602],[-6.03958,37.60249],[-6.03961,37.60174],[-6.03911,37.60133],[-6.04134,37.60071],[-6.04167,37.60037],[-6.04215,37.59782],[-6.04196,37.59732],[-6.04132,37.59681],[-6.04111,37.59561],[-6.04256,37.59466],[-6.04298,37.59409],[-6.04321,37.59298],[-6.04302,37.59106],[-6.04324,37.59055],[-6.04406,37.58983],[-6.04413,37.58932],[-6.04377,37.58893],[-6.04233,37.58886],[-6.04221,37.58854],[-6.04258,37.58807],[-6.04222,37.58782],[-6.0417,37.58791],[-6.04041,37.58905],[-6.03908,37.5897],[-6.03789,37.59201],[-6.03717,37.59277],[-6.03719,37.59245],[-6.038,37.59083],[-6.03801,37.58956],[-6.03991,37.5877],[-6.04056,37.58657],[-6.04166,37.58651],[-6.04247,37.58612],[-6.04342,37.58448],[-6.0456,37.5779],[-6.04612,37.57554],[-6.04584,37.57459],[-6.04534,37.57416],[-6.04468,37.574],[-6.04497,37.57351],[-6.04457,37.57273],[-6.04627,37.57281],[-6.04669,37.57159],[-6.04659,37.57028],[-6.04527,37.56912],[-6.04713,37.56936],[-6.04703,37.56841],[-6.04805,37.56702],[-6.04818,37.56549],[-6.04797,37.56543],[-6.04655,37.56698],[-6.04488,37.56817],[-6.04465,37.56821],[-6.04409,37.56731],[-6.0421,37.56795],[-6.04165,37.56903],[-6.0408,37.56972],[-6.04107,37.56801],[-6.04224,37.5668],[-6.04221,37.56598],[-6.04389,37.56612],[-6.04496,37.56671],[-6.0456,37.56643],[-6.04574,37.56603],[-6.04487,37.56561],[-6.04403,37.56458],[-6.04481,37.56457],[-6.04565,37.56515],[-6.04675,37.56515],[-6.04582,37.56421],[-6.0474,37.56386],[-6.04685,37.56267],[-6.04462,37.56326],[-6.04463,37.56283],[-6.04427,37.56245],[-6.04452,37.56175],[-6.04441,37.56132],[-6.04322,37.56128],[-6.04261,37.56169],[-6.04247,37.56081],[-6.04176,37.56071],[-6.04175,37.56047],[-6.04243,37.56015],[-6.04287,37.55954],[-6.04249,37.55902],[-6.04177,37.55886],[-6.04131,37.55894],[-6.04142,37.55974],[-6.03935,37.56013],[-6.03894,37.5614],[-6.03793,37.55987],[-6.0373,37.55979],[-6.03712,37.56008],[-6.03722,37.56059],[-6.037,37.5607],[-6.03618,37.56046],[-6.0359,37.55955],[-6.03562,37.55949],[-6.03492,37.56045],[-6.03431,37.56244],[-6.0333,37.56315],[-6.033,37.56296],[-6.03207,37.56358],[-6.0324,37.5606],[-6.03159,37.55851],[-6.03102,37.55803],[-6.02958,37.55826],[-6.02738,37.55805],[-6.02344,37.55825],[-6.02125,37.55857],[-6.01875,37.55955],[-6.01718,37.55924],[-6.01663,37.55813],[-6.0155,37.55685],[-6.01466,37.55467],[-6.01374,37.55315],[-6.01227,37.55215],[-6.01056,37.55159],[-6.0088,37.55164],[-6.00787,37.55219],[-6.00729,37.55316],[-6.00712,37.55421],[-6.00626,37.55566],[-6.00594,37.55571],[-6.00498,37.55465],[-6.0058,37.55167],[-6.00697,37.55009],[-6.00679,37.54966],[-6.00634,37.54933],[-6.00355,37.54851],[-6.0003,37.55013],[-6.00019,37.54943],[-6.00108,37.54788],[-6.00097,37.54709],[-6.00038,37.5463],[-5.99819,37.54472],[-5.99794,37.54381],[-5.99735,37.54296],[-5.99721,37.54217],[-5.99688,37.54195],[-5.99565,37.54268],[-5.99497,37.54365],[-5.99292,37.54521],[-5.99283,37.54562],[-5.99358,37.5465],[-5.99362,37.54722],[-5.99251,37.55054],[-5.99143,37.55151],[-5.9912,37.55207],[-5.99137,37.55403],[-5.99109,37.55511],[-5.99134,37.55617],[-5.99104,37.55789],[-5.9912,37.55915],[-5.99095,37.56207],[-5.99172,37.5636],[-5.99328,37.56452],[-5.99224,37.56675],[-5.99287,37.56798],[-5.99334,37.56995],[-5.99159,37.57273],[-5.99159,37.57522],[-5.99132,37.57481],[-5.99122,37.57352],[-5.99169,37.57064],[-5.99136,37.56916],[-5.99053,37.56873],[-5.99007,37.56796],[-5.98792,37.56649],[-5.98609,37.56578],[-5.98555,37.56529],[-5.98445,37.56274],[-5.98351,37.56207],[-5.982,37.55894],[-5.97962,37.55655],[-5.97667,37.55529],[-5.97451,37.55252],[-5.97366,37.55266],[-5.97324,37.55299],[-5.97287,37.55396],[-5.97262,37.55585],[-5.97223,37.55629],[-5.96911,37.5545],[-5.9674,37.5544],[-5.96471,37.5578],[-5.96392,37.5579],[-5.96287,37.55659],[-5.96177,37.55746],[-5.96168,37.55854],[-5.96192,37.55936],[-5.96248,37.56008],[-5.96485,37.56185],[-5.96574,37.56207],[-5.96724,37.56167],[-5.96813,37.56177],[-5.96889,37.56512],[-5.96861,37.56537],[-5.96699,37.56484],[-5.9665,37.5651],[-5.96656,37.5656],[-5.96819,37.567],[-5.97077,37.56734],[-5.97125,37.56896],[-5.97234,37.57049],[-5.9751,37.57096],[-5.97426,37.57184],[-5.97374,37.57289],[-5.97144,37.57127],[-5.97043,37.57119],[-5.96984,37.57174],[-5.96885,37.57442],[-5.96987,37.57624],[-5.96969,37.57834],[-5.96993,37.57942],[-5.96904,37.57914],[-5.96814,37.57777],[-5.96828,37.57618],[-5.96786,37.57526],[-5.96636,37.57454],[-5.96415,37.5725],[-5.96357,37.57251],[-5.96316,37.57278],[-5.96286,37.57402],[-5.96147,37.57309],[-5.96109,37.57239],[-5.96132,37.57134],[-5.96183,37.57046],[-5.96154,37.5697],[-5.95769,37.56782],[-5.95735,37.56819],[-5.95737,37.56866],[-5.95785,37.57046],[-5.95884,37.5717],[-5.9588,37.57276],[-5.95831,37.57311],[-5.95706,37.57308],[-5.95574,37.57228],[-5.95529,37.57353],[-5.9559,37.57398],[-5.9576,37.5743],[-5.95802,37.57562],[-5.95952,37.57662],[-5.95782,37.57756],[-5.95587,37.57706],[-5.95375,37.57743],[-5.95393,37.5802],[-5.95364,37.58339],[-5.95419,37.58457],[-5.95416,37.58511],[-5.95273,37.58642],[-5.95218,37.58598],[-5.95178,37.5844],[-5.95073,37.58408],[-5.94971,37.5841],[-5.94825,37.58483],[-5.94621,37.58525],[-5.94546,37.58492],[-5.94627,37.58278],[-5.94608,37.58235],[-5.94505,37.58216],[-5.94366,37.58279],[-5.94134,37.58317],[-5.93986,37.5827],[-5.93939,37.58174],[-5.93966,37.58131],[-5.94122,37.58098],[-5.94196,37.58046],[-5.94198,37.57975],[-5.9415,37.5785],[-5.94184,37.57771],[-5.94247,37.57708],[-5.94308,37.57731],[-5.94381,37.57883],[-5.9443,37.57902],[-5.94486,37.57885],[-5.945,37.57806],[-5.94453,37.57698],[-5.94491,37.57684],[-5.94619,37.57711],[-5.94675,37.57675],[-5.94617,37.57504],[-5.9458,37.57473],[-5.94445,37.57582],[-5.94395,37.5758],[-5.94279,37.57473],[-5.94174,37.57415],[-5.94194,37.57317],[-5.94166,37.57277],[-5.93951,37.57236],[-5.93867,37.57184],[-5.93912,37.57299],[-5.94168,37.57575],[-5.94192,37.57643],[-5.94151,37.57675],[-5.94029,37.57691],[-5.94072,37.57843],[-5.93948,37.57892],[-5.93912,37.58057],[-5.93777,37.58074],[-5.93705,37.58139],[-5.93721,37.58176],[-5.93844,37.58257],[-5.93837,37.58468],[-5.93896,37.58679],[-5.93697,37.58724],[-5.93508,37.58677],[-5.93459,37.5871],[-5.93443,37.58758],[-5.93498,37.58817],[-5.9375,37.5888],[-5.93877,37.58939],[-5.93922,37.59021],[-5.93986,37.59071],[-5.93846,37.59158],[-5.93706,37.5912],[-5.93682,37.59158],[-5.93682,37.59269],[-5.93535,37.59219],[-5.93442,37.5928],[-5.93362,37.59216],[-5.93292,37.59226],[-5.93283,37.5935],[-5.93236,37.59441],[-5.93272,37.59495],[-5.93275,37.59565],[-5.9333,37.59649],[-5.93297,37.59769],[-5.9334,37.59918],[-5.93344,37.60045],[-5.93148,37.5968],[-5.9296,37.59557],[-5.92806,37.59561],[-5.9274,37.59629],[-5.92783,37.59818],[-5.92684,37.59985],[-5.92754,37.6009],[-5.92734,37.60148],[-5.92708,37.60157],[-5.9271,37.6008],[-5.92562,37.60025],[-5.92595,37.59845],[-5.92455,37.5965],[-5.92399,37.59365],[-5.92316,37.59259],[-5.92256,37.59324],[-5.92286,37.59395],[-5.92276,37.5947],[-5.92156,37.59444],[-5.91995,37.59489],[-5.91981,37.59514],[-5.92044,37.59658],[-5.91924,37.59729],[-5.9195,37.59796],[-5.91846,37.59829],[-5.91684,37.59952],[-5.91668,37.59933],[-5.9178,37.59739],[-5.91742,37.59587],[-5.91705,37.59547],[-5.91668,37.5955],[-5.91491,37.59666],[-5.91471,37.59641],[-5.91498,37.59557],[-5.91482,37.59513],[-5.91404,37.59428],[-5.91294,37.59403],[-5.91341,37.59381],[-5.91732,37.59385],[-5.91823,37.59364],[-5.91875,37.59325],[-5.91885,37.59303],[-5.91814,37.59231],[-5.91787,37.59146],[-5.91825,37.59123],[-5.9196,37.59159],[-5.92081,37.5903],[-5.92105,37.58919],[-5.92188,37.5888],[-5.92302,37.58892],[-5.92451,37.58673],[-5.9244,37.58567],[-5.92306,37.58421],[-5.92232,37.58439],[-5.92186,37.58494],[-5.92175,37.5865],[-5.92152,37.58686],[-5.91899,37.58816],[-5.91674,37.58988],[-5.91614,37.59002],[-5.91551,37.58977],[-5.91617,37.58794],[-5.91563,37.58651],[-5.91686,37.58628],[-5.91716,37.58571],[-5.91789,37.58523],[-5.91799,37.5848],[-5.91716,37.5843],[-5.91488,37.58492],[-5.91319,37.58426],[-5.91273,37.58432],[-5.91237,37.58498],[-5.91241,37.58545],[-5.91426,37.58596],[-5.91466,37.58634],[-5.91479,37.58716],[-5.91352,37.5883],[-5.91208,37.58865],[-5.9116,37.5898],[-5.91245,37.58991],[-5.91283,37.59018],[-5.91287,37.59072],[-5.91247,37.59138],[-5.91141,37.59186],[-5.91013,37.59139],[-5.90911,37.59221],[-5.90845,37.59319],[-5.90802,37.59309],[-5.90799,37.59175],[-5.90771,37.59097],[-5.90731,37.59083],[-5.90615,37.59136],[-5.90493,37.59067],[-5.90616,37.5901],[-5.9061,37.58983],[-5.90528,37.5894],[-5.90524,37.58913],[-5.90753,37.58898],[-5.90801,37.58833],[-5.90783,37.58796],[-5.90569,37.58801],[-5.90541,37.58777],[-5.9051,37.58666],[-5.90468,37.58653],[-5.90348,37.58789],[-5.90188,37.58819],[-5.90366,37.58525],[-5.90371,37.58479],[-5.90341,37.58446],[-5.90277,37.5848],[-5.90199,37.58576],[-5.90055,37.58641],[-5.89951,37.58642],[-5.89926,37.588],[-5.89832,37.58895],[-5.89774,37.58902],[-5.89595,37.58832],[-5.89513,37.58845],[-5.89503,37.59017],[-5.8955,37.59033],[-5.89671,37.59004],[-5.89705,37.59023],[-5.89713,37.59097],[-5.89841,37.59103],[-5.89829,37.59214],[-5.89858,37.59245],[-5.90003,37.59201],[-5.90077,37.59229],[-5.9015,37.59329],[-5.90171,37.59316],[-5.90178,37.59223],[-5.90265,37.59237],[-5.90328,37.59206],[-5.90348,37.59315],[-5.90384,37.59349],[-5.90679,37.59372],[-5.90725,37.59428],[-5.90892,37.59496],[-5.91003,37.59474],[-5.91019,37.59516],[-5.90971,37.59666],[-5.91015,37.59849],[-5.90987,37.59887],[-5.90891,37.59883],[-5.90571,37.59753],[-5.90514,37.59755],[-5.90503,37.59778],[-5.90666,37.59984],[-5.90734,37.60132],[-5.90904,37.60139],[-5.90825,37.60235],[-5.90812,37.60307],[-5.90959,37.60497],[-5.90967,37.60542],[-5.90866,37.60694],[-5.90795,37.60704],[-5.90696,37.60473],[-5.90586,37.60418],[-5.90495,37.60436],[-5.90432,37.60285],[-5.90313,37.6018],[-5.89968,37.6009],[-5.89931,37.60176],[-5.89982,37.60296],[-5.89876,37.60321],[-5.89821,37.60502],[-5.89785,37.60572],[-5.89753,37.60584],[-5.8964,37.6043],[-5.8968,37.60347],[-5.89614,37.60097],[-5.89664,37.59988],[-5.89621,37.59912],[-5.89626,37.5982],[-5.89558,37.59779],[-5.89445,37.59798],[-5.89446,37.59841],[-5.89556,37.60001],[-5.89563,37.60074],[-5.89501,37.60144],[-5.89335,37.60076],[-5.893,37.60093],[-5.89334,37.60224],[-5.89223,37.60382],[-5.89361,37.6041],[-5.89398,37.60438],[-5.89358,37.60596],[-5.89375,37.6072],[-5.89497,37.60764],[-5.89792,37.60971],[-5.8991,37.61005],[-5.89771,37.61052],[-5.89652,37.61033],[-5.89591,37.61051],[-5.8953,37.61109],[-5.89522,37.61229],[-5.89415,37.61211],[-5.89317,37.61138],[-5.89285,37.61147],[-5.89313,37.6128],[-5.89369,37.61391],[-5.89476,37.61507],[-5.89451,37.61579],[-5.89233,37.61376],[-5.88955,37.6128],[-5.8892,37.61293],[-5.88718,37.61645],[-5.88771,37.6173],[-5.88887,37.61802],[-5.8885,37.61877],[-5.8889,37.61933],[-5.88811,37.61999],[-5.88797,37.62071],[-5.89003,37.62173],[-5.88948,37.62206],[-5.88793,37.62205],[-5.8876,37.62238],[-5.88753,37.6234],[-5.88623,37.62725],[-5.88593,37.62679],[-5.88643,37.62459],[-5.88622,37.62375],[-5.8864,37.62283],[-5.88621,37.62232],[-5.88506,37.62147],[-5.88495,37.62088],[-5.88463,37.62059],[-5.88489,37.61983],[-5.88484,37.61884],[-5.88347,37.61803],[-5.88232,37.61919],[-5.88214,37.61923],[-5.882,37.61867],[-5.88234,37.61806],[-5.88416,37.6166],[-5.8842,37.61546],[-5.88348,37.6126],[-5.88182,37.61255],[-5.87915,37.61335],[-5.87721,37.61445],[-5.87817,37.61341],[-5.87834,37.61273],[-5.88005,37.61218],[-5.88071,37.61135],[-5.88043,37.60916],[-5.87949,37.60898],[-5.87934,37.60811],[-5.8806,37.60732],[-5.88072,37.60688],[-5.88052,37.60633],[-5.87982,37.60584],[-5.87879,37.60605],[-5.87745,37.60763],[-5.87618,37.60819],[-5.87557,37.60912],[-5.87577,37.60991],[-5.87493,37.60965],[-5.87332,37.61096],[-5.87284,37.61099],[-5.874,37.60896],[-5.87363,37.60802],[-5.87437,37.60763],[-5.87487,37.60674],[-5.8745,37.6058],[-5.87626,37.6059],[-5.87696,37.60527],[-5.8767,37.60449],[-5.87497,37.60259],[-5.87422,37.60222],[-5.87238,37.60267],[-5.871,37.60378],[-5.86943,37.60757],[-5.8684,37.6081],[-5.86837,37.60907],[-5.86744,37.60971],[-5.86706,37.6106],[-5.86667,37.61092],[-5.86641,37.61086],[-5.86642,37.6101],[-5.86711,37.60794],[-5.86678,37.6077],[-5.8659,37.60776],[-5.86579,37.60749],[-5.86608,37.60705],[-5.86725,37.6068],[-5.86693,37.60585],[-5.86805,37.60537],[-5.86822,37.60486],[-5.86788,37.60417],[-5.86389,37.60541],[-5.86319,37.60597],[-5.86308,37.60677],[-5.86155,37.60533],[-5.86094,37.60529],[-5.85853,37.6059],[-5.85892,37.60626],[-5.86103,37.60687],[-5.86096,37.60755],[-5.85973,37.60798],[-5.85952,37.60845],[-5.86077,37.60907],[-5.86167,37.60898],[-5.86143,37.61002],[-5.86262,37.61002],[-5.86311,37.61123],[-5.86294,37.6115],[-5.86183,37.61141],[-5.85891,37.61048],[-5.85697,37.61017],[-5.85685,37.61081],[-5.85794,37.6121],[-5.85963,37.61254],[-5.86099,37.61337],[-5.86042,37.61383],[-5.85709,37.61315],[-5.8564,37.61336],[-5.85587,37.61256],[-5.85423,37.61204],[-5.85375,37.61121],[-5.85331,37.61092],[-5.85315,37.6112],[-5.85422,37.6124],[-5.85476,37.61368],[-5.85473,37.61484],[-5.85414,37.61593],[-5.85294,37.6153],[-5.85186,37.61648],[-5.85136,37.61671],[-5.8501,37.61618],[-5.84944,37.61455],[-5.84639,37.61396],[-5.84592,37.61406],[-5.84668,37.61503],[-5.84678,37.61549],[-5.84651,37.61576],[-5.84539,37.61582],[-5.84533,37.61634],[-5.84639,37.6176],[-5.8476,37.61836],[-5.84703,37.61865],[-5.84702,37.61904],[-5.84882,37.62092],[-5.8474,37.62028],[-5.84647,37.61907],[-5.84569,37.61863],[-5.84513,37.61876],[-5.84497,37.6196],[-5.84354,37.61818],[-5.84317,37.61826],[-5.84316,37.61944],[-5.84295,37.61983],[-5.84236,37.61933],[-5.8418,37.61921],[-5.84011,37.61997],[-5.83998,37.62041],[-5.84035,37.62113],[-5.8398,37.62142],[-5.83973,37.62175],[-5.84148,37.62435],[-5.84219,37.62645],[-5.84326,37.62699],[-5.84523,37.62729],[-5.84575,37.62755],[-5.84586,37.62815],[-5.84656,37.62835],[-5.84906,37.62782],[-5.84942,37.62805],[-5.84731,37.62925],[-5.8472,37.62947],[-5.84785,37.62974],[-5.84784,37.62999],[-5.8458,37.6304],[-5.84381,37.63023],[-5.84381,37.63095],[-5.84291,37.63068],[-5.84224,37.63106],[-5.84251,37.63189],[-5.84159,37.63167],[-5.84136,37.63182],[-5.84154,37.63258],[-5.843,37.63259],[-5.84322,37.63281],[-5.8428,37.63397],[-5.8421,37.63432],[-5.84162,37.63413],[-5.84131,37.63493],[-5.84159,37.63661],[-5.84243,37.63697],[-5.84231,37.63778],[-5.84277,37.63832],[-5.84317,37.63941],[-5.84264,37.6399],[-5.84226,37.64079],[-5.84113,37.64094],[-5.84097,37.64118],[-5.84165,37.64164],[-5.84317,37.64189],[-5.84223,37.64259],[-5.84206,37.64306],[-5.84219,37.64351],[-5.84367,37.64429],[-5.84487,37.6444],[-5.84509,37.64461],[-5.84429,37.64489],[-5.84252,37.64436],[-5.84192,37.6444],[-5.84189,37.64465],[-5.84281,37.64559],[-5.84297,37.6461],[-5.84265,37.64679],[-5.84095,37.64786],[-5.84115,37.64855],[-5.84176,37.6493],[-5.84066,37.64912],[-5.83876,37.6495],[-5.83816,37.6498],[-5.83781,37.6503],[-5.83722,37.65221],[-5.83804,37.65355],[-5.83785,37.65468],[-5.83849,37.65609],[-5.83844,37.65751],[-5.83952,37.65878],[-5.83803,37.65895],[-5.83666,37.65851],[-5.83598,37.65876],[-5.83495,37.65858],[-5.83481,37.65907],[-5.83614,37.6595],[-5.83621,37.65973],[-5.83451,37.66004],[-5.83355,37.65949],[-5.83281,37.65987],[-5.83306,37.66072],[-5.83456,37.66195],[-5.8366,37.66218],[-5.83572,37.66275],[-5.83558,37.66314],[-5.83733,37.66375],[-5.83678,37.66393],[-5.8357,37.66374],[-5.83561,37.66426],[-5.8346,37.6642],[-5.83448,37.66442],[-5.83478,37.66469],[-5.83385,37.66466],[-5.83356,37.66529],[-5.83239,37.66487],[-5.83218,37.66515],[-5.83243,37.66557],[-5.83347,37.66594],[-5.83371,37.66629],[-5.83245,37.6669],[-5.83135,37.6668],[-5.83048,37.66704],[-5.8306,37.66766],[-5.83178,37.6696],[-5.83264,37.6704],[-5.83376,37.67085],[-5.8329,37.67129],[-5.8316,37.67142],[-5.83149,37.67184],[-5.83291,37.67284],[-5.83442,37.67326],[-5.83483,37.6739],[-5.83442,37.67446],[-5.83173,37.67439],[-5.83106,37.67482],[-5.831,37.6752],[-5.83152,37.67611],[-5.83034,37.6767],[-5.83068,37.67891],[-5.82986,37.67958],[-5.8299,37.67974],[-5.83086,37.6796],[-5.8311,37.68048],[-5.83248,37.68083],[-5.83057,37.68123],[-5.83039,37.68148],[-5.83124,37.6816],[-5.83131,37.68227],[-5.83182,37.68257],[-5.83279,37.68235],[-5.83363,37.68249],[-5.83546,37.68166],[-5.8375,37.68122],[-5.83785,37.68049],[-5.83919,37.68048],[-5.83968,37.68077],[-5.83971,37.68175],[-5.83945,37.68229],[-5.84073,37.68273],[-5.84339,37.68583],[-5.84323,37.68709],[-5.84345,37.68749],[-5.84656,37.68684],[-5.84592,37.68762],[-5.84453,37.68828],[-5.84476,37.68914],[-5.84533,37.68922],[-5.84816,37.6884],[-5.84775,37.6891],[-5.84628,37.68958],[-5.84629,37.68982],[-5.84752,37.69061],[-5.84883,37.69089],[-5.85005,37.69087],[-5.85078,37.69058],[-5.85295,37.69092],[-5.85383,37.69057],[-5.85368,37.69217],[-5.85437,37.69249],[-5.85757,37.69221],[-5.85763,37.69249],[-5.85668,37.6932],[-5.85659,37.69362],[-5.85846,37.69474],[-5.86088,37.69532],[-5.86233,37.69619],[-5.86397,37.69924],[-5.86479,37.69968],[-5.86474,37.70048],[-5.86527,37.70126],[-5.86514,37.70245],[-5.86615,37.70385],[-5.8675,37.70496],[-5.8687,37.70513],[-5.86895,37.70544],[-5.87065,37.70533],[-5.87062,37.70569],[-5.86964,37.7064],[-5.86966,37.70676],[-5.87097,37.70744],[-5.87244,37.70762],[-5.87319,37.70821],[-5.87351,37.70881],[-5.87631,37.71023],[-5.87719,37.71168],[-5.88002,37.71458],[-5.8834,37.71588],[-5.88383,37.71684],[-5.88516,37.71851],[-5.88546,37.72054],[-5.88395,37.72183],[-5.88331,37.72274],[-5.88033,37.72464],[-5.87856,37.72615],[-5.87817,37.72655],[-5.87775,37.72794],[-5.87751,37.72782],[-5.87744,37.7271],[-5.87784,37.72539],[-5.87837,37.72453],[-5.87964,37.7237],[-5.88218,37.72286],[-5.88371,37.72095],[-5.88393,37.71994],[-5.88365,37.71831],[-5.88218,37.71642],[-5.87833,37.71507],[-5.87757,37.71386],[-5.87464,37.71213],[-5.87332,37.7122],[-5.8716,37.71316],[-5.87075,37.71327],[-5.87051,37.71289],[-5.87094,37.71213],[-5.87213,37.71156],[-5.87109,37.70935],[-5.87038,37.70939],[-5.86913,37.71081],[-5.86793,37.71058],[-5.86698,37.71075],[-5.86621,37.70972],[-5.86506,37.70925],[-5.86368,37.70818],[-5.86209,37.70845],[-5.86123,37.70812],[-5.86078,37.70746],[-5.86052,37.70619],[-5.85979,37.70521],[-5.85674,37.7066],[-5.85619,37.70748],[-5.85604,37.70946],[-5.85515,37.71111],[-5.85418,37.712],[-5.85345,37.71191],[-5.85523,37.70824],[-5.85502,37.70719],[-5.85417,37.70643],[-5.85554,37.70602],[-5.85693,37.70499],[-5.85748,37.70355],[-5.8573,37.70195],[-5.85797,37.70085],[-5.85833,37.70051],[-5.85945,37.70044],[-5.86018,37.69989],[-5.85964,37.69922],[-5.85874,37.69886],[-5.85905,37.69857],[-5.86053,37.69874],[-5.86117,37.69808],[-5.8613,37.69707],[-5.8606,37.69639],[-5.85979,37.69597],[-5.85518,37.69542],[-5.85493,37.69564],[-5.85502,37.69627],[-5.85359,37.69601],[-5.85337,37.69637],[-5.85339,37.6971],[-5.85194,37.6975],[-5.85117,37.69859],[-5.84913,37.70007],[-5.84916,37.6997],[-5.85118,37.6972],[-5.85098,37.69656],[-5.84979,37.69576],[-5.84681,37.69507],[-5.84495,37.694],[-5.84371,37.69362],[-5.84329,37.69447],[-5.84325,37.69558],[-5.8438,37.69609],[-5.84359,37.69673],[-5.84403,37.69755],[-5.84394,37.69846],[-5.8428,37.69914],[-5.84273,37.69994],[-5.84231,37.69968],[-5.84227,37.69776],[-5.84176,37.69636],[-5.84139,37.69599],[-5.84106,37.69642],[-5.83995,37.69656],[-5.84004,37.69705],[-5.8407,37.69796],[-5.83985,37.69808],[-5.83979,37.69845],[-5.84103,37.70085],[-5.84043,37.70284],[-5.84159,37.70438],[-5.84151,37.70573],[-5.84255,37.70656],[-5.8418,37.70683],[-5.84125,37.70659],[-5.84106,37.70706],[-5.84073,37.70718],[-5.83987,37.7068],[-5.83996,37.70506],[-5.83852,37.70367],[-5.83805,37.70273],[-5.83752,37.69929],[-5.83525,37.69996],[-5.83456,37.70069],[-5.83313,37.70125],[-5.83435,37.69973],[-5.8357,37.69898],[-5.83616,37.69774],[-5.83469,37.69638],[-5.83527,37.69522],[-5.83349,37.69315],[-5.8326,37.69335],[-5.83192,37.69279],[-5.83106,37.69278],[-5.83128,37.6933],[-5.83253,37.69448],[-5.83232,37.69479],[-5.83175,37.69478],[-5.83051,37.69405],[-5.82992,37.69398],[-5.82993,37.6928],[-5.82934,37.69218],[-5.82885,37.69217],[-5.82799,37.69342],[-5.82795,37.69491],[-5.82769,37.69534],[-5.82743,37.69497],[-5.8269,37.69258],[-5.82652,37.6923],[-5.8241,37.69456],[-5.82407,37.69417],[-5.82488,37.69273],[-5.82572,37.69204],[-5.82575,37.69143],[-5.82708,37.69129],[-5.82716,37.6911],[-5.82646,37.69061],[-5.82608,37.68999],[-5.82554,37.68979],[-5.82491,37.6898],[-5.8241,37.69066],[-5.82292,37.69046],[-5.82268,37.68995],[-5.82333,37.68927],[-5.82266,37.68845],[-5.82192,37.6894],[-5.82113,37.68995],[-5.82097,37.68967],[-5.82179,37.6874],[-5.82161,37.68708],[-5.82077,37.68717],[-5.82083,37.6869],[-5.82171,37.68627],[-5.82097,37.68568],[-5.82057,37.68576],[-5.82,37.68642],[-5.81911,37.68508],[-5.8182,37.68616],[-5.81791,37.68617],[-5.81775,37.6857],[-5.8182,37.68463],[-5.81718,37.68313],[-5.81623,37.68269],[-5.81802,37.68097],[-5.8179,37.6799],[-5.81641,37.67951],[-5.81735,37.6791],[-5.81789,37.67849],[-5.81749,37.67785],[-5.81569,37.67754],[-5.81625,37.67729],[-5.81679,37.67666],[-5.81643,37.67588],[-5.8163,37.67436],[-5.81641,37.67389],[-5.81703,37.6737],[-5.81679,37.67349],[-5.81535,37.67342],[-5.8157,37.67282],[-5.81708,37.67289],[-5.8175,37.67264],[-5.81769,37.67206],[-5.81759,37.67019],[-5.81852,37.66975],[-5.81837,37.66955],[-5.81691,37.66952],[-5.81664,37.66924],[-5.81755,37.66854],[-5.81744,37.66805],[-5.81651,37.66721],[-5.81704,37.66691],[-5.81723,37.66602],[-5.81771,37.66548],[-5.81662,37.6656],[-5.81726,37.66491],[-5.81724,37.66462],[-5.81615,37.66483],[-5.81393,37.6642],[-5.81563,37.6639],[-5.81609,37.6635],[-5.81615,37.66311],[-5.81513,37.66223],[-5.81362,37.6621],[-5.81199,37.66255],[-5.81129,37.66251],[-5.81347,37.66103],[-5.81275,37.65968],[-5.81189,37.65898],[-5.81177,37.65839],[-5.81543,37.66103],[-5.81603,37.6611],[-5.81637,37.66055],[-5.81681,37.66052],[-5.81822,37.66137],[-5.81884,37.66204],[-5.81901,37.66022],[-5.81978,37.65875],[-5.82041,37.65525],[-5.81999,37.65332],[-5.82028,37.65265],[-5.82017,37.65153],[-5.81959,37.65141],[-5.81914,37.65214],[-5.81773,37.65237],[-5.81729,37.65297],[-5.8168,37.65223],[-5.81547,37.65217],[-5.81538,37.65183],[-5.81745,37.65142],[-5.8183,37.65018],[-5.81819,37.64959],[-5.81736,37.64944],[-5.81653,37.64895],[-5.81937,37.6491],[-5.81922,37.64831],[-5.81834,37.64806],[-5.81748,37.64726],[-5.81865,37.64776],[-5.82018,37.64769],[-5.82039,37.64712],[-5.81981,37.64637],[-5.82064,37.64595],[-5.82083,37.64662],[-5.82291,37.64675],[-5.82251,37.64756],[-5.82291,37.64813],[-5.82406,37.64694],[-5.82456,37.64789],[-5.82526,37.64803],[-5.82559,37.64779],[-5.82554,37.64737],[-5.82464,37.64673],[-5.82451,37.64623],[-5.82355,37.64549],[-5.82502,37.64536],[-5.82524,37.6451],[-5.82499,37.6446],[-5.82559,37.64461],[-5.82725,37.64392],[-5.82766,37.64324],[-5.8266,37.64274],[-5.82764,37.64174],[-5.82797,37.64176],[-5.82908,37.64326],[-5.82986,37.64244],[-5.83026,37.64245],[-5.83051,37.64344],[-5.83094,37.64393],[-5.8316,37.64258],[-5.83186,37.64244],[-5.83222,37.6429],[-5.83247,37.642],[-5.83228,37.64094],[-5.83156,37.64097],[-5.83131,37.64061],[-5.83192,37.63915],[-5.83188,37.63865],[-5.83091,37.63807],[-5.83044,37.63834],[-5.83063,37.63903],[-5.83037,37.63998],[-5.82922,37.64008],[-5.8285,37.6411],[-5.82789,37.64046],[-5.82712,37.64075],[-5.82473,37.64237],[-5.82362,37.6435],[-5.82313,37.64355],[-5.82321,37.64301],[-5.8226,37.64299],[-5.82166,37.64243],[-5.82155,37.64182],[-5.82095,37.64108],[-5.82228,37.64114],[-5.82363,37.64215],[-5.8238,37.6417],[-5.82342,37.64016],[-5.82418,37.63986],[-5.82334,37.63919],[-5.82352,37.639],[-5.82499,37.63918],[-5.82484,37.63884],[-5.82399,37.63854],[-5.82386,37.63823],[-5.82512,37.63743],[-5.82528,37.63692],[-5.82474,37.63644],[-5.82416,37.63708],[-5.82348,37.63711],[-5.82316,37.63589],[-5.82273,37.63555],[-5.82165,37.63686],[-5.82166,37.63858],[-5.82133,37.639],[-5.82088,37.63912],[-5.81942,37.6372],[-5.81884,37.63574],[-5.81918,37.63535],[-5.8208,37.63525],[-5.82083,37.63476],[-5.82206,37.63457],[-5.82217,37.63421],[-5.82162,37.63369],[-5.82227,37.63325],[-5.82259,37.63247],[-5.82225,37.63115],[-5.82246,37.63074],[-5.82387,37.63016],[-5.82448,37.63014],[-5.82511,37.63134],[-5.8252,37.62974],[-5.82592,37.62905],[-5.8259,37.62869],[-5.82395,37.62751],[-5.82275,37.62815],[-5.82264,37.62736],[-5.82224,37.62694],[-5.82326,37.62671],[-5.8238,37.62581],[-5.82499,37.62495],[-5.82641,37.62484],[-5.82664,37.62426],[-5.82644,37.62371],[-5.82599,37.62346],[-5.82348,37.62416],[-5.82194,37.62427],[-5.82193,37.62406],[-5.82409,37.62261],[-5.82581,37.62185],[-5.82597,37.62129],[-5.82167,37.61921],[-5.81993,37.61941],[-5.8171,37.61839],[-5.81787,37.61743],[-5.81887,37.61758],[-5.81933,37.61738],[-5.81948,37.61699],[-5.81942,37.61676],[-5.81753,37.61589],[-5.81574,37.61598],[-5.81404,37.61488],[-5.81402,37.61464],[-5.81452,37.61427],[-5.81646,37.61365],[-5.81653,37.61299],[-5.81594,37.61235],[-5.81175,37.61337],[-5.81034,37.61406],[-5.80963,37.61345],[-5.80905,37.61353],[-5.80815,37.6141],[-5.80776,37.61486],[-5.807,37.61428],[-5.80558,37.61468],[-5.80497,37.61426],[-5.80325,37.61519],[-5.80233,37.61466],[-5.80182,37.61584],[-5.80013,37.6158],[-5.80144,37.61757],[-5.80088,37.61851],[-5.8038,37.61927],[-5.80211,37.61966],[-5.80197,37.61994],[-5.80233,37.62032],[-5.80421,37.62115],[-5.80435,37.62146],[-5.8024,37.62139],[-5.80066,37.62091],[-5.80128,37.62264],[-5.80181,37.62335],[-5.80271,37.62395],[-5.8023,37.62448],[-5.8004,37.62452],[-5.7996,37.62553],[-5.79842,37.62421],[-5.79753,37.62395],[-5.79652,37.62442],[-5.79579,37.62426],[-5.79577,37.62507],[-5.79612,37.62575],[-5.79797,37.62608],[-5.79825,37.62656],[-5.7975,37.62666],[-5.79706,37.62729],[-5.79537,37.62706],[-5.79518,37.6273],[-5.79578,37.62818],[-5.79557,37.6284],[-5.79449,37.62797],[-5.79389,37.62669],[-5.79341,37.62673],[-5.79265,37.62752],[-5.79262,37.62791],[-5.79319,37.62845],[-5.7931,37.62991],[-5.79275,37.63091],[-5.79564,37.63151],[-5.79302,37.63171],[-5.79369,37.63302],[-5.79578,37.63489],[-5.79498,37.63476],[-5.79409,37.63399],[-5.79355,37.6341],[-5.7924,37.63538],[-5.7923,37.6366],[-5.7925,37.63768],[-5.79297,37.63841],[-5.79447,37.63926],[-5.79545,37.63937],[-5.79677,37.64051],[-5.79664,37.64067],[-5.79431,37.64009],[-5.79403,37.64026],[-5.79375,37.64448],[-5.79408,37.64513],[-5.79328,37.64702],[-5.79318,37.64782],[-5.79439,37.65095],[-5.79417,37.65316],[-5.79545,37.65428],[-5.79671,37.65618],[-5.79514,37.65751],[-5.79473,37.6584],[-5.7933,37.65984],[-5.79298,37.66102],[-5.79242,37.66197],[-5.7924,37.66276],[-5.79206,37.66246],[-5.79199,37.66192],[-5.79266,37.65952],[-5.79358,37.6588],[-5.79418,37.65752],[-5.79506,37.65662],[-5.79538,37.65592],[-5.79425,37.65417],[-5.79384,37.65419],[-5.79258,37.65492],[-5.79226,37.65485],[-5.79322,37.65402],[-5.79343,37.65355],[-5.79284,37.65131],[-5.79141,37.65081],[-5.79214,37.64979],[-5.79182,37.64915],[-5.79145,37.64648],[-5.79177,37.64573],[-5.79163,37.64487],[-5.7918,37.64347],[-5.79222,37.6428],[-5.79165,37.64166],[-5.79168,37.63997],[-5.7912,37.63924],[-5.79087,37.63913],[-5.79029,37.64035],[-5.78939,37.64129],[-5.78888,37.64256],[-5.78891,37.64016],[-5.78834,37.63928],[-5.7884,37.63902],[-5.78965,37.6389],[-5.79046,37.63802],[-5.79058,37.63749],[-5.79047,37.63726],[-5.79006,37.63723],[-5.78788,37.63776],[-5.78735,37.63742],[-5.7906,37.63625],[-5.79058,37.63591],[-5.78986,37.63566],[-5.7899,37.63523],[-5.79042,37.63467],[-5.79018,37.63425],[-5.78963,37.63416],[-5.78838,37.63481],[-5.78734,37.63464],[-5.7901,37.6331],[-5.79012,37.63241],[-5.78888,37.63251],[-5.78979,37.6319],[-5.78984,37.63151],[-5.78926,37.63106],[-5.78906,37.63017],[-5.78853,37.63046],[-5.78809,37.63135],[-5.78735,37.63075],[-5.78819,37.63013],[-5.78652,37.62994],[-5.78578,37.63031],[-5.7863,37.62965],[-5.78752,37.62919],[-5.78569,37.62825],[-5.78511,37.62831],[-5.78461,37.62874],[-5.78163,37.62871],[-5.78021,37.62939],[-5.77719,37.63002],[-5.7772,37.62953],[-5.77635,37.62948],[-5.77872,37.62855],[-5.78039,37.62744],[-5.78297,37.6278],[-5.78365,37.62758],[-5.78401,37.62695],[-5.78395,37.62607],[-5.78352,37.62597],[-5.78063,37.62618],[-5.77975,37.62645],[-5.77744,37.62621],[-5.77498,37.62665],[-5.77495,37.6263],[-5.7759,37.62548],[-5.77923,37.62412],[-5.78023,37.62418],[-5.78104,37.62501],[-5.78167,37.62519],[-5.78291,37.62479],[-5.78307,37.62319],[-5.78231,37.62204],[-5.78118,37.62114],[-5.78062,37.62105],[-5.77955,37.62142],[-5.77929,37.62237],[-5.778,37.6215],[-5.77655,37.62222],[-5.77557,37.62381],[-5.77525,37.62372],[-5.77431,37.6225],[-5.77407,37.62264],[-5.77428,37.62353],[-5.77402,37.62391],[-5.77287,37.62368],[-5.77155,37.6239],[-5.77142,37.6242],[-5.77174,37.62484],[-5.77257,37.62579],[-5.77247,37.62722],[-5.77207,37.62708],[-5.77125,37.62615],[-5.77074,37.62601],[-5.77017,37.62641],[-5.76922,37.62551],[-5.76863,37.6253],[-5.76771,37.62534],[-5.7669,37.62575],[-5.76534,37.62601],[-5.76533,37.6267],[-5.76569,37.62726],[-5.76788,37.62704],[-5.76967,37.62737],[-5.76948,37.62779],[-5.76846,37.62843],[-5.76838,37.62884],[-5.76951,37.62974],[-5.77143,37.63027],[-5.77057,37.63079],[-5.76989,37.63106],[-5.7683,37.63046],[-5.7671,37.63069],[-5.76639,37.62988],[-5.76584,37.62961],[-5.76314,37.62911],[-5.76249,37.62915],[-5.76156,37.62978],[-5.76076,37.62962],[-5.7605,37.62952],[-5.76051,37.62916],[-5.76109,37.62842],[-5.76108,37.62803],[-5.75995,37.62881],[-5.75948,37.62943],[-5.7585,37.62979],[-5.75739,37.6315],[-5.75755,37.63219],[-5.75892,37.63278],[-5.76015,37.63403],[-5.75618,37.63278],[-5.7555,37.63339],[-5.75394,37.63334],[-5.75018,37.63449],[-5.74985,37.63479],[-5.74989,37.63506],[-5.75091,37.63494],[-5.75079,37.63555],[-5.75174,37.63594],[-5.75196,37.63624],[-5.75049,37.6367],[-5.75032,37.63735],[-5.74977,37.6379],[-5.75064,37.63871],[-5.7494,37.63884],[-5.74881,37.64001],[-5.75028,37.64013],[-5.75078,37.64129],[-5.74965,37.64106],[-5.7495,37.64194],[-5.74825,37.64111],[-5.74739,37.64168],[-5.74798,37.64365],[-5.74854,37.64422],[-5.74916,37.64438],[-5.75124,37.64404],[-5.75247,37.64415],[-5.75246,37.64432],[-5.75103,37.64453],[-5.74871,37.64549],[-5.74929,37.64621],[-5.74988,37.64645],[-5.75166,37.64607],[-5.75176,37.64665],[-5.7524,37.64707],[-5.75178,37.64785],[-5.752,37.64841],[-5.75314,37.6475],[-5.75367,37.64738],[-5.75432,37.64801],[-5.75399,37.64892],[-5.75571,37.64878],[-5.75658,37.64895],[-5.75739,37.64993],[-5.75803,37.65135],[-5.75921,37.65139],[-5.76151,37.65208],[-5.76046,37.65285],[-5.7587,37.65284],[-5.75864,37.65331],[-5.75899,37.65372],[-5.76008,37.65422],[-5.76012,37.65511],[-5.75959,37.65515],[-5.75897,37.65445],[-5.75856,37.65439],[-5.75858,37.65516],[-5.75764,37.65689],[-5.75765,37.65738],[-5.75856,37.65808],[-5.76217,37.65827],[-5.76215,37.6594],[-5.76289,37.66141],[-5.76451,37.66213],[-5.76489,37.66289],[-5.76593,37.66338],[-5.76611,37.66369],[-5.76505,37.6634],[-5.76327,37.6623],[-5.76204,37.66196],[-5.76107,37.66217],[-5.75983,37.66331],[-5.75945,37.66339],[-5.76093,37.66093],[-5.76101,37.65994],[-5.76031,37.6594],[-5.75796,37.6589],[-5.75655,37.65791],[-5.75625,37.6549],[-5.75576,37.65439],[-5.7557,37.65398],[-5.75507,37.65358],[-5.75373,37.65399],[-5.75305,37.6536],[-5.75165,37.65353],[-5.75081,37.65308],[-5.75089,37.65444],[-5.75072,37.65484],[-5.75016,37.65421],[-5.75013,37.65354],[-5.74948,37.65237],[-5.74891,37.65252],[-5.74845,37.65316],[-5.74826,37.65737],[-5.74788,37.65682],[-5.74758,37.6544],[-5.74724,37.65407],[-5.74491,37.65562],[-5.74452,37.65566],[-5.7445,37.65542],[-5.74512,37.65498],[-5.74576,37.65403],[-5.74576,37.65282],[-5.74688,37.65159],[-5.74693,37.65047],[-5.74552,37.6481],[-5.7449,37.64776],[-5.74482,37.64714],[-5.74439,37.64679],[-5.74302,37.64644],[-5.74015,37.64697],[-5.7395,37.64742],[-5.73954,37.64864],[-5.73988,37.64933],[-5.74059,37.64989],[-5.7407,37.65033],[-5.74008,37.6508],[-5.73896,37.65096],[-5.7383,37.65153],[-5.73796,37.65273],[-5.73683,37.65447],[-5.73704,37.65471],[-5.73856,37.65483],[-5.73859,37.65513],[-5.73665,37.65557],[-5.73546,37.65552],[-5.736,37.65673],[-5.73444,37.65655],[-5.73372,37.65757],[-5.73321,37.6571],[-5.73279,37.65704],[-5.73255,37.65763],[-5.73294,37.65859],[-5.73138,37.65767],[-5.73123,37.65832],[-5.73019,37.65863],[-5.72917,37.65954],[-5.72906,37.66068],[-5.72788,37.65965],[-5.72752,37.658],[-5.72662,37.65859],[-5.72529,37.65876],[-5.72441,37.65952],[-5.72398,37.65942],[-5.72352,37.65892],[-5.72224,37.65926],[-5.72062,37.65931],[-5.71998,37.65982],[-5.71983,37.66063],[-5.72007,37.66103],[-5.72239,37.66139],[-5.72294,37.66167],[-5.7235,37.66385],[-5.72563,37.66361],[-5.72648,37.66416],[-5.72646,37.66459],[-5.72612,37.66502],[-5.72669,37.66605],[-5.72641,37.66729],[-5.72589,37.6675],[-5.72386,37.66722],[-5.72231,37.66746],[-5.72173,37.66769],[-5.72128,37.6683],[-5.72266,37.66936],[-5.72437,37.66974],[-5.72302,37.67056],[-5.7237,37.67175],[-5.72269,37.67314],[-5.72243,37.67388],[-5.72359,37.67433],[-5.72273,37.67494],[-5.72267,37.67631],[-5.72423,37.67844],[-5.7232,37.67813],[-5.72143,37.6767],[-5.72136,37.67516],[-5.72104,37.67447],[-5.72226,37.67264],[-5.72229,37.67178],[-5.72213,37.67131],[-5.72174,37.67126],[-5.72149,37.67036],[-5.7211,37.67033],[-5.72061,37.6707],[-5.72038,37.66955],[-5.71979,37.66828],[-5.71873,37.66878],[-5.71623,37.66912],[-5.71385,37.67002],[-5.71228,37.67096],[-5.71109,37.67229],[-5.70985,37.67303],[-5.70958,37.67351],[-5.70939,37.67455],[-5.7098,37.67543],[-5.71055,37.67585],[-5.71202,37.67617],[-5.7125,37.67664],[-5.71254,37.67718],[-5.71192,37.67794],[-5.70921,37.6783],[-5.70872,37.67891],[-5.70902,37.67966],[-5.71103,37.68062],[-5.71147,37.68139],[-5.71129,37.68179],[-5.71077,37.68114],[-5.70854,37.6799],[-5.70815,37.67939],[-5.70822,37.67847],[-5.7088,37.67787],[-5.71101,37.67767],[-5.71158,37.67751],[-5.7119,37.67713],[-5.71166,37.67674],[-5.70955,37.67584],[-5.70885,37.67525],[-5.70868,37.67454],[-5.70906,37.67293],[-5.71263,37.6698],[-5.71533,37.66852],[-5.71516,37.66759],[-5.71718,37.66812],[-5.71759,37.66781],[-5.71842,37.66633],[-5.71828,37.66592],[-5.71727,37.66505],[-5.71548,37.66225],[-5.71719,37.65975],[-5.71783,37.65768],[-5.71755,37.65745],[-5.71631,37.65727],[-5.71484,37.65733],[-5.71458,37.65722],[-5.71456,37.6569],[-5.71613,37.65664],[-5.716,37.65615],[-5.7162,37.65584],[-5.72027,37.65439],[-5.72379,37.65547],[-5.72455,37.65523],[-5.72385,37.6536],[-5.72418,37.65285],[-5.72415,37.6521],[-5.72502,37.65159],[-5.72578,37.65057],[-5.72616,37.65107],[-5.72649,37.65226],[-5.72701,37.6525],[-5.72714,37.65303],[-5.72782,37.65333],[-5.72879,37.65335],[-5.72959,37.65254],[-5.73078,37.65218],[-5.73137,37.65161],[-5.73142,37.65084],[-5.73111,37.65059],[-5.73009,37.6508],[-5.7294,37.65151],[-5.7287,37.65153],[-5.72928,37.651],[-5.72934,37.65024],[-5.73045,37.64847],[-5.72872,37.6485],[-5.72875,37.64819],[-5.72957,37.64751],[-5.72944,37.64699],[-5.72719,37.64723],[-5.72778,37.64586],[-5.72843,37.6452],[-5.72836,37.64485],[-5.72789,37.64452],[-5.72718,37.64442],[-5.72555,37.64501],[-5.72536,37.64445],[-5.72469,37.64401],[-5.72553,37.64365],[-5.72614,37.64308],[-5.72627,37.64233],[-5.72595,37.64157],[-5.7247,37.64047],[-5.72535,37.63947],[-5.72537,37.63873],[-5.72513,37.63823],[-5.7242,37.63747],[-5.72344,37.63738],[-5.72188,37.63841],[-5.72065,37.63841],[-5.71938,37.63893],[-5.71938,37.63813],[-5.71904,37.63769],[-5.71847,37.63756],[-5.71718,37.63783],[-5.71671,37.63734],[-5.71616,37.63718],[-5.71385,37.63704],[-5.71294,37.63787],[-5.71263,37.64013],[-5.71224,37.63965],[-5.71195,37.63836],[-5.71133,37.63717],[-5.71055,37.6367],[-5.70951,37.6368],[-5.70906,37.63631],[-5.70776,37.63692],[-5.7076,37.63631],[-5.70821,37.63532],[-5.70641,37.63482],[-5.70686,37.63418],[-5.70685,37.63372],[-5.70468,37.63272],[-5.70406,37.63269],[-5.7021,37.63366],[-5.7002,37.63509],[-5.69944,37.63523],[-5.69937,37.63673],[-5.69907,37.6367],[-5.69878,37.63629],[-5.69789,37.63633],[-5.69686,37.63745],[-5.69694,37.63827],[-5.69557,37.63955],[-5.69564,37.64056],[-5.69604,37.64123],[-5.69656,37.64154],[-5.69853,37.64143],[-5.69826,37.64187],[-5.69707,37.64207],[-5.69451,37.64093],[-5.69381,37.64173],[-5.69303,37.64169],[-5.69294,37.64205],[-5.69332,37.64244],[-5.69479,37.64317],[-5.69633,37.64344],[-5.69711,37.64418],[-5.6928,37.64337],[-5.69258,37.64473],[-5.6932,37.64518],[-5.69239,37.6457],[-5.69179,37.64661],[-5.69197,37.64713],[-5.69276,37.64784],[-5.69286,37.64888],[-5.69354,37.64991],[-5.69349,37.65037],[-5.69301,37.65077],[-5.69301,37.65169],[-5.69236,37.6524],[-5.69141,37.65292],[-5.68883,37.65323],[-5.68872,37.65308],[-5.68896,37.65284],[-5.69194,37.65195],[-5.69236,37.65156],[-5.69238,37.6511],[-5.69214,37.65033],[-5.69159,37.6497],[-5.69155,37.64861],[-5.69058,37.64763],[-5.6906,37.6469],[-5.69022,37.64622],[-5.68904,37.64611],[-5.68731,37.64677],[-5.6873,37.64623],[-5.68785,37.64579],[-5.68906,37.64544],[-5.68932,37.64499],[-5.68913,37.64311],[-5.68852,37.64262],[-5.68878,37.64228],[-5.68872,37.64187],[-5.68762,37.64135],[-5.68671,37.64148],[-5.68609,37.64172],[-5.68581,37.64258],[-5.6851,37.64294],[-5.68539,37.64126],[-5.68803,37.64022],[-5.68562,37.6404],[-5.68408,37.64025],[-5.68334,37.6399],[-5.68233,37.63992],[-5.68138,37.64018],[-5.67948,37.64123],[-5.67823,37.64139],[-5.68011,37.64019],[-5.68146,37.63898],[-5.68396,37.63822],[-5.68621,37.63884],[-5.6893,37.63773],[-5.68857,37.63744],[-5.6884,37.63707],[-5.6894,37.63708],[-5.68998,37.63652],[-5.68911,37.63519],[-5.68731,37.63579],[-5.6882,37.63481],[-5.68829,37.63429],[-5.68764,37.63311],[-5.68678,37.63339],[-5.68716,37.63221],[-5.68675,37.63121],[-5.68676,37.62999],[-5.68513,37.62974],[-5.68339,37.63026],[-5.68283,37.63011],[-5.68317,37.62947],[-5.68254,37.62885],[-5.68457,37.62859],[-5.68375,37.62784],[-5.68423,37.62714],[-5.68409,37.62654],[-5.6861,37.62561],[-5.68645,37.62516],[-5.68633,37.62484],[-5.68338,37.62443],[-5.6819,37.62534],[-5.68021,37.62694],[-5.68011,37.62669],[-5.68149,37.62517],[-5.68147,37.62474],[-5.68045,37.62466],[-5.67948,37.62337],[-5.6787,37.62325],[-5.67836,37.62381],[-5.67929,37.62484],[-5.67881,37.62568],[-5.67817,37.62575],[-5.6781,37.62489],[-5.67767,37.62464],[-5.67621,37.62447],[-5.67554,37.62523],[-5.67469,37.62534],[-5.67421,37.62622],[-5.67317,37.62704],[-5.67318,37.62646],[-5.67374,37.62549],[-5.67385,37.6248],[-5.6746,37.62407],[-5.67585,37.62369],[-5.67699,37.62274],[-5.67704,37.6221],[-5.67678,37.62165],[-5.67564,37.62147],[-5.67475,37.62093],[-5.67318,37.62144],[-5.67289,37.62173],[-5.67316,37.62341],[-5.67215,37.62459],[-5.67162,37.62458],[-5.6711,37.62433],[-5.67014,37.62279],[-5.67045,37.6213],[-5.67112,37.6207],[-5.67074,37.61986],[-5.66996,37.61981],[-5.6682,37.62113],[-5.6678,37.62097],[-5.6674,37.61977],[-5.66719,37.61958],[-5.66672,37.61964],[-5.66619,37.61999],[-5.66577,37.62124],[-5.66599,37.62255],[-5.6669,37.6239],[-5.66716,37.62486],[-5.6654,37.62705],[-5.66553,37.62828],[-5.66517,37.63001],[-5.66471,37.63041],[-5.66462,37.63108],[-5.66362,37.63086],[-5.66331,37.63056],[-5.66384,37.62892],[-5.66323,37.62705],[-5.66387,37.62619],[-5.66401,37.62542],[-5.66384,37.62495],[-5.66327,37.62451],[-5.66328,37.62325],[-5.66284,37.62279],[-5.66099,37.62396],[-5.66015,37.62417],[-5.65957,37.62471],[-5.65915,37.62692],[-5.6577,37.62864],[-5.65734,37.63024],[-5.6564,37.63124],[-5.6563,37.63305],[-5.65478,37.63444],[-5.65436,37.63553],[-5.65403,37.63527],[-5.65395,37.63472],[-5.65475,37.63271],[-5.65503,37.62974],[-5.65595,37.62755],[-5.65551,37.62508],[-5.65306,37.62514],[-5.65183,37.62542],[-5.65152,37.62591],[-5.65141,37.62733],[-5.65161,37.62844],[-5.65106,37.62927],[-5.65071,37.62883],[-5.65057,37.62702],[-5.64978,37.62547],[-5.64882,37.62483],[-5.64821,37.6251],[-5.6472,37.62499],[-5.647,37.62566],[-5.64709,37.62699],[-5.64671,37.62765],[-5.64613,37.62603],[-5.64522,37.62661],[-5.64492,37.62657],[-5.64482,37.62515],[-5.64417,37.6247],[-5.64146,37.6257],[-5.63908,37.62573],[-5.63879,37.62602],[-5.63873,37.62664],[-5.63777,37.62605],[-5.63724,37.6261],[-5.63619,37.62677],[-5.63613,37.62719],[-5.63677,37.62785],[-5.63602,37.62783],[-5.63596,37.62866],[-5.63575,37.62882],[-5.63542,37.62874],[-5.63429,37.6275],[-5.63365,37.6265],[-5.6332,37.62492],[-5.6328,37.62456],[-5.63169,37.62499],[-5.63137,37.62447],[-5.6309,37.6243],[-5.62972,37.62443],[-5.62778,37.62545],[-5.62718,37.6266],[-5.6267,37.62559],[-5.62773,37.62455],[-5.62732,37.62414],[-5.62455,37.6244],[-5.62289,37.62378],[-5.62135,37.62402],[-5.62083,37.62373],[-5.6204,37.62235],[-5.6196,37.62206],[-5.61892,37.62252],[-5.61831,37.62422],[-5.61772,37.62234],[-5.61707,37.62222],[-5.61648,37.62121],[-5.61594,37.62107],[-5.61508,37.62134],[-5.61548,37.62393],[-5.61499,37.6232],[-5.61433,37.62284],[-5.61422,37.62238],[-5.61336,37.62307],[-5.61323,37.6212],[-5.61209,37.62166],[-5.61138,37.6215],[-5.61087,37.62189],[-5.61037,37.6213],[-5.61003,37.62166],[-5.61029,37.62235],[-5.61015,37.62263],[-5.60941,37.62219],[-5.60826,37.62285],[-5.60822,37.62217],[-5.60782,37.62208],[-5.60674,37.62251],[-5.60558,37.62334],[-5.60547,37.62376],[-5.60626,37.62444],[-5.60641,37.62489],[-5.60453,37.62428],[-5.60363,37.62473],[-5.6038,37.62623],[-5.60364,37.62656],[-5.60319,37.62577],[-5.60196,37.62522],[-5.60218,37.62449],[-5.60123,37.62473],[-5.59969,37.62753],[-5.59896,37.62794],[-5.59871,37.62843],[-5.59789,37.62841],[-5.59732,37.62872],[-5.59736,37.62951],[-5.59673,37.63023],[-5.59664,37.63123],[-5.59564,37.63129],[-5.59521,37.63196],[-5.59448,37.63123],[-5.59398,37.63109],[-5.59294,37.63241],[-5.59168,37.63188],[-5.59125,37.63205],[-5.59112,37.63244],[-5.59152,37.63291],[-5.59104,37.63377],[-5.59078,37.63618],[-5.59143,37.63725],[-5.59014,37.6385],[-5.58989,37.64006],[-5.5894,37.63873],[-5.59032,37.63725],[-5.58928,37.63431],[-5.58833,37.6329],[-5.5862,37.63263],[-5.58584,37.63237],[-5.58317,37.63276],[-5.58279,37.63385],[-5.58328,37.63573],[-5.58312,37.63638],[-5.58357,37.63727],[-5.58324,37.63762],[-5.58198,37.63797],[-5.58161,37.63842],[-5.5816,37.63918],[-5.58104,37.6403],[-5.5798,37.64069],[-5.58027,37.64179],[-5.57945,37.64173],[-5.5789,37.64263],[-5.57843,37.64219],[-5.57849,37.64179],[-5.57812,37.64112],[-5.57746,37.64086],[-5.57666,37.64186],[-5.57482,37.6422],[-5.57421,37.64359],[-5.57366,37.64418],[-5.57284,37.64414],[-5.57284,37.6438],[-5.57254,37.64357],[-5.57041,37.64313],[-5.56882,37.64412],[-5.56904,37.64483],[-5.56754,37.64568],[-5.56801,37.64709],[-5.56767,37.64756],[-5.56795,37.64833],[-5.56738,37.64829],[-5.56732,37.64859],[-5.56805,37.65067],[-5.5693,37.65084],[-5.5707,37.65179],[-5.57061,37.65206],[-5.56977,37.65243],[-5.56876,37.65256],[-5.56901,37.65338],[-5.56731,37.65208],[-5.56638,37.65183],[-5.56613,37.65098],[-5.56494,37.64978],[-5.56405,37.64774],[-5.56407,37.64729],[-5.56511,37.64633],[-5.56263,37.64438],[-5.5621,37.64434],[-5.5617,37.64481],[-5.56253,37.64596],[-5.56257,37.64664],[-5.56192,37.64662],[-5.56035,37.64547],[-5.55994,37.6456],[-5.55979,37.64681],[-5.55877,37.64615],[-5.55761,37.64643],[-5.55753,37.64683],[-5.55796,37.64788],[-5.55661,37.64765],[-5.55628,37.64914],[-5.55727,37.64953],[-5.55927,37.65149],[-5.56178,37.65256],[-5.56301,37.65369],[-5.56274,37.65405],[-5.55842,37.65241],[-5.55799,37.65287],[-5.55833,37.65394],[-5.55892,37.65462],[-5.56046,37.65555],[-5.56132,37.6566],[-5.56325,37.65742],[-5.5639,37.65794],[-5.56392,37.6582],[-5.56157,37.65825],[-5.56053,37.65792],[-5.55912,37.65715],[-5.5586,37.6565],[-5.55586,37.65475],[-5.5546,37.65416],[-5.55411,37.65448],[-5.55405,37.65498],[-5.55619,37.65798],[-5.55628,37.65877],[-5.55555,37.65952],[-5.55403,37.65988],[-5.55356,37.66046],[-5.55245,37.66039],[-5.5523,37.66164],[-5.54878,37.66162],[-5.54724,37.66235],[-5.5443,37.66266],[-5.54402,37.66216],[-5.54316,37.66255],[-5.54298,37.66183],[-5.54152,37.66136],[-5.54139,37.66156],[-5.54189,37.66246],[-5.54172,37.66287],[-5.5373,37.66527],[-5.53667,37.66612],[-5.53685,37.66887],[-5.53782,37.67124],[-5.53812,37.67356],[-5.53787,37.67349],[-5.53748,37.67235],[-5.53699,37.6721],[-5.53643,37.67244],[-5.53594,37.67373],[-5.53553,37.67421],[-5.53536,37.67317],[-5.53333,37.67285],[-5.53347,37.67126],[-5.53316,37.67],[-5.53355,37.66902],[-5.53356,37.66761],[-5.53332,37.66745],[-5.53229,37.6678],[-5.53085,37.66778],[-5.53257,37.66696],[-5.53256,37.6667],[-5.53146,37.66629],[-5.53072,37.6663],[-5.52826,37.66717],[-5.52811,37.66735],[-5.52861,37.66876],[-5.52864,37.6696],[-5.52814,37.67082],[-5.52779,37.67105],[-5.52771,37.67049],[-5.52811,37.66904],[-5.52728,37.66687],[-5.52723,37.66577],[-5.52623,37.66602],[-5.52556,37.66569],[-5.5227,37.66562],[-5.51914,37.66597],[-5.51852,37.66613],[-5.51817,37.6665],[-5.51834,37.66768],[-5.51798,37.66771],[-5.51746,37.66694],[-5.51663,37.667],[-5.51281,37.66924],[-5.51268,37.66973],[-5.51334,37.67118],[-5.5131,37.67384],[-5.51277,37.67489],[-5.51336,37.67572],[-5.51194,37.67585],[-5.51173,37.67479],[-5.51132,37.67536],[-5.51109,37.67514],[-5.51184,37.67349],[-5.51176,37.6725],[-5.51152,37.67228],[-5.51145,37.67354],[-5.51043,37.67476],[-5.51017,37.67732],[-5.50876,37.67978],[-5.50817,37.68129],[-5.50792,37.68116],[-5.50804,37.68016],[-5.50762,37.67917],[-5.50907,37.67759],[-5.50861,37.67533],[-5.50891,37.67358],[-5.50912,37.67313],[-5.50981,37.67266],[-5.51066,37.67116],[-5.50917,37.67072],[-5.50015,37.6733],[-5.49821,37.6743],[-5.49778,37.67482],[-5.49634,37.67538],[-5.49631,37.67654],[-5.49718,37.67784],[-5.49685,37.67784],[-5.49565,37.67687],[-5.49519,37.67675],[-5.49436,37.67726],[-5.49318,37.67848],[-5.49024,37.68005],[-5.48507,37.68185],[-5.48469,37.68284],[-5.485,37.68325],[-5.49017,37.6864],[-5.49056,37.687],[-5.49219,37.6873],[-5.49291,37.68823],[-5.49292,37.68869],[-5.49225,37.6887],[-5.49108,37.6881],[-5.48971,37.68787],[-5.48893,37.6874],[-5.4873,37.68696],[-5.48426,37.68525],[-5.48297,37.68514],[-5.48252,37.68535],[-5.48128,37.68746],[-5.47875,37.69008],[-5.47875,37.69104],[-5.47717,37.69377],[-5.47735,37.69427],[-5.47867,37.69464],[-5.47885,37.69494],[-5.47803,37.69492],[-5.4767,37.69569],[-5.47554,37.70103],[-5.47584,37.70208],[-5.47684,37.70246],[-5.47703,37.70301],[-5.47763,37.70327],[-5.47706,37.70336],[-5.47464,37.70282],[-5.47411,37.70515],[-5.47459,37.70772],[-5.47429,37.70828],[-5.47476,37.70865],[-5.47703,37.70904],[-5.48019,37.71004],[-5.48141,37.71079],[-5.48227,37.71092],[-5.48166,37.71144],[-5.48239,37.71262],[-5.48137,37.71254],[-5.48051,37.71142],[-5.47941,37.7108],[-5.47741,37.71068],[-5.47747,37.71157],[-5.47817,37.7126],[-5.47737,37.71277],[-5.47722,37.71602],[-5.47939,37.71767],[-5.47837,37.71773],[-5.47705,37.71729],[-5.47596,37.71789],[-5.47548,37.71873],[-5.47501,37.72068],[-5.47504,37.72206],[-5.47427,37.72047],[-5.47429,37.71759],[-5.47394,37.7161],[-5.47359,37.71588],[-5.47295,37.7166],[-5.47165,37.71687],[-5.47259,37.71607],[-5.47312,37.71526],[-5.47409,37.71512],[-5.47382,37.71291],[-5.47341,37.7119],[-5.47285,37.71111],[-5.47215,37.71066],[-5.47196,37.71078],[-5.47203,37.7118],[-5.4718,37.71193],[-5.47126,37.70935],[-5.46985,37.70782],[-5.46905,37.70768],[-5.46686,37.70835],[-5.46725,37.70788],[-5.46821,37.7076],[-5.47014,37.70626],[-5.47148,37.70168],[-5.47154,37.69985],[-5.47292,37.69799],[-5.47085,37.69543],[-5.47043,37.69541],[-5.47,37.69574],[-5.46984,37.69559],[-5.47157,37.6938],[-5.47215,37.68994],[-5.47175,37.68959],[-5.47085,37.68952],[-5.46875,37.68982],[-5.46957,37.6891],[-5.47068,37.68899],[-5.47204,37.68659],[-5.47177,37.68596],[-5.47219,37.68519],[-5.47351,37.68451],[-5.47405,37.68387],[-5.47421,37.68076],[-5.47376,37.68017],[-5.47372,37.67928],[-5.47231,37.6785],[-5.47134,37.67755],[-5.47047,37.67707],[-5.46804,37.67715],[-5.46806,37.67672],[-5.46842,37.67626],[-5.46995,37.67585],[-5.47071,37.67536],[-5.47071,37.67495],[-5.47037,37.67462],[-5.46876,37.67456],[-5.46599,37.67545],[-5.46339,37.67471],[-5.45995,37.67472],[-5.45989,37.67456],[-5.46184,37.67382],[-5.46176,37.67341],[-5.46084,37.6723],[-5.45973,37.67199],[-5.45901,37.67137],[-5.45826,37.6716],[-5.458,37.67087],[-5.45773,37.67074],[-5.45553,37.67069],[-5.45428,37.67116],[-5.45219,37.67427],[-5.44911,37.67639],[-5.44796,37.67943],[-5.44629,37.68124],[-5.44413,37.68284],[-5.44231,37.68338],[-5.43882,37.68382],[-5.43568,37.68465],[-5.43308,37.68492],[-5.43115,37.68649],[-5.42792,37.68703],[-5.42522,37.68661],[-5.42354,37.68604],[-5.42294,37.68548],[-5.42239,37.6843],[-5.42158,37.68395],[-5.42008,37.68418],[-5.41893,37.68503],[-5.41872,37.68543],[-5.41922,37.68678],[-5.42086,37.68703],[-5.42093,37.68738],[-5.41932,37.6873],[-5.41792,37.68675],[-5.41651,37.68685],[-5.41535,37.68576],[-5.41215,37.68634],[-5.41188,37.68697],[-5.41225,37.68787],[-5.41183,37.68846],[-5.41159,37.6886],[-5.41143,37.68844],[-5.4117,37.68789],[-5.41147,37.68756],[-5.41101,37.68761],[-5.40816,37.69172],[-5.40553,37.6935],[-5.40269,37.69504],[-5.40262,37.6954],[-5.403,37.6957],[-5.40295,37.69617],[-5.40214,37.69625],[-5.40184,37.69667],[-5.40294,37.69753],[-5.40295,37.6982],[-5.40122,37.69731],[-5.4003,37.69533],[-5.3974,37.69559],[-5.39313,37.69516],[-5.39146,37.69771],[-5.38976,37.6985],[-5.38847,37.69861],[-5.38781,37.6997],[-5.38574,37.70044],[-5.38515,37.70133],[-5.38458,37.70157],[-5.38368,37.70156],[-5.38199,37.70274],[-5.38074,37.70278],[-5.37949,37.70397],[-5.37924,37.70248],[-5.37798,37.70313],[-5.37766,37.70304],[-5.37772,37.70237],[-5.3788,37.70189],[-5.37811,37.70117],[-5.37624,37.70122],[-5.37499,37.7016],[-5.37421,37.70136],[-5.37412,37.70092],[-5.37453,37.70064],[-5.3777,37.70007],[-5.37759,37.69983],[-5.37705,37.69977],[-5.37376,37.70031],[-5.37192,37.70095],[-5.36914,37.70101],[-5.36692,37.7023],[-5.36032,37.70463],[-5.35658,37.70458],[-5.35446,37.70415],[-5.35339,37.7036],[-5.3527,37.70362],[-5.35121,37.70397],[-5.34632,37.70607],[-5.34306,37.70688],[-5.3408,37.70692],[-5.33851,37.70739],[-5.33457,37.70741],[-5.33298,37.70719],[-5.32808,37.7076],[-5.32548,37.70864],[-5.32543,37.70808],[-5.32635,37.70657],[-5.32725,37.70547],[-5.32804,37.70492],[-5.3303,37.70474],[-5.33208,37.70531],[-5.33245,37.70499],[-5.33243,37.70419],[-5.33158,37.70253],[-5.33121,37.70105],[-5.33137,37.69965],[-5.33245,37.6974],[-5.33169,37.69644],[-5.32884,37.69459],[-5.32873,37.69402],[-5.32708,37.69554],[-5.32665,37.69559],[-5.32587,37.69501],[-5.32514,37.69536],[-5.32539,37.69641],[-5.32705,37.69984],[-5.32728,37.70196],[-5.3266,37.70519],[-5.32613,37.70615],[-5.32451,37.70799],[-5.32441,37.70913],[-5.31462,37.71206],[-5.31093,37.71239],[-5.31072,37.7123],[-5.31087,37.71212],[-5.31304,37.71192],[-5.31334,37.7117],[-5.31114,37.7114],[-5.3105,37.71158],[-5.30929,37.7127],[-5.30898,37.71415],[-5.30834,37.71545],[-5.30649,37.71745],[-5.30624,37.71726],[-5.30642,37.71659],[-5.30819,37.71473],[-5.30819,37.7137],[-5.30918,37.71116],[-5.30868,37.71063],[-5.30903,37.71024],[-5.31055,37.70958],[-5.31089,37.70916],[-5.30953,37.70695],[-5.30926,37.70687],[-5.30738,37.70778],[-5.2978,37.71478],[-5.29432,37.71568],[-5.29223,37.71695],[-5.28953,37.718],[-5.28818,37.71954],[-5.28765,37.7219],[-5.2868,37.72257],[-5.28189,37.72426],[-5.27204,37.72702],[-5.26209,37.72594],[-5.25842,37.72659],[-5.25709,37.72736],[-5.25232,37.72786],[-5.24793,37.72875],[-5.24473,37.72853],[-5.24235,37.72801],[-5.23732,37.72635],[-5.23168,37.72673],[-5.22766,37.72757],[-5.22655,37.72857],[-5.22639,37.72936],[-5.22774,37.73262],[-5.22825,37.73526],[-5.23036,37.73782],[-5.231,37.73916],[-5.23165,37.74174],[-5.23008,37.74602],[-5.22994,37.74829],[-5.22874,37.7502],[-5.22534,37.75239],[-5.22284,37.75362],[-5.21966,37.75448],[-5.21851,37.75436],[-5.21741,37.75481],[-5.21622,37.75696],[-5.21468,37.7577],[-5.21397,37.75883],[-5.21263,37.75996],[-5.21232,37.76115],[-5.21171,37.76211],[-5.21025,37.76309],[-5.20954,37.76386],[-5.20895,37.76531],[-5.20902,37.76602],[-5.20878,37.76625],[-5.20845,37.76612],[-5.20842,37.7657],[-5.20945,37.76318],[-5.21167,37.7614],[-5.21226,37.75962],[-5.21347,37.75859],[-5.21396,37.75779],[-5.21598,37.75636],[-5.21657,37.75525],[-5.21651,37.75437],[-5.21535,37.75397],[-5.21176,37.75445],[-5.20996,37.7541],[-5.20799,37.75408],[-5.20566,37.75494],[-5.20442,37.75576],[-5.20368,37.75659],[-5.20324,37.7599],[-5.20203,37.76182],[-5.20032,37.76301],[-5.20005,37.76381],[-5.20001,37.76636],[-5.20032,37.76807],[-5.20116,37.76995],[-5.20091,37.77181],[-5.19909,37.77481],[-5.19769,37.7753],[-5.19749,37.77473],[-5.19948,37.77247],[-5.20008,37.77068],[-5.19997,37.76986],[-5.19928,37.76892],[-5.19913,37.76832],[-5.19927,37.76476],[-5.19987,37.76198],[-5.19953,37.76147]]]},"geometry_name":"geom","properties":{"id_dera":10100300009494,"altura":50,"procedenci":"Restitución","categoria":"Normal"}},{"type":"Feature","id":"g01_03_CurvaNivel.10100300010664","geometry":{"type":"MultiLineString","coordinates":[[[-6.03425,37.34843],[-6.03332,37.34864],[-6.03285,37.34962],[-6.03294,37.35012]]]},"geometry_name":"geom","properties":{"id_dera":10100300010664,"altura":50,"procedenci":"Restitución","categoria":"Normal"}},{"type":"Feature","id":"g01_03_CurvaNivel.10100300010697","geometry":{"type":"MultiLineString","coordinates":[[[-6.12596,37.34645],[-6.12629,37.34724],[-6.126,37.3476],[-6.12527,37.34745],[-6.12365,37.3463],[-6.1236,37.34604],[-6.12528,37.34581],[-6.12596,37.34645]]]},"geometry_name":"geom","properties":{"id_dera":10100300010697,"altura":100,"procedenci":"Restitución","categoria":"Maestra"}},{"type":"Feature","id":"g01_03_CurvaNivel.10100300011655","geometry":{"type":"MultiLineString","coordinates":[[[-6.23127,37.34486],[-6.23157,37.34438],[-6.2312,37.34399],[-6.23274,37.34348],[-6.23279,37.34262],[-6.23371,37.34116],[-6.23433,37.33944],[-6.23415,37.3391],[-6.23218,37.33831],[-6.23143,37.33756],[-6.23144,37.33726],[-6.23302,37.33691],[-6.23322,37.33474],[-6.23369,37.33356],[-6.2354,37.3311],[-6.23818,37.32798],[-6.23962,37.32716],[-6.23948,37.32693],[-6.2382,37.3267],[-6.23818,37.32602],[-6.23893,37.3254],[-6.23747,37.32406],[-6.23987,37.32415],[-6.24069,37.32373],[-6.24024,37.32307],[-6.2427,37.32288],[-6.24408,37.32188],[-6.2444,37.32088],[-6.24428,37.31983],[-6.24457,37.31867],[-6.24264,37.31835],[-6.24086,37.31849],[-6.24116,37.3177],[-6.24166,37.3173],[-6.24321,37.31707],[-6.24331,37.31593],[-6.24277,37.31504],[-6.24431,37.31504],[-6.24443,37.31264],[-6.24564,37.31039],[-6.24632,37.30999],[-6.24885,37.30938],[-6.25062,37.30845],[-6.25091,37.30812],[-6.25053,37.30726],[-6.25163,37.30639],[-6.25323,37.30661],[-6.25282,37.30581],[-6.25414,37.30545],[-6.25433,37.3051],[-6.25359,37.30425],[-6.25357,37.30344],[-6.25385,37.30301],[-6.2558,37.30174],[-6.25529,37.30078],[-6.25646,37.29928],[-6.25655,37.29871],[-6.25605,37.29807],[-6.25358,37.29786],[-6.25269,37.2968],[-6.25089,37.29648],[-6.24903,37.29704],[-6.24669,37.29889],[-6.24626,37.29656],[-6.24588,37.29578],[-6.24543,37.29546],[-6.24328,37.2953],[-6.24118,37.29641],[-6.24083,37.29634],[-6.24089,37.29529],[-6.24052,37.29436],[-6.243,37.29311],[-6.24332,37.29269],[-6.24307,37.29241],[-6.24019,37.29261],[-6.23949,37.29167],[-6.23676,37.29151],[-6.23365,37.28951],[-6.23071,37.28999],[-6.23012,37.29023],[-6.22982,37.29084],[-6.2294,37.29084],[-6.22861,37.29001],[-6.2276,37.28954],[-6.22836,37.28848],[-6.22835,37.28738],[-6.22908,37.28705],[-6.22973,37.28728],[-6.23095,37.28627],[-6.23106,37.28583],[-6.2305,37.28499],[-6.22908,37.28572],[-6.22772,37.28504],[-6.22722,37.28651],[-6.22688,37.2869],[-6.22603,37.28684],[-6.22496,37.28619],[-6.22378,37.28679],[-6.22322,37.28628],[-6.22309,37.28583],[-6.22398,37.2848],[-6.2242,37.28403],[-6.22389,37.28377],[-6.22309,37.28409],[-6.2223,37.28353],[-6.221,37.28588],[-6.22081,37.28666],[-6.2201,37.2875],[-6.21977,37.28871],[-6.21848,37.2893],[-6.2183,37.28877],[-6.21867,37.28726],[-6.21768,37.28731],[-6.21747,37.287],[-6.21824,37.28563],[-6.21763,37.28441],[-6.21729,37.28432],[-6.21654,37.285],[-6.21592,37.28474],[-6.21441,37.28471],[-6.21444,37.28419],[-6.21559,37.28308],[-6.21392,37.28249],[-6.21334,37.28195],[-6.21408,37.28134],[-6.21491,37.28102],[-6.21481,37.28019],[-6.21552,37.27974],[-6.21706,37.27942],[-6.21864,37.27941],[-6.21901,37.27909],[-6.21753,37.27831],[-6.21642,37.27856],[-6.21502,37.27755],[-6.21405,37.27731],[-6.21348,37.27772],[-6.21357,37.27815],[-6.21516,37.27902],[-6.21381,37.27952],[-6.21304,37.27938],[-6.21185,37.27969],[-6.21116,37.27873],[-6.21107,37.27687],[-6.21065,37.2764],[-6.21007,37.2769],[-6.20954,37.27787],[-6.20941,37.27934],[-6.2083,37.27871],[-6.20786,37.27887],[-6.20773,37.27934],[-6.20796,37.28002],[-6.209,37.28015],[-6.20948,37.28062],[-6.20921,37.28111],[-6.20815,37.28098],[-6.20825,37.28158],[-6.21069,37.28179],[-6.21029,37.28272],[-6.21185,37.28305],[-6.211,37.28412],[-6.21235,37.28438],[-6.21275,37.28466],[-6.21273,37.28493],[-6.21161,37.28531],[-6.21073,37.28634],[-6.21123,37.28769],[-6.21106,37.28808],[-6.21045,37.2882],[-6.20976,37.28711],[-6.2081,37.28727],[-6.20757,37.28603],[-6.20528,37.28583],[-6.20332,37.28487],[-6.20303,37.285],[-6.20334,37.28563],[-6.20525,37.28649],[-6.20624,37.28746],[-6.20659,37.28884],[-6.20804,37.28977],[-6.20878,37.2912],[-6.20731,37.29084],[-6.20611,37.29099],[-6.20535,37.29056],[-6.20464,37.28975],[-6.20333,37.2897],[-6.20301,37.29003],[-6.20297,37.29082],[-6.20412,37.29257],[-6.20396,37.29302],[-6.20314,37.29323],[-6.20216,37.29266],[-6.20094,37.29235],[-6.20074,37.29165],[-6.20097,37.29121],[-6.20072,37.29101],[-6.19903,37.29234],[-6.19862,37.29239],[-6.19823,37.29198],[-6.19831,37.29123],[-6.19871,37.29053],[-6.19983,37.2899],[-6.19911,37.28976],[-6.19718,37.29003],[-6.19716,37.28946],[-6.19658,37.28936],[-6.19624,37.2896],[-6.19656,37.29045],[-6.19554,37.2906],[-6.19536,37.29083],[-6.19551,37.29158],[-6.19643,37.29232],[-6.19674,37.29323],[-6.19657,37.29353],[-6.19596,37.29362],[-6.19268,37.2916],[-6.19276,37.29127],[-6.19381,37.2908],[-6.19259,37.29028],[-6.19245,37.28942],[-6.19151,37.28902],[-6.18891,37.28907],[-6.18873,37.28921],[-6.18886,37.28939],[-6.19041,37.28991],[-6.19179,37.29003],[-6.19215,37.29041],[-6.19223,37.2908],[-6.19192,37.29103],[-6.19084,37.29083],[-6.19045,37.29115],[-6.19054,37.29265],[-6.19036,37.29322],[-6.19211,37.2939],[-6.19228,37.29419],[-6.19122,37.29473],[-6.18878,37.29446],[-6.18777,37.29492],[-6.18741,37.2974],[-6.18903,37.29947],[-6.1905,37.30084],[-6.18955,37.30077],[-6.18931,37.3019],[-6.18897,37.30219],[-6.18712,37.30229],[-6.18607,37.30301],[-6.18418,37.30344],[-6.18498,37.30019],[-6.1848,37.29934],[-6.18414,37.29852],[-6.18348,37.29816],[-6.18271,37.29695],[-6.18169,37.29627],[-6.17901,37.29258],[-6.17818,37.29209],[-6.17572,37.29159],[-6.17518,37.29199],[-6.1773,37.29425],[-6.17792,37.29552],[-6.17773,37.29592],[-6.17724,37.29592],[-6.17488,37.29428],[-6.17352,37.29458],[-6.17293,37.29324],[-6.17191,37.29203],[-6.17142,37.29176],[-6.17102,37.29196],[-6.17022,37.29321],[-6.17037,37.29411],[-6.16933,37.29436],[-6.16893,37.2947],[-6.1688,37.29528],[-6.16902,37.29623],[-6.16823,37.29587],[-6.16768,37.29517],[-6.16793,37.29316],[-6.16704,37.29268],[-6.16636,37.29191],[-6.16543,37.29198],[-6.16511,37.29255],[-6.16607,37.29378],[-6.16577,37.29422],[-6.16395,37.29426],[-6.16253,37.29364],[-6.16204,37.29371],[-6.16194,37.294],[-6.16288,37.29459],[-6.16326,37.29524],[-6.16296,37.29554],[-6.16131,37.29594],[-6.16077,37.29648],[-6.16134,37.29678],[-6.16302,37.29684],[-6.16239,37.29724],[-6.16314,37.29779],[-6.16302,37.29811],[-6.16214,37.29837],[-6.16095,37.29796],[-6.1603,37.29806],[-6.15931,37.29888],[-6.1591,37.29952],[-6.15788,37.29968],[-6.15766,37.30009],[-6.15809,37.30099],[-6.15723,37.30133],[-6.15591,37.30292],[-6.15462,37.30381],[-6.15429,37.30452],[-6.15297,37.30506],[-6.15173,37.30709],[-6.15153,37.30698],[-6.15243,37.30442],[-6.15278,37.30149],[-6.15331,37.29935],[-6.15325,37.29888],[-6.15198,37.29824],[-6.15184,37.29784],[-6.15296,37.29741],[-6.15344,37.29672],[-6.15331,37.29574],[-6.15256,37.29521],[-6.15054,37.29565],[-6.15014,37.29674],[-6.14842,37.29686],[-6.14747,37.29791],[-6.14671,37.29728],[-6.14585,37.29726],[-6.14476,37.29656],[-6.14323,37.29674],[-6.14215,37.29646],[-6.14135,37.29735],[-6.14005,37.29654],[-6.13909,37.29661],[-6.13872,37.29714],[-6.13883,37.29819],[-6.13831,37.29889],[-6.1355,37.2982],[-6.13513,37.29835],[-6.13566,37.29991],[-6.13664,37.30042],[-6.1373,37.30178],[-6.1364,37.30178],[-6.13491,37.30119],[-6.134,37.30165],[-6.13348,37.30164],[-6.13339,37.30071],[-6.13282,37.3005],[-6.13166,37.30132],[-6.13014,37.30135],[-6.12886,37.30391],[-6.12824,37.3032],[-6.12654,37.30255],[-6.12732,37.30183],[-6.12705,37.30153],[-6.12677,37.30002],[-6.12612,37.29955],[-6.12535,37.30077],[-6.12482,37.30101],[-6.12284,37.30106],[-6.12254,37.30187],[-6.12137,37.30266],[-6.12206,37.30409],[-6.12147,37.30497],[-6.11938,37.30392],[-6.11734,37.30212],[-6.11654,37.30221],[-6.11555,37.30323],[-6.11449,37.30297],[-6.11394,37.30383],[-6.11418,37.30466],[-6.11407,37.30565],[-6.11471,37.30644],[-6.1146,37.30685],[-6.11515,37.30803],[-6.11506,37.30908],[-6.11352,37.30972],[-6.10867,37.31015],[-6.10729,37.31149],[-6.1055,37.31085],[-6.10409,37.31119],[-6.10378,37.31163],[-6.10359,37.31268],[-6.10465,37.31356],[-6.10483,37.31425],[-6.1045,37.31444],[-6.10352,37.31408],[-6.10307,37.3143],[-6.10247,37.31649],[-6.1027,37.31688],[-6.10376,37.31735],[-6.10387,37.31767],[-6.10257,37.31824],[-6.09949,37.31874],[-6.09919,37.31901],[-6.0991,37.3198],[-6.09946,37.32095],[-6.09922,37.32186],[-6.09964,37.32223],[-6.10054,37.32248],[-6.10074,37.32285],[-6.10022,37.32351],[-6.09896,37.32384],[-6.09779,37.32455],[-6.09764,37.32501],[-6.09795,37.3255],[-6.09748,37.32704],[-6.09866,37.32837],[-6.09996,37.32839],[-6.09997,37.329],[-6.09857,37.3305],[-6.09734,37.33127],[-6.09753,37.33206],[-6.09634,37.33406],[-6.09663,37.3345],[-6.09779,37.33499],[-6.09625,37.33552],[-6.09566,37.33694],[-6.09452,37.33805],[-6.09331,37.33974],[-6.09258,37.34316],[-6.09266,37.34385],[-6.0932,37.34496],[-6.09263,37.34471],[-6.09192,37.3432],[-6.09129,37.34087],[-6.09068,37.33991],[-6.09078,37.33892],[-6.0905,37.33781],[-6.08988,37.33697],[-6.09097,37.33642],[-6.09137,37.33598],[-6.09119,37.33524],[-6.09036,37.33432],[-6.0913,37.33405],[-6.09095,37.33372],[-6.09125,37.33297],[-6.09113,37.33272],[-6.08918,37.33242],[-6.09114,37.33069],[-6.09129,37.33007],[-6.09111,37.32926],[-6.09011,37.32897],[-6.08707,37.32942],[-6.08789,37.3282],[-6.08764,37.32766],[-6.09004,37.32676],[-6.0899,37.32638],[-6.08854,37.32604],[-6.08819,37.32566],[-6.08961,37.32495],[-6.08985,37.32456],[-6.08971,37.32413],[-6.0873,37.32384],[-6.08794,37.32235],[-6.08803,37.32128],[-6.08781,37.32063],[-6.08725,37.32012],[-6.08663,37.32007],[-6.08563,37.32085],[-6.08437,37.32081],[-6.08447,37.32127],[-6.08532,37.3221],[-6.0853,37.32236],[-6.0848,37.3225],[-6.08461,37.32283],[-6.08535,37.32351],[-6.0854,37.32393],[-6.08399,37.32467],[-6.0839,37.32404],[-6.08212,37.32415],[-6.08023,37.32499],[-6.07966,37.32654],[-6.07987,37.32697],[-6.07907,37.32806],[-6.07881,37.32883],[-6.07887,37.32963],[-6.07849,37.33],[-6.07819,37.32945],[-6.07806,37.32738],[-6.07756,37.32686],[-6.0769,37.32662],[-6.07667,37.32581],[-6.07596,37.32488],[-6.07617,37.32471],[-6.07732,37.32489],[-6.07794,37.32446],[-6.07817,37.32373],[-6.07721,37.32323],[-6.07772,37.32257],[-6.07718,37.32191],[-6.07827,37.32163],[-6.07871,37.32012],[-6.07562,37.32076],[-6.07542,37.32055],[-6.07572,37.31936],[-6.07528,37.3187],[-6.07477,37.31864],[-6.07343,37.31932],[-6.0745,37.32025],[-6.07461,37.32151],[-6.0734,37.3212],[-6.0718,37.32233],[-6.0712,37.32246],[-6.07025,37.322],[-6.07002,37.32167],[-6.06991,37.31998],[-6.0679,37.31982],[-6.0674,37.32003],[-6.06738,37.32044],[-6.06851,37.32117],[-6.0684,37.32198],[-6.06743,37.32199],[-6.06735,37.32222],[-6.06655,37.32191],[-6.06432,37.32209],[-6.06335,37.32279],[-6.06252,37.32397],[-6.06086,37.32469],[-6.0606,37.32534],[-6.06072,37.3256],[-6.06175,37.32611],[-6.06207,37.32712],[-6.06307,37.32666],[-6.06354,37.32743],[-6.06489,37.32806],[-6.0647,37.32831],[-6.06328,37.32866],[-6.06281,37.32908],[-6.06255,37.32957],[-6.06301,37.33031],[-6.06212,37.3309],[-6.06244,37.33149],[-6.06338,37.3318],[-6.06372,37.33234],[-6.0647,37.33277],[-6.06457,37.3331],[-6.06317,37.33336],[-6.06297,37.3348],[-6.06329,37.33601],[-6.0631,37.33632],[-6.0624,37.33608],[-6.06135,37.33468],[-6.06025,37.33415],[-6.0598,37.33422],[-6.05894,37.33497],[-6.05843,37.335],[-6.05809,37.33445],[-6.05856,37.33324],[-6.0584,37.3324],[-6.05807,37.33213],[-6.05607,37.33227],[-6.05667,37.33083],[-6.05653,37.33045],[-6.05598,37.33031],[-6.05324,37.33087],[-6.05315,37.33199],[-6.05236,37.33199],[-6.0518,37.33253],[-6.05157,37.3332],[-6.05175,37.33401],[-6.05108,37.33511],[-6.05074,37.33526],[-6.04953,37.33397],[-6.04971,37.3331],[-6.04884,37.33155],[-6.04984,37.331],[-6.05006,37.33056],[-6.04989,37.32984],[-6.04948,37.32949],[-6.05008,37.32849],[-6.04989,37.32745],[-6.04961,37.32725],[-6.04902,37.32764],[-6.04736,37.32808],[-6.04658,37.32905],[-6.0459,37.3274],[-6.04655,37.32597],[-6.0452,37.32533],[-6.0443,37.32535],[-6.04376,37.32576],[-6.04468,37.32685],[-6.04479,37.32709],[-6.04456,37.32739],[-6.04257,37.32817],[-6.04063,37.32758],[-6.04039,37.32771],[-6.04121,37.3287],[-6.04285,37.32881],[-6.04326,37.32982],[-6.04369,37.33026],[-6.04569,37.33067],[-6.04647,37.3314],[-6.0464,37.33174],[-6.04538,37.33226],[-6.04459,37.33335],[-6.04474,37.33373],[-6.04605,37.33439],[-6.0463,37.33479],[-6.0461,37.33524],[-6.04476,37.33646],[-6.04555,37.33722],[-6.04513,37.33821],[-6.04508,37.33926],[-6.04603,37.34066],[-6.04591,37.34127],[-6.0454,37.34137],[-6.04331,37.34035],[-6.04097,37.33768],[-6.04024,37.33589],[-6.03886,37.33404],[-6.03782,37.33373],[-6.03699,37.33409],[-6.0359,37.33505],[-6.03516,37.33405],[-6.03521,37.3324],[-6.03492,37.33208],[-6.03435,37.332],[-6.03391,37.33225],[-6.03317,37.33407],[-6.03111,37.33689],[-6.03072,37.3372],[-6.03021,37.33713],[-6.03008,37.33657],[-6.03098,37.3327],[-6.03072,37.33181],[-6.03016,37.33206],[-6.02816,37.3368],[-6.0283,37.34036],[-6.02949,37.34181],[-6.03138,37.34257],[-6.03146,37.34281],[-6.03077,37.34324],[-6.0307,37.34375],[-6.03165,37.34676],[-6.03212,37.34719],[-6.03312,37.34649],[-6.03361,37.34633],[-6.03399,37.34656],[-6.03463,37.347],[-6.03477,37.34761],[-6.03425,37.34843]]]},"geometry_name":"geom","properties":{"id_dera":10100300011655,"altura":50,"procedenci":"Restitución","categoria":"Normal"}},{"type":"Feature","id":"g01_03_CurvaNivel.10100300012031","geometry":{"type":"MultiLineString","coordinates":[[[-6.11646,37.34795],[-6.11809,37.34695],[-6.11869,37.34612],[-6.11896,37.34639],[-6.11874,37.34719],[-6.11889,37.34788]]]},"geometry_name":"geom","properties":{"id_dera":10100300012031,"altura":100,"procedenci":"Restitución","categoria":"Maestra"}},{"type":"Feature","id":"g01_03_CurvaNivel.10100300013274","geometry":{"type":"MultiLineString","coordinates":[[[-6.08071,37.36637],[-6.0802,37.36544],[-6.08069,37.36499],[-6.0818,37.36467],[-6.08207,37.36515],[-6.08168,37.36617],[-6.08071,37.36637]]]},"geometry_name":"geom","properties":{"id_dera":10100300013274,"altura":100,"procedenci":"Restitución","categoria":"Maestra"}},{"type":"Feature","id":"g01_03_CurvaNivel.10100300014183","geometry":{"type":"MultiLineString","coordinates":[[[-6.04785,37.32358],[-6.04786,37.32423],[-6.04718,37.32493],[-6.04679,37.325],[-6.04668,37.32461],[-6.04693,37.32406],[-6.04751,37.32345]]]},"geometry_name":"geom","properties":{"id_dera":10100300014183,"altura":50,"procedenci":"Restitución","categoria":"Normal"}},{"type":"Feature","id":"g01_03_CurvaNivel.10100300014819","geometry":{"type":"MultiLineString","coordinates":[[[-5.86409,37.35145],[-5.86169,37.35022],[-5.86207,37.34937],[-5.8635,37.34896],[-5.86366,37.34823],[-5.86308,37.34761],[-5.86191,37.34747],[-5.86111,37.34689],[-5.86049,37.34622],[-5.86056,37.34583],[-5.86028,37.34544],[-5.85846,37.345],[-5.85849,37.34477],[-5.85989,37.34393],[-5.86006,37.34374],[-5.85993,37.34344],[-5.85439,37.34331],[-5.8529,37.34387],[-5.85075,37.34619],[-5.84987,37.34537],[-5.85116,37.34273],[-5.85191,37.34278],[-5.85208,37.3423],[-5.85274,37.34198],[-5.85349,37.34078],[-5.85353,37.33942],[-5.85418,37.33932],[-5.85426,37.3391],[-5.85366,37.3369],[-5.85262,37.33551],[-5.85087,37.3341],[-5.84889,37.33324],[-5.84801,37.3331],[-5.84334,37.33369],[-5.84201,37.33363],[-5.84123,37.33297],[-5.84058,37.33162],[-5.84072,37.32984],[-5.84051,37.32914],[-5.83983,37.32843],[-5.83883,37.32804],[-5.83703,37.32787],[-5.83525,37.32811],[-5.83496,37.32861],[-5.83574,37.33009],[-5.83501,37.33049],[-5.83393,37.33073],[-5.83012,37.33053],[-5.82959,37.32993],[-5.83003,37.32933],[-5.82957,37.3283],[-5.8298,37.32788],[-5.83126,37.32702],[-5.83167,37.32653],[-5.83189,37.32547],[-5.8317,37.32503],[-5.83124,37.32477],[-5.82809,37.32521],[-5.82308,37.32408],[-5.82116,37.32445],[-5.81967,37.3263],[-5.8173,37.32586],[-5.81669,37.32528],[-5.81556,37.32142],[-5.81489,37.32079],[-5.81357,37.32052],[-5.81383,37.31878],[-5.8124,37.3177],[-5.81179,37.31659],[-5.81088,37.31626],[-5.80922,37.31661],[-5.80803,37.31636],[-5.80519,37.3168],[-5.80159,37.31856],[-5.8,37.32018],[-5.79841,37.32112],[-5.7952,37.32181],[-5.79357,37.3227],[-5.78686,37.32336],[-5.78628,37.32399],[-5.78558,37.3242],[-5.77974,37.32289],[-5.77935,37.32251],[-5.77946,37.32168],[-5.77861,37.32152],[-5.77819,37.3204],[-5.77756,37.32018],[-5.77707,37.32048],[-5.77692,37.3209],[-5.77776,37.32197],[-5.77764,37.32241],[-5.77676,37.32245],[-5.77516,37.32193],[-5.77451,37.32196],[-5.77319,37.32275],[-5.77243,37.32276],[-5.77247,37.3238],[-5.77094,37.32394],[-5.77207,37.32534],[-5.77233,37.32652],[-5.77274,37.32673],[-5.77386,37.32639],[-5.77412,37.3265],[-5.77265,37.32734],[-5.77222,37.32826],[-5.77081,37.32869],[-5.76963,37.32963],[-5.76966,37.33003],[-5.77003,37.33028],[-5.77174,37.33036],[-5.76987,37.3308],[-5.76983,37.33133],[-5.76924,37.33166],[-5.76925,37.33225],[-5.77035,37.33292],[-5.76921,37.33347],[-5.76818,37.33315],[-5.76728,37.33319],[-5.7667,37.3336],[-5.76671,37.3343],[-5.76565,37.33431],[-5.76506,37.33484],[-5.76499,37.33551],[-5.76578,37.33619],[-5.7647,37.33649],[-5.76432,37.33685],[-5.7643,37.3373],[-5.76487,37.33827],[-5.76389,37.33777],[-5.76292,37.33633],[-5.76209,37.33685],[-5.76074,37.33717],[-5.7603,37.33762],[-5.76038,37.3385],[-5.75994,37.33914],[-5.75869,37.33916],[-5.75796,37.34074],[-5.7559,37.34225],[-5.7553,37.34332],[-5.75402,37.34388],[-5.75282,37.34399],[-5.75258,37.34413],[-5.7524,37.34481],[-5.75181,37.34505],[-5.75116,37.34504],[-5.74984,37.34456],[-5.7477,37.34521],[-5.74673,37.34526],[-5.74605,37.34597],[-5.74582,37.34771],[-5.74452,37.34658],[-5.74299,37.34642],[-5.74212,37.34746],[-5.74212,37.3491],[-5.74074,37.34821],[-5.7379,37.34734],[-5.73683,37.34775],[-5.73644,37.34841],[-5.73634,37.34943],[-5.73591,37.34982],[-5.73488,37.34897],[-5.73396,37.34756],[-5.73209,37.34836],[-5.72925,37.34678],[-5.72831,37.34649],[-5.72728,37.34651],[-5.72664,37.34676],[-5.72607,37.34738],[-5.72587,37.34891],[-5.725,37.34921],[-5.72474,37.35011],[-5.724,37.34843],[-5.72161,37.34738],[-5.7211,37.34755],[-5.72022,37.34869],[-5.71845,37.34886],[-5.71722,37.34945],[-5.71599,37.34909],[-5.71251,37.35055],[-5.71234,37.35095],[-5.71259,37.35135],[-5.7141,37.35236],[-5.71435,37.3528],[-5.71232,37.35208],[-5.71066,37.35096],[-5.70773,37.35038],[-5.70743,37.35041],[-5.7072,37.35086],[-5.70656,37.35047],[-5.70628,37.35005],[-5.7072,37.34866],[-5.7069,37.34718],[-5.70629,37.34656],[-5.70585,37.34689],[-5.70404,37.34972],[-5.70372,37.35121],[-5.6988,37.35516],[-5.6986,37.35507],[-5.69939,37.35438],[-5.70011,37.35308],[-5.70168,37.35113],[-5.70163,37.3496],[-5.70251,37.34842],[-5.7021,37.34718],[-5.70174,37.3467],[-5.70096,37.3464],[-5.69678,37.34702],[-5.69662,37.34696],[-5.69859,37.34621],[-5.69888,37.34559],[-5.69824,37.34529],[-5.69651,37.34524],[-5.69423,37.34415],[-5.6922,37.34396],[-5.69115,37.34432],[-5.69016,37.34411],[-5.68949,37.34465],[-5.68927,37.34541],[-5.68901,37.34538],[-5.68884,37.34393],[-5.68943,37.34301],[-5.68997,37.34284],[-5.69109,37.34306],[-5.6931,37.34268],[-5.69328,37.34157],[-5.69262,37.34034],[-5.69184,37.33948],[-5.69015,37.33971],[-5.68918,37.33909],[-5.68799,37.33668],[-5.6879,37.33464],[-5.68719,37.33372],[-5.68716,37.33295],[-5.68436,37.33282],[-5.6824,37.33186],[-5.68306,37.32861],[-5.68272,37.32661],[-5.68175,37.32578],[-5.68081,37.32559],[-5.67992,37.32599],[-5.67918,37.32665],[-5.67853,37.32775],[-5.67768,37.32819],[-5.67711,37.32911],[-5.67555,37.33013],[-5.67441,37.33124],[-5.67316,37.33115],[-5.67064,37.33001],[-5.6693,37.33019],[-5.66873,37.33036],[-5.66696,37.33248],[-5.66224,37.33416],[-5.66179,37.33491],[-5.66262,37.33612],[-5.66277,37.33682],[-5.66054,37.33792],[-5.65957,37.33907],[-5.65906,37.33933],[-5.65857,37.3391],[-5.65822,37.33719],[-5.6573,37.33668],[-5.65681,37.33694],[-5.65596,37.33818],[-5.65546,37.33847],[-5.65339,37.33828],[-5.65291,37.33845],[-5.6507,37.34086],[-5.65075,37.34037],[-5.65242,37.33829],[-5.65355,37.33796],[-5.65532,37.33826],[-5.65611,37.33703],[-5.65707,37.33647],[-5.65817,37.33655],[-5.65865,37.33686],[-5.65895,37.33764],[-5.6589,37.33837],[-5.65916,37.33852],[-5.66024,37.33776],[-5.66222,37.33696],[-5.66235,37.33634],[-5.66173,37.33545],[-5.66078,37.33541],[-5.66013,37.33508],[-5.66005,37.33381],[-5.65955,37.3336],[-5.65753,37.33375],[-5.65612,37.33276],[-5.65532,37.333],[-5.65474,37.33416],[-5.65294,37.33563],[-5.65069,37.33471],[-5.64962,37.33464],[-5.64838,37.33516],[-5.64769,37.33639],[-5.6457,37.33643],[-5.64425,37.33706],[-5.64332,37.33697],[-5.64182,37.33621],[-5.6405,37.33587],[-5.63982,37.33503],[-5.63976,37.33422],[-5.63946,37.33386],[-5.63864,37.3343],[-5.63739,37.33452],[-5.63619,37.33524],[-5.63569,37.33527],[-5.63561,37.33507],[-5.63857,37.33206],[-5.63902,37.33193],[-5.64074,37.33215],[-5.64177,37.33526],[-5.64282,37.33636],[-5.64377,37.33675],[-5.64529,37.3361],[-5.64727,37.33598],[-5.64793,37.33497],[-5.64902,37.33447],[-5.65076,37.33432],[-5.65267,37.33458],[-5.65385,37.33438],[-5.65411,37.33403],[-5.65438,37.33232],[-5.655,37.33193],[-5.65596,37.33175],[-5.65675,37.33209],[-5.65709,37.33281],[-5.65894,37.33304],[-5.66043,37.33356],[-5.66085,37.3344],[-5.66119,37.33456],[-5.6632,37.33306],[-5.66592,37.33254],[-5.66655,37.3322],[-5.66735,37.33147],[-5.66843,37.32988],[-5.6695,37.32927],[-5.67002,37.32922],[-5.67219,37.32996],[-5.67475,37.32958],[-5.67665,37.32854],[-5.67676,37.3279],[-5.67466,37.32706],[-5.67328,37.32706],[-5.6722,37.32613],[-5.67207,37.32562],[-5.67065,37.32478],[-5.67099,37.3245],[-5.67239,37.3243],[-5.67273,37.32362],[-5.67319,37.32343],[-5.67728,37.3235],[-5.67816,37.32316],[-5.67998,37.32126],[-5.68125,37.32074],[-5.68182,37.32022],[-5.68193,37.31971],[-5.6817,37.31929],[-5.67995,37.31846],[-5.68184,37.31763],[-5.68317,37.3182],[-5.68434,37.31912],[-5.68718,37.32065],[-5.68724,37.32103],[-5.68681,37.32189],[-5.68717,37.32257],[-5.68705,37.32411],[-5.68749,37.32454],[-5.68813,37.32406],[-5.68815,37.32273],[-5.68918,37.32235],[-5.69111,37.32346],[-5.69126,37.32541],[-5.69159,37.32634],[-5.69276,37.32662],[-5.695,37.32639],[-5.69773,37.32885],[-5.69901,37.32937],[-5.70004,37.33023],[-5.70115,37.33071],[-5.70144,37.33219],[-5.70272,37.33347],[-5.70137,37.33477],[-5.69931,37.33485],[-5.69882,37.33517],[-5.69876,37.33558],[-5.69977,37.33664],[-5.70064,37.33702],[-5.70228,37.33744],[-5.70384,37.33747],[-5.70439,37.33835],[-5.70403,37.3395],[-5.70426,37.3402],[-5.70636,37.34202],[-5.70837,37.3428],[-5.71068,37.34311],[-5.71381,37.34266],[-5.71605,37.34283],[-5.71701,37.3421],[-5.71889,37.34151],[-5.71979,37.34058],[-5.71732,37.34046],[-5.71547,37.34077],[-5.71219,37.3408],[-5.71152,37.34059],[-5.7108,37.33999],[-5.71124,37.33988],[-5.71304,37.34036],[-5.71396,37.34032],[-5.71476,37.33991],[-5.71607,37.33866],[-5.7169,37.33935],[-5.71751,37.3395],[-5.71908,37.3393],[-5.72055,37.33868],[-5.72205,37.33928],[-5.72312,37.33882],[-5.72465,37.33901],[-5.72556,37.33857],[-5.72583,37.33813],[-5.7253,37.33713],[-5.72544,37.33635],[-5.72747,37.33608],[-5.72838,37.33624],[-5.72863,37.33684],[-5.72907,37.33696],[-5.72908,37.33737],[-5.7276,37.33868],[-5.72792,37.33895],[-5.72935,37.33876],[-5.72973,37.33734],[-5.73122,37.33622],[-5.73128,37.3337],[-5.73071,37.33313],[-5.72957,37.33285],[-5.73033,37.33188],[-5.72987,37.33066],[-5.72919,37.33014],[-5.72708,37.32925],[-5.72592,37.32805],[-5.72595,37.32758],[-5.72677,37.32778],[-5.72849,37.32764],[-5.72919,37.32873],[-5.73079,37.32921],[-5.73157,37.32898],[-5.73187,37.32723],[-5.73246,37.32683],[-5.73374,37.32684],[-5.73514,37.32748],[-5.73667,37.32775],[-5.73853,37.32765],[-5.7441,37.328],[-5.74464,37.32792],[-5.74595,37.32648],[-5.74585,37.3299],[-5.74625,37.33058],[-5.74676,37.33071],[-5.7476,37.33045],[-5.7494,37.32886],[-5.75234,37.32753],[-5.75276,37.32709],[-5.75266,37.32601],[-5.75195,37.32483],[-5.74978,37.32332],[-5.74814,37.32262],[-5.7468,37.32173],[-5.74216,37.31736],[-5.74001,37.31654],[-5.74011,37.31596],[-5.74098,37.31531],[-5.74082,37.31497],[-5.73831,37.31392],[-5.73726,37.31409],[-5.73707,37.31392],[-5.73649,37.31264],[-5.73525,37.3118],[-5.73563,37.31138],[-5.73724,37.3117],[-5.73735,37.31123],[-5.73696,37.31059],[-5.73645,37.31046],[-5.7348,37.31068],[-5.73347,37.30984],[-5.73219,37.31194],[-5.73189,37.31205],[-5.73141,37.31139],[-5.73188,37.31017],[-5.73159,37.30981],[-5.73001,37.30937],[-5.72795,37.30934],[-5.72704,37.30874],[-5.72658,37.30879],[-5.7255,37.31008],[-5.72419,37.31058],[-5.72248,37.3101],[-5.72086,37.30901],[-5.72021,37.30901],[-5.71876,37.30967],[-5.71908,37.30871],[-5.7182,37.30807],[-5.71721,37.30544],[-5.71634,37.30428],[-5.71852,37.30505],[-5.71907,37.30562],[-5.71932,37.30694],[-5.72053,37.30723],[-5.7241,37.30597],[-5.72553,37.30643],[-5.72537,37.30566],[-5.72768,37.30504],[-5.72926,37.30516],[-5.73058,37.30596],[-5.73106,37.30602],[-5.73136,37.30567],[-5.73151,37.30484],[-5.73242,37.30433],[-5.73241,37.30301],[-5.73208,37.30226],[-5.73147,37.30189],[-5.73103,37.30216],[-5.73021,37.30334],[-5.72863,37.30377],[-5.72654,37.30348],[-5.72454,37.30256],[-5.72209,37.30278],[-5.72152,37.30249],[-5.72116,37.30182],[-5.71992,37.30101],[-5.71923,37.30015],[-5.71962,37.29951],[-5.71936,37.29908],[-5.718,37.29749],[-5.71676,37.29674],[-5.71679,37.29639],[-5.71726,37.29606],[-5.71614,37.29563],[-5.71574,37.29522],[-5.71613,37.2944],[-5.71575,37.29266],[-5.71501,37.29201],[-5.71296,37.29143],[-5.71174,37.29027],[-5.71182,37.2898],[-5.71232,37.28934],[-5.71546,37.29044],[-5.71612,37.29039],[-5.71594,37.29],[-5.71475,37.28955],[-5.71456,37.28923],[-5.71586,37.28843],[-5.71584,37.28767],[-5.71524,37.28673],[-5.71474,37.28673],[-5.71347,37.28749],[-5.71219,37.28763],[-5.71155,37.28735],[-5.70986,37.28594],[-5.70649,37.28576],[-5.70615,37.28511],[-5.70734,37.28187],[-5.70673,37.28058],[-5.7056,37.28024],[-5.70332,37.28024],[-5.70215,37.27944],[-5.70131,37.28011],[-5.7001,37.28062],[-5.6983,37.28052],[-5.6974,37.28018],[-5.69584,37.2786],[-5.69355,37.27811],[-5.69271,37.27682],[-5.69069,37.27709],[-5.68883,37.27676],[-5.6898,37.27582],[-5.68955,37.27537],[-5.68915,37.27547],[-5.68654,37.27824],[-5.68616,37.27826],[-5.68543,37.27766],[-5.68479,37.27828],[-5.68374,37.27854],[-5.68583,37.2766],[-5.68514,37.27594],[-5.68526,37.27553],[-5.68678,37.27458],[-5.68775,37.27429],[-5.68717,37.2729],[-5.6874,37.2724],[-5.68829,37.27173],[-5.6886,37.271],[-5.68855,37.26977],[-5.68834,37.26941],[-5.68756,37.26918],[-5.68546,37.26792],[-5.6836,37.26751],[-5.6827,37.26757],[-5.67986,37.26945],[-5.67901,37.26949],[-5.67653,37.26896],[-5.67381,37.2666],[-5.6716,37.26412],[-5.67052,37.26375],[-5.66922,37.26374],[-5.67002,37.2634],[-5.67112,37.2633],[-5.67193,37.26355],[-5.67261,37.26405],[-5.67287,37.26459],[-5.67361,37.26504],[-5.674,37.26567],[-5.67541,37.26656],[-5.67666,37.26817],[-5.67898,37.26893],[-5.68025,37.26891],[-5.68203,37.26734],[-5.683,37.26699],[-5.68661,37.26717],[-5.68846,37.26855],[-5.68913,37.26965],[-5.68911,37.27167],[-5.68853,37.27373],[-5.68955,37.27377],[-5.6921,37.27522],[-5.69436,37.27712],[-5.69506,37.27724],[-5.69644,37.27673],[-5.69734,37.27685],[-5.69782,37.27719],[-5.69792,37.27793],[-5.69828,37.27819],[-5.69885,37.2781],[-5.69907,37.27772],[-5.69768,37.27584],[-5.69766,37.27537],[-5.69879,37.27606],[-5.70206,37.27658],[-5.70359,37.27713],[-5.70555,37.27703],[-5.70773,37.27779],[-5.70814,37.27749],[-5.70731,37.27678],[-5.70746,37.27515],[-5.70586,37.27356],[-5.7058,37.27316],[-5.7062,37.27309],[-5.70803,37.27413],[-5.70898,37.27558],[-5.70915,37.277],[-5.70955,37.27717],[-5.71018,37.27667],[-5.71185,37.27391],[-5.71203,37.27447],[-5.71184,37.27583],[-5.71051,37.27755],[-5.71045,37.278],[-5.71145,37.27907],[-5.71198,37.28185],[-5.71243,37.28186],[-5.71261,37.28042],[-5.71341,37.2804],[-5.71402,37.28128],[-5.71479,37.28358],[-5.71539,37.28347],[-5.71552,37.28272],[-5.71591,37.28251],[-5.71671,37.28379],[-5.71913,37.28442],[-5.71939,37.28409],[-5.71904,37.28307],[-5.7193,37.28299],[-5.72053,37.28479],[-5.72135,37.28513],[-5.72162,37.28477],[-5.7215,37.28299],[-5.72338,37.28037],[-5.72385,37.27998],[-5.72429,37.28003],[-5.72473,37.28103],[-5.72422,37.28352],[-5.72501,37.28539],[-5.72429,37.28676],[-5.72669,37.28826],[-5.72602,37.28927],[-5.724,37.28783],[-5.72357,37.28776],[-5.72259,37.28893],[-5.72322,37.28991],[-5.72243,37.29275],[-5.72269,37.29328],[-5.72367,37.29384],[-5.72403,37.29432],[-5.72524,37.29457],[-5.7272,37.29589],[-5.72785,37.296],[-5.72926,37.29543],[-5.73004,37.29537],[-5.73026,37.29498],[-5.73,37.29408],[-5.73045,37.29401],[-5.73084,37.29458],[-5.73158,37.29486],[-5.731,37.29517],[-5.73081,37.29556],[-5.73124,37.29695],[-5.73201,37.29729],[-5.73471,37.29716],[-5.73583,37.29821],[-5.73663,37.30015],[-5.73668,37.30101],[-5.73628,37.30209],[-5.73643,37.30274],[-5.7383,37.30319],[-5.74046,37.30287],[-5.74281,37.30466],[-5.74504,37.30565],[-5.74588,37.30654],[-5.74824,37.30603],[-5.75386,37.30582],[-5.75768,37.30512],[-5.75984,37.30523],[-5.76055,37.3057],[-5.76113,37.30655],[-5.76183,37.30681],[-5.76227,37.30798],[-5.76566,37.30807],[-5.76622,37.30927],[-5.76628,37.31025],[-5.76691,37.31145],[-5.76785,37.31222],[-5.76873,37.31155],[-5.76872,37.31256],[-5.76952,37.31385],[-5.76989,37.3139],[-5.76991,37.31367],[-5.76945,37.31271],[-5.76947,37.3122],[-5.77038,37.31131],[-5.77081,37.31144],[-5.77207,37.3126],[-5.77267,37.31384],[-5.77335,37.31438],[-5.77854,37.31328],[-5.78012,37.31402],[-5.78061,37.314],[-5.78147,37.31259],[-5.78158,37.31155],[-5.78128,37.31022],[-5.78189,37.3096],[-5.78173,37.30909],[-5.78085,37.30913],[-5.77981,37.30833],[-5.77918,37.30845],[-5.77876,37.3074],[-5.7785,37.3073],[-5.77757,37.30735],[-5.7762,37.30793],[-5.77566,37.30739],[-5.77343,37.30688],[-5.77264,37.307],[-5.77217,37.30444],[-5.77371,37.30541],[-5.77569,37.30553],[-5.77814,37.30493],[-5.77963,37.30363],[-5.7799,37.30144],[-5.78067,37.30152],[-5.78284,37.30089],[-5.78344,37.30044],[-5.7843,37.3008],[-5.78126,37.30238],[-5.78142,37.30363],[-5.78113,37.30476],[-5.78428,37.30455],[-5.78488,37.30494],[-5.78433,37.30578],[-5.78456,37.3061],[-5.78715,37.30525],[-5.78744,37.30564],[-5.78737,37.30632],[-5.78765,37.30653],[-5.78799,37.30629],[-5.78792,37.30575],[-5.78819,37.3054],[-5.78993,37.30471],[-5.78985,37.30428],[-5.78876,37.30339],[-5.79007,37.30256],[-5.79079,37.30121],[-5.79121,37.3016],[-5.79114,37.30273],[-5.79145,37.303],[-5.79233,37.30287],[-5.79365,37.30122],[-5.79533,37.30194],[-5.7962,37.30179],[-5.79614,37.30096],[-5.79555,37.30012],[-5.79475,37.2993],[-5.79312,37.29825],[-5.79229,37.29697],[-5.79138,37.2977],[-5.79179,37.29827],[-5.79144,37.29856],[-5.78797,37.2986],[-5.78745,37.29795],[-5.78632,37.29551],[-5.78523,37.29532],[-5.78401,37.29414],[-5.78311,37.29373],[-5.78163,37.2933],[-5.78007,37.29326],[-5.77982,37.292],[-5.77831,37.29158],[-5.77779,37.29004],[-5.77585,37.28883],[-5.77438,37.28826],[-5.77428,37.2878],[-5.77478,37.28756],[-5.77643,37.28803],[-5.77683,37.28745],[-5.77755,37.28702],[-5.77768,37.28634],[-5.77474,37.28332],[-5.76848,37.27816],[-5.7684,37.27667],[-5.76897,37.27551],[-5.76814,37.27417],[-5.76612,37.27287],[-5.76438,37.27313],[-5.76389,37.27286],[-5.76239,37.2705],[-5.76213,37.26921],[-5.7613,37.26919],[-5.75998,37.26981],[-5.75815,37.26912],[-5.7574,37.26953],[-5.75702,37.27012],[-5.75386,37.27012],[-5.75355,37.27212],[-5.75286,37.27254],[-5.7505,37.27132],[-5.74957,37.27136],[-5.74888,37.27192],[-5.74844,37.27271],[-5.74826,37.27516],[-5.74794,37.27542],[-5.74746,37.27482],[-5.74737,37.27413],[-5.74686,37.2737],[-5.74685,37.27272],[-5.74637,37.2712],[-5.74467,37.26989],[-5.74247,37.26971],[-5.74013,37.26836],[-5.73876,37.26697],[-5.73609,37.2669],[-5.73342,37.26541],[-5.73326,37.26513],[-5.73367,37.26498],[-5.73631,37.26582],[-5.73926,37.2653],[-5.74034,37.26465],[-5.74042,37.26366],[-5.73983,37.26313],[-5.739,37.26307],[-5.73902,37.26237],[-5.73798,37.2615],[-5.73658,37.26109],[-5.73638,37.26013],[-5.73561,37.259],[-5.73507,37.25715],[-5.7338,37.25496],[-5.73331,37.25457],[-5.73219,37.25451],[-5.73084,37.25331],[-5.72984,37.25285],[-5.73178,37.25221],[-5.73366,37.25262],[-5.73609,37.25246],[-5.73805,37.25405],[-5.73785,37.25527],[-5.73819,37.25606],[-5.73888,37.25657],[-5.73946,37.25654],[-5.74039,37.25586],[-5.74119,37.25427],[-5.74211,37.25342],[-5.74199,37.25187],[-5.74119,37.25093],[-5.74143,37.25043],[-5.74309,37.24783],[-5.74393,37.24771],[-5.74494,37.24693],[-5.74584,37.24659],[-5.74617,37.24622],[-5.74631,37.2455],[-5.74714,37.2461],[-5.74803,37.24638],[-5.74974,37.24533],[-5.75051,37.2455],[-5.75072,37.24599],[-5.74966,37.24823],[-5.75026,37.24972],[-5.75018,37.25054],[-5.74841,37.25134],[-5.74702,37.25247],[-5.74663,37.25546],[-5.74458,37.25741],[-5.74484,37.2589],[-5.74649,37.26127],[-5.74704,37.26157],[-5.7475,37.26155],[-5.74772,37.26115],[-5.74745,37.26072],[-5.74653,37.26018],[-5.7466,37.25998],[-5.74902,37.25996],[-5.7495,37.26017],[-5.74971,37.26055],[-5.74898,37.2611],[-5.74914,37.26164],[-5.75168,37.26193],[-5.75259,37.26062],[-5.75391,37.25928],[-5.7542,37.25924],[-5.7532,37.26107],[-5.75328,37.26177],[-5.75456,37.26231],[-5.75505,37.26371],[-5.75671,37.26447],[-5.75757,37.26451],[-5.75888,37.26505],[-5.75984,37.26484],[-5.7601,37.26446],[-5.76003,37.26395],[-5.75898,37.26275],[-5.75959,37.26219],[-5.76058,37.26205],[-5.76394,37.26312],[-5.76592,37.2631],[-5.77048,37.26433],[-5.77181,37.26423],[-5.77382,37.2652],[-5.77503,37.26492],[-5.77702,37.26527],[-5.77821,37.26575],[-5.77893,37.26709],[-5.77996,37.26682],[-5.78089,37.26706],[-5.78133,37.26673],[-5.78263,37.26783],[-5.78448,37.26862],[-5.78505,37.26853],[-5.7857,37.26719],[-5.78638,37.26681],[-5.7907,37.26653],[-5.7917,37.2671],[-5.79361,37.26766],[-5.79487,37.26753],[-5.79562,37.26658],[-5.79617,37.2664],[-5.79786,37.26708],[-5.79916,37.26729],[-5.80212,37.26667],[-5.80291,37.26612],[-5.8037,37.26514],[-5.80416,37.26308],[-5.80557,37.26237],[-5.8074,37.26101],[-5.80853,37.2614],[-5.80956,37.26316],[-5.81057,37.26321],[-5.81158,37.26371],[-5.81289,37.26348],[-5.8136,37.2645],[-5.81413,37.26408],[-5.81442,37.26255],[-5.81524,37.26346],[-5.81552,37.26349],[-5.81574,37.26228],[-5.81608,37.26188],[-5.8166,37.2626],[-5.81739,37.26302],[-5.81864,37.26176],[-5.82111,37.26173],[-5.82184,37.26212],[-5.82234,37.26302],[-5.82282,37.26329],[-5.82568,37.2626],[-5.82663,37.26213],[-5.82713,37.26338],[-5.82936,37.26397],[-5.83019,37.26475],[-5.83011,37.26572],[-5.82924,37.26752],[-5.82913,37.26887],[-5.82989,37.26967],[-5.83184,37.27002],[-5.83144,37.2708],[-5.83149,37.27135],[-5.83175,37.27232],[-5.83237,37.27319],[-5.83358,37.27383],[-5.83544,37.27413],[-5.83758,37.27484],[-5.83828,37.27482],[-5.83972,37.27419],[-5.84054,37.27419],[-5.84319,37.27576],[-5.8442,37.27673],[-5.84559,37.27704],[-5.84624,37.27823],[-5.84775,37.27928],[-5.84864,37.28106],[-5.85049,37.28143],[-5.85134,37.28244],[-5.85293,37.28328],[-5.85437,37.28358],[-5.85481,37.28322],[-5.8551,37.28331],[-5.85561,37.28498],[-5.85711,37.28536],[-5.85541,37.28599],[-5.85507,37.28696],[-5.85506,37.2879],[-5.85571,37.28828],[-5.85555,37.28923],[-5.85639,37.28975],[-5.85665,37.29021],[-5.85674,37.29143],[-5.85623,37.29204],[-5.85575,37.29361],[-5.85473,37.29511],[-5.85431,37.29621],[-5.85315,37.2977],[-5.84869,37.30013],[-5.84533,37.30085],[-5.84299,37.30294],[-5.84045,37.30308],[-5.8384,37.30376],[-5.83779,37.30471],[-5.83666,37.30553],[-5.83618,37.30784],[-5.83501,37.30886],[-5.83273,37.30983],[-5.82747,37.3141],[-5.82427,37.31451],[-5.82271,37.31593],[-5.82257,37.31641],[-5.82383,37.31854],[-5.82632,37.31996],[-5.82718,37.32003],[-5.82773,37.31952],[-5.82863,37.31937],[-5.82894,37.31961],[-5.82925,37.32052],[-5.82973,37.3209],[-5.83095,37.32108],[-5.83286,37.32186],[-5.83364,37.32169],[-5.83419,37.32079],[-5.83477,37.32106],[-5.83503,37.32247],[-5.83598,37.32315],[-5.83661,37.32297],[-5.83701,37.3232],[-5.83725,37.32358],[-5.83694,37.32421],[-5.83708,37.32462],[-5.83778,37.32478],[-5.83822,37.32446],[-5.83841,37.32363],[-5.83945,37.32268],[-5.83867,37.32158],[-5.83968,37.32104],[-5.8405,37.3198],[-5.84151,37.32022],[-5.84199,37.32013],[-5.84175,37.32135],[-5.84212,37.32199],[-5.8429,37.32236],[-5.8473,37.32337],[-5.84766,37.32246],[-5.84712,37.32185],[-5.84711,37.32131],[-5.84753,37.32027],[-5.84841,37.31997],[-5.84877,37.32095],[-5.84931,37.32114],[-5.84996,37.32098],[-5.85007,37.32044],[-5.8495,37.32],[-5.84973,37.31939],[-5.85314,37.31612],[-5.85351,37.31654],[-5.85374,37.31799],[-5.85246,37.31988],[-5.85248,37.32052],[-5.85351,37.32117],[-5.85474,37.32123],[-5.85556,37.32076],[-5.8562,37.31981],[-5.85756,37.31893],[-5.86058,37.31581],[-5.86055,37.3149],[-5.85993,37.31317],[-5.86023,37.31246],[-5.86052,37.31242],[-5.86071,37.31337],[-5.86113,37.3136],[-5.86334,37.3124],[-5.86344,37.31285],[-5.86236,37.31387],[-5.86247,37.31707],[-5.86286,37.31736],[-5.86456,37.31768],[-5.86165,37.31892],[-5.86001,37.32012],[-5.85859,37.32243],[-5.85736,37.32545],[-5.8559,37.3267],[-5.85241,37.32754],[-5.85147,37.32801],[-5.85099,37.32856],[-5.85089,37.33044],[-5.85119,37.33088],[-5.85192,37.33099],[-5.85307,37.33021],[-5.8544,37.32986],[-5.85738,37.33028],[-5.85773,37.32915],[-5.85896,37.32908],[-5.8593,37.32787],[-5.86002,37.32771],[-5.86049,37.32819],[-5.86111,37.32822],[-5.86142,37.32773],[-5.86214,37.32744],[-5.86261,37.32753],[-5.863,37.32843],[-5.86485,37.32815],[-5.86478,37.32852],[-5.86415,37.32909],[-5.86044,37.33024],[-5.85991,37.33111],[-5.85884,37.33167],[-5.85873,37.33263],[-5.85897,37.33361],[-5.85917,37.33397],[-5.85968,37.33404],[-5.86069,37.33337],[-5.86066,37.33254],[-5.86106,37.33228],[-5.86179,37.33311],[-5.86239,37.33327],[-5.86365,37.33289],[-5.86403,37.33164],[-5.86525,37.33258],[-5.86646,37.33113],[-5.86593,37.33005],[-5.86744,37.33023],[-5.86762,37.32993],[-5.86725,37.32913],[-5.86793,37.32863],[-5.86832,37.32867],[-5.86866,37.32918],[-5.86942,37.32884],[-5.87016,37.3273],[-5.8709,37.32734],[-5.87145,37.32651],[-5.87142,37.32585],[-5.87171,37.32524],[-5.8707,37.3248],[-5.87125,37.32426],[-5.87141,37.32275],[-5.87179,37.32244],[-5.87406,37.32239],[-5.87433,37.32271],[-5.87328,37.32342],[-5.87326,37.32376],[-5.87399,37.32451],[-5.87545,37.32429],[-5.8758,37.32487],[-5.87531,37.32643],[-5.87477,37.32669],[-5.87398,37.32659],[-5.87374,37.32683],[-5.87444,37.32759],[-5.87409,37.32805],[-5.87426,37.32904],[-5.87469,37.32964],[-5.87202,37.33051],[-5.87118,37.33151],[-5.8703,37.33144],[-5.86974,37.33168],[-5.86821,37.33302],[-5.86825,37.33337],[-5.86901,37.33393],[-5.87086,37.33431],[-5.87121,37.33465],[-5.87109,37.3349],[-5.86899,37.33558],[-5.86733,37.33476],[-5.86623,37.33474],[-5.8659,37.33503],[-5.86614,37.33704],[-5.86595,37.33753],[-5.86182,37.33875],[-5.85815,37.33872],[-5.8577,37.33919],[-5.8583,37.33964],[-5.86092,37.33985],[-5.86477,37.34094],[-5.86567,37.34094],[-5.86587,37.3405],[-5.86563,37.3392],[-5.8658,37.33887],[-5.86773,37.33912],[-5.86892,37.33828],[-5.87014,37.33686],[-5.87122,37.33698],[-5.87211,37.33678],[-5.87251,37.33571],[-5.8735,37.33435],[-5.87452,37.33579],[-5.87587,37.33594],[-5.87732,37.33658],[-5.87815,37.3362],[-5.87908,37.33483],[-5.88042,37.33603],[-5.88146,37.3362],[-5.88263,37.33568],[-5.88284,37.33489],[-5.88378,37.33477],[-5.88427,37.33389],[-5.88519,37.3333],[-5.88518,37.33285],[-5.886,37.33253],[-5.8865,37.33203],[-5.88717,37.33294],[-5.88705,37.33406],[-5.88802,37.33577],[-5.8884,37.33619],[-5.8894,37.33654],[-5.88871,37.33732],[-5.88719,37.33811],[-5.88671,37.33902],[-5.88749,37.34083],[-5.88774,37.3423],[-5.88819,37.34266],[-5.88928,37.34272],[-5.88904,37.34344],[-5.88839,37.34379],[-5.88873,37.34415],[-5.88868,37.34485],[-5.88927,37.34535],[-5.89019,37.3455],[-5.89104,37.34462],[-5.89146,37.34606],[-5.89193,37.34627],[-5.89246,37.34614],[-5.89322,37.34482],[-5.89496,37.34339],[-5.89658,37.34315],[-5.89682,37.34251],[-5.89653,37.34114],[-5.89716,37.3392],[-5.89754,37.33875],[-5.89792,37.33965],[-5.89807,37.34154],[-5.89895,37.34253],[-5.89931,37.34351],[-5.90013,37.34466],[-5.89921,37.34562],[-5.90016,37.34549],[-5.90121,37.34476],[-5.9044,37.344],[-5.90914,37.34454],[-5.91076,37.34493],[-5.91198,37.34483],[-5.91403,37.34506],[-5.91492,37.34473],[-5.91698,37.34324],[-5.92046,37.34255],[-5.92283,37.34266],[-5.92463,37.34188],[-5.92444,37.33905],[-5.9237,37.33777],[-5.92278,37.33681],[-5.92407,37.33594],[-5.9261,37.33705],[-5.92815,37.33751],[-5.93121,37.3372],[-5.93284,37.33568],[-5.93618,37.33523],[-5.93701,37.33484],[-5.93729,37.33336],[-5.93654,37.33226],[-5.93671,37.33203],[-5.93754,37.33175],[-5.93885,37.33346],[-5.94068,37.33371],[-5.94122,37.33351],[-5.94273,37.33219],[-5.94384,37.33177],[-5.94406,37.33046],[-5.94469,37.33064],[-5.9449,37.33025],[-5.94422,37.32878],[-5.94305,37.32798],[-5.94338,37.32721],[-5.94279,37.32633],[-5.94507,37.32686],[-5.94512,37.32647],[-5.94434,37.32574],[-5.94403,37.3251],[-5.94607,37.32453],[-5.94645,37.32392],[-5.94622,37.3232],[-5.94523,37.32214],[-5.94727,37.32219],[-5.94728,37.32166],[-5.94688,37.32102],[-5.94805,37.3212],[-5.94886,37.32161],[-5.95051,37.32114],[-5.9507,37.32131],[-5.95059,37.32258],[-5.95086,37.3235],[-5.95169,37.32386],[-5.9532,37.32354],[-5.95378,37.3224],[-5.95296,37.32185],[-5.95288,37.32091],[-5.9536,37.32063],[-5.95511,37.32056],[-5.95522,37.32001],[-5.9547,37.31921],[-5.95622,37.3188],[-5.95579,37.31763],[-5.95453,37.31694],[-5.95415,37.31639],[-5.95509,37.31628],[-5.95571,37.3156],[-5.95665,37.31565],[-5.95748,37.31496],[-5.95764,37.31446],[-5.95769,37.31329],[-5.95622,37.31058],[-5.95566,37.31041],[-5.95404,37.31053],[-5.9536,37.30859],[-5.95148,37.30758],[-5.95137,37.30931],[-5.95098,37.31052],[-5.95273,37.31153],[-5.95258,37.31273],[-5.95344,37.31291],[-5.95277,37.31346],[-5.95271,37.31414],[-5.9519,37.31542],[-5.95119,37.31545],[-5.95018,37.31608],[-5.95028,37.31347],[-5.94956,37.31268],[-5.94897,37.31244],[-5.94798,37.31249],[-5.94586,37.31393],[-5.94573,37.31117],[-5.94439,37.30991],[-5.94271,37.30964],[-5.94184,37.31028],[-5.94207,37.31162],[-5.94123,37.31143],[-5.94141,37.31217],[-5.94094,37.31278],[-5.94088,37.31404],[-5.94101,37.3145],[-5.9414,37.31473],[-5.94081,37.3154],[-5.94066,37.31659],[-5.93984,37.3152],[-5.93868,37.31218],[-5.93772,37.3116],[-5.93709,37.31193],[-5.93716,37.31323],[-5.93539,37.31345],[-5.93468,37.31413],[-5.93435,37.31485],[-5.93429,37.31582],[-5.93334,37.31555],[-5.93233,37.31681],[-5.93182,37.31624],[-5.93091,37.31692],[-5.92877,37.31758],[-5.92766,37.31821],[-5.92766,37.31771],[-5.93,37.31565],[-5.93169,37.31378],[-5.93202,37.31284],[-5.93315,37.31223],[-5.93343,37.31014],[-5.93395,37.30949],[-5.93371,37.30904],[-5.93295,37.30856],[-5.93225,37.30849],[-5.93139,37.30884],[-5.93017,37.3098],[-5.92979,37.3095],[-5.92989,37.30867],[-5.92931,37.30867],[-5.92861,37.3091],[-5.92753,37.30886],[-5.92693,37.30936],[-5.9266,37.31052],[-5.9262,37.31103],[-5.92568,37.31096],[-5.92514,37.30929],[-5.92209,37.30945],[-5.91769,37.31011],[-5.91517,37.30951],[-5.91343,37.31033],[-5.91393,37.30915],[-5.9147,37.30854],[-5.91624,37.30803],[-5.91959,37.30796],[-5.92014,37.30768],[-5.92071,37.30661],[-5.92373,37.30699],[-5.92623,37.30571],[-5.92644,37.30509],[-5.92563,37.30416],[-5.92474,37.30412],[-5.92193,37.30529],[-5.92043,37.3041],[-5.92209,37.30347],[-5.92241,37.30312],[-5.92228,37.3028],[-5.92105,37.30221],[-5.92001,37.3024],[-5.91857,37.30333],[-5.91662,37.30379],[-5.91658,37.30362],[-5.91897,37.30135],[-5.91903,37.30092],[-5.91851,37.3004],[-5.91785,37.30067],[-5.91628,37.30055],[-5.91615,37.30034],[-5.91669,37.29971],[-5.91555,37.29913],[-5.91266,37.29873],[-5.90995,37.29855],[-5.90884,37.29872],[-5.90657,37.29844],[-5.90477,37.29851],[-5.9036,37.29914],[-5.90323,37.29815],[-5.90413,37.29718],[-5.90517,37.29707],[-5.90626,37.29645],[-5.90676,37.29529],[-5.90655,37.29482],[-5.90453,37.2942],[-5.9026,37.29408],[-5.90189,37.29342],[-5.90108,37.2939],[-5.89998,37.29367],[-5.89821,37.29384],[-5.89792,37.29364],[-5.89852,37.29243],[-5.90191,37.29197],[-5.90222,37.2917],[-5.90214,37.29082],[-5.90336,37.28875],[-5.90497,37.28839],[-5.90516,37.28906],[-5.90495,37.29018],[-5.90606,37.29093],[-5.90635,37.2919],[-5.90717,37.29227],[-5.90886,37.29227],[-5.91038,37.29374],[-5.9115,37.29384],[-5.91263,37.29283],[-5.91313,37.29285],[-5.91519,37.29404],[-5.91576,37.29478],[-5.92186,37.29609],[-5.9233,37.29721],[-5.92481,37.29686],[-5.92515,37.29858],[-5.92554,37.29887],[-5.92692,37.29854],[-5.92808,37.29759],[-5.92846,37.29871],[-5.92733,37.30011],[-5.92836,37.30087],[-5.9292,37.30044],[-5.92936,37.29992],[-5.929,37.29925],[-5.92985,37.29854],[-5.93138,37.29849],[-5.93488,37.29893],[-5.93525,37.29927],[-5.93526,37.29983],[-5.93475,37.30094],[-5.93508,37.30118],[-5.93567,37.30116],[-5.93677,37.29991],[-5.93818,37.29938],[-5.93849,37.299],[-5.93819,37.29871],[-5.93528,37.29874],[-5.93515,37.29788],[-5.93652,37.29612],[-5.93602,37.29559],[-5.93536,37.29548],[-5.93445,37.29573],[-5.93365,37.29677],[-5.93287,37.2966],[-5.93175,37.29692],[-5.93167,37.29641],[-5.93387,37.2937],[-5.9363,37.29274],[-5.94029,37.29215],[-5.94368,37.29305],[-5.94446,37.29294],[-5.94446,37.29018],[-5.94559,37.28917],[-5.94929,37.28796],[-5.95241,37.28641],[-5.9543,37.28629],[-5.95463,37.28656],[-5.95482,37.2874],[-5.95585,37.28776],[-5.9565,37.28767],[-5.95692,37.2873],[-5.95628,37.28638],[-5.95678,37.28546],[-5.95598,37.28438],[-5.95549,37.28419],[-5.95583,37.2836],[-5.95547,37.28266],[-5.95753,37.28355],[-5.9581,37.28423],[-5.95938,37.28378],[-5.96096,37.28372],[-5.96115,37.28359],[-5.96118,37.28287],[-5.962,37.28237],[-5.96288,37.28308],[-5.96372,37.28305],[-5.96444,37.28413],[-5.96496,37.28409],[-5.96503,37.28304],[-5.96569,37.28235],[-5.96557,37.28195],[-5.96483,37.28133],[-5.96433,37.28147],[-5.96405,37.28205],[-5.96351,37.28196],[-5.96273,37.28116],[-5.96262,37.28066],[-5.96299,37.27991],[-5.96245,37.27946],[-5.9617,37.27952],[-5.96016,37.28123],[-5.95984,37.28115],[-5.9596,37.28044],[-5.95917,37.28015],[-5.95591,37.28041],[-5.95952,37.27753],[-5.95966,37.27694],[-5.95902,37.27692],[-5.959,37.27672],[-5.96077,37.27516],[-5.96111,37.27506],[-5.96137,37.27571],[-5.96194,37.27587],[-5.96257,37.27469],[-5.96251,37.27439],[-5.96192,37.27412],[-5.9606,37.27413],[-5.95741,37.27559],[-5.95725,37.27597],[-5.95759,37.27758],[-5.9574,37.27788],[-5.95654,37.27797],[-5.95503,37.27765],[-5.95365,37.27834],[-5.95295,37.27821],[-5.95149,37.27623],[-5.95012,37.27526],[-5.94735,37.27601],[-5.94689,37.27629],[-5.94679,37.27729],[-5.94787,37.27731],[-5.94904,37.27813],[-5.95006,37.2778],[-5.95149,37.27857],[-5.95127,37.27901],[-5.94988,37.27944],[-5.94965,37.27983],[-5.95026,37.28026],[-5.95229,37.28086],[-5.95239,37.28116],[-5.95108,37.28189],[-5.94932,37.28231],[-5.94756,37.28196],[-5.94547,37.2809],[-5.94432,37.28078],[-5.94373,37.28152],[-5.94337,37.28271],[-5.94178,37.2834],[-5.93971,37.28479],[-5.93802,37.28526],[-5.93672,37.28677],[-5.93591,37.28734],[-5.93455,37.2872],[-5.93245,37.28654],[-5.93138,37.28562],[-5.92439,37.28138],[-5.92199,37.2804],[-5.91952,37.28017],[-5.9178,37.28057],[-5.91691,37.28183],[-5.91559,37.2828],[-5.91524,37.28346],[-5.91528,37.2849],[-5.91405,37.28701],[-5.9128,37.28778],[-5.91094,37.28844],[-5.90982,37.28853],[-5.90897,37.28828],[-5.90838,37.28774],[-5.9077,37.28647],[-5.90684,37.28623],[-5.90618,37.28529],[-5.90522,37.28458],[-5.90506,37.28362],[-5.90538,37.28273],[-5.90518,37.282],[-5.90258,37.28066],[-5.90164,37.27854],[-5.90181,37.27597],[-5.90129,37.27533],[-5.90121,37.27463],[-5.90048,37.27347],[-5.90327,37.27309],[-5.90553,37.2737],[-5.90667,37.27375],[-5.90623,37.27424],[-5.90554,37.27449],[-5.90562,37.27489],[-5.90744,37.27592],[-5.90904,37.27606],[-5.90954,37.27663],[-5.91053,37.27685],[-5.9104,37.27756],[-5.91103,37.27773],[-5.91155,37.27726],[-5.91115,37.27606],[-5.90852,37.27468],[-5.90712,37.2733],[-5.90756,37.2708],[-5.90803,37.26999],[-5.90916,37.26945],[-5.91614,37.26912],[-5.91786,37.26871],[-5.91853,37.26825],[-5.91937,37.26676],[-5.92103,37.26506],[-5.92169,37.26392],[-5.92342,37.2629],[-5.92443,37.26188],[-5.92474,37.26195],[-5.92531,37.26277],[-5.92676,37.26281],[-5.92804,37.26213],[-5.92965,37.26275],[-5.93157,37.26143],[-5.9322,37.26083],[-5.93238,37.26002],[-5.93142,37.25846],[-5.93054,37.25833],[-5.92799,37.2586],[-5.9279,37.2583],[-5.92843,37.25714],[-5.92809,37.25691],[-5.92647,37.25754],[-5.92439,37.25707],[-5.92389,37.2564],[-5.92466,37.25554],[-5.92488,37.25496],[-5.92469,37.25464],[-5.92329,37.25427],[-5.92173,37.25456],[-5.91937,37.25344],[-5.91448,37.2534],[-5.91399,37.25304],[-5.91446,37.25241],[-5.91267,37.25205],[-5.91195,37.25218],[-5.91233,37.25306],[-5.91096,37.25349],[-5.90842,37.25235],[-5.90777,37.25245],[-5.90697,37.25322],[-5.90626,37.25133],[-5.90544,37.25199],[-5.90408,37.25173],[-5.90313,37.25222],[-5.9023,37.25217],[-5.90146,37.25109],[-5.89923,37.24923],[-5.89752,37.24846],[-5.89382,37.24796],[-5.8928,37.2481],[-5.89201,37.24853],[-5.89138,37.24946],[-5.89124,37.25018],[-5.89157,37.25086],[-5.89229,37.25127],[-5.89327,37.25269],[-5.89441,37.25351],[-5.89467,37.25426],[-5.89392,37.25522],[-5.89514,37.25663],[-5.89755,37.2576],[-5.8995,37.25773],[-5.89916,37.25799],[-5.89649,37.25841],[-5.89574,37.2588],[-5.89703,37.26052],[-5.8974,37.26167],[-5.89828,37.26263],[-5.89653,37.26209],[-5.89588,37.2612],[-5.89511,37.26071],[-5.8936,37.26036],[-5.89313,37.25926],[-5.89138,37.25801],[-5.88798,37.2581],[-5.88885,37.25721],[-5.88897,37.25653],[-5.88703,37.255],[-5.88563,37.25326],[-5.88496,37.25306],[-5.88403,37.25392],[-5.88344,37.25404],[-5.88259,37.25339],[-5.88233,37.25265],[-5.88291,37.25186],[-5.88335,37.25019],[-5.8832,37.24979],[-5.88286,37.24974],[-5.88172,37.25012],[-5.88138,37.2506],[-5.88161,37.2515],[-5.88146,37.25227],[-5.88169,37.2533],[-5.88153,37.25363],[-5.88071,37.25341],[-5.87909,37.25184],[-5.87849,37.25165],[-5.87818,37.25185],[-5.87737,37.25347],[-5.87732,37.2547],[-5.87619,37.2554],[-5.87633,37.25684],[-5.87685,37.25775],[-5.87668,37.25805],[-5.87625,37.2581],[-5.87579,37.25735],[-5.87479,37.25661],[-5.87389,37.25637],[-5.87139,37.25766],[-5.86915,37.25832],[-5.86688,37.26007],[-5.86548,37.26005],[-5.86547,37.25985],[-5.86643,37.25916],[-5.86779,37.25666],[-5.87038,37.25507],[-5.87075,37.25372],[-5.87223,37.2523],[-5.87144,37.25126],[-5.87322,37.25113],[-5.8743,37.25063],[-5.87458,37.25007],[-5.8745,37.24952],[-5.87357,37.24861],[-5.87317,37.24712],[-5.8719,37.24592],[-5.87253,37.24536],[-5.87228,37.24471],[-5.8711,37.24418],[-5.86967,37.24399],[-5.86672,37.24226],[-5.86599,37.24171],[-5.86528,37.24061],[-5.86427,37.24032],[-5.86357,37.23918],[-5.86197,37.23906],[-5.86055,37.23971],[-5.86048,37.23939],[-5.8608,37.23889],[-5.86215,37.23802],[-5.8628,37.2373],[-5.86274,37.23629],[-5.86248,37.23622],[-5.86124,37.23717],[-5.86084,37.23619],[-5.86038,37.23627],[-5.85981,37.23689],[-5.85962,37.23842],[-5.85871,37.2386],[-5.85839,37.23846],[-5.85822,37.23685],[-5.85756,37.2367],[-5.85601,37.23771],[-5.85534,37.23864],[-5.85534,37.23779],[-5.85464,37.23766],[-5.85503,37.23545],[-5.85481,37.23445],[-5.85456,37.23451],[-5.85441,37.23514],[-5.85388,37.23581],[-5.85247,37.23619],[-5.85184,37.23605],[-5.85103,37.23532],[-5.85143,37.23439],[-5.85141,37.23328],[-5.8505,37.23312],[-5.84948,37.23373],[-5.84882,37.23371],[-5.84771,37.23276],[-5.84759,37.2316],[-5.84657,37.2315],[-5.8466,37.23036],[-5.84626,37.23006],[-5.84499,37.23046],[-5.84402,37.22915],[-5.84305,37.22944],[-5.84363,37.23039],[-5.84375,37.2312],[-5.84317,37.2319],[-5.84328,37.23317],[-5.84282,37.23371],[-5.84219,37.23214],[-5.84251,37.23063],[-5.84195,37.22977],[-5.84103,37.22916],[-5.84051,37.2298],[-5.84021,37.22952],[-5.84012,37.22885],[-5.83963,37.22884],[-5.83939,37.2302],[-5.83918,37.23033],[-5.83831,37.22949],[-5.83655,37.22978],[-5.83529,37.23038],[-5.8335,37.22957],[-5.83339,37.22928],[-5.83419,37.22819],[-5.83389,37.2275],[-5.83137,37.22673],[-5.83106,37.22634],[-5.831,37.22527],[-5.83067,37.22455],[-5.82953,37.22404],[-5.82729,37.22189],[-5.82525,37.2207],[-5.82509,37.2194],[-5.82638,37.21825],[-5.82615,37.21781],[-5.82474,37.21697],[-5.82443,37.21524],[-5.82548,37.21582],[-5.82579,37.21576],[-5.82493,37.21414],[-5.82425,37.21363],[-5.82228,37.21287],[-5.82142,37.21216],[-5.82068,37.21043],[-5.81978,37.20944],[-5.81912,37.2074],[-5.81798,37.2064],[-5.81513,37.20526],[-5.81467,37.2043],[-5.81442,37.20278],[-5.81316,37.20254],[-5.81073,37.20263],[-5.80805,37.20132],[-5.80763,37.2016],[-5.80693,37.20276],[-5.80643,37.20288],[-5.80599,37.20167],[-5.80384,37.20052],[-5.80273,37.1986],[-5.80114,37.19748],[-5.80068,37.19781],[-5.80031,37.19957],[-5.79819,37.20079],[-5.79793,37.20014],[-5.79783,37.19773],[-5.79717,37.19722],[-5.79537,37.19658],[-5.79473,37.1954],[-5.79307,37.19337],[-5.79237,37.19177],[-5.78949,37.1878],[-5.78647,37.18451],[-5.78483,37.18349],[-5.77906,37.18179],[-5.77822,37.18124],[-5.77689,37.17962],[-5.77611,37.17901],[-5.77093,37.1774],[-5.76989,37.17678],[-5.76977,37.1763],[-5.77012,37.17572],[-5.77186,37.17432],[-5.77161,37.17364],[-5.77007,37.1733],[-5.77066,37.17223],[-5.77076,37.1712],[-5.77179,37.17163],[-5.77243,37.17139],[-5.7724,37.17091],[-5.77162,37.16996],[-5.77191,37.16914],[-5.77372,37.1692],[-5.77402,37.1685],[-5.77377,37.16785],[-5.7742,37.16775],[-5.77466,37.16859],[-5.77462,37.16922],[-5.77629,37.17055],[-5.77743,37.17021],[-5.77722,37.16884],[-5.77811,37.16855],[-5.77849,37.1678],[-5.77942,37.16784],[-5.78035,37.16875],[-5.78096,37.16863],[-5.78142,37.16824],[-5.78165,37.16731],[-5.78048,37.1671],[-5.78009,37.16594],[-5.77826,37.16532],[-5.7778,37.16496],[-5.77846,37.16358],[-5.7786,37.16242],[-5.77767,37.16127],[-5.77756,37.1595],[-5.77733,37.1591],[-5.77803,37.15828],[-5.77956,37.1585],[-5.78078,37.15745],[-5.78141,37.1559],[-5.78317,37.1548],[-5.78433,37.15373],[-5.78417,37.15305],[-5.78355,37.15306],[-5.78273,37.15387],[-5.78112,37.15431],[-5.77987,37.1551],[-5.77941,37.15478],[-5.77898,37.15491],[-5.77896,37.1558],[-5.77865,37.15629],[-5.77771,37.15677],[-5.77746,37.15636],[-5.77712,37.15627],[-5.77692,37.15706],[-5.77633,37.1574],[-5.77556,37.15711],[-5.77422,37.15601],[-5.77402,37.15531],[-5.77426,37.15459],[-5.77693,37.15291],[-5.77926,37.15222],[-5.77972,37.15176],[-5.78081,37.15149],[-5.78074,37.15067],[-5.77891,37.15036],[-5.77727,37.15054],[-5.77546,37.15094],[-5.77456,37.15181],[-5.77355,37.15169],[-5.77305,37.15235],[-5.77213,37.152],[-5.7715,37.1521],[-5.77046,37.15343],[-5.76903,37.15387],[-5.76861,37.15455],[-5.76866,37.15532],[-5.7681,37.15594],[-5.76777,37.15698],[-5.76733,37.15726],[-5.76703,37.15717],[-5.76684,37.15649],[-5.76635,37.15621],[-5.76188,37.15615],[-5.7616,37.15587],[-5.76185,37.15524],[-5.76165,37.15451],[-5.76137,37.15429],[-5.76069,37.15479],[-5.76012,37.15377],[-5.75883,37.1543],[-5.75828,37.15509],[-5.75875,37.15658],[-5.75869,37.15717],[-5.75747,37.1557],[-5.75496,37.15569],[-5.75512,37.1551],[-5.75652,37.15484],[-5.7583,37.15257],[-5.75983,37.15145],[-5.75987,37.15049],[-5.76011,37.15032],[-5.763,37.14997],[-5.76474,37.15045],[-5.76528,37.15023],[-5.76579,37.14958],[-5.76483,37.14931],[-5.76384,37.14953],[-5.76313,37.1493],[-5.76246,37.14946],[-5.76183,37.14871],[-5.76057,37.14877],[-5.76048,37.14837],[-5.75966,37.1478],[-5.75744,37.14843],[-5.75851,37.14749],[-5.75829,37.14721],[-5.75729,37.14691],[-5.75742,37.14654],[-5.75791,37.14638],[-5.75923,37.14658],[-5.75903,37.14595],[-5.75962,37.14556],[-5.75986,37.14463],[-5.76095,37.14474],[-5.76168,37.1444],[-5.76299,37.14426],[-5.76346,37.14401],[-5.7639,37.1433],[-5.76407,37.14278],[-5.76379,37.14174],[-5.76294,37.14091],[-5.76197,37.14054],[-5.7599,37.14102],[-5.75849,37.14165],[-5.75783,37.14242],[-5.75753,37.14352],[-5.75474,37.14645],[-5.75457,37.14711],[-5.75315,37.14796],[-5.75316,37.14886],[-5.7521,37.1496],[-5.75115,37.14952],[-5.74994,37.15142],[-5.7495,37.1514],[-5.74913,37.15107],[-5.74913,37.15053],[-5.7498,37.14944],[-5.74965,37.14903],[-5.74897,37.14854],[-5.74899,37.14756],[-5.74692,37.14826],[-5.74555,37.14947],[-5.74557,37.14969],[-5.74597,37.14974],[-5.74605,37.15021],[-5.74647,37.15038],[-5.7466,37.15099],[-5.74696,37.15124],[-5.74693,37.1516],[-5.74664,37.15173],[-5.74508,37.15107],[-5.74494,37.14997],[-5.7443,37.14997],[-5.74323,37.15044],[-5.74253,37.15028],[-5.744,37.14886],[-5.74403,37.14793],[-5.74515,37.14709],[-5.74539,37.14624],[-5.74698,37.14506],[-5.74646,37.14428],[-5.74649,37.14354],[-5.74618,37.14327],[-5.74523,37.14334],[-5.74414,37.14376],[-5.74374,37.14427],[-5.74381,37.14518],[-5.74345,37.14584],[-5.74141,37.14614],[-5.73921,37.14827],[-5.73849,37.1485],[-5.73788,37.14842],[-5.73922,37.14771],[-5.73905,37.14682],[-5.73994,37.1466],[-5.74071,37.14566],[-5.74228,37.14495],[-5.74212,37.14402],[-5.74291,37.14239],[-5.74448,37.14071],[-5.74412,37.1404],[-5.74125,37.14087],[-5.74127,37.14041],[-5.74302,37.13982],[-5.74316,37.13957],[-5.74058,37.13918],[-5.7407,37.13796],[-5.74002,37.1372],[-5.73942,37.13716],[-5.7376,37.13796],[-5.73765,37.13754],[-5.73862,37.13635],[-5.7385,37.13482],[-5.73604,37.1334],[-5.7342,37.13366],[-5.73255,37.13352],[-5.73249,37.1333],[-5.73357,37.13284],[-5.73371,37.13256],[-5.73296,37.13221],[-5.73219,37.13234],[-5.732,37.13202],[-5.73215,37.13179],[-5.73313,37.13121],[-5.7342,37.13112],[-5.73811,37.13165],[-5.7388,37.13111],[-5.73922,37.13025],[-5.73959,37.1311],[-5.73997,37.13127],[-5.74047,37.13113],[-5.74091,37.13045],[-5.74126,37.13033],[-5.74153,37.13086],[-5.74393,37.13134],[-5.74609,37.13091],[-5.74629,37.1313],[-5.74619,37.13182],[-5.74537,37.1329],[-5.74515,37.13372],[-5.74549,37.13467],[-5.74615,37.13532],[-5.7489,37.13559],[-5.7501,37.1361],[-5.75113,37.13616],[-5.75174,37.13594],[-5.75344,37.13432],[-5.75385,37.13457],[-5.75433,37.13546],[-5.75561,37.13587],[-5.75618,37.13567],[-5.75692,37.13334],[-5.75671,37.13253],[-5.75536,37.13196],[-5.75338,37.13265],[-5.75282,37.1318],[-5.75576,37.12952],[-5.75613,37.12904],[-5.75617,37.12857],[-5.75541,37.12832],[-5.7541,37.12841],[-5.7525,37.1294],[-5.752,37.12939],[-5.75196,37.12809],[-5.75101,37.12774],[-5.75091,37.1275],[-5.7513,37.12622],[-5.75222,37.1251],[-5.75362,37.12399],[-5.75394,37.12431],[-5.75323,37.12581],[-5.75409,37.12597],[-5.75471,37.12521],[-5.75513,37.12603],[-5.75554,37.12625],[-5.75693,37.12573],[-5.75757,37.12522],[-5.75728,37.12401],[-5.75771,37.12396],[-5.7586,37.12467],[-5.75911,37.12465],[-5.76065,37.12329],[-5.75991,37.12143],[-5.76059,37.12119],[-5.76131,37.12051],[-5.7615,37.12082],[-5.76128,37.12218],[-5.76196,37.12253],[-5.76289,37.12185],[-5.76435,37.12189],[-5.76532,37.12108],[-5.76615,37.1209],[-5.76646,37.12047],[-5.7665,37.11982],[-5.76758,37.11988],[-5.768,37.11963],[-5.76881,37.1182],[-5.77144,37.11505],[-5.77325,37.11402],[-5.77443,37.11265],[-5.77652,37.1116],[-5.77685,37.11075],[-5.77782,37.11043],[-5.77849,37.1089],[-5.77806,37.10819],[-5.77795,37.10727],[-5.77628,37.1081],[-5.77511,37.10736],[-5.77358,37.10727],[-5.77342,37.10708],[-5.77511,37.10495],[-5.77441,37.1043],[-5.777,37.10261],[-5.7784,37.10088],[-5.77801,37.10076],[-5.77669,37.10135],[-5.77521,37.10145],[-5.77385,37.10301],[-5.77265,37.10304],[-5.77195,37.10338],[-5.77097,37.10328],[-5.77091,37.10363],[-5.77149,37.10476],[-5.77131,37.10526],[-5.77017,37.10607],[-5.76949,37.10753],[-5.76767,37.10904],[-5.76736,37.10882],[-5.76732,37.10809],[-5.76812,37.1064],[-5.76815,37.10586],[-5.76647,37.10406],[-5.7645,37.1041],[-5.76389,37.10496],[-5.76316,37.10408],[-5.76172,37.10423],[-5.76092,37.10384],[-5.76029,37.10384],[-5.75972,37.10418],[-5.75912,37.10526],[-5.75856,37.10477],[-5.75694,37.1053],[-5.75624,37.10664],[-5.75592,37.10657],[-5.75561,37.10583],[-5.75385,37.10568],[-5.75327,37.10586],[-5.75251,37.10664],[-5.75138,37.10684],[-5.75109,37.10727],[-5.75101,37.10852],[-5.75186,37.10917],[-5.7531,37.11076],[-5.75484,37.11182],[-5.75591,37.11194],[-5.75703,37.11285],[-5.75848,37.1128],[-5.76034,37.11362],[-5.75787,37.11451],[-5.75809,37.11562],[-5.75912,37.1157],[-5.75929,37.11596],[-5.75889,37.11631],[-5.75808,37.11651],[-5.75812,37.11744],[-5.75784,37.11845],[-5.7563,37.12005],[-5.75641,37.11832],[-5.75688,37.11741],[-5.75695,37.11646],[-5.75671,37.1157],[-5.75601,37.11497],[-5.75608,37.11424],[-5.7555,37.11304],[-5.75447,37.11269],[-5.75392,37.11221],[-5.75298,37.112],[-5.75189,37.11123],[-5.751,37.1112],[-5.75088,37.11215],[-5.75113,37.11299],[-5.75232,37.11424],[-5.75222,37.11468],[-5.75144,37.11514],[-5.75157,37.11428],[-5.75016,37.11259],[-5.7502,37.11198],[-5.7497,37.11048],[-5.74909,37.10988],[-5.74807,37.10944],[-5.74386,37.11099],[-5.74309,37.1127],[-5.74256,37.11177],[-5.74262,37.11142],[-5.74073,37.11176],[-5.73965,37.11277],[-5.73859,37.11324],[-5.73754,37.11462],[-5.7356,37.11568],[-5.73492,37.11631],[-5.73279,37.11638],[-5.73205,37.11785],[-5.73073,37.11935],[-5.73028,37.12033],[-5.7292,37.1214],[-5.7291,37.1218],[-5.72973,37.12206],[-5.72972,37.12241],[-5.72909,37.12287],[-5.72872,37.12359],[-5.72702,37.12421],[-5.72689,37.1253],[-5.7252,37.12655],[-5.72538,37.1271],[-5.72519,37.12877],[-5.72408,37.12921],[-5.72414,37.12965],[-5.72457,37.13016],[-5.72382,37.13138],[-5.7238,37.13382],[-5.72196,37.13484],[-5.72133,37.13473],[-5.72146,37.13426],[-5.7225,37.13414],[-5.72256,37.13362],[-5.72325,37.13317],[-5.72245,37.13233],[-5.72277,37.13112],[-5.72362,37.13066],[-5.72342,37.12955],[-5.72301,37.12923],[-5.72289,37.12875],[-5.72312,37.12831],[-5.7238,37.12797],[-5.72369,37.12721],[-5.72397,37.12662],[-5.72379,37.126],[-5.72434,37.12544],[-5.72383,37.12424],[-5.724,37.12332],[-5.72173,37.12132],[-5.72255,37.12134],[-5.72345,37.12188],[-5.72379,37.1224],[-5.72508,37.12249],[-5.72723,37.12189],[-5.7277,37.12144],[-5.72783,37.12041],[-5.72831,37.11973],[-5.72809,37.11913],[-5.72872,37.11871],[-5.72927,37.11784],[-5.72841,37.11767],[-5.7271,37.11659],[-5.72542,37.1168],[-5.72443,37.11536],[-5.72614,37.11442],[-5.72591,37.11374],[-5.72704,37.112],[-5.7274,37.1119],[-5.72766,37.11236],[-5.72837,37.11193],[-5.73085,37.11115],[-5.73138,37.11069],[-5.7316,37.10828],[-5.73135,37.10753],[-5.73213,37.10682],[-5.73227,37.10633],[-5.73199,37.10463],[-5.73057,37.10346],[-5.7301,37.10337],[-5.7293,37.10382],[-5.72898,37.10349],[-5.73025,37.10161],[-5.73135,37.10186],[-5.73266,37.10176],[-5.73307,37.10075],[-5.73497,37.10017],[-5.73457,37.09982],[-5.73333,37.09954],[-5.73301,37.09868],[-5.73229,37.09805],[-5.7328,37.09794],[-5.73364,37.09819],[-5.73355,37.09904],[-5.73434,37.09942],[-5.73621,37.09936],[-5.73765,37.09858],[-5.73779,37.09771],[-5.73805,37.09762],[-5.74046,37.09903],[-5.74143,37.09932],[-5.74344,37.09935],[-5.74423,37.09921],[-5.74812,37.09726],[-5.74847,37.09746],[-5.74838,37.09768],[-5.74804,37.09821],[-5.74665,37.09929],[-5.74639,37.10004],[-5.74647,37.10042],[-5.7469,37.10056],[-5.74723,37.10177],[-5.74845,37.10222],[-5.75132,37.10218],[-5.75242,37.10158],[-5.75343,37.09974],[-5.755,37.09801],[-5.75312,37.09788],[-5.75386,37.09767],[-5.75447,37.0965],[-5.75377,37.09608],[-5.75371,37.09532],[-5.75303,37.09493],[-5.75482,37.09458],[-5.75356,37.09421],[-5.75433,37.09389],[-5.75473,37.09313],[-5.75602,37.09375],[-5.75716,37.09363],[-5.75726,37.09273],[-5.75823,37.09212],[-5.75879,37.09128],[-5.75882,37.09055],[-5.76043,37.09038],[-5.76152,37.08974],[-5.76257,37.08953],[-5.76306,37.08876],[-5.76429,37.08803],[-5.76461,37.08758],[-5.76375,37.08696],[-5.76372,37.08656],[-5.76284,37.08604],[-5.76304,37.0857],[-5.76388,37.08549],[-5.76417,37.08512],[-5.76106,37.08489],[-5.76032,37.08337],[-5.76166,37.08228],[-5.76334,37.08035],[-5.76363,37.07953],[-5.76313,37.07921],[-5.76107,37.08011],[-5.75856,37.08072],[-5.75779,37.08221],[-5.75795,37.08324],[-5.75607,37.08323],[-5.75371,37.08462],[-5.75369,37.08518],[-5.75265,37.0854],[-5.75265,37.08582],[-5.75429,37.08567],[-5.75424,37.086],[-5.75338,37.08677],[-5.75399,37.08769],[-5.75358,37.08848],[-5.75265,37.08765],[-5.75182,37.08725],[-5.75027,37.08815],[-5.74948,37.08813],[-5.74881,37.08781],[-5.74711,37.08842],[-5.74665,37.08874],[-5.74648,37.08918],[-5.74681,37.0901],[-5.74622,37.08982],[-5.74531,37.09014],[-5.74444,37.08995],[-5.74436,37.08982],[-5.74571,37.08901],[-5.74586,37.08802],[-5.74523,37.08757],[-5.74504,37.08675],[-5.74605,37.08689],[-5.74682,37.08654],[-5.7488,37.08631],[-5.74973,37.08585],[-5.75017,37.08508],[-5.75012,37.08462],[-5.74979,37.08437],[-5.74852,37.08471],[-5.74813,37.08387],[-5.74634,37.08431],[-5.74663,37.08337],[-5.7462,37.08297],[-5.74364,37.08412],[-5.74372,37.08266],[-5.748,37.07988],[-5.7478,37.07969],[-5.74671,37.08],[-5.74686,37.07931],[-5.74578,37.07912],[-5.74605,37.07848],[-5.74701,37.07799],[-5.74706,37.07757],[-5.74656,37.07733],[-5.74528,37.0781],[-5.74419,37.0782],[-5.74403,37.07936],[-5.74383,37.07945],[-5.74338,37.07903],[-5.74315,37.07908],[-5.74282,37.07984],[-5.74357,37.08098],[-5.74348,37.08131],[-5.74264,37.0816],[-5.74205,37.08221],[-5.74055,37.08132],[-5.74021,37.08202],[-5.73945,37.0818],[-5.73864,37.08201],[-5.73855,37.08303],[-5.73651,37.0825],[-5.73617,37.08269],[-5.73642,37.0834],[-5.73623,37.08364],[-5.73488,37.08332],[-5.73338,37.08381],[-5.7307,37.08617],[-5.73031,37.08681],[-5.73048,37.08724],[-5.73032,37.08765],[-5.72957,37.08805],[-5.72966,37.08748],[-5.72929,37.08686],[-5.7295,37.08643],[-5.7313,37.08484],[-5.73215,37.08343],[-5.73302,37.08294],[-5.73329,37.08249],[-5.73329,37.08163],[-5.73452,37.08146],[-5.73637,37.08016],[-5.73795,37.08026],[-5.7396,37.07971],[-5.74222,37.07822],[-5.74361,37.07706],[-5.74487,37.07556],[-5.7448,37.07526],[-5.74376,37.07508],[-5.74414,37.07429],[-5.74397,37.07411],[-5.7431,37.07395],[-5.74201,37.0742],[-5.74153,37.07379],[-5.74167,37.07256],[-5.74255,37.07219],[-5.74271,37.07182],[-5.74219,37.07145],[-5.742,37.07083],[-5.74106,37.07044],[-5.74145,37.06939],[-5.7407,37.06935],[-5.74032,37.06873],[-5.73881,37.0686],[-5.7373,37.06808],[-5.74049,37.06821],[-5.74258,37.06755],[-5.74448,37.06734],[-5.74667,37.06639],[-5.74728,37.06648],[-5.74769,37.06697],[-5.74492,37.06961],[-5.74424,37.07143],[-5.74693,37.07152],[-5.74707,37.07312],[-5.74743,37.07358],[-5.74721,37.07479],[-5.7483,37.07538],[-5.74983,37.07499],[-5.75122,37.07573],[-5.75116,37.07685],[-5.75178,37.07813],[-5.75125,37.07919],[-5.75177,37.07977],[-5.75293,37.07978],[-5.75334,37.07956],[-5.75358,37.07897],[-5.75535,37.07789],[-5.75577,37.07664],[-5.75542,37.07589],[-5.75495,37.07555],[-5.75308,37.07509],[-5.75235,37.07515],[-5.75257,37.07464],[-5.75242,37.0738],[-5.75285,37.07371],[-5.75362,37.07417],[-5.75528,37.0746],[-5.75693,37.07425],[-5.75735,37.07389],[-5.757,37.07199],[-5.75732,37.0717],[-5.75922,37.07158],[-5.75943,37.0713],[-5.75924,37.07063],[-5.75855,37.07031],[-5.75873,37.0697],[-5.7585,37.06928],[-5.75792,37.06875],[-5.75753,37.0687],[-5.75709,37.0695],[-5.75594,37.06948],[-5.75519,37.07096],[-5.75439,37.07131],[-5.75364,37.07114],[-5.75285,37.07128],[-5.75272,37.07037],[-5.75307,37.06977],[-5.75239,37.06954],[-5.75203,37.06861],[-5.75009,37.06898],[-5.74981,37.0686],[-5.749,37.06835],[-5.74898,37.06756],[-5.74813,37.06709],[-5.75031,37.06622],[-5.75154,37.06601],[-5.75246,37.06625],[-5.75327,37.06756],[-5.75422,37.06767],[-5.75763,37.06652],[-5.75792,37.06623],[-5.75799,37.06522],[-5.75962,37.06501],[-5.76005,37.06513],[-5.76009,37.06535],[-5.75983,37.06689],[-5.75996,37.06725],[-5.76185,37.06808],[-5.76268,37.06784],[-5.76291,37.06748],[-5.76228,37.06692],[-5.76236,37.06608],[-5.76147,37.06529],[-5.76181,37.06492],[-5.76336,37.06452],[-5.76371,37.06382],[-5.76318,37.06355],[-5.76197,37.06367],[-5.76124,37.06404],[-5.76054,37.06367],[-5.76009,37.06377],[-5.76099,37.06257],[-5.76048,37.06211],[-5.76061,37.06155],[-5.7619,37.06197],[-5.76289,37.06167],[-5.76212,37.06115],[-5.76243,37.06048],[-5.76152,37.0595],[-5.7611,37.05808],[-5.76033,37.05793],[-5.75958,37.0574],[-5.76042,37.05652],[-5.75984,37.05577],[-5.75985,37.05512],[-5.75801,37.05502],[-5.75574,37.05634],[-5.75563,37.05593],[-5.75685,37.05498],[-5.75941,37.05355],[-5.76314,37.05469],[-5.7637,37.0546],[-5.76395,37.05388],[-5.76338,37.05321],[-5.76166,37.0527],[-5.76175,37.05127],[-5.75992,37.05112],[-5.75981,37.05004],[-5.75953,37.04963],[-5.75874,37.04962],[-5.75693,37.05158],[-5.75652,37.05164],[-5.75687,37.0508],[-5.75685,37.04993],[-5.75733,37.04959],[-5.75856,37.04673],[-5.75831,37.04622],[-5.75723,37.04587],[-5.75645,37.04475],[-5.75606,37.04454],[-5.75398,37.04543],[-5.75194,37.04974],[-5.74869,37.05162],[-5.74675,37.05196],[-5.74522,37.05353],[-5.74531,37.05255],[-5.74447,37.05175],[-5.74415,37.05079],[-5.74299,37.05042],[-5.74372,37.04981],[-5.74364,37.04888],[-5.74432,37.04775],[-5.74429,37.04719],[-5.74386,37.04681],[-5.7426,37.04655],[-5.74175,37.04691],[-5.73922,37.0504],[-5.73757,37.05176],[-5.73393,37.05118],[-5.73377,37.05079],[-5.73398,37.04974],[-5.73187,37.05119],[-5.73059,37.0514],[-5.72815,37.05231],[-5.72743,37.05208],[-5.72696,37.05277],[-5.72717,37.05369],[-5.72645,37.05336],[-5.7256,37.05105],[-5.72475,37.05067],[-5.724,37.05094],[-5.72426,37.05186],[-5.724,37.05243],[-5.723,37.0519],[-5.72094,37.05289],[-5.71962,37.05287],[-5.71837,37.05324],[-5.7174,37.05393],[-5.71569,37.05665],[-5.71401,37.05787],[-5.71318,37.05916],[-5.71258,37.05951],[-5.71216,37.06077],[-5.71169,37.06134],[-5.70941,37.06255],[-5.7093,37.0631],[-5.70955,37.06366],[-5.70852,37.06379],[-5.70812,37.06405],[-5.70763,37.06495],[-5.70742,37.06665],[-5.70679,37.06761],[-5.70554,37.07255],[-5.70488,37.07285],[-5.70375,37.07405],[-5.70249,37.07623],[-5.70199,37.07781],[-5.70204,37.07872],[-5.70258,37.08],[-5.70225,37.08005],[-5.70064,37.07887],[-5.70025,37.07824],[-5.70045,37.07742],[-5.70026,37.07728],[-5.698,37.07755],[-5.69787,37.07736],[-5.69968,37.07657],[-5.69981,37.07563],[-5.70047,37.07441],[-5.70245,37.07167],[-5.70234,37.07119],[-5.70146,37.07112],[-5.69861,37.07232],[-5.69624,37.07288],[-5.69688,37.07217],[-5.69906,37.07123],[-5.69999,37.06982],[-5.70221,37.06936],[-5.70268,37.06901],[-5.70348,37.06713],[-5.7049,37.06587],[-5.70625,37.06196],[-5.70646,37.06053],[-5.70562,37.05959],[-5.70697,37.0594],[-5.70817,37.05886],[-5.71035,37.05629],[-5.71051,37.05555],[-5.71107,37.05489],[-5.71114,37.05427],[-5.71302,37.05386],[-5.71353,37.05299],[-5.71309,37.05194],[-5.71332,37.05134],[-5.71234,37.05045],[-5.71212,37.04945],[-5.71345,37.0491],[-5.71355,37.04797],[-5.71434,37.04813],[-5.71525,37.04894],[-5.71574,37.04856],[-5.715,37.04714],[-5.71389,37.04656],[-5.71422,37.04611],[-5.71417,37.04549],[-5.71524,37.04616],[-5.71627,37.04728],[-5.71721,37.04756],[-5.71806,37.04873],[-5.71877,37.04805],[-5.7203,37.04771],[-5.72068,37.04731],[-5.71973,37.04682],[-5.71912,37.04594],[-5.71896,37.04522],[-5.71926,37.04372],[-5.71899,37.04327],[-5.71691,37.04225],[-5.71664,37.04153],[-5.71531,37.04079],[-5.71456,37.03964],[-5.71389,37.03939],[-5.71422,37.03687],[-5.71502,37.03597],[-5.71457,37.035],[-5.71206,37.03346],[-5.71175,37.03217],[-5.71136,37.03183],[-5.71013,37.03157],[-5.70783,37.03021],[-5.70538,37.02944],[-5.70496,37.02898],[-5.70498,37.02751],[-5.70466,37.02704],[-5.70383,37.0267],[-5.70286,37.02673],[-5.70157,37.02721],[-5.70108,37.0279],[-5.70007,37.02838],[-5.69628,37.02837],[-5.69284,37.02956],[-5.69053,37.02943],[-5.68817,37.02878],[-5.68724,37.02819],[-5.68845,37.02718],[-5.69102,37.02621],[-5.69368,37.02595],[-5.69503,37.02522],[-5.69779,37.02521],[-5.69864,37.02431],[-5.69868,37.02216],[-5.69984,37.0214],[-5.70047,37.02126],[-5.70215,37.02162],[-5.70525,37.0235],[-5.70794,37.02435],[-5.71056,37.0245],[-5.71181,37.0243],[-5.7124,37.02407],[-5.71328,37.02307],[-5.71367,37.02297],[-5.71464,37.02404],[-5.71435,37.02549],[-5.71502,37.02766],[-5.71501,37.02879],[-5.71672,37.02881],[-5.71727,37.02909],[-5.71785,37.02998],[-5.718,37.03159],[-5.71834,37.03188],[-5.7186,37.03378],[-5.71962,37.03692],[-5.72069,37.03744],[-5.72388,37.03726],[-5.72512,37.03766],[-5.72596,37.03852],[-5.72657,37.04125],[-5.72747,37.04238],[-5.72936,37.04288],[-5.73031,37.04159],[-5.7309,37.04139],[-5.7317,37.04149],[-5.73209,37.04239],[-5.73258,37.04266],[-5.73444,37.04286],[-5.73502,37.04245],[-5.73487,37.04144],[-5.73518,37.04034],[-5.736,37.0414],[-5.73649,37.04156],[-5.7381,37.04106],[-5.73902,37.04017],[-5.73987,37.0412],[-5.74233,37.04139],[-5.74313,37.04093],[-5.7438,37.04169],[-5.74498,37.04094],[-5.74516,37.04295],[-5.7456,37.04441],[-5.74621,37.04493],[-5.74678,37.0449],[-5.75006,37.04178],[-5.75122,37.04034],[-5.75268,37.03928],[-5.75291,37.03877],[-5.75272,37.03799],[-5.75297,37.03765],[-5.75445,37.03716],[-5.75666,37.03691],[-5.75613,37.03546],[-5.75717,37.03411],[-5.75696,37.03384],[-5.7563,37.03381],[-5.75089,37.03452],[-5.75139,37.03241],[-5.74999,37.0318],[-5.74931,37.03249],[-5.74881,37.03368],[-5.74854,37.03271],[-5.74765,37.03281],[-5.74745,37.03265],[-5.74888,37.03156],[-5.74884,37.03116],[-5.74829,37.03089],[-5.74827,37.02962],[-5.74807,37.02938],[-5.74701,37.02964],[-5.74579,37.03082],[-5.74418,37.03112],[-5.74459,37.03033],[-5.74434,37.03002],[-5.74417,37.02885],[-5.74564,37.02797],[-5.74512,37.02631],[-5.74542,37.02562],[-5.74593,37.0252],[-5.745,37.02509],[-5.74492,37.02481],[-5.74638,37.02385],[-5.74545,37.02294],[-5.74682,37.023],[-5.74698,37.02267],[-5.74633,37.02106],[-5.74577,37.02056],[-5.74566,37.01974],[-5.74463,37.01913],[-5.74368,37.0196],[-5.74398,37.01899],[-5.74213,37.01524],[-5.74344,37.01508],[-5.74217,37.01448],[-5.74228,37.01372],[-5.74302,37.01255],[-5.74267,37.01159],[-5.74171,37.01043],[-5.7416,37.00996],[-5.74203,37.00922],[-5.74436,37.00817],[-5.74515,37.00666],[-5.74722,37.00513],[-5.7476,37.00275],[-5.74641,37.00156],[-5.7448,37.00154],[-5.74342,37.00099],[-5.74389,36.9988],[-5.74375,36.99744],[-5.74346,36.99698],[-5.74162,36.99756],[-5.7404,36.99767],[-5.73886,36.99704],[-5.73856,36.99616],[-5.73809,36.99609],[-5.73607,36.9974],[-5.73486,36.99747],[-5.7338,36.99827],[-5.73235,36.99857],[-5.73087,36.99776],[-5.73107,36.997],[-5.73055,36.9955],[-5.73081,36.99536],[-5.7331,36.99649],[-5.73378,36.99653],[-5.73476,36.99607],[-5.73543,36.99473],[-5.73583,36.9944],[-5.73843,36.99391],[-5.73974,36.99403],[-5.74075,36.99447],[-5.74184,36.99588],[-5.74402,36.99543],[-5.74502,36.99561],[-5.74612,36.99616],[-5.74687,36.99697],[-5.74723,36.99846],[-5.74702,37.00009],[-5.74717,37.00074],[-5.74797,37.00185],[-5.74886,37.00241],[-5.74868,37.0037],[-5.74938,37.00571],[-5.7493,37.00622],[-5.74841,37.00761],[-5.74566,37.01059],[-5.74617,37.01156],[-5.74631,37.01394],[-5.74701,37.0156],[-5.74965,37.01565],[-5.7508,37.01725],[-5.7517,37.01764],[-5.75067,37.01907],[-5.75094,37.02108],[-5.7502,37.02444],[-5.75049,37.02497],[-5.75149,37.02482],[-5.75083,37.02623],[-5.75019,37.02683],[-5.75072,37.02971],[-5.75102,37.02989],[-5.75194,37.02949],[-5.7531,37.0297],[-5.75352,37.02913],[-5.75462,37.02885],[-5.75515,37.02781],[-5.75596,37.02816],[-5.75737,37.02753],[-5.75802,37.02753],[-5.75714,37.02932],[-5.7576,37.03013],[-5.75743,37.03171],[-5.75797,37.03254],[-5.75923,37.03327],[-5.75952,37.03406],[-5.75855,37.03573],[-5.75796,37.04011],[-5.76004,37.04243],[-5.76054,37.04267],[-5.76185,37.04128],[-5.76313,37.04112],[-5.76401,37.03957],[-5.76527,37.03851],[-5.76564,37.03863],[-5.76621,37.03985],[-5.76747,37.03958],[-5.76731,37.03854],[-5.76746,37.03701],[-5.7687,37.03582],[-5.76882,37.03417],[-5.76838,37.03304],[-5.76926,37.03082],[-5.76908,37.02943],[-5.76981,37.02808],[-5.76994,37.02732],[-5.77093,37.02602],[-5.77198,37.02618],[-5.77254,37.02746],[-5.77458,37.02859],[-5.77468,37.02895],[-5.77405,37.02991],[-5.77409,37.03051],[-5.77467,37.03153],[-5.77535,37.03178],[-5.7761,37.03163],[-5.77601,37.02951],[-5.77625,37.02912],[-5.77846,37.02843],[-5.7797,37.02901],[-5.77989,37.03026],[-5.78074,37.03114],[-5.78069,37.03165],[-5.77967,37.03226],[-5.77812,37.03201],[-5.77697,37.03249],[-5.77639,37.03353],[-5.77651,37.03522],[-5.77756,37.03752],[-5.77833,37.03795],[-5.77926,37.03769],[-5.77991,37.03704],[-5.78027,37.03433],[-5.78078,37.0344],[-5.78143,37.03518],[-5.78159,37.03655],[-5.78101,37.03915],[-5.78114,37.04043],[-5.78033,37.04147],[-5.78057,37.0425],[-5.78039,37.04373],[-5.78106,37.04415],[-5.782,37.04402],[-5.78216,37.04433],[-5.78109,37.04518],[-5.78006,37.04688],[-5.78045,37.04772],[-5.78037,37.05301],[-5.77678,37.05655],[-5.77695,37.05833],[-5.77664,37.05877],[-5.77543,37.05937],[-5.77503,37.06014],[-5.77551,37.06041],[-5.77668,37.06009],[-5.7805,37.05788],[-5.78133,37.05798],[-5.78233,37.0586],[-5.78252,37.05897],[-5.7823,37.05937],[-5.78094,37.06036],[-5.78052,37.06183],[-5.78057,37.06254],[-5.78077,37.06258],[-5.78117,37.06187],[-5.78348,37.06081],[-5.78454,37.0596],[-5.78565,37.05923],[-5.78621,37.0586],[-5.78753,37.05776],[-5.78839,37.05671],[-5.78974,37.05608],[-5.78961,37.05515],[-5.78877,37.05479],[-5.78781,37.05387],[-5.7887,37.05305],[-5.78883,37.05263],[-5.78849,37.05129],[-5.78743,37.05087],[-5.78727,37.05037],[-5.78897,37.05078],[-5.79331,37.04869],[-5.79363,37.04789],[-5.79336,37.04754],[-5.79045,37.047],[-5.79015,37.0464],[-5.79069,37.04595],[-5.79158,37.04631],[-5.79218,37.04617],[-5.79422,37.04441],[-5.79547,37.0423],[-5.79589,37.04077],[-5.79584,37.03969],[-5.79488,37.03813],[-5.79411,37.03756],[-5.79231,37.03766],[-5.79121,37.03866],[-5.79086,37.03872],[-5.79071,37.03852],[-5.79026,37.03669],[-5.79101,37.03535],[-5.79073,37.0334],[-5.79125,37.03221],[-5.79075,37.0315],[-5.79028,37.03145],[-5.78899,37.03259],[-5.78851,37.0344],[-5.78774,37.03482],[-5.78725,37.03541],[-5.78641,37.03549],[-5.7847,37.03476],[-5.7846,37.03373],[-5.78515,37.03193],[-5.78399,37.03052],[-5.78406,37.03004],[-5.78548,37.02822],[-5.78709,37.02906],[-5.78753,37.02912],[-5.78764,37.02895],[-5.78738,37.02789],[-5.78698,37.02747],[-5.78571,37.02787],[-5.78523,37.02749],[-5.7842,37.02298],[-5.78463,37.0223],[-5.78461,37.0218],[-5.78355,37.0204],[-5.78271,37.01981],[-5.78232,37.01984],[-5.78203,37.0207],[-5.78182,37.02062],[-5.78176,37.01927],[-5.77945,37.01682],[-5.77911,37.01693],[-5.77852,37.01907],[-5.778,37.01965],[-5.77723,37.01953],[-5.77602,37.01837],[-5.77741,37.0174],[-5.77765,37.01696],[-5.7773,37.01667],[-5.77619,37.01654],[-5.77584,37.01616],[-5.77791,37.01589],[-5.77802,37.01418],[-5.77776,37.01404],[-5.7771,37.01451],[-5.77664,37.01454],[-5.77627,37.01372],[-5.77506,37.01374],[-5.77616,37.0131],[-5.77713,37.01121],[-5.77681,37.01094],[-5.77528,37.01097],[-5.77423,37.01051],[-5.77306,37.01058],[-5.77297,37.01017],[-5.77326,37.00973],[-5.77441,37.00917],[-5.77475,37.00871],[-5.77144,37.00704],[-5.77256,37.00697],[-5.77333,37.00659],[-5.7738,37.00561],[-5.7738,37.00478],[-5.77212,37.00298],[-5.7718,37.00181],[-5.76731,37.00015],[-5.7672,36.99983],[-5.76776,36.99911],[-5.76767,36.99839],[-5.76848,36.99816],[-5.76929,36.99718],[-5.76987,36.9988],[-5.77034,36.99938],[-5.77049,37.00038],[-5.77104,37.00071],[-5.77413,36.99892],[-5.77502,36.99803],[-5.77583,36.99624],[-5.77681,36.99507],[-5.77721,36.99401],[-5.77683,36.99251],[-5.77745,36.99162],[-5.77771,36.99172],[-5.77772,36.99608],[-5.77667,36.99675],[-5.77612,36.99956],[-5.77542,37.00012],[-5.77525,37.00056],[-5.77657,37.00175],[-5.77881,37.0006],[-5.77952,37.00131],[-5.77881,37.00207],[-5.7797,37.00248],[-5.77854,37.00358],[-5.77832,37.00416],[-5.77842,37.00465],[-5.77938,37.0053],[-5.78002,37.00534],[-5.78107,37.00499],[-5.7813,37.00513],[-5.78013,37.00642],[-5.78021,37.00753],[-5.77918,37.00802],[-5.77909,37.00845],[-5.77965,37.00892],[-5.77987,37.00982],[-5.78139,37.00987],[-5.78208,37.01042],[-5.7827,37.01058],[-5.78447,37.01],[-5.78688,37.01044],[-5.79035,37.00841],[-5.79256,37.0086],[-5.79347,37.00834],[-5.79612,37.0067],[-5.79734,37.00642],[-5.80112,37.0048],[-5.80419,37.00269],[-5.80506,37.00185],[-5.80862,37.00122],[-5.8088,37.00133],[-5.80868,37.0015],[-5.80387,37.00455],[-5.80274,37.00687],[-5.80049,37.00877],[-5.79894,37.01093],[-5.79905,37.01136],[-5.79965,37.01199],[-5.7998,37.01289],[-5.80069,37.01404],[-5.80067,37.01481],[-5.80128,37.01522],[-5.80196,37.01455],[-5.80227,37.01495],[-5.80254,37.01578],[-5.80222,37.01712],[-5.80248,37.01756],[-5.80399,37.0187],[-5.80532,37.01913],[-5.80609,37.02014],[-5.80826,37.01982],[-5.80893,37.02116],[-5.80932,37.02114],[-5.80983,37.02],[-5.80957,37.01897],[-5.80972,37.01799],[-5.81041,37.01678],[-5.81109,37.01393],[-5.81107,37.01257],[-5.81292,37.01008],[-5.81359,37.00797],[-5.81484,37.01045],[-5.81368,37.01155],[-5.81291,37.013],[-5.81262,37.01519],[-5.81295,37.01759],[-5.81506,37.01921],[-5.81613,37.01908],[-5.81858,37.01767],[-5.81838,37.01863],[-5.81859,37.01929],[-5.81794,37.01989],[-5.81989,37.02169],[-5.81989,37.02203],[-5.81921,37.02241],[-5.81922,37.02264],[-5.82023,37.02385],[-5.82112,37.02413],[-5.82279,37.02397],[-5.824,37.02427],[-5.82625,37.02354],[-5.83092,37.01695],[-5.83142,37.01666],[-5.83222,37.01698],[-5.8329,37.0169],[-5.83451,37.01565],[-5.8354,37.01375],[-5.83597,37.01309],[-5.8341,37.01124],[-5.83545,37.01138],[-5.83645,37.01109],[-5.83753,37.00915],[-5.8375,37.00873],[-5.8368,37.00801],[-5.83687,37.00611],[-5.83591,37.00321],[-5.83451,37.00238],[-5.83278,37.00197],[-5.83229,37.00162],[-5.835,37.00143],[-5.83596,37.00024],[-5.83552,36.99842],[-5.83597,36.99751],[-5.83568,36.99682],[-5.83248,36.99577],[-5.83422,36.99569],[-5.83557,36.99536],[-5.83636,36.99489],[-5.83746,36.99349],[-5.83777,36.99188],[-5.83762,36.99149],[-5.83714,36.99129],[-5.83644,36.99136],[-5.83515,36.99198],[-5.83438,36.99196],[-5.83384,36.99142],[-5.83388,36.99098],[-5.83445,36.99039],[-5.83585,36.98972],[-5.83611,36.98881],[-5.83569,36.98849],[-5.83364,36.9883],[-5.8331,36.9877],[-5.83126,36.98729],[-5.83136,36.987],[-5.83378,36.98629],[-5.83516,36.98688],[-5.8364,36.98684],[-5.83715,36.98578],[-5.8374,36.98585],[-5.83765,36.98644],[-5.83822,36.98649],[-5.83975,36.98591],[-5.84154,36.98587],[-5.8425,36.98558],[-5.84692,36.98374],[-5.84813,36.98386],[-5.85078,36.98265],[-5.8543,36.98015],[-5.85484,36.97922],[-5.85493,36.97783],[-5.85548,36.97728],[-5.85601,36.97727],[-5.85633,36.97768],[-5.85639,36.97888],[-5.85688,36.97986],[-5.85656,36.98106],[-5.85672,36.98195],[-5.857,36.98218],[-5.85795,36.9821],[-5.85865,36.98162],[-5.85876,36.98115],[-5.85801,36.98069],[-5.85806,36.98048],[-5.85941,36.97906],[-5.86387,36.97876],[-5.86418,36.97744],[-5.86526,36.97609],[-5.86585,36.97484],[-5.86545,36.97453],[-5.86351,36.97478],[-5.86265,36.97466],[-5.8624,36.97375],[-5.86189,36.97308],[-5.86111,36.97058],[-5.86129,36.96843],[-5.8634,36.96784],[-5.86464,36.96787],[-5.86493,36.96818],[-5.86466,36.96972],[-5.86497,36.97038],[-5.86567,36.97049],[-5.86592,36.97184],[-5.86676,36.97198],[-5.86765,36.97135],[-5.86923,36.97096],[-5.87036,36.97182],[-5.87173,36.97228],[-5.87222,36.97332],[-5.87281,36.97392],[-5.87416,36.97405],[-5.87469,36.97367],[-5.87412,36.97284],[-5.87444,36.97142],[-5.87587,36.97108],[-5.87695,36.97031],[-5.87795,36.97121],[-5.87855,36.97115],[-5.88068,36.97051],[-5.88252,36.96954],[-5.88297,36.96855],[-5.88321,36.96849],[-5.88446,36.96871],[-5.88421,36.96982],[-5.88458,36.97019],[-5.88744,36.96993],[-5.88827,36.9692],[-5.88994,36.96834],[-5.88968,36.968],[-5.88753,36.96719],[-5.88718,36.96622],[-5.88737,36.96554],[-5.88953,36.9652],[-5.89101,36.96578],[-5.89261,36.96589],[-5.89297,36.96577],[-5.89312,36.96544],[-5.89194,36.96476],[-5.89192,36.96439],[-5.89369,36.96384],[-5.89403,36.96353],[-5.89343,36.96283],[-5.89211,36.96286],[-5.88957,36.96371],[-5.88816,36.96476],[-5.886,36.96465],[-5.88508,36.96486],[-5.88434,36.96546],[-5.88407,36.96623],[-5.88317,36.96717],[-5.88177,36.96786],[-5.87923,36.96732],[-5.87859,36.96652],[-5.87779,36.96626],[-5.8773,36.96643],[-5.87672,36.96732],[-5.87611,36.9677],[-5.873,36.96777],[-5.87297,36.96748],[-5.87434,36.96662],[-5.87478,36.9658],[-5.87757,36.96515],[-5.87795,36.96448],[-5.87865,36.96416],[-5.8811,36.96388],[-5.88296,36.96262],[-5.88367,36.9614],[-5.88489,36.96157],[-5.88544,36.96137],[-5.88563,36.96096],[-5.88468,36.96059],[-5.88501,36.95992],[-5.88687,36.95926],[-5.88953,36.9577],[-5.88995,36.95716],[-5.89109,36.95678],[-5.8914,36.95656],[-5.89151,36.95611],[-5.89116,36.95522],[-5.88928,36.95491],[-5.88785,36.95495],[-5.88487,36.95561],[-5.88413,36.95489],[-5.88418,36.95423],[-5.88399,36.95402],[-5.88311,36.95376],[-5.88204,36.95439],[-5.88108,36.95463],[-5.88054,36.95459],[-5.87967,36.95385],[-5.87862,36.95476],[-5.87508,36.9544],[-5.87263,36.95385],[-5.87252,36.95369],[-5.87357,36.9527],[-5.87333,36.95172],[-5.87364,36.95098],[-5.87433,36.95048],[-5.87601,36.95014],[-5.87653,36.94945],[-5.87625,36.94855],[-5.87642,36.94837],[-5.87754,36.94935],[-5.87865,36.94986],[-5.87989,36.94993],[-5.88199,36.9495],[-5.88279,36.94998],[-5.88355,36.94928],[-5.88364,36.94875],[-5.88217,36.94625],[-5.88234,36.94608],[-5.88312,36.94621],[-5.88303,36.94556],[-5.88361,36.94507],[-5.88417,36.94551],[-5.88479,36.94675],[-5.8862,36.94788],[-5.88664,36.94791],[-5.88716,36.94754],[-5.88825,36.94763],[-5.8884,36.94698],[-5.88877,36.9468],[-5.8918,36.94714],[-5.89097,36.94605],[-5.89021,36.94369],[-5.88972,36.94352],[-5.88823,36.94365],[-5.88847,36.94237],[-5.88655,36.94086],[-5.88397,36.94049],[-5.88345,36.94123],[-5.88285,36.94147],[-5.88301,36.94188],[-5.88476,36.94335],[-5.88469,36.9435],[-5.88,36.94173],[-5.87811,36.94232],[-5.87762,36.94157],[-5.8779,36.94111],[-5.87898,36.94082],[-5.88111,36.93927],[-5.88231,36.93893],[-5.88346,36.9378],[-5.88389,36.93777],[-5.88443,36.93839],[-5.885,36.93862],[-5.88598,36.9386],[-5.88661,36.93823],[-5.88655,36.93787],[-5.88395,36.93637],[-5.88543,36.93666],[-5.88558,36.93587],[-5.88588,36.93578],[-5.88726,36.93667],[-5.88693,36.93568],[-5.88579,36.93534],[-5.88485,36.93443],[-5.88346,36.93396],[-5.88286,36.93245],[-5.88072,36.93312],[-5.87791,36.93328],[-5.88005,36.93254],[-5.88111,36.93164],[-5.88391,36.93153],[-5.88453,36.93124],[-5.88442,36.93094],[-5.88179,36.93105],[-5.88009,36.92945],[-5.88054,36.92844],[-5.88034,36.92828],[-5.87863,36.92872],[-5.87799,36.92967],[-5.87766,36.92978],[-5.87703,36.92896],[-5.87737,36.9278],[-5.87688,36.92769],[-5.87559,36.9283],[-5.87366,36.92819],[-5.87269,36.92873],[-5.87218,36.92961],[-5.87099,36.93081],[-5.8697,36.93124],[-5.87079,36.93039],[-5.87134,36.92945],[-5.87202,36.9291],[-5.87214,36.92774],[-5.87339,36.92747],[-5.87422,36.92659],[-5.87414,36.92624],[-5.8726,36.92563],[-5.87234,36.92585],[-5.87237,36.92659],[-5.87192,36.92718],[-5.86935,36.927],[-5.86914,36.92612],[-5.87045,36.92574],[-5.87049,36.92491],[-5.86863,36.92408],[-5.86705,36.92389],[-5.86674,36.92366],[-5.86692,36.92285],[-5.86657,36.92252],[-5.86243,36.92098],[-5.86245,36.9206],[-5.86286,36.92077],[-5.86354,36.92063],[-5.86348,36.91942],[-5.86157,36.91907],[-5.85897,36.91801],[-5.85913,36.91739],[-5.85845,36.91649],[-5.85844,36.91609],[-5.85953,36.91691],[-5.8599,36.91785],[-5.86027,36.91817],[-5.861,36.9181],[-5.86438,36.91898],[-5.86492,36.92088],[-5.8663,36.92175],[-5.86792,36.92213],[-5.86786,36.92337],[-5.86858,36.92318],[-5.8704,36.92046],[-5.87256,36.92106],[-5.87354,36.92026],[-5.87402,36.92027],[-5.87399,36.92055],[-5.87293,36.92153],[-5.87077,36.92115],[-5.87054,36.92273],[-5.87123,36.923],[-5.87265,36.92296],[-5.8731,36.92417],[-5.87367,36.92467],[-5.87449,36.92451],[-5.87552,36.92646],[-5.8759,36.92669],[-5.87808,36.92648],[-5.87896,36.92567],[-5.88077,36.92569],[-5.88122,36.92659],[-5.88223,36.92718],[-5.88195,36.9292],[-5.88218,36.92939],[-5.88325,36.92801],[-5.88345,36.92702],[-5.88401,36.92632],[-5.88404,36.92563],[-5.88442,36.92497],[-5.88541,36.92651],[-5.88666,36.92602],[-5.88662,36.92651],[-5.88497,36.92766],[-5.88446,36.92827],[-5.88447,36.92877],[-5.88521,36.92995],[-5.88716,36.93075],[-5.88568,36.93189],[-5.88514,36.9327],[-5.88548,36.93291],[-5.88671,36.93269],[-5.88758,36.93284],[-5.88826,36.93033],[-5.88976,36.92979],[-5.89062,36.92916],[-5.89101,36.92928],[-5.89109,36.92971],[-5.88934,36.93094],[-5.88922,36.93136],[-5.88961,36.93194],[-5.89043,36.93222],[-5.89112,36.93323],[-5.88933,36.93242],[-5.88863,36.93277],[-5.88849,36.9331],[-5.88932,36.93339],[-5.88975,36.93451],[-5.89164,36.93533],[-5.89126,36.9359],[-5.89155,36.93664],[-5.89008,36.93857],[-5.89234,36.93924],[-5.89405,36.94087],[-5.89518,36.94087],[-5.89498,36.94196],[-5.89545,36.94226],[-5.89623,36.94195],[-5.89709,36.94094],[-5.89689,36.94024],[-5.8964,36.93976],[-5.89829,36.93943],[-5.89915,36.93899],[-5.90118,36.93727],[-5.90163,36.93782],[-5.90177,36.93905],[-5.90219,36.93968],[-5.90161,36.94041],[-5.90194,36.94121],[-5.90227,36.94147],[-5.90354,36.94123],[-5.90309,36.9423],[-5.90403,36.94193],[-5.90849,36.93846],[-5.90815,36.9379],[-5.90767,36.93779],[-5.90708,36.93802],[-5.90625,36.93916],[-5.90459,36.93932],[-5.9046,36.94056],[-5.90428,36.94101],[-5.90413,36.94039],[-5.90309,36.93963],[-5.90391,36.93918],[-5.90479,36.93822],[-5.90493,36.93766],[-5.90456,36.936],[-5.90695,36.93544],[-5.90935,36.93631],[-5.90957,36.93716],[-5.91124,36.93782],[-5.91162,36.93846],[-5.91114,36.93967],[-5.9113,36.94004],[-5.91181,36.94009],[-5.91405,36.93898],[-5.91405,36.93851],[-5.91312,36.93761],[-5.91185,36.93753],[-5.91131,36.9372],[-5.91176,36.93661],[-5.91426,36.93523],[-5.91395,36.93421],[-5.91523,36.93226],[-5.91524,36.93168],[-5.91491,36.93142],[-5.91304,36.93196],[-5.91318,36.93091],[-5.9169,36.93007],[-5.91707,36.92953],[-5.91615,36.9282],[-5.91613,36.92778],[-5.91685,36.92749],[-5.91816,36.92775],[-5.91844,36.9275],[-5.91844,36.92559],[-5.91822,36.92486],[-5.91865,36.924],[-5.91807,36.92342],[-5.91592,36.92238],[-5.91766,36.92254],[-5.91718,36.92166],[-5.91714,36.92107],[-5.91851,36.92263],[-5.91919,36.92287],[-5.92048,36.92236],[-5.91995,36.92167],[-5.92013,36.92129],[-5.92097,36.92089],[-5.92252,36.92093],[-5.92255,36.9205],[-5.92162,36.91995],[-5.92255,36.9194],[-5.92342,36.91922],[-5.92392,36.91768],[-5.92361,36.91731],[-5.92274,36.91762],[-5.92255,36.9174],[-5.92425,36.91594],[-5.92483,36.91577],[-5.92522,36.91595],[-5.92537,36.91715],[-5.92581,36.91812],[-5.92561,36.91881],[-5.92488,36.91957],[-5.92653,36.91983],[-5.92729,36.92114],[-5.92764,36.92089],[-5.92715,36.91945],[-5.92734,36.91832],[-5.92766,36.91814],[-5.92877,36.91829],[-5.92905,36.91666],[-5.9295,36.91642],[-5.92999,36.91648],[-5.9304,36.91721],[-5.93098,36.91675],[-5.93119,36.91683],[-5.932,36.91793],[-5.93349,36.91845],[-5.93437,36.91943],[-5.93486,36.91956],[-5.93535,36.91934],[-5.93543,36.9189],[-5.93512,36.91849],[-5.93393,36.91808],[-5.93376,36.91678],[-5.93298,36.91595],[-5.93443,36.91558],[-5.9355,36.91391],[-5.93189,36.91246],[-5.93115,36.91173],[-5.92812,36.91051],[-5.92788,36.91021],[-5.93122,36.90845],[-5.93281,36.90728],[-5.93307,36.9067],[-5.93227,36.90655],[-5.93165,36.90601],[-5.92983,36.90609],[-5.92839,36.90526],[-5.92906,36.90479],[-5.93037,36.90478],[-5.93243,36.90379],[-5.93255,36.90398],[-5.93218,36.90485],[-5.93246,36.905],[-5.93468,36.90381],[-5.93477,36.90327],[-5.93383,36.90167],[-5.93316,36.90143],[-5.93134,36.90146],[-5.93055,36.90104],[-5.93448,36.89988],[-5.93527,36.89833],[-5.93613,36.89831],[-5.93816,36.89765],[-5.93979,36.89605],[-5.93978,36.89487],[-5.94067,36.8944],[-5.9403,36.89348],[-5.93939,36.89325],[-5.9386,36.89335],[-5.93785,36.89283],[-5.9365,36.89293],[-5.93556,36.8934],[-5.93439,36.89361],[-5.93371,36.89457],[-5.93246,36.89453],[-5.93214,36.89475],[-5.93295,36.89632],[-5.93262,36.89684],[-5.93181,36.89662],[-5.9306,36.89569],[-5.92951,36.89588],[-5.92922,36.89556],[-5.92946,36.89468],[-5.92859,36.89377],[-5.93002,36.89322],[-5.93087,36.89209],[-5.93092,36.89178],[-5.92956,36.89169],[-5.93062,36.89114],[-5.93027,36.89043],[-5.9283,36.89023],[-5.9277,36.89038],[-5.92756,36.88997],[-5.92812,36.88909],[-5.92794,36.88877],[-5.92611,36.88902],[-5.92429,36.88876],[-5.92312,36.88924],[-5.92291,36.88906],[-5.92353,36.88772],[-5.92398,36.88742],[-5.92518,36.88723],[-5.92568,36.88675],[-5.92568,36.886],[-5.92461,36.88536],[-5.91953,36.88567],[-5.91836,36.88541],[-5.91709,36.88653],[-5.91625,36.88818],[-5.9159,36.88768],[-5.91571,36.88658],[-5.91517,36.88671],[-5.91523,36.88713],[-5.91481,36.88764],[-5.91459,36.88902],[-5.91431,36.88676],[-5.91407,36.88653],[-5.91237,36.88655],[-5.91032,36.88719],[-5.91018,36.88792],[-5.90977,36.88842],[-5.91025,36.88956],[-5.91141,36.89061],[-5.91136,36.89131],[-5.91103,36.89154],[-5.91058,36.89134],[-5.91044,36.89073],[-5.90951,36.8901],[-5.90909,36.88938],[-5.90731,36.88793],[-5.907,36.88783],[-5.90578,36.8882],[-5.9058,36.88789],[-5.90684,36.88707],[-5.90683,36.88665],[-5.9057,36.88556],[-5.90584,36.88496],[-5.90465,36.88458],[-5.90391,36.88488],[-5.90309,36.88603],[-5.9035,36.88828],[-5.90252,36.8883],[-5.90168,36.88916],[-5.90076,36.88918],[-5.90005,36.88955],[-5.90009,36.89091],[-5.89956,36.89266],[-5.89922,36.89291],[-5.89851,36.89271],[-5.89862,36.89208],[-5.89918,36.89119],[-5.89921,36.88891],[-5.89804,36.88773],[-5.89867,36.88729],[-5.89999,36.88713],[-5.89992,36.88609],[-5.89813,36.88623],[-5.89762,36.88594],[-5.89827,36.88462],[-5.89951,36.88375],[-5.90062,36.88411],[-5.90143,36.88406],[-5.90156,36.88385],[-5.90155,36.88337],[-5.90088,36.88273],[-5.90127,36.88165],[-5.90112,36.88105],[-5.89997,36.87992],[-5.90101,36.87868],[-5.90096,36.87819],[-5.90042,36.87717],[-5.89832,36.87593],[-5.89652,36.87619],[-5.89537,36.87596],[-5.89461,36.87451],[-5.89572,36.87457],[-5.89738,36.87524],[-5.89769,36.87493],[-5.8973,36.87427],[-5.89781,36.87406],[-5.89966,36.87512],[-5.89997,36.8746],[-5.8997,36.87352],[-5.90005,36.87345],[-5.90062,36.8743],[-5.90163,36.87315],[-5.90196,36.87321],[-5.90206,36.87471],[-5.90272,36.8769],[-5.90503,36.87858],[-5.90417,36.87997],[-5.90444,36.88156],[-5.90523,36.88263],[-5.90569,36.88381],[-5.90665,36.88468],[-5.90703,36.88537],[-5.90738,36.88566],[-5.90866,36.88597],[-5.90884,36.88501],[-5.90776,36.88343],[-5.90972,36.88299],[-5.91025,36.88346],[-5.91054,36.88325],[-5.91055,36.88294],[-5.91024,36.88224],[-5.90952,36.88157],[-5.90999,36.88101],[-5.90896,36.88033],[-5.90843,36.87895],[-5.90846,36.8783],[-5.90907,36.8781],[-5.90971,36.87868],[-5.91129,36.87894],[-5.91199,36.87822],[-5.91198,36.87784],[-5.91052,36.87748],[-5.91048,36.87724],[-5.91145,36.87683],[-5.91258,36.87747],[-5.91301,36.87726],[-5.91284,36.87652],[-5.912,36.87593],[-5.91268,36.87553],[-5.91273,36.87519],[-5.91094,36.8734],[-5.91219,36.8732],[-5.91241,36.87286],[-5.91228,36.87266],[-5.91096,36.87221],[-5.90933,36.87216],[-5.91139,36.87178],[-5.91323,36.87202],[-5.91567,36.87068],[-5.91559,36.87049],[-5.91467,36.87033],[-5.91444,36.86888],[-5.91258,36.86861],[-5.91236,36.86832],[-5.91263,36.86774],[-5.91413,36.86718],[-5.914,36.86596],[-5.91587,36.86527],[-5.91658,36.86646],[-5.91725,36.86625],[-5.91746,36.86649],[-5.91733,36.86821],[-5.91686,36.86919],[-5.91721,36.87145],[-5.91766,36.87172],[-5.9203,36.87191],[-5.92086,36.87283],[-5.92055,36.87383],[-5.92161,36.87414],[-5.92178,36.8753],[-5.92152,36.8754],[-5.92078,36.87509],[-5.91823,36.87523],[-5.9172,36.87565],[-5.91666,36.87655],[-5.91638,36.87831],[-5.91698,36.87872],[-5.9181,36.87838],[-5.91857,36.87869],[-5.91787,36.87988],[-5.91663,36.8806],[-5.91672,36.88117],[-5.91831,36.8813],[-5.91877,36.88109],[-5.91905,36.88062],[-5.92053,36.88066],[-5.92157,36.87929],[-5.92275,36.8803],[-5.92373,36.88049],[-5.92475,36.88031],[-5.92554,36.87952],[-5.92658,36.87906],[-5.92826,36.87893],[-5.92946,36.87691],[-5.92892,36.87661],[-5.92877,36.876],[-5.92805,36.87565],[-5.92647,36.87667],[-5.92634,36.87628],[-5.92688,36.87463],[-5.92735,36.87437],[-5.92804,36.87439],[-5.92963,36.8752],[-5.93039,36.87491],[-5.9298,36.87592],[-5.93095,36.87626],[-5.93145,36.87594],[-5.93158,36.87478],[-5.93218,36.87643],[-5.93172,36.87701],[-5.93264,36.87723],[-5.93156,36.87843],[-5.93118,36.87987],[-5.93025,36.88049],[-5.93033,36.88106],[-5.92973,36.88153],[-5.93,36.8819],[-5.93041,36.88197],[-5.93016,36.88263],[-5.93066,36.88489],[-5.93097,36.88527],[-5.93191,36.88557],[-5.93176,36.88644],[-5.93193,36.88665],[-5.93275,36.88696],[-5.93365,36.88651],[-5.93421,36.88683],[-5.93608,36.88511],[-5.93582,36.88449],[-5.93725,36.8838],[-5.93748,36.88436],[-5.9381,36.88439],[-5.93754,36.88508],[-5.93763,36.88523],[-5.93977,36.88656],[-5.94062,36.88489],[-5.94054,36.88425],[-5.94071,36.88416],[-5.94099,36.88511],[-5.94226,36.88487],[-5.94084,36.88603],[-5.94074,36.88681],[-5.94102,36.88744],[-5.94138,36.88765],[-5.94209,36.88751],[-5.9434,36.88639],[-5.94376,36.88768],[-5.94367,36.8883],[-5.94413,36.88884],[-5.94407,36.88968],[-5.94432,36.88997],[-5.94664,36.88946],[-5.94688,36.88917],[-5.94679,36.88853],[-5.94777,36.88949],[-5.94845,36.8898],[-5.94862,36.89044],[-5.94937,36.89084],[-5.94993,36.89167],[-5.95138,36.89122],[-5.95342,36.89163],[-5.95426,36.89145],[-5.95489,36.8908],[-5.95486,36.89164],[-5.95347,36.8926],[-5.95286,36.89377],[-5.95335,36.89443],[-5.95635,36.89518],[-5.95792,36.89438],[-5.95876,36.89357],[-5.96022,36.89302],[-5.9611,36.89194],[-5.96529,36.88966],[-5.96935,36.88919],[-5.97041,36.88857],[-5.97191,36.8868],[-5.97218,36.88585],[-5.97332,36.8853],[-5.97456,36.88381],[-5.97569,36.88295],[-5.97626,36.88167],[-5.97682,36.88107],[-5.97835,36.88063],[-5.9798,36.88121],[-5.9806,36.88118],[-5.98096,36.88018],[-5.98257,36.87902],[-5.98363,36.8786],[-5.98438,36.87917],[-5.98715,36.87926],[-5.98866,36.8801],[-5.98909,36.88068],[-5.98845,36.88183],[-5.98911,36.88191],[-5.99155,36.87857],[-5.99389,36.87696],[-5.99462,36.87594],[-5.99608,36.87565],[-5.99852,36.87424],[-5.99945,36.8754],[-6.00032,36.87519],[-6.00073,36.87366],[-6.00233,36.87284],[-6.00304,36.87199],[-6.00292,36.87147],[-6.00229,36.87107],[-6.00407,36.86997],[-6.00471,36.86868],[-6.00566,36.86783],[-6.00604,36.86869],[-6.00522,36.87064],[-6.00552,36.87221],[-6.00606,36.87287],[-6.00739,36.87295],[-6.00945,36.87246],[-6.01314,36.8723],[-6.01378,36.87177],[-6.01449,36.87064],[-6.01552,36.8702],[-6.01683,36.87127],[-6.01913,36.87133],[-6.01979,36.87066],[-6.01966,36.87001],[-6.02005,36.86918],[-6.02062,36.8688],[-6.02135,36.86876],[-6.02103,36.86719],[-6.02153,36.86679],[-6.02048,36.86537],[-6.01823,36.86432],[-6.01763,36.86307],[-6.0181,36.86268],[-6.02053,36.86324],[-6.02242,36.86266],[-6.02337,36.8634],[-6.02387,36.86345],[-6.02441,36.86246],[-6.02518,36.86299],[-6.02557,36.86292],[-6.02751,36.86121],[-6.0276,36.86195],[-6.02662,36.86353],[-6.02656,36.86406],[-6.02709,36.8653],[-6.02736,36.86679],[-6.02824,36.86778],[-6.02871,36.86946],[-6.02953,36.86927],[-6.03017,36.8684],[-6.03061,36.86828],[-6.03218,36.8695],[-6.03239,36.86995],[-6.03192,36.87074],[-6.03107,36.8715],[-6.03118,36.87222],[-6.03265,36.87201],[-6.03501,36.87268],[-6.03552,36.87245],[-6.03572,36.8715],[-6.0341,36.87004],[-6.03367,36.86911],[-6.03443,36.86833],[-6.03452,36.8679],[-6.03383,36.86734],[-6.03231,36.86749],[-6.03205,36.86726],[-6.03226,36.86628],[-6.03313,36.86594],[-6.03354,36.86637],[-6.03428,36.86579],[-6.03422,36.86544],[-6.03315,36.86508],[-6.03311,36.86459],[-6.03487,36.86472],[-6.03548,36.86428],[-6.03455,36.86311],[-6.03428,36.86238],[-6.03439,36.862],[-6.0358,36.86248],[-6.03634,36.86243],[-6.03689,36.86198],[-6.03774,36.86182],[-6.03815,36.86109],[-6.03922,36.86107],[-6.03902,36.85994],[-6.03982,36.85964],[-6.0407,36.8599],[-6.04224,36.86129],[-6.04534,36.86175],[-6.04585,36.86158],[-6.04606,36.86125],[-6.04498,36.86037],[-6.04471,36.8599],[-6.04487,36.85962],[-6.04542,36.85961],[-6.04652,36.86017],[-6.04717,36.86024],[-6.0493,36.85974],[-6.04996,36.86071],[-6.04929,36.86158],[-6.05093,36.862],[-6.05007,36.86265],[-6.05023,36.8633],[-6.05101,36.86365],[-6.05207,36.86497],[-6.05311,36.86506],[-6.05402,36.86572],[-6.05404,36.86618],[-6.0535,36.86707],[-6.05363,36.86745],[-6.05473,36.86769],[-6.05617,36.86762],[-6.05637,36.86784],[-6.05637,36.86903],[-6.057,36.86993],[-6.05811,36.87015],[-6.05845,36.87177],[-6.06003,36.87336],[-6.05971,36.87512],[-6.06028,36.87553],[-6.06061,36.87658],[-6.06142,36.8768],[-6.06221,36.87662],[-6.06125,36.87486],[-6.0613,36.87409],[-6.06165,36.87362],[-6.06329,36.8728],[-6.06376,36.87211],[-6.0652,36.87226],[-6.06552,36.87207],[-6.06506,36.87102],[-6.06383,36.87002],[-6.06304,36.86815],[-6.06157,36.86758],[-6.06052,36.86657],[-6.05883,36.86677],[-6.05785,36.8657],[-6.05777,36.86431],[-6.05714,36.86286],[-6.05739,36.86246],[-6.05912,36.86176],[-6.0595,36.86139],[-6.05943,36.86044],[-6.0588,36.85987],[-6.05835,36.85988],[-6.05666,36.8611],[-6.05581,36.86108],[-6.05465,36.86012],[-6.05418,36.85884],[-6.05402,36.85755],[-6.05364,36.85733],[-6.05121,36.8574],[-6.05051,36.85784],[-6.05067,36.85894],[-6.05036,36.85906],[-6.04912,36.85891],[-6.04778,36.85796],[-6.04597,36.85826],[-6.04497,36.85879],[-6.04442,36.85875],[-6.04353,36.85754],[-6.04377,36.85591],[-6.04346,36.85493],[-6.04427,36.85432],[-6.04527,36.85277],[-6.04638,36.85272],[-6.0477,36.8535],[-6.04903,36.85317],[-6.0519,36.85387],[-6.05262,36.85378],[-6.05257,36.85338],[-6.05187,36.85257],[-6.05173,36.85141],[-6.05143,36.85092],[-6.0496,36.84983],[-6.04944,36.84944],[-6.05262,36.84835],[-6.05408,36.84825],[-6.05456,36.84793],[-6.0547,36.84745],[-6.05413,36.8472],[-6.05229,36.84789],[-6.05041,36.84736],[-6.04991,36.84756],[-6.04939,36.84828],[-6.04896,36.8483],[-6.04879,36.84796],[-6.04974,36.84568],[-6.05106,36.84595],[-6.05188,36.84581],[-6.05319,36.845],[-6.05321,36.84403],[-6.05501,36.84338],[-6.05494,36.84275],[-6.05407,36.84164],[-6.054,36.83984],[-6.05469,36.83903],[-6.05458,36.83846],[-6.05408,36.83817],[-6.05216,36.83829],[-6.05212,36.83863],[-6.05306,36.8396],[-6.05308,36.84002],[-6.05243,36.8403],[-6.05077,36.84035],[-6.05032,36.84062],[-6.05096,36.84309],[-6.05071,36.84347],[-6.0498,36.84375],[-6.04849,36.84212],[-6.04794,36.84189],[-6.04734,36.84214],[-6.04719,36.84457],[-6.04767,36.8451],[-6.04917,36.84539],[-6.04922,36.84571],[-6.0488,36.84639],[-6.0478,36.8467],[-6.04732,36.84758],[-6.04589,36.84759],[-6.04548,36.84707],[-6.04419,36.84751],[-6.04324,36.847],[-6.04277,36.84515],[-6.04161,36.84504],[-6.03986,36.8455],[-6.03867,36.84359],[-6.03695,36.84299],[-6.03698,36.84244],[-6.03923,36.84073],[-6.03872,36.83841],[-6.0361,36.83829],[-6.03553,36.837],[-6.03288,36.83556],[-6.03026,36.83465],[-6.0322,36.83326],[-6.03208,36.83288],[-6.0311,36.83249],[-6.03096,36.8319],[-6.02824,36.83233],[-6.02777,36.83197],[-6.02784,36.83164],[-6.02869,36.83117],[-6.03296,36.83055],[-6.03474,36.82915],[-6.03481,36.82945],[-6.03414,36.83057],[-6.03411,36.8311],[-6.03502,36.83272],[-6.03679,36.83453],[-6.0374,36.83464],[-6.03949,36.83432],[-6.03935,36.83283],[-6.03961,36.83144],[-6.04091,36.82973],[-6.04147,36.82767],[-6.04358,36.82588],[-6.04386,36.82504],[-6.04369,36.82427],[-6.04262,36.82433],[-6.04161,36.82373],[-6.04036,36.82408],[-6.04029,36.82321],[-6.04061,36.82232],[-6.03973,36.82176],[-6.03916,36.8218],[-6.03907,36.82214],[-6.03954,36.82271],[-6.03922,36.82361],[-6.03725,36.82401],[-6.03696,36.82436],[-6.03692,36.82504],[-6.03586,36.82513],[-6.03545,36.8254],[-6.03515,36.82585],[-6.03523,36.82727],[-6.03501,36.82774],[-6.03474,36.82777],[-6.03412,36.82685],[-6.03339,36.82638],[-6.03281,36.82637],[-6.03234,36.8271],[-6.03101,36.82726],[-6.02966,36.82661],[-6.02811,36.82656],[-6.02759,36.82675],[-6.02677,36.82784],[-6.02506,36.8306],[-6.02458,36.83075],[-6.0241,36.83051],[-6.02427,36.82983],[-6.02496,36.82919],[-6.02579,36.82666],[-6.02555,36.82566],[-6.02498,36.82497],[-6.0266,36.82523],[-6.02818,36.82499],[-6.02996,36.82413],[-6.031,36.82399],[-6.03152,36.82313],[-6.03073,36.82298],[-6.02907,36.82336],[-6.02742,36.82417],[-6.02517,36.82429],[-6.02387,36.82388],[-6.0224,36.82395],[-6.02186,36.82355],[-6.02318,36.82299],[-6.02634,36.82292],[-6.02876,36.82205],[-6.02902,36.82139],[-6.0307,36.82044],[-6.0316,36.82042],[-6.03256,36.81948],[-6.0345,36.81932],[-6.03491,36.81901],[-6.03462,36.81872],[-6.03394,36.81868],[-6.02884,36.81938],[-6.02636,36.82011],[-6.02489,36.82025],[-6.02687,36.81884],[-6.02724,36.81802],[-6.02838,36.81684],[-6.02979,36.81703],[-6.03041,36.81663],[-6.02949,36.81606],[-6.02927,36.81558],[-6.03082,36.8098],[-6.03079,36.80929],[-6.03006,36.80857],[-6.02992,36.80763],[-6.02939,36.80793],[-6.029,36.80978],[-6.02717,36.81119],[-6.02669,36.81187],[-6.02594,36.81091],[-6.02428,36.80984],[-6.02529,36.80923],[-6.02546,36.8083],[-6.02718,36.80763],[-6.02716,36.80689],[-6.02644,36.8054],[-6.0255,36.80589],[-6.02528,36.8071],[-6.02395,36.80728],[-6.02327,36.80773],[-6.02359,36.80962],[-6.02333,36.8105],[-6.02157,36.81094],[-6.01845,36.81288],[-6.01907,36.81138],[-6.01902,36.81037],[-6.01858,36.80967],[-6.0202,36.80893],[-6.02051,36.80772],[-6.02104,36.80686],[-6.02087,36.80641],[-6.02014,36.80605],[-6.01951,36.8061],[-6.0184,36.80679],[-6.01779,36.80645],[-6.01771,36.80575],[-6.01843,36.80493],[-6.01855,36.80447],[-6.01792,36.80373],[-6.01678,36.80311],[-6.01675,36.80277],[-6.0176,36.80212],[-6.01915,36.8027],[-6.01944,36.80236],[-6.0195,36.80133],[-6.01812,36.80038],[-6.01739,36.79952],[-6.01723,36.79704],[-6.01833,36.79646],[-6.01947,36.7967],[-6.02021,36.79753],[-6.02082,36.79875],[-6.0223,36.79887],[-6.02357,36.80006],[-6.02389,36.79996],[-6.02386,36.79909],[-6.02414,36.79895],[-6.02593,36.7993],[-6.0269,36.80008],[-6.02823,36.80016],[-6.02827,36.79975],[-6.02665,36.79888],[-6.02629,36.79822],[-6.02669,36.79675],[-6.02838,36.79705],[-6.02863,36.79675],[-6.02843,36.7963],[-6.0276,36.79609],[-6.02563,36.7963],[-6.02413,36.797],[-6.02365,36.79696],[-6.02396,36.79568],[-6.02347,36.79526],[-6.02331,36.79454],[-6.02211,36.79343],[-6.02205,36.79277],[-6.02333,36.79272],[-6.02395,36.79329],[-6.02406,36.79406],[-6.02484,36.79419],[-6.02614,36.7931],[-6.02614,36.79265],[-6.02486,36.79167],[-6.02399,36.79057],[-6.02395,36.79019],[-6.02576,36.79025],[-6.0272,36.79089],[-6.02968,36.78981],[-6.03035,36.78977],[-6.03305,36.79092],[-6.03495,36.79214],[-6.03865,36.79362],[-6.03955,36.79374],[-6.03998,36.79334],[-6.03938,36.79122],[-6.03798,36.79051],[-6.03962,36.79002],[-6.04236,36.79026],[-6.04254,36.79],[-6.04209,36.78903],[-6.04237,36.78878],[-6.04323,36.78891],[-6.04342,36.78859],[-6.04318,36.78661],[-6.04234,36.78553],[-6.04237,36.78439],[-6.04189,36.78355],[-6.04164,36.78161],[-6.04118,36.78162],[-6.04063,36.78274],[-6.04027,36.78022],[-6.03922,36.77952],[-6.03881,36.77876],[-6.03591,36.77938],[-6.03703,36.77728],[-6.03776,36.77485],[-6.03769,36.7743],[-6.03633,36.77241],[-6.03439,36.77202],[-6.03386,36.77001],[-6.03187,36.76749],[-6.02953,36.76582],[-6.0277,36.76522],[-6.02687,36.76459],[-6.02651,36.76483],[-6.02614,36.76655],[-6.02663,36.76759],[-6.02755,36.76766],[-6.03041,36.76717],[-6.03181,36.7679],[-6.0321,36.76837],[-6.03213,36.76912],[-6.03111,36.77117],[-6.0312,36.77273],[-6.02988,36.77247],[-6.02834,36.7731],[-6.02492,36.7776],[-6.02439,36.77893],[-6.0243,36.7807],[-6.02457,36.78123],[-6.02556,36.78209],[-6.02358,36.78285],[-6.02283,36.78383],[-6.02223,36.78393],[-6.02196,36.7837],[-6.02155,36.78221],[-6.02098,36.78189],[-6.02044,36.78195],[-6.02006,36.78231],[-6.0204,36.78308],[-6.01896,36.78398],[-6.02031,36.78463],[-6.02163,36.7868],[-6.02336,36.78716],[-6.02221,36.78766],[-6.02246,36.78809],[-6.02233,36.78826],[-6.02059,36.78816],[-6.02008,36.78966],[-6.0197,36.7891],[-6.02012,36.7879],[-6.01975,36.78664],[-6.01804,36.78522],[-6.01749,36.78495],[-6.01713,36.78504],[-6.01633,36.78691],[-6.01508,36.78853],[-6.01675,36.78899],[-6.01663,36.79054],[-6.01707,36.79171],[-6.01829,36.79255],[-6.01819,36.79324],[-6.01659,36.79387],[-6.01576,36.79366],[-6.01514,36.79313],[-6.01432,36.79068],[-6.01377,36.79039],[-6.01286,36.79193],[-6.01318,36.79345],[-6.01413,36.79451],[-6.01353,36.79617],[-6.01316,36.79611],[-6.01232,36.79512],[-6.01176,36.79496],[-6.00926,36.79612],[-6.0091,36.79556],[-6.00638,36.79318],[-6.0043,36.79272],[-6.0042,36.79248],[-6.00554,36.79193],[-6.00841,36.79197],[-6.0108,36.79106],[-6.011,36.78961],[-6.01009,36.78832],[-6.00937,36.78791],[-6.00933,36.78756],[-6.01003,36.78696],[-6.01172,36.7862],[-6.01237,36.78556],[-6.01275,36.78451],[-6.01287,36.78251],[-6.01379,36.78122],[-6.01489,36.78096],[-6.01519,36.78027],[-6.01599,36.77939],[-6.01627,36.77848],[-6.0161,36.77743],[-6.01533,36.77707],[-6.01474,36.77574],[-6.01291,36.77572],[-6.01242,36.77601],[-6.0115,36.77721],[-6.01,36.77836],[-6.01041,36.77951],[-6.01016,36.78026],[-6.01109,36.78161],[-6.0109,36.78213],[-6.01,36.78213],[-6.00822,36.78166],[-6.00612,36.78259],[-6.00595,36.781],[-6.00564,36.78034],[-6.00457,36.78033],[-6.0033,36.77992],[-6.00176,36.78015],[-6.00019,36.78213],[-5.99909,36.78258],[-5.99809,36.78216],[-5.99961,36.78165],[-6.0004,36.78091],[-6.00084,36.77958],[-6.00153,36.77845],[-6.00144,36.77778],[-6.00231,36.77728],[-6.00248,36.77657],[-6.00127,36.77518],[-5.99807,36.77548],[-5.99758,36.77531],[-5.9999,36.77387],[-6.0005,36.77323],[-6.00085,36.77175],[-6.00067,36.77093],[-6.00017,36.77028],[-6.00115,36.77013],[-6.00275,36.76816],[-6.00515,36.76694],[-6.00574,36.76601],[-6.00711,36.76578],[-6.00814,36.76521],[-6.00823,36.76437],[-6.00762,36.76338],[-6.00882,36.76281],[-6.00888,36.76245],[-6.00651,36.76169],[-6.0064,36.76137],[-6.00682,36.76097],[-6.0086,36.76032],[-6.00901,36.75911],[-6.00961,36.75825],[-6.00959,36.75777],[-6.00894,36.75736],[-6.00543,36.75742],[-6.00453,36.75674],[-6.00221,36.75669],[-6.00155,36.7572],[-6.00127,36.75796],[-5.9999,36.75989],[-5.99918,36.76017],[-5.99798,36.75975],[-5.996,36.75812],[-5.99502,36.75803],[-5.9941,36.75837],[-5.99267,36.75912],[-5.99216,36.75968],[-5.99211,36.76041],[-5.99274,36.7612],[-5.9927,36.76153],[-5.99178,36.76167],[-5.98984,36.76141],[-5.98863,36.76173],[-5.98689,36.76407],[-5.98759,36.76498],[-5.98581,36.76553],[-5.98521,36.76623],[-5.98391,36.76625],[-5.98382,36.76688],[-5.98293,36.7675],[-5.9825,36.7688],[-5.98221,36.76746],[-5.98273,36.76571],[-5.98364,36.76431],[-5.98353,36.7631],[-5.98417,36.76229],[-5.98397,36.76192],[-5.98268,36.76156],[-5.9831,36.76117],[-5.98443,36.76077],[-5.98273,36.76004],[-5.9828,36.75812],[-5.98413,36.75929],[-5.98535,36.7595],[-5.98622,36.75914],[-5.98755,36.7581],[-5.98899,36.75657],[-5.99052,36.75623],[-5.99083,36.75499],[-5.98972,36.75353],[-5.98888,36.75312],[-5.9872,36.75318],[-5.98559,36.75273],[-5.98837,36.752],[-5.98964,36.75068],[-5.99112,36.75073],[-5.99173,36.75035],[-5.99034,36.74965],[-5.99006,36.74832],[-5.98832,36.74786],[-5.98838,36.74721],[-5.98896,36.74619],[-5.9873,36.74525],[-5.98594,36.74522],[-5.98602,36.74488],[-5.98665,36.74454],[-5.98687,36.74411],[-5.9867,36.74259],[-5.98605,36.74122],[-5.9842,36.74025],[-5.9829,36.74066],[-5.98136,36.74024],[-5.98106,36.74048],[-5.9808,36.74131],[-5.98036,36.7408],[-5.97832,36.74079],[-5.97781,36.74126],[-5.97648,36.74145],[-5.9763,36.74177],[-5.97642,36.74223],[-5.97557,36.74215],[-5.97342,36.74252],[-5.97328,36.74342],[-5.97237,36.74504],[-5.97241,36.74578],[-5.97296,36.74648],[-5.97433,36.74728],[-5.97473,36.74871],[-5.97574,36.74914],[-5.9762,36.75028],[-5.97714,36.75137],[-5.97891,36.75232],[-5.97882,36.75259],[-5.97795,36.75279],[-5.97777,36.75316],[-5.97843,36.75556],[-5.975,36.75782],[-5.97234,36.76212],[-5.9713,36.76485],[-5.96874,36.76565],[-5.97085,36.76385],[-5.97078,36.7626],[-5.97178,36.75976],[-5.9734,36.75598],[-5.9745,36.75444],[-5.97436,36.75366],[-5.97332,36.75275],[-5.97319,36.75149],[-5.97256,36.75069],[-5.97235,36.74934],[-5.97039,36.74793],[-5.96891,36.74759],[-5.96831,36.74805],[-5.9671,36.7484],[-5.96594,36.74805],[-5.96533,36.74815],[-5.96465,36.74864],[-5.96331,36.74827],[-5.96263,36.74831],[-5.96185,36.74869],[-5.96137,36.74938],[-5.96144,36.75006],[-5.96305,36.75231],[-5.96364,36.75416],[-5.96355,36.75459],[-5.96273,36.75496],[-5.96154,36.75504],[-5.96054,36.75442],[-5.96056,36.75402],[-5.96132,36.75357],[-5.96169,36.7528],[-5.9614,36.75181],[-5.96049,36.75024],[-5.95992,36.74973],[-5.95908,36.74949],[-5.95815,36.74944],[-5.9573,36.74975],[-5.95663,36.75049],[-5.95827,36.75224],[-5.95791,36.7539],[-5.95894,36.75614],[-5.95878,36.75635],[-5.9568,36.75677],[-5.95643,36.75531],[-5.95446,36.75502],[-5.95225,36.75376],[-5.94884,36.75376],[-5.94612,36.75487],[-5.94603,36.75353],[-5.94592,36.75331],[-5.94537,36.75324],[-5.94285,36.75449],[-5.942,36.75466],[-5.94444,36.75248],[-5.94444,36.75185],[-5.94384,36.75126],[-5.94234,36.75075],[-5.94052,36.75109],[-5.93957,36.75104],[-5.94053,36.75061],[-5.94191,36.75042],[-5.94615,36.75099],[-5.94731,36.75079],[-5.94926,36.75024],[-5.94939,36.74992],[-5.94887,36.74942],[-5.9503,36.7496],[-5.95229,36.74913],[-5.95391,36.74836],[-5.95477,36.74754],[-5.9556,36.74719],[-5.95845,36.74741],[-5.95882,36.74701],[-5.95895,36.7464],[-5.95983,36.74665],[-5.96111,36.74623],[-5.96249,36.74621],[-5.96607,36.74504],[-5.96808,36.74375],[-5.96905,36.74275],[-5.96933,36.74206],[-5.96929,36.74133],[-5.96864,36.73945],[-5.97124,36.73937],[-5.97183,36.73875],[-5.97183,36.73813],[-5.97023,36.73733],[-5.9687,36.73693],[-5.96786,36.73702],[-5.96729,36.73751],[-5.96652,36.73754],[-5.96601,36.73663],[-5.96515,36.73625],[-5.96363,36.73606],[-5.96175,36.73341],[-5.95962,36.73231],[-5.95922,36.73134],[-5.95933,36.73088],[-5.96072,36.73131],[-5.96217,36.7331],[-5.96364,36.73424],[-5.96525,36.73464],[-5.96653,36.73533],[-5.97074,36.73602],[-5.97427,36.73796],[-5.97539,36.73829],[-5.97895,36.7372],[-5.98065,36.73637],[-5.98157,36.73508],[-5.98386,36.73298],[-5.985,36.73119],[-5.98502,36.73208],[-5.98453,36.73331],[-5.98273,36.73608],[-5.98827,36.73864],[-5.99269,36.73977],[-5.99851,36.73947],[-6.00231,36.73902],[-6.00375,36.74042],[-6.00574,36.74027],[-6.00546,36.73847],[-6.0047,36.73729],[-6.00265,36.73727],[-5.99985,36.73585],[-5.99895,36.7357],[-5.9983,36.73519],[-5.99777,36.73394],[-5.99703,36.73314],[-5.99703,36.73243],[-5.99639,36.73155],[-5.9954,36.72867],[-5.99827,36.72867],[-5.99992,36.72994],[-6.00133,36.73146],[-6.00173,36.73137],[-6.0021,36.73031],[-6.00278,36.73047],[-6.00407,36.73018],[-6.00402,36.73085],[-6.00476,36.7317],[-6.00555,36.73368],[-6.00678,36.73434],[-6.00678,36.73543],[-6.00763,36.73574],[-6.00848,36.73642],[-6.00968,36.73626],[-6.01096,36.73513],[-6.0112,36.73285],[-6.01366,36.7333],[-6.01543,36.73212],[-6.01541,36.7311],[-6.01507,36.73069],[-6.01416,36.73066],[-6.01286,36.73111],[-6.01259,36.73084],[-6.01261,36.7299],[-6.01379,36.7285],[-6.01431,36.7275],[-6.01468,36.72781],[-6.01487,36.72882],[-6.01526,36.72904],[-6.016,36.72871],[-6.01683,36.72772],[-6.01714,36.72774],[-6.0191,36.73036],[-6.01979,36.73084],[-6.02035,36.73063],[-6.0209,36.7276],[-6.02084,36.72621],[-6.02048,36.72496],[-6.02001,36.72485],[-6.01806,36.72609],[-6.01731,36.72593],[-6.01704,36.72526],[-6.01565,36.7256],[-6.01548,36.72503],[-6.01568,36.72405],[-6.01612,36.72373],[-6.01691,36.72429],[-6.01865,36.72391],[-6.02136,36.72138],[-6.02377,36.72114],[-6.02556,36.71942],[-6.02608,36.71855],[-6.02602,36.7179],[-6.02474,36.71834],[-6.02448,36.71822],[-6.02502,36.71729],[-6.02518,36.71632],[-6.0246,36.71638],[-6.0238,36.7169],[-6.0226,36.71688],[-6.02244,36.71653],[-6.02294,36.71571],[-6.02334,36.71551],[-6.02416,36.71582],[-6.02437,36.71528],[-6.0239,36.71462],[-6.02222,36.71463],[-6.02246,36.71434],[-6.02517,36.71287],[-6.02546,36.71413],[-6.02654,36.7146],[-6.02561,36.71509],[-6.02562,36.71535],[-6.02664,36.71621],[-6.02901,36.71676],[-6.02994,36.71651],[-6.03087,36.71535],[-6.0337,36.71359],[-6.03327,36.71316],[-6.03134,36.71303],[-6.03084,36.7128],[-6.03076,36.71232],[-6.03132,36.71153],[-6.03114,36.70999],[-6.02913,36.70942],[-6.02821,36.70881],[-6.02817,36.70825],[-6.0275,36.70834],[-6.02783,36.70784],[-6.02963,36.70679],[-6.02971,36.70646],[-6.02874,36.70638],[-6.02856,36.70527],[-6.02792,36.70499],[-6.02733,36.70434],[-6.02677,36.70288],[-6.02613,36.70202],[-6.02489,36.70091],[-6.02376,36.70069],[-6.02276,36.6998],[-6.02175,36.69931],[-6.02268,36.69937],[-6.02522,36.70058],[-6.0259,36.70131],[-6.02717,36.70204],[-6.02755,36.70251],[-6.02791,36.70378],[-6.02917,36.70471],[-6.03015,36.70467],[-6.03016,36.7032],[-6.03036,36.70302],[-6.03101,36.70342],[-6.03143,36.70458],[-6.03211,36.70452],[-6.0332,36.70391],[-6.03369,36.70394],[-6.03392,36.70412],[-6.03395,36.70461],[-6.03332,36.70533],[-6.03325,36.70582],[-6.03398,36.70684],[-6.03489,36.70666],[-6.03651,36.7055],[-6.03709,36.7055],[-6.0381,36.70618],[-6.0387,36.70623],[-6.0391,36.70527],[-6.03904,36.70436],[-6.0393,36.70331],[-6.03726,36.70136],[-6.03712,36.70114],[-6.03733,36.70078],[-6.03709,36.70015],[-6.03812,36.70001],[-6.03945,36.70079],[-6.04057,36.7007],[-6.04031,36.69933],[-6.03937,36.69848],[-6.04052,36.69772],[-6.04133,36.69753],[-6.04139,36.69638],[-6.04282,36.69482],[-6.04259,36.69458],[-6.04196,36.69455],[-6.04204,36.69401],[-6.04238,36.69374],[-6.04333,36.69403],[-6.04413,36.69371],[-6.04527,36.69259],[-6.04543,36.69189],[-6.04587,36.69138],[-6.04714,36.69111],[-6.0478,36.69183],[-6.04823,36.69186],[-6.0484,36.69105],[-6.04952,36.69129],[-6.04989,36.69063],[-6.05203,36.69039],[-6.05267,36.68928],[-6.05242,36.68849],[-6.05304,36.68749],[-6.05284,36.68617],[-6.04973,36.68639],[-6.04902,36.68686],[-6.04861,36.68763],[-6.04739,36.68714],[-6.04582,36.68737],[-6.04554,36.68732],[-6.0449,36.68645],[-6.04376,36.68613],[-6.0436,36.68503],[-6.04514,36.68434],[-6.04669,36.68473],[-6.04903,36.68432],[-6.04957,36.68407],[-6.04991,36.68297],[-6.05106,36.68382],[-6.05196,36.68392],[-6.05248,36.68286],[-6.05212,36.68203],[-6.05227,36.68183],[-6.05299,36.68124],[-6.05381,36.68108],[-6.05511,36.68034],[-6.05578,36.67938],[-6.05563,36.67834],[-6.05509,36.67767],[-6.05295,36.67716],[-6.05351,36.67659],[-6.05472,36.67657],[-6.05728,36.67814],[-6.05787,36.67815],[-6.06084,36.67651],[-6.0629,36.6765],[-6.06432,36.67613],[-6.06555,36.67649],[-6.06619,36.67641],[-6.06736,36.67588],[-6.06946,36.67423],[-6.07075,36.67474],[-6.07172,36.67459],[-6.07221,36.67429],[-6.07338,36.6727],[-6.07428,36.67316],[-6.0748,36.67317],[-6.0751,36.67196],[-6.07584,36.67106],[-6.07597,36.67053],[-6.07517,36.66955],[-6.07541,36.66841],[-6.07485,36.66758],[-6.07395,36.66743],[-6.07328,36.66791],[-6.07279,36.67077],[-6.07063,36.66967],[-6.06741,36.67048],[-6.06832,36.66879],[-6.06802,36.66833],[-6.06727,36.66822],[-6.06503,36.66945],[-6.06323,36.66908],[-6.06229,36.6694],[-6.06016,36.67117],[-6.05876,36.67128],[-6.05784,36.67166],[-6.05704,36.67285],[-6.05485,36.67432],[-6.05427,36.67402],[-6.05317,36.6741],[-6.05273,36.67369],[-6.05432,36.67185],[-6.054,36.67141],[-6.05402,36.67093],[-6.05494,36.66977],[-6.05393,36.66984],[-6.05304,36.66956],[-6.05274,36.66924],[-6.05354,36.66775],[-6.05332,36.66625],[-6.05293,36.66603],[-6.05245,36.66611],[-6.05141,36.66809],[-6.05097,36.66839],[-6.05008,36.66859],[-6.04913,36.66849],[-6.04895,36.66829],[-6.05074,36.66698],[-6.05121,36.6656],[-6.05063,36.66535],[-6.04839,36.66623],[-6.0484,36.66561],[-6.04766,36.66564],[-6.04723,36.6654],[-6.04723,36.665],[-6.04836,36.66346],[-6.04824,36.66286],[-6.04672,36.66334],[-6.04552,36.66279],[-6.04356,36.6625],[-6.04197,36.66262],[-6.04071,36.66234],[-6.04096,36.66201],[-6.04252,36.66162],[-6.04308,36.66082],[-6.04457,36.65977],[-6.04442,36.65746],[-6.04496,36.65641],[-6.04495,36.65615],[-6.04452,36.65605],[-6.04457,36.65525],[-6.04339,36.65458],[-6.04318,36.65479],[-6.0433,36.65555],[-6.04217,36.65577],[-6.04193,36.65563],[-6.04195,36.65531],[-6.04154,36.65511],[-6.04005,36.65463],[-6.03866,36.65456],[-6.03757,36.65398],[-6.03693,36.6539],[-6.03504,36.65459],[-6.03364,36.65555],[-6.03144,36.65626],[-6.03062,36.65707],[-6.03132,36.65799],[-6.02942,36.65825],[-6.02884,36.65872],[-6.03048,36.65902],[-6.03212,36.65883],[-6.03252,36.65899],[-6.03247,36.65966],[-6.03201,36.66001],[-6.03204,36.66073],[-6.03021,36.66104],[-6.03129,36.66182],[-6.02979,36.66207],[-6.02954,36.66244],[-6.02955,36.663],[-6.03162,36.66599],[-6.03342,36.66774],[-6.03583,36.66908],[-6.0378,36.6696],[-6.03871,36.67045],[-6.03732,36.67084],[-6.03434,36.67007],[-6.03414,36.6719],[-6.03332,36.67183],[-6.03152,36.67292],[-6.03134,36.67182],[-6.03271,36.67102],[-6.03318,36.67039],[-6.03275,36.66868],[-6.03246,36.66872],[-6.03131,36.67073],[-6.03109,36.66904],[-6.02947,36.66941],[-6.0289,36.66882],[-6.02684,36.66875],[-6.0257,36.66818],[-6.02451,36.66822],[-6.02459,36.66781],[-6.02684,36.66655],[-6.02699,36.66581],[-6.02661,36.66514],[-6.02614,36.66497],[-6.02562,36.6652],[-6.02465,36.66633],[-6.02339,36.6655],[-6.02243,36.66559],[-6.0227,36.665],[-6.02173,36.66439],[-6.02195,36.66402],[-6.02275,36.6637],[-6.02218,36.66281],[-6.02324,36.66114],[-6.0221,36.66135],[-6.02198,36.66258],[-6.02144,36.66346],[-6.0207,36.66302],[-6.02051,36.66121],[-6.01966,36.66103],[-6.01923,36.66022],[-6.01724,36.66072],[-6.01769,36.65985],[-6.01756,36.65926],[-6.01805,36.65764],[-6.01925,36.65718],[-6.01945,36.65686],[-6.01867,36.65623],[-6.01818,36.65613],[-6.01726,36.65496],[-6.01636,36.65471],[-6.01581,36.65081],[-6.01551,36.65031],[-6.01456,36.6497],[-6.01438,36.64916],[-6.0139,36.64899],[-6.01383,36.64788],[-6.01349,36.64773],[-6.01232,36.64819],[-6.01126,36.64811],[-6.01095,36.64851],[-6.01077,36.64905],[-6.01122,36.65235],[-6.00931,36.65162],[-6.00908,36.65174],[-6.0103,36.6531],[-6.00982,36.65589],[-6.00922,36.65586],[-6.00813,36.65487],[-6.00689,36.65486],[-6.00593,36.65436],[-6.00564,36.6545],[-6.00588,36.65542],[-6.00741,36.65677],[-6.00812,36.6578],[-6.00723,36.65762],[-6.00566,36.65776],[-6.00522,36.65876],[-6.00431,36.65939],[-6.00324,36.65926],[-6.00274,36.65951],[-6.00268,36.65994],[-6.00311,36.66068],[-6.00317,36.662],[-6.00417,36.66444],[-6.00408,36.66476],[-6.00319,36.66345],[-6.00257,36.66339],[-6.00271,36.66264],[-6.00226,36.66226],[-6.0025,36.66161],[-6.00235,36.66077],[-6.00165,36.66012],[-6.00163,36.6593],[-6.00108,36.65828],[-6.00008,36.65762],[-5.99877,36.6562],[-5.99843,36.65614],[-5.99796,36.65663],[-5.99679,36.65595],[-5.9963,36.65655],[-5.99667,36.65726],[-5.99781,36.65831],[-5.99803,36.65973],[-5.9979,36.66015],[-5.99607,36.65996],[-5.99606,36.66156],[-5.99337,36.66147],[-5.99176,36.66068],[-5.98941,36.66092],[-5.98913,36.66124],[-5.98915,36.66216],[-5.98825,36.6619],[-5.98779,36.66231],[-5.98721,36.6619],[-5.9867,36.66202],[-5.98538,36.66274],[-5.98504,36.66339],[-5.9861,36.66568],[-5.98535,36.66545],[-5.98409,36.66431],[-5.98367,36.66328],[-5.98166,36.6642],[-5.98052,36.66426],[-5.98033,36.66515],[-5.98092,36.66624],[-5.98054,36.66685],[-5.98025,36.66671],[-5.98035,36.66611],[-5.97985,36.66549],[-5.98004,36.6643],[-5.97886,36.66389],[-5.97791,36.66461],[-5.97642,36.66521],[-5.97456,36.66511],[-5.9732,36.66531],[-5.97167,36.66506],[-5.97111,36.66455],[-5.97128,36.66346],[-5.97113,36.66297],[-5.97074,36.66293],[-5.96941,36.66365],[-5.96919,36.66337],[-5.96927,36.66247],[-5.96783,36.66136],[-5.96795,36.66037],[-5.96713,36.6589],[-5.96713,36.65842],[-5.96774,36.65827],[-5.96812,36.65774],[-5.96805,36.6574],[-5.96734,36.65701],[-5.96673,36.65742],[-5.9662,36.65736],[-5.96416,36.65653],[-5.96351,36.65578],[-5.96279,36.65566],[-5.96243,36.65718],[-5.96266,36.65852],[-5.96329,36.65951],[-5.96263,36.66042],[-5.96376,36.66122],[-5.96368,36.66223],[-5.96603,36.66249],[-5.96653,36.66288],[-5.96597,36.66385],[-5.96322,36.66381],[-5.96394,36.66501],[-5.96377,36.66595],[-5.96437,36.66641],[-5.96605,36.66663],[-5.96652,36.66719],[-5.96603,36.66761],[-5.96486,36.66737],[-5.9644,36.66779],[-5.9644,36.66873],[-5.96492,36.66989],[-5.96375,36.6712],[-5.96524,36.67245],[-5.96438,36.67235],[-5.96402,36.67272],[-5.96419,36.67746],[-5.96253,36.67977],[-5.96221,36.68091],[-5.96085,36.68165],[-5.96173,36.67918],[-5.96304,36.67786],[-5.96329,36.67732],[-5.96337,36.67576],[-5.96297,36.67532],[-5.96296,36.67415],[-5.96229,36.67353],[-5.96146,36.67321],[-5.95968,36.67322],[-5.9597,36.673],[-5.96142,36.67246],[-5.96175,36.67176],[-5.96162,36.67127],[-5.96077,36.67056],[-5.96075,36.66951],[-5.95943,36.66882],[-5.96053,36.66841],[-5.96032,36.66806],[-5.95939,36.66766],[-5.95971,36.66647],[-5.96005,36.66608],[-5.96,36.66537],[-5.95969,36.66526],[-5.95703,36.66625],[-5.95867,36.6641],[-5.95852,36.66264],[-5.95705,36.66219],[-5.95706,36.66193],[-5.9577,36.66151],[-5.95691,36.66062],[-5.95592,36.6614],[-5.95522,36.66127],[-5.95522,36.65888],[-5.95328,36.65948],[-5.95263,36.65784],[-5.95185,36.65751],[-5.95156,36.65906],[-5.95009,36.66054],[-5.94962,36.66179],[-5.94943,36.66195],[-5.94845,36.66176],[-5.94798,36.66248],[-5.94736,36.66271],[-5.94535,36.66239],[-5.94278,36.66279],[-5.94047,36.66223],[-5.93902,36.66275],[-5.93864,36.66222],[-5.93784,36.66207],[-5.93579,36.66254],[-5.93496,36.66217],[-5.93454,36.66146],[-5.93279,36.66009],[-5.93188,36.66002],[-5.9316,36.66027],[-5.93175,36.66111],[-5.93391,36.66229],[-5.93395,36.66255],[-5.9327,36.66293],[-5.93126,36.66283],[-5.93158,36.66394],[-5.93049,36.66351],[-5.92961,36.66374],[-5.92917,36.66299],[-5.92846,36.66325],[-5.92844,36.66359],[-5.92917,36.6649],[-5.92732,36.66462],[-5.92612,36.6656],[-5.92693,36.66648],[-5.92698,36.66723],[-5.92783,36.66837],[-5.92658,36.6675],[-5.92566,36.66769],[-5.92469,36.66611],[-5.92249,36.66668],[-5.92161,36.66762],[-5.92109,36.66937],[-5.92143,36.66998],[-5.92261,36.67038],[-5.92054,36.67065],[-5.9198,36.67118],[-5.91864,36.67263],[-5.91844,36.67313],[-5.91857,36.6741],[-5.91756,36.67533],[-5.91808,36.67766],[-5.9194,36.6783],[-5.92092,36.67836],[-5.92009,36.67886],[-5.91999,36.67925],[-5.92294,36.68223],[-5.92506,36.68295],[-5.92585,36.68288],[-5.92471,36.68331],[-5.92164,36.68235],[-5.92085,36.68241],[-5.92005,36.68141],[-5.91886,36.6807],[-5.91851,36.68117],[-5.91849,36.68244],[-5.91691,36.68421],[-5.9174,36.68609],[-5.91925,36.68784],[-5.9206,36.69032],[-5.92097,36.692],[-5.92091,36.69279],[-5.92122,36.69348],[-5.922,36.69434],[-5.92374,36.695],[-5.92141,36.69508],[-5.92064,36.69466],[-5.91941,36.69265],[-5.91938,36.69161],[-5.91909,36.69086],[-5.91784,36.69003],[-5.91678,36.69],[-5.91652,36.69041],[-5.91663,36.69112],[-5.91807,36.69385],[-5.91744,36.69407],[-5.91708,36.69528],[-5.9178,36.69583],[-5.91919,36.69595],[-5.92035,36.69687],[-5.91793,36.69639],[-5.91697,36.69688],[-5.91565,36.6964],[-5.91391,36.69624],[-5.91381,36.6968],[-5.91451,36.69831],[-5.91588,36.69968],[-5.91416,36.69942],[-5.91331,36.69952],[-5.91265,36.70001],[-5.91256,36.70104],[-5.91142,36.70124],[-5.9111,36.70153],[-5.91224,36.70233],[-5.91247,36.70274],[-5.91231,36.70327],[-5.91127,36.70408],[-5.91143,36.70507],[-5.91102,36.70564],[-5.9112,36.70602],[-5.91309,36.70609],[-5.9133,36.70639],[-5.91344,36.70794],[-5.91441,36.70858],[-5.9152,36.70863],[-5.91407,36.70916],[-5.91284,36.70887],[-5.91246,36.70938],[-5.91258,36.71009],[-5.91481,36.70985],[-5.91431,36.71097],[-5.91441,36.71145],[-5.91493,36.71203],[-5.91613,36.71251],[-5.91669,36.71235],[-5.91713,36.71143],[-5.91844,36.71035],[-5.92065,36.70964],[-5.91869,36.7106],[-5.91832,36.71099],[-5.91763,36.71201],[-5.91774,36.71327],[-5.9187,36.71343],[-5.91951,36.71404],[-5.92101,36.71445],[-5.92186,36.71437],[-5.92138,36.71521],[-5.92164,36.71565],[-5.92466,36.71669],[-5.92317,36.71717],[-5.92436,36.71909],[-5.92009,36.71685],[-5.9193,36.7159],[-5.9162,36.71538],[-5.91562,36.71555],[-5.91453,36.71641],[-5.91466,36.7181],[-5.91432,36.71867],[-5.91679,36.72142],[-5.91779,36.72193],[-5.91673,36.72274],[-5.91449,36.72576],[-5.91436,36.72752],[-5.91558,36.72811],[-5.91678,36.72909],[-5.91537,36.73086],[-5.91601,36.73168],[-5.91632,36.73261],[-5.9171,36.7335],[-5.91798,36.73588],[-5.91695,36.73528],[-5.91692,36.73436],[-5.91647,36.73376],[-5.91523,36.73321],[-5.91456,36.73241],[-5.91319,36.73198],[-5.91199,36.73021],[-5.9117,36.72927],[-5.91015,36.728],[-5.91008,36.72634],[-5.90931,36.7257],[-5.90966,36.72476],[-5.90959,36.72423],[-5.90785,36.7221],[-5.9061,36.72183],[-5.90459,36.72226],[-5.90383,36.72278],[-5.90204,36.72458],[-5.90215,36.72492],[-5.9033,36.72563],[-5.90337,36.72599],[-5.90227,36.72605],[-5.90115,36.72518],[-5.90081,36.72569],[-5.89978,36.72568],[-5.89952,36.72646],[-5.89923,36.72625],[-5.8989,36.7253],[-5.89846,36.7252],[-5.89543,36.72627],[-5.89512,36.72658],[-5.89472,36.72907],[-5.89439,36.72947],[-5.89368,36.72955],[-5.89419,36.72843],[-5.89409,36.72762],[-5.89388,36.72684],[-5.8931,36.72588],[-5.89418,36.72583],[-5.89445,36.72477],[-5.89561,36.72497],[-5.89609,36.7248],[-5.89792,36.72223],[-5.89844,36.71996],[-5.89781,36.71963],[-5.89667,36.72],[-5.89688,36.71885],[-5.89941,36.71874],[-5.89992,36.71852],[-5.90149,36.71727],[-5.90143,36.71653],[-5.90106,36.71615],[-5.8993,36.71564],[-5.89871,36.71425],[-5.89756,36.71343],[-5.89323,36.71307],[-5.8922,36.71328],[-5.8913,36.71392],[-5.89102,36.71471],[-5.89106,36.71588],[-5.8904,36.71603],[-5.89019,36.71671],[-5.88983,36.71586],[-5.89036,36.71493],[-5.89035,36.71446],[-5.89006,36.71428],[-5.88916,36.71463],[-5.88872,36.71453],[-5.89161,36.71152],[-5.89173,36.71077],[-5.89143,36.70876],[-5.89033,36.70755],[-5.89006,36.70683],[-5.89112,36.70497],[-5.89283,36.70614],[-5.8947,36.70647],[-5.89665,36.70635],[-5.89728,36.70574],[-5.89808,36.70607],[-5.89868,36.70599],[-5.89991,36.70518],[-5.89937,36.70392],[-5.90131,36.70375],[-5.90188,36.70349],[-5.90268,36.70201],[-5.90212,36.70089],[-5.90329,36.70118],[-5.90391,36.70072],[-5.90395,36.69952],[-5.9033,36.69867],[-5.90361,36.69756],[-5.90343,36.69686],[-5.90171,36.69621],[-5.90196,36.69567],[-5.90173,36.69504],[-5.90177,36.69402],[-5.89998,36.69311],[-5.89884,36.69098],[-5.90001,36.69187],[-5.90086,36.69213],[-5.90145,36.69204],[-5.90171,36.69162],[-5.90161,36.6912],[-5.90084,36.69059],[-5.90146,36.6901],[-5.90222,36.69057],[-5.90235,36.69125],[-5.90273,36.69148],[-5.90302,36.69148],[-5.90346,36.69065],[-5.90479,36.69049],[-5.90531,36.68994],[-5.90842,36.69103],[-5.90886,36.6908],[-5.90902,36.69035],[-5.90873,36.68862],[-5.91025,36.6892],[-5.91135,36.68887],[-5.91139,36.68786],[-5.91077,36.68663],[-5.909,36.68642],[-5.90825,36.68666],[-5.90798,36.68584],[-5.90805,36.68566],[-5.90885,36.68577],[-5.91071,36.68482],[-5.91218,36.68468],[-5.91287,36.68308],[-5.91361,36.68224],[-5.91343,36.68139],[-5.91197,36.6797],[-5.91069,36.67921],[-5.91205,36.67836],[-5.91249,36.67755],[-5.91263,36.67654],[-5.91186,36.67585],[-5.91253,36.67538],[-5.91236,36.67469],[-5.91089,36.67429],[-5.91034,36.67453],[-5.90885,36.67567],[-5.90713,36.67746],[-5.90517,36.67834],[-5.90512,36.67909],[-5.90555,36.67959],[-5.90327,36.67989],[-5.90314,36.68033],[-5.90333,36.6813],[-5.90184,36.68069],[-5.9005,36.68138],[-5.90108,36.68024],[-5.90092,36.67993],[-5.89919,36.6801],[-5.89561,36.67931],[-5.89364,36.67987],[-5.89173,36.6798],[-5.88911,36.68127],[-5.88806,36.6812],[-5.88605,36.68057],[-5.8846,36.68101],[-5.88335,36.68086],[-5.88284,36.68109],[-5.88463,36.68157],[-5.88541,36.68144],[-5.88579,36.68214],[-5.88708,36.68271],[-5.88728,36.68308],[-5.88486,36.68249],[-5.88422,36.68211],[-5.88343,36.68232],[-5.88234,36.68204],[-5.88091,36.68107],[-5.87947,36.68047],[-5.87938,36.68085],[-5.87992,36.68201],[-5.87998,36.68325],[-5.88117,36.68335],[-5.88142,36.68465],[-5.88329,36.68562],[-5.88568,36.685],[-5.88598,36.68527],[-5.88518,36.68593],[-5.88536,36.68657],[-5.88588,36.68676],[-5.88678,36.68652],[-5.88625,36.6881],[-5.88692,36.68951],[-5.88706,36.69145],[-5.88811,36.69243],[-5.88896,36.6927],[-5.8887,36.6935],[-5.88938,36.69453],[-5.88845,36.69432],[-5.88733,36.69345],[-5.88631,36.6938],[-5.88688,36.69433],[-5.8868,36.69468],[-5.88655,36.6952],[-5.88548,36.69583],[-5.88648,36.69709],[-5.88629,36.69878],[-5.8867,36.69923],[-5.88667,36.69969],[-5.88628,36.69973],[-5.88538,36.69883],[-5.88477,36.69739],[-5.88211,36.69507],[-5.88129,36.69375],[-5.8805,36.69338],[-5.87958,36.69339],[-5.87839,36.69271],[-5.87753,36.69263],[-5.87692,36.69271],[-5.87668,36.69309],[-5.8759,36.69269],[-5.87475,36.69292],[-5.87432,36.69356],[-5.87454,36.69421],[-5.87331,36.69441],[-5.87271,36.69503],[-5.87348,36.69651],[-5.87351,36.69763],[-5.87291,36.69894],[-5.8721,36.69965],[-5.87265,36.70027],[-5.8745,36.70138],[-5.87484,36.7021],[-5.87469,36.70242],[-5.87344,36.70182],[-5.87281,36.70186],[-5.87174,36.7024],[-5.87035,36.70163],[-5.86941,36.70187],[-5.86825,36.70119],[-5.8679,36.69987],[-5.8672,36.69939],[-5.86661,36.69939],[-5.86544,36.70097],[-5.86621,36.70203],[-5.86536,36.70213],[-5.86501,36.7024],[-5.86527,36.70349],[-5.86513,36.70448],[-5.86454,36.70342],[-5.86322,36.70242],[-5.86294,36.70172],[-5.86302,36.69989],[-5.86358,36.69887],[-5.86352,36.69845],[-5.8629,36.6982],[-5.86174,36.69818],[-5.86001,36.69871],[-5.85815,36.69988],[-5.85793,36.70025],[-5.85824,36.70097],[-5.85921,36.70166],[-5.86012,36.70273],[-5.86048,36.70597],[-5.85981,36.70518],[-5.8592,36.70238],[-5.85882,36.70232],[-5.85767,36.70285],[-5.85701,36.70216],[-5.8556,36.70345],[-5.85493,36.7045],[-5.85471,36.70602],[-5.8535,36.70734],[-5.85289,36.7085],[-5.85221,36.71051],[-5.85209,36.71158],[-5.85256,36.71247],[-5.85229,36.71289],[-5.85219,36.71391],[-5.85161,36.71455],[-5.85179,36.71575],[-5.85099,36.7164],[-5.84986,36.71885],[-5.85017,36.71897],[-5.85093,36.7187],[-5.852,36.71928],[-5.85279,36.72056],[-5.85342,36.72335],[-5.85375,36.72372],[-5.85447,36.72378],[-5.85472,36.72428],[-5.85465,36.72604],[-5.85434,36.72673],[-5.85098,36.73066],[-5.85083,36.73273],[-5.85094,36.7331],[-5.85201,36.73418],[-5.85211,36.73495],[-5.85664,36.7399],[-5.85908,36.74035],[-5.86053,36.74032],[-5.86074,36.74094],[-5.86148,36.74173],[-5.86299,36.74223],[-5.8642,36.74226],[-5.86537,36.74151],[-5.86562,36.7429],[-5.86599,36.74324],[-5.86811,36.74355],[-5.86919,36.74346],[-5.86895,36.74405],[-5.86961,36.74618],[-5.86936,36.74663],[-5.86924,36.74893],[-5.86847,36.74879],[-5.86684,36.74947],[-5.86643,36.75015],[-5.86622,36.75195],[-5.86569,36.75318],[-5.86572,36.7536],[-5.86769,36.75478],[-5.86925,36.75494],[-5.87027,36.75557],[-5.87267,36.75533],[-5.87438,36.75578],[-5.8744,36.75669],[-5.87469,36.75738],[-5.87549,36.75815],[-5.87665,36.75877],[-5.87787,36.75998],[-5.87805,36.76095],[-5.87799,36.76118],[-5.87755,36.76107],[-5.87493,36.75947],[-5.87295,36.75746],[-5.87206,36.7572],[-5.87041,36.75715],[-5.86961,36.7579],[-5.8694,36.75895],[-5.87009,36.76123],[-5.87163,36.76245],[-5.87058,36.76283],[-5.8704,36.76234],[-5.86947,36.76151],[-5.8685,36.75922],[-5.86758,36.75812],[-5.86704,36.75806],[-5.86568,36.75908],[-5.8657,36.76032],[-5.86447,36.76138],[-5.86451,36.76336],[-5.86378,36.76404],[-5.86152,36.76468],[-5.86059,36.76531],[-5.85927,36.76535],[-5.85782,36.76652],[-5.85685,36.76672],[-5.85485,36.76579],[-5.85396,36.76623],[-5.85383,36.76611],[-5.85415,36.76572],[-5.85503,36.76546],[-5.85644,36.76601],[-5.8571,36.76596],[-5.85825,36.76489],[-5.86065,36.76395],[-5.86194,36.76319],[-5.86239,36.7618],[-5.86311,36.7607],[-5.8633,36.75935],[-5.86376,36.75821],[-5.86283,36.75802],[-5.86268,36.7575],[-5.86187,36.75718],[-5.86158,36.75675],[-5.86224,36.753],[-5.86329,36.75],[-5.86475,36.75138],[-5.86513,36.75141],[-5.86378,36.74961],[-5.86249,36.74561],[-5.86116,36.74418],[-5.86042,36.74226],[-5.85671,36.74184],[-5.85525,36.74202],[-5.85402,36.74138],[-5.85068,36.74111],[-5.85266,36.73948],[-5.85263,36.73882],[-5.85098,36.7375],[-5.85116,36.73636],[-5.85079,36.73557],[-5.84808,36.73335],[-5.84809,36.73055],[-5.84767,36.72949],[-5.84694,36.72903],[-5.84538,36.72915],[-5.84612,36.72865],[-5.84828,36.72818],[-5.84921,36.72691],[-5.84898,36.72605],[-5.84802,36.72516],[-5.84798,36.72425],[-5.84694,36.72394],[-5.84693,36.72242],[-5.84809,36.72145],[-5.8481,36.721],[-5.84764,36.72066],[-5.84597,36.72034],[-5.84518,36.72159],[-5.84503,36.72027],[-5.84534,36.71917],[-5.84421,36.71828],[-5.84543,36.71775],[-5.84516,36.71682],[-5.84446,36.71658],[-5.84503,36.71566],[-5.845,36.71522],[-5.84316,36.71301],[-5.84078,36.71133],[-5.83736,36.70998],[-5.8367,36.70988],[-5.83425,36.71037],[-5.83125,36.71021],[-5.82699,36.70903],[-5.8244,36.70892],[-5.82192,36.70838],[-5.81701,36.70967],[-5.81265,36.71209],[-5.81241,36.71236],[-5.81295,36.71251],[-5.81326,36.71288],[-5.81508,36.71202],[-5.81609,36.712],[-5.81743,36.71307],[-5.81862,36.71528],[-5.81893,36.71755],[-5.81868,36.71886],[-5.8192,36.71977],[-5.81814,36.71984],[-5.81797,36.72158],[-5.81687,36.72234],[-5.81672,36.72331],[-5.81577,36.72469],[-5.81411,36.72622],[-5.81282,36.7281],[-5.81189,36.72845],[-5.8119,36.72879],[-5.81327,36.7301],[-5.81034,36.72903],[-5.8076,36.72872],[-5.80663,36.72885],[-5.80572,36.72944],[-5.80035,36.72908],[-5.79936,36.72934],[-5.79858,36.72986],[-5.79791,36.73075],[-5.79776,36.73144],[-5.79827,36.73199],[-5.80029,36.73221],[-5.80192,36.73275],[-5.80322,36.73439],[-5.80459,36.73515],[-5.80827,36.7354],[-5.8128,36.73437],[-5.81417,36.73441],[-5.81518,36.73508],[-5.81632,36.73607],[-5.81673,36.73677],[-5.81862,36.73828],[-5.81924,36.73994],[-5.81913,36.74193],[-5.81839,36.74347],[-5.81774,36.74405],[-5.80968,36.74621],[-5.80669,36.7463],[-5.80468,36.74598],[-5.80138,36.74406],[-5.80029,36.74286],[-5.80008,36.74241],[-5.80049,36.74223],[-5.80227,36.74283],[-5.80353,36.7448],[-5.80431,36.74537],[-5.80574,36.74583],[-5.80779,36.74593],[-5.81465,36.74427],[-5.81584,36.74349],[-5.8174,36.74288],[-5.8178,36.74204],[-5.81728,36.74143],[-5.8164,36.74106],[-5.81359,36.74191],[-5.81242,36.74196],[-5.81122,36.74166],[-5.80931,36.74032],[-5.80847,36.73901],[-5.80517,36.73804],[-5.80387,36.73708],[-5.80147,36.7368],[-5.80027,36.73566],[-5.79826,36.73476],[-5.79735,36.73374],[-5.79726,36.733],[-5.79752,36.73208],[-5.79643,36.73072],[-5.79629,36.72996],[-5.79939,36.72788],[-5.8012,36.72744],[-5.80385,36.72764],[-5.80875,36.72708],[-5.81045,36.72641],[-5.81137,36.72578],[-5.81157,36.72534],[-5.81129,36.72336],[-5.8115,36.72095],[-5.8128,36.71963],[-5.81295,36.71915],[-5.81284,36.7187],[-5.81116,36.71705],[-5.80969,36.7166],[-5.80641,36.71707],[-5.8048,36.71821],[-5.80301,36.71856],[-5.80447,36.71781],[-5.80553,36.71665],[-5.80349,36.71585],[-5.80341,36.71563],[-5.80384,36.7135],[-5.80494,36.71198],[-5.80452,36.70897],[-5.80402,36.70803],[-5.80339,36.70755],[-5.80152,36.70769],[-5.80086,36.70751],[-5.80356,36.70635],[-5.80487,36.70534],[-5.80796,36.70474],[-5.80996,36.70393],[-5.8108,36.70386],[-5.81115,36.70405],[-5.81089,36.70501],[-5.81138,36.70519],[-5.81227,36.70444],[-5.81366,36.70259],[-5.81605,36.70173],[-5.81694,36.70305],[-5.81722,36.7045],[-5.81755,36.70451],[-5.81786,36.70344],[-5.81809,36.70391],[-5.81906,36.70448],[-5.82107,36.70424],[-5.82242,36.70472],[-5.82533,36.70323],[-5.82806,36.70283],[-5.82969,36.70298],[-5.83231,36.70224],[-5.8345,36.70101],[-5.83677,36.70013],[-5.83761,36.69937],[-5.83807,36.69925],[-5.83832,36.69885],[-5.83797,36.69789],[-5.8388,36.69849],[-5.83894,36.69884],[-5.83924,36.69887],[-5.84079,36.69675],[-5.84153,36.6963],[-5.84242,36.69615],[-5.84283,36.69544],[-5.84247,36.69499],[-5.84117,36.69558],[-5.84039,36.6951],[-5.83847,36.69482],[-5.83671,36.6955],[-5.83576,36.69549],[-5.83397,36.69445],[-5.83357,36.69362],[-5.83298,36.69312],[-5.83295,36.69267],[-5.83351,36.69176],[-5.83355,36.69126],[-5.83199,36.68932],[-5.83341,36.68908],[-5.83451,36.68817],[-5.83574,36.68776],[-5.83602,36.68591],[-5.83636,36.68519],[-5.83611,36.68445],[-5.83536,36.6837],[-5.83408,36.68314],[-5.83198,36.68273],[-5.82892,36.68253],[-5.82575,36.68282],[-5.82394,36.68396],[-5.8229,36.6826],[-5.82142,36.68245],[-5.82051,36.68277],[-5.82023,36.68333],[-5.82062,36.68395],[-5.82203,36.68455],[-5.82255,36.68561],[-5.82253,36.68604],[-5.82062,36.68532],[-5.82018,36.68543],[-5.82008,36.68599],[-5.81885,36.68619],[-5.81825,36.68573],[-5.81809,36.68367],[-5.81745,36.68332],[-5.81559,36.68343],[-5.81404,36.68475],[-5.8119,36.68424],[-5.80954,36.68442],[-5.80768,36.68333],[-5.80544,36.6812],[-5.80677,36.67935],[-5.80777,36.67838],[-5.8077,36.67793],[-5.80639,36.6762],[-5.80432,36.67502],[-5.8025,36.67589],[-5.80304,36.67465],[-5.8024,36.6742],[-5.80055,36.6737],[-5.79912,36.67392],[-5.79751,36.67264],[-5.79625,36.67277],[-5.79151,36.67084],[-5.78956,36.67079],[-5.78829,36.66917],[-5.7869,36.66869],[-5.78713,36.66822],[-5.78903,36.66889],[-5.79147,36.66924],[-5.79654,36.66896],[-5.79967,36.66924],[-5.80183,36.66902],[-5.8053,36.67024],[-5.80716,36.67184],[-5.80868,36.6726],[-5.80909,36.6724],[-5.80895,36.67061],[-5.8097,36.66912],[-5.81004,36.66975],[-5.80984,36.67048],[-5.80997,36.67091],[-5.81101,36.67145],[-5.8155,36.67558],[-5.81539,36.67627],[-5.81406,36.67834],[-5.81361,36.67951],[-5.8127,36.68052],[-5.81289,36.68079],[-5.81421,36.68064],[-5.81503,36.68102],[-5.81539,36.68044],[-5.81804,36.68011],[-5.81847,36.67976],[-5.8187,36.67884],[-5.81951,36.67917],[-5.82098,36.67921],[-5.82063,36.68011],[-5.82562,36.6802],[-5.82563,36.67986],[-5.82481,36.67905],[-5.82388,36.67877],[-5.82394,36.67842],[-5.82471,36.67824],[-5.82411,36.6774],[-5.82396,36.67578],[-5.82344,36.67529],[-5.82524,36.67516],[-5.82669,36.67466],[-5.8276,36.67373],[-5.82782,36.67392],[-5.82784,36.67489],[-5.82563,36.67606],[-5.82536,36.67662],[-5.82551,36.67722],[-5.82709,36.67879],[-5.8291,36.67926],[-5.83103,36.68008],[-5.8347,36.67951],[-5.83617,36.67988],[-5.8372,36.67986],[-5.83817,36.67895],[-5.84009,36.67826],[-5.84092,36.67767],[-5.84101,36.67727],[-5.84053,36.67654],[-5.84222,36.67628],[-5.84236,36.67752],[-5.84121,36.67862],[-5.84014,36.67917],[-5.83974,36.67998],[-5.84037,36.6814],[-5.84205,36.68063],[-5.84264,36.68059],[-5.84302,36.68098],[-5.84205,36.68148],[-5.84185,36.68195],[-5.84242,36.68277],[-5.84228,36.6842],[-5.8435,36.68531],[-5.84136,36.68562],[-5.84178,36.68639],[-5.84136,36.68751],[-5.84195,36.68778],[-5.84413,36.68763],[-5.84537,36.68882],[-5.84593,36.68896],[-5.84712,36.68773],[-5.8484,36.68772],[-5.84835,36.68889],[-5.84879,36.6892],[-5.84857,36.68953],[-5.84881,36.69163],[-5.84965,36.69262],[-5.85051,36.69295],[-5.85284,36.69239],[-5.85459,36.69296],[-5.85586,36.69299],[-5.85631,36.69261],[-5.85641,36.68931],[-5.85707,36.68527],[-5.85765,36.68415],[-5.85791,36.683],[-5.85911,36.68389],[-5.86102,36.68274],[-5.86125,36.68226],[-5.86114,36.68037],[-5.86195,36.67925],[-5.86331,36.67837],[-5.86577,36.67788],[-5.86895,36.67815],[-5.86957,36.67784],[-5.86797,36.67703],[-5.86518,36.6762],[-5.86096,36.67375],[-5.86085,36.67346],[-5.86101,36.67339],[-5.86259,36.67372],[-5.86273,36.67349],[-5.86092,36.67171],[-5.86066,36.67094],[-5.86138,36.67171],[-5.8638,36.67331],[-5.86521,36.67507],[-5.86629,36.67518],[-5.8676,36.6758],[-5.87031,36.67585],[-5.87118,36.67654],[-5.87174,36.67654],[-5.87295,36.67557],[-5.87272,36.67466],[-5.87337,36.67423],[-5.8739,36.67276],[-5.87368,36.67237],[-5.8722,36.67178],[-5.87322,36.67152],[-5.87441,36.67074],[-5.87466,36.66999],[-5.87446,36.66891],[-5.87616,36.66711],[-5.8767,36.66621],[-5.87782,36.66533],[-5.87861,36.66379],[-5.88102,36.66257],[-5.88201,36.66156],[-5.88546,36.66031],[-5.88717,36.66007],[-5.89081,36.66078],[-5.89144,36.66038],[-5.89111,36.65797],[-5.89012,36.65767],[-5.88979,36.65706],[-5.88848,36.65591],[-5.88775,36.65581],[-5.88777,36.65533],[-5.88704,36.65529],[-5.88675,36.65426],[-5.88538,36.65297],[-5.88498,36.65289],[-5.88431,36.65319],[-5.88396,36.65254],[-5.8833,36.65251],[-5.88292,36.65216],[-5.88242,36.65236],[-5.87984,36.65231],[-5.87685,36.65114],[-5.87716,36.65073],[-5.87693,36.65055],[-5.87431,36.64991],[-5.87224,36.64871],[-5.8751,36.64978],[-5.87808,36.6499],[-5.87848,36.65023],[-5.87859,36.65065],[-5.87913,36.65093],[-5.88181,36.65106],[-5.88196,36.65099],[-5.88117,36.65047],[-5.87886,36.64989],[-5.87831,36.6492],[-5.87928,36.64981],[-5.88212,36.64996],[-5.8838,36.65068],[-5.88429,36.65032],[-5.8839,36.64944],[-5.8841,36.64924],[-5.88494,36.64988],[-5.88553,36.65149],[-5.88712,36.65244],[-5.88792,36.65348],[-5.88857,36.65357],[-5.88925,36.65461],[-5.89131,36.65553],[-5.89181,36.65627],[-5.89283,36.65613],[-5.89317,36.65507],[-5.89413,36.65686],[-5.89439,36.6583],[-5.89481,36.65854],[-5.89648,36.65821],[-5.89685,36.65772],[-5.89678,36.65686],[-5.89859,36.65672],[-5.89885,36.65626],[-5.89876,36.65561],[-5.89914,36.65527],[-5.90138,36.65483],[-5.90038,36.65233],[-5.89955,36.65117],[-5.89896,36.65078],[-5.89879,36.65013],[-5.89898,36.64984],[-5.89966,36.65046],[-5.90174,36.65149],[-5.90245,36.65232],[-5.90387,36.65329],[-5.90399,36.65295],[-5.90376,36.65246],[-5.90432,36.65221],[-5.90435,36.65186],[-5.9048,36.6519],[-5.9055,36.65253],[-5.90752,36.65163],[-5.90804,36.65084],[-5.90794,36.65068],[-5.90619,36.64966],[-5.90672,36.6494],[-5.90855,36.64925],[-5.90862,36.64897],[-5.9082,36.64865],[-5.90825,36.64838],[-5.90999,36.64816],[-5.91029,36.64761],[-5.90925,36.64695],[-5.90669,36.64605],[-5.90602,36.64521],[-5.90444,36.64521],[-5.90502,36.6443],[-5.90389,36.64311],[-5.90307,36.64276],[-5.90303,36.64181],[-5.90039,36.64065],[-5.89901,36.63971],[-5.8987,36.63897],[-5.89924,36.63886],[-5.90018,36.63953],[-5.90118,36.63981],[-5.90081,36.63929],[-5.90065,36.63802],[-5.90083,36.6377],[-5.90175,36.6387],[-5.90371,36.63987],[-5.90557,36.63975],[-5.9062,36.64152],[-5.90711,36.64159],[-5.90816,36.64124],[-5.90956,36.6414],[-5.90962,36.64104],[-5.90908,36.64035],[-5.90904,36.63997],[-5.91036,36.64029],[-5.91075,36.64015],[-5.91085,36.63974],[-5.9089,36.63776],[-5.90946,36.63757],[-5.91125,36.63768],[-5.91216,36.63825],[-5.91269,36.63826],[-5.91336,36.63776],[-5.91347,36.63685],[-5.91412,36.63668],[-5.91433,36.63614],[-5.91263,36.63591],[-5.91156,36.63494],[-5.91174,36.63453],[-5.91251,36.63459],[-5.91305,36.63422],[-5.91317,36.63371],[-5.90961,36.63226],[-5.90822,36.63125],[-5.91167,36.63137],[-5.91125,36.63045],[-5.91206,36.62996],[-5.91211,36.62955],[-5.91063,36.62788],[-5.91069,36.62766],[-5.91387,36.62941],[-5.91448,36.62927],[-5.91477,36.62894],[-5.91392,36.62794],[-5.91368,36.62687],[-5.91744,36.62773],[-5.91904,36.62786],[-5.91897,36.6273],[-5.91691,36.62473],[-5.91902,36.6254],[-5.91936,36.6251],[-5.91845,36.62339],[-5.91695,36.6217],[-5.91652,36.62142],[-5.91527,36.62159],[-5.91463,36.62023],[-5.91321,36.61964],[-5.91169,36.61984],[-5.91134,36.62069],[-5.91089,36.62096],[-5.90995,36.62086],[-5.90752,36.62184],[-5.90669,36.62195],[-5.90798,36.62037],[-5.90795,36.61966],[-5.90929,36.61969],[-5.9085,36.61789],[-5.90921,36.61831],[-5.91008,36.61843],[-5.91077,36.61798],[-5.91081,36.61765],[-5.90951,36.61602],[-5.91296,36.61714],[-5.91458,36.61702],[-5.91432,36.61619],[-5.91448,36.61603],[-5.91616,36.61671],[-5.91737,36.61676],[-5.91594,36.61554],[-5.91463,36.61325],[-5.91616,36.61428],[-5.91695,36.6142],[-5.91861,36.61569],[-5.92025,36.61651],[-5.92072,36.6166],[-5.92137,36.61571],[-5.92211,36.61652],[-5.92342,36.61709],[-5.92445,36.61813],[-5.92572,36.61903],[-5.92613,36.61908],[-5.92629,36.61877],[-5.92593,36.61687],[-5.92484,36.61656],[-5.92464,36.61582],[-5.92367,36.61527],[-5.92342,36.61489],[-5.92359,36.61467],[-5.92471,36.61489],[-5.92362,36.61378],[-5.92382,36.61198],[-5.92577,36.61304],[-5.92695,36.61313],[-5.92749,36.61242],[-5.92731,36.61116],[-5.92807,36.61115],[-5.92839,36.61089],[-5.9291,36.61178],[-5.92916,36.61026],[-5.93017,36.61018],[-5.93009,36.60935],[-5.93077,36.6089],[-5.93017,36.60861],[-5.92998,36.60807],[-5.93074,36.60762],[-5.93106,36.60581],[-5.93154,36.60559],[-5.93406,36.60566],[-5.93159,36.60315],[-5.93075,36.60164],[-5.93097,36.60063],[-5.93207,36.60116],[-5.9328,36.6004],[-5.9323,36.59984],[-5.93136,36.59936],[-5.93073,36.59761],[-5.9296,36.59713],[-5.92952,36.59669],[-5.92979,36.59601],[-5.92895,36.59567],[-5.92802,36.59476],[-5.92623,36.59497],[-5.92552,36.59549],[-5.92535,36.596],[-5.92634,36.60021],[-5.92719,36.60222],[-5.92562,36.60183],[-5.92411,36.60221],[-5.92311,36.60194],[-5.92388,36.59889],[-5.92423,36.59852],[-5.92377,36.59756],[-5.92231,36.59587],[-5.92225,36.59531],[-5.92284,36.59405],[-5.92268,36.59373],[-5.92051,36.59512],[-5.92007,36.59569],[-5.92135,36.59715],[-5.92172,36.59824],[-5.92173,36.59925],[-5.92102,36.59973],[-5.92084,36.60047],[-5.92007,36.59927],[-5.91906,36.59909],[-5.91851,36.59874],[-5.91701,36.59945],[-5.91697,36.60025],[-5.91812,36.60192],[-5.91692,36.6012],[-5.91596,36.60096],[-5.9157,36.60116],[-5.91558,36.60254],[-5.91454,36.60216],[-5.91434,36.59914],[-5.91399,36.59876],[-5.91293,36.59833],[-5.91011,36.59991],[-5.90943,36.60081],[-5.90982,36.60164],[-5.90936,36.60193],[-5.90922,36.60248],[-5.90857,36.60201],[-5.90837,36.60209],[-5.90797,36.60249],[-5.90763,36.60344],[-5.90543,36.60367],[-5.90105,36.60323],[-5.89989,36.60506],[-5.89848,36.60414],[-5.89769,36.60193],[-5.897,36.60182],[-5.89608,36.6023],[-5.89631,36.60136],[-5.89555,36.59953],[-5.89651,36.59995],[-5.89683,36.60102],[-5.89812,36.60104],[-5.89864,36.60134],[-5.89872,36.60272],[-5.89919,36.60335],[-5.90041,36.60253],[-5.902,36.60187],[-5.90597,36.60151],[-5.90638,36.6011],[-5.90639,36.59969],[-5.90589,36.59919],[-5.90736,36.5989],[-5.90927,36.59755],[-5.90975,36.59663],[-5.90969,36.59529],[-5.91113,36.59524],[-5.91191,36.5945],[-5.91232,36.59311],[-5.9155,36.59255],[-5.91619,36.59145],[-5.917,36.59159],[-5.91746,36.59135],[-5.91811,36.59051],[-5.91842,36.58964],[-5.91976,36.58919],[-5.91989,36.58876],[-5.91904,36.58788],[-5.91983,36.587],[-5.91986,36.58629],[-5.91951,36.58592],[-5.91695,36.5848],[-5.91643,36.58482],[-5.91574,36.5854],[-5.915,36.58466],[-5.91325,36.58398],[-5.90969,36.58469],[-5.90932,36.58587],[-5.9082,36.58502],[-5.906,36.58416],[-5.90472,36.5842],[-5.90391,36.58452],[-5.9035,36.585],[-5.90378,36.58382],[-5.90021,36.58354],[-5.90054,36.58302],[-5.90249,36.58254],[-5.90608,36.58248],[-5.90736,36.5822],[-5.90892,36.58232],[-5.91057,36.5812],[-5.91078,36.58046],[-5.91053,36.57959],[-5.91133,36.57918],[-5.91148,36.57881],[-5.91009,36.57709],[-5.90937,36.5755],[-5.90929,36.57465],[-5.90959,36.57389],[-5.91281,36.57645],[-5.91363,36.57688],[-5.9142,36.57679],[-5.9126,36.57336],[-5.90994,36.57203],[-5.90944,36.57121],[-5.9134,36.57218],[-5.9133,36.572],[-5.90424,36.5646],[-5.90299,36.56328],[-5.90292,36.56293],[-5.90395,36.56277],[-5.90421,36.56225],[-5.90269,36.56112],[-5.90277,36.56035],[-5.90133,36.55883],[-5.90253,36.55856],[-5.90156,36.55809],[-5.90148,36.55748],[-5.90309,36.55793],[-5.90314,36.55689],[-5.90072,36.55505],[-5.89989,36.55484],[-5.89852,36.55499],[-5.89806,36.55476],[-5.89752,36.55399],[-5.89912,36.55372],[-5.89801,36.55345],[-5.89726,36.55212],[-5.89567,36.551],[-5.89583,36.55031],[-5.89569,36.54988],[-5.89495,36.54972],[-5.89422,36.54918],[-5.89361,36.54919],[-5.88944,36.55071],[-5.88951,36.54952],[-5.88797,36.54868],[-5.88629,36.54712],[-5.88488,36.54661],[-5.88458,36.54733],[-5.88356,36.54691],[-5.88118,36.54763],[-5.87998,36.54738],[-5.87944,36.54819],[-5.87782,36.54923],[-5.87785,36.54764],[-5.87698,36.54724],[-5.87686,36.54748],[-5.87709,36.54792],[-5.87566,36.5493],[-5.8742,36.54959],[-5.87317,36.54925],[-5.87429,36.54871],[-5.87563,36.54699],[-5.87523,36.54666],[-5.87312,36.54702],[-5.87497,36.54608],[-5.87536,36.54542],[-5.87508,36.54469],[-5.87348,36.54385],[-5.87313,36.54306],[-5.87576,36.54334],[-5.87764,36.54217],[-5.87798,36.54345],[-5.87862,36.54427],[-5.87911,36.5444],[-5.88238,36.54339],[-5.88423,36.54229],[-5.88855,36.54263],[-5.88981,36.54196],[-5.8906,36.54293],[-5.89106,36.54306],[-5.8935,36.54163],[-5.89393,36.54236],[-5.89587,36.54277],[-5.89807,36.54118],[-5.89923,36.53948],[-5.89885,36.53867],[-5.89739,36.53854],[-5.8968,36.53822],[-5.89656,36.53749],[-5.89681,36.53617],[-5.8967,36.53556],[-5.89612,36.53546],[-5.89496,36.53572],[-5.89331,36.53507],[-5.89652,36.53479],[-5.89779,36.53402],[-5.89771,36.53377],[-5.89634,36.53334],[-5.89696,36.53275],[-5.89681,36.53137],[-5.89586,36.53069],[-5.89743,36.52996],[-5.89611,36.52891],[-5.8965,36.52794],[-5.89745,36.52729],[-5.89764,36.52666],[-5.89694,36.52631],[-5.89475,36.52671],[-5.89575,36.526],[-5.89862,36.52504],[-5.90013,36.52242],[-5.89996,36.52177],[-5.89697,36.51964],[-5.8965,36.51867],[-5.89588,36.51803],[-5.89665,36.51642],[-5.8962,36.51441],[-5.89578,36.51429],[-5.89423,36.51463],[-5.89435,36.51427],[-5.89527,36.51371],[-5.89171,36.51091],[-5.89043,36.51072],[-5.8881,36.51133],[-5.8877,36.51025],[-5.88645,36.50995],[-5.88728,36.5087],[-5.88689,36.50818],[-5.8855,36.5081],[-5.88458,36.50832],[-5.88406,36.5086],[-5.88353,36.50933],[-5.88056,36.50821],[-5.88072,36.5069],[-5.88353,36.50705],[-5.88484,36.50624],[-5.88501,36.50501],[-5.88542,36.50407],[-5.8849,36.50348],[-5.88284,36.50211],[-5.88236,36.50207],[-5.88192,36.50302],[-5.88144,36.50305],[-5.88069,36.50238],[-5.87985,36.50224],[-5.87935,36.50179],[-5.87783,36.50151],[-5.87662,36.50089],[-5.87689,36.49979],[-5.87724,36.49961],[-5.87929,36.50094],[-5.88106,36.50097],[-5.88318,36.50024],[-5.88466,36.50073],[-5.88475,36.50141],[-5.88689,36.50075],[-5.88795,36.50161],[-5.88904,36.50214],[-5.88978,36.50312],[-5.89149,36.50249],[-5.89355,36.50239],[-5.89687,36.50173],[-5.89876,36.50223],[-5.90052,36.50208],[-5.90181,36.50237],[-5.90213,36.50154],[-5.90149,36.50111],[-5.9013,36.50039],[-5.90138,36.49981],[-5.90205,36.49931],[-5.90325,36.49941],[-5.9043,36.50033],[-5.90674,36.5001],[-5.90753,36.50052],[-5.90782,36.49991],[-5.90973,36.49957],[-5.91148,36.49936],[-5.91241,36.49964],[-5.91189,36.50019],[-5.9095,36.50144],[-5.90808,36.5019],[-5.90775,36.50225],[-5.90799,36.50289],[-5.90877,36.50337],[-5.91119,36.50323],[-5.91139,36.50391],[-5.91126,36.50432],[-5.91007,36.50467],[-5.90902,36.50535],[-5.90811,36.50402],[-5.90768,36.50379],[-5.90679,36.50394],[-5.90609,36.50436],[-5.90517,36.50544],[-5.90395,36.5057],[-5.9018,36.50721],[-5.90116,36.50802],[-5.90105,36.50884],[-5.90146,36.50954],[-5.90363,36.50875],[-5.90488,36.50937],[-5.90623,36.50957],[-5.90464,36.50996],[-5.90309,36.51084],[-5.90314,36.51125],[-5.90482,36.5123],[-5.90576,36.51241],[-5.90723,36.51186],[-5.90904,36.51153],[-5.91034,36.5117],[-5.9111,36.5114],[-5.91104,36.51207],[-5.91131,36.51244],[-5.91374,36.51323],[-5.91467,36.51378],[-5.91261,36.51526],[-5.91151,36.5156],[-5.91071,36.51637],[-5.90932,36.51691],[-5.90818,36.51852],[-5.90653,36.5192],[-5.90606,36.51988],[-5.90563,36.52012],[-5.90439,36.52014],[-5.90387,36.52047],[-5.90336,36.52145],[-5.90267,36.52213],[-5.90375,36.523],[-5.90278,36.52303],[-5.9015,36.52266],[-5.9005,36.52525],[-5.90056,36.5264],[-5.901,36.52701],[-5.90224,36.52695],[-5.90281,36.52734],[-5.90124,36.52764],[-5.90035,36.52839],[-5.90051,36.5291],[-5.90094,36.52959],[-5.90305,36.53043],[-5.9055,36.5303],[-5.90717,36.53112],[-5.90877,36.53129],[-5.91053,36.53104],[-5.91276,36.53034],[-5.9142,36.53079],[-5.91078,36.53195],[-5.90961,36.53198],[-5.90829,36.53256],[-5.90596,36.53254],[-5.90383,36.53317],[-5.90252,36.53237],[-5.90152,36.53303],[-5.9015,36.53323],[-5.90304,36.53352],[-5.90176,36.53388],[-5.90194,36.53452],[-5.90165,36.53543],[-5.90214,36.53841],[-5.90255,36.53853],[-5.90374,36.5375],[-5.90463,36.53753],[-5.90539,36.53808],[-5.9045,36.53893],[-5.90473,36.53929],[-5.90568,36.53938],[-5.90749,36.53851],[-5.90799,36.54014],[-5.9077,36.54062],[-5.90639,36.54001],[-5.9052,36.5399],[-5.90415,36.53944],[-5.9025,36.5393],[-5.90184,36.539],[-5.90129,36.53986],[-5.90126,36.54039],[-5.90242,36.54109],[-5.90301,36.54242],[-5.90438,36.54297],[-5.90452,36.54449],[-5.90654,36.54496],[-5.90717,36.54545],[-5.90701,36.54627],[-5.90849,36.54686],[-5.9079,36.54777],[-5.9071,36.54804],[-5.90862,36.54865],[-5.90979,36.5502],[-5.9107,36.55022],[-5.91066,36.5516],[-5.91215,36.55249],[-5.91243,36.55345],[-5.91313,36.55443],[-5.91361,36.5538],[-5.91343,36.55287],[-5.91439,36.55252],[-5.91459,36.55218],[-5.91404,36.55085],[-5.91404,36.54863],[-5.91362,36.54789],[-5.91227,36.54665],[-5.91367,36.5465],[-5.91543,36.54726],[-5.91583,36.54765],[-5.91606,36.54834],[-5.9157,36.54969],[-5.91604,36.55031],[-5.9172,36.55063],[-5.91851,36.55063],[-5.91648,36.55171],[-5.9168,36.55286],[-5.91721,36.55327],[-5.91906,36.55326],[-5.91981,36.55386],[-5.92221,36.55443],[-5.92312,36.55521],[-5.92413,36.55509],[-5.92395,36.55549],[-5.9231,36.55563],[-5.92178,36.55513],[-5.92013,36.55497],[-5.91957,36.55514],[-5.91898,36.55581],[-5.91836,36.55542],[-5.91785,36.55561],[-5.9185,36.55666],[-5.91853,36.55761],[-5.91913,36.55859],[-5.91984,36.55901],[-5.92102,36.55893],[-5.92194,36.55946],[-5.92262,36.55911],[-5.92374,36.56001],[-5.92343,36.5603],[-5.92339,36.5613],[-5.92474,36.56317],[-5.92399,36.56334],[-5.92202,36.56256],[-5.92197,36.56281],[-5.92271,36.56361],[-5.92287,36.56461],[-5.92367,36.56491],[-5.92482,36.56491],[-5.92567,36.56537],[-5.92648,36.56525],[-5.92683,36.56591],[-5.92635,36.56659],[-5.92703,36.56702],[-5.92748,36.56701],[-5.92874,36.56625],[-5.92957,36.56498],[-5.92899,36.5641],[-5.92967,36.56387],[-5.92962,36.56315],[-5.93066,36.56271],[-5.93173,36.56107],[-5.9319,36.5621],[-5.9313,36.56393],[-5.93169,36.56616],[-5.93192,36.5665],[-5.933,36.56654],[-5.9328,36.56735],[-5.93474,36.56909],[-5.933,36.56937],[-5.93467,36.57021],[-5.93418,36.57064],[-5.93402,36.57122],[-5.93505,36.57134],[-5.93395,36.57221],[-5.93395,36.57347],[-5.93485,36.57427],[-5.9353,36.57538],[-5.93711,36.57588],[-5.93762,36.57679],[-5.93846,36.57752],[-5.93934,36.57741],[-5.93861,36.57875],[-5.93859,36.57928],[-5.94005,36.58064],[-5.94093,36.58088],[-5.94022,36.58135],[-5.94036,36.58357],[-5.94051,36.58407],[-5.9411,36.58462],[-5.94024,36.58496],[-5.93986,36.5848],[-5.93804,36.58167],[-5.93568,36.58101],[-5.93487,36.58184],[-5.93442,36.58106],[-5.93393,36.58126],[-5.93415,36.58401],[-5.93578,36.58588],[-5.93564,36.58777],[-5.93611,36.58842],[-5.93806,36.58966],[-5.93871,36.59111],[-5.93997,36.59168],[-5.93989,36.5923],[-5.9407,36.59325],[-5.94143,36.59331],[-5.94147,36.59408],[-5.94228,36.59422],[-5.94383,36.59574],[-5.94468,36.5962],[-5.94516,36.59621],[-5.94608,36.59574],[-5.94724,36.59613],[-5.94645,36.59746],[-5.94707,36.59792],[-5.95007,36.59864],[-5.95114,36.59854],[-5.95324,36.59895],[-5.95406,36.59949],[-5.95523,36.59875],[-5.9556,36.59937],[-5.95633,36.59952],[-5.95683,36.6006],[-5.96037,36.60083],[-5.96056,36.60059],[-5.96011,36.60052],[-5.95957,36.59982],[-5.95846,36.59957],[-5.95769,36.59893],[-5.95778,36.59876],[-5.95957,36.59886],[-5.96031,36.59928],[-5.96109,36.59932],[-5.9613,36.59899],[-5.96082,36.59729],[-5.96194,36.59581],[-5.9624,36.59573],[-5.96315,36.59617],[-5.96347,36.59557],[-5.96323,36.5953],[-5.96221,36.59507],[-5.96068,36.59572],[-5.96034,36.59564],[-5.96126,36.59463],[-5.96347,36.59388],[-5.96294,36.59255],[-5.9617,36.59231],[-5.96107,36.59179],[-5.95959,36.59116],[-5.95968,36.59088],[-5.96071,36.59098],[-5.96114,36.59035],[-5.96285,36.59101],[-5.96339,36.59088],[-5.96252,36.59048],[-5.9622,36.58939],[-5.9619,36.58912],[-5.96078,36.58977],[-5.96046,36.58965],[-5.96034,36.58924],[-5.96104,36.58863],[-5.96031,36.58789],[-5.95766,36.58686],[-5.95634,36.58742],[-5.95653,36.58871],[-5.95562,36.58933],[-5.95606,36.5883],[-5.95552,36.58793],[-5.95458,36.58798],[-5.95385,36.58839],[-5.95183,36.58857],[-5.95324,36.58736],[-5.9526,36.5872],[-5.95242,36.58663],[-5.95162,36.58591],[-5.95072,36.58583],[-5.94877,36.58622],[-5.94763,36.58517],[-5.94854,36.58465],[-5.94855,36.58376],[-5.94921,36.58283],[-5.94907,36.5825],[-5.94738,36.5822],[-5.94739,36.58148],[-5.94812,36.58096],[-5.94823,36.58031],[-5.95018,36.58144],[-5.95041,36.58133],[-5.95009,36.58074],[-5.95023,36.58058],[-5.95139,36.58101],[-5.95241,36.58178],[-5.95271,36.58277],[-5.95382,36.58241],[-5.95432,36.5826],[-5.95532,36.58411],[-5.9561,36.5847],[-5.95731,36.58508],[-5.95782,36.58473],[-5.95793,36.58355],[-5.95865,36.5826],[-5.95835,36.5823],[-5.95755,36.58214],[-5.95692,36.5816],[-5.95684,36.58129],[-5.95734,36.58069],[-5.95731,36.58036],[-5.95621,36.58015],[-5.95691,36.57957],[-5.9568,36.57922],[-5.95481,36.579],[-5.95605,36.5778],[-5.95572,36.57703],[-5.95582,36.57678],[-5.95628,36.57688],[-5.95677,36.57736],[-5.9576,36.57717],[-5.95685,36.57616],[-5.95579,36.576],[-5.95504,36.57538],[-5.95435,36.57526],[-5.95557,36.57473],[-5.95525,36.57297],[-5.95294,36.57232],[-5.95295,36.57202],[-5.9541,36.57197],[-5.95457,36.57169],[-5.95477,36.57124],[-5.95464,36.57042],[-5.95497,36.56991],[-5.95529,36.57126],[-5.95512,36.57213],[-5.95609,36.5727],[-5.9565,36.57399],[-5.95745,36.57439],[-5.95902,36.57573],[-5.95932,36.57632],[-5.96148,36.57625],[-5.96012,36.57677],[-5.95971,36.57775],[-5.96137,36.58075],[-5.96122,36.58093],[-5.9599,36.5803],[-5.95918,36.58044],[-5.95927,36.58078],[-5.96045,36.58164],[-5.96125,36.58326],[-5.96022,36.58336],[-5.9597,36.58398],[-5.95973,36.58428],[-5.96093,36.58507],[-5.96194,36.58664],[-5.96258,36.58716],[-5.96316,36.5871],[-5.96378,36.58626],[-5.96459,36.58615],[-5.96506,36.58553],[-5.96501,36.58399],[-5.96386,36.58237],[-5.96396,36.5822],[-5.96463,36.58239],[-5.96576,36.58327],[-5.9668,36.58372],[-5.96716,36.58415],[-5.96721,36.5844],[-5.96669,36.5852],[-5.96616,36.58499],[-5.96589,36.58519],[-5.96576,36.58638],[-5.96625,36.58732],[-5.96602,36.58802],[-5.96664,36.58905],[-5.96486,36.5876],[-5.96441,36.58766],[-5.96418,36.58812],[-5.96529,36.59027],[-5.96732,36.59164],[-5.96798,36.5924],[-5.96842,36.59198],[-5.96884,36.59103],[-5.96854,36.59001],[-5.96973,36.59026],[-5.97047,36.58972],[-5.96939,36.58865],[-5.9695,36.58809],[-5.96828,36.58754],[-5.96775,36.58679],[-5.96786,36.58652],[-5.96824,36.58653],[-5.96834,36.58616],[-5.9679,36.58509],[-5.96866,36.58569],[-5.96982,36.58613],[-5.97033,36.58535],[-5.96975,36.58454],[-5.96916,36.58436],[-5.9684,36.58447],[-5.9674,36.58392],[-5.96735,36.58354],[-5.96759,36.58323],[-5.96857,36.58354],[-5.96904,36.58316],[-5.96791,36.58229],[-5.96707,36.58124],[-5.96796,36.58124],[-5.96978,36.58227],[-5.97127,36.58352],[-5.97213,36.58357],[-5.97237,36.58331],[-5.97181,36.58216],[-5.97036,36.58114],[-5.96993,36.58028],[-5.96891,36.57926],[-5.96993,36.57941],[-5.97131,36.58039],[-5.97251,36.58056],[-5.97355,36.57989],[-5.97546,36.57919],[-5.97537,36.57856],[-5.97433,36.57773],[-5.97434,36.57752],[-5.97527,36.57767],[-5.9765,36.57851],[-5.97693,36.57739],[-5.97842,36.5773],[-5.97886,36.57703],[-5.97895,36.57652],[-5.97866,36.57596],[-5.97944,36.57528],[-5.98045,36.57299],[-5.98055,36.57554],[-5.98227,36.57626],[-5.9833,36.57568],[-5.9839,36.5744],[-5.98461,36.57351],[-5.98489,36.57279],[-5.98466,36.5721],[-5.98486,36.57175],[-5.98521,36.57153],[-5.98581,36.5718],[-5.98607,36.57158],[-5.98617,36.57229],[-5.98662,36.57252],[-5.98768,36.57025],[-5.9874,36.56616],[-5.98666,36.56507],[-5.98489,36.56423],[-5.98392,36.56322],[-5.98494,36.56296],[-5.98495,36.56269],[-5.98446,36.56183],[-5.98355,36.56172],[-5.98379,36.56115],[-5.98364,36.56004],[-5.98232,36.55945],[-5.98187,36.55849],[-5.98421,36.55923],[-5.98554,36.56115],[-5.9861,36.56138],[-5.98688,36.5611],[-5.98665,36.56296],[-5.98778,36.56327],[-5.98933,36.56415],[-5.98949,36.56513],[-5.99027,36.56643],[-5.99089,36.56707],[-5.99192,36.56744],[-5.99228,36.56863],[-5.993,36.56682],[-5.99325,36.56705],[-5.99348,36.56841],[-5.99509,36.56775],[-5.99617,36.56819],[-5.99639,36.56911],[-5.99758,36.56859],[-5.99776,36.56918],[-5.99942,36.57041],[-6.00074,36.57211],[-6.00053,36.57218],[-5.99902,36.57101],[-5.99817,36.57094],[-5.99619,36.57174],[-5.99538,36.57232],[-5.9954,36.57305],[-5.99591,36.57404],[-5.99271,36.57294],[-5.99105,36.57287],[-5.9891,36.57347],[-5.98798,36.57357],[-5.98732,36.57437],[-5.98604,36.57506],[-5.98585,36.57571],[-5.98469,36.57659],[-5.98594,36.57794],[-5.98799,36.57718],[-5.98868,36.57726],[-5.9873,36.57786],[-5.98671,36.57878],[-5.98891,36.58149],[-5.989,36.58204],[-5.98745,36.581],[-5.98641,36.57988],[-5.98544,36.5793],[-5.98486,36.57923],[-5.98511,36.57848],[-5.98447,36.57769],[-5.98365,36.57743],[-5.98157,36.57765],[-5.98068,36.57812],[-5.97973,36.57903],[-5.97848,36.57937],[-5.97631,36.5804],[-5.97617,36.58175],[-5.97677,36.58302],[-5.97614,36.58252],[-5.97504,36.58213],[-5.97563,36.58284],[-5.97559,36.5833],[-5.97643,36.58497],[-5.97615,36.58528],[-5.97564,36.58536],[-5.97461,36.58443],[-5.97398,36.58481],[-5.97389,36.58565],[-5.97449,36.58758],[-5.97497,36.58769],[-5.97653,36.5868],[-5.97674,36.58702],[-5.97651,36.5877],[-5.97679,36.58828],[-5.97656,36.58861],[-5.97562,36.58818],[-5.97568,36.58873],[-5.97612,36.58907],[-5.9772,36.589],[-5.97833,36.58953],[-5.9787,36.58989],[-5.97866,36.59077],[-5.97968,36.59066],[-5.97974,36.58996],[-5.98096,36.59032],[-5.98323,36.58964],[-5.98176,36.59208],[-5.9821,36.59266],[-5.98118,36.59284],[-5.98253,36.59385],[-5.98483,36.59327],[-5.98639,36.5932],[-5.98523,36.59424],[-5.98578,36.59531],[-5.98421,36.59422],[-5.98366,36.59427],[-5.98307,36.59468],[-5.98491,36.59755],[-5.98685,36.59931],[-5.98759,36.60031],[-5.98738,36.60041],[-5.98639,36.59987],[-5.98574,36.59911],[-5.98413,36.59824],[-5.98258,36.59851],[-5.98247,36.59657],[-5.98205,36.59596],[-5.98086,36.59553],[-5.98041,36.59433],[-5.97765,36.59362],[-5.97594,36.59428],[-5.9747,36.59264],[-5.97394,36.59223],[-5.97323,36.59253],[-5.9733,36.59293],[-5.97467,36.59422],[-5.97459,36.59538],[-5.97478,36.59572],[-5.97612,36.59568],[-5.97665,36.59504],[-5.97724,36.59577],[-5.97707,36.59718],[-5.97507,36.59958],[-5.974,36.59872],[-5.97384,36.59805],[-5.97288,36.59837],[-5.97369,36.59967],[-5.9747,36.60065],[-5.97514,36.60209],[-5.97463,36.60225],[-5.974,36.60167],[-5.97397,36.6009],[-5.97292,36.59942],[-5.97245,36.59964],[-5.97235,36.59998],[-5.97298,36.60084],[-5.97296,36.60164],[-5.97349,36.60197],[-5.97333,36.60256],[-5.97123,36.60226],[-5.97009,36.60241],[-5.96877,36.60211],[-5.97322,36.60474],[-5.9737,36.60472],[-5.97449,36.60408],[-5.97559,36.60367],[-5.97467,36.60491],[-5.97506,36.60587],[-5.9762,36.60566],[-5.97718,36.60464],[-5.97897,36.60507],[-5.97866,36.60547],[-5.97698,36.60612],[-5.97507,36.60726],[-5.97534,36.60752],[-5.97642,36.60733],[-5.97682,36.60797],[-5.97898,36.60789],[-5.97764,36.60889],[-5.97873,36.61039],[-5.9793,36.61018],[-5.9822,36.61066],[-5.9828,36.61045],[-5.98302,36.61007],[-5.98292,36.60934],[-5.9813,36.60829],[-5.98228,36.60773],[-5.98294,36.60824],[-5.98525,36.60761],[-5.98738,36.60872],[-5.98803,36.6082],[-5.98858,36.60904],[-5.9896,36.60947],[-5.98966,36.61032],[-5.99085,36.61108],[-5.99054,36.61143],[-5.98881,36.61122],[-5.98862,36.61145],[-5.98884,36.61176],[-5.99127,36.61213],[-5.99248,36.61178],[-5.99407,36.61212],[-5.99556,36.6126],[-5.99635,36.61398],[-5.99809,36.6144],[-5.99929,36.61429],[-5.99876,36.61325],[-5.99883,36.61299],[-6.00038,36.61377],[-6.00141,36.61336],[-6.00243,36.61428],[-6.0039,36.61465],[-6.00531,36.61458],[-6.00579,36.61382],[-6.00615,36.61453],[-6.00597,36.61586],[-6.00669,36.61589],[-6.00762,36.6176],[-6.00826,36.61749],[-6.00897,36.61785],[-6.01087,36.61771],[-6.00987,36.61633],[-6.00849,36.61542],[-6.01002,36.61541],[-6.00972,36.61454],[-6.01077,36.61469],[-6.01114,36.61453],[-6.01102,36.61416],[-6.01028,36.61373],[-6.01176,36.61321],[-6.01157,36.61194],[-6.01116,36.61126],[-6.00993,36.61056],[-6.00836,36.61059],[-6.00779,36.61076],[-6.00727,36.61166],[-6.00662,36.61191],[-6.0063,36.61159],[-6.00624,36.61064],[-6.00438,36.6097],[-6.0053,36.60926],[-6.00596,36.60972],[-6.00738,36.61013],[-6.00805,36.61006],[-6.00832,36.60975],[-6.00821,36.60946],[-6.00724,36.60899],[-6.00719,36.60744],[-6.0062,36.60738],[-6.00717,36.60584],[-6.00708,36.60523],[-6.0079,36.60496],[-6.00785,36.60293],[-6.00863,36.60277],[-6.00876,36.60376],[-6.00976,36.60461],[-6.01177,36.60426],[-6.01165,36.60488],[-6.01192,36.60568],[-6.01292,36.60674],[-6.01409,36.60709],[-6.01529,36.60645],[-6.01525,36.60717],[-6.01474,36.60775],[-6.01556,36.60835],[-6.01529,36.61004],[-6.01568,36.61048],[-6.01642,36.6106],[-6.01882,36.60825],[-6.01931,36.60824],[-6.02088,36.60914],[-6.02038,36.60971],[-6.02011,36.61079],[-6.0204,36.61244],[-6.0217,36.61254],[-6.02264,36.6122],[-6.02359,36.61218],[-6.02352,36.6116],[-6.0221,36.61064],[-6.02204,36.60997],[-6.02327,36.60995],[-6.02499,36.61074],[-6.02599,36.61058],[-6.02612,36.61027],[-6.02476,36.60919],[-6.02564,36.6088],[-6.02574,36.60843],[-6.02341,36.60653],[-6.02315,36.60617],[-6.0232,36.60498],[-6.02238,36.60453],[-6.02136,36.60323],[-6.02147,36.60179],[-6.02264,36.60151],[-6.02295,36.6009],[-6.02255,36.59973],[-6.02097,36.59781],[-6.02127,36.59691],[-6.02251,36.59585],[-6.02369,36.59546],[-6.02278,36.59607],[-6.02187,36.59706],[-6.02169,36.59759],[-6.02373,36.60012],[-6.02406,36.60143],[-6.02509,36.60197],[-6.02704,36.60177],[-6.02843,36.60223],[-6.02814,36.60353],[-6.02619,36.60526],[-6.02609,36.60559],[-6.0273,36.60581],[-6.02902,36.60566],[-6.02914,36.6054],[-6.02857,36.60484],[-6.02878,36.60456],[-6.032,36.60416],[-6.03341,36.60372],[-6.03554,36.60429],[-6.03734,36.6057],[-6.0383,36.60563],[-6.04006,36.605],[-6.03947,36.60413],[-6.03963,36.60376],[-6.04083,36.60344],[-6.04171,36.60366],[-6.04239,36.60351],[-6.04286,36.60228],[-6.04473,36.60157],[-6.0447,36.60004],[-6.04498,36.5985],[-6.04371,36.59747],[-6.04145,36.59656],[-6.04179,36.59571],[-6.04157,36.59443],[-6.04458,36.59431],[-6.04508,36.59299],[-6.04302,36.59081],[-6.04485,36.59082],[-6.04507,36.59105],[-6.04486,36.59145],[-6.04515,36.59168],[-6.04715,36.5918],[-6.04888,36.58968],[-6.04899,36.58833],[-6.04959,36.58887],[-6.05012,36.59008],[-6.05105,36.59078],[-6.05126,36.59282],[-6.05169,36.59368],[-6.05245,36.59459],[-6.05442,36.59566],[-6.05339,36.59607],[-6.05216,36.59602],[-6.05246,36.59685],[-6.05189,36.5975],[-6.05183,36.5982],[-6.05316,36.59823],[-6.0532,36.59922],[-6.05437,36.6001],[-6.05537,36.60008],[-6.05736,36.59921],[-6.05966,36.59985],[-6.06054,36.60093],[-6.06126,36.60135],[-6.06171,36.60213],[-6.06155,36.60345],[-6.06115,36.6041],[-6.06262,36.60435],[-6.0637,36.60527],[-6.06386,36.60695],[-6.06498,36.60816],[-6.06449,36.6085],[-6.06447,36.60917],[-6.06302,36.60948],[-6.06294,36.6105],[-6.05957,36.61222],[-6.06027,36.61275],[-6.06074,36.61281],[-6.06256,36.61242],[-6.06269,36.61467],[-6.06367,36.61528],[-6.06612,36.61562],[-6.06859,36.61526],[-6.06944,36.61459],[-6.07011,36.6136],[-6.07066,36.61189],[-6.07164,36.61129],[-6.07333,36.60934],[-6.0733,36.60809],[-6.07589,36.60863],[-6.07802,36.60838],[-6.07945,36.60766],[-6.08036,36.60619],[-6.08037,36.6058],[-6.07961,36.60483],[-6.07873,36.60481],[-6.07293,36.60688],[-6.07001,36.60717],[-6.06947,36.60682],[-6.06971,36.60523],[-6.06896,36.60373],[-6.06885,36.60303],[-6.06934,36.60054],[-6.07294,36.60156],[-6.07322,36.60135],[-6.07331,36.60059],[-6.07512,36.60066],[-6.07604,36.6001],[-6.07694,36.60054],[-6.0788,36.60056],[-6.07986,36.601],[-6.0795,36.59986],[-6.07962,36.59836],[-6.07872,36.59605],[-6.07773,36.5949],[-6.07603,36.59393],[-6.07677,36.59294],[-6.07486,36.59142],[-6.07519,36.5912],[-6.07571,36.59137],[-6.0833,36.59719],[-6.08321,36.59765],[-6.08103,36.59753],[-6.0811,36.59853],[-6.08172,36.59912],[-6.08292,36.59923],[-6.08358,36.59882],[-6.08339,36.59801],[-6.08392,36.59721],[-6.0834,36.59624],[-6.08334,36.59556],[-6.08473,36.59655],[-6.08549,36.59761],[-6.08578,36.59743],[-6.08593,36.59654],[-6.08645,36.59639],[-6.08806,36.59728],[-6.08926,36.59741],[-6.0891,36.59598],[-6.09062,36.59635],[-6.0909,36.59535],[-6.09257,36.59691],[-6.09386,36.59744],[-6.09397,36.59834],[-6.09207,36.59873],[-6.0923,36.59912],[-6.09455,36.59972],[-6.0943,36.60068],[-6.09463,36.60101],[-6.09604,36.601],[-6.09925,36.60323],[-6.10077,36.60371],[-6.10133,36.60345],[-6.10001,36.60241],[-6.10046,36.60221],[-6.10142,36.60241],[-6.10492,36.60424],[-6.10598,36.60594],[-6.10686,36.60597],[-6.10751,36.60653],[-6.11029,36.60773],[-6.11106,36.60746],[-6.11168,36.60763],[-6.11295,36.60902],[-6.11343,36.60897],[-6.1139,36.60842],[-6.11731,36.60851],[-6.11814,36.60817],[-6.11982,36.60877],[-6.12045,36.60874],[-6.12195,36.60831],[-6.12235,36.60788],[-6.12225,36.60741],[-6.12184,36.60712],[-6.12144,36.60721],[-6.12131,36.60773],[-6.12091,36.60786],[-6.11828,36.60702],[-6.11747,36.6071],[-6.11685,36.60673],[-6.1157,36.60661],[-6.11502,36.60578],[-6.11498,36.60476],[-6.11285,36.60333],[-6.11199,36.60199],[-6.11124,36.6016],[-6.11058,36.60065],[-6.10879,36.59963],[-6.10669,36.59777],[-6.10679,36.59658],[-6.10788,36.59707],[-6.10892,36.59622],[-6.11051,36.59688],[-6.11181,36.59695],[-6.11422,36.59629],[-6.1144,36.59599],[-6.11143,36.593],[-6.10947,36.59262],[-6.10966,36.59188],[-6.11027,36.59163],[-6.1088,36.59054],[-6.1097,36.59011],[-6.11002,36.58919],[-6.10807,36.58798],[-6.10682,36.58667],[-6.10584,36.58628],[-6.10529,36.58632],[-6.1043,36.58738],[-6.1044,36.58785],[-6.10583,36.58882],[-6.1057,36.58907],[-6.10437,36.58919],[-6.10229,36.58871],[-6.10041,36.58948],[-6.09965,36.58877],[-6.09881,36.5885],[-6.09793,36.58775],[-6.09763,36.58904],[-6.09722,36.58907],[-6.09526,36.58779],[-6.09472,36.58618],[-6.09381,36.58679],[-6.09282,36.58529],[-6.09277,36.58322],[-6.09382,36.58233],[-6.09394,36.58196],[-6.09166,36.57942],[-6.09081,36.57882],[-6.08959,36.57838],[-6.08903,36.5784],[-6.08836,36.57887],[-6.08734,36.57914],[-6.08763,36.58137],[-6.08704,36.58179],[-6.08542,36.58116],[-6.0831,36.57934],[-6.08136,36.5787],[-6.07969,36.5793],[-6.07792,36.58092],[-6.07797,36.58033],[-6.07916,36.57847],[-6.08087,36.57763],[-6.0811,36.57723],[-6.08092,36.57627],[-6.08058,36.57627],[-6.07981,36.5772],[-6.07961,36.5768],[-6.07984,36.57605],[-6.07835,36.5762],[-6.07828,36.57575],[-6.07919,36.57504],[-6.08046,36.57524],[-6.08088,36.5746],[-6.08121,36.57314],[-6.08112,36.57292],[-6.08073,36.5729],[-6.07909,36.57349],[-6.0793,36.57278],[-6.07917,36.57245],[-6.07805,36.57307],[-6.07784,36.57306],[-6.0779,36.57275],[-6.07957,36.57077],[-6.08068,36.57074],[-6.08128,36.57022],[-6.08263,36.57056],[-6.08334,36.57023],[-6.08343,36.5699],[-6.08282,36.56917],[-6.08322,36.56843],[-6.08586,36.56749],[-6.08598,36.56722],[-6.08429,36.56697],[-6.08331,36.56642],[-6.08276,36.56647],[-6.08186,36.56716],[-6.07978,36.5662],[-6.0789,36.56639],[-6.07738,36.56629],[-6.07706,36.56647],[-6.07726,36.56712],[-6.07705,36.56782],[-6.07736,36.56843],[-6.07709,36.5686],[-6.07619,36.56852],[-6.07357,36.56906],[-6.07404,36.56792],[-6.07336,36.56766],[-6.07295,36.56768],[-6.07193,36.56859],[-6.0699,36.56797],[-6.06828,36.57081],[-6.06844,36.57126],[-6.06966,36.57124],[-6.07009,36.5715],[-6.07059,36.57252],[-6.07059,36.57325],[-6.06953,36.57386],[-6.06869,36.57499],[-6.06776,36.57564],[-6.06481,36.57538],[-6.06603,36.57404],[-6.06598,36.57272],[-6.06627,36.57203],[-6.06727,36.57177],[-6.06756,36.57135],[-6.06804,36.56976],[-6.06814,36.56814],[-6.06805,36.56791],[-6.06763,36.56789],[-6.06591,36.56867],[-6.06558,36.56851],[-6.06534,36.56788],[-6.0649,36.56779],[-6.06438,36.56804],[-6.06399,36.5686],[-6.06335,36.56863],[-6.06367,36.56933],[-6.06357,36.56966],[-6.06223,36.5695],[-6.06016,36.57004],[-6.06041,36.56898],[-6.05999,36.5686],[-6.0592,36.56865],[-6.05902,36.56811],[-6.05965,36.56786],[-6.06041,36.56638],[-6.0602,36.56533],[-6.06069,36.56506],[-6.06275,36.56553],[-6.06362,36.56543],[-6.0637,36.56492],[-6.06407,36.56457],[-6.06315,36.56341],[-6.06312,36.56296],[-6.06443,36.56262],[-6.06494,36.56214],[-6.06458,36.56153],[-6.06368,36.56095],[-6.06204,36.56138],[-6.06169,36.56084],[-6.06155,36.55984],[-6.06045,36.55915],[-6.05818,36.56029],[-6.05804,36.56139],[-6.05822,36.56217],[-6.05896,36.56299],[-6.05934,36.56393],[-6.05908,36.56466],[-6.0583,36.56539],[-6.05659,36.56505],[-6.05673,36.56438],[-6.05648,36.56399],[-6.05645,36.56288],[-6.05583,36.56296],[-6.05553,36.56363],[-6.05483,36.56404],[-6.05476,36.56311],[-6.05519,36.56252],[-6.05542,36.56146],[-6.05326,36.56072],[-6.05311,36.56108],[-6.05332,36.56293],[-6.05372,36.56414],[-6.05273,36.56344],[-6.05214,36.56393],[-6.05138,36.56297],[-6.05114,36.56377],[-6.05132,36.56525],[-6.04973,36.56551],[-6.04909,36.5661],[-6.04857,36.56923],[-6.04799,36.5673],[-6.04816,36.56588],[-6.04768,36.56613],[-6.0475,36.56598],[-6.04781,36.56497],[-6.04666,36.56331],[-6.04577,36.56282],[-6.04361,36.56312],[-6.04288,36.56453],[-6.04339,36.56533],[-6.04325,36.56622],[-6.04151,36.56436],[-6.04153,36.56311],[-6.04087,36.5633],[-6.04066,36.56281],[-6.04033,36.56281],[-6.04026,36.56514],[-6.04073,36.56614],[-6.04025,36.56698],[-6.04027,36.56781],[-6.04156,36.56857],[-6.0419,36.56989],[-6.04117,36.56986],[-6.04103,36.56905],[-6.04068,36.56888],[-6.03888,36.57021],[-6.03878,36.57237],[-6.03831,36.57202],[-6.03836,36.57071],[-6.03804,36.57049],[-6.03743,36.57062],[-6.03581,36.57182],[-6.03533,36.57189],[-6.03613,36.5701],[-6.03652,36.5698],[-6.03916,36.56921],[-6.03915,36.56835],[-6.03866,36.56782],[-6.03852,36.56707],[-6.03931,36.56612],[-6.0388,36.5658],[-6.03872,36.56506],[-6.03754,36.56522],[-6.03677,36.56591],[-6.03582,36.56588],[-6.03485,36.56553],[-6.03428,36.5646],[-6.03619,36.56483],[-6.03676,36.56456],[-6.03707,36.56412],[-6.0369,36.56391],[-6.03563,36.56405],[-6.03454,36.56344],[-6.0369,36.56257],[-6.03837,36.56262],[-6.03893,36.56223],[-6.03899,36.56184],[-6.03664,36.56007],[-6.03552,36.55979],[-6.03449,36.55847],[-6.03348,36.55807],[-6.03326,36.55749],[-6.03254,36.55705],[-6.03233,36.55649],[-6.03137,36.5557],[-6.03019,36.55573],[-6.03026,36.55542],[-6.02983,36.55483],[-6.02875,36.55438],[-6.02843,36.55455],[-6.02831,36.55523],[-6.02786,36.55532],[-6.02758,36.55443],[-6.0283,36.55401],[-6.0291,36.55393],[-6.02918,36.55364],[-6.02808,36.55357],[-6.02679,36.55417],[-6.02555,36.55362],[-6.02285,36.5537],[-6.02461,36.55271],[-6.0237,36.55166],[-6.02186,36.5507],[-6.02159,36.55031],[-6.02181,36.55001],[-6.02232,36.55009],[-6.02447,36.55098],[-6.0257,36.5518],[-6.02867,36.55212],[-6.0307,36.55184],[-6.03125,36.55082],[-6.03154,36.55155],[-6.03076,36.55301],[-6.03105,36.55457],[-6.03382,36.55636],[-6.03476,36.55658],[-6.03616,36.55789],[-6.03643,36.55802],[-6.03677,36.55777],[-6.03739,36.55884],[-6.03872,36.55954],[-6.0395,36.55926],[-6.04182,36.55916],[-6.04346,36.55963],[-6.04387,36.55924],[-6.04403,36.55706],[-6.04432,36.55704],[-6.04615,36.55831],[-6.04577,36.56005],[-6.04592,36.56058],[-6.04722,36.56137],[-6.04773,36.5614],[-6.04893,36.56071],[-6.04827,36.5597],[-6.04698,36.55848],[-6.04834,36.55804],[-6.04906,36.5584],[-6.04961,36.55761],[-6.05071,36.55837],[-6.0516,36.55949],[-6.05336,36.55926],[-6.05362,36.55911],[-6.05315,36.55858],[-6.05327,36.55743],[-6.05245,36.55769],[-6.05219,36.55748],[-6.05334,36.55663],[-6.05361,36.55617],[-6.05351,36.55593],[-6.05253,36.55555],[-6.05085,36.55651],[-6.04996,36.5558],[-6.04943,36.55565],[-6.04859,36.55587],[-6.04785,36.55645],[-6.04753,36.55629],[-6.04717,36.55569],[-6.04773,36.55509],[-6.04792,36.55437],[-6.04762,36.55401],[-6.04648,36.55388],[-6.04588,36.55262],[-6.04941,36.5537],[-6.04931,36.55275],[-6.0497,36.55246],[-6.0485,36.55194],[-6.0479,36.55071],[-6.04648,36.54984],[-6.04644,36.54925],[-6.0513,36.55125],[-6.05226,36.55059],[-6.05247,36.55085],[-6.05248,36.55164],[-6.05166,36.55284],[-6.05176,36.5533],[-6.05233,36.55395],[-6.05389,36.55506],[-6.05562,36.55551],[-6.05614,36.5565],[-6.05733,36.55631],[-6.05783,36.55592],[-6.05763,36.555],[-6.05696,36.55471],[-6.05722,36.55387],[-6.05637,36.55287],[-6.05792,36.55338],[-6.05722,36.55169],[-6.05729,36.55118],[-6.05765,36.55077],[-6.05737,36.55036],[-6.05588,36.5495],[-6.05615,36.54901],[-6.05612,36.54845],[-6.05457,36.54652],[-6.05507,36.54629],[-6.05835,36.54863],[-6.05882,36.54859],[-6.05931,36.54743],[-6.05953,36.54747],[-6.0593,36.5499],[-6.05952,36.5509],[-6.05931,36.5515],[-6.05959,36.55178],[-6.06012,36.55175],[-6.0604,36.55101],[-6.06071,36.55091],[-6.06116,36.55195],[-6.06195,36.55275],[-6.06015,36.55256],[-6.05993,36.55295],[-6.06005,36.55346],[-6.06135,36.55548],[-6.06276,36.55587],[-6.06389,36.55578],[-6.06334,36.55724],[-6.06422,36.55808],[-6.06512,36.55843],[-6.06549,36.55827],[-6.06544,36.5573],[-6.06576,36.55667],[-6.06662,36.55755],[-6.06752,36.55701],[-6.06746,36.55893],[-6.06812,36.55987],[-6.06976,36.55937],[-6.07033,36.55856],[-6.07105,36.55848],[-6.07032,36.55795],[-6.07038,36.55727],[-6.0701,36.55687],[-6.06958,36.5568],[-6.06896,36.55724],[-6.06874,36.55678],[-6.06969,36.55595],[-6.06919,36.55546],[-6.0702,36.55459],[-6.06941,36.55316],[-6.07058,36.55417],[-6.07093,36.55488],[-6.07136,36.55486],[-6.07197,36.55412],[-6.07191,36.5518],[-6.07254,36.5537],[-6.07243,36.55541],[-6.07359,36.55767],[-6.07464,36.55906],[-6.07513,36.56024],[-6.0752,36.56114],[-6.07747,36.56153],[-6.07819,36.56228],[-6.07865,36.56227],[-6.07883,36.56196],[-6.07859,36.56064],[-6.07798,36.56001],[-6.07847,36.55984],[-6.07841,36.5592],[-6.07868,36.55908],[-6.07971,36.55996],[-6.07983,36.56071],[-6.0805,36.56153],[-6.08158,36.56105],[-6.08323,36.56338],[-6.08415,36.56405],[-6.08459,36.5647],[-6.08509,36.56483],[-6.08537,36.56461],[-6.08478,36.56407],[-6.08406,36.56274],[-6.08228,36.56082],[-6.08136,36.55883],[-6.08023,36.55765],[-6.08034,36.55751],[-6.08161,36.558],[-6.08238,36.55785],[-6.08158,36.55632],[-6.08085,36.55609],[-6.08012,36.55525],[-6.08023,36.55441],[-6.08112,36.555],[-6.082,36.55524],[-6.08295,36.55509],[-6.08352,36.55441],[-6.08461,36.55492],[-6.08403,36.55539],[-6.08398,36.55584],[-6.08497,36.55595],[-6.08558,36.55691],[-6.08498,36.55708],[-6.08476,36.55779],[-6.08493,36.5586],[-6.08549,36.55932],[-6.08575,36.56075],[-6.08639,36.56061],[-6.087,36.55892],[-6.08826,36.55898],[-6.09001,36.56038],[-6.09143,36.56093],[-6.09234,36.56163],[-6.0928,36.5617],[-6.09334,36.56126],[-6.09401,36.56174],[-6.09442,36.56162],[-6.09495,36.55977],[-6.09467,36.55807],[-6.0939,36.55619],[-6.09267,36.5556],[-6.09261,36.55504],[-6.09201,36.55474],[-6.09227,36.55437],[-6.0922,36.554],[-6.0926,36.55391],[-6.09281,36.55347],[-6.09395,36.55441],[-6.09452,36.55458],[-6.09534,36.55347],[-6.0961,36.55292],[-6.09646,36.55223],[-6.09632,36.55147],[-6.09588,36.55044],[-6.09502,36.5494],[-6.09514,36.54913],[-6.09636,36.54872],[-6.09475,36.54798],[-6.09338,36.54832],[-6.09323,36.54822],[-6.09349,36.54734],[-6.09362,36.54714],[-6.09492,36.54688],[-6.09399,36.54616],[-6.09494,36.54577],[-6.09563,36.54603],[-6.09627,36.54593],[-6.0979,36.54343],[-6.09833,36.54235],[-6.09876,36.54197],[-6.09955,36.54176],[-6.09962,36.53884],[-6.10062,36.53717],[-6.10448,36.53425],[-6.10519,36.53232],[-6.1062,36.53116],[-6.10614,36.52991],[-6.10692,36.52966],[-6.10895,36.53003],[-6.11054,36.5293],[-6.11147,36.52849],[-6.11315,36.52871],[-6.11383,36.52787],[-6.1148,36.52769],[-6.11554,36.5271],[-6.11899,36.52702],[-6.12349,36.52635],[-6.12407,36.52647],[-6.12487,36.52716],[-6.1256,36.52722],[-6.12775,36.52693],[-6.12848,36.52655],[-6.12854,36.52599],[-6.12758,36.52569],[-6.12844,36.52511],[-6.12827,36.52481],[-6.12505,36.52464],[-6.12619,36.524],[-6.12643,36.52356],[-6.1262,36.52333],[-6.12424,36.52319],[-6.12261,36.52244],[-6.12251,36.52117],[-6.12133,36.51922],[-6.12085,36.51921],[-6.11999,36.52017],[-6.11927,36.52029],[-6.11836,36.51891],[-6.11794,36.51864],[-6.11784,36.51765],[-6.11751,36.51723],[-6.11562,36.51717],[-6.1146,36.51617],[-6.11256,36.51513],[-6.11257,36.51484],[-6.11327,36.51462],[-6.11327,36.51381],[-6.1118,36.51291],[-6.11083,36.51121],[-6.11132,36.51076],[-6.11233,36.51093],[-6.11249,36.51046],[-6.11037,36.51033],[-6.10999,36.5089],[-6.10784,36.50749],[-6.10736,36.50752],[-6.10677,36.50834],[-6.10629,36.50859],[-6.10584,36.50843],[-6.10516,36.50754],[-6.104,36.50688],[-6.10118,36.50611],[-6.10053,36.50613],[-6.09963,36.50667],[-6.09857,36.50631],[-6.09758,36.50644],[-6.09544,36.50617],[-6.09462,36.50691],[-6.09467,36.50735],[-6.09543,36.50801],[-6.09512,36.50847],[-6.09322,36.50813],[-6.09176,36.50734],[-6.09037,36.50771],[-6.09135,36.50841],[-6.09159,36.50907],[-6.09246,36.50975],[-6.09237,36.51008],[-6.09123,36.51075],[-6.09261,36.51147],[-6.09437,36.51295],[-6.09036,36.51304],[-6.08968,36.5133],[-6.08888,36.51408],[-6.08574,36.51478],[-6.08499,36.51575],[-6.08185,36.51435],[-6.07725,36.51474],[-6.07302,36.51635],[-6.07171,36.51742],[-6.07048,36.51686],[-6.06684,36.51583],[-6.06571,36.51492],[-6.06499,36.51391],[-6.05867,36.5101],[-6.05617,36.50815],[-6.05458,36.50756],[-6.05313,36.50651],[-6.05122,36.50561],[-6.04989,36.50411],[-6.04884,36.50342],[-6.04608,36.50279],[-6.04212,36.50251],[-6.04075,36.50251],[-6.03969,36.50297],[-6.04199,36.50084],[-6.04338,36.50098],[-6.04615,36.49905],[-6.04805,36.49888],[-6.0491,36.49825],[-6.05094,36.49778],[-6.05222,36.4971],[-6.05266,36.49605],[-6.05224,36.49477],[-6.05279,36.49346],[-6.05418,36.4918],[-6.05445,36.49054],[-6.05513,36.49008],[-6.05541,36.48957],[-6.05595,36.48947],[-6.05652,36.48858],[-6.05886,36.48816],[-6.05879,36.48776],[-6.05806,36.48688],[-6.05667,36.48603],[-6.05677,36.48566],[-6.05861,36.48552],[-6.06059,36.48573],[-6.0625,36.48463],[-6.06595,36.48352],[-6.06819,36.48247],[-6.0692,36.48163],[-6.06934,36.48039],[-6.06838,36.47946],[-6.07028,36.47988],[-6.07121,36.47978],[-6.07654,36.47724],[-6.07756,36.47561],[-6.07811,36.47548],[-6.07956,36.47579],[-6.07964,36.47557],[-6.07909,36.47517],[-6.07898,36.47474],[-6.079,36.4745],[-6.0795,36.47421],[-6.07932,36.474],[-6.07859,36.47419],[-6.07716,36.47395],[-6.07658,36.47408],[-6.07692,36.47358],[-6.07684,36.4733],[-6.07597,36.47382],[-6.07383,36.47404],[-6.07514,36.47264],[-6.07681,36.47179],[-6.07739,36.47121],[-6.07842,36.4692],[-6.07853,36.46828],[-6.08082,36.46602],[-6.08154,36.46606],[-6.08119,36.46496],[-6.08194,36.46507],[-6.08269,36.46584],[-6.0842,36.46647],[-6.08446,36.46749],[-6.08212,36.46716],[-6.08156,36.46736],[-6.08119,36.46799],[-6.08131,36.46908],[-6.08038,36.4701],[-6.08031,36.47061],[-6.08075,36.47164],[-6.08182,36.47226],[-6.08098,36.47306],[-6.08108,36.4738],[-6.08319,36.47515],[-6.08702,36.47424],[-6.0878,36.47523],[-6.08863,36.47539],[-6.0905,36.47474],[-6.09209,36.47488],[-6.09355,36.4746],[-6.09487,36.47491],[-6.09648,36.47428],[-6.09736,36.47345],[-6.09797,36.47198],[-6.09769,36.47127],[-6.09635,36.46982],[-6.09821,36.47057],[-6.10049,36.47044],[-6.10132,36.46998],[-6.10176,36.46941],[-6.10159,36.46845],[-6.10188,36.46809],[-6.10243,36.46791],[-6.10341,36.46804],[-6.10554,36.46732],[-6.10953,36.46456],[-6.11005,36.46289],[-6.11001,36.46189],[-6.11058,36.46041],[-6.10939,36.45749],[-6.10867,36.45701],[-6.108,36.45609],[-6.10725,36.45587],[-6.10651,36.45647],[-6.1052,36.45618],[-6.10368,36.45655],[-6.1025,36.45721],[-6.10116,36.45918],[-6.099,36.45937],[-6.09757,36.4598],[-6.09701,36.45882],[-6.09534,36.45725],[-6.09544,36.45694],[-6.0964,36.45643],[-6.09428,36.45486],[-6.094,36.45414],[-6.09399,36.45341],[-6.09441,36.45262],[-6.09579,36.45105],[-6.09753,36.44972],[-6.09811,36.44888],[-6.09884,36.44884],[-6.09973,36.44946],[-6.10022,36.44935],[-6.1028,36.44751],[-6.10534,36.44737],[-6.1068,36.44821],[-6.11083,36.44928],[-6.11155,36.44931],[-6.11203,36.44904],[-6.11199,36.44866],[-6.11089,36.44737],[-6.10815,36.4451],[-6.10765,36.44378],[-6.10543,36.44264],[-6.10517,36.44214],[-6.10642,36.44065],[-6.10665,36.43998],[-6.10658,36.43916],[-6.10559,36.43844],[-6.10526,36.43749],[-6.10415,36.43712],[-6.104,36.43685],[-6.10532,36.43494],[-6.10565,36.43367],[-6.10312,36.43388],[-6.10085,36.43345],[-6.09816,36.43351],[-6.09584,36.43265],[-6.09467,36.43183],[-6.09383,36.43197],[-6.09303,36.4329],[-6.09294,36.43392],[-6.0945,36.43513],[-6.09633,36.43545],[-6.0974,36.43629],[-6.09757,36.43696],[-6.09706,36.43839],[-6.09613,36.43889],[-6.09435,36.43934],[-6.09418,36.44077],[-6.09334,36.44017],[-6.0929,36.43893],[-6.09219,36.43851],[-6.08976,36.43902],[-6.08825,36.4398],[-6.08635,36.44185],[-6.08644,36.44372],[-6.08412,36.44737],[-6.08396,36.44569],[-6.08458,36.44445],[-6.0848,36.44263],[-6.08653,36.43935],[-6.08621,36.43871],[-6.08566,36.43888],[-6.08383,36.44229],[-6.08389,36.44301],[-6.08196,36.44547],[-6.08199,36.44648],[-6.08239,36.44694],[-6.08134,36.44879],[-6.08122,36.44988],[-6.08099,36.45017],[-6.07911,36.44793],[-6.07867,36.44619],[-6.07887,36.44527],[-6.07832,36.44481],[-6.0783,36.44359],[-6.07806,36.44361],[-6.07753,36.44458],[-6.07618,36.44573],[-6.07584,36.44573],[-6.07721,36.44431],[-6.07669,36.44304],[-6.07704,36.44092],[-6.07628,36.44002],[-6.07454,36.44142],[-6.07324,36.44154],[-6.07247,36.44119],[-6.07221,36.44088],[-6.07232,36.4396],[-6.07193,36.43823],[-6.07072,36.43767],[-6.06792,36.43803],[-6.06754,36.43847],[-6.06718,36.43972],[-6.06616,36.43997],[-6.0657,36.44045],[-6.06392,36.44017],[-6.06332,36.44034],[-6.06326,36.44111],[-6.06442,36.44385],[-6.06361,36.44462],[-6.06365,36.44564],[-6.06275,36.44434],[-6.06279,36.44288],[-6.06252,36.44284],[-6.06155,36.44354],[-6.06064,36.44365],[-6.06163,36.44206],[-6.06069,36.44127],[-6.06016,36.44209],[-6.05998,36.44205],[-6.05917,36.44134],[-6.05892,36.44006],[-6.05858,36.43968],[-6.05821,36.43975],[-6.05748,36.44062],[-6.05652,36.44298],[-6.05631,36.44304],[-6.0563,36.44211],[-6.05571,36.44105],[-6.05491,36.4411],[-6.05528,36.44063],[-6.05673,36.43991],[-6.05673,36.43953],[-6.05606,36.43903],[-6.05389,36.43962],[-6.05342,36.44015],[-6.05343,36.44099],[-6.05118,36.44133],[-6.04902,36.4413],[-6.04711,36.44203],[-6.04696,36.44167],[-6.04713,36.44105],[-6.04811,36.43978],[-6.04898,36.43767],[-6.04856,36.43771],[-6.04704,36.43905],[-6.04629,36.44017],[-6.04568,36.44024],[-6.04571,36.44102],[-6.04553,36.44115],[-6.0436,36.44145],[-6.04298,36.44186],[-6.04192,36.44108],[-6.04054,36.44148],[-6.03945,36.44247],[-6.03935,36.44272],[-6.03961,36.44307],[-6.04059,36.44314],[-6.04201,36.44266],[-6.04328,36.44339],[-6.04537,36.44378],[-6.04558,36.444],[-6.04421,36.44457],[-6.04107,36.44462],[-6.04094,36.44486],[-6.04157,36.44518],[-6.04203,36.44592],[-6.04111,36.44595],[-6.0402,36.44632],[-6.04008,36.44662],[-6.04073,36.4468],[-6.04047,36.44742],[-6.03936,36.44794],[-6.03821,36.44808],[-6.03546,36.44942],[-6.03522,36.45065],[-6.03624,36.45361],[-6.03725,36.45419],[-6.03925,36.45424],[-6.04124,36.45463],[-6.04541,36.45292],[-6.04642,36.45362],[-6.04905,36.45369],[-6.04931,36.45379],[-6.04952,36.45447],[-6.05216,36.45545],[-6.05309,36.45717],[-6.05402,36.45784],[-6.05658,36.45896],[-6.05701,36.45933],[-6.05709,36.45974],[-6.05534,36.45926],[-6.05442,36.46013],[-6.05438,36.45846],[-6.05322,36.45841],[-6.05237,36.45805],[-6.05181,36.45694],[-6.05096,36.45614],[-6.0488,36.45513],[-6.04536,36.4545],[-6.04467,36.45468],[-6.04396,36.45546],[-6.04401,36.45597],[-6.04449,36.45658],[-6.04407,36.45733],[-6.04471,36.45797],[-6.04457,36.4583],[-6.04244,36.45771],[-6.04203,36.45649],[-6.04143,36.45585],[-6.03889,36.45575],[-6.038,36.45613],[-6.03845,36.45722],[-6.03751,36.45732],[-6.03636,36.45853],[-6.03623,36.45616],[-6.03581,36.45544],[-6.03514,36.45508],[-6.03421,36.4553],[-6.03231,36.45426],[-6.03147,36.45482],[-6.0307,36.45494],[-6.03054,36.45526],[-6.0309,36.45582],[-6.03237,36.45546],[-6.03277,36.45585],[-6.0326,36.45688],[-6.03294,36.45821],[-6.03129,36.45915],[-6.03105,36.45896],[-6.03098,36.45744],[-6.02988,36.45738],[-6.02854,36.45656],[-6.02763,36.45474],[-6.02701,36.45519],[-6.02713,36.45573],[-6.02808,36.45713],[-6.02745,36.45831],[-6.02744,36.45875],[-6.02858,36.45899],[-6.03035,36.46046],[-6.03052,36.46088],[-6.03028,36.46109],[-6.02932,36.46061],[-6.02835,36.46047],[-6.02761,36.46068],[-6.02637,36.46331],[-6.02636,36.46464],[-6.02589,36.46591],[-6.02592,36.46885],[-6.02519,36.46807],[-6.02462,36.46675],[-6.02451,36.46511],[-6.02493,36.46388],[-6.02463,36.46204],[-6.02352,36.46123],[-6.02106,36.46195],[-6.02121,36.46162],[-6.02254,36.46067],[-6.0243,36.46029],[-6.02445,36.45998],[-6.02341,36.4598],[-6.02474,36.45892],[-6.02406,36.45781],[-6.0233,36.45743],[-6.02309,36.45707],[-6.02351,36.45525],[-6.02217,36.45671],[-6.0204,36.45724],[-6.02153,36.45614],[-6.0226,36.45465],[-6.0226,36.45401],[-6.01937,36.45555],[-6.01901,36.45595],[-6.01862,36.45678],[-6.01893,36.45806],[-6.01863,36.45923],[-6.0173,36.45772],[-6.0163,36.45838],[-6.01555,36.45981],[-6.01441,36.46028],[-6.01357,36.4599],[-6.01309,36.45998],[-6.01324,36.46076],[-6.01211,36.46134],[-6.01114,36.46009],[-6.00897,36.45935],[-6.00892,36.4599],[-6.00942,36.46073],[-6.01053,36.4614],[-6.01044,36.46165],[-6.00979,36.46185],[-6.00939,36.46158],[-6.00893,36.46227],[-6.00905,36.46296],[-6.00778,36.46304],[-6.00733,36.46338],[-6.00688,36.46414],[-6.00715,36.46501],[-6.00678,36.46546],[-6.00594,36.46569],[-6.00661,36.46642],[-6.00625,36.46707],[-6.00554,36.46737],[-6.00496,36.46637],[-6.0035,36.46698],[-6.00351,36.46801],[-6.00269,36.46979],[-6.00318,36.4706],[-6.00332,36.47156],[-6.0038,36.47175],[-6.00368,36.47211],[-6.00294,36.47249],[-6.00327,36.47293],[-6.00561,36.47286],[-6.00749,36.47223],[-6.00702,36.47277],[-6.00597,36.47325],[-6.00572,36.47375],[-6.00638,36.47445],[-6.00573,36.47546],[-6.00578,36.47613],[-6.00715,36.4769],[-6.00651,36.47773],[-6.00497,36.47795],[-6.00416,36.47846],[-6.00444,36.47861],[-6.00609,36.47836],[-6.00677,36.479],[-6.00633,36.48076],[-6.00654,36.48133],[-6.00631,36.48196],[-6.00788,36.48639],[-6.00728,36.48894],[-6.00666,36.48967],[-6.00719,36.48835],[-6.00739,36.48666],[-6.0062,36.4835],[-6.00533,36.48221],[-6.00522,36.48116],[-6.00467,36.48039],[-6.00452,36.47953],[-6.00184,36.48014],[-6.00131,36.48046],[-6.00128,36.48121],[-6.00159,36.48183],[-6.00294,36.48256],[-6.00318,36.48299],[-6.00302,36.48359],[-6.00216,36.48449],[-6.00225,36.48515],[-6.00089,36.48497],[-5.99965,36.48566],[-5.99848,36.48689],[-5.99727,36.48741],[-5.9985,36.48618],[-5.99901,36.48465],[-6.00042,36.48371],[-6.00164,36.48348],[-6.00134,36.48263],[-6.00109,36.4825],[-6.00014,36.48245],[-5.99912,36.48293],[-5.99789,36.48258],[-5.99908,36.48242],[-6.00003,36.48144],[-6.00041,36.47999],[-6.00146,36.47852],[-6.00122,36.47777],[-6.003,36.4776],[-6.00434,36.47626],[-6.00455,36.47571],[-6.00437,36.47495],[-6.00409,36.47473],[-6.0031,36.47471],[-6.00164,36.47528],[-6.00166,36.47482],[-6.00234,36.4742],[-6.00138,36.47385],[-6.00051,36.47396],[-5.99964,36.47498],[-5.99919,36.47511],[-5.99985,36.47365],[-6.00105,36.47279],[-6.00171,36.47081],[-6.00159,36.47037],[-6.00121,36.47009],[-6.00036,36.47041],[-5.99751,36.47236],[-5.99677,36.47256],[-5.99975,36.47022],[-6.00025,36.46935],[-5.99973,36.469],[-5.99805,36.46897],[-6,36.46841],[-6.00096,36.46871],[-6.00174,36.46783],[-6.00196,36.46672],[-6.00096,36.46674],[-6.00045,36.46635],[-5.99902,36.46647],[-5.99858,36.46559],[-5.99809,36.46526],[-5.9956,36.46517],[-5.9955,36.46485],[-5.99607,36.46459],[-5.99787,36.46444],[-6.00078,36.46512],[-6.00095,36.46487],[-6.00069,36.46401],[-6.00219,36.46491],[-6.00349,36.46486],[-6.0045,36.46409],[-6.0045,36.46373],[-6.00289,36.46294],[-6.00435,36.46248],[-6.00612,36.46132],[-6.00316,36.46154],[-6.00164,36.46108],[-6.00298,36.46061],[-6.00293,36.45972],[-6.00387,36.4601],[-6.00481,36.45983],[-6.00556,36.46033],[-6.00611,36.4603],[-6.00629,36.45969],[-6.00515,36.4588],[-6.00488,36.45775],[-6.00661,36.45841],[-6.00884,36.45713],[-6.01099,36.45691],[-6.01108,36.45586],[-6.01186,36.45359],[-6.0124,36.45346],[-6.01346,36.45379],[-6.01437,36.45348],[-6.01512,36.45438],[-6.01559,36.45448],[-6.01554,36.45387],[-6.01595,36.45309],[-6.01902,36.45226],[-6.01898,36.45197],[-6.01859,36.4518],[-6.01864,36.45132],[-6.01712,36.45111],[-6.01854,36.4503],[-6.01873,36.44988],[-6.01855,36.44759],[-6.01802,36.44689],[-6.01749,36.4468],[-6.01567,36.44831],[-6.01545,36.45016],[-6.01566,36.45088],[-6.01543,36.45131],[-6.01455,36.45148],[-6.01409,36.45129],[-6.01388,36.45068],[-6.01365,36.45059],[-6.01177,36.45049],[-6.00849,36.45182],[-6.00703,36.45217],[-6.00622,36.45317],[-6.00492,36.45359],[-6.00441,36.45402],[-6.00372,36.4536],[-6.00354,36.45327],[-6.00412,36.45335],[-6.00583,36.45263],[-6.00615,36.45208],[-6.0061,36.45128],[-6.00663,36.45161],[-6.00754,36.45155],[-6.01015,36.45004],[-6.01082,36.44876],[-6.00998,36.44857],[-6.00886,36.44654],[-6.0093,36.44672],[-6.01036,36.44796],[-6.01119,36.44828],[-6.01211,36.44812],[-6.01314,36.44692],[-6.01383,36.44565],[-6.01241,36.44597],[-6.01227,36.44567],[-6.0126,36.44512],[-6.0103,36.44443],[-6.0111,36.44362],[-6.01199,36.44346],[-6.01262,36.44307],[-6.01321,36.4434],[-6.01432,36.44316],[-6.01515,36.4437],[-6.01545,36.44365],[-6.01646,36.44276],[-6.01705,36.44327],[-6.01764,36.44321],[-6.01776,36.444],[-6.01889,36.44478],[-6.01913,36.4445],[-6.01899,36.44388],[-6.01929,36.44362],[-6.01979,36.4436],[-6.02023,36.44405],[-6.02131,36.44383],[-6.02186,36.44397],[-6.02318,36.44343],[-6.02467,36.44147],[-6.02449,36.44126],[-6.02316,36.44182],[-6.0225,36.44153],[-6.02258,36.44076],[-6.02363,36.44004],[-6.02433,36.43914],[-6.02435,36.43876],[-6.02398,36.43864],[-6.02257,36.43892],[-6.02131,36.43958],[-6.02103,36.43997],[-6.01996,36.44026],[-6.01957,36.44016],[-6.01953,36.43923],[-6.01896,36.43927],[-6.01843,36.44071],[-6.01862,36.44148],[-6.01847,36.44166],[-6.01731,36.44135],[-6.01667,36.44074],[-6.01581,36.4408],[-6.01538,36.44048],[-6.01542,36.44005],[-6.01635,36.44002],[-6.01656,36.43978],[-6.01578,36.43899],[-6.01773,36.43797],[-6.01866,36.43798],[-6.0188,36.43767],[-6.01862,36.43725],[-6.01931,36.43626],[-6.01915,36.43391],[-6.01828,36.43452],[-6.0173,36.43467],[-6.01708,36.43449],[-6.01771,36.4337],[-6.01753,36.43338],[-6.0157,36.43311],[-6.01586,36.43171],[-6.01495,36.42991],[-6.01453,36.43029],[-6.0147,36.43087],[-6.01357,36.43192],[-6.01312,36.43307],[-6.01342,36.43344],[-6.01441,36.43378],[-6.01438,36.43427],[-6.01412,36.43444],[-6.01304,36.43404],[-6.01225,36.43414],[-6.0118,36.43513],[-6.01107,36.43556],[-6.01056,36.43713],[-6.00943,36.43811],[-6.00782,36.43861],[-6.00959,36.43657],[-6.00986,36.43471],[-6.00965,36.43394],[-6.01046,36.43354],[-6.0102,36.43284],[-6.01119,36.43277],[-6.01264,36.43101],[-6.01264,36.42998],[-6.01332,36.42846],[-6.01326,36.4277],[-6.01202,36.42756],[-6.01029,36.42808],[-6.00932,36.42706],[-6.00904,36.42706],[-6.00877,36.42789],[-6.01002,36.42898],[-6.01025,36.42944],[-6.01022,36.43006],[-6.0095,36.43026],[-6.00927,36.42994],[-6.00951,36.42936],[-6.00876,36.42903],[-6.00838,36.42836],[-6.00787,36.42813],[-6.00739,36.42819],[-6.00606,36.42937],[-6.00375,36.42901],[-6.00256,36.42929],[-6.00203,36.42979],[-6.00227,36.43014],[-6.00208,36.43141],[-6.00123,36.43233],[-6.00092,36.43414],[-6.0004,36.43375],[-6.00038,36.43304],[-6.00141,36.43108],[-6.00106,36.42956],[-6.00071,36.42943],[-5.99946,36.42982],[-5.998,36.42971],[-5.99691,36.42917],[-5.99506,36.43092],[-5.9934,36.43128],[-5.99389,36.4316],[-5.99426,36.43235],[-5.99504,36.43239],[-5.99547,36.43293],[-5.99762,36.43393],[-5.99769,36.43423],[-5.99623,36.43571],[-5.99569,36.43597],[-5.99531,36.43523],[-5.99461,36.43496],[-5.99427,36.43436],[-5.99332,36.43444],[-5.9922,36.43505],[-5.99183,36.43492],[-5.99171,36.43449],[-5.99336,36.43349],[-5.99325,36.43292],[-5.99236,36.43287],[-5.99116,36.43318],[-5.99001,36.43422],[-5.98981,36.43391],[-5.99024,36.43301],[-5.98983,36.43295],[-5.98937,36.43316],[-5.98869,36.43452],[-5.98717,36.43469],[-5.98663,36.43529],[-5.98625,36.43628],[-5.98638,36.43749],[-5.98616,36.43837],[-5.98529,36.4372],[-5.98309,36.43525],[-5.98249,36.43528],[-5.98285,36.43645],[-5.98257,36.43705],[-5.98115,36.43729],[-5.98067,36.43681],[-5.97982,36.43684],[-5.97899,36.43637],[-5.97895,36.43608],[-5.97938,36.43582],[-5.97955,36.43489],[-5.98042,36.43366],[-5.98049,36.43318],[-5.9791,36.43161],[-5.9771,36.43019],[-5.97618,36.42997],[-5.97452,36.43078],[-5.97224,36.43101],[-5.97047,36.4325],[-5.97018,36.43384],[-5.96925,36.43351],[-5.96823,36.43393],[-5.96669,36.43408],[-5.96451,36.43515],[-5.96327,36.43499],[-5.96263,36.43553],[-5.96246,36.43623],[-5.96335,36.43707],[-5.9631,36.43754],[-5.96328,36.43821],[-5.96279,36.4401],[-5.9637,36.44092],[-5.96593,36.44154],[-5.96574,36.44187],[-5.96609,36.44255],[-5.96587,36.44271],[-5.96435,36.44245],[-5.96366,36.44264],[-5.96403,36.44369],[-5.96484,36.44433],[-5.96304,36.4452],[-5.96257,36.44221],[-5.96164,36.44074],[-5.96169,36.43908],[-5.9614,36.43859],[-5.9606,36.43827],[-5.96032,36.43777],[-5.95953,36.43813],[-5.95774,36.43958],[-5.95514,36.44012],[-5.95535,36.44057],[-5.95617,36.44122],[-5.95609,36.44177],[-5.95676,36.44244],[-5.95657,36.44276],[-5.95539,36.44323],[-5.95472,36.44314],[-5.95459,36.44145],[-5.95404,36.44092],[-5.95307,36.44076],[-5.95255,36.44108],[-5.95219,36.44281],[-5.95155,36.44176],[-5.94959,36.44101],[-5.95,36.44049],[-5.9506,36.44052],[-5.95163,36.43973],[-5.95237,36.438],[-5.95345,36.43723],[-5.95259,36.43664],[-5.95355,36.43603],[-5.95423,36.43585],[-5.95487,36.43643],[-5.95546,36.43661],[-5.95657,36.43597],[-5.95831,36.43558],[-5.95821,36.43537],[-5.95618,36.43536],[-5.95592,36.43503],[-5.95596,36.43436],[-5.95749,36.43457],[-5.95914,36.43367],[-5.96115,36.4334],[-5.96141,36.43304],[-5.96127,36.43204],[-5.96154,36.4318],[-5.96201,36.43183],[-5.96252,36.43267],[-5.96506,36.43303],[-5.96556,36.43112],[-5.96503,36.43047],[-5.96667,36.42984],[-5.96794,36.42865],[-5.96782,36.42801],[-5.96667,36.42777],[-5.96688,36.42711],[-5.9659,36.42685],[-5.96537,36.42745],[-5.96467,36.42739],[-5.96473,36.42678],[-5.96425,36.42557],[-5.96302,36.42348],[-5.96207,36.42322],[-5.96035,36.42346],[-5.96021,36.42254],[-5.95808,36.4218],[-5.95781,36.42131],[-5.95831,36.42019],[-5.9575,36.41932],[-5.95753,36.41885],[-5.95901,36.41903],[-5.95913,36.42101],[-5.95984,36.42148],[-5.96077,36.42158],[-5.96169,36.42138],[-5.96292,36.42056],[-5.96348,36.41977],[-5.96357,36.41873],[-5.96385,36.41841],[-5.96466,36.41924],[-5.96533,36.42188],[-5.96713,36.42304],[-5.96829,36.42339],[-5.96859,36.42519],[-5.96954,36.4263],[-5.96966,36.42707],[-5.97036,36.42758],[-5.97123,36.42773],[-5.97286,36.4276],[-5.97453,36.42796],[-5.97468,36.42735],[-5.97669,36.42642],[-5.97725,36.42544],[-5.97719,36.42438],[-5.97694,36.42394],[-5.97521,36.42202],[-5.97301,36.42028],[-5.97536,36.4203],[-5.97566,36.42116],[-5.97616,36.42131],[-5.97668,36.42124],[-5.97756,36.42045],[-5.9771,36.42198],[-5.97744,36.42225],[-5.97881,36.42083],[-5.97992,36.42069],[-5.97857,36.42355],[-5.97895,36.42431],[-5.98028,36.42573],[-5.98111,36.42619],[-5.98212,36.42604],[-5.98315,36.42552],[-5.9843,36.42573],[-5.98447,36.42595],[-5.98344,36.42713],[-5.98357,36.4281],[-5.97974,36.42907],[-5.97938,36.42963],[-5.97968,36.42985],[-5.98015,36.42969],[-5.98132,36.42983],[-5.98259,36.42914],[-5.98491,36.42915],[-5.98606,36.42765],[-5.98792,36.42653],[-5.98829,36.42713],[-5.98943,36.42748],[-5.99385,36.42718],[-5.99421,36.42793],[-5.99541,36.42705],[-5.99694,36.42728],[-5.99805,36.4269],[-5.99862,36.42721],[-5.99971,36.42719],[-6.00107,36.42485],[-6.0048,36.42492],[-6.00515,36.42424],[-6.00501,36.42358],[-6.00647,36.42389],[-6.00785,36.42374],[-6.0084,36.42311],[-6.00842,36.42211],[-6.00381,36.4193],[-6.005,36.41928],[-6.00623,36.4173],[-6.00634,36.41767],[-6.00603,36.41866],[-6.00624,36.4194],[-6.00772,36.4195],[-6.00794,36.41975],[-6.00708,36.42004],[-6.00846,36.421],[-6.00975,36.42111],[-6.01287,36.42006],[-6.01224,36.42063],[-6.01088,36.42123],[-6.01045,36.42182],[-6.0111,36.42257],[-6.01242,36.42338],[-6.01292,36.42406],[-6.01306,36.42441],[-6.01217,36.4252],[-6.01261,36.42569],[-6.01339,36.42537],[-6.01376,36.42453],[-6.014,36.42447],[-6.01558,36.42556],[-6.01607,36.4256],[-6.0167,36.42455],[-6.01871,36.42297],[-6.01884,36.42333],[-6.01853,36.4243],[-6.01795,36.42479],[-6.01848,36.42532],[-6.01968,36.42584],[-6.02019,36.42694],[-6.02104,36.42728],[-6.02161,36.4278],[-6.02172,36.42843],[-6.02084,36.42918],[-6.02066,36.42963],[-6.02127,36.43015],[-6.02211,36.43001],[-6.02273,36.4294],[-6.02435,36.42936],[-6.02457,36.42902],[-6.02433,36.42811],[-6.02456,36.42765],[-6.02473,36.42758],[-6.0252,36.42829],[-6.02611,36.42832],[-6.02711,36.42763],[-6.02681,36.42686],[-6.02715,36.42671],[-6.02766,36.42691],[-6.0281,36.42788],[-6.02696,36.42933],[-6.02591,36.42964],[-6.0258,36.43001],[-6.02619,36.43021],[-6.02708,36.43016],[-6.02775,36.43047],[-6.02869,36.43013],[-6.02952,36.43024],[-6.02999,36.4297],[-6.03011,36.42899],[-6.0309,36.42917],[-6.03175,36.42858],[-6.032,36.42874],[-6.03169,36.42944],[-6.03181,36.42968],[-6.03293,36.42952],[-6.0337,36.42886],[-6.03395,36.42897],[-6.03416,36.42962],[-6.03562,36.42946],[-6.03581,36.42912],[-6.03554,36.42844],[-6.0359,36.42836],[-6.03656,36.42868],[-6.03684,36.42849],[-6.03657,36.42795],[-6.03671,36.42744],[-6.0363,36.42732],[-6.0344,36.42791],[-6.03554,36.42681],[-6.03704,36.42653],[-6.03512,36.42609],[-6.03643,36.42589],[-6.03657,36.42541],[-6.03629,36.42472],[-6.03703,36.42462],[-6.03764,36.42397],[-6.03775,36.4224],[-6.03824,36.42218],[-6.03898,36.42259],[-6.03909,36.42313],[-6.03878,36.42449],[-6.03893,36.425],[-6.03988,36.42556],[-6.04023,36.4255],[-6.03956,36.4248],[-6.04053,36.42406],[-6.04028,36.42158],[-6.04056,36.42164],[-6.04092,36.42252],[-6.04157,36.42319],[-6.0422,36.42342],[-6.04249,36.42322],[-6.04243,36.42283],[-6.04198,36.42248],[-6.04236,36.42176],[-6.0415,36.42069],[-6.04131,36.4193],[-6.04082,36.41873],[-6.04104,36.41853],[-6.04187,36.41891],[-6.04226,36.41822],[-6.04194,36.41788],[-6.04134,36.41774],[-6.04047,36.41812],[-6.03975,36.41777],[-6.03935,36.41789],[-6.03971,36.41854],[-6.03914,36.41904],[-6.03895,36.41954],[-6.03935,36.42028],[-6.03897,36.42032],[-6.0381,36.41985],[-6.03751,36.42042],[-6.03697,36.4218],[-6.03605,36.42129],[-6.03502,36.42154],[-6.03479,36.42119],[-6.03543,36.42076],[-6.0356,36.42023],[-6.03465,36.41997],[-6.03356,36.42101],[-6.03393,36.42221],[-6.03202,36.42169],[-6.03131,36.42174],[-6.02805,36.42419],[-6.02719,36.42414],[-6.0256,36.42261],[-6.02406,36.42188],[-6.02705,36.42125],[-6.02885,36.4204],[-6.03088,36.41844],[-6.03166,36.41645],[-6.03286,36.41581],[-6.03268,36.41552],[-6.03075,36.41537],[-6.03073,36.41475],[-6.02966,36.41498],[-6.02922,36.41455],[-6.02852,36.41475],[-6.02828,36.41454],[-6.0278,36.41463],[-6.02775,36.41421],[-6.02915,36.41399],[-6.03048,36.41331],[-6.03165,36.41356],[-6.03288,36.41326],[-6.03391,36.41358],[-6.03429,36.41311],[-6.03417,36.41233],[-6.03388,36.41202],[-6.03273,36.41251],[-6.032,36.41176],[-6.03148,36.41163],[-6.03042,36.41183],[-6.03044,36.41108],[-6.02922,36.41004],[-6.02929,36.40953],[-6.02868,36.40893],[-6.03396,36.40921],[-6.03367,36.40889],[-6.03133,36.4084],[-6.03092,36.40805],[-6.03113,36.40776],[-6.03241,36.40806],[-6.0357,36.40806],[-6.0377,36.40846],[-6.0391,36.40904],[-6.04148,36.40897],[-6.04315,36.40962],[-6.0436,36.40953],[-6.04348,36.40897],[-6.04263,36.40815],[-6.03872,36.40612],[-6.03518,36.40555],[-6.03362,36.40498],[-6.03239,36.40262],[-6.03231,36.40186],[-6.03279,36.40097],[-6.03443,36.39968],[-6.03583,36.39746],[-6.0369,36.39686],[-6.03944,36.39449],[-6.0401,36.39357],[-6.04009,36.39322],[-6.03879,36.39301],[-6.03636,36.39421],[-6.03493,36.39533],[-6.03467,36.39528],[-6.03541,36.39351],[-6.03647,36.39248],[-6.03561,36.39252],[-6.03548,36.39139],[-6.03673,36.39106],[-6.03725,36.39069],[-6.03745,36.39],[-6.03708,36.38972],[-6.03525,36.38927],[-6.03413,36.3897],[-6.03363,36.39149],[-6.03433,36.39203],[-6.03307,36.39299],[-6.03104,36.39604],[-6.03023,36.39663],[-6.03116,36.39379],[-6.03239,36.39207],[-6.03164,36.39186],[-6.03153,36.39041],[-6.031,36.38962],[-6.03062,36.38945],[-6.02937,36.38978],[-6.02968,36.38842],[-6.0281,36.38855],[-6.02823,36.39034],[-6.02684,36.39199],[-6.0256,36.39305],[-6.02638,36.39072],[-6.02549,36.39085],[-6.02599,36.38975],[-6.02591,36.38938],[-6.0238,36.39028],[-6.02331,36.39151],[-6.02349,36.39215],[-6.02234,36.39226],[-6.02232,36.39037],[-6.02199,36.39009],[-6.02154,36.39011],[-6.02093,36.39114],[-6.01964,36.39157],[-6.01933,36.39203],[-6.01983,36.39257],[-6.02127,36.39311],[-6.02266,36.39458],[-6.02147,36.39444],[-6.02144,36.39573],[-6.02088,36.39515],[-6.02057,36.39393],[-6.018,36.39363],[-6.01771,36.39388],[-6.01756,36.39503],[-6.01666,36.3948],[-6.01628,36.39511],[-6.01719,36.39768],[-6.01907,36.39979],[-6.02027,36.40071],[-6.02013,36.40155],[-6.01917,36.40071],[-6.01769,36.4009],[-6.01663,36.40159],[-6.01612,36.40314],[-6.01565,36.40359],[-6.016,36.40163],[-6.01703,36.39981],[-6.01673,36.39909],[-6.01594,36.39882],[-6.01567,36.39828],[-6.01492,36.39787],[-6.01477,36.39656],[-6.01439,36.39647],[-6.01337,36.3975],[-6.0118,36.39825],[-6.01192,36.39864],[-6.01264,36.39918],[-6.01246,36.39945],[-6.01032,36.39941],[-6.00901,36.39987],[-6.00949,36.40095],[-6.00942,36.4014],[-6.00901,36.40117],[-6.00864,36.40054],[-6.00779,36.40022],[-6.0067,36.40093],[-6.00673,36.40161],[-6.00774,36.40242],[-6.00986,36.40498],[-6.00799,36.40598],[-6.00776,36.40583],[-6.00841,36.40471],[-6.00831,36.40419],[-6.00534,36.40216],[-6.00253,36.40362],[-6.00206,36.40464],[-6.00085,36.4043],[-5.99874,36.40582],[-5.99728,36.4061],[-5.99847,36.40468],[-5.99871,36.40367],[-5.99966,36.40299],[-5.99988,36.4021],[-6.00194,36.40071],[-6.00199,36.39999],[-6.00128,36.39886],[-6.00054,36.39859],[-6.00026,36.39869],[-6.00039,36.39905],[-6.0002,36.3993],[-5.99786,36.39926],[-5.99744,36.39963],[-5.99547,36.39969],[-5.99473,36.40068],[-5.99459,36.39991],[-5.99285,36.39898],[-5.99041,36.39877],[-5.99,36.39779],[-5.9896,36.39756],[-5.98693,36.39854],[-5.98581,36.39858],[-5.98491,36.39898],[-5.98482,36.39846],[-5.98398,36.39803],[-5.98322,36.39696],[-5.98155,36.39631],[-5.98069,36.39654],[-5.98042,36.39776],[-5.98,36.39791],[-5.98019,36.3957],[-5.97839,36.39554],[-5.97826,36.39493],[-5.97699,36.39403],[-5.97906,36.39414],[-5.97976,36.39365],[-5.97994,36.39279],[-5.98122,36.39484],[-5.98302,36.39479],[-5.98436,36.3954],[-5.9847,36.39535],[-5.98494,36.39511],[-5.98455,36.39391],[-5.9851,36.39265],[-5.98555,36.39313],[-5.98571,36.39458],[-5.98961,36.39652],[-5.99085,36.39807],[-5.99246,36.39827],[-5.99394,36.39887],[-5.99487,36.39897],[-5.99954,36.39805],[-5.99905,36.39703],[-6.00042,36.39562],[-6.00036,36.39462],[-6.00154,36.39453],[-6.00249,36.39574],[-6.00306,36.39603],[-6.00526,36.39648],[-6.0064,36.39604],[-6.007,36.39468],[-6.00694,36.39431],[-6.00223,36.39406],[-6.00159,36.39351],[-6.00126,36.39227],[-6.00165,36.39161],[-6.00237,36.39158],[-6.00328,36.3925],[-6.00574,36.39175],[-6.00634,36.39132],[-6.00588,36.39034],[-6.00431,36.38986],[-6.00504,36.38886],[-6.00486,36.38836],[-6.00326,36.38818],[-6.0024,36.38751],[-6.00429,36.38735],[-6.0058,36.38681],[-6.00605,36.38853],[-6.00658,36.38919],[-6.00751,36.3894],[-6.00761,36.39071],[-6.00919,36.39087],[-6.00851,36.39223],[-6.00958,36.39314],[-6.01116,36.39312],[-6.0143,36.39135],[-6.01491,36.39052],[-6.01519,36.38932],[-6.01464,36.38829],[-6.0135,36.38819],[-6.01156,36.38916],[-6.0112,36.38915],[-6.01117,36.38891],[-6.01139,36.3878],[-6.01109,36.38651],[-6.01231,36.38536],[-6.01304,36.38233],[-6.01299,36.38182],[-6.01228,36.38064],[-6.01274,36.38013],[-6.0129,36.37943],[-6.01218,36.37802],[-6.01065,36.37726],[-6.01045,36.37664],[-6.00937,36.37665],[-6.00847,36.37635],[-6.00911,36.3751],[-6.00863,36.37401],[-6.00736,36.37313],[-6.00903,36.37264],[-6.01033,36.37315],[-6.01074,36.37304],[-6.01093,36.37261],[-6.01084,36.37173],[-6.01245,36.37158],[-6.01221,36.37016],[-6.01195,36.36999],[-6.0102,36.37037],[-6.00848,36.36997],[-6.00885,36.36872],[-6.00859,36.36713],[-6.00904,36.36632],[-6.00666,36.36559],[-6.00844,36.36503],[-6.01056,36.36476],[-6.01326,36.36542],[-6.01352,36.36567],[-6.01273,36.36658],[-6.01281,36.36709],[-6.01371,36.36816],[-6.01539,36.37138],[-6.01616,36.37133],[-6.01709,36.37049],[-6.01799,36.37104],[-6.01898,36.3712],[-6.02037,36.37105],[-6.02188,36.37121],[-6.02248,36.37177],[-6.02396,36.37221],[-6.02436,36.37142],[-6.02334,36.37023],[-6.02227,36.37009],[-6.0217,36.36978],[-6.02025,36.36995],[-6.01841,36.36929],[-6.01768,36.36869],[-6.01637,36.36668],[-6.01758,36.36588],[-6.01821,36.36575],[-6.01888,36.36599],[-6.01892,36.36575],[-6.01759,36.36529],[-6.01432,36.36563],[-6.01393,36.36548],[-6.01484,36.36447],[-6.016,36.36406],[-6.01628,36.36369],[-6.01472,36.36355],[-6.01386,36.36314],[-6.01384,36.36276],[-6.01481,36.3631],[-6.01532,36.36288],[-6.01473,36.36115],[-6.0136,36.36014],[-6.01317,36.35944],[-6.01336,36.35887],[-6.01405,36.35989],[-6.01469,36.3599],[-6.01576,36.35934],[-6.01585,36.35966],[-6.01545,36.36064],[-6.0164,36.36231],[-6.01802,36.36295],[-6.01836,36.36357],[-6.02015,36.36436],[-6.02134,36.36532],[-6.0218,36.36516],[-6.02204,36.36449],[-6.0213,36.36209],[-6.02012,36.36021],[-6.02157,36.36098],[-6.02236,36.36112],[-6.02248,36.36027],[-6.02168,36.3596],[-6.02153,36.35914],[-6.02271,36.35898],[-6.02293,36.35788],[-6.02333,36.35852],[-6.02377,36.35859],[-6.02496,36.35716],[-6.02514,36.35617],[-6.02456,36.35531],[-6.0235,36.35481],[-6.02252,36.35345],[-6.02266,36.35336],[-6.02383,36.35351],[-6.02471,36.35322],[-6.02554,36.35431],[-6.02761,36.35505],[-6.02816,36.35557],[-6.02667,36.35628],[-6.02599,36.35788],[-6.02501,36.35897],[-6.02466,36.35993],[-6.02645,36.36317],[-6.02747,36.36383],[-6.02809,36.36392],[-6.02933,36.36484],[-6.02935,36.36503],[-6.02866,36.36517],[-6.02901,36.36563],[-6.02896,36.36595],[-6.02709,36.36578],[-6.02665,36.36609],[-6.02715,36.36649],[-6.02707,36.3673],[-6.02619,36.36723],[-6.02569,36.36763],[-6.0266,36.36885],[-6.02893,36.36834],[-6.02947,36.3681],[-6.02963,36.36776],[-6.0315,36.36712],[-6.03368,36.36787],[-6.03468,36.36793],[-6.03704,36.36716],[-6.03755,36.36653],[-6.03802,36.36658],[-6.03863,36.36712],[-6.03913,36.36635],[-6.03898,36.36586],[-6.03689,36.36486],[-6.0357,36.36396],[-6.03543,36.36337],[-6.0368,36.36398],[-6.03874,36.36437],[-6.04068,36.36531],[-6.04168,36.36541],[-6.04229,36.36485],[-6.04162,36.36347],[-6.04241,36.36356],[-6.04265,36.3629],[-6.04228,36.36118],[-6.04344,36.36208],[-6.04336,36.36331],[-6.04362,36.3637],[-6.04476,36.36351],[-6.04562,36.36412],[-6.04616,36.36406],[-6.05006,36.36136],[-6.05027,36.36044],[-6.05081,36.35976],[-6.0526,36.35939],[-6.05274,36.35891],[-6.05208,36.3574],[-6.05271,36.35753],[-6.05305,36.35792],[-6.05325,36.36024],[-6.05537,36.36055],[-6.05616,36.36095],[-6.05617,36.36125],[-6.05449,36.36144],[-6.05246,36.36119],[-6.05118,36.36183],[-6.0502,36.36272],[-6.04973,36.3639],[-6.0509,36.36486],[-6.04842,36.3647],[-6.04801,36.36439],[-6.04731,36.36504],[-6.04571,36.36523],[-6.04525,36.36597],[-6.04651,36.36742],[-6.04354,36.36688],[-6.04191,36.3675],[-6.04176,36.36845],[-6.04284,36.36899],[-6.04345,36.36984],[-6.04428,36.36977],[-6.04487,36.37037],[-6.04589,36.37067],[-6.04481,36.37201],[-6.04456,36.37335],[-6.04484,36.37403],[-6.0447,36.37443],[-6.04412,36.37382],[-6.04388,36.37173],[-6.04247,36.37149],[-6.04158,36.37206],[-6.04173,36.37055],[-6.04157,36.37011],[-6.03998,36.36965],[-6.03925,36.36982],[-6.03942,36.37064],[-6.03904,36.37073],[-6.03833,36.36975],[-6.03486,36.36986],[-6.03517,36.37082],[-6.03765,36.37289],[-6.03557,36.3724],[-6.03492,36.372],[-6.03365,36.37247],[-6.03364,36.37155],[-6.03284,36.37054],[-6.03232,36.37055],[-6.03201,36.37092],[-6.03198,36.37192],[-6.0311,36.37145],[-6.0304,36.37163],[-6.02988,36.37117],[-6.02835,36.37141],[-6.02832,36.37206],[-6.02963,36.37252],[-6.03024,36.37307],[-6.0312,36.37327],[-6.03189,36.37315],[-6.03171,36.37411],[-6.03257,36.37447],[-6.03123,36.3747],[-6.03124,36.37495],[-6.03179,36.37523],[-6.03338,36.37506],[-6.03451,36.37456],[-6.03544,36.37458],[-6.03643,36.37479],[-6.03687,36.37524],[-6.03767,36.3752],[-6.03994,36.37606],[-6.03966,36.37693],[-6.04159,36.37692],[-6.04151,36.37755],[-6.04192,36.37812],[-6.04037,36.37775],[-6.04019,36.37789],[-6.04048,36.37824],[-6.04037,36.37847],[-6.03822,36.37882],[-6.03899,36.37963],[-6.04028,36.3799],[-6.04152,36.38058],[-6.04123,36.38119],[-6.04039,36.38194],[-6.0403,36.38255],[-6.04214,36.38198],[-6.04268,36.38129],[-6.04351,36.38173],[-6.0441,36.38142],[-6.04492,36.38141],[-6.04699,36.3828],[-6.04748,36.38184],[-6.04874,36.382],[-6.0492,36.38181],[-6.0495,36.38119],[-6.0484,36.38071],[-6.0485,36.37977],[-6.0471,36.37947],[-6.04725,36.37898],[-6.04665,36.37823],[-6.05121,36.37972],[-6.05246,36.38058],[-6.05271,36.38105],[-6.05339,36.3808],[-6.05366,36.38033],[-6.05361,36.37983],[-6.05203,36.37941],[-6.05075,36.37819],[-6.04971,36.37756],[-6.04882,36.37798],[-6.04852,36.37716],[-6.04748,36.37664],[-6.04787,36.37643],[-6.04951,36.37661],[-6.05006,36.37639],[-6.05085,36.37659],[-6.05116,36.37634],[-6.05127,36.37562],[-6.05266,36.37563],[-6.05379,36.37471],[-6.05381,36.37435],[-6.05317,36.37355],[-6.05142,36.37385],[-6.05108,36.37473],[-6.05062,36.37458],[-6.05041,36.37372],[-6.04974,36.37412],[-6.04872,36.3743],[-6.04896,36.3732],[-6.04829,36.37297],[-6.04819,36.37255],[-6.04885,36.37228],[-6.05069,36.37258],[-6.05082,36.37185],[-6.05147,36.37151],[-6.05132,36.36996],[-6.05185,36.37008],[-6.05291,36.36986],[-6.05263,36.37058],[-6.05277,36.37124],[-6.05323,36.37141],[-6.05344,36.37207],[-6.05416,36.3724],[-6.05446,36.3724],[-6.05528,36.37123],[-6.05573,36.37013],[-6.056,36.37027],[-6.05628,36.3712],[-6.05714,36.37183],[-6.05736,36.37098],[-6.05792,36.37011],[-6.05829,36.3701],[-6.05857,36.37098],[-6.0589,36.37126],[-6.06023,36.37071],[-6.06086,36.36961],[-6.06151,36.36983],[-6.06133,36.37069],[-6.06159,36.37105],[-6.06512,36.37215],[-6.06586,36.37106],[-6.06528,36.36985],[-6.06599,36.36928],[-6.06656,36.36739],[-6.06904,36.3682],[-6.06897,36.36953],[-6.06998,36.37122],[-6.07076,36.37204],[-6.0713,36.37197],[-6.07155,36.37118],[-6.07235,36.37168],[-6.07306,36.3736],[-6.0733,36.37498],[-6.07875,36.37553],[-6.07826,36.37636],[-6.07818,36.3771],[-6.07886,36.37794],[-6.08072,36.37902],[-6.08276,36.37951],[-6.08451,36.37955],[-6.08921,36.37664],[-6.08972,36.37593],[-6.0896,36.37503],[-6.09122,36.37411],[-6.09143,36.37334],[-6.08974,36.37114],[-6.08888,36.37078],[-6.08907,36.36996],[-6.08842,36.36878],[-6.08915,36.36745],[-6.08912,36.36695],[-6.08848,36.36667],[-6.08632,36.36739],[-6.08548,36.36508],[-6.08448,36.36416],[-6.08526,36.36397],[-6.08672,36.36417],[-6.08727,36.36307],[-6.08782,36.36322],[-6.08885,36.3641],[-6.08917,36.3627],[-6.09123,36.36344],[-6.09203,36.36342],[-6.0925,36.36305],[-6.09251,36.3625],[-6.09139,36.36152],[-6.09354,36.36106],[-6.0932,36.36078],[-6.09123,36.36025],[-6.09123,36.3598],[-6.0926,36.35935],[-6.09277,36.35901],[-6.09255,36.35853],[-6.09137,36.35797],[-6.092,36.35704],[-6.09197,36.35672],[-6.0917,36.3566],[-6.08943,36.35784],[-6.08754,36.35753],[-6.08306,36.35852],[-6.08666,36.35642],[-6.08631,36.35582],[-6.08525,36.35521],[-6.08526,36.35488],[-6.08755,36.35448],[-6.08854,36.35372],[-6.08847,36.35324],[-6.08793,36.35258],[-6.0855,36.35182],[-6.08543,36.3516],[-6.08775,36.3511],[-6.09042,36.35144],[-6.09126,36.35113],[-6.0915,36.35044],[-6.09126,36.34939],[-6.09182,36.3485],[-6.09128,36.34756],[-6.09116,36.34577],[-6.09226,36.34431],[-6.09298,36.34193],[-6.09424,36.34096],[-6.09495,36.33995],[-6.09508,36.33893],[-6.09427,36.3372],[-6.09281,36.3362],[-6.0927,36.33574],[-6.09308,36.33342],[-6.09278,36.33233],[-6.09224,36.3316],[-6.09003,36.32962],[-6.08834,36.32863],[-6.08553,36.32779],[-6.0842,36.32666],[-6.08409,36.32291],[-6.0836,36.32169],[-6.08399,36.32025],[-6.08246,36.31728],[-6.0829,36.31545],[-6.08417,36.3135],[-6.08425,36.31189],[-6.08367,36.31043],[-6.08158,36.30967],[-6.08063,36.30885],[-6.08035,36.30815],[-6.08082,36.30729],[-6.08182,36.30663],[-6.08384,36.30655],[-6.08558,36.30611],[-6.08555,36.30448],[-6.0845,36.30538],[-6.08358,36.3057],[-6.08156,36.30497],[-6.08098,36.30449],[-6.08109,36.30418],[-6.08322,36.30343],[-6.08416,36.30256],[-6.08411,36.30213],[-6.08196,36.30123],[-6.08075,36.30207],[-6.0798,36.30206],[-6.07804,36.30262],[-6.07812,36.30387],[-6.07695,36.3048],[-6.07672,36.30564],[-6.0773,36.30658],[-6.07939,36.30822],[-6.07918,36.30958],[-6.07717,36.30915],[-6.07626,36.31009],[-6.0758,36.31013],[-6.07552,36.30969],[-6.07549,36.3085],[-6.07497,36.30819],[-6.07477,36.30847],[-6.07471,36.30973],[-6.07365,36.31122],[-6.07291,36.3105],[-6.072,36.31047],[-6.07172,36.31056],[-6.0716,36.31115],[-6.07068,36.31125],[-6.06975,36.31216],[-6.06895,36.31167],[-6.06954,36.31],[-6.07076,36.30864],[-6.07166,36.30803],[-6.07174,36.30754],[-6.07293,36.30706],[-6.07153,36.30668],[-6.07134,36.30601],[-6.07055,36.30538],[-6.0709,36.30515],[-6.0721,36.30512],[-6.07379,36.30541],[-6.07441,36.30465],[-6.07343,36.304],[-6.07231,36.30274],[-6.07204,36.30199],[-6.07203,36.29994],[-6.07169,36.29947],[-6.07017,36.29888],[-6.06923,36.29897],[-6.06701,36.30073],[-6.06641,36.30207],[-6.0639,36.30252],[-6.06174,36.3025],[-6.05969,36.30149],[-6.05846,36.30165],[-6.05814,36.3019],[-6.05835,36.30283],[-6.05789,36.30337],[-6.05802,36.30457],[-6.05758,36.30489],[-6.05764,36.30531],[-6.05844,36.30611],[-6.06014,36.3065],[-6.06092,36.30706],[-6.05895,36.30729],[-6.05878,36.3076],[-6.05894,36.30804],[-6.05841,36.3086],[-6.05862,36.30905],[-6.06031,36.31078],[-6.06146,36.31141],[-6.06275,36.31177],[-6.0641,36.31138],[-6.0645,36.31101],[-6.06501,36.30975],[-6.06533,36.30956],[-6.06624,36.3101],[-6.06729,36.31118],[-6.06809,36.31149],[-6.06799,36.31203],[-6.0665,36.31178],[-6.06399,36.31264],[-6.0637,36.31288],[-6.06392,36.31327],[-6.06381,36.3136],[-6.06294,36.31391],[-6.06231,36.31445],[-6.06149,36.31435],[-6.06026,36.31492],[-6.05996,36.31533],[-6.05992,36.31638],[-6.05882,36.3172],[-6.05785,36.31978],[-6.05717,36.31998],[-6.05694,36.31917],[-6.0563,36.31925],[-6.05565,36.31977],[-6.05461,36.3216],[-6.05458,36.32018],[-6.05492,36.31908],[-6.05559,36.31804],[-6.05579,36.31709],[-6.05429,36.31531],[-6.05317,36.31486],[-6.05182,36.31332],[-6.05061,36.31288],[-6.04967,36.31301],[-6.04936,36.3133],[-6.0495,36.31511],[-6.04983,36.31615],[-6.04964,36.31712],[-6.04879,36.31664],[-6.04812,36.31562],[-6.04705,36.31534],[-6.04677,36.31494],[-6.04634,36.31549],[-6.04558,36.31551],[-6.04552,36.3158],[-6.04623,36.31616],[-6.04633,36.31647],[-6.04492,36.31818],[-6.04505,36.31869],[-6.04757,36.32031],[-6.04977,36.32097],[-6.05009,36.32263],[-6.04765,36.32171],[-6.04645,36.3219],[-6.04617,36.32306],[-6.04522,36.32404],[-6.04586,36.32421],[-6.04662,36.32399],[-6.04726,36.32559],[-6.04667,36.3261],[-6.04518,36.32673],[-6.04512,36.32704],[-6.04847,36.32658],[-6.04893,36.32674],[-6.04922,36.32734],[-6.04981,36.32765],[-6.05108,36.32768],[-6.05249,36.32723],[-6.05286,36.32769],[-6.05274,36.32808],[-6.05165,36.32886],[-6.05185,36.32911],[-6.05271,36.32906],[-6.05252,36.32951],[-6.05099,36.32984],[-6.05064,36.33062],[-6.04877,36.33099],[-6.04908,36.33158],[-6.05031,36.3324],[-6.05022,36.33371],[-6.04942,36.33449],[-6.04926,36.33498],[-6.04996,36.33548],[-6.04986,36.33631],[-6.04947,36.33701],[-6.04971,36.3377],[-6.04954,36.33793],[-6.04744,36.33827],[-6.04773,36.33872],[-6.04855,36.33914],[-6.04872,36.33952],[-6.04769,36.34209],[-6.04669,36.34328],[-6.04587,36.34296],[-6.04633,36.3421],[-6.04633,36.34159],[-6.04442,36.34063],[-6.04359,36.34054],[-6.03968,36.34114],[-6.03921,36.3414],[-6.03923,36.34196],[-6.0387,36.34213],[-6.03846,36.34209],[-6.03815,36.34152],[-6.03713,36.3414],[-6.03741,36.34112],[-6.03884,36.34077],[-6.04024,36.33916],[-6.04221,36.33811],[-6.04247,36.33772],[-6.04112,36.33759],[-6.03811,36.33857],[-6.0373,36.33813],[-6.03695,36.33835],[-6.03641,36.33941],[-6.03624,36.33936],[-6.03579,36.33841],[-6.03706,36.33698],[-6.03721,36.33584],[-6.03649,36.33522],[-6.03593,36.33511],[-6.03544,36.33535],[-6.03514,36.33583],[-6.03545,36.33668],[-6.03448,36.33669],[-6.03416,36.33741],[-6.03304,36.33811],[-6.03265,36.33936],[-6.03224,36.3389],[-6.03128,36.33881],[-6.03225,36.33671],[-6.0329,36.33635],[-6.0327,36.33555],[-6.0332,36.33469],[-6.03278,36.33412],[-6.03201,36.33403],[-6.03126,36.33492],[-6.03085,36.33451],[-6.03057,36.33463],[-6.02863,36.33694],[-6.02858,36.33637],[-6.02909,36.3345],[-6.02974,36.3338],[-6.02732,36.33272],[-6.02729,36.33247],[-6.02751,36.33223],[-6.02919,36.33194],[-6.03116,36.33241],[-6.0324,36.33225],[-6.03249,36.33195],[-6.03196,36.33081],[-6.03035,36.33051],[-6.03154,36.32964],[-6.03099,36.3293],[-6.03109,36.32871],[-6.03263,36.32862],[-6.03355,36.32811],[-6.03341,36.32789],[-6.03283,36.32794],[-6.03256,36.32735],[-6.03216,36.32719],[-6.03098,36.32742],[-6.03001,36.32802],[-6.02965,36.32796],[-6.02989,36.32568],[-6.02901,36.3246],[-6.03001,36.32387],[-6.02906,36.32262],[-6.02817,36.32321],[-6.02766,36.32392],[-6.02763,36.3242],[-6.02811,36.32479],[-6.02771,36.3254],[-6.02733,36.32555],[-6.02665,36.3252],[-6.02626,36.32629],[-6.02562,36.32539],[-6.02493,36.32506],[-6.02395,36.32532],[-6.02203,36.32634],[-6.02145,36.32635],[-6.02076,36.32589],[-6.02053,36.32538],[-6.01955,36.32525],[-6.01964,36.32455],[-6.01918,36.32405],[-6.01804,36.32362],[-6.01756,36.32366],[-6.01765,36.32469],[-6.01886,36.32655],[-6.01996,36.32741],[-6.02132,36.32778],[-6.02171,36.32848],[-6.0213,36.32894],[-6.02061,36.3287],[-6.02011,36.3289],[-6.02007,36.32965],[-6.01942,36.33004],[-6.01937,36.32948],[-6.01896,36.32934],[-6.01855,36.32878],[-6.01764,36.32882],[-6.01761,36.32799],[-6.01532,36.32725],[-6.01574,36.32817],[-6.01645,36.32846],[-6.01653,36.33009],[-6.01705,36.33051],[-6.01729,36.33141],[-6.01853,36.33253],[-6.01979,36.33312],[-6.01949,36.33338],[-6.01798,36.33339],[-6.01778,36.33386],[-6.01723,36.33411],[-6.01659,36.33352],[-6.01342,36.33331],[-6.01447,36.33249],[-6.0135,36.3318],[-6.01329,36.33069],[-6.01226,36.3309],[-6.01195,36.32983],[-6.01336,36.3293],[-6.012,36.32859],[-6.01168,36.32767],[-6.01193,36.32723],[-6.01088,36.32705],[-6.009,36.32728],[-6.00865,36.32854],[-6.0078,36.32722],[-6.0094,36.32568],[-6.00948,36.32528],[-6.0092,36.3252],[-6.00855,36.32554],[-6.00742,36.32654],[-6.00666,36.32658],[-6.00629,36.32565],[-6.00749,36.32455],[-6.00684,36.32401],[-6.00373,36.32379],[-6.00258,36.32339],[-6.00178,36.32378],[-6.00069,36.32572],[-5.99895,36.32581],[-5.99677,36.32663],[-5.99576,36.32625],[-5.99486,36.32632],[-5.99352,36.32699],[-5.99299,36.32761],[-5.99331,36.32959],[-5.99312,36.33],[-5.99225,36.33047],[-5.99064,36.3308],[-5.98957,36.33232],[-5.98795,36.3327],[-5.98695,36.33357],[-5.98704,36.33436],[-5.98743,36.33449],[-5.98814,36.3341],[-5.98884,36.33408],[-5.9914,36.33476],[-5.9925,36.33368],[-5.99375,36.33408],[-5.99574,36.33353],[-5.99534,36.33511],[-5.99569,36.33555],[-5.99897,36.33565],[-5.99913,36.33626],[-6.00008,36.33648],[-5.99894,36.33721],[-5.99874,36.33756],[-5.99966,36.3382],[-6.0005,36.33931],[-6.00093,36.34055],[-6.00004,36.34163],[-5.99986,36.34221],[-6.00011,36.34261],[-6.00104,36.34278],[-6.00243,36.34245],[-6.00238,36.343],[-6.0026,36.34325],[-6.00415,36.34334],[-6.0046,36.34401],[-6.00582,36.3441],[-6.00659,36.34464],[-6.01356,36.34283],[-6.0171,36.34131],[-6.01837,36.34108],[-6.01978,36.34132],[-6.01824,36.34166],[-6.01712,36.34225],[-6.01479,36.344],[-6.01429,36.34478],[-6.0115,36.34499],[-6.01155,36.34532],[-6.01287,36.34594],[-6.01057,36.3465],[-6.01007,36.34686],[-6.00994,36.34764],[-6.01018,36.34864],[-6.00983,36.34861],[-6.0081,36.34735],[-6.00755,36.34772],[-6.00715,36.34849],[-6.00666,36.34864],[-6.00566,36.34837],[-6.00496,36.3477],[-6.00434,36.34748],[-6.00273,36.34771],[-6.00224,36.34818],[-6.00186,36.34749],[-6.00094,36.34745],[-6.00044,36.34772],[-6.0011,36.34945],[-6.00162,36.34962],[-6.00289,36.34944],[-6.00391,36.3504],[-6.00475,36.35076],[-6.00605,36.35082],[-6.00609,36.35115],[-6.00513,36.35165],[-6.00515,36.3519],[-6.00558,36.35199],[-6.00833,36.35134],[-6.00917,36.35169],[-6.00968,36.35231],[-6.00863,36.35256],[-6.00796,36.35369],[-6.00707,36.35345],[-6.00646,36.35406],[-6.00511,36.35442],[-6.00485,36.35479],[-6.00504,36.35567],[-6.00408,36.35443],[-6.0035,36.35425],[-6.00301,36.35442],[-6.0031,36.35611],[-6.00277,36.35658],[-6.00248,36.35546],[-6.00192,36.35483],[-5.99988,36.35459],[-6.00037,36.35402],[-6.00039,36.35327],[-5.99937,36.35208],[-5.99785,36.35112],[-5.99724,36.35115],[-5.99648,36.35164],[-5.99607,36.35032],[-5.99474,36.34999],[-5.99397,36.35019],[-5.9931,36.34989],[-5.99144,36.35055],[-5.99025,36.35051],[-5.98952,36.35022],[-5.99014,36.34924],[-5.99042,36.34776],[-5.99221,36.34737],[-5.99482,36.34599],[-5.99466,36.34566],[-5.99343,36.34486],[-5.99318,36.34393],[-5.99263,36.3437],[-5.99404,36.34275],[-5.99305,36.34195],[-5.9928,36.3413],[-5.99204,36.34126],[-5.99108,36.34167],[-5.99142,36.34089],[-5.99123,36.34044],[-5.99063,36.34023],[-5.98828,36.34022],[-5.98858,36.34234],[-5.98966,36.34356],[-5.98943,36.34411],[-5.98918,36.34431],[-5.98831,36.34381],[-5.98733,36.34427],[-5.98608,36.34449],[-5.98515,36.34555],[-5.98413,36.34591],[-5.98366,36.34634],[-5.98309,36.34751],[-5.98305,36.34859],[-5.98283,36.34902],[-5.98026,36.35042],[-5.98033,36.35106],[-5.98117,36.35213],[-5.98302,36.35308],[-5.98319,36.35354],[-5.98204,36.3543],[-5.98087,36.35373],[-5.98034,36.35388],[-5.97968,36.35643],[-5.98012,36.35715],[-5.9817,36.35614],[-5.9823,36.35718],[-5.98341,36.35749],[-5.98347,36.35861],[-5.98379,36.3594],[-5.98608,36.36159],[-5.98748,36.36192],[-5.98949,36.36468],[-5.98838,36.36437],[-5.98606,36.36263],[-5.985,36.36311],[-5.98418,36.36283],[-5.98255,36.36103],[-5.98165,36.35898],[-5.98052,36.35832],[-5.9803,36.35899],[-5.98049,36.3605],[-5.97979,36.36199],[-5.98054,36.36385],[-5.98199,36.36485],[-5.98283,36.36509],[-5.98486,36.36424],[-5.98497,36.36458],[-5.98363,36.36615],[-5.98475,36.36718],[-5.98294,36.36745],[-5.98198,36.36592],[-5.98151,36.36558],[-5.98038,36.36619],[-5.97986,36.36614],[-5.97916,36.36503],[-5.97791,36.36442],[-5.97723,36.3632],[-5.97687,36.36301],[-5.97521,36.36679],[-5.97472,36.3673],[-5.97375,36.36932],[-5.97332,36.36957],[-5.97264,36.36931],[-5.97234,36.36821],[-5.97288,36.3673],[-5.97349,36.36525],[-5.97476,36.36425],[-5.97427,36.36319],[-5.97339,36.36304],[-5.97348,36.36241],[-5.97421,36.36201],[-5.97448,36.36071],[-5.97436,36.36029],[-5.97369,36.36],[-5.97451,36.35958],[-5.97459,36.35897],[-5.97254,36.35759],[-5.97137,36.35798],[-5.97085,36.35718],[-5.97069,36.35616],[-5.97008,36.35523],[-5.96934,36.35512],[-5.96771,36.35543],[-5.9676,36.35447],[-5.96687,36.35509],[-5.96613,36.35658],[-5.96538,36.35666],[-5.96443,36.35605],[-5.96489,36.35492],[-5.96479,36.35432],[-5.96343,36.35316],[-5.96307,36.35244],[-5.96538,36.35248],[-5.96499,36.35146],[-5.96539,36.35127],[-5.96543,36.3507],[-5.9657,36.35053],[-5.96609,36.35068],[-5.96718,36.35203],[-5.96826,36.35171],[-5.96879,36.35099],[-5.96953,36.34862],[-5.9723,36.34535],[-5.97346,36.34475],[-5.97554,36.34434],[-5.97623,36.34374],[-5.97633,36.34285],[-5.97605,36.34119],[-5.97714,36.341],[-5.97823,36.34186],[-5.97891,36.34197],[-5.97898,36.34139],[-5.9782,36.34061],[-5.97901,36.3398],[-5.97881,36.33951],[-5.978,36.3396],[-5.97659,36.34053],[-5.97637,36.33959],[-5.97605,36.33926],[-5.97466,36.33975],[-5.97428,36.33945],[-5.97475,36.33884],[-5.97728,36.33759],[-5.97774,36.33652],[-5.97766,36.3358],[-5.97911,36.3346],[-5.97904,36.33412],[-5.97797,36.33456],[-5.97711,36.33564],[-5.97594,36.33611],[-5.9752,36.33676],[-5.9745,36.33683],[-5.97365,36.33754],[-5.97315,36.33748],[-5.97147,36.33612],[-5.96945,36.33626],[-5.96814,36.33602],[-5.96416,36.33636],[-5.96364,36.33618],[-5.96347,36.33583],[-5.96453,36.33469],[-5.96304,36.33408],[-5.96357,36.33354],[-5.96359,36.33318],[-5.96283,36.33271],[-5.96461,36.33151],[-5.96457,36.33113],[-5.96411,36.33089],[-5.9629,36.33062],[-5.96218,36.33076],[-5.96142,36.3312],[-5.96087,36.33219],[-5.96033,36.33102],[-5.95971,36.33092],[-5.9582,36.33122],[-5.95753,36.33153],[-5.95787,36.3323],[-5.95757,36.33236],[-5.95533,36.33213],[-5.95495,36.33192],[-5.9548,36.33117],[-5.95317,36.33113],[-5.95231,36.33051],[-5.95084,36.33003],[-5.94982,36.33005],[-5.94913,36.33056],[-5.94917,36.33089],[-5.95107,36.33105],[-5.95297,36.33187],[-5.95211,36.3331],[-5.95198,36.33395],[-5.95025,36.33408],[-5.9503,36.33437],[-5.95091,36.33483],[-5.95067,36.33517],[-5.94894,36.33506],[-5.94765,36.33579],[-5.94694,36.33575],[-5.94591,36.33712],[-5.94428,36.33535],[-5.94301,36.33558],[-5.94256,36.33596],[-5.94269,36.33642],[-5.94365,36.33729],[-5.94388,36.338],[-5.94534,36.33936],[-5.94611,36.33967],[-5.94595,36.34057],[-5.94661,36.34172],[-5.94587,36.34193],[-5.94541,36.34282],[-5.94515,36.34258],[-5.94478,36.34047],[-5.94304,36.33975],[-5.94115,36.33971],[-5.94081,36.34125],[-5.94052,36.34139],[-5.93999,36.34125],[-5.93969,36.34006],[-5.93934,36.33987],[-5.93898,36.34121],[-5.93766,36.33978],[-5.93729,36.33988],[-5.93709,36.34074],[-5.93642,36.33994],[-5.93592,36.33976],[-5.93391,36.34077],[-5.93384,36.34036],[-5.93475,36.33929],[-5.93511,36.33765],[-5.93508,36.33619],[-5.93392,36.33469],[-5.93339,36.33458],[-5.9329,36.33489],[-5.93217,36.33637],[-5.93133,36.33723],[-5.92989,36.33989],[-5.93005,36.34091],[-5.93096,36.34227],[-5.93076,36.34283],[-5.93105,36.34408],[-5.93029,36.34366],[-5.92951,36.34209],[-5.92826,36.34142],[-5.92778,36.34082],[-5.92765,36.33892],[-5.92704,36.3383],[-5.92784,36.33682],[-5.92709,36.33686],[-5.92688,36.33664],[-5.92765,36.33538],[-5.92771,36.33485],[-5.92745,36.3345],[-5.9261,36.33491],[-5.9256,36.33416],[-5.92659,36.33328],[-5.92648,36.33246],[-5.92574,36.33228],[-5.92515,36.33251],[-5.92473,36.33307],[-5.92404,36.33305],[-5.92356,36.33213],[-5.92244,36.3316],[-5.92286,36.3311],[-5.92426,36.33082],[-5.9241,36.33042],[-5.92358,36.33014],[-5.92075,36.33054],[-5.91896,36.33127],[-5.91911,36.33061],[-5.92047,36.32941],[-5.92055,36.32887],[-5.92157,36.32826],[-5.92202,36.32746],[-5.92255,36.32736],[-5.92527,36.32802],[-5.92547,36.32744],[-5.92496,36.32683],[-5.92355,36.32629],[-5.92211,36.32661],[-5.92101,36.32641],[-5.91889,36.32702],[-5.91871,36.32746],[-5.91885,36.32843],[-5.91864,36.32868],[-5.91802,36.32786],[-5.91712,36.32773],[-5.91501,36.32889],[-5.91483,36.32827],[-5.91452,36.32802],[-5.91306,36.32841],[-5.91246,36.32841],[-5.9124,36.32822],[-5.91292,36.32702],[-5.91546,36.32559],[-5.91534,36.32519],[-5.91487,36.32492],[-5.91159,36.32443],[-5.90979,36.32488],[-5.90826,36.32467],[-5.90692,36.32482],[-5.90595,36.32443],[-5.90664,36.32424],[-5.9067,36.32335],[-5.90705,36.32312],[-5.90731,36.32319],[-5.90744,36.32376],[-5.90915,36.32395],[-5.9119,36.32243],[-5.91401,36.32218],[-5.91521,36.32245],[-5.91558,36.32199],[-5.91748,36.32127],[-5.91778,36.32081],[-5.91953,36.3214],[-5.9198,36.32112],[-5.91938,36.3207],[-5.91921,36.31981],[-5.92009,36.31928],[-5.92172,36.32103],[-5.92206,36.32108],[-5.92214,36.3209],[-5.92195,36.32014],[-5.9222,36.3199],[-5.92326,36.32054],[-5.92417,36.32058],[-5.92541,36.31997],[-5.92474,36.31963],[-5.92493,36.3189],[-5.92407,36.31788],[-5.92434,36.31766],[-5.92489,36.31766],[-5.92706,36.31871],[-5.92759,36.31954],[-5.93054,36.31872],[-5.93256,36.31977],[-5.93381,36.31997],[-5.93425,36.3196],[-5.93396,36.31917],[-5.93313,36.31882],[-5.93196,36.31875],[-5.93089,36.31756],[-5.93086,36.31726],[-5.93183,36.31701],[-5.93252,36.31636],[-5.93294,36.31652],[-5.93334,36.31744],[-5.93418,36.31783],[-5.93553,36.31779],[-5.93642,36.31743],[-5.93883,36.31768],[-5.93922,36.31889],[-5.93961,36.31928],[-5.93997,36.31906],[-5.93997,36.31814],[-5.9403,36.31767],[-5.94033,36.31708],[-5.94052,36.3171],[-5.94187,36.31814],[-5.94366,36.31844],[-5.9446,36.3181],[-5.94518,36.31914],[-5.94575,36.31868],[-5.94754,36.31908],[-5.94873,36.31847],[-5.94847,36.31816],[-5.94751,36.31784],[-5.94762,36.31693],[-5.94715,36.31575],[-5.94786,36.31591],[-5.94913,36.31739],[-5.95193,36.31858],[-5.95215,36.31767],[-5.95265,36.31722],[-5.95177,36.31643],[-5.95373,36.31652],[-5.95364,36.31551],[-5.95326,36.31467],[-5.95376,36.31485],[-5.95505,36.31618],[-5.95596,36.3164],[-5.95739,36.31619],[-5.95749,36.31594],[-5.95696,36.31511],[-5.95552,36.31454],[-5.95542,36.31413],[-5.95682,36.31422],[-5.95752,36.31377],[-5.9579,36.314],[-5.95831,36.31489],[-5.95908,36.31519],[-5.95947,36.31562],[-5.96189,36.31538],[-5.96193,36.31512],[-5.96113,36.31482],[-5.96052,36.31416],[-5.96305,36.31418],[-5.96336,36.31377],[-5.9623,36.31372],[-5.96153,36.31314],[-5.96064,36.31315],[-5.96074,36.31234],[-5.96099,36.31224],[-5.96216,36.31276],[-5.96347,36.31285],[-5.96394,36.31274],[-5.96398,36.31181],[-5.9616,36.31061],[-5.96089,36.31077],[-5.96032,36.31061],[-5.96022,36.30994],[-5.95885,36.30895],[-5.96131,36.30947],[-5.96163,36.30909],[-5.96085,36.30842],[-5.96097,36.30831],[-5.96384,36.30761],[-5.96411,36.30931],[-5.96535,36.30978],[-5.96624,36.30968],[-5.96636,36.30938],[-5.96602,36.3087],[-5.96688,36.30832],[-5.96704,36.30767],[-5.9676,36.30725],[-5.96749,36.307],[-5.96641,36.30619],[-5.96637,36.30554],[-5.96574,36.3049],[-5.96482,36.30453],[-5.96299,36.3045],[-5.96373,36.30427],[-5.96456,36.30352],[-5.96448,36.30276],[-5.96577,36.30311],[-5.96774,36.30289],[-5.96833,36.3015],[-5.9669,36.30075],[-5.96773,36.30071],[-5.97029,36.29988],[-5.97094,36.30013],[-5.97147,36.30114],[-5.97106,36.30195],[-5.97254,36.30476],[-5.97227,36.30655],[-5.97321,36.30623],[-5.97315,36.3053],[-5.97392,36.30475],[-5.97335,36.3042],[-5.97413,36.30361],[-5.97376,36.30268],[-5.97586,36.3026],[-5.97709,36.30194],[-5.97772,36.30278],[-5.97718,36.30368],[-5.97722,36.30443],[-5.97738,36.30478],[-5.97822,36.30499],[-5.97851,36.30539],[-5.97814,36.30611],[-5.97904,36.30666],[-5.97889,36.30835],[-5.97924,36.30905],[-5.98049,36.31013],[-5.98492,36.31247],[-5.98722,36.31274],[-5.99113,36.31255],[-5.99253,36.31169],[-5.99353,36.3115],[-5.99455,36.3105],[-5.99548,36.31046],[-5.9962,36.30982],[-5.9976,36.30927],[-5.99834,36.30828],[-5.99971,36.30769],[-6.00012,36.30687],[-6.00131,36.30692],[-6.00232,36.30592],[-6.00281,36.305],[-6.00394,36.30491],[-6.00533,36.3043],[-6.00658,36.30436],[-6.00721,36.3031],[-6.00808,36.3024],[-6.00868,36.30267],[-6.00871,36.3042],[-6.00952,36.30434],[-6.01069,36.30552],[-6.00763,36.30761],[-6.00725,36.30809],[-6.00725,36.30884],[-6.00632,36.30926],[-6.00672,36.30991],[-6.00596,36.31052],[-6.00617,36.31093],[-6.00613,36.312],[-6.00713,36.31278],[-6.00763,36.31262],[-6.00782,36.31218],[-6.00765,36.3112],[-6.0092,36.31089],[-6.01005,36.30968],[-6.01133,36.30956],[-6.01236,36.30797],[-6.01318,36.30722],[-6.0137,36.30746],[-6.01388,36.30818],[-6.01316,36.30933],[-6.01321,36.30963],[-6.01411,36.30986],[-6.01509,36.30972],[-6.01593,36.31014],[-6.01625,36.30992],[-6.01627,36.30896],[-6.01719,36.30962],[-6.01744,36.30954],[-6.01728,36.30851],[-6.01773,36.30804],[-6.01831,36.30819],[-6.01845,36.30918],[-6.01904,36.30926],[-6.01933,36.30887],[-6.01937,36.30737],[-6.02038,36.30665],[-6.02116,36.30667],[-6.02017,36.30842],[-6.02085,36.30801],[-6.02157,36.3081],[-6.02339,36.30728],[-6.02411,36.30785],[-6.02483,36.30754],[-6.0257,36.30764],[-6.02697,36.30727],[-6.02816,36.30652],[-6.02938,36.30516],[-6.0279,36.30448],[-6.026,36.30547],[-6.02505,36.30482],[-6.02468,36.3039],[-6.02192,36.30567],[-6.02137,36.30535],[-6.02059,36.30562],[-6.0207,36.30523],[-6.02172,36.30421],[-6.0217,36.30376],[-6.02113,36.30379],[-6.02105,36.30408],[-6.0201,36.30475],[-6.01921,36.30482],[-6.01896,36.30463],[-6.0209,36.30288],[-6.02272,36.30235],[-6.02264,36.30171],[-6.02219,36.30131],[-6.02131,36.30136],[-6.02119,36.30079],[-6.02034,36.30068],[-6.01911,36.29996],[-6.01872,36.30003],[-6.01855,36.30051],[-6.01782,36.30018],[-6.01722,36.30062],[-6.01668,36.30247],[-6.01589,36.30278],[-6.01553,36.3026],[-6.01569,36.3016],[-6.01456,36.30131],[-6.01448,36.30102],[-6.01733,36.29828],[-6.01697,36.29768],[-6.01823,36.2969],[-6.01834,36.29654],[-6.01775,36.29608],[-6.01783,36.29568],[-6.01879,36.29576],[-6.01971,36.29529],[-6.02051,36.2959],[-6.02092,36.29595],[-6.02195,36.29508],[-6.02179,36.29429],[-6.02287,36.29213],[-6.02256,36.29157],[-6.02261,36.29082],[-6.02218,36.29073],[-6.02196,36.29137],[-6.02148,36.29139],[-6.0205,36.29104],[-6.02008,36.29025],[-6.02379,36.2889],[-6.02446,36.28806],[-6.0237,36.28711],[-6.02418,36.28593],[-6.02477,36.28518],[-6.02625,36.28437],[-6.02689,36.28357],[-6.02751,36.28212],[-6.027,36.28126],[-6.0276,36.28124],[-6.02849,36.28081],[-6.02863,36.28062],[-6.02834,36.28008],[-6.02844,36.27979],[-6.02923,36.27942],[-6.02831,36.27807],[-6.02919,36.27739],[-6.02922,36.27708],[-6.02782,36.2762],[-6.02532,36.27568],[-6.02497,36.27504],[-6.02644,36.27462],[-6.0273,36.27475],[-6.02815,36.27546],[-6.03106,36.27633],[-6.03309,36.27833],[-6.03484,36.27758],[-6.03445,36.2764],[-6.03459,36.27596],[-6.03623,36.27574],[-6.03779,36.27452],[-6.03797,36.27412],[-6.03703,36.2734],[-6.03391,36.27228],[-6.03327,36.2725],[-6.03338,36.27393],[-6.03303,36.27414],[-6.03135,36.27406],[-6.02981,36.27325],[-6.028,36.27344],[-6.0267,36.27272],[-6.02671,36.27245],[-6.02828,36.27227],[-6.02982,36.27145],[-6.02998,36.26931],[-6.03451,36.26808],[-6.03545,36.26739],[-6.03542,36.26692],[-6.03445,36.2668],[-6.03244,36.26733],[-6.02979,36.26721],[-6.02946,36.26777],[-6.02842,36.26817],[-6.02779,36.26895],[-6.02674,36.26867],[-6.02683,36.26802],[-6.02535,36.26742],[-6.02591,36.26638],[-6.02578,36.26601],[-6.02458,36.26557],[-6.02424,36.26452],[-6.02318,36.26425],[-6.02299,36.26389],[-6.02348,36.26341],[-6.02512,36.26342],[-6.02545,36.26317],[-6.02422,36.26118],[-6.02301,36.26091],[-6.02332,36.25955],[-6.02608,36.26082],[-6.02603,36.26016],[-6.02533,36.25932],[-6.02622,36.25774],[-6.02487,36.25667],[-6.02624,36.25631],[-6.02627,36.25602],[-6.02513,36.25531],[-6.02471,36.2545],[-6.0235,36.25394],[-6.02251,36.25384],[-6.02147,36.25455],[-6.02064,36.25294],[-6.01928,36.25193],[-6.01841,36.25161],[-6.01713,36.2517],[-6.01533,36.25145],[-6.01335,36.25353],[-6.01365,36.25197],[-6.01351,36.25153],[-6.01276,36.25102],[-6.01089,36.25071],[-6.01075,36.25027],[-6.0116,36.24964],[-6.01341,36.24967],[-6.01336,36.24924],[-6.01203,36.24817],[-6.01233,36.24711],[-6.00941,36.24687],[-6.00931,36.24668],[-6.0113,36.24604],[-6.01157,36.24503],[-6.01288,36.24532],[-6.01378,36.24465],[-6.01416,36.24481],[-6.01421,36.24602],[-6.01468,36.2464],[-6.01703,36.24594],[-6.01835,36.24664],[-6.01978,36.24676],[-6.0213,36.24613],[-6.02146,36.24547],[-6.01988,36.24411],[-6.0168,36.24308],[-6.01386,36.24325],[-6.01277,36.24244],[-6.01124,36.24232],[-6.00991,36.24172],[-6.0096,36.24047],[-6.01103,36.24063],[-6.01086,36.23941],[-6.01325,36.24043],[-6.01479,36.24082],[-6.01567,36.2406],[-6.01767,36.23945],[-6.01791,36.23916],[-6.01763,36.23868],[-6.01706,36.23803],[-6.01607,36.23763],[-6.01607,36.23746],[-6.01695,36.23724],[-6.01844,36.23627],[-6.01994,36.23599],[-6.02034,36.23562],[-6.02044,36.23506],[-6.01922,36.23477],[-6.01935,36.2342],[-6.01908,36.23366],[-6.01994,36.2328],[-6.01877,36.23195],[-6.01842,36.23134],[-6.01986,36.23172],[-6.02047,36.23163],[-6.0208,36.23053],[-6.02153,36.22996],[-6.02198,36.22923],[-6.02154,36.22778],[-6.02246,36.22769],[-6.02259,36.22741],[-6.0224,36.22688],[-6.02415,36.22783],[-6.02477,36.22785],[-6.02719,36.22652],[-6.02763,36.22505],[-6.02741,36.2249],[-6.02696,36.22567],[-6.0263,36.2262],[-6.0242,36.22645],[-6.0229,36.22628],[-6.02363,36.22494],[-6.02296,36.2237],[-6.02482,36.22299],[-6.02548,36.22236],[-6.02553,36.2219],[-6.0253,36.22118],[-6.02446,36.22041],[-6.02494,36.21995],[-6.025,36.21945],[-6.02402,36.21847],[-6.02307,36.21695],[-6.02253,36.21507],[-6.0219,36.21445],[-6.02034,36.21416],[-6.0198,36.21452],[-6.01907,36.21567],[-6.01768,36.21497],[-6.01682,36.21517],[-6.01312,36.21888],[-6.01272,36.21968],[-6.01268,36.22051],[-6.01521,36.22285],[-6.01492,36.22364],[-6.01443,36.22416],[-6.01397,36.22337],[-6.01259,36.22219],[-6.01158,36.22198],[-6.01028,36.22224],[-6.00912,36.22325],[-6.00799,36.22545],[-6.00595,36.22778],[-6.0046,36.22978],[-6.00449,36.228],[-6.00477,36.2273],[-6.00458,36.22686],[-6.00387,36.22668],[-6.00164,36.22689],[-6.00298,36.22561],[-6.00447,36.22536],[-6.00641,36.22414],[-6.00681,36.22162],[-6.00759,36.21982],[-6.00752,36.21894],[-6.00723,36.21847],[-6.0056,36.21774],[-6.00404,36.21792],[-6.00298,36.21921],[-6.00247,36.21935],[-6.00276,36.21843],[-6.00219,36.21749],[-6.00264,36.2163],[-6.00213,36.21554],[-6.0029,36.21515],[-6.00366,36.2154],[-6.00409,36.21525],[-6.0043,36.21483],[-6.00361,36.21427],[-6.00403,36.21366],[-6.00473,36.2133],[-6.00626,36.21399],[-6.00749,36.21311],[-6.00902,36.21391],[-6.01079,36.21423],[-6.01174,36.21294],[-6.01065,36.21218],[-6.01071,36.21182],[-6.01296,36.21134],[-6.01387,36.2099],[-6.01673,36.21056],[-6.01859,36.20955],[-6.01891,36.20834],[-6.01946,36.20845],[-6.02067,36.20923],[-6.02191,36.20908],[-6.02255,36.20817],[-6.0229,36.20708],[-6.02396,36.2069],[-6.02424,36.20639],[-6.02285,36.20473],[-6.02244,36.2037],[-6.02187,36.20333],[-6.0216,36.20241],[-6.02006,36.20149],[-6.01834,36.20134],[-6.01795,36.20098],[-6.01777,36.20026],[-6.01881,36.19997],[-6.01916,36.19922],[-6.01848,36.19897],[-6.0182,36.19861],[-6.01803,36.19737],[-6.01714,36.19564],[-6.01695,36.19435],[-6.01542,36.19219],[-6.01373,36.19107],[-6.00869,36.18854],[-6.00809,36.18847],[-6.00558,36.18735],[-6.00161,36.18509],[-5.99501,36.18009],[-5.99313,36.17963],[-5.98999,36.17959],[-5.98481,36.17735],[-5.98161,36.17705],[-5.97668,36.17714]]]},"geometry_name":"geom","properties":{"id_dera":10100300014819,"altura":50,"procedenci":"Restitución","categoria":"Normal"}}],"totalFeatures":12,"numberMatched":12,"numberReturned":12,"timeStamp":"2026-08-17T12:56:30.029Z","crs":{"type":"name","properties":{"name":"urn:ogc:def:crs:EPSG::4326"}}}