{"type":"FeatureCollection","features":[{"type":"Feature","geometry":{"bbox":[-6.9057402331766085,37.17054355721054,-3.3267695232384047,38.44024756491467],"type":"MultiLineString","coordinates":[[[-6.90578033110897,37.17132142666884],[-6.905444467435464,37.17166550906759],[-6.905147510340669,37.17197327254025],[-6.905072052699087,37.17205147058373],[-6.904965460867557,37.17206312193394],[-6.903348996047033,37.17103703295073],[-6.902967846727233,37.17073662455576],[-6.902801573934563,37.17064052876329],[-6.902695754277575,37.17065337828165],[-6.900823266479002,37.17269969989297],[-6.900648538399995,37.17294851688983],[-6.900492699700371,37.17314858823685],[-6.899837204356921,37.17382914430451],[-6.899678153422339,37.17383891756947],[-6.898719949918706,37.17462076971733],[-6.875074204648444,37.19555860403591],[-6.874898246287278,37.19608587079194],[-6.874473339727429,37.19651177319594],[-6.874418996739355,37.196650014200145],[-6.874320175727644,37.19690143468373],[-6.872253504161496,37.19851752570637],[-6.871837562354503,37.19849650926354],[-6.870477727139447,37.19842787584827],[-6.870195044564419,37.19841355665671],[-6.8665246261929855,37.198238909252346],[-6.862947089263154,37.19805209718887],[-6.862495002455084,37.19791695521321],[-6.861106969812479,37.19750201509376],[-6.859838317336232,37.19755996988253],[-6.858617308398545,37.19740425895573],[-6.857715077311306,37.197354864757564],[-6.851945184829825,37.19771699742142],[-6.850592601285471,37.19771719074302],[-6.8499994733114695,37.19771726898179],[-6.84891875814812,37.197831293683876],[-6.846879926270774,37.19777872617696],[-6.843946883055721,37.197832654306495],[-6.841922960022032,37.197781813504065],[-6.839765004394892,37.19754132441973],[-6.83762075986991,37.197835462487824],[-6.8361197733491466,37.19817875786986],[-6.833162465114687,37.19838712591574],[-6.832302726874283,37.19833541300967],[-6.827027440225665,37.19827011598745],[-6.823463029550587,37.19832345131232],[-6.820817994987156,37.198307544101084],[-6.8140083793317,37.19822012467628],[-6.796988206378254,37.198186621063115],[-6.796616765284632,37.19825913372279],[-6.79621099213547,37.19826236963973],[-6.786735626081938,37.19823730915369],[-6.777850917019268,37.198077621337774],[-6.775315237918344,37.1980000928269],[-6.766373106545709,37.197870837492225],[-6.7637514505029666,37.197827660933314],[-6.7479147605155125,37.209787111027474],[-6.745170516971971,37.2116480434611],[-6.7437939465243,37.2118460609146],[-6.713377436551865,37.21617405880745],[-6.713070443318001,37.216182766230155],[-6.705788082909452,37.216389123745714],[-6.696949993127326,37.216725226290045],[-6.691889374501461,37.2169220704125],[-6.691804979589366,37.21689712754647],[-6.691519917465144,37.216812888360536],[-6.690563345686085,37.21684417434691],[-6.690286034897989,37.216853238833366],[-6.689725897963238,37.21690759355345],[-6.676369038444459,37.21734090304028],[-6.674426550899451,37.21750695357921],[-6.674163956949093,37.21760119945698],[-6.6675100162906915,37.218243240272514],[-6.650438003684995,37.219831358580166],[-6.630849748227111,37.22364136414767],[-6.626105903602118,37.22454193272961],[-6.6186458514675905,37.225939652121426],[-6.615355778911801,37.22589741279953],[-6.614977213084921,37.22579353772338],[-6.614855701642588,37.22576019560438],[-6.6096535399341105,37.225642645053945],[-6.609540794282036,37.22566784217941],[-6.609224786892101,37.225660528282376],[-6.603926415143857,37.225506722495616],[-6.603030967553284,37.22538673258595],[-6.602210592523934,37.22549796045547],[-6.601866005037883,37.225544678407196],[-6.59786117810159,37.22546273350759],[-6.595533006121375,37.22534280698031],[-6.594781568825946,37.22532531789024],[-6.5924080808356065,37.22574328090715],[-6.584484125813348,37.227425723693386],[-6.582643517242182,37.2278287593622],[-6.581098340183199,37.228235888621505],[-6.581008363058715,37.228255170931895],[-6.578522840158901,37.22878791038542],[-6.57577198184079,37.22904736639429],[-6.574039833848249,37.229014597985795],[-6.569653075560248,37.229925641029816],[-6.5574639148878,37.23258496433038],[-6.556896867728557,37.23236934805718],[-6.5523357661156405,37.23276856172912],[-6.551571191721075,37.2328008694167],[-6.550821261529399,37.23291450258202],[-6.547547042665043,37.233206309726974],[-6.546845337250533,37.2332228366302],[-6.536731888626045,37.2341142899265],[-6.529894421758799,37.23461024141633],[-6.528439061127567,37.23483298214151],[-6.527227098877335,37.2346260591874],[-6.526023218314852,37.235143403210216],[-6.518070958138842,37.23582194816499],[-6.515436655739517,37.23606932270831],[-6.515384096071181,37.236105101530306],[-6.515089449344043,37.236305695990254],[-6.512310803622932,37.23657269588272],[-6.509313976434615,37.236609108547405],[-6.508352543959483,37.23673733329128],[-6.505357577750003,37.236912886033565],[-6.505051432873907,37.23685074606383],[-6.502963479623698,37.236920537655216],[-6.502709178270574,37.23684126031994],[-6.500703034746207,37.23690706734243],[-6.499460949777654,37.23700594591497],[-6.499321049490661,37.23701904822141],[-6.491375429826535,37.23778754643499],[-6.490651413951189,37.23764808291281],[-6.490155749131703,37.23770208867273],[-6.489790670673142,37.23774186006235],[-6.489667214627884,37.23775531349223],[-6.489291293150398,37.23779626926678],[-6.488563519202598,37.23797073186717],[-6.486060554572907,37.23822238287871],[-6.484662701860614,37.23844447827502],[-6.4514718392900505,37.2417173986039],[-6.45114331616417,37.24171414531798],[-6.450833131422163,37.24178008867671],[-6.436493818256286,37.24319151234409],[-6.425938108383926,37.24483868772796],[-6.423841043735806,37.24671943124581],[-6.410688974825982,37.24919876935465],[-6.400661519028923,37.24989542880124],[-6.399745086391106,37.2487193745369],[-6.399579455927614,37.24873792854256],[-6.373074232073879,37.25171110290531],[-6.368699933692809,37.25269971312612],[-6.3592917949270324,37.25485981988065],[-6.3585663330127336,37.2550187207762],[-6.345796560750243,37.25781029413107],[-6.335920887638213,37.2600329250991],[-6.33269248999451,37.26080734640164],[-6.331930363847795,37.26121907996127],[-6.330498407905008,37.261798460465464],[-6.329999356056502,37.2619306492689],[-6.3245810217648355,37.264436776886285],[-6.324015150753717,37.26457310702144],[-6.323514445827196,37.26479578366659],[-6.32324823138158,37.26486445820157],[-6.322576176979309,37.265192378669596],[-6.308549134190179,37.27098228379929],[-6.304767571933223,37.27248502392992],[-6.304380738717315,37.272763337357155],[-6.304284726734762,37.27283241486629],[-6.301176481737374,37.27281103476393],[-6.300400205394276,37.27288628085568],[-6.300171173327951,37.27286965098663],[-6.299889774835339,37.27284921928556],[-6.298681990922996,37.27276151014506],[-6.281071868461827,37.27254301856035],[-6.278757803607041,37.272482723563705],[-6.278223689578195,37.272505799570574],[-6.273945917997999,37.273216361017916],[-6.270817516596575,37.27381677332907],[-6.26508638710459,37.276971070769264],[-6.263145130200754,37.27825075147544],[-6.2614975640490105,37.27933665015577],[-6.257657289336534,37.27950276470291],[-6.25255745503275,37.27972318412566],[-6.252321040453749,37.27969016786784],[-6.251911701111953,37.279702936396866],[-6.251641732224326,37.27976109437867],[-6.25019213863517,37.27982160774901],[-6.249246492373887,37.281735213026735],[-6.245777992844393,37.284099813420795],[-6.245405164650072,37.28435396590687],[-6.2453753416211475,37.28475204019509],[-6.245359061541944,37.28496934150667],[-6.2422360306099245,37.28723525247611],[-6.236962659127612,37.28902280399142],[-6.235547932211303,37.289911467337376],[-6.233003030749777,37.29170268268969],[-6.232861406996316,37.29169630955296],[-6.232614272014647,37.29168518902557],[-6.230714873476661,37.29306212023688],[-6.225240187812486,37.29675890476691],[-6.2233093214311275,37.297900514467685],[-6.221783103471085,37.298507156999065],[-6.214679975777042,37.300887803170866],[-6.211549726278658,37.300904856995416],[-6.211109602111408,37.30090852846784],[-6.210544903142882,37.30091324740581],[-6.201035700519258,37.296005093857964],[-6.200614862877993,37.29590518123886],[-6.1997774023332495,37.29570635609086],[-6.199294796963584,37.29565753938921],[-6.198683316675377,37.295446600124365],[-6.198002548977596,37.29528496095087],[-6.197672741422598,37.29527262372121],[-6.19724657430656,37.29517398708406],[-6.196349503919461,37.29484996596788],[-6.195430435462252,37.29447609243734],[-6.193096205887231,37.29267278378561],[-6.184983858960125,37.293308853786755],[-6.183826020343369,37.29360175039183],[-6.183225484162468,37.2936947011323],[-6.177634661137008,37.29186059229833],[-6.173140813032479,37.290277932528106],[-6.161632832383107,37.28834886871774],[-6.160455362617668,37.288114291784154],[-6.159800552518113,37.28803380999866],[-6.159403176652522,37.28806034729321],[-6.159279846706932,37.288068579087216],[-6.1569823908508035,37.28817852700037],[-6.155958262438861,37.28832795855775],[-6.151247375894759,37.28828416609696],[-6.1254126605180055,37.28839118529427],[-6.123877322952311,37.28825426911614],[-6.122620500083735,37.28840197957965],[-6.120233608418874,37.28841037864844],[-6.101966829171834,37.29101455743661],[-6.101685494402468,37.29105485065266],[-6.099473875506123,37.29137156318086],[-6.097221515086739,37.29175350070471],[-6.0952653750830255,37.29197440240292],[-6.091234821712945,37.292550763783005],[-6.089070625159885,37.292934513504015],[-6.083024863336222,37.29271412019504],[-6.082125494492421,37.29561491152217],[-6.078863516372151,37.296262834810044],[-6.07620827462928,37.300272652849465],[-6.073405829237459,37.30259735693406],[-6.068283942790108,37.303731172868154],[-6.060714159522651,37.3043651861003],[-6.0587611226572,37.3044782675713],[-6.054499313519482,37.305589242417234],[-6.052543700884801,37.30563973648078],[-6.050305931888468,37.30481959143114],[-6.046611263118915,37.3043548878091],[-6.045888509908511,37.30427975009652],[-6.043461006839538,37.30424005665578],[-6.042408632460758,37.30317676046912],[-6.041928109750758,37.30277298692363],[-6.04113459792208,37.302332838763206],[-6.037544119300108,37.3008359378196],[-6.033924369070669,37.297894209314],[-6.033373397887161,37.29772391364652],[-6.03310259005458,37.29764020304648],[-6.032341870063187,37.29706023695489],[-6.0272991253094315,37.29428493809898],[-6.026716768623961,37.2935892763942],[-6.024856242115244,37.28999228610225],[-6.023224737013112,37.287914903716775],[-6.021491031819839,37.28630091845844],[-6.0209076217819915,37.28577695827436],[-6.01386690885519,37.28210545611658],[-6.012748265598454,37.277563183298795],[-6.011825546745239,37.27360722990743],[-6.011685102153932,37.27356171601061],[-6.007122884758024,37.27208567030076],[-6.002082863987374,37.27021363991156],[-5.996289522516872,37.26851225564304],[-5.996243058432329,37.26843173248295],[-5.99618117415549,37.268324594885726],[-5.995744998082895,37.26819640698895]],[[-5.9951536161378165,37.267707738064246],[-5.9943138080079565,37.267109465625154],[-5.994113581343222,37.26706292902551],[-5.981531915788956,37.26214436050849],[-5.9780929084174925,37.259773250338675],[-5.976955588564455,37.258574420750456],[-5.97682845566287,37.25837847319118],[-5.976363023170613,37.25804063702404],[-5.959173493017766,37.254741254821816],[-5.947946108619536,37.25430688178705],[-5.9424573164448695,37.25375610789411],[-5.941470756827939,37.25400820478301],[-5.9411377604836355,37.25540426537067],[-5.932797963101427,37.25497502750789],[-5.923987738199906,37.25678595473517],[-5.920253699479189,37.256474707225145],[-5.914244356772225,37.25300722890626],[-5.912300303253821,37.254058226992626],[-5.908476586892907,37.256228831248485],[-5.883100962123565,37.25287414678489],[-5.877738272575072,37.25444469422935],[-5.876914173825946,37.25512581180095],[-5.8768633108606325,37.25535062843306],[-5.8680941552740125,37.258321897458565],[-5.866976794670268,37.25773716653949],[-5.851504540659667,37.26179215174757],[-5.850406795366221,37.261922560707674],[-5.846463935988038,37.26217452786042],[-5.844868288548661,37.26242768847908],[-5.844593125959085,37.26246910439498],[-5.836594896564218,37.26366511028992],[-5.832303151576836,37.26445390884156],[-5.817569625387585,37.26927651661927],[-5.81645187867593,37.27074370891843],[-5.798796682752234,37.278349842601635],[-5.787117205015508,37.28328152224058],[-5.784503629133747,37.28275953151367],[-5.777439594701856,37.28540210584235],[-5.77643866875011,37.28552032490869],[-5.76614114311486,37.28970160980488],[-5.7479989537694225,37.29762268691106],[-5.74001982961271,37.30163502013281],[-5.738393361955475,37.30286528666838],[-5.735710735654709,37.3056898732374],[-5.7353854039607715,37.30666281943311],[-5.722279853851022,37.312834962876245],[-5.721391278428479,37.312876956704834],[-5.711774649196089,37.3157980740371],[-5.689156717367775,37.32248447685312],[-5.678437230560113,37.323878964148754],[-5.660583254997225,37.33276433594029],[-5.65949623229859,37.33427205521631],[-5.636000199220529,37.34011050895025],[-5.611726955602742,37.3464854820821],[-5.595495560449517,37.350892368525436],[-5.578209841664073,37.35611387822242],[-5.577940385843068,37.3561952508609],[-5.566258959480058,37.359463134042024],[-5.563082170016356,37.36039729171516],[-5.562562012566205,37.36049598612495],[-5.556355539120907,37.362228995279565],[-5.535658982913814,37.368945970717014],[-5.5295684591112835,37.37213414582073],[-5.5219989513456245,37.37390027586258],[-5.500040128386085,37.380044445207176],[-5.499448705889059,37.38026526175232],[-5.4959635368858795,37.382005355754515],[-5.490021457365531,37.384120817963804],[-5.476804410672062,37.38897975695783],[-5.465811695754777,37.39317159225657],[-5.448425065345653,37.398225115738065],[-5.44625968801807,37.39825496056776],[-5.44417421423885,37.39956230622828],[-5.433614179671554,37.403248742099535],[-5.425105247155897,37.40508140620483],[-5.411396551907006,37.40893775671012],[-5.404502506653382,37.4128696339146],[-5.39827249485423,37.41620869767866],[-5.3859462895794,37.42050947534757],[-5.3829528729038545,37.424780225672194],[-5.380277181934854,37.424890424733164],[-5.375697435962265,37.42575116618446],[-5.373664092225847,37.42660477207245],[-5.371129963956125,37.42890394885318],[-5.369908141415745,37.42916519581109],[-5.3684842838462545,37.42933970371334],[-5.366529632307015,37.429014950156414],[-5.361893861765104,37.429192933726384],[-5.357180537776806,37.429927394922665],[-5.355152904992587,37.429554731917946],[-5.353610373707183,37.42905882622258],[-5.352831849873798,37.42934714009703],[-5.351448083671083,37.429772280412315],[-5.348653301341411,37.43100256538373],[-5.346732945380924,37.43172975270003],[-5.346472242014926,37.43191153324552],[-5.343682745749059,37.433036781880304],[-5.327328104845977,37.43847067737971],[-5.310455644078146,37.448959408563276],[-5.310403808693352,37.44956868136987],[-5.310353869712873,37.45015543052657],[-5.310272368770982,37.45111075341185],[-5.305147428160258,37.45517366756842],[-5.295923042324346,37.462269713730144],[-5.284899863994743,37.471131486745776],[-5.2806261513921875,37.47442720977393],[-5.269707112386354,37.47938390103999],[-5.264838999309083,37.480766242556115],[-5.261068405236607,37.4832299173369],[-5.246471446536242,37.49300304497603],[-5.242043506920747,37.49429979412628],[-5.2301551133304445,37.50063008698252],[-5.216561577906772,37.508358550709296],[-5.215234853550899,37.50836220262267],[-5.213231472783379,37.50950340208995],[-5.209861893252376,37.51378165112906],[-5.205661625705432,37.51744882824223],[-5.194444264275852,37.519645981458424],[-5.18880594903944,37.52197112586967],[-5.188654882276466,37.52417763997758],[-5.180753959373122,37.53273593330098],[-5.159368996847923,37.54133627496448],[-5.1501433762342606,37.54492918947358],[-5.142483259857687,37.548296308212734],[-5.125762461496635,37.55533694171724],[-5.116730916207609,37.55863864330908],[-5.115206691795606,37.56043083812959],[-5.114958564971804,37.56072264770524],[-5.113403183293632,37.56255140728331],[-5.108104248294857,37.5645098450283],[-5.104339900797999,37.56670237185435],[-5.100554323821286,37.56811017180627],[-5.093457624789258,37.57188911797032],[-5.089474896631504,37.57557549665874],[-5.082167952332068,37.57729012973058],[-5.0811237856830775,37.577932957909375],[-5.079657633985552,37.578358804164566],[-5.07744401528678,37.57961594490575],[-5.074223792953133,37.58051943509345],[-5.07042520768934,37.582469326435024],[-5.06327717227237,37.58320463523433],[-5.057206141347088,37.58285365995948],[-5.04828684250853,37.582697251548176],[-5.044508035026262,37.58334342961518],[-5.040123954869486,37.583233187568986],[-5.0344817510161795,37.58530086008382],[-5.030474141897479,37.584565436190395],[-5.0233716483730975,37.5874221588147],[-5.0139703404865825,37.59139086185665],[-5.005212920271288,37.5943785486795],[-4.99669041193461,37.59790349703789],[-4.990282366735658,37.60080192206763],[-4.984630863979711,37.60357540623948],[-4.974627984094268,37.60878810761075],[-4.9720266539278155,37.6102341769089],[-4.970019745461369,37.610306215073464],[-4.9697339279901955,37.61031647469492],[-4.968144160687092,37.61037350500406],[-4.966266417847073,37.60955815579884],[-4.963008168907139,37.60761860413145],[-4.9599065875086366,37.60747650241684],[-4.956117823763673,37.60753108240961],[-4.951068706644716,37.61075827559678],[-4.9437779288725965,37.61196092907099],[-4.933639681348888,37.617763110898444],[-4.931201702738726,37.62029518942826],[-4.91328439579079,37.62962315559328],[-4.90580824292683,37.63392485035743],[-4.8998304030701005,37.63880625322702],[-4.891583524641194,37.6434620385378],[-4.886871655093013,37.64542927973065],[-4.8838344323770135,37.64645978232758],[-4.883475858433231,37.64713854477336],[-4.883293536312012,37.64748367434283],[-4.8829844528188655,37.64806872158776],[-4.876757426788574,37.65067407769096],[-4.86981583058755,37.65270579903999],[-4.865770065182525,37.65315679272677],[-4.862785029413908,37.654667813731656],[-4.857576811259785,37.655830482174444],[-4.844572221499857,37.658144405643675],[-4.841726535379481,37.658891143617],[-4.839001079894436,37.66021185524503],[-4.834242562246165,37.66164266688087],[-4.8300758151404475,37.66337169598191],[-4.829650066171019,37.66344706424397],[-4.82864465853367,37.6639208532585],[-4.828349121856281,37.664185364487956],[-4.823610263291995,37.66641547028529],[-4.8208922487599475,37.66725221818777],[-4.810231613086143,37.66930527432411],[-4.796948292453924,37.67270635581948],[-4.793106558367388,37.67391226829976],[-4.7892304214407435,37.67702537993833],[-4.783914602332073,37.67891853173599],[-4.782102687861953,37.6796445069448],[-4.781578553287881,37.679784021809226],[-4.780364991095811,37.68034692969923],[-4.77807604383347,37.68484718352015],[-4.772385743160473,37.6888489167127],[-4.765075525977281,37.69971346490851],[-4.763609267155542,37.70206697869968],[-4.762520723469244,37.70234795186027],[-4.761317745199975,37.70376089430837],[-4.7608531459877055,37.70454966295801],[-4.759940239948842,37.70539832047064],[-4.757865963971265,37.70787657158675],[-4.752012828432547,37.71165720609956],[-4.7504883553752375,37.71627089132941],[-4.740828357756305,37.71827160112293],[-4.740823709769467,37.71838669316553],[-4.740808652737891,37.71875949946309],[-4.74057928825764,37.72443961874175],[-4.734350768719185,37.73466476912816],[-4.7222303097729394,37.746235664751],[-4.721265972692732,37.74835628656193],[-4.721205822222397,37.75164680921758],[-4.717107188832148,37.75716521092021],[-4.713338969180184,37.75910512258639],[-4.712118167476699,37.76432215893438],[-4.707052524935419,37.770522314663815],[-4.70289127962324,37.77276036020756],[-4.699058768195404,37.774438379042806],[-4.692900568821563,37.78088173396516],[-4.693456115484192,37.784107534090275],[-4.69194872820869,37.78557990874137],[-4.691599067725354,37.78611955213302],[-4.6896333024402574,37.78990036699582],[-4.689652199636754,37.79169796877888],[-4.681535745723803,37.801857927638956],[-4.676352050947135,37.80951766936286],[-4.672494125471631,37.81384258709544],[-4.672809616243778,37.81686839502748],[-4.670053477057928,37.820425497717444],[-4.667830197856591,37.82352672584376],[-4.665134461448867,37.82655753815323],[-4.664402184343828,37.82888581201062],[-4.66304275814149,37.83117553331696],[-4.664337528614961,37.83456030964305],[-4.662422004597546,37.84000738964178],[-4.660516966694187,37.843632091066794],[-4.657470359231289,37.84766351031881],[-4.651201090213086,37.85266658009457],[-4.648182462374609,37.85584058168925],[-4.640859284175571,37.860316652657204],[-4.6391272774983765,37.86243762339096],[-4.63803080261141,37.866386032027485],[-4.637844736955079,37.86782310357502],[-4.636700522310889,37.86911767529707],[-4.636579974187461,37.86925405609955],[-4.635829569475607,37.870103037410615],[-4.635510691563436,37.87102535496065],[-4.635373550615559,37.871300156426756],[-4.635436412869313,37.87170258630662],[-4.635981846626356,37.8734272370389],[-4.637107884065614,37.875530326546034],[-4.637214236402274,37.87751780194592],[-4.634073527218765,37.88078646284533],[-4.633255321562359,37.88213374780633],[-4.631918952515258,37.884334144820805],[-4.632524848325638,37.88663746833006],[-4.629268973987896,37.89027616700669],[-4.628884645453239,37.89122830896933],[-4.626793954720095,37.89375806508998],[-4.6182130184107715,37.89658777551145],[-4.616664961641704,37.897684758939484],[-4.614468546185309,37.89788604032845],[-4.612168513471645,37.89821571533801],[-4.611575902890147,37.89792371532398],[-4.605263585637976,37.8973603384793],[-4.602885596752497,37.89793124079388],[-4.600181483445488,37.89655336781056],[-4.5954282194960285,37.89769864213601],[-4.593240706592931,37.899006712423464],[-4.592535424268201,37.90009276704838],[-4.590042955130579,37.90333062378559],[-4.5878544359863564,37.90514027095487],[-4.586884143971204,37.905703888982],[-4.586384712277979,37.90620668525198],[-4.584541721897316,37.90646170369312],[-4.5840151649456615,37.907696859753614],[-4.583111990995527,37.90796436822711],[-4.579978767325517,37.910837822232914],[-4.577870395159539,37.913714828012225],[-4.576787452736372,37.914105613763496]],[[-4.576755089150855,37.91476493581694],[-4.5765454352941415,37.91440134534131],[-4.576396135192362,37.91414240673472],[-4.576286516474404,37.91409045916375],[-4.56981218556687,37.91471742535971],[-4.563506742035855,37.91571385129074],[-4.558878176744566,37.916152854745015],[-4.547870179936966,37.913423333017704],[-4.54568735819462,37.91265451542786],[-4.540639739886869,37.91368264436635],[-4.536295502708307,37.91377557514568],[-4.532496562411737,37.914257388534104],[-4.530705647473542,37.91458700497358],[-4.522978523856157,37.915597765669595],[-4.518253378345947,37.915334559364226],[-4.513040758828101,37.915590846478345],[-4.5087096099751225,37.91545687058415],[-4.5044500354905335,37.91557071150428],[-4.501470151774876,37.91588221323713],[-4.499508775326958,37.91568699937427],[-4.493741896323331,37.91467651922125],[-4.492128359427832,37.91479621607087],[-4.486501712178042,37.91546783872146],[-4.484337325404933,37.913530810840996],[-4.472976257531568,37.911466419424976],[-4.469625991784844,37.91157653880735],[-4.4646114280682685,37.910778536035295],[-4.453866320639384,37.91838877356658],[-4.451270011545071,37.920508323924324],[-4.448082094395349,37.920681585036924],[-4.445887442237086,37.92016856299427],[-4.439530026570005,37.92071208552661],[-4.4365304135852695,37.92104528569448],[-4.431473172461389,37.92311687604183],[-4.430173063336371,37.92433070996234],[-4.4292146003067225,37.9253976446951],[-4.42611098318911,37.92619387758073],[-4.4236714122685346,37.9276162211961],[-4.42284635654524,37.92741861666419],[-4.42160382088609,37.92725409443988],[-4.420728733762355,37.92662702069531],[-4.41609537400404,37.92588377339884],[-4.415563659665715,37.92571416742241],[-4.41435895377086,37.925622734546614],[-4.413393444286808,37.92560469899985],[-4.413107613328187,37.92559903684349],[-4.411423906255196,37.925567685121884],[-4.40930464202979,37.925412631900414],[-4.408340569432682,37.92614527139693],[-4.405923512529369,37.92768837675901],[-4.403113235390455,37.92829878525915],[-4.400599118367927,37.92831056547674],[-4.398192942035178,37.92862759961919],[-4.394579299420069,37.928265127030514],[-4.388546323090887,37.9275431970625],[-4.384542481430589,37.92878888760135],[-4.381910652440161,37.92982017316273],[-4.376969616830004,37.92802471258752],[-4.372341124894713,37.92609325052865],[-4.369327578473677,37.92498297109803],[-4.366173832116164,37.9235867922293],[-4.363923302107053,37.92190093441929],[-4.362864189060772,37.9193807162866],[-4.361706916274196,37.918943039067656],[-4.359873355396808,37.91759470239964],[-4.357068119807739,37.916590972554935],[-4.354984676026209,37.91610525561048],[-4.351981507491982,37.91730889387926],[-4.350739309266992,37.91789895365919],[-4.347914850276286,37.918152182142556],[-4.34443902888083,37.918291395769764],[-4.342053909209992,37.91753470989585],[-4.340528544770359,37.91718282374733],[-4.33889143649938,37.916985497842845],[-4.337870804892229,37.91632137764165],[-4.336135856637382,37.915647972505994],[-4.334447620527037,37.915216076178865],[-4.333081566160005,37.91558602692307],[-4.33088501828797,37.916934302755394],[-4.3284000086416485,37.91673678789487],[-4.327569961786754,37.916298440614916],[-4.322936147495647,37.91600770471833],[-4.32151651144207,37.915333584909106],[-4.320030645740293,37.914869405167295],[-4.317718033811784,37.91519510883653],[-4.316610839885018,37.91513559443336],[-4.314477655852102,37.91435592672516],[-4.313110047653062,37.91454286567224],[-4.310598879382765,37.916598297010616],[-4.304676353209364,37.91747565375335],[-4.299236463258904,37.91688607577391],[-4.295480956451473,37.916171557994126],[-4.291932309795252,37.915342914256684],[-4.289091646862731,37.91621190067868],[-4.285600569360006,37.91567328466825],[-4.282751697542659,37.91574031684914],[-4.277824901113311,37.91842381192319],[-4.275380241612122,37.918893047191276],[-4.274916219076012,37.91948563013492],[-4.273710287400422,37.91965128092103],[-4.268533527587366,37.919632683241],[-4.26229631124952,37.92082633949723],[-4.260397468128602,37.92154059603261],[-4.2589910311092565,37.92245688968488],[-4.254885165947457,37.92319461111398],[-4.251080829133528,37.9236136218906],[-4.244462591859382,37.925170757071214],[-4.242889028890062,37.92632287849373],[-4.242392192354403,37.926553397779635],[-4.23955285551888,37.927529914880886],[-4.237536953157184,37.928108930869875],[-4.233265666526858,37.92783026669001],[-4.228193841493156,37.926630388511825],[-4.226553201313134,37.92593505595244],[-4.225219529870311,37.92565214385001],[-4.221595557221672,37.92048058378366],[-4.219255703065257,37.91726930711792],[-4.215993384392655,37.91605037816588],[-4.209619593156748,37.91557515233153],[-4.206642696782341,37.91612625918108],[-4.204188142678212,37.916222676556856],[-4.199180428380308,37.91598103073288],[-4.194403466170388,37.917180139950084],[-4.1941834668044295,37.91725184017176],[-4.187832333762466,37.91931917833755],[-4.18369071962703,37.92135032806745],[-4.182044638310333,37.921643532314725],[-4.175415239717436,37.92563231137574],[-4.171314688059578,37.92818594046429],[-4.168886740616977,37.92825022000999],[-4.164687379610807,37.93124459133221],[-4.16261901464187,37.931320407373256],[-4.161159888863992,37.931522664398784],[-4.160824446772723,37.93151048856712],[-4.159792283475417,37.93165883134173],[-4.159196678882733,37.93183443940632],[-4.15803969224675,37.93190145084477],[-4.157716435734432,37.93272047084408],[-4.156092355628858,37.935179165824024],[-4.1538336310589,37.93524485432274],[-4.146403894498943,37.94048480394213],[-4.138070733599467,37.94331023961267],[-4.133625936607489,37.94444028726805],[-4.1292573066174,37.94624543130411],[-4.127334910916369,37.94611743856245],[-4.125021435987014,37.94711320239476],[-4.12335694625225,37.947893234202155],[-4.116060230654793,37.950628065643464],[-4.113604996218913,37.95239093475198],[-4.110576012588454,37.95528376803209],[-4.1092519010366315,37.95628519676778],[-4.107489760459936,37.956839881289525],[-4.107015536874559,37.9569454357208],[-4.104831632392628,37.95806501363911],[-4.102715823888321,37.96003866077882],[-4.101205770619817,37.961324609217854],[-4.095854068597192,37.96306808905197],[-4.093858773855655,37.96444115048732],[-4.09181303662411,37.96661456035804],[-4.090078294320085,37.96778637837653],[-4.087495136177529,37.96875691291652],[-4.086943405545128,37.9688316303102],[-4.085386904787541,37.96937489420222],[-4.08124502635564,37.97089723325363],[-4.078924580470336,37.971969792754905],[-4.078705512662185,37.9740235565957],[-4.074425064114271,37.97552344033707],[-4.0725374309610025,37.97622815923826],[-4.07231137341146,37.97625203825364],[-4.070688339169951,37.97740992755513],[-4.067996328455014,37.97922788706775],[-4.066175922748112,37.980836697354164],[-4.065498032969502,37.981146252356986],[-4.059007948090836,37.98263864030951],[-4.0589797501421545,37.98403363586988],[-4.058224401663872,37.98549258182491],[-4.0574691618470204,37.98574503341108],[-4.057279418441523,37.9858681998252],[-4.053585446678636,37.98737854330017],[-4.050634847986484,37.98804693683725],[-4.049502062344506,37.98895703432644],[-4.047547159445604,37.98997841928881],[-4.045930106389133,37.990484470868296],[-4.044763912342493,37.99167556057372],[-4.044296302333753,37.99222993442885],[-4.041731474105778,37.99484488383184],[-4.037640349251902,37.99764801479218],[-4.035560021068216,37.99922687517253],[-4.03409646183338,37.999972445326435],[-4.033402105587628,38.0005885662985],[-4.033036006691518,38.00084146286223],[-4.029946296244218,38.00211865348005],[-4.0295038264257945,38.00230192890264],[-4.029269610834439,38.00239834815797],[-4.025686122194866,38.00248531571899],[-4.023936727941983,38.002891487024165],[-4.018632982724402,38.00321636479412],[-4.012978146064044,38.006352472888366],[-4.011693558963214,38.00692465264447],[-4.009537811059946,38.006734481279814],[-4.008488749019805,38.00674103447185],[-4.006675520670868,38.00776927038026],[-4.002054961910891,38.00895484045131],[-4.000472551479018,38.00893540890466],[-3.996933881830623,38.011328003461834],[-3.993397344357851,38.01176375621096],[-3.992903566067957,38.0121979386606],[-3.9918632289937,38.01349961341979],[-3.990952820253304,38.01485943265349],[-3.9904222604428785,38.01522607678001],[-3.9866797864523833,38.01970765907451],[-3.9858369830412754,38.020939064838274],[-3.983596566890181,38.02155727407643],[-3.9794629173967904,38.02305436225177],[-3.9786297183447257,38.02419212324829],[-3.9764439475301865,38.02528742349092],[-3.9737809083504865,38.03035621421763],[-3.972241124693265,38.03106935530665],[-3.9718096744282483,38.032237417074384],[-3.969642888920532,38.03488501080884],[-3.9679983287335077,38.03594805119059],[-3.964427735445386,38.03926436273005],[-3.962712502150609,38.04022842788611],[-3.9602244729200415,38.04178897182832],[-3.9592257797688264,38.04231346371303],[-3.9580484247553245,38.04303898319259],[-3.958241849579849,38.04416064537712],[-3.9584493545081996,38.04689794378855],[-3.9525558739404514,38.050567385519265],[-3.951505305637468,38.05145886894042],[-3.9500917681261707,38.05279002085638],[-3.947100393083261,38.054247941338176],[-3.944987092953927,38.05660661649424],[-3.9442088973734477,38.05803127874217],[-3.941452475958175,38.06029075832546],[-3.940464391322932,38.06161401731542],[-3.934446120726888,38.06350555769692],[-3.9326716272642512,38.064440294828366],[-3.9306031899673153,38.065744850328436],[-3.930001746568547,38.06629475395132],[-3.929027912428182,38.06735206253309],[-3.9267728583625408,38.06858423927493],[-3.9194245114117376,38.075034492014964],[-3.9122593168956086,38.07929120074536],[-3.909163239608635,38.080288936525],[-3.9082095680840494,38.08112814751776],[-3.9068911703212184,38.08330657921906],[-3.9042090986434825,38.08377090479972],[-3.901937173912507,38.08520482286314],[-3.900152775068259,38.08620892026478],[-3.89919337762368,38.08665839391264],[-3.897887727608841,38.08703970063576],[-3.8971203127100074,38.08718876576174],[-3.89662941525046,38.08720747845438],[-3.894681431156787,38.08772022690644],[-3.8937819614362,38.08897481606072],[-3.892004383703201,38.09433323866844],[-3.8881424496630634,38.097177080588146],[-3.8866603081529827,38.09783801844312],[-3.88522766227779,38.097901290964046],[-3.8829689408266232,38.09848939193139],[-3.8770114997785807,38.101240307851896],[-3.873524735722393,38.10197792943167],[-3.8715602783928267,38.103102805673984],[-3.8705343317600676,38.10378399654338],[-3.867015619917483,38.1052039422884],[-3.864519028232634,38.10645718396482],[-3.86137194594755,38.10882349317933],[-3.858782157182374,38.11045882901152],[-3.8544315924219537,38.113103081726166],[-3.8539146691256927,38.1139904731922],[-3.852645353381809,38.11428975909853],[-3.851716949908044,38.114563003737025],[-3.84907541981698,38.11498623510482],[-3.8475861989172,38.11583097422611],[-3.844969402894313,38.116113828755914],[-3.8429114416841377,38.1161323023741],[-3.8399178006836316,38.117486749759564],[-3.8330417668756813,38.11910880807715],[-3.827893662805961,38.11774832602155],[-3.825668945895199,38.11776359837482],[-3.8221407468860873,38.11830653720419],[-3.8212956877688247,38.118647418200474],[-3.8193153356220715,38.118997029336875],[-3.8177901172074185,38.119854764987956],[-3.8151999621427968,38.120952391098506],[-3.8146840158604816,38.12130442455793],[-3.8126416099736793,38.12207410900347],[-3.811707628185796,38.12205531721101],[-3.810157269757083,38.122633047040495],[-3.8099778512401956,38.12278423216589],[-3.807200110744303,38.12402106326494],[-3.8025534063617727,38.12684675404124],[-3.79938216383143,38.12898638668025],[-3.7972417964355656,38.13147906736122],[-3.792943374833946,38.13700590864673],[-3.786645214545003,38.14326926327858],[-3.7812877853077413,38.14889386904185],[-3.776394792130254,38.1554162088566],[-3.773815182925552,38.155834893646876],[-3.7735572371360018,38.155876759375964],[-3.7724947960838255,38.1560499622653],[-3.771778401885661,38.156713918028785],[-3.7699464929974815,38.1573975289696],[-3.768336082943562,38.158062485751685],[-3.7674783567860333,38.158472278567956],[-3.7663247544046907,38.15924045426373],[-3.7642476887788385,38.16032503217574],[-3.7630049597586974,38.16118795354162],[-3.7619306385787343,38.162071786613616],[-3.761363946367141,38.162431395646976],[-3.7598157534205314,38.163690878489774],[-3.7570656625093055,38.1660776032453],[-3.7553554680845402,38.16717081002012],[-3.752855024308099,38.168664871441095],[-3.747322189633682,38.17222404640176],[-3.745212053982556,38.17315735115536],[-3.744992003911488,38.173890590912016],[-3.737359333454803,38.17706421156696],[-3.7349240171855445,38.1776616748637],[-3.730876324014209,38.178868261490074],[-3.7236607568935716,38.18084014257674],[-3.7210593362073094,38.18053431380794],[-3.7137119639117016,38.182222898057866],[-3.7132461492611335,38.18260771760069],[-3.7100288622267725,38.18453747935037],[-3.7089528499459714,38.185695960394206],[-3.7058022108284847,38.18629478213051],[-3.702373339864146,38.18746287359675],[-3.7016224710945425,38.18814283044828],[-3.701198119459773,38.18875046598685],[-3.7004018841908346,38.1893721143692],[-3.699857212314982,38.189875737850215],[-3.6960891189196112,38.19270836719528],[-3.695212829876184,38.193110551298574],[-3.693597509429741,38.19428571665495],[-3.693431248742038,38.19453296142481],[-3.690996058654265,38.19646677759878],[-3.6827433109156966,38.202928379456495],[-3.682536949754164,38.203022369297386],[-3.6816269186357546,38.20372115601898],[-3.6803660146863657,38.20478242808453],[-3.67409937260433,38.206277089243265],[-3.6700849067736385,38.20986714064304],[-3.666036573546079,38.213235792844294],[-3.6638069782410008,38.21490997077379],[-3.6635816168565674,38.21503008955544],[-3.66226605881917,38.21608445465702],[-3.6596028983844304,38.21799094653648],[-3.657491946166783,38.2197062537772],[-3.655367211997088,38.22158353564637],[-3.6551852065607253,38.221676863997835],[-3.6529900998584632,38.22350873909865],[-3.6491380210604585,38.226553666433055],[-3.646973491387878,38.231926081757734],[-3.6416571619957394,38.23649946532642],[-3.639515556896487,38.238412787636015],[-3.636428487174719,38.23899379568366],[-3.6330130267084484,38.237967683604055],[-3.630668417268529,38.23832399697254],[-3.629215678593064,38.23863494260446],[-3.628348515530222,38.23935857306955],[-3.626118111580878,38.23972606220282],[-3.625158085616286,38.240522217937794],[-3.6231267916471896,38.241840946374225],[-3.620994373375463,38.24224020090396],[-3.61793563563999,38.24355305451726],[-3.613104798250482,38.24574499013375],[-3.6054659691854125,38.248981821046954],[-3.604770679101684,38.249214316653394],[-3.5996099241230257,38.25138577426177],[-3.599424686328,38.25163368554134],[-3.5992477165432013,38.25157046511883],[-3.5992132420443625,38.25164502863069],[-3.5993868106283973,38.25170609425609],[-3.5992769148662456,38.251900303447314],[-3.5988038883128084,38.25204313735308],[-3.5984951879014604,38.25199969502248],[-3.598249369851153,38.25196509348935],[-3.5981260139120597,38.25201068472985],[-3.594771281958605,38.2534099057811],[-3.5905010271945095,38.2555865723446],[-3.5876556654151024,38.25662612995195],[-3.584851390773418,38.25880036924715],[-3.5833889800365175,38.260247157656984],[-3.5743575361001496,38.26416053626515],[-3.5679308737924607,38.26793289753721],[-3.5622939181186055,38.27138234648457],[-3.5615331144066884,38.27265241010866],[-3.559700714498647,38.27491407960362],[-3.5588584143280224,38.275296401557156],[-3.552986905204732,38.27674460242717],[-3.549604123310667,38.27821522216208],[-3.547505279974283,38.27866191404481],[-3.5443084900752932,38.27968020344604],[-3.5408670227634618,38.281150103835756],[-3.5377907680726346,38.28337704586576],[-3.535254550613676,38.28437444326264],[-3.5347100848607993,38.28429790228024],[-3.533403244836927,38.284500754358625],[-3.530764220560565,38.28464667498647],[-3.5284911120646076,38.28445654972694],[-3.5275348896421033,38.28446374958226],[-3.524318271070808,38.28611963035709],[-3.522024308085003,38.28531833706021],[-3.5184184608127658,38.28548371946729],[-3.515999171068667,38.28539709031893],[-3.5121457563715173,38.28464393502828],[-3.510206969928622,38.28459284295801],[-3.505885519830686,38.28470444643038],[-3.5016542752325446,38.28585010573049],[-3.4954577399339914,38.28680511370533],[-3.4922424568613333,38.28948516710992],[-3.4912377154516165,38.292117364630705],[-3.48945787501607,38.295902173342085],[-3.488964790929806,38.29759098643642],[-3.484306300809789,38.29814892150282],[-3.4799385086361267,38.29813700498493],[-3.4773777848634624,38.298534139194906],[-3.476163486878487,38.29886764778592],[-3.471853063945308,38.29906490597642],[-3.4695037788412866,38.30008376317324],[-3.467997158229118,38.30054944787607],[-3.4643665422566716,38.3015192606376],[-3.4631471672221656,38.30220002639991],[-3.4598568113273456,38.302744769142535],[-3.4574901482503324,38.30287118628757],[-3.4547327309215943,38.30269267544366],[-3.4511280919806615,38.30302253492936],[-3.4490854466054657,38.303476037327485],[-3.4473702995567312,38.30422006965265],[-3.4415725153942462,38.30627268946128],[-3.4351066263682712,38.30744835312147],[-3.4316922471090474,38.307840078848926],[-3.429328577794272,38.30828462016355],[-3.4246759196129677,38.30876693464332],[-3.4196901786830747,38.30801144342986],[-3.418005932132102,38.30790560360408],[-3.4147651535031143,38.30851056823428],[-3.4140414706386006,38.308286990830624],[-3.411263845020943,38.31146888380319],[-3.4107050750405925,38.311611871277364],[-3.410011646729976,38.31162583781305],[-3.409324505374248,38.311577503488785],[-3.408211766630108,38.311697371259385],[-3.4074475201017513,38.31205511974257],[-3.4063343593617645,38.31289939282426],[-3.4046046706858455,38.31370837829193],[-3.4035822473059976,38.31405981608029],[-3.401571035254516,38.314401000815174],[-3.400796883471203,38.31465311456088],[-3.3997471406592674,38.31573584542462],[-3.3978894903309045,38.31615908817643],[-3.396762332311739,38.316188782068274],[-3.39593697937158,38.31639499262107],[-3.394851291048134,38.31704529952602],[-3.3938477037148544,38.3175679672147],[-3.392789158097748,38.318084149241436],[-3.3910649878663226,38.3187783798722],[-3.385503564908251,38.319640400063705],[-3.3826466725571733,38.32066556266806],[-3.3783108396861268,38.32307225802478],[-3.375603271482607,38.3238311566433],[-3.3742685405613493,38.32397711595975],[-3.373476192832786,38.324146156920776],[-3.3731620298765574,38.324387351894245],[-3.372065094339564,38.32469030924935],[-3.370033780498724,38.32559896533654],[-3.368346669196085,38.326005170764944],[-3.368246583709228,38.32606787686248],[-3.3678704826954267,38.326303491876345],[-3.3677570407399844,38.32637456704502],[-3.3675979892969776,38.32769452404479],[-3.366907203426028,38.32916442968981],[-3.36685381474768,38.32975704971689],[-3.366160582023309,38.33073952664165],[-3.3654212862232997,38.33201536811704],[-3.36474416824135,38.33236607811434],[-3.3639419723556485,38.33288194282222],[-3.362673306211316,38.33360441774893],[-3.362085489184944,38.333847417933974],[-3.359964965284834,38.33437710603238],[-3.35847197181529,38.33443907850489],[-3.355652751445066,38.335955684169114],[-3.3531623686136034,38.33834315810731],[-3.3555366049490387,38.342302967333325],[-3.356834084765956,38.343161828453574],[-3.357516360484804,38.34383652508591],[-3.3578897301148256,38.34388421709852],[-3.362461904711831,38.3466841148945],[-3.363149164777898,38.347225759140144],[-3.3648901380213827,38.34820477878881],[-3.3645977324528284,38.34904702038113],[-3.3658981070068577,38.349322918363264],[-3.3663271254834237,38.34964975494796],[-3.365789726159558,38.35246804184454],[-3.3656546882119027,38.35471872346043],[-3.365173522582035,38.356065834883076],[-3.3638730395622067,38.356958345416885],[-3.360876593614663,38.35828111025533],[-3.3585084547118838,38.35919716718108],[-3.358110811944587,38.359277940524734],[-3.3565362628430155,38.35979469810741],[-3.3561251269578407,38.360492784420416],[-3.3552911297800967,38.360825347352964],[-3.3521397251774068,38.36089730710555],[-3.3512872703968757,38.360858177889064],[-3.3489411149603523,38.36090548020998],[-3.348357109984087,38.3610705150365],[-3.3471526150264306,38.361258832451],[-3.3459975419075114,38.36136840372213],[-3.3424874304708116,38.36150478620144],[-3.3416369537051467,38.36167794564429],[-3.3396362617944,38.36388149859801],[-3.3389960924111866,38.36691503255431],[-3.337195548941582,38.369221561119524],[-3.336122650159398,38.370074680669816],[-3.336024283202668,38.37374966054731],[-3.3351596630451983,38.37683626220934],[-3.3341802014613284,38.37746782810283],[-3.3330539538859982,38.378538646206344],[-3.331565783144962,38.37974848705928],[-3.329365115162746,38.38088867163146],[-3.329658553796032,38.38273832623483],[-3.3286324732180623,38.386254860726986],[-3.3288962126313373,38.38796464665673],[-3.327622072647834,38.39216186457168],[-3.327438766924351,38.393646420455774],[-3.326568952367551,38.395708417337765],[-3.3283090066528844,38.39700650185776],[-3.329274869774365,38.39797730890853],[-3.3305142799035594,38.40038170676895],[-3.3307070026229684,38.40287391856461],[-3.335288147514482,38.40582909800636],[-3.3389592056503004,38.407677241576074],[-3.340964589670723,38.407956332010414],[-3.345075143598982,38.409290446082174],[-3.3480950155558307,38.40894616344159],[-3.3490344575543163,38.40914880892854],[-3.3553220286184438,38.41263306378497],[-3.3560701462718914,38.412547524756114],[-3.3567932759063814,38.41259877240409],[-3.3578113651888577,38.413024647834675],[-3.35867067122867,38.41315966970367],[-3.3595135885784786,38.41430005507423],[-3.359701063150092,38.41513097381801],[-3.361229636546995,38.41550108111963],[-3.3637713432346974,38.41857450494689],[-3.3642530964059034,38.41987823865457],[-3.366112177699728,38.42122775441624],[-3.367001896923056,38.421694494515656],[-3.370920501842127,38.42316274027607],[-3.3743683260534154,38.42537133641606],[-3.3771734789929573,38.42595504522627],[-3.379817387422488,38.42839804179438],[-3.380614692214748,38.428895761538925],[-3.381761673070903,38.42931274389439],[-3.3820006165241265,38.42939961061347],[-3.3852375779116857,38.430576296896255],[-3.385969399136241,38.43073805966],[-3.388517607938339,38.431765630272935],[-3.3903749654810906,38.43244476295999],[-3.392111468788647,38.43337428586727],[-3.3927299033000997,38.433521126788634],[-3.3943848689592824,38.43426425570729],[-3.3949043031476256,38.43455290824343],[-3.3971286799462623,38.435608920389114],[-3.3976554880864707,38.43579467077898],[-3.3981120086170833,38.436060731251324],[-3.3984523437673677,38.43657836996018],[-3.3987013715847594,38.43725857344493],[-3.3994138743011195,38.437633868304786],[-3.399731269927605,38.438104854097595],[-3.4011177264400962,38.43924899350728],[-3.402560743822203,38.440011695391775]]]},"properties":{"id_dera":11010800000240,"codigo":249,"nombre":"Huelva - Sevilla - Villafranca de Cordoba - Santa Cruz de Mudela","uso":"Transporte"}},{"type":"Feature","geometry":{"bbox":[-6.147816955669235,37.253036183325264,-5.8509412631628654,37.47607503879682],"type":"MultiLineString","coordinates":[[[-6.137564660715043,37.34943308693633],[-6.137534179571672,37.34944481666531],[-6.137434269045,37.34972299517277],[-6.13737062677088,37.3498246450299],[-6.136880170547984,37.35009280917581],[-6.136837908599139,37.35011408699445],[-6.136797610294227,37.3503665260716],[-6.136865597445119,37.350373236218445],[-6.136979961087991,37.35055555150114],[-6.137060814165475,37.350684451113956],[-6.137019838332751,37.35090570555047],[-6.137048812491678,37.35090790983253],[-6.1373865396580545,37.35093362500613],[-6.137451326814659,37.350938554624726],[-6.13742505174978,37.35116235624929],[-6.137414658053293,37.351378870393674],[-6.1374172357285985,37.351606294029935],[-6.137432853367557,37.35182838877214],[-6.137453097808279,37.352022284574204],[-6.137456247314073,37.35203936557997],[-6.137478746114547,37.35216165974029],[-6.137581420160785,37.35256719045924],[-6.137698847351249,37.3528860286986],[-6.137848945915148,37.35319200658361],[-6.137943593786358,37.353320304913666],[-6.137984433936061,37.35337566096958],[-6.138181864190706,37.353643250098955],[-6.138382956323477,37.35391579638925],[-6.138728338296136,37.35437452813319],[-6.139027664577609,37.35476698603072],[-6.1392594819770805,37.35505566287769],[-6.139847335251033,37.3558240485998],[-6.140272269041141,37.356379468474806],[-6.1402980476298055,37.356384838351595],[-6.140520829281775,37.356688286184315],[-6.1406280687090335,37.356834367188604],[-6.140767260122064,37.35702393848781],[-6.1407484209853305,37.3570823843513],[-6.141080773635152,37.357515685352126],[-6.141189712138192,37.357656710905964],[-6.141317672645127,37.3578226757332],[-6.1413680120478915,37.35787373235585],[-6.141425855894642,37.35792366139856],[-6.141470778821666,37.35795608453256],[-6.141516569774616,37.35798361000853],[-6.141570810940177,37.35801509158755],[-6.141663011970108,37.35805007809847],[-6.141718868352929,37.358066433449906],[-6.141893376771164,37.358114080432735],[-6.142046808581803,37.35815598036814],[-6.142135440228642,37.35812625044529],[-6.142147764581006,37.358130265696204],[-6.14228511850417,37.35817503461641],[-6.142391972397578,37.35821193753876],[-6.142449733913993,37.35823850458744],[-6.14250126253911,37.3582663726548],[-6.142572838853813,37.358308322233626],[-6.1426378823034655,37.35835574354998],[-6.142742257032112,37.358438709562],[-6.14274006289717,37.35847565600582],[-6.142931200881128,37.35864339868168],[-6.142995750090494,37.3587000594609],[-6.143139461393251,37.358794061626114],[-6.14325725977332,37.35887111076049],[-6.143436931731768,37.35890421061384],[-6.143573059677667,37.35892929611007],[-6.143912417363747,37.358991800486635],[-6.144292320847645,37.35894347083506],[-6.145198955449712,37.358827852827446],[-6.145233035513618,37.35879899586915],[-6.145584545605375,37.35875330095986],[-6.145971228791784,37.35870303747279],[-6.1464012509973545,37.35864319417117],[-6.147073040401412,37.35854195096634],[-6.147755180864983,37.35843913976797],[-6.1480647700098086,37.35839248182914],[-6.148238909474013,37.3590901749396],[-6.148277960708431,37.3592466430166],[-6.1485534088542595,37.359203533341365],[-6.149769636609143,37.35903980545373],[-6.149836450123757,37.35903470874487],[-6.149915066446553,37.35902870270335],[-6.150828784605392,37.358984925790416],[-6.151401647203938,37.3589579092535],[-6.151802693080066,37.35910927169062],[-6.151786998891468,37.359464036758865],[-6.151757465659729,37.35982554118218],[-6.151753623917571,37.36006813674271],[-6.151752829975285,37.36025922946082],[-6.15176160542573,37.36034616965026],[-6.151807476021564,37.36056665258198],[-6.151554982867803,37.36080630215119],[-6.15090116628168,37.36145005013848],[-6.150539493029133,37.36180472354196],[-6.150252716467407,37.36208581265972],[-6.150264349827416,37.36216986557843],[-6.149357276217525,37.3625161614926],[-6.1493114773039155,37.36253364565476],[-6.149288378507758,37.36256973468089],[-6.149211558499469,37.36268974439237],[-6.149122527909981,37.36286705135936],[-6.148449809351615,37.363341807036555],[-6.148399920765737,37.363391620524716],[-6.148469296756842,37.3634973635638],[-6.148500116056376,37.36354086385805],[-6.148644411911972,37.36367301084119],[-6.148813464579583,37.36382784350447],[-6.1488296115804415,37.36384279373295],[-6.148978352086035,37.36398050731263],[-6.149336620867307,37.36430524873123],[-6.150251434316309,37.36482884882978],[-6.150327475612527,37.36487581027112],[-6.150566820889136,37.36507468243646],[-6.150625228051119,37.365123222119486],[-6.150883849913817,37.36529767540954],[-6.1510652763695495,37.36539921241797],[-6.151902156537699,37.365867581229736],[-6.152486878027979,37.366147023122295],[-6.152497429813545,37.36615206666024],[-6.152418248119187,37.366289765443064],[-6.152429288851727,37.36629408413221],[-6.1524696176800875,37.366309839325844],[-6.15251299915464,37.36632678350582],[-6.152539648123226,37.366337200165326],[-6.152548967276284,37.366340843955186],[-6.15254648358659,37.366344883741256],[-6.1525387943080645,37.366341881244686],[-6.1525358217416075,37.366340717139074],[-6.152504627844255,37.36632852057473],[-6.152494815523438,37.36632469171345]],[[-6.137564660715043,37.34943308693633],[-6.137572334344276,37.349445794971665],[-6.137631358870592,37.34945493214518],[-6.137919518296706,37.34949954101082],[-6.137932327012667,37.34951468060979],[-6.137934855464762,37.34951766796596],[-6.137927371124339,37.34952169606988],[-6.137926344400038,37.34952224592914],[-6.137917833709231,37.34952683289206],[-6.137912954511997,37.34952945829841],[-6.137908031343714,37.349532111902974],[-6.137898881013091,37.349537058239775],[-6.137878603190757,37.349547985531295],[-6.13787589882905,37.349549444923284],[-6.137868801194556,37.349553273539534],[-6.137861785031185,37.349582085558566],[-6.137852998481271,37.349586824006344],[-6.13785066802373,37.34959644581363]],[[-6.12998354489095,37.33226139916807],[-6.1299864669516735,37.332274702142556],[-6.129987441719747,37.33227915446824],[-6.129992753994055,37.33230327863675],[-6.130110243090386,37.3328374808562],[-6.129889005626435,37.33384646925107],[-6.1298258950407245,37.33413640810991],[-6.129661389384982,37.334869357875185],[-6.129681670951294,37.334984387419006],[-6.130155620248369,37.3355560219816],[-6.1303386746322035,37.33577308955809],[-6.130376512920277,37.33581795903563],[-6.130453503015894,37.3360205356049],[-6.1303829838777295,37.33678568662673],[-6.130322835931674,37.33741776861664],[-6.1302620687809215,37.33809064770629],[-6.130247545777769,37.338258534394804],[-6.1302370339656225,37.338370585948994],[-6.130213741098484,37.33861884277531],[-6.130132981127463,37.33904192623209],[-6.130063559434081,37.339419045004746],[-6.130037342697248,37.33941600902225],[-6.130019154244524,37.3395160458413],[-6.129992196300781,37.33966441203772],[-6.129940011737416,37.33995148453917],[-6.1299440738044115,37.34026198105766],[-6.130137314098047,37.34028334483427],[-6.1300917771088566,37.340745366078444],[-6.13049923628791,37.34083202110706],[-6.130427309797382,37.34105186801365],[-6.130404042665501,37.34116628471462],[-6.130387475049313,37.34142212126301],[-6.130416466785914,37.341443581855444],[-6.130639829242992,37.34160886176838],[-6.130726105376105,37.34167270320498],[-6.131175172095327,37.34234816860561],[-6.131540808642304,37.34289887825261],[-6.131767947237708,37.34299764072786],[-6.131995086407191,37.34309640273757],[-6.132065478639298,37.34319533577277],[-6.132330847201721,37.34375862924578],[-6.132365308572916,37.343828275720064],[-6.132489998638636,37.344045047983826],[-6.13260238572663,37.344236520847986],[-6.13258572315236,37.34427765310234],[-6.13278052191187,37.34461304369519],[-6.133030861212307,37.34504535424753],[-6.1331237432185945,37.34513437370275],[-6.133248530014304,37.34533626645017],[-6.133448858529202,37.345660381444915],[-6.133463226542576,37.34568347237427],[-6.13362352752653,37.34594115201359],[-6.133607801895426,37.34597333033547],[-6.133641148255093,37.34603402265654],[-6.133680795123544,37.34610618022345],[-6.133698830556124,37.3461390221511],[-6.13389510012658,37.346039119402086],[-6.133997108816434,37.34600049926909],[-6.134102241323436,37.34597159042101],[-6.134265735334889,37.34593623212359],[-6.134385699932761,37.346152316548796],[-6.134635906171883,37.34658269866126],[-6.134840929730727,37.34694075452208],[-6.135025779813548,37.34711260642971],[-6.135043905233685,37.347139183578804],[-6.135092561358285,37.34721055200534],[-6.1351105113521625,37.34732239836359],[-6.135146119617728,37.34743684879374],[-6.135290736198164,37.347576690704614],[-6.135515481647453,37.34779400360077],[-6.135743182500189,37.34801422904371],[-6.13597200591544,37.34823563160922],[-6.13606682083817,37.34831640691002],[-6.136175504052574,37.34839142594384],[-6.136841788066425,37.34864191656848],[-6.13733649034206,37.3488276241548],[-6.137766135098775,37.348988809942156],[-6.137659859697768,37.34927374415104],[-6.137595153122364,37.349421356900564],[-6.137564660715043,37.34943308693633]],[[-6.134232559006977,37.33298536156989],[-6.134222716629949,37.332979324337835],[-6.134236377993041,37.33293609995502],[-6.134273333482731,37.33281917511383],[-6.1342763549629975,37.33280961612839],[-6.134277131950662,37.332807135705494],[-6.134277296989661,37.332806491595875],[-6.134278690212736,37.3328011926203],[-6.134281405442067,37.33279430881261],[-6.134286082754433,37.33277952498062],[-6.134288451400011,37.332771361886294],[-6.134223971766593,37.33273437232477],[-6.134008732297154,37.33261090747149],[-6.13397822692005,37.332593416331406],[-6.133739961721172,37.33274413309682],[-6.133554316020482,37.332861557849974],[-6.133535801166719,37.332873275564864],[-6.133269900831735,37.33282479382451],[-6.132889201650246,37.33250221454286],[-6.132495263702228,37.332375500011324],[-6.13193032610046,37.33231026955785],[-6.131015143816644,37.33226901948322],[-6.1301092979075475,37.33224443645656],[-6.13001315667401,37.33225739833872],[-6.130010037428843,37.33225782333148],[-6.130004112668655,37.3322586199573],[-6.12998354489095,37.33226139916807]],[[-6.116803966793343,37.30614329889074],[-6.117147481117098,37.306271777255695],[-6.117619545604443,37.30614074443842],[-6.117742686462683,37.30610685290197],[-6.118448174999117,37.305980464603564],[-6.119233478528425,37.305839099574925],[-6.119640301478343,37.30576580661971],[-6.1198582011654175,37.305951446561],[-6.120119573145149,37.30654314532246],[-6.120171940850265,37.30666165552773],[-6.120386317540394,37.307178717331645],[-6.120578478089415,37.30764839375129],[-6.120725877693848,37.308011640272014],[-6.120952341235759,37.30854908763424],[-6.121148535469166,37.30899938322213],[-6.121329995646149,37.3094141340106],[-6.121436144514515,37.3096635681168],[-6.121481644480299,37.309765661816826],[-6.121528088581989,37.3098695776957],[-6.1216135425318,37.310075208920225],[-6.121623816960492,37.31007897428447],[-6.1217209029003925,37.31012518397026],[-6.12195471292356,37.310220827299695],[-6.1219631645631685,37.31023015512051],[-6.122076557827561,37.31041742386919],[-6.122113653618118,37.310500402953934],[-6.122192816884093,37.31069217066534],[-6.122293784022801,37.310935667721985],[-6.122413608140536,37.311224006863775],[-6.122746006146493,37.31203355884476],[-6.122954568900132,37.312537126879974],[-6.123214665855766,37.31315973865759],[-6.1234886158568385,37.313817646780564],[-6.123818081793036,37.31460891839134],[-6.124053451527967,37.315178083018914],[-6.1241783614652,37.315481269809844],[-6.124420178928588,37.31606105756735],[-6.124647787748716,37.316577453904],[-6.124893598401045,37.317136897650364],[-6.1251518545208565,37.317729773607596],[-6.125426826428728,37.31835321160307],[-6.125806598965279,37.319217752209674],[-6.125888375131669,37.319399401242755],[-6.126043982666671,37.31974900621026],[-6.126212257768098,37.320141516647595],[-6.126361059979992,37.32050296048284],[-6.12644174680777,37.320704794033965],[-6.126503428836576,37.32087518844003],[-6.1266022324679845,37.32117053875212],[-6.1266568275803435,37.32139338056985],[-6.1267974521253,37.32183391667093],[-6.126924457898365,37.322158768421275],[-6.127047349546356,37.322457571771324],[-6.127197526886942,37.32279482114952],[-6.1273023514561675,37.32301160332363],[-6.1276010547144,37.323629280426275],[-6.12763675788965,37.32374037050683],[-6.127680973334063,37.32396199961016],[-6.127784906066339,37.324309770327666],[-6.127862270004822,37.3245686360077],[-6.127908518712129,37.32467743762755],[-6.127916362085615,37.324899109974616],[-6.128062346787018,37.32579230839604],[-6.128451048197838,37.32635800822239],[-6.128242260725008,37.326450249407436],[-6.127975847172621,37.32656796465715],[-6.127821128325463,37.326636320545326],[-6.128060653028006,37.32703300616829],[-6.12855348890932,37.32801400272443],[-6.128934070390391,37.328695473100034],[-6.129182032303835,37.32914504874402],[-6.129421220081082,37.32999605958437],[-6.129612489977131,37.33067961084322],[-6.129663030235408,37.33086795836791],[-6.129701452526306,37.33101120559519],[-6.12986460797669,37.33172217127817],[-6.12998354489095,37.33226139916807]],[[-6.116803966793343,37.30614329889074],[-6.116799090980402,37.306151419649574],[-6.1167547287196795,37.306225176881846],[-6.116745592275949,37.30623146371107],[-6.116740524947726,37.3062349491622],[-6.116737826730794,37.30623680435035],[-6.116693581874235,37.306267263511245],[-6.116675451353991,37.30627973429253]],[[-6.058062176943526,37.30473894822985],[-6.058063573268398,37.3047425073169],[-6.058064869598314,37.30474582570589],[-6.058067512438471,37.30475258733337],[-6.058082287335848,37.304790391821136],[-6.058244308571405,37.30474996980417],[-6.058313172074269,37.30464895561578],[-6.0584329465912665,37.30463627924914],[-6.058707827212868,37.30458652169613],[-6.058747534035554,37.30457933129028],[-6.058764729277943,37.304543835491174],[-6.058963955668474,37.30450604519897],[-6.058955577512521,37.30447801394731],[-6.0589424769578555,37.304434219307694],[-6.058935599734564,37.304411213140106],[-6.0593716638000945,37.30437526892127],[-6.06022368510516,37.304304373639674],[-6.061044422211102,37.30423728266459],[-6.062653958501281,37.30411171405676],[-6.0633403155733365,37.30405713448975],[-6.063469322765967,37.30404687193673],[-6.063831361652965,37.30401808238691],[-6.0639258007685815,37.304010985738515],[-6.064260607762747,37.30398964041772],[-6.064900722341623,37.30394883793246],[-6.0649997052876685,37.30394253270497],[-6.065001865426957,37.303942395613674],[-6.066478058446771,37.303848677774084],[-6.068404859015848,37.303726651082904],[-6.070187044515514,37.303364785312176],[-6.071471011786977,37.3030560141601],[-6.072027885000465,37.30292055376581],[-6.072184442968527,37.302881714449605],[-6.072292090211296,37.30285500349904],[-6.072358309076258,37.30283857769767],[-6.072934869236854,37.30269554629383],[-6.07346415015406,37.30254658676376],[-6.0743367615228845,37.3018275515874],[-6.074960663454306,37.3013134256822],[-6.07537505516818,37.300971953892066],[-6.076036909506337,37.30044732929564],[-6.076743363673804,37.29938134343993],[-6.076719136474886,37.29931965727452],[-6.076885861122146,37.29907010724211],[-6.07697613033959,37.29904779094714],[-6.0774954817332905,37.29828032168235],[-6.078000228944406,37.297528629359014],[-6.0783807407553105,37.296969858356846],[-6.078429221851968,37.29689865672269],[-6.078543412925289,37.29673098092426],[-6.078955912818129,37.29615033583194],[-6.079760895132021,37.29597898702716],[-6.080644348387035,37.29579131578007],[-6.081825338231458,37.29554272173506],[-6.082039997398746,37.29548216286652],[-6.082082915690057,37.29544497521502],[-6.082127792756363,37.295210235631245],[-6.082194218132107,37.29506403905458],[-6.0823482115846685,37.29472516820992],[-6.082428327755148,37.294568748141785],[-6.082518817745702,37.29436064375163],[-6.08267612067616,37.29404487922449],[-6.082735962213079,37.293924750141656],[-6.082746814352343,37.29390714005399],[-6.0827589102321635,37.29387883813416],[-6.08276014526461,37.29387594060115],[-6.082764963802011,37.29386468702704],[-6.082766827616167,37.29386034043374],[-6.082849306899418,37.29366738403792],[-6.0832541410854635,37.29272937936541],[-6.083262876589376,37.292709932221385],[-6.083354059974381,37.29267240469974],[-6.083566844081921,37.29260537752011],[-6.084230684757429,37.292648894316066],[-6.084803787827192,37.29268644884631],[-6.085423574411294,37.29272463863659],[-6.086004014259547,37.292760662321506],[-6.0865732873702205,37.29279774051258],[-6.08714182598298,37.29283477204736],[-6.087650705252696,37.29286272630116],[-6.087855567911216,37.29287176650271],[-6.088938000201027,37.29291951667469],[-6.089076429179821,37.292909385866565],[-6.089965572988997,37.29274236543172],[-6.090977315273324,37.292552761192695],[-6.091661872956802,37.292453851748476],[-6.092157431477834,37.29238242502322],[-6.093082539115028,37.29224900501205],[-6.093896885573545,37.29213132480228],[-6.095030677946315,37.29197631857989],[-6.095360095151813,37.29193127560554],[-6.096996194695189,37.29176086607],[-6.098410734721544,37.29153964498773],[-6.099448548557851,37.29137592951022],[-6.09990454320494,37.291314725206355],[-6.100063169629655,37.29129342877746],[-6.100267770321613,37.29126597102623],[-6.1007351075451455,37.29122312679055],[-6.101063024132771,37.29119306470245],[-6.101121525631422,37.291067988223],[-6.101551290157417,37.29091139611678],[-6.10191068512809,37.290862773486836],[-6.1019165957970625,37.29086197869497],[-6.101949467829195,37.29085753022442],[-6.102218634743665,37.290821103938605],[-6.1023636932089556,37.290847023726556],[-6.102372485413751,37.29094158294159],[-6.102405914901085,37.291300817333436],[-6.102424507961578,37.291500748842275],[-6.102662282745082,37.29273139179162],[-6.102736247971142,37.29282861992367],[-6.103107412951824,37.29288942282758],[-6.103388223762313,37.292954172782466],[-6.103700148829057,37.29302709779778],[-6.103770466665707,37.29304354327276],[-6.103840754064067,37.293060070598116],[-6.108796183909007,37.294178492978546],[-6.109086480728058,37.29427589485679],[-6.109319303568165,37.29437381620096],[-6.109546606616163,37.29447845083157],[-6.109864444908397,37.294660653415455],[-6.110060033111021,37.29479671152618],[-6.110232902453854,37.29495262216519],[-6.110613620465689,37.295308574545416],[-6.111081526039001,37.29574310016596],[-6.111539251170627,37.29617047612952],[-6.111983125935534,37.29658349170177],[-6.112332040801763,37.29690900902983],[-6.112355934995501,37.29693131159307],[-6.112628096214256,37.29719187386219],[-6.112873478147569,37.297467881512524],[-6.113028700394343,37.29765722147044],[-6.113130323484234,37.297830888687386],[-6.113331517591117,37.2981727354498],[-6.1134443926162385,37.29841843266471],[-6.1134761774511315,37.29848762463043],[-6.113515057274205,37.29859783437133],[-6.113606201912334,37.29880997217117],[-6.113789665814661,37.29898524091016],[-6.113844734602889,37.29920868150468],[-6.113782699583551,37.29954020435672],[-6.113803632770743,37.29964569659717],[-6.114112919183645,37.300799983915155],[-6.114391696928405,37.301784632859636],[-6.114595783586384,37.30248658274898],[-6.114834070978518,37.303307856965986],[-6.115059435649958,37.30408919449779],[-6.115260927409275,37.304787787220384],[-6.115333712100397,37.3050401068803],[-6.1154847231486995,37.305635778858566],[-6.115489574858873,37.30564373333997],[-6.115660260968495,37.30570763341084],[-6.116038249449716,37.305850749542024],[-6.116416610419384,37.30599465653852],[-6.116803966793343,37.30614329889074]],[[-6.058062176943526,37.30473894822985],[-6.058075633096344,37.304735590680515],[-6.058097252498858,37.30473020186521],[-6.05810221064001,37.30472896533049],[-6.058136437474983,37.304720430127176],[-6.058166030017572,37.30471305099102]],[[-6.058046959892641,37.30469997479528],[-6.058060390447183,37.304734390054755],[-6.058062176943526,37.30473894822985]],[[-6.026748389343143,37.3687797175696],[-6.026750733284079,37.36879224524167],[-6.026754385836258,37.36881176760786]],[[-6.025547867375159,37.37969317777171],[-6.025548261890826,37.37968417516987],[-6.0255487396099925,37.379682577085426],[-6.025549902812879,37.37966910360282],[-6.025596807714802,37.379201878376755],[-6.025243528485928,37.37845957286509],[-6.0248564517038,37.37815010486901],[-6.024872698960489,37.37752485413293],[-6.0243927699633355,37.37705349959042],[-6.024372017173925,37.37689532838484],[-6.024358195904558,37.37659778513807],[-6.0243284144426115,37.376108194538546],[-6.024318993686188,37.37592603556156],[-6.024309162205219,37.37573618309034],[-6.024286833423465,37.37542611664886],[-6.024255125361861,37.37512651719763],[-6.02424210736331,37.374913832480374],[-6.024275960681667,37.37447536967965],[-6.024296638072878,37.37392368438268],[-6.024190936799524,37.37367247299099],[-6.023951718320635,37.373307199183046],[-6.023892592087321,37.37276713430397],[-6.024106615172813,37.3727296426247],[-6.024090366816852,37.37262450909806],[-6.024793265651084,37.3712720403223],[-6.0259097175187595,37.37080333647891],[-6.026660818105676,37.37021140000659],[-6.026730436305026,37.3701306755545],[-6.0267815883189115,37.37004724335668],[-6.026800001256348,37.36994868309675],[-6.026789684683139,37.369872655208866],[-6.026699042229255,37.369460285386666],[-6.026650786817994,37.36926450616198],[-6.026603447115644,37.36903337316587],[-6.026572931002582,37.368867144596614],[-6.0267359466899615,37.36884762426388],[-6.026723738524011,37.368782664685824],[-6.026733030286556,37.368781552664316],[-6.026742322048783,37.36878044064211],[-6.026748389343143,37.3687797175696]],[[-6.026748389343143,37.3687797175696],[-6.026746624113602,37.3687711937706],[-6.0267311167987,37.368696623367335],[-6.026383535781609,37.367037964727515],[-6.026334867029357,37.36686581246495],[-6.026299795223214,37.366792337718465],[-6.026270310471506,37.366739894630214],[-6.02624668242519,37.36669441085718],[-6.026223683967951,37.36665307382177],[-6.026195023017859,37.36660707917798],[-6.026160335449062,37.36655804012112],[-6.026119694318714,37.366499629379845],[-6.026061305896383,37.36641845294831],[-6.026026375971819,37.366360571709265],[-6.025934279770607,37.36621904981657],[-6.025906091148541,37.36617243929319],[-6.025817380802865,37.36601964852364],[-6.0257770655222265,37.36595612934358],[-6.025719212739974,37.36586494632354],[-6.02568455037503,37.365810337953874],[-6.025591349733469,37.36566349177976],[-6.025345793304257,37.365263853997504],[-6.0253354174195515,37.36524781056354],[-6.025323747571408,37.365228502399184],[-6.025313503197095,37.36521011285655],[-6.0252380195959825,37.36509536785809],[-6.025075752090855,37.36513219409692],[-6.025080760391691,37.36496437076946],[-6.025079806996872,37.364917044798865],[-6.025081855507713,37.364829238729236],[-6.025083742302964,37.364779830701345],[-6.02508568479713,37.36474276568455],[-6.025090524456868,37.36464940975473],[-6.025092883488836,37.36460135923873],[-6.025093029256759,37.36456115949592],[-6.025095018453616,37.36451879508608],[-6.025095517722079,37.364450869877416],[-6.025099902341615,37.3643947931803],[-6.0251026231093405,37.36433832657028],[-6.0251045911956975,37.364295998741895],[-6.0250960291425635,37.36376403747632],[-6.025094910127259,37.363714273882415],[-6.025090999189035,37.36367509705789],[-6.02507105555596,37.36357629342783],[-6.025052029567623,37.363469140563225],[-6.02500756431021,37.36325676505188],[-6.024999118262108,37.36306593978481],[-6.024992930337219,37.36292569594536],[-6.0249937089251775,37.3627908242675],[-6.024991772767212,37.36271116658771],[-6.025039619789294,37.36218000486116],[-6.025233415486399,37.3616244007175],[-6.025263267389041,37.361555976360286],[-6.02540964192431,37.36120247592777],[-6.025506723938015,37.36078898365102],[-6.025554657067388,37.36066150976932],[-6.0255611985787,37.36065069183199]],[[-6.025547867375159,37.37969317777171],[-6.025570363193936,37.379694674145334],[-6.025591432716048,37.379696080890675],[-6.025598485969138,37.3796965490347],[-6.025599606993252,37.379696628454724],[-6.025661067836496,37.37975313641569],[-6.025704814411482,37.37975605287204],[-6.025710263930658,37.37970400371327],[-6.0257261594935185,37.37970506537197],[-6.026728707799372,37.37977189861726],[-6.026762446297527,37.37977415198114],[-6.02691565001286,37.3797843647594]],[[-6.025810579231069,37.360278451859855],[-6.025806350541254,37.36028305639245],[-6.025795424547282,37.360296004964866],[-6.025787133547085,37.360304579030974],[-6.02579201486653,37.36033503582687],[-6.025766733910987,37.36036465201153]],[[-6.0255611985787,37.36065069183199],[-6.025643784264906,37.36051416717755],[-6.025766733910987,37.36036465201153]],[[-6.025766733910987,37.36036465201153],[-6.025753143939656,37.360357377049084],[-6.025733523123849,37.36034862558863]],[[-6.0255611985787,37.36065069183199],[-6.025539978125426,37.36064399064571],[-6.0255331638650835,37.360641840384844],[-6.025521650479568,37.36063820655378],[-6.025538221808289,37.360604776681],[-6.025546554415031,37.360587965931295],[-6.025551523921625,37.360577918095004]],[[-6.021789906058156,37.38948093081031],[-6.021747073436618,37.388879114527086],[-6.022279139322721,37.38879178979764],[-6.0223777655887245,37.3886500632932],[-6.022381619567006,37.38864452234802],[-6.0228978044728265,37.38852991181474],[-6.0235910373696075,37.387860027394865],[-6.023716515026517,37.38782003516864],[-6.024508542117419,37.38709790605809],[-6.024679872574079,37.38601533972897],[-6.024730763126336,37.385693695023875],[-6.024738065812734,37.385647554435266],[-6.024639524011278,37.38539658433811],[-6.024818345457431,37.38516489624782],[-6.024834053442261,37.38505819703359],[-6.025161283922332,37.382688657948215],[-6.025186344910628,37.38248658614513],[-6.02521740517653,37.38227308856698],[-6.025260426584696,37.381938084228494],[-6.025424035569701,37.38068273930536],[-6.02545543654173,37.38044994139604],[-6.025462002214284,37.38039616068046],[-6.0255325437879,37.37981866321475],[-6.025529255348993,37.379845553719],[-6.025547867375159,37.37969317777171]],[[-6.021789906058156,37.38948093081031],[-6.021828865252915,37.38948541273176],[-6.022157676625516,37.38952874048106],[-6.0224468230257875,37.38959750956333],[-6.022457643105813,37.38960008007813],[-6.0224857596681485,37.38960676741638],[-6.02250090123214,37.38961037170559]],[[-6.018701094628607,37.392385602611945],[-6.018807163204116,37.39215919712432],[-6.018913230819558,37.39193278256062],[-6.018896434144918,37.39173489919683],[-6.0190087291047325,37.39144645016852],[-6.019064581078671,37.39128544656525],[-6.019352288003668,37.39083665052437],[-6.019343224932327,37.3908106164761],[-6.019291850059804,37.39066312066722],[-6.019221483266178,37.390452387766544],[-6.019303225665758,37.390344479181664],[-6.019906823388257,37.38946344712105],[-6.020665730489041,37.38944160423434],[-6.021238531717369,37.389450925641064],[-6.021789906058156,37.38948093081031]],[[-6.011025889728324,37.39084337059428],[-6.0110275973310925,37.39084766114367],[-6.011031930853992,37.390858588609916],[-6.011042314806679,37.39085478281869],[-6.011059399448386,37.39084740927583],[-6.01106381917582,37.39085569445553],[-6.011069838211488,37.390866975426064],[-6.01107424702027,37.390875269894124],[-6.011078666751161,37.39088355507308],[-6.011257553408114,37.391202735376126],[-6.012523059295719,37.391435121465214],[-6.013037588675381,37.39152355805654],[-6.014298782627878,37.391732346148395],[-6.014385530175265,37.39154651620227],[-6.0157968906331885,37.3917924545038],[-6.015853546225459,37.391924778552074],[-6.015837748624925,37.39197522629796],[-6.0158313507512045,37.39199563627557],[-6.017350665399883,37.3923066401232],[-6.017630450237913,37.39236624398438],[-6.018156085168991,37.39247475612683],[-6.018411434395607,37.392535243671276],[-6.018445233508501,37.392464863945676],[-6.018452729346194,37.39246423091458],[-6.018479696093313,37.392461947059125],[-6.018671952608752,37.39244567251116],[-6.018701094628607,37.392385602611945]],[[-6.018701094628607,37.392385602611945],[-6.018723570746153,37.392392705271156],[-6.018737352394745,37.39239758823615],[-6.018705886731603,37.392454068255766],[-6.018684380810488,37.392455662988404],[-6.018634207336873,37.39257332488651],[-6.018594859625407,37.39281383893299],[-6.018593499397026,37.392822154357205],[-6.018589020586559,37.39284956166397],[-6.01859640359594,37.39285033714728]],[[-6.013665135792926,37.38546428374264],[-6.013644621062438,37.38575159448983],[-6.0136231279630685,37.3860671962447],[-6.01359194775987,37.386396371663295],[-6.013567097118475,37.38670314760801],[-6.013490825736888,37.387558021617686],[-6.013460408612434,37.38766553628142],[-6.013444956749673,37.38777791336733],[-6.01343428722415,37.387855477900686],[-6.013425924058599,37.3879161969745],[-6.013409357711773,37.387977359550256],[-6.013389147397449,37.38807384626909],[-6.013352741478636,37.38819565118668],[-6.013305083269142,37.388355109783895],[-6.013246439086515,37.3885055947325],[-6.0131857728546425,37.388636335072256],[-6.013113857606938,37.38879128524978],[-6.013073420419395,37.38887561895357],[-6.012901470564034,37.3891308394472],[-6.0127521017379735,37.389318030989664],[-6.012644905856029,37.389452381422814],[-6.012547114817196,37.38959627739542],[-6.0123888004640635,37.38973638226353],[-6.012227627883046,37.38987901066778],[-6.012109010783052,37.38998397111897],[-6.01197134384616,37.39012196318146],[-6.010851871665747,37.39024178358904],[-6.011062172590602,37.390825001469274],[-6.011025889728324,37.39084337059428]],[[-6.009496821567537,37.37428762322769],[-6.009852070712534,37.37473750061985],[-6.010197427746491,37.37514178311986],[-6.010290290206455,37.375211438767735],[-6.0106550375230325,37.37548250030813],[-6.011450591221639,37.37578085865905],[-6.011640401392845,37.375792212926825],[-6.013240744200099,37.37640814682836],[-6.01340148722361,37.376554397570196],[-6.013287703389415,37.37678347317743],[-6.01346511942684,37.37685630414431],[-6.013630218604781,37.37692408770213],[-6.0137786037325816,37.376985007802475],[-6.0138918314281815,37.377044851175285],[-6.0139943315695215,37.377099021113665],[-6.014080093530925,37.37716489913979],[-6.014144070613747,37.3772250164276],[-6.014200567731012,37.377303318556585],[-6.014227939861696,37.37737921896138],[-6.014232475892344,37.377415226533174],[-6.014221066392527,37.37759041232578],[-6.014179988797333,37.37821107952612],[-6.014179638071956,37.37821698137097],[-6.014179058103352,37.37822392527673],[-6.014152160752578,37.37856240782215],[-6.014107874412809,37.37914244715021],[-6.014071332261308,37.37960942278657],[-6.014051302270135,37.37992683463137],[-6.014039390623602,37.38007906529623],[-6.014005998871663,37.38054351865242],[-6.013984622597096,37.38085720740446],[-6.01397319994002,37.38103602470425],[-6.013960401642011,37.381206434210945],[-6.013895255325527,37.382160456432935],[-6.013872603675136,37.38248882879541],[-6.0138349954262225,37.383026762409465],[-6.0138094923232455,37.38335273858147],[-6.013775396808656,37.38386195604075],[-6.013752354726387,37.384210756176635],[-6.013735397731545,37.3844450843442],[-6.013730393546667,37.384555816382715],[-6.013724351966307,37.38463557862006],[-6.013709184720102,37.3848393243996],[-6.01369695588804,37.38501494540879],[-6.013672760857128,37.38535724226],[-6.013665135792926,37.38546428374264]],[[-6.013665135792926,37.38546428374264],[-6.013624829872146,37.38546332951361],[-6.013599002876329,37.38546271779367],[-6.01357234589864,37.385458018431564]],[[-6.010613977108159,37.39204741316489],[-6.010669396971667,37.39184045245432],[-6.010672933350908,37.39182723397863],[-6.010769484340143,37.39150691768267],[-6.010852430623197,37.39134609218262],[-6.010583356753719,37.391046870138595],[-6.010999413731015,37.3908567772583],[-6.011025889728324,37.39084337059428]],[[-6.009496821567537,37.37428762322769],[-6.009482333850122,37.37429491233053],[-6.009435018669472,37.3743187068793],[-6.0092097315456074,37.37431340651827],[-6.008797650015597,37.37396456797361],[-6.008817518303853,37.373865937021186],[-6.009048703338933,37.373749670624406],[-6.009065415948621,37.3737412706816]],[[-6.0094727736809785,37.37425714927015],[-6.009496821567537,37.37428762322769]],[[-6.009065415948621,37.3737412706816],[-6.009089486054246,37.37377174416437]],[[-5.99718906081968,37.37114764767852],[-5.997521141356922,37.37116824736385],[-5.997559429918677,37.37117061901968],[-5.997630743631929,37.37122519823645],[-5.9977195914417365,37.37127610679963],[-5.997864457349001,37.371322683707625],[-5.997998974922349,37.3713251548377],[-5.998344768181027,37.37133172620102],[-6.000907340377184,37.37126845061293],[-6.001668766262447,37.37124959773241],[-6.001949844812643,37.37123663654276],[-6.002323313012945,37.371221219179404],[-6.002840142102751,37.371234965136146],[-6.003415546285733,37.3712762160741],[-6.003573766391175,37.37118148499216],[-6.00409006900164,37.371213160888686],[-6.004515749808357,37.37147993597133],[-6.005128662355002,37.37157039566225],[-6.0071648921736465,37.37185951736905],[-6.00769863625243,37.37208340645492],[-6.007838638268868,37.37222421014107],[-6.007989267902748,37.372378367089574],[-6.009065415948621,37.3737412706816]],[[-6.004387171327979,37.36205331652987],[-6.004370313872736,37.36205209615955],[-6.004365672714205,37.36209223016597],[-6.004341487518091,37.36209069149098],[-6.004327431324101,37.36208979636485],[-6.00218354161937,37.361953670031596],[-6.002173940513556,37.36201835769084],[-6.002023283267819,37.362012147136724],[-6.001874338236075,37.36199338619464],[-6.001819833836769,37.361986516986725],[-6.0017937503691625,37.361983232898055],[-6.001785212349107,37.36200097537445],[-6.001753531894802,37.361996896344266],[-6.001761441781048,37.361978971592094],[-6.0016271826470895,37.3619618917161]],[[-6.0016271826470895,37.3619618917161],[-6.001873150837994,37.36161279091851],[-6.0019843382301135,37.361482142260755],[-6.0021335919937595,37.361263772496876],[-6.0022827627765665,37.36064047764904],[-6.002312936650267,37.360476556279714],[-6.0023319850437735,37.36019640156993],[-6.002346538280076,37.35987853457988],[-6.002355725381531,37.35967777042176],[-6.0023651005017555,37.35934016660421],[-6.002376798837083,37.35913160754503],[-6.002385978002186,37.35885986711911],[-6.0023985890844465,37.3585937972655],[-6.0024137873334045,37.35817178739221],[-6.002436749919093,37.357683766851615],[-6.00244266588207,37.35751562300784],[-6.002453646988667,37.35720357740825],[-6.002482561959492,37.35650331416314],[-6.002492858061049,37.35625392760062],[-6.002510561577428,37.35582539336563],[-6.002516842814309,37.35567320698441],[-6.002531611363044,37.355315732776575],[-6.002538908233406,37.35513919196825],[-6.002553046396487,37.35479648410327],[-6.002559451924746,37.35464175355709],[-6.002566231109666,37.35447742623789],[-6.002577006549516,37.35421656595596],[-6.0026850072715225,37.35169909867564],[-6.002848446311899,37.34788966925653],[-6.002850597322036,37.347843399210646]],[[-6.002850597322036,37.347843399210646],[-6.002890722812367,37.34698129019998],[-6.002946492254709,37.34584485215873],[-6.002448447813063,37.34583787079169],[-6.002372291254702,37.345836804820074],[-6.0023113909551515,37.34583595497789],[-6.001384157764545,37.34580665729457],[-6.000735863222875,37.3457971945908],[-5.998087016187913,37.34573196730842]],[[-6.002850597322036,37.347843399210646],[-6.002582384102005,37.34783544491801],[-6.002341979846828,37.3478283154083]],[[-6.0016271826470895,37.3619618917161],[-6.001280021938858,37.36245460484609],[-6.00105206616967,37.36277002499037],[-6.000560917453192,37.363449604985476],[-6.000549440421795,37.363465277480586],[-6.0002918138318675,37.36381701440603],[-5.9999366092209625,37.364309423414554],[-5.999770439822125,37.3645415736376],[-5.999674165935,37.36467329245637],[-5.999646235322009,37.3647115035283]],[[-5.992602965748942,37.28573344488967],[-5.992602751080542,37.28573428831665],[-5.992600062703103,37.28574498896806],[-5.992596253215835,37.28576012421974],[-5.9925949582201525,37.285765293086634],[-5.99258611678383,37.285763867859615],[-5.992386132048563,37.28641843731551],[-5.992380943277606,37.286530229160626],[-5.992347329078675,37.28664583993369],[-5.992303341725091,37.286662199032804],[-5.992276472842944,37.28675252630166],[-5.992205783853017,37.28699006173264],[-5.992115441721531,37.28729371026103],[-5.992040750095235,37.287544664676254],[-5.991977674876863,37.287751821509524],[-5.991919952463526,37.287940956654765],[-5.991844388874123,37.28818758084364],[-5.991743308266695,37.28851713619823],[-5.993938328480236,37.28894910904051],[-5.995305788866513,37.28921819541723],[-5.99770772880619,37.28972289764937],[-5.99766935896096,37.28982279855372],[-5.997738156863426,37.289841625976116],[-5.9986001183318525,37.290096842028596],[-5.9985966967336966,37.290110643042404],[-5.998537165903606,37.29035068322531],[-5.9984523247627495,37.29069287944447],[-5.998013986135147,37.29197671532231],[-5.997488061784447,37.29351710519425],[-5.997438785539655,37.29367725754426],[-5.997391726050828,37.29366801602241],[-5.997384382842956,37.29366657122039],[-5.99738077937753,37.293665860608094],[-5.997365456646727,37.29366285197081],[-5.997361171082513,37.293662005465634],[-5.997356476687877,37.29366108822685]],[[-5.9962823923703334,37.268150441953786],[-5.996005799222513,37.26810765505248],[-5.99596244141988,37.268101220320546],[-5.995860494355861,37.2680860874464],[-5.995582570788281,37.26805551572085],[-5.99527377329942,37.26797563462627],[-5.995201119171768,37.2679568399114],[-5.995149032204528,37.26794293978569],[-5.9945162305152175,37.26773909158793],[-5.994319161603676,37.267675608155315],[-5.994276810038177,37.26776453473421],[-5.99425401178431,37.26781798672862],[-5.994245759313981,37.26783734340138],[-5.993697787610633,37.269122084803776],[-5.993631140571071,37.26926970012875],[-5.992208471290071,37.272420819855014],[-5.992114940804026,37.272697436032885],[-5.991957982931461,37.27314192230336],[-5.99187293444926,37.27338278548421],[-5.99176116924314,37.27370437557174]],[[-5.999646235322009,37.3647115035283],[-5.9997510956575635,37.36475958041108],[-5.999768045637753,37.36476735879535],[-5.999779554857062,37.36475135216321],[-5.999784903511013,37.3647439268192]],[[-5.99718906081968,37.37114764767852],[-5.997191140905516,37.371122482398526],[-5.997203500280128,37.37097326887597],[-5.9971894620634325,37.37080019807278],[-5.997113609954885,37.369112698746854],[-5.997111354401707,37.36906228761447],[-5.9973873090426615,37.3689236614798],[-5.9973792522388125,37.36865356603512],[-5.997376609087608,37.3685647886173],[-5.997410172015971,37.3682568562163],[-5.9974834740033165,37.36793418364003],[-5.997649714136852,37.36785881902906],[-5.997796128299653,37.36757675852337],[-5.997976438343082,37.3672293671082],[-5.99820414913086,37.3670418011349],[-5.998231629026362,37.36701916311876],[-5.99834163818377,37.36672338342187],[-5.998368171125056,37.366652031097225],[-5.998535303230065,37.36635795553559],[-5.99893548896304,37.36575809301806],[-5.998978186792388,37.36568956513836],[-5.999075360044998,37.365533603556514],[-5.999135654129474,37.36544770715258],[-5.999172595256639,37.36539507582614],[-5.999195242838672,37.365362810776496],[-5.999265078766813,37.36525884918371],[-5.999334370546238,37.36515568528446],[-5.999427985401291,37.36501981726183],[-5.999529180163648,37.36487388116056],[-5.999646235322009,37.3647115035283]],[[-5.9939947271462035,37.28385324251196],[-5.9940194302455945,37.28385796046331],[-5.994028361400121,37.283859662647075],[-5.994059052879889,37.28386552652529],[-5.994225474709298,37.283897301865196],[-5.995300454991924,37.28409960982103],[-5.995967558050242,37.28422589188532],[-5.9959697907119045,37.28421707693338],[-5.995977804538569,37.28418542660619]],[[-5.998087016187913,37.34573196730842],[-5.998084587788581,37.34578155126493],[-5.9980833603526404,37.34580657785489],[-5.998081979288846,37.345834834143]],[[-5.998087016187913,37.34573196730842],[-5.9980622072788305,37.34573135313711],[-5.998063166822673,37.345706684756365],[-5.998063690403947,37.345693182579645],[-5.998064213985192,37.345679680402895]],[[-5.9939947271462035,37.28385324251196],[-5.9940061305867225,37.283816902024896],[-5.994007892748556,37.283811288803335],[-5.994003322347962,37.28380864723592],[-5.993988664525061,37.28380016981286]],[[-5.99323359857804,37.283704360317245],[-5.993296094932141,37.283716871266506],[-5.993619010882373,37.28378148614998],[-5.993988738771324,37.28385209657452],[-5.9939947271462035,37.28385324251196]],[[-5.989488270548723,37.36919866438479],[-5.989487997065572,37.36920940294123],[-5.989477665590536,37.36961160963856],[-5.9896008703766705,37.36973495659649],[-5.989983550366193,37.369848368280095],[-5.99016074780193,37.36995758942517],[-5.990180630632142,37.36996984532339],[-5.990397439036692,37.37021561068767],[-5.990560174632489,37.37085561557812],[-5.99068638657125,37.37083604006304],[-5.9906923777817145,37.370862370604],[-5.9910765613382395,37.37254956879926],[-5.9913347357142515,37.37368329815491],[-5.991466302468869,37.3742797941704],[-5.991638917245665,37.375062436911776],[-5.99192406770046,37.37519351177742],[-5.991965286310691,37.375184052193234],[-5.9920214978176,37.37517115836217],[-5.992035349185106,37.375167978297824],[-5.992049500599688,37.37519903992027],[-5.992052494658387,37.37520562293836],[-5.993680711819929,37.37483169338405],[-5.993680608695831,37.374824559604974],[-5.99368034247125,37.37480622978768],[-5.993682385439287,37.37479372538514],[-5.993694731500266,37.374718363341],[-5.993712005300609,37.3746879744802],[-5.993727632686836,37.37466047467833],[-5.9938507951658435,37.37444376704769],[-5.994035656257103,37.37427749612573],[-5.994032982271419,37.37424916248268],[-5.993974671811814,37.373634549459126],[-5.994097783952274,37.37303008986127],[-5.994182141741946,37.37261594279651],[-5.994681143207525,37.37220921007333],[-5.995490890842445,37.3716615478692],[-5.996119456430608,37.3714494244321],[-5.996496709609984,37.37136821526455],[-5.997139874691385,37.37114719223391],[-5.997169126458424,37.37114745948067],[-5.997177472827476,37.37114753612163],[-5.99718906081968,37.37114764767852]],[[-5.99323359857804,37.283704360317245],[-5.993225545285284,37.2837307762636],[-5.99320702356959,37.283791526609],[-5.99315995896384,37.283945845580824],[-5.993121666256963,37.28407139663778],[-5.993055330108764,37.28428889974297],[-5.992978036508044,37.2845423534724],[-5.992861829341019,37.28492336520453],[-5.9927916399213,37.285153508571064],[-5.992711051237913,37.285417759236616],[-5.992650351408928,37.28561676470032],[-5.99263545134247,37.28566562830976],[-5.992653510909481,37.285669163047466],[-5.992632038684773,37.28573914283683],[-5.992613115400132,37.28573544072787],[-5.992605648050746,37.28573397172033],[-5.992602965748942,37.28573344488967]],[[-5.991673641233923,37.283403488902344],[-5.992134801842729,37.283492967396185],[-5.993118029313613,37.283681226347845],[-5.993191620054052,37.28369596154176],[-5.99323359857804,37.283704360317245]],[[-5.992602965748942,37.28573344488967],[-5.992602761178688,37.2857334050128],[-5.992600897157893,37.28573303768952],[-5.992599760577253,37.28573281415101],[-5.99259680539626,37.28573223115048],[-5.9925941797808715,37.28573171189586],[-5.99259116791365,37.28573112131894]],[[-5.99176116924314,37.27370437557174],[-5.991758193803848,37.27371294793656],[-5.991745016086996,37.27375089197641]],[[-5.99176116924314,37.27370437557174],[-5.991787439374585,37.27371088359692],[-5.991725135906324,37.27388578960967],[-5.991699942095162,37.2738805518895]],[[-5.991714112144838,37.27383976240103],[-5.9917025530381895,37.273873024977696],[-5.991699942095162,37.2738805518895]],[[-5.991699942095162,37.2738805518895],[-5.991679900182104,37.27393820477156],[-5.991561342069779,37.27427934854113],[-5.991448999669988,37.274597528875],[-5.991248923857184,37.275122200824626],[-5.99043864856536,37.27793223580501]],[[-5.991673641233923,37.283403488902344],[-5.9916536816131085,37.283469816983185],[-5.991648210462969,37.28348798579666]],[[-5.98891262092327,37.282870060745836],[-5.989015756572577,37.28288938622532],[-5.989963508235984,37.28306694456629],[-5.990896502402143,37.283252464445084],[-5.990927123499036,37.2832585561952],[-5.990947014358758,37.28326250443962],[-5.991673641233923,37.283403488902344]],[[-5.99043864856536,37.27793223580501],[-5.990480579818093,37.277941808218436],[-5.991058911335214,37.27807377890671],[-5.991087415529163,37.27808028462226],[-5.991123088555605,37.27808842919092]],[[-5.99043864856536,37.27793223580501],[-5.989907716124257,37.279598160310684],[-5.98982704144251,37.279851265189954],[-5.989713227891839,37.280069408190165],[-5.989625474070335,37.28054591419621],[-5.989495798375437,37.28096871272368],[-5.98891262092327,37.282870060745836]],[[-5.98891262092327,37.282870060745836],[-5.987580390968683,37.28721318414277],[-5.987208149878232,37.288426634008076],[-5.986732461198587,37.28966980867559],[-5.986622084089109,37.2899833485202],[-5.98648660164994,37.29027094971268],[-5.986409496933059,37.29042324052167]],[[-5.990622366985788,37.339589969257894],[-5.990622231251628,37.33959365804446],[-5.99062209551748,37.33959734683103],[-5.990621948509364,37.33960103590285],[-5.990621692801254,37.33960824187506]],[[-5.990621692801254,37.33960824187506],[-5.990429301587834,37.34483272928096]],[[-5.990621692801254,37.33960824187506],[-5.990588776868336,37.33960747078264],[-5.990252417432877,37.33948201922385],[-5.989855956111409,37.33933415467425],[-5.989514903134398,37.339206963490255],[-5.989525801690415,37.33918128684222]],[[-5.990644578659648,37.34483715809601],[-5.990595997347186,37.34483615267481],[-5.990589480025228,37.34483602022521],[-5.990582149492019,37.34483587230853],[-5.990434938407373,37.34483285698484],[-5.990429301587834,37.34483272928096]],[[-5.990429301587834,37.34483272928096],[-5.990399407509801,37.345644586998134],[-5.990377076206442,37.34625118026534],[-5.990371534337469,37.346401870159276],[-5.99021922225801,37.34652889000085],[-5.990363366723057,37.34665160830043],[-5.990323945012613,37.34772500625089]],[[-5.990323945012613,37.34772500625089],[-5.990321525223357,37.347791142444756],[-5.990320699689587,37.347813563764774]],[[-5.990323945012613,37.34772500625089],[-5.990355689382614,37.34772574391876],[-5.99038744538516,37.34772649029439],[-5.99038596104154,37.34778349307102],[-5.990384017858737,37.347858222360465],[-5.990317284620828,37.347874814343996],[-5.989841826489233,37.34799193369359],[-5.989789528051764,37.34800481728775],[-5.98980788197276,37.350256227243705],[-5.989868853598206,37.3503531890701],[-5.989662956698481,37.35066312804929],[-5.989718765592667,37.35094196496571],[-5.989395147229724,37.35115389919082],[-5.9893402301775795,37.35116285714588],[-5.989082836933667,37.35137010594558],[-5.989058478893559,37.35144347381758],[-5.988993349657509,37.35163966049561],[-5.989048241893499,37.35196028518577],[-5.989135041843951,37.35213638328199],[-5.989258029415369,37.352385867690934],[-5.989007777522292,37.352562416746736],[-5.988970017703219,37.35258905199989],[-5.988772281048536,37.35272854529428],[-5.988756952391982,37.3529677506904],[-5.988738580860864,37.35325429378493],[-5.988712357494837,37.35366325561385],[-5.9886935601928615,37.35404204225521],[-5.988683776538393,37.35431432056913],[-5.988671343641417,37.35466092246233],[-5.988619667495294,37.35469785726853],[-5.988606991629209,37.35483325614997],[-5.988760312846899,37.35501164592266],[-5.9886527614734595,37.3573467756247],[-5.988797645161983,37.357347698044954],[-5.989260389343633,37.35731343183288],[-5.989999101182274,37.35729964654542],[-5.990008373065659,37.35729947504115],[-5.990003372747816,37.357412063135904],[-5.989997100990418,37.35741188841829],[-5.989988557982783,37.35741165402465],[-5.989973754851823,37.35741125362781]],[[-5.989525801690415,37.33918128684222],[-5.989534334571077,37.33918359401195],[-5.989538715179206,37.33918478075164],[-5.989543095430336,37.33918595848956],[-5.989547476038718,37.33918714522892]],[[-5.976290867181423,37.33719900314884],[-5.976314127448029,37.33720448166131],[-5.9764773251210475,37.33689575748291],[-5.976681512879302,37.336947716405945],[-5.976796488203968,37.33697697110186],[-5.976956043959821,37.337077197356756],[-5.9772393289148145,37.337255132822406],[-5.978428897491047,37.33622911652445],[-5.979000780663752,37.33651124663855],[-5.983480295642318,37.337547840903994],[-5.989525801690415,37.33918128684222]],[[-5.989999255185804,37.35734275848079],[-5.989975503603594,37.35737029214528],[-5.98997454309406,37.35739272586563],[-5.989973964239652,37.357406292487646],[-5.989973754851823,37.35741125362781]],[[-5.989973754851823,37.35741125362781],[-5.989843831088051,37.360460419061134],[-5.989791719442806,37.36168334315823],[-5.989712861494237,37.3635339024768],[-5.989704244696175,37.363736228606676],[-5.989695686886174,37.363936913307164],[-5.989687269420457,37.36413459391712],[-5.9896785118837315,37.364339915117654],[-5.989670603001229,37.36452567081749],[-5.9896630128872035,37.36470353416008],[-5.989655204558854,37.364886989601075],[-5.989650284214129,37.36500188228852],[-5.98964667078809,37.36508600670226],[-5.9896335506239415,37.36539524954431],[-5.989620985207238,37.36569003432536],[-5.9896070717890275,37.36601654352944],[-5.989594493783906,37.366311580904494],[-5.989583222137238,37.366576120335175],[-5.989540995594277,37.36756700447073],[-5.989533733098929,37.36779206606008],[-5.98952776832548,37.36797617762271],[-5.98950919664168,37.36855125418588],[-5.989488270548723,37.36919866438479]],[[-5.986409496933059,37.29042324052167],[-5.986517623868676,37.29045587690292],[-5.98695484618122,37.2905878341565],[-5.986959423248747,37.29058921432484],[-5.986968901539943,37.29056539390734],[-5.987011995931523,37.29057597426979],[-5.987035513461328,37.290581750813494]],[[-5.986409496933059,37.29042324052167],[-5.986086449058828,37.29106123749752],[-5.986066114643101,37.291101434105514],[-5.986054284198921,37.29112481826007],[-5.986047945072927,37.291137341014974],[-5.986046846451947,37.29113950429301]],[[-5.989488270548723,37.36919866438479],[-5.989478812486693,37.369198164788735],[-5.989297979694215,37.36918865584171],[-5.989194386558792,37.36927256110351],[-5.988382452102254,37.36929848534282],[-5.988150929297662,37.369247483148406],[-5.987974173873309,37.369206449052484],[-5.9878384865743355,37.36908652459826],[-5.985832091047653,37.36945804321546],[-5.985158397516784,37.36961409773022],[-5.9845399133975725,37.36964641684619],[-5.984321684259844,37.36965788439527],[-5.9839870119953815,37.36967676128209],[-5.983773817405287,37.36968878549504],[-5.9834277706211205,37.36970410948086],[-5.981715470236356,37.36977921646568],[-5.981677983706243,37.37013024323187]],[[-5.986046846451947,37.29113950429301],[-5.986040058815984,37.291152948453906],[-5.986034567132661,37.29116380085062],[-5.986031010606345,37.291170828897876],[-5.9860290754478385,37.29117465324714],[-5.986023583761534,37.291185505643455]],[[-5.986046846451947,37.29113950429301],[-5.98609694599728,37.29115581912323],[-5.9857393078768855,37.29185696162151],[-5.985728683689476,37.291853535473464],[-5.985716871368368,37.29184972482999],[-5.985691703980966,37.291841592837336]],[[-5.985715449012849,37.291794660278555],[-5.985709946330538,37.29180552194943],[-5.985704454557569,37.2918163743339],[-5.985701818961755,37.291821595000584],[-5.985698962783105,37.291827226718176],[-5.985691703980966,37.291841592837336]],[[-5.985691703980966,37.291841592837336],[-5.9856904280454,37.291844121017256],[-5.98569020817491,37.29184455007165],[-5.985687530714095,37.291849852891374],[-5.985684884205218,37.291855082843924],[-5.98567859738141,37.291867505141816],[-5.985639444984757,37.2919449134352],[-5.98562991570241,37.29196375212003],[-5.985627614290939,37.29196829755569],[-5.985618084646974,37.291987127238045],[-5.985478565267675,37.292262944139196],[-5.985474098555671,37.292271770258175],[-5.985470573951528,37.29227875243005],[-5.985470301660173,37.29227928192523],[-5.985462456329353,37.29229478917676],[-5.985462267765101,37.29229515436547],[-5.985458533484789,37.292302538301506],[-5.98545793719527,37.292303715736374],[-5.985273435746671,37.29266842327369],[-5.985196484430174,37.292806742868805],[-5.985083909303546,37.292988528242866],[-5.984428732503613,37.29404716218746],[-5.983291741540328,37.2958646302089],[-5.982532441643945,37.29708782142354],[-5.982220673114266,37.29759656268712],[-5.981851287831582,37.29819667393599],[-5.98163316534167,37.298472270023915],[-5.98144694877721,37.29870757635497],[-5.981308825842637,37.29888207304562],[-5.981148852079301,37.29908420665247],[-5.98109901521044,37.29914717741567],[-5.9810458101496025,37.299120315222744],[-5.979274373984313,37.30138255896612],[-5.97913684956963,37.301558173506294],[-5.97904702450273,37.30167289022606],[-5.9791134109934605,37.30170732358605],[-5.978774241681556,37.30214216492954],[-5.978402166034078,37.30262159923032],[-5.978360251775015,37.302736514308165],[-5.978313078113104,37.30317428039038],[-5.978184707145667,37.30387600585014],[-5.978084465210635,37.30393610002563],[-5.977848341442245,37.303995831781336],[-5.977832371579073,37.3039996129852],[-5.977792910482536,37.30400895068816],[-5.977653461308713,37.304041954515775],[-5.977614346654749,37.30405121134973],[-5.9775986672680625,37.30405492213253],[-5.972999385405778,37.30513994443094]],[[-5.981677983706243,37.37013024323187],[-5.981648866858098,37.3701347984241],[-5.981600461883032,37.3701423632608]],[[-5.981677983706243,37.37013024323187],[-5.981673396846274,37.37016664476425],[-5.981667820663895,37.37021084743035],[-5.98082756779256,37.370351653122135],[-5.98069297487752,37.37040111953876],[-5.980579926233987,37.37047404670583],[-5.980477714365472,37.37058885216162],[-5.980393524647078,37.37068264973965],[-5.98028905470978,37.37078948352092],[-5.9801546440096836,37.370892341735065],[-5.980013814862959,37.370951434846134],[-5.9794433208233455,37.371033066840766],[-5.9794383140027545,37.371033787782956],[-5.979424575875863,37.37096937476715],[-5.9794129244492495,37.370971083209625],[-5.979412363004702,37.37097116044],[-5.979397298863836,37.37097336040562],[-5.979392853847513,37.370974013117056],[-5.979391092689647,37.37096602904947],[-5.979383704614375,37.37093539896882],[-5.979382341695215,37.37092977465609],[-5.979381274654858,37.37092535030786],[-5.97925652090273,37.370945913231836],[-5.979251496455723,37.37092508118033],[-5.979265299508171,37.37092296709207],[-5.979270739303211,37.37092177569886]],[[-5.978045987580715,37.3385601292192],[-5.978051328498093,37.338555065822575],[-5.978076990619162,37.33853078429534],[-5.977165964898464,37.337916417715164],[-5.9771193224988375,37.33788496482165]],[[-5.9771193224988375,37.33788496482165],[-5.97726619099364,37.33775482791965],[-5.977265520542846,37.337750997249344],[-5.97725987983659,37.33773990301498],[-5.977282030476522,37.33770986217691],[-5.977283117386596,37.3377099519391],[-5.977284215926137,37.33771005041904],[-5.977293082447999,37.33771081826702]],[[-5.9771193224988375,37.33788496482165],[-5.976511164552102,37.33747481439916],[-5.976353257079045,37.3373977575475],[-5.97633488062022,37.337388786080325],[-5.976267507850475,37.337231020546305],[-5.976290867181423,37.33719900314884]],[[-5.979016718544512,37.43150921474786],[-5.979467560769513,37.43166801515418],[-5.9800036288064415,37.43160483265932],[-5.980071891122123,37.43141158168443],[-5.980110193623104,37.43140072158119],[-5.98017379315008,37.431207290860975],[-5.980159277568657,37.43115356674385],[-5.980231791113752,37.431028175075326],[-5.98040076567458,37.43041306691854],[-5.980406780834447,37.43033999263793],[-5.980549916823943,37.42991576732455],[-5.980440310726076,37.42989224959488],[-5.980374670146303,37.42987816463534],[-5.980363445063961,37.42987575374748]],[[-5.969889502484754,37.336310498370615],[-5.96992868997603,37.33642349001641],[-5.96996907394443,37.33653877634167],[-5.969991681107135,37.33661160039684],[-5.969996297149974,37.33661075455074],[-5.970915851950197,37.33644227727984],[-5.970922676840413,37.33646225364601],[-5.970948875957445,37.336538861819974],[-5.970954972388195,37.33655667590609],[-5.971290539728747,37.336516604891635],[-5.971723724846964,37.33649437992411],[-5.9722398291022625,37.33646810411172],[-5.972528005020918,37.336456514579616],[-5.972751140377119,37.33645307477909],[-5.973047534125081,37.336460145681556],[-5.973160038015409,37.33646628163696],[-5.973548578105602,37.33648836109454],[-5.973855521669653,37.33652370140297],[-5.973967613758262,37.33653398284766],[-5.974112743236863,37.336547289528596],[-5.974212116419502,37.336556403988865],[-5.9757731478892,37.33692666952718],[-5.97583231496877,37.33709100349001],[-5.976290867181423,37.33719900314884]],[[-5.978681077656945,37.43139099206915],[-5.978687688525813,37.43137904852414],[-5.978746164696517,37.431399640521384],[-5.978809076056686,37.43142180559754],[-5.979023329367832,37.4314972711861],[-5.979016718544512,37.43150921474786]],[[-5.978975396494151,37.43149465977807],[-5.979016718544512,37.43150921474786]],[[-5.978681077656945,37.43139099206915],[-5.978722399598763,37.43140554714715]],[[-5.978181445453748,37.43121500134987],[-5.978681077656945,37.43139099206915]],[[-5.978181445453748,37.43121500134987],[-5.978179065739283,37.43121938643155],[-5.978175170159816,37.431226575982976],[-5.978170284555871,37.4312355836026]],[[-5.976839503454968,37.43100795425989],[-5.977481373097815,37.430968409258156],[-5.978181445453748,37.43121500134987]],[[-5.972999385405778,37.30513994443094],[-5.972037998317532,37.305366719144025],[-5.971702376679947,37.305446005932716]],[[-5.972855060481424,37.30423568014404],[-5.9728461180636385,37.30423889653292],[-5.97284153558445,37.30424054356754],[-5.972828021954528,37.30424540670623],[-5.972816632657974,37.304249504587254],[-5.972805287726284,37.304253583330386],[-5.9727966342015355,37.304250962516704],[-5.972693267448463,37.30428827056113],[-5.972743378050517,37.30438945361026],[-5.972790962365206,37.304505531793325],[-5.972973842854752,37.30503849521644],[-5.972998362717284,37.305109982474335],[-5.972992938577316,37.30512176070375],[-5.972999385405778,37.30513994443094]],[[-5.976814018123249,37.43100951571399],[-5.976839503454968,37.43100795425989]],[[-5.976066413896744,37.43097043721188],[-5.976099695743658,37.43091669746621],[-5.976259751192719,37.43095386937658],[-5.976650088862886,37.43104452675951],[-5.976713427106063,37.43105923948237],[-5.9767832329854516,37.43099424384355],[-5.976837855178199,37.43099088473458],[-5.976839503454968,37.43100795425989]],[[-5.971702376679947,37.305446005932716],[-5.971414823024647,37.305513928751644],[-5.9694819007596465,37.30597052915994]],[[-5.971702376679947,37.305446005932716],[-5.971699204938526,37.30543736326883],[-5.971689968484211,37.30541221220311],[-5.971618007593807,37.30521619936112],[-5.9715609161385865,37.30505832460124],[-5.971504943581067,37.30490651293555],[-5.971497885770273,37.30488827238782],[-5.971482472530815,37.30485206719013],[-5.97146577578393,37.30481620962029],[-5.971447831465137,37.30478075283898],[-5.971428640284862,37.30474571484925],[-5.97140824802925,37.304711112521254],[-5.971386622665213,37.304676991712974],[-5.971363799064254,37.30464337857957],[-5.971339799765319,37.30461027255396],[-5.971314649788712,37.304577736081725],[-5.971288348780744,37.30454576016028],[-5.971276007260879,37.304531409841424],[-5.971225013820954,37.30447908643881],[-5.971221215373211,37.30448145258927],[-5.971216249714752,37.30448454189517],[-5.971213816354823,37.30448605376742]],[[-5.976066413896744,37.43097043721188],[-5.976086776248514,37.43097845710488]],[[-5.973830410031018,37.43043549665172],[-5.975150218254459,37.43060964364648],[-5.976012627180197,37.430949257146004],[-5.976066413896744,37.43097043721188]],[[-5.969190345289293,37.317116478719285],[-5.969189861332535,37.31712367241179],[-5.969158008570477,37.31759153365598],[-5.969418278834956,37.31778735954901],[-5.970215294336736,37.31780209323595],[-5.971010952339181,37.31781157536894],[-5.971503112584045,37.31781765146335],[-5.97150397332617,37.317868702518936],[-5.9715043595969215,37.31789139078221],[-5.971504507704597,37.31789973097465],[-5.9715048453427375,37.3179197532908],[-5.971504985885018,37.3179287604657]],[[-5.9694819007596465,37.30597052915994],[-5.969425772920621,37.30598378783565]],[[-5.9694819007596465,37.30597052915994],[-5.969475513345336,37.30595469553531],[-5.969469125933901,37.3059388619102]],[[-5.969425772920621,37.30598378783565],[-5.969308495048389,37.305989607440985],[-5.969201923490365,37.30600692608683],[-5.968857701259718,37.305518636952016],[-5.968813350458889,37.30545851362248],[-5.968794631505865,37.30543602428481],[-5.968561997489337,37.305156441191905],[-5.967844416509943,37.304294025079535],[-5.96784589598802,37.304009014579094],[-5.96656200048294,37.30298722915878],[-5.966500241931396,37.30295161829466],[-5.964567108418801,37.30192916523793],[-5.964249259236094,37.30176036997578],[-5.9641117149198815,37.301688010558024],[-5.963918175215608,37.301592590384715],[-5.963810831734955,37.30154274834345],[-5.963511797106517,37.301425570548766],[-5.963169399466896,37.30128729417803],[-5.962834012898865,37.30115231025316],[-5.962423856465859,37.3009863273721],[-5.962063535242164,37.300840756514525],[-5.9617717951285725,37.30072306708543],[-5.961406917067872,37.30052311129982],[-5.960971961242267,37.30028606379846],[-5.960646945530251,37.3001084452451],[-5.960157878742012,37.29983897713651],[-5.959695443194565,37.29958726735736],[-5.959293883087443,37.29936857948461],[-5.958927516061932,37.29916512080348],[-5.9584276322978935,37.298889004685684],[-5.95825121016203,37.29880001285975],[-5.957850668135927,37.29858550245509],[-5.957806237674552,37.298637551628254],[-5.957796046831783,37.298649493487055],[-5.9574175732541255,37.29909306200829],[-5.9574007927365855,37.29908393028317]],[[-5.969425772920621,37.30598378783565],[-5.969287544444809,37.306016471908876],[-5.969229226549968,37.30603026305777],[-5.969204515881695,37.3060361098032],[-5.96918151486833,37.3060415441721],[-5.968711461474757,37.3062189280038],[-5.968856579641705,37.306516972494066],[-5.968499517666251,37.306741068399056],[-5.968473031025323,37.30675769135807],[-5.968467009460676,37.30676147385489],[-5.968407353993364,37.30679891530368],[-5.968222547760735,37.30745008334145],[-5.968216485300687,37.307471464801075],[-5.96785414779961,37.30760147511866],[-5.9676593505610676,37.307987635342606],[-5.967722292372767,37.30879591259013],[-5.967986529148819,37.31267486598418],[-5.967978172654119,37.312810840284094],[-5.9679678390321165,37.31293154598795],[-5.96796069148811,37.313041764328716],[-5.9679319587077675,37.313202056441185],[-5.9678872771351275,37.31335239557721],[-5.967841647638199,37.31347893414716],[-5.967744199737399,37.31367307428138],[-5.96759701875325,37.313889196305325],[-5.96747229289518,37.3140498342213],[-5.967237823865227,37.31425674804476],[-5.967113245074486,37.314355198923764],[-5.966978105155324,37.31444874255027],[-5.966897715257836,37.314503301393636],[-5.966720953396986,37.3146136759709],[-5.966562892720906,37.31472396851863],[-5.9661982544282415,37.31497140571408],[-5.965340009043706,37.31556039372385],[-5.965292391127716,37.315610669430754],[-5.965033451053763,37.31588412424139],[-5.964940447468003,37.316091414516904]],[[-5.973841744348732,37.430462927784674],[-5.973833394745388,37.4304617954537],[-5.973825045142255,37.43046066312211],[-5.973825654931993,37.43045780042535],[-5.973827132234151,37.43045087914617],[-5.973828646133159,37.43044374069165],[-5.973829455898471,37.43043993585947],[-5.973830410031018,37.43043549665172]],[[-5.973830410031018,37.43043549665172],[-5.972645009460122,37.430279063571966],[-5.970158034354213,37.4295633003657],[-5.969930312484156,37.42948118287676],[-5.969901310028445,37.42946722493847],[-5.969876972330661,37.429455510464635]],[[-5.969191187942137,37.31710406782623],[-5.969190996684523,37.31710694704699],[-5.969190345289293,37.317116478719285]],[[-5.964940447468003,37.316091414516904],[-5.965572396182688,37.31612347497227],[-5.965986250022575,37.31614447783915],[-5.966596667490731,37.316367974043516],[-5.9661636208955,37.31704544326913],[-5.96618616865314,37.31705564539087],[-5.966190625297342,37.317057660109896],[-5.966484964426609,37.31719084240633],[-5.966505628437664,37.317200190658625],[-5.966511968929271,37.31720305916886],[-5.967411987536411,37.316991680513595],[-5.968031414891681,37.31685615424553],[-5.968488271073266,37.316758839297044],[-5.968600237130522,37.31676955308438],[-5.96873112704771,37.31678208931944],[-5.968714618062904,37.31702475691827],[-5.968709792224779,37.31709562121283],[-5.969190345289293,37.317116478719285]],[[-5.969889502484754,37.336310498370615],[-5.969863406713535,37.33631638021163],[-5.9699030141950145,37.336434875856895],[-5.969874883084797,37.336440655656574],[-5.969879275049577,37.336454169474365],[-5.969881547188498,37.33646114072635],[-5.96993711500713,37.33663183976648],[-5.9699646541332685,37.336716415999256],[-5.969993586331753,37.336829467043344],[-5.969954834835234,37.33687187183869],[-5.969718084143408,37.3369433637684],[-5.969448456764507,37.33702479994687],[-5.96922418169306,37.3370827137638],[-5.9690239428956495,37.33713517568246],[-5.968983240461556,37.337144118411295],[-5.968955940859495,37.337150102379574],[-5.968935049806944,37.33715490717253],[-5.968825848958064,37.33718193369254],[-5.968676973065089,37.337218778003646],[-5.96866278343951,37.33721322335361],[-5.968653148442225,37.337215862173764],[-5.968646583608567,37.337217657979686],[-5.96864352436346,37.337218491708235]],[[-5.969811119825196,37.336088606075236],[-5.969860283211706,37.33622623464497],[-5.969889502484754,37.336310498370615]],[[-5.969811119825196,37.336088606075236],[-5.969803559136325,37.336090327845604],[-5.96973772772311,37.33610532659113],[-5.96971861356512,37.33610968139503],[-5.9697082719809025,37.336105552999925],[-5.969697918769395,37.33610141588531],[-5.969689801487362,37.33610333184547],[-5.969681695123812,37.3361052385201],[-5.969098055545738,37.336241300736035],[-5.969076889648061,37.33624628365658],[-5.969068884004919,37.33624816973835],[-5.969071598647893,37.33625549032066],[-5.9690861121609995,37.336294763809796],[-5.969101472525275,37.33633634078413],[-5.969104403298165,37.33634427767451],[-5.969086881745874,37.33634838512886],[-5.969085599473849,37.336344768006356],[-5.969084039036401,37.336340391961905]],[[-5.963476798644585,37.32105746307382],[-5.9635108656732765,37.32107337807814],[-5.963548495861723,37.32109096084466],[-5.963609765036299,37.32155556758292],[-5.963659320164294,37.321859040855536],[-5.963770662276083,37.32251334734124],[-5.9638496508439305,37.3230047039571],[-5.963936538921269,37.32353452741146],[-5.963938483334262,37.32354639083142],[-5.963939461884687,37.32355234040377],[-5.963953129917683,37.32363568927339],[-5.963996668605129,37.32363706663495],[-5.964263762510925,37.323645480842586],[-5.964264837801269,37.323786768947954],[-5.964266841366532,37.324052976366104],[-5.96440041483385,37.3244431070056],[-5.9644265007598865,37.32448843457379],[-5.964502784070654,37.324620970593315],[-5.964499982471448,37.324635232722514],[-5.964795049261104,37.32501605084675],[-5.96511226857005,37.3253036373641],[-5.965309599336637,37.32555950293299],[-5.965461967439761,37.32573389482036],[-5.96555516483059,37.325845993010276],[-5.965715391159803,37.326136939195514],[-5.965950080853701,37.3264075990677],[-5.966320368728384,37.326950214328384],[-5.96668096254572,37.32748490786745],[-5.966715692649819,37.32753621730654],[-5.966775766700047,37.32763314266145],[-5.966842083007298,37.32772983923659],[-5.966944482644918,37.32787953221662],[-5.967083837970925,37.32814193156832],[-5.967107515617401,37.32820282633895],[-5.96709195730531,37.328322996141644],[-5.96721309822328,37.3286816182321],[-5.9672305960922,37.32874317268087],[-5.967322601029552,37.32900655292585],[-5.967449594071346,37.329366154146086],[-5.967572375988111,37.32973053745942],[-5.967683025474318,37.330047252206754],[-5.967745042583208,37.33020691476933],[-5.9678769582366415,37.33065560677064],[-5.9679829846455945,37.33090985790601],[-5.968037699908297,37.33113622959981],[-5.968095410490453,37.331341513097456],[-5.968155146519839,37.33146755066291],[-5.968220379509052,37.33165179444474],[-5.968255038550565,37.33175423183996],[-5.968287952076062,37.33185646976284],[-5.968370679874465,37.33207920036258],[-5.96846363522071,37.33233668963245],[-5.968513078027946,37.33248613393539],[-5.968565354726352,37.332636471190035],[-5.968648810311875,37.33286302182299],[-5.968722371700516,37.33308130575518],[-5.968789695099968,37.33327413789382],[-5.96889860428525,37.33357159397136],[-5.968994807376138,37.333825775311105],[-5.969056709797611,37.334000983330945],[-5.96911033568026,37.334158296709816],[-5.969167562181119,37.334319349162136],[-5.969238160255168,37.334524776767154],[-5.969291253686948,37.33465136793923],[-5.969324433480256,37.33470701351523],[-5.969378128226489,37.334855161134755],[-5.969414724333298,37.334958846974075],[-5.96947575871588,37.335130301039904],[-5.969569513368993,37.33540185283614],[-5.969648671203067,37.33561940073076],[-5.969718994692909,37.335823230964074],[-5.969786540156145,37.33601984128851],[-5.9698035734428325,37.336067494395984],[-5.969811119825196,37.336088606075236]],[[-5.971791006116203,37.43619464507043],[-5.9718214341485645,37.4361962942029]],[[-5.971791006116203,37.43619464507043],[-5.971789702524556,37.43620995980866],[-5.97181550752783,37.43626296841405],[-5.97168945366578,37.43661151574062],[-5.97157338091816,37.436932473706314],[-5.971475915340854,37.43720195451468],[-5.971378613002842,37.43747100764162],[-5.971281054876304,37.437740751930974],[-5.97118369029471,37.43800997767082],[-5.971086313785264,37.43827920363374],[-5.970993032440761,37.438537135361145],[-5.970958044075504,37.43863387908593],[-5.970982150020556,37.43864365281352]],[[-5.971791006116203,37.43619464507043],[-5.971324370254026,37.436169326175616],[-5.971064396874431,37.436162828580954],[-5.970089927699807,37.436057074364705],[-5.969125682353044,37.43596148023626],[-5.968599866905716,37.43591118329014],[-5.968531123300342,37.43590844203493],[-5.967437688326362,37.43570155679307],[-5.966330908733403,37.43528628424743],[-5.966610724634058,37.43491758865373],[-5.966614258830117,37.43444785004401],[-5.966618463140038,37.43444014850683],[-5.9668308558584835,37.43405157472647],[-5.966863629055946,37.43399162393041],[-5.966855742712447,37.4336495638854],[-5.966926445898275,37.433498031705916],[-5.966931216917516,37.4334878019671],[-5.967186345925878,37.43294093719849],[-5.967201565099316,37.432908305930574],[-5.967216659471739,37.43287594811402],[-5.967857626343665,37.43190229622318],[-5.968535438989069,37.4308581351415],[-5.969605620995958,37.42954615914903]],[[-5.970995971368897,37.43862197706875],[-5.970982150020556,37.43864365281352]],[[-5.970982150020556,37.43864365281352],[-5.970288238693898,37.43973178063395],[-5.969946346073857,37.43982352009354],[-5.9698689022546425,37.44002288041099],[-5.969853856347826,37.440061607801134],[-5.969861272851271,37.44006483629323],[-5.970165033923778,37.440197211993336],[-5.970539616949805,37.44036045071881],[-5.970543250603166,37.44036203528224],[-5.970648636835943,37.440407960281014],[-5.970656846968297,37.44041153819098],[-5.970607819589149,37.44048508133576],[-5.969978238942826,37.44142936632146],[-5.969631433626483,37.442009646651684],[-5.967425069520733,37.44516475702876],[-5.968989779044696,37.445815861565194],[-5.969144208942643,37.4460015069937],[-5.969167365479397,37.44611808016157],[-5.968889234132737,37.44660430037823],[-5.968912572826979,37.446648333931336],[-5.970737827388499,37.44701587858067]],[[-5.970737827388499,37.44701587858067],[-5.970767401630343,37.4470218294031]],[[-5.970737827388499,37.44701587858067],[-5.970733608457663,37.44702921222862],[-5.97076009425487,37.44708648383194],[-5.970716453399071,37.447451284164444],[-5.970670883814312,37.44783218080806],[-5.970633255176001,37.448146731105126],[-5.970595701561755,37.44846061271443],[-5.970524204392361,37.44902112032537],[-5.970487671822496,37.449325406978616],[-5.970449488019399,37.44964337714414],[-5.9703769637791835,37.45024736839988],[-5.970334390723576,37.45060180653839],[-5.970281258589758,37.45065061071626],[-5.9702375976779285,37.451104372563805],[-5.9702207189650345,37.45127960202422],[-5.970212767466265,37.45136226669348],[-5.970017193923856,37.45141936622316],[-5.969990295745626,37.45167014893026],[-5.969747980316536,37.45228890763655],[-5.9696999805545,37.45241146908675],[-5.968947989413206,37.45283196221045],[-5.968037563111004,37.453341042442375],[-5.967934299973127,37.45391537631987],[-5.9689859610241065,37.45523614231594],[-5.9690087072157,37.45524169754378],[-5.969253906542886,37.455301615171095]],[[-5.969876972330661,37.429455510464635],[-5.969888528311024,37.42943800965327],[-5.969761004195468,37.42938444066321],[-5.969675356295597,37.4294112382371],[-5.9696051095289,37.42949379416277]],[[-5.969876972330661,37.429455510464635],[-5.969846023843454,37.42944062830467]],[[-5.9696051095289,37.42949379416277],[-5.969587035392031,37.42951503534923],[-5.969580697456303,37.42952248427447],[-5.9695743598752316,37.42952994220106],[-5.969605620995958,37.42954615914903]],[[-5.969605620995958,37.42954615914903],[-5.969636646519288,37.42950812026],[-5.969631963826378,37.42950599436722],[-5.9696051095289,37.42949379416277]],[[-5.9696051095289,37.42949379416277],[-5.969367785610254,37.42938597483103],[-5.969330634296231,37.4293690949545]],[[-5.964940447468003,37.316091414516904],[-5.9648963004717785,37.31618981941038],[-5.964846168144774,37.31632595811049],[-5.9647796926972365,37.31658705283893],[-5.964738878075284,37.316849450371755],[-5.964593094150622,37.31916127456778],[-5.964553538820175,37.31942044160636],[-5.964511452031703,37.319646215299315],[-5.964497970355208,37.31971855801895],[-5.9643894648583515,37.31996043226634],[-5.964214700275104,37.32021645658389],[-5.96408447822072,37.32038178834041],[-5.963677899603239,37.32085278947508],[-5.963562272098712,37.32096780839565],[-5.963476798644585,37.32105746307382]],[[-5.964319070694792,37.42722213636869],[-5.964327999741094,37.42722966137709],[-5.964327611360353,37.42724100646043],[-5.964754229171609,37.42769377628986],[-5.969232129473072,37.429148406269455],[-5.969292403034004,37.42916798471104],[-5.9693399061992185,37.429356120871745],[-5.969330634296231,37.4293690949545]],[[-5.969330634296231,37.4293690949545],[-5.969291952563187,37.42935151467467]],[[-5.969261770971176,37.45527813411939],[-5.969253906542886,37.455301615171095]],[[-5.969253906542886,37.455301615171095],[-5.9680625296297825,37.45885813054437],[-5.967828532275163,37.45937116272173],[-5.967855039765448,37.459428911866745],[-5.967730093528001,37.45966584940643],[-5.967573647833937,37.45986716687068],[-5.967096362657688,37.460464911305934],[-5.966675401921173,37.461021637266555],[-5.966189288040632,37.4617103543741],[-5.96602535007392,37.46196196581881],[-5.965490158646276,37.46282351013711],[-5.965014341055784,37.463721513571095],[-5.964488145007562,37.46470656966834],[-5.963985192898544,37.46564251814872],[-5.962774316201588,37.46684283295742],[-5.96266539858993,37.46728563289451],[-5.962663791529206,37.46729216983536],[-5.962595842813875,37.46756844468363],[-5.962581387257351,37.46762719584628],[-5.961847489120588,37.46797730632955],[-5.959150329923854,37.47115025958677],[-5.958344422105323,37.47223515420479],[-5.9583077210783255,37.47228263145188],[-5.9575724574732485,37.473082792083765],[-5.9572315937710965,37.47289234167123],[-5.95719830931288,37.472928722094416]],[[-5.963476798644585,37.32105746307382],[-5.96324706520073,37.32129841031767],[-5.963231406825227,37.32131482385117],[-5.963110682302617,37.321441431739764],[-5.9630999032772865,37.32148037591669],[-5.9627387337545406,37.32189271139742],[-5.962308381461225,37.3223356677272],[-5.962232118179938,37.32246339534444],[-5.962121605072941,37.32259125119547],[-5.962044268354583,37.32260205542567],[-5.961822207917627,37.322848133106895],[-5.9603828774921475,37.324443066263576],[-5.960123245291016,37.3247078328486],[-5.959862664130788,37.32499532066061],[-5.959518647058571,37.325380104007486],[-5.959096757070217,37.32585506864605],[-5.958697229644867,37.32630742292541],[-5.958425021420638,37.32661345442682],[-5.9583640729011265,37.326684019833834],[-5.957977772740579,37.32710129541879],[-5.9569566240462875,37.32818404322935],[-5.956937188156706,37.32821008380014],[-5.956655197567326,37.3285878291732],[-5.9564439878759545,37.32901047033729],[-5.956346818808822,37.32927650921756],[-5.956334066759168,37.32934351651464],[-5.9558907229312625,37.330766773045994],[-5.955740355378634,37.33109838812241],[-5.955514181132671,37.3314107591598],[-5.955338502205404,37.33157232538312],[-5.954936676912741,37.331858558176954],[-5.9541504771077,37.332347315550464],[-5.952853396238182,37.33312111666436],[-5.951941403357817,37.333665174033456],[-5.951838816909254,37.33372138565457],[-5.951647455802588,37.33383755463838],[-5.9514841137100305,37.33393672333053],[-5.951324673824852,37.33404708482633],[-5.951141708705023,37.33417569446309],[-5.950963144663395,37.33430893360406],[-5.950855831165221,37.33441018090546],[-5.9506939915583095,37.33459822895109],[-5.950646359298409,37.33467317977687],[-5.9505194633220775,37.334909265622706],[-5.950471531345196,37.33502615080634],[-5.950338508715903,37.33537096872688],[-5.950274476628075,37.335536958684294],[-5.95016795765456,37.33581309291078],[-5.950106824315329,37.33597156757083],[-5.95000567303875,37.33624676574175],[-5.949893907463953,37.33653911482515],[-5.949787404582337,37.33681774429553],[-5.949624923941161,37.33724276220391],[-5.949407567612783,37.33780431012212],[-5.949192444132575,37.338360125188494],[-5.948979429789591,37.33893444036065],[-5.948784826097343,37.33944981623468],[-5.948742107534694,37.339574319923265],[-5.948615727254887,37.339827385208636],[-5.9485274934763,37.3399677387202],[-5.948342904423694,37.340255784629065],[-5.948056193712901,37.34050783836738],[-5.946919882819467,37.34149149110355],[-5.946719438974303,37.34170219426699],[-5.946571671771593,37.34189316604036],[-5.9462674337606565,37.3422863641521],[-5.94618060937133,37.34240752404306],[-5.9458340061860095,37.34291287939486],[-5.945113136311582,37.34398481960257],[-5.945022191669042,37.344140700589506],[-5.945004347493997,37.344165510214495],[-5.9449397693835815,37.34425533428833],[-5.944886397700922,37.34432955186587],[-5.94485793532179,37.344369142311066]],[[-5.959076493082793,37.38925296588874],[-5.959079116818691,37.38903699940506],[-5.959080245065141,37.3889439631709],[-5.9591542667439095,37.38864162193926],[-5.959164203104553,37.38857298220364],[-5.9591726189519205,37.38851477884552],[-5.959182562673011,37.388446039806325],[-5.959309941971391,37.38757104146287],[-5.959313612095168,37.38752941942524],[-5.959314236977669,37.38752233941972],[-5.959361290883435,37.38752314319689],[-5.959576708938556,37.387527758182955],[-5.959873270313648,37.387538269399755],[-5.960065051005373,37.387543980242576],[-5.960618788217706,37.38756048088803],[-5.961153644374001,37.387576406901246],[-5.96148626724819,37.38758529841069],[-5.961718845201788,37.387591506751185],[-5.9619572782930685,37.38759785618818],[-5.962035573428539,37.387599957153476],[-5.96237743100596,37.387609065161556],[-5.963020996091435,37.38763059183143],[-5.963117124012297,37.38763531748837],[-5.964286630983868,37.387659729845105],[-5.9643433549931775,37.38766091074997],[-5.964999281858008,37.3876745925584],[-5.965393962160689,37.388136484542976],[-5.965357589482043,37.388156274738115],[-5.965344797967521,37.388163227616026],[-5.965311985160175,37.388181081269224]],[[-5.964319070694792,37.42722213636869],[-5.964348607260878,37.427199859699485]],[[-5.949996210540016,37.412086967068916],[-5.950000623065181,37.41211563688173],[-5.950001457162196,37.41212105848264],[-5.950001640990736,37.41212228835053],[-5.9500026702017506,37.41212893953747],[-5.949549420064198,37.41216556894675],[-5.9494707871708,37.41217192056524],[-5.949539377245829,37.41269288860072],[-5.949439211129724,37.41292371953683],[-5.949474774270577,37.41311346082205],[-5.949636691923672,37.41333868462153],[-5.949707039476922,37.413698281937066],[-5.949845456040368,37.414001340529],[-5.9501039024798965,37.41433754292366],[-5.950208038563835,37.41456295643568],[-5.950264618611774,37.41477087857063],[-5.950281547277327,37.414883836687636],[-5.950301921204649,37.415035058049135],[-5.950351295453802,37.415401549194115],[-5.950687264629649,37.41790549510637],[-5.9507425291282905,37.418317432580885],[-5.950759860718741,37.418446644690604],[-5.950766918590977,37.41849921665545],[-5.950778576567614,37.41858607632066],[-5.950891768808636,37.41877749986468],[-5.951065790975871,37.41907172866973],[-5.951078557813302,37.419093323568624],[-5.951357728229582,37.419264497607095],[-5.951402516496631,37.419291960217855],[-5.95139222330854,37.41931292386052],[-5.950806432591899,37.420506502510904],[-5.950958671145137,37.42127519896703],[-5.951121455042369,37.422097127753446],[-5.953138714643736,37.423892445370136],[-5.953181892676904,37.423930877380684],[-5.953183145818484,37.42404466830016],[-5.954421944670695,37.424066138299224],[-5.956423386824274,37.424192088650265],[-5.957804499266257,37.42427899102202],[-5.957818110881816,37.42427978548631],[-5.95893421605512,37.42434514362927],[-5.95945010459619,37.42439631977373],[-5.96026131180785,37.424590182017525],[-5.961463557498121,37.42510141860205],[-5.96205642106335,37.425442407569186],[-5.962707668682781,37.42586962913296],[-5.963154902457765,37.42621764431493],[-5.963299022331633,37.426350764370596],[-5.9636095193298155,37.42663756628238],[-5.964286265322025,37.42724690090314],[-5.964319070694792,37.42722213636869]],[[-5.9574007927365855,37.29908393028317],[-5.957375693224147,37.29911724003834],[-5.957354270683291,37.29914565509485]],[[-5.9574007927365855,37.29908393028317],[-5.957342486700891,37.2990521838464],[-5.95698628706331,37.29886191778941],[-5.9567725654338854,37.29874296754687],[-5.956212316916336,37.29844157121449],[-5.9556132166477935,37.29811628251647],[-5.9551859533996945,37.29788303054401],[-5.954927715624754,37.297744987189816],[-5.954397269824025,37.297459146690436],[-5.954224725839022,37.2973615456228],[-5.952370163953045,37.29631250421127],[-5.952209793716323,37.296221786747275],[-5.952099873140907,37.29618669464537],[-5.952053604814385,37.29617192765301],[-5.9513321506344,37.29576867295645]],[[-5.959347324348922,37.38922452441959],[-5.959345855685357,37.389242879865236],[-5.959345449401249,37.38924805314629],[-5.959343414741718,37.38927355019584],[-5.959076493082793,37.38925296588874]],[[-5.959076244362255,37.38927343883362],[-5.959076493082793,37.38925296588874]],[[-5.959076493082793,37.38925296588874],[-5.959054389835584,37.38925126131586],[-5.959053929568983,37.389272574030215],[-5.959076244362255,37.38927343883362]],[[-5.958155389163138,37.39104019534755],[-5.95821973718737,37.39098965633393],[-5.958641709919329,37.39065821163232],[-5.958862703350517,37.39047275258192],[-5.9588682928364465,37.39046240352933],[-5.958888069598502,37.39040218563011],[-5.958976745505901,37.390181510514225],[-5.95902769778572,37.390051715466775],[-5.959063562060743,37.38984641055961],[-5.95906656629486,37.38982058286911],[-5.959069089654075,37.389798894101624],[-5.959069977132312,37.389791311935866],[-5.959076244362255,37.38927343883362]],[[-5.958155389163138,37.39104019534755],[-5.958198410253642,37.391069339913095],[-5.958341441773209,37.39116620932311],[-5.958333245627463,37.39134027511342],[-5.958294386615085,37.39153668919458],[-5.958180931134129,37.39170857885371],[-5.957492883342228,37.393511094300926],[-5.957409515300402,37.393875274305415],[-5.9573984553062465,37.39421723510659],[-5.957387175211651,37.39421700386554],[-5.957381817757389,37.39421689468668],[-5.957372052347314,37.39421669761357],[-5.957339104795563,37.39421601757552]],[[-5.953571583027658,37.392714837567496],[-5.953579027989025,37.392715192086705],[-5.953587344161793,37.39271558790015],[-5.953703535778617,37.39272118916053],[-5.953973452212013,37.392732813513454],[-5.9541078731165165,37.392889698118445],[-5.9562876194592365,37.391774828359694],[-5.956428947687476,37.39170254961323],[-5.956434447373795,37.391699961093],[-5.95644036839624,37.3917075170399],[-5.9564851913236385,37.39176469435248],[-5.9568275878053925,37.39158910420639],[-5.956776398473584,37.39152482376455],[-5.957964881912991,37.390916905682914],[-5.958155389163138,37.39104019534755]],[[-5.9513321506344,37.29576867295645],[-5.951317246268857,37.295784408306254],[-5.951309740032665,37.29579233589956]],[[-5.9513321506344,37.29576867295645],[-5.950521121566258,37.295315332098156],[-5.950370996610643,37.29524942440322],[-5.9478629258990345,37.293925510188664],[-5.946613148140279,37.29280071779018],[-5.946523223759955,37.29271977078889],[-5.946337430510558,37.292542237767734],[-5.946336143652172,37.292502622351925],[-5.946330553695787,37.29233079969843],[-5.94611950314629,37.29206553574933],[-5.94597630012866,37.29199928761002],[-5.945599048347324,37.291500584288784]],[[-5.950931189877025,37.40793415040437],[-5.950995508029513,37.40791718952764],[-5.9528274296335955,37.40743414300859],[-5.953700793821104,37.407084014749266],[-5.954831414335584,37.40646861480798],[-5.954840737030818,37.40646354289941],[-5.9551095964971426,37.40675734045968],[-5.955533820679608,37.40652203799862],[-5.9555443555868655,37.406516196833685],[-5.955553630267136,37.40651105398566]],[[-5.95719830931288,37.472928722094416],[-5.956946078655857,37.473204401771845],[-5.956410999321216,37.47292620270266],[-5.956376303504681,37.47289209254243],[-5.956321766797094,37.47283848477223],[-5.956181427633065,37.47282832996534],[-5.954254609288667,37.47185409681569],[-5.954188847871903,37.4718208444491],[-5.9541792970472835,37.471791051203816],[-5.95414201491536,37.471801165885516],[-5.954128472491491,37.47185573037759],[-5.954101472857501,37.471886375141075],[-5.954082902964793,37.471907446982755],[-5.953830555026863,37.4721938546903],[-5.9535088213239185,37.47252067114295],[-5.952956850583122,37.473142386180164],[-5.952760533996916,37.473035376155266],[-5.952734029460879,37.47293189485347],[-5.951505806421014,37.472282795682425],[-5.951383772639169,37.47230568781989],[-5.951009538400505,37.47212775802189],[-5.950978868563908,37.472020631981245],[-5.950083564048006,37.471571700169584],[-5.949706209997158,37.471571821068764],[-5.949595345674702,37.47172031010466],[-5.949438602020872,37.47173105613442],[-5.9490659446538885,37.47210334791127],[-5.947677955376786,37.473447240374746],[-5.947602774542339,37.47351313769026]],[[-5.9571884435823605,37.47302601299967],[-5.957198543348211,37.47301550598873],[-5.95723918091937,37.472973219666436],[-5.957244328184774,37.472967855592834],[-5.9572494867437635,37.47296249123614],[-5.95719830931288,37.472928722094416]],[[-5.953571583027658,37.392714837567496],[-5.953557815303238,37.39287729257603],[-5.953557050091416,37.392886277314645],[-5.953552104951853,37.39290385459257],[-5.9535496572288205,37.392912557009],[-5.953546080276026,37.39292528838933],[-5.953544930603028,37.39292937192831],[-5.953432359460491,37.39295356837814],[-5.953335295718363,37.39295192195418],[-5.953278870411003,37.392950971641376],[-5.953271208616451,37.39295084779032],[-5.953259659336199,37.39295065892205]],[[-5.949931352474807,37.39253683487096],[-5.94993324152793,37.39251704532548],[-5.950636820924106,37.39255542307905],[-5.953397973223438,37.3927060040085],[-5.953471141625816,37.392709995808524],[-5.953571583027658,37.392714837567496]],[[-5.949996210540016,37.412086967068916],[-5.950004631404842,37.41208623415078],[-5.950006710297923,37.412099770290276],[-5.950008359610844,37.41211761523708],[-5.950008612316943,37.412120312120464],[-5.950008865023087,37.41212300900383],[-5.950015970173668,37.41219984556926],[-5.950024184810433,37.41225256896324],[-5.950033069145697,37.41230969084842],[-5.950041635239735,37.412364748231106],[-5.950055427182095,37.41245336591223],[-5.950067466628141,37.4125307189952],[-5.950080984133725,37.41261752337357],[-5.950091197358685,37.41268317217667],[-5.950269269552253,37.412846809355806],[-5.950481092633478,37.41289323973861],[-5.950601009280774,37.412880422794316],[-5.950618556797948,37.41298094875988],[-5.950854228045868,37.412946840304926],[-5.951248458979239,37.412905625235894],[-5.951705407351264,37.41285607467106],[-5.9517114803169955,37.41289277644953],[-5.951800355201455,37.41288343716262],[-5.951811582146985,37.41295644918247],[-5.951804714913514,37.412962802090966],[-5.9518136134000725,37.41296962604712],[-5.951818908221598,37.41300405856039],[-5.951888784207467,37.41345090723404],[-5.951948140193281,37.41386199418261],[-5.9519320408445795,37.41386338768578],[-5.951944099710175,37.41394319093431],[-5.951952321026152,37.413948301756584],[-5.951956235150718,37.413974325790356],[-5.95195663429516,37.41397700999733],[-5.95195703343965,37.413979694204315],[-5.951960123878913,37.41400027837341],[-5.95193097574476,37.414003079252986],[-5.951931798724825,37.41400850111392],[-5.951932608298059,37.41401386924604],[-5.951933417871432,37.414019237378135],[-5.951928938614629,37.414019664689775],[-5.951924414215733,37.41402009312939]],[[-5.950931189877025,37.40793415040437],[-5.950961568939478,37.40800419720427],[-5.951015297314337,37.40812807601613],[-5.950200476992911,37.40956638972175],[-5.949784282847489,37.41030105049136],[-5.9497626955147,37.41052381923073],[-5.949785416107263,37.41071677359917],[-5.949996210540016,37.412086967068916]],[[-5.944926186451977,37.39615720427903],[-5.9449652495327285,37.39625692485963],[-5.945682387591401,37.39808767622959],[-5.9456841195751675,37.398092102338374],[-5.945735911702989,37.398387829755485],[-5.945742631292589,37.398404539196235],[-5.945918812486314,37.398843083686465],[-5.94593720812585,37.398888849716194],[-5.94605096614029,37.39917197562999],[-5.946419898105464,37.4001713211496],[-5.946466353861629,37.40029673537326],[-5.946453972082084,37.40041598501584],[-5.948000475794618,37.40420652107012],[-5.948646624803387,37.405790138073044],[-5.948873565042712,37.406346305749416],[-5.948888187846753,37.40635914133408],[-5.948994758316253,37.40645266972969],[-5.949170931711398,37.40654504607028],[-5.950621382735833,37.40721211649335],[-5.95069998427752,37.40739531305576],[-5.950738488963703,37.40748504346699],[-5.950931189877025,37.40793415040437]],[[-5.944926186451977,37.39615720427903],[-5.944931410796929,37.396155929695745],[-5.944933128975161,37.396155391279414],[-5.944936521960164,37.396154648922845],[-5.944944375225027,37.39615273212435],[-5.944956557956948,37.39614976128265],[-5.944961839420305,37.39614850329558],[-5.944979190434187,37.396143979933235],[-5.945037274170845,37.39613011532769],[-5.945922474776072,37.3959143433119],[-5.945990301919102,37.39589781141501],[-5.947393564364213,37.39477739478043],[-5.949899067826598,37.39277676613326],[-5.949909229965695,37.39276865509654],[-5.949931352474807,37.39253683487096]],[[-5.949931352474807,37.39253683487096],[-5.94991894540467,37.39253608139823],[-5.9499133193857,37.39253574430572],[-5.949901286044173,37.39253501754237],[-5.949554760067216,37.39251397904804],[-5.94957464215431,37.39228518831827],[-5.949587721440927,37.39212223719033],[-5.949603165210085,37.391927716709205],[-5.949620751132794,37.3917048852755],[-5.9496332198707425,37.39154623845695],[-5.949647376868453,37.39137045624092],[-5.949662833046224,37.391180864267234],[-5.949678734610067,37.39098708021683],[-5.949693924746615,37.390802225477984],[-5.949706333038695,37.39065096890009],[-5.949721086888224,37.39047140529921],[-5.9497361011241985,37.3902895554925],[-5.949750200175271,37.390123821592574],[-5.949766280818622,37.389934898805556],[-5.949775206926059,37.389829908849606],[-5.949536614995715,37.389818817249164],[-5.949037939879017,37.38979603368202],[-5.9485340498400845,37.38977272937492],[-5.947564679580742,37.38972760694868],[-5.945717986195842,37.389643017667986],[-5.945723132037103,37.38957948119801]],[[-5.945599048347324,37.291500584288784],[-5.94558477034657,37.29150781516045],[-5.945569563457216,37.29151551970667],[-5.945565526783924,37.29151756658265],[-5.9455428768320875,37.29152904281118],[-5.943422714843474,37.292595609677605],[-5.943407074040134,37.2926034779356],[-5.942975257950057,37.29282069835595],[-5.942740183712217,37.29306809165618],[-5.942709230908278,37.29310066099295],[-5.942665730584944,37.29311774662206],[-5.942603012910646,37.29314238389994],[-5.942334934700079,37.293247686403504],[-5.942049848930068,37.293359673937836],[-5.940376417159034,37.29401697551856]],[[-5.945599048347324,37.291500584288784],[-5.945568363837564,37.29146280941443],[-5.943555232399771,37.28898438763121],[-5.943548845658457,37.288914010052956],[-5.943499368615082,37.288854679940236],[-5.943418156863183,37.28882372171405],[-5.94330401547525,37.28868576875227]],[[-5.94330401547525,37.28868576875227],[-5.943313017214762,37.28868090415439],[-5.943355363931139,37.28865801704923],[-5.943362250196761,37.28865414222172]],[[-5.94330401547525,37.28868576875227],[-5.943152889234307,37.28850312342682],[-5.943146000456444,37.288444156973256],[-5.943115489586306,37.288406431145255],[-5.943068899813722,37.28838932568733],[-5.942997597328172,37.288297495878794],[-5.942743887915886,37.287970688858216],[-5.942703730804074,37.28791896587254],[-5.942544355998899,37.28775319492896],[-5.942315563775092,37.287474452301254],[-5.942263954160456,37.28741157035999]],[[-5.94485793532179,37.344369142311066],[-5.944855848203727,37.34437205071314],[-5.94473219245346,37.34454402866342],[-5.944696001230882,37.344594363192854],[-5.944602349098074,37.344724612707196],[-5.944431422186584,37.344962347917246],[-5.94420631095902,37.345289089014685],[-5.944014710279113,37.34557201383851],[-5.943806600476572,37.3458793090859],[-5.9435929198071245,37.34619485238384],[-5.943246447801544,37.34670644168818],[-5.943130361179173,37.34687445406408],[-5.942961420552376,37.34707514871894],[-5.942589971320181,37.34741646046192],[-5.942353981520541,37.34758699758216],[-5.940757150657526,37.34862469543564],[-5.940676540368075,37.34867702601313],[-5.9404007828853995,37.34881932692524],[-5.94025055650997,37.3488968530428],[-5.940109711530544,37.34896952310111],[-5.940062988319663,37.34899363569245],[-5.939936769583177,37.34906887922632],[-5.93985187594449,37.34910258246861],[-5.939678003882061,37.34919229283391]],[[-5.94485793532179,37.344369142311066],[-5.944826893999575,37.344353435044034],[-5.944801195186537,37.344340433048224]],[[-5.942263954160456,37.28741157035999],[-5.942240115025883,37.287424057710254],[-5.942252321735807,37.287438928218556],[-5.942258644752193,37.28744664635301]],[[-5.942263954160456,37.28741157035999],[-5.941916921046104,37.286988748229525],[-5.941849948268257,37.28686672287463],[-5.940734485399247,37.28556510927163],[-5.940672494414424,37.28545914271026],[-5.940604302275436,37.2854169105797],[-5.939495178498077,37.28417995043067],[-5.938549332467779,37.283126013876384],[-5.938209765352047,37.28274763397573],[-5.937948383109591,37.28271443465143],[-5.937881677689648,37.282705963512804],[-5.937734709459953,37.28250141019462]],[[-5.945787472064602,37.38879068769236],[-5.94580520276684,37.388588215160866],[-5.945825596009467,37.38835546534264],[-5.945835701286876,37.38824007487252],[-5.945846230329213,37.388119934214984],[-5.945860560356223,37.38795642046988],[-5.9458680111092335,37.38787129098097],[-5.945872119391129,37.38787152194425],[-5.945879792673198,37.387871952362666],[-5.945883561448097,37.38787216475847],[-5.945886017321437,37.387872301760765]],[[-5.945787472064602,37.38879068769236],[-5.945789353291981,37.388790792043814],[-5.945792216749868,37.38879095492811],[-5.945792544979267,37.38879097377656],[-5.945798067765311,37.3887912776024],[-5.94580043306194,37.388791407853574]],[[-5.945783174225212,37.38883976598577],[-5.945787472064602,37.38879068769236]],[[-5.945783174225212,37.38883976598577],[-5.945775854457504,37.38883942586638],[-5.945778853774466,37.38880528169245],[-5.945780163573545,37.388790282290906],[-5.945787472064602,37.38879068769236]],[[-5.945723132037103,37.38957948119801],[-5.945780544403325,37.38886979207567],[-5.945783174225212,37.38883976598577]],[[-5.945723132037103,37.38957948119801],[-5.945713030860709,37.38957761553185],[-5.945707297541651,37.38957655104408],[-5.9457016780993595,37.389575510748905],[-5.945646802960663,37.38956534521087],[-5.945431166371918,37.38955327648827],[-5.945420091525092,37.38972438612204],[-5.945419794282601,37.3897289078844],[-5.945419497392575,37.38973343864865],[-5.94541894063506,37.38974200366661],[-5.945417105343409,37.38977040603921],[-5.945388105483801,37.38976984046468]],[[-5.933982212134753,37.39670028676004],[-5.934210136298382,37.396703456682935],[-5.9343966450534,37.39670604192609],[-5.934417270274459,37.396704943942986],[-5.9344756520393185,37.39670183587305],[-5.934814984377632,37.39670163364378],[-5.934823601451258,37.39670162682946],[-5.934838754639333,37.396706170242176],[-5.934847919607906,37.39670891609972],[-5.934896373297153,37.39672344509744],[-5.9355519226933575,37.39673759619854],[-5.937745489925335,37.39678492769821],[-5.9379560010709325,37.396627421218575],[-5.938287764579861,37.39601843671127],[-5.938300368075448,37.39599529917253],[-5.938654230434244,37.39608927374583],[-5.940925450940481,37.39614160709713],[-5.941745009814544,37.396160480488305],[-5.943816769298869,37.396208155114785],[-5.943908219373873,37.3962102555531],[-5.94479963509951,37.3961819303169],[-5.944811512826214,37.39618155315686],[-5.944818311846756,37.39618011317863],[-5.944926186451977,37.39615720427903]],[[-5.947602774542339,37.47351313769026],[-5.947594995344193,37.473519441094716],[-5.947642285554029,37.47355277990832],[-5.947651597519413,37.47355987301124],[-5.947727278535253,37.47361311913674],[-5.947730706304507,37.473615475417695],[-5.947734982280107,37.47361841422894],[-5.947739211662649,37.47362131816107],[-5.947739641589935,37.47362161378611],[-5.947743501764147,37.473624328703956],[-5.947748593832777,37.473627895899746],[-5.94775113986728,37.473629679497556],[-5.947761291184481,37.47363684173946],[-5.947796063225319,37.47363731608589],[-5.947873898891837,37.47369446395926]],[[-5.947733045792894,37.47369196191216],[-5.947721140154734,37.47368705106415],[-5.947709245812591,37.473682139932855],[-5.947697914810563,37.47367746703091],[-5.947495932343803,37.47358809716322],[-5.947587863399313,37.47350309375085],[-5.947602774542339,37.47351313769026]],[[-5.940376417159034,37.29401697551856],[-5.940335959595383,37.294032867309774]],[[-5.9345927795859845,37.297872356281346],[-5.9346011175819635,37.29787300538945],[-5.934603674720536,37.29787321225472],[-5.93460624277739,37.29787340983817],[-5.93460926366678,37.2978736502487],[-5.934893722153532,37.29789592083177],[-5.93491818225566,37.29789783678309],[-5.934976636297405,37.29760909437058],[-5.935174018597562,37.29733901617731],[-5.937089440104928,37.29605720261412],[-5.937168018225291,37.296009908562006],[-5.940236488672421,37.294163032592195],[-5.940387489789714,37.29403195549036],[-5.940376657591512,37.294017357004805],[-5.940376417159034,37.29401697551856]],[[-5.937734709459953,37.28250141019462],[-5.937755269259603,37.282491897692054],[-5.937761213760258,37.28247831490072],[-5.937909570859785,37.28239480283231],[-5.93792101855782,37.282342093511815],[-5.937851165693274,37.28226285746682],[-5.937833363369955,37.28224266490133],[-5.937742110161563,37.28213915358276],[-5.937725594018236,37.28212042484807],[-5.937659541144597,37.282045518604455],[-5.937641361607127,37.282024902857664],[-5.937164795228265,37.28148453784374],[-5.937083630976548,37.28139248047984],[-5.9365462952482035,37.28078318425942],[-5.9365159697639465,37.28074860575855],[-5.936490541163079,37.280719609519906],[-5.936508673409878,37.28070944565538],[-5.936536781240427,37.28069366365575],[-5.936469292786428,37.28061686401556],[-5.936368320989323,37.28050198689493],[-5.936465557047772,37.28044741809242],[-5.936104901173264,37.28003707116042],[-5.935834482197032,37.27972937820119],[-5.935619057933207,37.279484278435746],[-5.935410465740684,37.27924693820951],[-5.935156381118347,37.27895782398139],[-5.93517574864516,37.278946953856156],[-5.935125228787038,37.278889456976394],[-5.93510724076267,37.27889955397122],[-5.934963883389575,37.27873644715455],[-5.934820695665317,37.27881679957524]],[[-5.937734709459953,37.28250141019462],[-5.937712259718099,37.282470168644245]],[[-5.939678003882061,37.34919229283391],[-5.939711252255742,37.349239366990425],[-5.9397151710227885,37.34924491925805]],[[-5.939678003882061,37.34919229283391],[-5.939667404594559,37.3491977646619],[-5.939655566289675,37.34920388003534],[-5.939519212452887,37.349274239084394],[-5.939385381148692,37.34934330077517],[-5.9392223504554735,37.34941901751085],[-5.9391638387048085,37.34944619821632],[-5.938864842516041,37.349536018253936],[-5.93851608218983,37.3496970341871],[-5.9382724699690845,37.34980510119226],[-5.937869354622382,37.34998767759149],[-5.937468086322121,37.350171648457774],[-5.937072398088199,37.350345936947285],[-5.93657809357083,37.35056367324833],[-5.9358585462886335,37.350882048017525],[-5.935526553721397,37.35094710685408],[-5.935158705094349,37.351142323404424],[-5.934689557087117,37.351519899656466],[-5.934660172051342,37.35154354361118],[-5.934503069268396,37.351669972462595],[-5.934001579660764,37.35256370986284]],[[-5.93484647204562,37.27884636426724],[-5.934820695665317,37.27881679957524]],[[-5.934820695665317,37.27881679957524],[-5.934583208332588,37.27854438375772],[-5.933952712378099,37.27782119149114],[-5.933893836619073,37.27774419462962],[-5.933807378618577,37.27765701484822],[-5.933732460804523,37.27763352567738],[-5.933593785756563,37.27740763958619],[-5.933341307247461,37.27709043057696],[-5.931940055378781,37.27492116807544],[-5.931529083527928,37.274255433400626],[-5.931535350180792,37.274224569130226],[-5.931545571226189,37.27417415244039],[-5.931287484959347,37.27375084870581],[-5.93111449481332,37.27352186299191],[-5.930862308833823,37.27318802485229]],[[-5.9345927795859845,37.297872356281346],[-5.934594067306929,37.2978634126341],[-5.934595365945899,37.29785445970507],[-5.934596653666365,37.29784551605781],[-5.9345979523048715,37.297836563128755]],[[-5.934110088123293,37.29811811940841],[-5.934273411101511,37.29813233178766],[-5.93458468541351,37.29792845120083],[-5.9345927795859845,37.297872356281346]],[[-5.934110088123293,37.29811811940841],[-5.934113366141941,37.29809160936624],[-5.934115815014397,37.298071914048094]],[[-5.927558948583636,37.29958430774492],[-5.927679259014132,37.29973879326263],[-5.928168565711548,37.29972898466164],[-5.928648482006684,37.299689382546845],[-5.9295387924177225,37.299513866149105],[-5.9299812303059305,37.29951652876058],[-5.9305492981616075,37.29946544457992],[-5.931032639081505,37.29934594816326],[-5.93186581937249,37.29904671525436],[-5.932107419854244,37.298918015621226],[-5.932640971763813,37.29863862332519],[-5.9334778799259915,37.298384304822385],[-5.9338683459482,37.29809707589839],[-5.934110088123293,37.29811811940841]],[[-5.934001579660764,37.35256370986284],[-5.933996514097537,37.35257275625296],[-5.933991901512443,37.352580971419926],[-5.933987300553536,37.35258919530885],[-5.933982688317184,37.352597419477576]],[[-5.934001579660764,37.35256370986284],[-5.933984163569863,37.352558213128674],[-5.933977098962651,37.35257244526945],[-5.933952421457865,37.3526222024875],[-5.933916147216672,37.35269531509088],[-5.933892996979773,37.352737339205135],[-5.933866885597417,37.3527847711835],[-5.933843051423766,37.35282807377078],[-5.933832488688358,37.352847258541594],[-5.933775776943115,37.35293699864925],[-5.933721446908161,37.35302297619446],[-5.933633550568488,37.35316205823364],[-5.933632541002739,37.353163669184156],[-5.9335318547911395,37.35332330675375],[-5.933420785407309,37.35351052253949],[-5.9333849916555925,37.35356237571548],[-5.9333709404912724,37.35358271029547],[-5.933367435981229,37.353587789229316],[-5.933310210305888,37.35365885358539],[-5.933256100314468,37.35371630644371],[-5.933194746645131,37.35377441661911],[-5.933148436151225,37.35381911487982],[-5.933117084163156,37.35384938512944],[-5.9330736178841255,37.353884803790855],[-5.933030162490372,37.35392021315593],[-5.932963437202539,37.35398039383024],[-5.932881446902944,37.35405003610699],[-5.9327942590073315,37.3541160678424],[-5.932735397020665,37.35415788759752],[-5.93271468187294,37.35417261157079],[-5.932693977643276,37.35418732625886],[-5.932669516968732,37.35420152142215],[-5.9326450562847945,37.35421571658074],[-5.932593838746783,37.35424543437297],[-5.932493699692967,37.35430354240829],[-5.932357130858473,37.354367627266214],[-5.932220573061244,37.35443171169576],[-5.932043434122491,37.35451285987493],[-5.9316948102310745,37.354672546259124],[-5.931481245284717,37.35477169055497],[-5.931330445868936,37.354838803409145],[-5.9312084613128775,37.35489309098776],[-5.930975135887864,37.35499412113289],[-5.9306651594074715,37.3551283458755],[-5.9306823755267395,37.35515277063274]],[[-5.930862308833823,37.27318802485229],[-5.9308350055403425,37.27319631555951],[-5.93082622398525,37.27319898410454],[-5.930813463903563,37.273202859564904],[-5.93080528723424,37.273205134664714],[-5.9307933805440065,37.27317985691334],[-5.930761666698044,37.27311253875293]],[[-5.930862308833823,37.27318802485229],[-5.930747764177139,37.27303639916968],[-5.930682448212006,37.27294870203798],[-5.930526357886134,37.27266288873891],[-5.93030183073615,37.27220857378224],[-5.929710598890648,37.27148935783858],[-5.929646817354705,37.2714414500222],[-5.929006219956379,37.27069972736222],[-5.928986228285884,37.27064706738824],[-5.9285395427773215,37.270155826534214],[-5.928471953708639,37.27012773706937],[-5.927981882233283,37.269457702398114],[-5.9277470307270566,37.26917766419043]],[[-5.926945152498067,37.26745717886811],[-5.926911697107633,37.2674122675685],[-5.926902680931436,37.26740129917642],[-5.9268396723209085,37.26732547297336],[-5.926575339382353,37.26700734283743],[-5.926317359635044,37.26669686730361],[-5.926015277798952,37.26632878531838],[-5.925814268901697,37.26610672862775],[-5.925775092157827,37.26606572503122],[-5.925038417557205,37.265284842087866],[-5.9247731638516505,37.26497719195341],[-5.924918364393489,37.26490260509639],[-5.924954868448228,37.264884203364204],[-5.925978216551964,37.26436841524512],[-5.926344391235635,37.26418385255374],[-5.927843196920652,37.26342839181224],[-5.929037039762246,37.262826620242],[-5.929123808180276,37.26278367956952],[-5.92895592185611,37.262557807334645],[-5.9289251307845054,37.26251877776023],[-5.928664164016225,37.262188061543256],[-5.928236953863523,37.26164664100106],[-5.927912966275088,37.261236015737204],[-5.92777571123573,37.26106206101284],[-5.927349023905656,37.26052128180286],[-5.928011433000537,37.26018738098368],[-5.927706911274805,37.25975812524383],[-5.92781831115609,37.25970940372038],[-5.9297971810077215,37.25869915833559],[-5.929925369685082,37.25863371841633]],[[-5.933982212134753,37.39670028676004],[-5.933981622311852,37.39672280112461],[-5.933980961977819,37.39674756090442],[-5.933980537502733,37.39676331313799]],[[-5.921391342812594,37.386223760396845],[-5.921672677453885,37.38624715218953],[-5.921986164514788,37.38627322632106],[-5.922748517092721,37.38633360213231],[-5.923338339234131,37.3864223365115],[-5.923459527441298,37.38644056733699],[-5.9234734080845355,37.38644265678939],[-5.923539403373111,37.38645258463127],[-5.9239082405535965,37.386511596929466],[-5.9239879193207905,37.386524348665546],[-5.924761506900383,37.386334511719475],[-5.9260312120022425,37.389135011153236],[-5.926097853882598,37.38934641932434],[-5.926105037227931,37.389563886461595],[-5.926074121419977,37.38978027874636],[-5.925998950364687,37.39000079461634],[-5.925871632699423,37.39018515324326],[-5.925691841435925,37.39032524389861],[-5.926237481774319,37.3911509088124],[-5.926550384091768,37.39160344429975],[-5.926597446457159,37.39175387491823],[-5.9275118355603835,37.39260906365794],[-5.928319994362912,37.39264651528056],[-5.929151606159326,37.393177410312724],[-5.929525033697085,37.39338085839189],[-5.930117991315477,37.39367455467596],[-5.930678798569609,37.39374967065969],[-5.931279228423667,37.394073496635514],[-5.931452586307568,37.3941517424564],[-5.932168427014002,37.39447483563601],[-5.932434550467407,37.39461557362365],[-5.932667784653424,37.39477013885338],[-5.932834579389361,37.394903582875976],[-5.932972227974017,37.395033325961954],[-5.933270185017669,37.39536354170282],[-5.933310470948985,37.39567309533291],[-5.933259850567856,37.39669026370366],[-5.933982212134753,37.39670028676004]],[[-5.9277470307270566,37.26917766419043],[-5.927695374408824,37.26920369557831],[-5.927680301211899,37.269211295363476]],[[-5.9277470307270566,37.26917766419043],[-5.927309484048094,37.268658492708724],[-5.926496014876938,37.2676932297764]],[[-5.930723678462114,37.355134229546394],[-5.93071384931479,37.355138645258165],[-5.930704008889366,37.355143061248796],[-5.9306941797396675,37.355147476959004],[-5.9306823755267395,37.35515277063274]],[[-5.9306823755267395,37.35515277063274],[-5.92992389943733,37.35549329585655],[-5.929809502149858,37.35554449246618],[-5.929560449017066,37.35565597476545],[-5.9293810406083765,37.355782238076955],[-5.928787375367044,37.35609307152865],[-5.928582036108215,37.35618623997129],[-5.928228533315225,37.35636367128836],[-5.928026484953369,37.35648113134927],[-5.92712970320519,37.356937204267425],[-5.926820660285199,37.35708073115966],[-5.92639056819599,37.35719070694814],[-5.925543538075778,37.35732599655025],[-5.92523000818848,37.357384352560615],[-5.925080975763071,37.357416154742324],[-5.92492468798993,37.35744251357993],[-5.9240127355510825,37.357599069484095],[-5.923765932836524,37.35765058054314],[-5.923045271581391,37.357869247484],[-5.922828751498173,37.35793495649834],[-5.91878082922074,37.36023059650635],[-5.91898693098991,37.36183792977134],[-5.919029009407853,37.3621604131704],[-5.919198187114584,37.3634570831556],[-5.919205463622809,37.363512860288715],[-5.919120232908367,37.36368848593863],[-5.91907805578546,37.363829681225155],[-5.919004469778664,37.36407593391325],[-5.918891089784379,37.36444247199851],[-5.9186750024216215,37.365141079392245],[-5.9184955494235965,37.365732031127784],[-5.9183487117083295,37.366215579800496],[-5.918347955710796,37.366256363180305],[-5.918329604864364,37.36630777223568],[-5.918156491466567,37.36687367016253],[-5.9179273723177435,37.36762202206976],[-5.917562773172141,37.36881290316485]],[[-5.926496014876938,37.2676932297764],[-5.926503622168493,37.26768936513562],[-5.926516017458536,37.267683075255086],[-5.926556796780675,37.26766237760367],[-5.926891367597492,37.267492561771824],[-5.926949517545553,37.267463045058044],[-5.926963604393149,37.26745589328676],[-5.926977691238024,37.26744874151389],[-5.9269742453641285,37.26744448354612],[-5.926972812690037,37.26744271682503],[-5.926970799490644,37.26744022557824],[-5.92696735326881,37.26743595860799],[-5.926988023629524,37.26742529188748]],[[-5.926496014876938,37.2676932297764],[-5.926174701020396,37.267311954664194],[-5.926096194330507,37.267113368988674],[-5.926079255560477,37.26707919530192]],[[-5.927592219665268,37.29956910276981],[-5.927558948583636,37.29958430774492]],[[-5.927558948583636,37.29958430774492],[-5.92650208019827,37.300067289855775],[-5.926428014465871,37.300101210381314],[-5.926328403261877,37.30014683733807]],[[-5.926079255560477,37.26707919530192],[-5.926051360078413,37.267098645964275]],[[-5.926079255560477,37.26707919530192],[-5.925960879975318,37.266958278193556],[-5.925932446379429,37.266947528714496],[-5.925853848393119,37.266853119701395],[-5.925052938988157,37.26600945227067],[-5.9249786180485575,37.26595470181632],[-5.924959113462089,37.265945677647906]],[[-5.926051360078413,37.267098645964275],[-5.9260259344434205,37.267116368515254],[-5.925998708595158,37.26713535205801]],[[-5.926051360078413,37.267098645964275],[-5.926048439164434,37.26709513189473],[-5.926045529514541,37.26709161754646]],[[-5.926328403261877,37.30014683733807],[-5.926304929847202,37.30015758243955],[-5.926295143621353,37.300162059703304],[-5.926285368663034,37.30016653668742],[-5.926275582783865,37.300171022951844]],[[-5.9247618346948565,37.30040039472477],[-5.924749191686114,37.30026568017412],[-5.926317194535593,37.300131210612456],[-5.926328403261877,37.30014683733807]],[[-5.924862588306256,37.26590099163873],[-5.9248717392206585,37.26588836641694],[-5.9249664555966115,37.265935548100714],[-5.924959113462089,37.265945677647906]],[[-5.924959113462089,37.265945677647906],[-5.924954245676798,37.2659434191458],[-5.924949366628131,37.26594116092201],[-5.924944487579761,37.265938902698],[-5.924939608531659,37.26593664447378]],[[-5.924887936530156,37.26591272777519],[-5.924883068748975,37.26591046926997],[-5.924876238295794,37.26590731315356],[-5.924869407494691,37.265904148034494],[-5.924862588306256,37.26590099163873]],[[-5.924862588306256,37.26590099163873],[-5.924843083398211,37.26589195844765],[-5.924476100122978,37.26552053007387],[-5.924410703785972,37.265453691285636],[-5.923879739570096,37.264939771067176],[-5.923545909520238,37.264616647377984],[-5.923541029110653,37.26457413756631],[-5.923214359977047,37.264317426232395],[-5.922908727017322,37.26414543701392],[-5.922630342064002,37.26403662481136],[-5.921510630289603,37.2635989986605],[-5.921476806912923,37.26363512961009],[-5.920653376680331,37.26451475846304],[-5.920386307744882,37.26797568949419],[-5.92036214613515,37.26828897234878]],[[-5.92802100333272,37.382435162420734],[-5.928071282802904,37.382441170097934]],[[-5.92802100333272,37.382435162420734],[-5.928034610000249,37.38237016425405],[-5.92803666589893,37.38236031864599]],[[-5.927358627693206,37.382344788375406],[-5.92802100333272,37.382435162420734]],[[-5.924809018168785,37.3003972182812],[-5.9247977904148765,37.300397973562355],[-5.924786551391888,37.30039872912117],[-5.924775312368602,37.30039948467895],[-5.9247618346948565,37.30040039472477]],[[-5.9247618346948565,37.30040039472477],[-5.922412121425564,37.30055840946651],[-5.922202951338058,37.3004453655435],[-5.922105578181637,37.300392733615695]],[[-5.927358627693206,37.382344788375406],[-5.927356083583274,37.382356889740294],[-5.927350118267594,37.38238525012471],[-5.927347050715511,37.38239986042968]],[[-5.921140182383887,37.381762471671024],[-5.921337556826943,37.381759979868704],[-5.921450408481264,37.381758559344185],[-5.921709722235838,37.381755292380866],[-5.922458871051936,37.38174583076128],[-5.92278380287134,37.38174173142274],[-5.923122677383802,37.38178639479504],[-5.923443903298065,37.381828736554006],[-5.923660255994452,37.38185725482792],[-5.923882941743318,37.38188659815936],[-5.924072383798268,37.381911564553235],[-5.924292402694493,37.381940558607525],[-5.924339346317983,37.381946749564186],[-5.924534611461327,37.381972490188176],[-5.924801914525062,37.382007710768484],[-5.924942654329602,37.38202625819065],[-5.925066539388987,37.38204258254393],[-5.925198403674729,37.38205996172117],[-5.925428978674638,37.38209034127028],[-5.925686476511353,37.38212427977668],[-5.925831881526658,37.382143440484995],[-5.926104997194275,37.38217943325177],[-5.926708547006599,37.3822589718369],[-5.92704523455899,37.38230332659747],[-5.927253179199194,37.382330730945306],[-5.927322221495552,37.38233982434168],[-5.927358627693206,37.382344788375406]],[[-5.922105578181637,37.300392733615695],[-5.922132187931819,37.300361304058605],[-5.922205715434368,37.300428194675455],[-5.9222833479735,37.30035320734772],[-5.922310304877648,37.30034763927503],[-5.92246767691368,37.30013324798558],[-5.922531586150896,37.299943035725505],[-5.922535459674992,37.2999315052453],[-5.922541952681305,37.29991217873032],[-5.922546992992734,37.29989669970047],[-5.9225860356580275,37.299876712894765],[-5.922591256177831,37.29986413990842],[-5.922599426574129,37.2998444385327]],[[-5.92036214613515,37.26828897234878],[-5.920388469643583,37.26829034989579],[-5.920385154291271,37.268311336975344],[-5.920372970922206,37.26838846447806],[-5.9204176301531755,37.268457295268554],[-5.921132647447809,37.26813628879641],[-5.921184202530596,37.26811313721868],[-5.921191594497419,37.26810981888482],[-5.921194795227817,37.26811620063539],[-5.9212075499665024,37.26814164772875],[-5.921208148195592,37.268142831400894],[-5.921210542852506,37.26814761110076],[-5.921212142697227,37.268150788472305]],[[-5.922105578181637,37.300392733615695],[-5.919863352716269,37.29918084490041],[-5.919745686897793,37.29911469115224],[-5.917596848834563,37.29892102033662],[-5.917532474123542,37.29891451687209],[-5.9172200022319865,37.29890695240026]],[[-5.920473416369544,37.27211214197118],[-5.92068451097877,37.272084366499904],[-5.9206883140169415,37.27208386710441],[-5.920697995343323,37.272082591798124],[-5.9207136112802505,37.27208053918884]],[[-5.920473416369544,37.27211214197118],[-5.920524085256895,37.27242618121033],[-5.920531042359384,37.27246555813324],[-5.920532616505795,37.272474485079805],[-5.92053557450633,37.27249120830194]],[[-5.92036214613515,37.26828897234878],[-5.92035867466759,37.2683339231949],[-5.920069930234448,37.26834654823174],[-5.920058967049477,37.268347026122555],[-5.920176032847008,37.27022238051703],[-5.920473416369544,37.27211214197118]],[[-5.921391342812594,37.386223760396845],[-5.921387006440766,37.38625690999071],[-5.92138549298586,37.386268535220196],[-5.921383682299182,37.386282393451026]],[[-5.92135035416401,37.38622034956699],[-5.921378710987475,37.386222712098245],[-5.921391342812594,37.386223760396845]],[[-5.92135035416401,37.38622034956699],[-5.92135126073363,37.386213451959],[-5.92133856087107,37.38621239632754],[-5.921338004302304,37.386219322228015]],[[-5.921338004302304,37.386219322228015],[-5.92135035416401,37.38622034956699]],[[-5.921338004302304,37.386219322228015],[-5.921317760793419,37.38647123044159],[-5.921314944295143,37.386506297784514],[-5.921313975748133,37.38651828799139],[-5.9213232201590955,37.38651876226475],[-5.921322132630654,37.38653234130328],[-5.921320446763862,37.386532256835345],[-5.92131587532518,37.386532018443475]],[[-5.921140182383887,37.381762471671024],[-5.92114052494019,37.38177216777329],[-5.921141161474338,37.381790308685396],[-5.921150925350952,37.3820685623511],[-5.921273917608429,37.385573349091885],[-5.92127362291064,37.38559658606333],[-5.921266706174268,37.38614549304189],[-5.921265850580573,37.38621332000225],[-5.921338004302304,37.386219322228015]],[[-5.921140182383887,37.381762471671024],[-5.921139427576383,37.381753209265355],[-5.921138684399603,37.381743955582856],[-5.917057994942067,37.3816723739261],[-5.91697444738205,37.38167093128051]],[[-5.9172200022319865,37.29890695240026],[-5.917220328512217,37.29887074778364],[-5.917220496283631,37.298852911180965]],[[-5.9172200022319865,37.29890695240026],[-5.917135504390634,37.29890363938525],[-5.91634575166241,37.29890849430784],[-5.91564445691529,37.298856845553736],[-5.915587571271191,37.29885266138886],[-5.91557997939603,37.29889351453353]],[[-5.91557997939603,37.29889351453353],[-5.915335341969829,37.30020952515587],[-5.915318991375824,37.300391262568326],[-5.914160868180943,37.30039125347436],[-5.910092799687382,37.30042297176014],[-5.906926118190909,37.30121555621206],[-5.90335018528277,37.30211560331118],[-5.8998792780977505,37.3029890980656],[-5.894244782249017,37.30438781852263]],[[-5.91557997939603,37.29889351453353],[-5.915564913283236,37.298891552185346],[-5.9155498584397606,37.29888958955738]],[[-5.917562773172141,37.36881290316485],[-5.917159850748496,37.37012890655126],[-5.917154926972779,37.370284734119956],[-5.91715022655762,37.37043379809828],[-5.917146368186596,37.37055652084362],[-5.91714544842727,37.37065368860345],[-5.917144470088128,37.37075808444139],[-5.917140752265132,37.37090482641059],[-5.917137124320097,37.37104718692706],[-5.917131691889117,37.371261263603536],[-5.917127313541756,37.37150049933879],[-5.917112962961428,37.372047879022176],[-5.917112345113275,37.37213681248503],[-5.917103518000986,37.373428272639586],[-5.917117644384031,37.373895582433086],[-5.917116712119049,37.373941443188684],[-5.917111851900823,37.3741825109156],[-5.917103251787941,37.374448270335066],[-5.91709700808117,37.3746414079233],[-5.917090439261394,37.37498025752244],[-5.9170702154009565,37.375696229100356],[-5.91705795439502,37.37605484460716],[-5.9170434648593995,37.37647831147564],[-5.917027115539075,37.37713460814951],[-5.91701449959243,37.377521643274456],[-5.916994886527168,37.37829094323558],[-5.916984944995537,37.37867210935973],[-5.916979968485759,37.378862980901275],[-5.916962177281319,37.37935973250907],[-5.916966769535421,37.37945693530072],[-5.91697195508139,37.379862183131294],[-5.916974917179063,37.38002597959095],[-5.916973325591803,37.38011075601594],[-5.916978683686093,37.380788421670275],[-5.9169799837914825,37.38095944070906],[-5.916981758235659,37.381193667478534],[-5.916982403593375,37.381288958282234],[-5.916982222025085,37.3812979645068],[-5.916981531540606,37.381330834757975],[-5.916981016700558,37.381355419790985],[-5.916980284722439,37.3813907149588],[-5.9169797870878265,37.38141457870666],[-5.916979187741899,37.38144339186868],[-5.91697444738205,37.38167093128051]],[[-5.917562773172141,37.36881290316485],[-5.917533456338317,37.36880394939101],[-5.9123565690111635,37.36722332752117],[-5.912172130541039,37.367167013900136],[-5.906743707115824,37.365629283633695],[-5.9065310365443935,37.3655690328942],[-5.906507907032964,37.36553810001518],[-5.90635752586265,37.365337028136594],[-5.906262115949591,37.365209429840554],[-5.905145691640376,37.36371650589326],[-5.9049721897471885,37.36348449867578],[-5.9049201485207625,37.36341489892937],[-5.90398965976797,37.36283369177936],[-5.903865038465447,37.362729435283086],[-5.903631392176112,37.362533937750236],[-5.903064939497194,37.36234960692044],[-5.903055842045074,37.362340567285614],[-5.90298518682111,37.3622703515796],[-5.9029816535862745,37.36226684305745],[-5.902918053680838,37.36220364462652],[-5.902914520452334,37.362200136102054],[-5.902794388105167,37.36208077417986],[-5.901854382509978,37.362033871811406],[-5.900219701279423,37.3619522983019],[-5.8999944726679825,37.36194105608562],[-5.8997893203067,37.361866028901936],[-5.892771787458842,37.35929947942693],[-5.892587154969043,37.359231947808375],[-5.892542914160192,37.35920399768786],[-5.892427904067268,37.359131328704024],[-5.891459900951407,37.35851969725422],[-5.8882751932597515,37.35650727841192],[-5.885312639659865,37.35405483481249],[-5.883940954702414,37.35321851250393],[-5.8838309468524,37.35319849830597],[-5.882232202182481,37.352281082881596],[-5.881665052312734,37.351651473127305],[-5.881585273513646,37.351564147535115],[-5.8814024614962435,37.35136403970765],[-5.881283665664078,37.3513121946765],[-5.879566396403816,37.350562745968396],[-5.877850279520758,37.349555091066144],[-5.877392310103871,37.34950555240137],[-5.877291687614093,37.349494665789834],[-5.877157528204529,37.34948015308187],[-5.877056928322949,37.34946926571847],[-5.876945130809918,37.349457173035155],[-5.876494546365774,37.34907839198617],[-5.876401314364382,37.349000022519725],[-5.876323626644977,37.34893470992945],[-5.875191645549055,37.347983101622766],[-5.874253829510297,37.347385438724714],[-5.873581291116198,37.34695682423638],[-5.873233104260878,37.3467276714071],[-5.872501901436586,37.34624643821928],[-5.871701269005518,37.345719489814584],[-5.871046894096555,37.34634401732281],[-5.868289264039087,37.34763117601974],[-5.868137755334243,37.34770751630115],[-5.868147584976607,37.34772556990081],[-5.868130912215497,37.34773144407589],[-5.867003749809699,37.34812851514893],[-5.866996483720433,37.348115535482044],[-5.866698694752521,37.348219174653174],[-5.866286729972813,37.348366220971435],[-5.865540902087646,37.348632437548154],[-5.865496163460514,37.34865091317499],[-5.865486140253088,37.34865505788307],[-5.86548112847773,37.34865712573553],[-5.865471104926166,37.348661261439815],[-5.8653959631100285,37.348692305383885],[-5.86520558564922,37.34877095387756],[-5.865195573342844,37.3487750892863],[-5.865185550101115,37.34877923397019],[-5.865180538308616,37.34878130181053],[-5.86515549096088,37.348791649738445],[-5.865148508610283,37.34879532422897],[-5.8651451889694854,37.34879707171259],[-5.865136890037969,37.34880144492256],[-5.865134886976566,37.348802493685874],[-5.86512700833777,37.34880664044582],[-5.865124308202652,37.34880805753083],[-5.865119140632315,37.34881077792934]],[[-5.91697444738205,37.38167093128051],[-5.9169005540469986,37.38166977287549],[-5.9168433746433475,37.381668958736505],[-5.916817120228888,37.38165436965411]],[[-5.916817120228888,37.38165436965411],[-5.91676071587131,37.38171899045274],[-5.9145336637554236,37.38168836867354],[-5.913912328668103,37.38144832793604],[-5.913834333177138,37.38138380598624]],[[-5.916817120228888,37.38165436965411],[-5.916807853242178,37.38164921899248],[-5.916798586256716,37.381644068330054],[-5.916789319621459,37.381638926668984],[-5.916780075549455,37.38163378445018]],[[-5.913866822403614,37.38135880189929],[-5.9138586974530805,37.38136505749241],[-5.913850572152586,37.38137130408288],[-5.913842458131733,37.38137755039463],[-5.913834333177138,37.38138380598624]],[[-5.913834333177138,37.38138380598624],[-5.9133439166623925,37.38176138406206],[-5.91309319637899,37.38194609572261],[-5.9127930741071,37.38171780901973],[-5.911874937353852,37.3812066499858],[-5.911837915670184,37.38118603560075],[-5.911773740948039,37.38120052946405],[-5.911701716959547,37.381367597746696],[-5.9110093949262446,37.382973136485894],[-5.910952949934854,37.383636349629],[-5.910952477017355,37.38364192993143],[-5.910646240815803,37.383630704557795],[-5.9105713497125185,37.38363124279819],[-5.910532787101214,37.383823022654944],[-5.910443008523725,37.38383658765556],[-5.910184322361001,37.38378301966097],[-5.910028513065954,37.38372520541741],[-5.909907553265188,37.38368320263952],[-5.90975867387723,37.383635507661346],[-5.909575093732005,37.383576709693315],[-5.909360269854623,37.383502758712275],[-5.909258574558046,37.38346775083844],[-5.909171768721746,37.38343787285222],[-5.909110541202006,37.38341679932947],[-5.908842982692586,37.38332470048409],[-5.908502832824859,37.383203219640464],[-5.9080795285712675,37.383057175577974],[-5.907798583640793,37.382957276057375],[-5.907357645010542,37.38280512149412],[-5.907112819799858,37.382717361135626],[-5.906810550618285,37.38261229805691],[-5.90658884789462,37.382535231222],[-5.906395438973582,37.382467992602706],[-5.906375740908986,37.38246114234672],[-5.906127737167443,37.38237493584766],[-5.905862027779359,37.38228257736758],[-5.90548691608411,37.38214880972009],[-5.905085052245175,37.3820088233589],[-5.904919202300917,37.38195105083589],[-5.904634468871275,37.381849912167056],[-5.904510443634909,37.38180586155631],[-5.904317382027685,37.38173728633361],[-5.90404591659141,37.381645470638276],[-5.903529960624017,37.381462634240016],[-5.90320597246894,37.38134782312223],[-5.902808555922006,37.38120698969333],[-5.902447741123163,37.3810791324479],[-5.902100278400213,37.38095489286709],[-5.90075916743561,37.38048442674313],[-5.900584460331001,37.38042314396988],[-5.90016066757465,37.380274469735454]],[[-5.898052744536795,37.375249585361004],[-5.898057912619965,37.37524950366901],[-5.898068138839336,37.37520103608278],[-5.898076970841643,37.37515917156179],[-5.898081544191464,37.37513748754568],[-5.898237112196234,37.3750390317163],[-5.900542726768865,37.37519779208488],[-5.900554647848408,37.37519861681002],[-5.900566851627224,37.37519945261637],[-5.9005759989948325,37.37520008410989],[-5.90066822855756,37.37527434887309]],[[-5.90016066757465,37.380274469735454],[-5.900178483674303,37.38024277403054],[-5.900154428116019,37.38023416442913],[-5.900144018449064,37.38023068044266],[-5.900138813442447,37.38022893394795],[-5.900133608436066,37.38022718745297],[-5.90013130531682,37.38023129883502],[-5.900085335335329,37.380214847039376],[-5.9000467427316154,37.3802345036069]],[[-5.90016066757465,37.380274469735454],[-5.90012593905822,37.380262283486005],[-5.900095274278511,37.38025152932334],[-5.9000467427316154,37.3802345036069]],[[-5.9000467427316154,37.3802345036069],[-5.900022976228352,37.380246608709996],[-5.899356943762498,37.380831669072094],[-5.899166171757353,37.380674335878794],[-5.899154920942659,37.380673638756306],[-5.898954226711343,37.38066115383499],[-5.898491598940622,37.380666258385226],[-5.89801026500862,37.38084240323797],[-5.897746296131612,37.38103352614618],[-5.897409934465104,37.3814044138437],[-5.897103126680588,37.38170918468288],[-5.895770439808106,37.38253136020421],[-5.895512155353079,37.38268064600731],[-5.895046518486747,37.38294978231037],[-5.893329253548491,37.384045900964736],[-5.891598426370474,37.384969671244875],[-5.891309720087144,37.385124675547786],[-5.889174018219299,37.38625284287121],[-5.889097429066833,37.3863006977478],[-5.889036691246115,37.386339055073435],[-5.888990392920394,37.38636731863558],[-5.888946241812563,37.38639209656318],[-5.888912560810177,37.38640957203238],[-5.88887368466425,37.38643056257415],[-5.888838960025518,37.38644762200969],[-5.888796931662999,37.386468572455406],[-5.888773206835715,37.386478595823085],[-5.888730057469419,37.386495644940844],[-5.888681800872203,37.38651555818946],[-5.88864151966987,37.3865337806462],[-5.888606720554022,37.38654713839403],[-5.888597595457348,37.38655065042175],[-5.887621907263076,37.3868038062746],[-5.887183107914489,37.386892950336204],[-5.886336310018451,37.387064993624804],[-5.886202938010601,37.38708192998929],[-5.88616890960847,37.38708684309371],[-5.886104927826505,37.38709692115782],[-5.886027808319637,37.38710953674363],[-5.88596869600948,37.38711702683251],[-5.88591524352376,37.3871233964748],[-5.885871189405879,37.387126896377886],[-5.885816355991355,37.38713318256312],[-5.885760790734956,37.38713717081825],[-5.885713720708857,37.38713859073692],[-5.885671041840266,37.387141732588745],[-5.885611085393348,37.38714576494166],[-5.885564871841533,37.387151849506736],[-5.885503805673476,37.38715874731246],[-5.885445162529077,37.387163162006466],[-5.8853973168785405,37.3871649701837],[-5.885353325437377,37.38716892791497],[-5.885324185821276,37.38716999091718],[-5.885272668372764,37.387173817021626],[-5.885214999024969,37.38717859528724],[-5.885155503842286,37.38718022828036],[-5.885104791228495,37.387182367658646],[-5.885060454879081,37.38718381067513],[-5.885017001323397,37.38718353808685],[-5.884961696791897,37.387182842988224],[-5.884908652517763,37.387180425676526],[-5.884868413215486,37.387180633224474],[-5.884071735181237,37.38718684510666],[-5.881082378964117,37.387221307118566],[-5.8801669075196195,37.387231848930504],[-5.879629174856075,37.3872381792627],[-5.877863658917053,37.38731000160465],[-5.875473166175133,37.38749152334944],[-5.875417417278411,37.38749575450448],[-5.870042539677776,37.38739804444445],[-5.87003963970806,37.38734245489724],[-5.869296775068851,37.38731781238659],[-5.86894497733619,37.38730613448226],[-5.867271558411622,37.38723864229098],[-5.86679912092301,37.38723260669574],[-5.865690442003731,37.38717630363606],[-5.86541880988998,37.38716485151994],[-5.865150910593987,37.38715356056506],[-5.8647965766432755,37.38714850066916],[-5.863935414771316,37.38717377416039]],[[-5.9000467427316154,37.3802345036069],[-5.898609163187455,37.37973016271622],[-5.898098792958723,37.37955828433824],[-5.8979559678817735,37.3794985133928]],[[-5.898142279661562,37.37490648391044],[-5.898136645835346,37.374906198574635],[-5.898131012009161,37.37490591323855],[-5.898130490179375,37.37490936816222],[-5.898125436817513,37.37493148746041],[-5.898074642704062,37.37515354284441],[-5.898070284220794,37.37517113068755],[-5.898061656928262,37.37520716921085],[-5.8980548059962326,37.375239785118794],[-5.898053851295958,37.375244313932505],[-5.898052744536795,37.375249585361004]],[[-5.898052744536795,37.375249585361004],[-5.898051341473691,37.37525625171944],[-5.898036224203875,37.37532812316213],[-5.898015838862099,37.37544967418721],[-5.897981265728528,37.375605075306204],[-5.897974182226483,37.3756369309947],[-5.897965411685703,37.375676288997866],[-5.897946458835585,37.375761446302775],[-5.897917904926526,37.375883161591204],[-5.897857647925587,37.37618497825678],[-5.89786583136279,37.37628607697546],[-5.8978557950501775,37.376328926157456],[-5.89782176951438,37.37648800822398],[-5.897799835606899,37.37660278501722],[-5.897781553495195,37.37669833331718],[-5.897764071705626,37.376787689590834],[-5.897748546189922,37.37687506957795],[-5.897728726048289,37.376986685795806],[-5.897715597480237,37.3770606620063],[-5.897697104752612,37.37716482076876],[-5.897689340794869,37.37719865747887],[-5.897680760512991,37.3772517612717],[-5.897667289255446,37.377322997585935],[-5.897657475020155,37.37737631185168],[-5.897645159823656,37.37744560952501],[-5.897641436672264,37.37746650675635],[-5.897638397943608,37.37748494527802],[-5.897633595671544,37.37750919395552],[-5.897629677564262,37.377531186273664],[-5.897625740640448,37.37755122370987],[-5.897616266446212,37.37760574609107],[-5.89760921842878,37.37764380932534],[-5.897603038670358,37.37768506812304],[-5.897597017238759,37.37772193477929],[-5.897589914253649,37.377762089865236],[-5.897583487499001,37.377800453241406],[-5.8975727434030665,37.37786158464065],[-5.897564255527205,37.377904188577915],[-5.897555383184972,37.377944432102225],[-5.897546294515315,37.37798286976005],[-5.897536279845637,37.378020131687485],[-5.897525222839906,37.37805730203275],[-5.89751765696265,37.37808074442376],[-5.897501216858545,37.3781300131043],[-5.897488103776556,37.378167450121765],[-5.897461056795691,37.37823391017258],[-5.89744290735003,37.378276615844335],[-5.897425610462622,37.37831419148627],[-5.897408963650899,37.37834900289266],[-5.897385814807576,37.378393245836364],[-5.897364543176561,37.37843199121461],[-5.89734345510777,37.37846817302183],[-5.897324752680524,37.3785003315802],[-5.897299361343126,37.37854088100033],[-5.89727562006193,37.37857883089115],[-5.897255856183052,37.37861040273053],[-5.897246682721712,37.37862523415513],[-5.8972369974307455,37.378640555700684],[-5.897227735985629,37.37865515500038],[-5.897223152134321,37.378662205703826],[-5.897099239283498,37.378840503813485],[-5.897009608258789,37.37898276514868],[-5.897007727812063,37.3789861272247],[-5.897004680451094,37.37899173456587],[-5.897001850041722,37.37899711131809],[-5.896999635103455,37.37900146377158],[-5.89699799016666,37.37900478403036],[-5.8969962844762165,37.37900828599452],[-5.89699442690179,37.37901224222225],[-5.896992802949257,37.37901581426883],[-5.896990531727062,37.37902105116023],[-5.8969898382945445,37.37902269010443],[-5.896989022661749,37.379024674454904],[-5.896987920624268,37.37902743174482],[-5.896986792368743,37.37903038791508],[-5.896984966833388,37.37903546970689],[-5.896983753494802,37.379039148826884],[-5.896982632482058,37.379042879748134],[-5.89698192076743,37.379045510328275],[-5.896981461961648,37.37904737780095],[-5.896980752984658,37.3790506661022],[-5.896980420347247,37.37905258454645],[-5.896980109041074,37.37905476378085],[-5.896979913506327,37.3790567239178],[-5.896979813953894,37.37905853752885],[-5.896979822011166,37.3790602133397],[-5.896979868295219,37.37906112229555],[-5.896979944609503,37.379061931396386],[-5.896980037247232,37.379062577902666],[-5.896980137700112,37.37906313410938],[-5.896980262794048,37.37906374377676],[-5.896980550480731,37.37906476395463],[-5.896980887986782,37.37906561170595],[-5.896981096742533,37.37906604811707],[-5.896981278431284,37.37906636805141],[-5.8969815428980175,37.379066785075096],[-5.896982017697464,37.3790673861689],[-5.896982323128693,37.3790676940587],[-5.896982731820171,37.37906804447091],[-5.89698329948286,37.3790684180181],[-5.896983931711394,37.37906870888515],[-5.896985903897107,37.379069489527346],[-5.89699094716978,37.37907143836695],[-5.896993950571856,37.37907260822374],[-5.897018560045184,37.379082133016155],[-5.897026423098546,37.379100133039046],[-5.897041621997727,37.37910601390137],[-5.897044705407443,37.37910720882767],[-5.897062987373051,37.37911427561101],[-5.897065617740243,37.37912569988851]],[[-5.8979559678817735,37.3794985133928],[-5.89798636758603,37.379452263323614],[-5.897987733185018,37.37945019339239],[-5.8980027724771595,37.379427297562486]],[[-5.8979559678817735,37.3794985133928],[-5.897120942368666,37.37914906909528],[-5.897110967765629,37.37914485330481],[-5.897065617740243,37.37912569988851]],[[-5.8958016110773235,37.37861150264118],[-5.895897288700651,37.37844469275194],[-5.895993198583202,37.37841156133559],[-5.896000853869042,37.378408913771004],[-5.896031223695138,37.37835071659698],[-5.896321714913582,37.377794136209346],[-5.896344575942865,37.37775032402568],[-5.896468067980339,37.37758749052272],[-5.896624780601168,37.37755672483285],[-5.8966631407948045,37.37754919760206],[-5.896768069284508,37.37708657898757],[-5.896785833269436,37.37700833525299],[-5.8970906389765725,37.37566440780971]],[[-5.8970906389765725,37.37566440780971],[-5.897313724743144,37.37455601616465],[-5.896560474453295,37.37433020830278]],[[-5.8970906389765725,37.37566440780971],[-5.896916519858973,37.37561421521699],[-5.896693396531989,37.375549896252174],[-5.896422021903727,37.37546871091522],[-5.896418147154832,37.375360694273226],[-5.894317983161119,37.37473716189908],[-5.894243513311647,37.37472200949929],[-5.894072997866584,37.374671174707345],[-5.893893913666392,37.37461742275698],[-5.893882375948296,37.37462098524207],[-5.89371177839886,37.37457123322653],[-5.893644998495144,37.37446828903882],[-5.893656945058313,37.37439871238206],[-5.893658337554029,37.3743905865762]],[[-5.894244782249017,37.30438781852263],[-5.894234027954497,37.304390649848116],[-5.894225507223333,37.304392894861785],[-5.894216941758171,37.30439514998063],[-5.89420880074224,37.30439729559037]],[[-5.894244782249017,37.30438781852263],[-5.89424712282304,37.30439884462742],[-5.894155604008786,37.3044658458707],[-5.894145509361466,37.30447322956382],[-5.893378467249752,37.30504553957977]],[[-5.897065617740243,37.37912569988851],[-5.8968126520478314,37.37901886118087],[-5.896374378836044,37.37884208994377],[-5.896335590663271,37.378806537938914],[-5.8958016110773235,37.37861150264118]],[[-5.896560474453295,37.37433020830278],[-5.896562269467781,37.374326388776716],[-5.8965640641356405,37.37432256024831],[-5.896569199588759,37.374311657446825],[-5.896572372364293,37.3743049116809]],[[-5.896560474453295,37.37433020830278],[-5.896549908691458,37.37432704318338]],[[-5.893378467249752,37.30504553957977],[-5.89335981951378,37.305059331984054],[-5.891499542309389,37.30639989946842],[-5.891435207648684,37.30646167441422],[-5.891418051214195,37.3064805482419],[-5.891388428843247,37.30651235114925],[-5.8913728622681925,37.30652885227375],[-5.891336367301773,37.30657353758752],[-5.891306366381307,37.30661224306395],[-5.8912763732309825,37.30665968890858],[-5.8912477224404,37.306709489810096],[-5.8912191959293985,37.306759296677136],[-5.891195192249766,37.306808497351874],[-5.891174605406334,37.30686914842024],[-5.891159754574375,37.30692317139447],[-5.891146331560422,37.306981484684364],[-5.891142648415164,37.30701401395033],[-5.891114883535821,37.307928289090164],[-5.890756820563936,37.308255118784295],[-5.889752180941795,37.30865034745948],[-5.889557664354652,37.30847569419516],[-5.8893341249026685,37.308621276089326],[-5.889318882327232,37.308620927675896],[-5.88930893495864,37.308625703222305]],[[-5.893378467249752,37.30504553957977],[-5.893361594429047,37.30503207566745],[-5.892805332715233,37.30458973428627],[-5.892843579978423,37.30456049539287]],[[-5.8958016110773235,37.37861150264118],[-5.894941152714918,37.37829723121893],[-5.894759307595813,37.3783533540594],[-5.894175605178848,37.37815970954701],[-5.894142397488642,37.37814855653424],[-5.894090073415731,37.378133582565106],[-5.8939015862274315,37.3780663196123],[-5.893239821754882,37.377830131796365],[-5.893210280553672,37.37781888874325],[-5.8927087135053355,37.37765124937552],[-5.892105428401407,37.3774495946167],[-5.891641302856287,37.37729446034279],[-5.8911807590627685,37.37714051610591],[-5.890734285807084,37.37699127188113],[-5.890393226949686,37.37687726591132],[-5.8899831180768265,37.3767401769584],[-5.889846274348772,37.37669443269869],[-5.88973847441198,37.376658466616426],[-5.889708464897516,37.37654296095798],[-5.889689147544933,37.376536242717556],[-5.889289996537701,37.37640892137719]],[[-5.892869140449263,37.30458283883457],[-5.8928633631308776,37.30457778990001],[-5.892857270831213,37.304572469333344],[-5.89285118980213,37.30456714849062],[-5.892847851728233,37.30456422952741],[-5.892843579978423,37.30456049539287]],[[-5.892843579978423,37.30456049539287],[-5.892841059087395,37.30455829533079],[-5.89283649558609,37.30455430701761],[-5.8928196419265575,37.30453957201882]],[[-5.893771129150347,37.37347838149344],[-5.893793560497306,37.3734803552188],[-5.893804776171131,37.37348134207986]],[[-5.893771129150347,37.37347838149344],[-5.893772658602084,37.373466476802236]],[[-5.893658337554029,37.3743905865762],[-5.8936597526098105,37.374382460217845],[-5.8936627326238105,37.37428758451186],[-5.893666170445769,37.37426188259542],[-5.893688868634882,37.37409223892078],[-5.893745152636541,37.37371222639877],[-5.893769511818214,37.373490937115015],[-5.893771129150347,37.37347838149344]],[[-5.893658337554029,37.3743905865762],[-5.893664082551135,37.37439112170741],[-5.89366982754831,37.37439165683834]],[[-5.891126515927389,37.310051943505265],[-5.893388557269729,37.31250305154671],[-5.89284715296328,37.31276804397148],[-5.892580457450507,37.31249135540033],[-5.893339379983246,37.31327522427911],[-5.892866833379883,37.31276756246548],[-5.893369479872407,37.312519252451104],[-5.893573519099785,37.312703068140436],[-5.891120830605428,37.31006225581002],[-5.891119078379734,37.310060983063785],[-5.8910447160542265,37.3099957061875],[-5.891030018596818,37.30998280151461],[-5.890892537041406,37.309862136995385],[-5.890711663125132,37.309715707724216],[-5.890253741392745,37.30939797726006],[-5.889809056869264,37.309124146886724],[-5.889484833119539,37.308841469024024],[-5.88930893495864,37.308625703222305]],[[-5.88930893495864,37.308625703222305],[-5.889302779934182,37.30861815831798],[-5.889297855639704,37.308612115192254],[-5.889292931690804,37.308606081068774],[-5.88928825579768,37.308600338243295]],[[-5.886777635186527,37.36180288121932],[-5.886783312525342,37.361788721678835],[-5.886813808423193,37.361773235046414],[-5.88682617924139,37.36177436559502],[-5.886838663188366,37.361775502389804],[-5.8873146096475795,37.361547804805475],[-5.887325297505894,37.36152094370075],[-5.888604037912258,37.360850458626224],[-5.88863241069866,37.360815253652056],[-5.888920712977863,37.36044006003863],[-5.888872530537523,37.36042087330682]],[[-5.888844924427948,37.36035305672799],[-5.888865111663589,37.36036225894424],[-5.888871499712665,37.36036516648255],[-5.888875176397211,37.360366842735395],[-5.888879083133746,37.36036863050571],[-5.888898374453001,37.3603774311062],[-5.888876087698436,37.36040825228433],[-5.888869762400548,37.36041698521272],[-5.888873924046468,37.36041864961141],[-5.888872530537523,37.36042087330682]],[[-5.888872530537523,37.36042087330682],[-5.888858888551905,37.36041543982883],[-5.888849809163592,37.360411823143295],[-5.8888416355973625,37.360408571781775],[-5.888833461686439,37.36040531141725],[-5.888828417467904,37.36040329914565],[-5.888814922913222,37.360398177438064],[-5.888788804068815,37.36038825515821],[-5.888762685230991,37.360378332872294]],[[-5.889289996537701,37.37640892137719],[-5.889287055835423,37.376382321261175],[-5.889276930118861,37.37629062246407],[-5.889276665522907,37.376288141948066],[-5.889279994306036,37.37627749987968]],[[-5.889289996537701,37.37640892137719],[-5.889234372929288,37.376391178469135],[-5.889121920253685,37.37635517238553],[-5.888974728723383,37.37629573134036],[-5.888481872467442,37.376078598503746],[-5.888438085032293,37.376061809383124],[-5.888127425387519,37.375942701419966],[-5.887965065691237,37.37588045799469],[-5.887714088883208,37.37578422851652],[-5.887533634841458,37.375715037784076],[-5.8871869036256035,37.37558210305168],[-5.88695724375827,37.375559987737624],[-5.886772650627634,37.37543407468577],[-5.886644838117268,37.37535079218021]],[[-5.886620645843343,37.368547163016544],[-5.886766718907458,37.36846159633924],[-5.887103660575098,37.36826421886664],[-5.8874527681256525,37.368059703985764],[-5.887554606220403,37.36800005100204],[-5.887699526697892,37.368157623551916],[-5.887708727757632,37.368167626012216],[-5.887712886495184,37.368172146947266]],[[-5.886777635186527,37.36180288121932],[-5.886802952229873,37.36183310692214],[-5.886817349610864,37.36185029033893],[-5.8868191241957835,37.361852409593475],[-5.886821904379013,37.361855729758865]],[[-5.884506725552675,37.363008157378296],[-5.884622641913542,37.362946865796445],[-5.884772922742634,37.362866145928294],[-5.884978183789316,37.36275839385271],[-5.885128461743581,37.36267850261034],[-5.885297270326174,37.362588742452495],[-5.885446803261247,37.36251093248577],[-5.885617459011029,37.36242108172819],[-5.885795037927782,37.36232631296815],[-5.885965901506889,37.36223513205052],[-5.886138351338304,37.362144407750264],[-5.886247570377119,37.36208693656489],[-5.8864040512627005,37.36200460349805],[-5.886521692763328,37.361939510442625],[-5.886777635186527,37.36180288121932]],[[-5.882334001268837,37.37111694128338],[-5.882453511970869,37.371041534105544],[-5.882462364162502,37.37103594772757],[-5.882689632613409,37.37089252924819],[-5.882831499343933,37.37080302405526],[-5.883002237906015,37.37069797349164],[-5.883198959779005,37.370577429887],[-5.883177863949187,37.370523338906864],[-5.883368883190865,37.37041457615932],[-5.883568388071409,37.37030099250621],[-5.8838448607552705,37.370143584854645],[-5.883982787034738,37.37006505055406],[-5.884217072433159,37.369931658236375],[-5.88453953945149,37.369748058298775],[-5.884881008889559,37.369553631162084],[-5.8851807225662185,37.369382974861075],[-5.885529934379375,37.36918414881054],[-5.885541120763403,37.36913844304952],[-5.885777630273629,37.369011382087685],[-5.885939225722202,37.36892455430083],[-5.8859699658402524,37.3689283180319],[-5.8860925096348655,37.36885652763953],[-5.886477664043567,37.368630914922875],[-5.886620645843343,37.368547163016544]],[[-5.886620645843343,37.368547163016544],[-5.886597943644971,37.36852247820546],[-5.8865918878558485,37.368515886022486],[-5.8865846065466485,37.368507954127296]],[[-5.886644838117268,37.37535079218021],[-5.88665055198654,37.37534580477821],[-5.886655965052783,37.37534975445029],[-5.886681485918305,37.37532746899998],[-5.886685594053821,37.375323890466966],[-5.886699829678527,37.37531146820899],[-5.886702790320462,37.37530888186508]],[[-5.886644838117268,37.37535079218021],[-5.8865538906550405,37.37526986193123],[-5.886374319394654,37.375168280933956],[-5.8859775686855835,37.37484086719538]],[[-5.886291100630443,37.37140944677451],[-5.886301210260388,37.37140338787028]],[[-5.883925117249518,37.37282390825858],[-5.88405376286286,37.37274614095569],[-5.884682111698287,37.372366288973254],[-5.884704040511505,37.372353985527305],[-5.884732244123733,37.37233984387706],[-5.884761963137379,37.37232606170374],[-5.884796050872454,37.37231019950333],[-5.884826690490664,37.3722948089343],[-5.884848542740773,37.37228168734557],[-5.884864911745309,37.3722701413444],[-5.88488852343535,37.37225255247857],[-5.884911974383248,37.37223666156851],[-5.885181315577997,37.37207866793439],[-5.885693737503761,37.371767212810134],[-5.886291100630443,37.37140944677451]],[[-5.886291100630443,37.37140944677451],[-5.886261974780866,37.371378025528685],[-5.886245733388671,37.371360499666565]],[[-5.8859775686855835,37.37484086719538],[-5.8859470407945285,37.37486360817781],[-5.8855344367704685,37.375171014322795],[-5.885503908265295,37.375193746198384],[-5.885510071727285,37.37519901120327],[-5.885599479488744,37.37527544743217],[-5.885575218913319,37.37529291713009],[-5.8853896909781795,37.375427924151424],[-5.885246824252683,37.37553389263333],[-5.884935683420436,37.375758163459274],[-5.8847018078298,37.37592682478618],[-5.884453944775298,37.37610558581996],[-5.884186426554875,37.37629976603535],[-5.883990391254442,37.37644238922857]],[[-5.8859775686855835,37.37484086719538],[-5.885249919393111,37.3742403668857],[-5.883925117249518,37.37282390825858]],[[-5.878045088948008,37.36645780575007],[-5.878055297175879,37.366352733906936],[-5.8781599827536715,37.3662997957505],[-5.878180361847135,37.36628949562842],[-5.878393986215539,37.36618148797525],[-5.878699784467812,37.36602050366438],[-5.879078120474972,37.365823897691534],[-5.879663803390418,37.36552119070116],[-5.879970182011001,37.365362829213474],[-5.880551000336323,37.36505974988362],[-5.8809517460509095,37.36485219330941],[-5.881382327193027,37.36462958975704],[-5.881746777296763,37.36443983783444],[-5.881907712471694,37.36435652792197],[-5.882065028048559,37.36427510823448],[-5.882285840440593,37.36417232491502],[-5.882411022791395,37.364106745577985],[-5.882537216316426,37.364044583590996],[-5.882579815048721,37.36402228798929],[-5.882826541909585,37.3638931546463],[-5.882991592657868,37.36378736897155],[-5.883534336456449,37.36350683914393],[-5.883690113727792,37.36344253042277],[-5.883820438143761,37.36337421101357],[-5.884070909133558,37.36323860409194],[-5.884296203700424,37.36311947918718],[-5.884469491968255,37.36302784473148],[-5.884506725552675,37.363008157378296]],[[-5.884506725552675,37.363008157378296],[-5.884436693588266,37.362924020337985],[-5.884426705836913,37.36291201836839]],[[-5.883990391254442,37.37644238922857],[-5.884085202242514,37.376525759213706],[-5.884091266960173,37.376531098788334],[-5.8840976702001235,37.37653672745773],[-5.884103232260133,37.37654161974774],[-5.88411220623732,37.3765495104664]],[[-5.883925117249518,37.37282390825858],[-5.8839185005577415,37.37281682502572],[-5.88388626653043,37.37278236129578],[-5.883867370862566,37.37276215157595],[-5.882999888000005,37.371834612621846],[-5.882707635127566,37.37151532462321],[-5.882592394246568,37.371389433949794],[-5.882355235036079,37.371138968493916]],[[-5.883977132673866,37.376452039021196],[-5.883983756496795,37.37644721876391],[-5.883990391254442,37.37644238922857]],[[-5.882355235036079,37.371138968493916],[-5.8823340513451,37.37115245177285],[-5.882325234003651,37.371158064324014]],[[-5.882355235036079,37.371138968493916],[-5.88234249230364,37.37112551073793],[-5.882334001268837,37.37111694128338]],[[-5.882334001268837,37.37111694128338],[-5.882264815798316,37.37104710070388],[-5.882264616113981,37.3710468983249]],[[-5.882264616113981,37.3710468983249],[-5.882262753266341,37.37104807912518],[-5.8822551124364955,37.371052572664645],[-5.882250165614183,37.37105547766571],[-5.882248495460769,37.37105638344088],[-5.882231396411429,37.3710473931673],[-5.882224333468848,37.371036608250925],[-5.882206145628262,37.37101657921972],[-5.882021658969738,37.37081066651148],[-5.882001233675616,37.37082272554412],[-5.881565706506641,37.3710797746612],[-5.881540301404348,37.37109476642563],[-5.881545671402184,37.371100555605906],[-5.881775121462216,37.37134820111524],[-5.881531982515751,37.37150625099868],[-5.881509893263212,37.37152793805602],[-5.881358727413009,37.37168222208769],[-5.881314362405056,37.37172780833893],[-5.881261926180986,37.371781692107966],[-5.881216723174048,37.371828100720414],[-5.8811907757282,37.37185783835875],[-5.881136334048843,37.371914492242645],[-5.881084530188643,37.37196809019343],[-5.880921066228802,37.37213768557395],[-5.880867300929705,37.372193142429396],[-5.880863846902608,37.37219670481687],[-5.880856971309079,37.372203792756835],[-5.880849038587187,37.3721988950183]],[[-5.882264616113981,37.3710468983249],[-5.882241773492747,37.37102383804669],[-5.882216899860844,37.37099874579556],[-5.882016532663351,37.370787651697256],[-5.881937888642536,37.370701056153685],[-5.881842906848111,37.370600279434086],[-5.881802637727278,37.37055494572635],[-5.881719738194161,37.370466885914425],[-5.881632507037388,37.370375381393124],[-5.881600300174298,37.37034009634207],[-5.881514779938808,37.37024815353078],[-5.88144522639029,37.370173374458886],[-5.881377033659438,37.37010169793569],[-5.881317534035174,37.37003915366001],[-5.881266313440179,37.369983183652],[-5.8811843586080235,37.36989410920973],[-5.8811331404817935,37.369839968280026],[-5.88108355817012,37.36978756258166],[-5.881037092827413,37.36973724347368],[-5.8809234443194045,37.36961505172272],[-5.880792135470557,37.369473899029565],[-5.8806400676826955,37.36931040069772],[-5.880571974744874,37.36923568458717],[-5.88046703706375,37.36912187637897],[-5.880351590185569,37.36899630374787],[-5.8802624847011415,37.36889939225943],[-5.880215281537562,37.36884805453808],[-5.880170681415865,37.36879953682623],[-5.880141548773253,37.368767843835776],[-5.880118247808858,37.36874250553184],[-5.880087725341632,37.368709305544265],[-5.880045269857842,37.36866313239923],[-5.879924570966784,37.368531857295274],[-5.879887321940298,37.36849133316198],[-5.879844324780197,37.36844456941253],[-5.879772914274689,37.36837369117268],[-5.879705813752678,37.36830185183224],[-5.879673522432792,37.368267262107395],[-5.879643327027492,37.36823492807846],[-5.879573376972738,37.36816001330622],[-5.878991238677351,37.367542166610114],[-5.8783357058272285,37.36684639443564],[-5.878045088948008,37.36645780575007]],[[-5.878045088948008,37.36645780575007],[-5.877944561213384,37.36636435137152],[-5.8778604278131885,37.366277436032554],[-5.877800025441422,37.36621503798257],[-5.877794277690165,37.36620909562026],[-5.877775001605762,37.36618918246043],[-5.8777515342625595,37.366161811251274]],[[-5.8777515342625595,37.366161811251274],[-5.87780275232177,37.36613308996161],[-5.877746037228093,37.36606879992049],[-5.876692733855,37.3648748603849]],[[-5.8777515342625595,37.366161811251274],[-5.877744392425017,37.3661548395525],[-5.877737261867882,37.36614786757857],[-5.877730108409825,37.36614088715097],[-5.877722978199475,37.366133924178534]],[[-5.876739163372933,37.364751552017935],[-5.87674436221554,37.364748451886705],[-5.876858540846924,37.36468044294013],[-5.876699411835503,37.36452369793224],[-5.877673275276173,37.36400915855127],[-5.877648518114175,37.36397903435344],[-5.877634405315513,37.363961869895384],[-5.8776270530152,37.36395292993088],[-5.877612845523738,37.36393565063456],[-5.877598649317684,37.36391837106157]],[[-5.876636352446408,37.36481277432087],[-5.876636408461871,37.3648127409081],[-5.876645448784838,37.364807357638185],[-5.876654489106496,37.3648019743676],[-5.876663529426829,37.36479659109637],[-5.876739163372933,37.364751552017935]],[[-5.876739163372933,37.364751552017935],[-5.876744059705387,37.364756785281784],[-5.876745907883057,37.364758767736696],[-5.876752663329406,37.364765974178006],[-5.876796602168096,37.364812968528604],[-5.876692733855,37.3648748603849]],[[-5.876692733855,37.3648748603849],[-5.876636352446408,37.36481277432087]],[[-5.876621021389207,37.36482191003696],[-5.876627368481543,37.36481813317989],[-5.876636352446408,37.36481277432087]],[[-5.870839536086178,37.35878957768822],[-5.870952440841986,37.358777662073834],[-5.870973771617608,37.35882965930292],[-5.871134523690456,37.35890259903713],[-5.871516391593314,37.359159872438624],[-5.871820475817577,37.359193150054196],[-5.874480174211134,37.35909655838104],[-5.875338331168377,37.35912325220399],[-5.87586714135193,37.35907977595629],[-5.876943751189544,37.360366042017475],[-5.876913429984177,37.360418349262694],[-5.876711572061243,37.36076663062807],[-5.876172426791063,37.36276234016409],[-5.876017557946766,37.36333557734456],[-5.876040125338174,37.36342838967641],[-5.876207213788822,37.363618939923754],[-5.875870735561817,37.363802984213116],[-5.875853910986954,37.36389510615006],[-5.876369883001198,37.36452092361472],[-5.876381640076354,37.36451661862237],[-5.876407070899762,37.364543699045704],[-5.876396843214014,37.36454903009845],[-5.876636352446408,37.36481277432087]],[[-5.872135006088353,37.35557721935252],[-5.872125221325985,37.355581710260864],[-5.8721154365624155,37.35558620116844],[-5.872105651797636,37.35559069207525],[-5.872101746638781,37.3555924810165]],[[-5.870839536086178,37.35878957768822],[-5.870829806302857,37.358534049325435],[-5.870819633393012,37.35832611815388],[-5.870796480065828,37.35801486817465],[-5.8707815582652305,37.35769538053308],[-5.870937558955169,37.357585713440976],[-5.87104935416738,37.35750506271521],[-5.872814118227278,37.35623279972936],[-5.8726763454580855,37.35591165779461],[-5.8726721773063275,37.35590862331772],[-5.872184650906971,37.35555443189707],[-5.872135006088353,37.35557721935252]],[[-5.872135006088353,37.35557721935252],[-5.872124886621728,37.35556316499914],[-5.87186366007616,37.35543972896456],[-5.87157339817191,37.355302580367564],[-5.871243077091322,37.3551464991629],[-5.870917608745138,37.35499272305933],[-5.870604486654813,37.35484476456151],[-5.8702920670640415,37.35469713957227],[-5.86968332405565,37.354409488885686],[-5.869179164395918,37.354171252994924],[-5.869179480264101,37.35402782808827],[-5.869153434941768,37.3540069693789],[-5.86913768184483,37.35399434907603]],[[-5.869568613067311,37.35370600989195],[-5.869580511400606,37.35370396389698],[-5.870572458196847,37.35219203583914],[-5.87099770465564,37.352083677922735],[-5.871193185479931,37.35203877702013],[-5.871239398284064,37.35202816596225],[-5.87128796071955,37.352017011220354]],[[-5.870841585189842,37.35882556240684],[-5.870841039336874,37.358816573800965],[-5.870840504418973,37.358807575918576],[-5.870839958223212,37.358798578310115],[-5.870839748521201,37.358795150260185],[-5.870839536086178,37.35878957768822]],[[-5.869541036869933,37.35371074330221],[-5.869545443811674,37.353709978515305],[-5.869553159378992,37.35370865582388],[-5.869560886223305,37.353707332858164],[-5.869568613067311,37.35370600989195]],[[-5.86913768184483,37.35399434907603],[-5.869152952923651,37.35398246246244],[-5.8695241800076605,37.35369344616628],[-5.869565339602328,37.35369386159635],[-5.869568613067311,37.35370600989195]],[[-5.86913768184483,37.35399434907603],[-5.869053944988986,37.353927268251155],[-5.868887689020928,37.35398983854973],[-5.868789109551018,37.354072139825675],[-5.868517770535573,37.35412955581637],[-5.868198107807534,37.35405387264237],[-5.8680461016134595,37.35407538478567]],[[-5.868023006275185,37.35397131979428],[-5.868087691364014,37.35396021665403],[-5.868120785369231,37.353954538705],[-5.868125192685787,37.35395378297249]],[[-5.868052791979125,37.35410553506385],[-5.868052002485603,37.35410199492106],[-5.868050039172554,37.35409312178392],[-5.868048064925453,37.35408425792294],[-5.8680461016134595,37.35407538478567]],[[-5.8680461016134595,37.35407538478567],[-5.868037723962533,37.35403765320201]],[[-5.867279758499391,37.35266802965652],[-5.867350703543247,37.35284092378267],[-5.867383450944152,37.352920740766656],[-5.867557767111705,37.35333172454589],[-5.867618205479083,37.353315822777766],[-5.867674755510324,37.3534581023474],[-5.867776571725788,37.35373059025246],[-5.867808819009167,37.35381918682288],[-5.867843480064097,37.353919592153915],[-5.8678725151182825,37.35401957530654],[-5.867886146203064,37.35406510997701],[-5.868029808341523,37.354039087817554],[-5.868037723962533,37.35403765320201]],[[-5.868037723962533,37.35403765320201],[-5.868033948739481,37.35402065019397]],[[-5.868033948739481,37.35402065019397],[-5.868028237987693,37.35399488246725]],[[-5.868028237987693,37.35399488246725],[-5.868023006275185,37.35397131979428]],[[-5.868023006275185,37.35397131979428],[-5.867960640624973,37.35378335216025],[-5.867463734148526,37.35262141571519]],[[-5.867463734148526,37.35262141571519],[-5.867320253247353,37.35265776824017],[-5.867279758499391,37.35266802965652]],[[-5.867463734148526,37.35262141571519],[-5.866924882340692,37.35137507989781],[-5.8666899699347805,37.350831725817216],[-5.866682606508664,37.35081471161949]],[[-5.867279758499391,37.35266802965652],[-5.867203223702,37.352687423618505],[-5.867191965598311,37.352690273832515],[-5.867132802190454,37.352705261381665]],[[-5.865969624932459,37.34980104698645],[-5.86597127570476,37.34980408868674],[-5.865991591432358,37.34982897978448],[-5.866034255937415,37.34985654586802],[-5.866069416889242,37.349922148654144],[-5.866159198154225,37.350093701685594],[-5.866212667115781,37.35019757128336],[-5.866290819464719,37.35036813565171],[-5.866378440481505,37.35056624191476],[-5.866449979890257,37.35072940638404],[-5.866562333937036,37.350985988095026],[-5.866624282651921,37.351138842286694],[-5.866645927045678,37.35119329280686],[-5.866680244832552,37.35127318908338],[-5.866731697603296,37.35139165989427],[-5.866858930661438,37.351687095795846],[-5.866946700752824,37.351887847136936],[-5.867047982117906,37.352122989626544],[-5.867131081916681,37.35232141213584],[-5.8671862197816385,37.352446803789775],[-5.867241402516875,37.352574555177505],[-5.867279758499391,37.35266802965652]],[[-5.865969624932459,37.34980104698645],[-5.865985904542605,37.34979372287512],[-5.866002184149482,37.34978639876168]],[[-5.865969624932459,37.34980104698645],[-5.865952753570078,37.34976997199295],[-5.865908275131838,37.349712524672654],[-5.8657977468160825,37.34957413894828],[-5.865722708639956,37.34947915419201],[-5.865601569770682,37.349333906908555],[-5.865541150038921,37.34925942784733],[-5.865513519022634,37.349224702901914]],[[-5.865513519022634,37.349224702901914],[-5.865529547296542,37.349216114411014],[-5.865545575566716,37.34920752591805]],[[-5.865480399840496,37.34918308249699],[-5.865496607532848,37.34917475998796],[-5.865512826498185,37.34916643720343]],[[-5.865513519022634,37.349224702901914],[-5.865480399840496,37.34918308249699]],[[-5.865480399840496,37.34918308249699],[-5.865472398064721,37.34917301306837],[-5.865331414206745,37.349000078508034],[-5.865228181287917,37.34887509477462],[-5.865211781823524,37.34885492943291]],[[-5.865161972115446,37.348880745590776],[-5.865186732945759,37.34886790858731],[-5.865211781823524,37.34885492943291]],[[-5.865211781823524,37.34885492943291],[-5.8652050675007255,37.34884665798871],[-5.865197228830139,37.348837017109155],[-5.865189437322396,37.3488274291512],[-5.865179333746772,37.34881759086674],[-5.865150038658169,37.34882071589809]],[[-5.865161972115446,37.348880745590776],[-5.864463558369223,37.34915692561855],[-5.864335581498702,37.34914939408452],[-5.864035241047707,37.349264802652584]],[[-5.865150038658169,37.34882071589809],[-5.865149841223903,37.34882175693725],[-5.86514963388258,37.348822834260126],[-5.865149400243938,37.34882411046026],[-5.865148621098652,37.348828256338315],[-5.865148376868141,37.34882955081698],[-5.865146893382779,37.34883743526938],[-5.865143759382835,37.34885415436726],[-5.865161972115446,37.348880745590776]],[[-5.865150038658169,37.34882071589809],[-5.865129219768718,37.34882294162347],[-5.865119140632315,37.34881077792934]],[[-5.865119140632315,37.34881077792934],[-5.8651116289401095,37.34881418591085],[-5.865028210253324,37.348851972164766],[-5.864947406779609,37.3488870007143],[-5.864903673112797,37.348904604738074],[-5.864883646039113,37.3489033149998],[-5.864877423146158,37.34889520283247]],[[-5.864035241047707,37.349264802652584],[-5.86399458091298,37.34928043057271]],[[-5.864035241047707,37.349264802652584],[-5.863938418912797,37.34910799812003],[-5.863247566541372,37.34943897236942],[-5.862923467956935,37.34959577305143],[-5.862959422210802,37.34964401161418],[-5.861768814191688,37.35021727367867],[-5.861648048556118,37.350275416352744],[-5.8595771816329325,37.35127247314439],[-5.859295595899653,37.3515059276126],[-5.858536204922661,37.35221782908648],[-5.8582613992981285,37.35247545566641],[-5.857991333119015,37.352728632782984],[-5.857760776477263,37.3532342227992],[-5.857767752689719,37.35344487335991],[-5.856977510155179,37.35447810129905],[-5.856081700781002,37.35432917469067],[-5.856061505032969,37.3544642767113]],[[-5.863792677601907,37.38832457721518],[-5.8637970098083185,37.38832505791981],[-5.863802079492409,37.38832562888003],[-5.863817276919782,37.38832733303029],[-5.863943448065478,37.3883414405702],[-5.86413251818056,37.38836259263228],[-5.8643500433353974,37.388386920241516],[-5.864565073761685,37.38841097452711],[-5.864959704502458,37.388455111183475],[-5.864956735912378,37.388472051482196],[-5.864970141486033,37.38847355563721],[-5.865032745165727,37.38848055290649],[-5.8650461620244085,37.38848205677915],[-5.865049596319168,37.38846251907109],[-5.8653827011142905,37.38849977508351],[-5.865381216866851,37.38850824523619],[-5.865380697174438,37.3885112043881],[-5.865378237431496,37.38852519481766]],[[-5.863935414771316,37.38717377416039],[-5.863861779225122,37.387175676074946],[-5.86382496657663,37.387176613374514]],[[-5.863935414771316,37.38717377416039],[-5.863933795163843,37.3872623450924],[-5.86391369917084,37.38727375334177],[-5.863793355916339,37.388320740171466],[-5.863792677601907,37.38832457721518]],[[-5.863792677601907,37.38832457721518],[-5.863791842783824,37.38832934617033],[-5.863790329651016,37.38833795216918],[-5.863787314667103,37.38835516389335]],[[-5.856106310502292,37.354468546502304],[-5.856061505032969,37.3544642767113]],[[-5.856061505032969,37.3544642767113],[-5.855816757589278,37.35444095915001],[-5.8556330247597375,37.35441803221434],[-5.855238511995815,37.35436141403256],[-5.854587501742318,37.35427222465009],[-5.8543721310279535,37.35424396845556],[-5.854159647838469,37.35421565114813],[-5.853954667915106,37.35418486350754],[-5.853650065840622,37.354138990592304],[-5.853261182187723,37.3540807160009],[-5.85262758615206,37.353986562835445],[-5.852367349265752,37.35392674822926],[-5.852016188276946,37.353846032052225],[-5.8501488324031445,37.35347035582268],[-5.849552966091965,37.35327409247161],[-5.849220863835,37.3531739583974],[-5.847755241014787,37.35277704298518],[-5.847175171404545,37.352792341946774],[-5.846290788603292,37.352497331160066],[-5.846281894743558,37.3524943644713],[-5.846256996586872,37.35248606123152]]]},"properties":{"id_dera":11010800000187,"codigo":317,"nombre":"Redes APA Sevilla","uso":"Distribución"}},{"type":"Feature","geometry":{"bbox":[-6.905536892286554,37.17044372545891,-4.396412496111721,38.39359903045664],"type":"MultiLineString","coordinates":[[[-6.905602707401884,37.171720544267465],[-6.905600877316043,37.171722163635316],[-6.905577033400049,37.17174330940426],[-6.905249495138102,37.17203364235483],[-6.905147510340669,37.17197327254025],[-6.902720654822327,37.170536653782875],[-6.900782892607917,37.172699391103606],[-6.900648538399995,37.17294851688983],[-6.900492699700371,37.17314858823685],[-6.899678153422339,37.17383891756947],[-6.891952532899981,37.18073698529032],[-6.882924474219108,37.188677045618014],[-6.877833297797496,37.19327094493853],[-6.87521550729549,37.195569615180986],[-6.875012358882856,37.19614404851133],[-6.874418996739355,37.196650014200145],[-6.871837562354503,37.19849650926354],[-6.871627952261554,37.19864643416662],[-6.870460971911577,37.19855326464871],[-6.870182253889819,37.19853101391611],[-6.8665246261929855,37.198238909252346],[-6.862495002455084,37.19791695521321],[-6.860606830763992,37.197623610509424],[-6.859841314133014,37.1976828209632],[-6.85805961760223,37.19752223420688],[-6.850949121225047,37.197753917747825],[-6.850592601285471,37.19771719074302],[-6.850073403598985,37.197663694374114],[-6.84891875814812,37.197831293683876],[-6.8410548986252415,37.19832581395306],[-6.839794466093967,37.19793815311025],[-6.837025579323732,37.19828482943819],[-6.836427242389604,37.1984918637663],[-6.833167824856963,37.19855502662371],[-6.832294241148446,37.19843810673835],[-6.823463029550587,37.19832345131232],[-6.820817994987156,37.198307544101084],[-6.804812577588519,37.19825492724631],[-6.796988206378254,37.198186621063115],[-6.795147936516753,37.19817547786389],[-6.7948495227042605,37.19817423904954],[-6.777850917019268,37.198077621337774],[-6.766373106545709,37.197870837492225],[-6.76365592801697,37.197821726970474],[-6.747609871580879,37.20993113728358],[-6.745170516971971,37.2116480434611],[-6.7437939465243,37.2118460609146],[-6.713070443318001,37.216182766230155],[-6.696949993127326,37.216725226290045],[-6.691804979589366,37.21689712754647],[-6.6905681801055445,37.216938447271225],[-6.690292527234574,37.21694804586366],[-6.6764808461702145,37.21742841971436],[-6.6675100162906915,37.218243240272514],[-6.650428025244342,37.21979289120387],[-6.630849748227111,37.22364136414767],[-6.626105903602118,37.22454193272961],[-6.618358832412891,37.22587160073239],[-6.614977213084921,37.22579353772338],[-6.609540794282036,37.22566784217941],[-6.609224786892101,37.225660528282376],[-6.602210592523934,37.22549796045547],[-6.595533006121375,37.22534280698031],[-6.594781568825946,37.22532531789024],[-6.594292882240841,37.225313948386145],[-6.5843572778679595,37.22735375402944],[-6.581098340183199,37.228235888621505],[-6.581008363058715,37.228255170931895],[-6.578534808139297,37.22873315001542],[-6.5757424443213575,37.22903600651905],[-6.573803365347311,37.22890942304671],[-6.5696720515791025,37.22980581200108],[-6.5574639148878,37.23258496433038],[-6.557122624398684,37.232662642994875],[-6.556866029603117,37.232398141143236],[-6.515384096071181,37.236105101530306],[-6.512056707129957,37.23637668847077],[-6.511348639873926,37.23623264452643],[-6.511053436156816,37.23646908522859],[-6.509429009951717,37.23650025772709],[-6.502709178270574,37.23684126031994],[-6.499460949777654,37.23700594591497],[-6.499321049490661,37.23701904822141],[-6.491331309895013,37.237833580770314],[-6.490768358750128,37.237824580590875],[-6.49018780861691,37.23787888284697],[-6.489696772803991,37.237924812532064],[-6.485866622304363,37.238282992014945],[-6.484927158573076,37.23844998586451],[-6.4365618828580144,37.243276739397686],[-6.428017259302508,37.244641158754234],[-6.426045180873343,37.24489613192289],[-6.423931670292798,37.2467986525187],[-6.410620423476186,37.24932057599429],[-6.400748056601106,37.250025006320065],[-6.399579455927614,37.24873792854256],[-6.399540847841996,37.24869540376329],[-6.373072647177433,37.251691750329485],[-6.368699933692809,37.25269971312612],[-6.3592917949270324,37.25485981988065],[-6.3585663330127336,37.2550187207762],[-6.337428490662264,37.25969391007457],[-6.333024723070546,37.26076851370791],[-6.331930363847795,37.26121907996127],[-6.330498407905008,37.261798460465464],[-6.325614471775339,37.26404403163764],[-6.306014076193963,37.27209701705277],[-6.305706669753424,37.27252175208892],[-6.3050956314279745,37.272772348016154],[-6.304380738717315,37.272763337357155],[-6.278186813505348,37.27243024476909],[-6.270853557110676,37.27365731758866],[-6.265020155428726,37.27690086368831],[-6.263145130200754,37.27825075147544],[-6.2614913931503855,37.27944126433765],[-6.258718101036321,37.27955930811862],[-6.258335143680765,37.27947890251783],[-6.257657289336534,37.27950276470291],[-6.252321040453749,37.27969016786784],[-6.251911701111953,37.279702936396866],[-6.250105452552384,37.27975925335177],[-6.249140939015547,37.28165976977047],[-6.245842779953355,37.28394382877102],[-6.245777992844393,37.284099813420795],[-6.245567456535652,37.284606705618245],[-6.2453753416211475,37.28475204019509],[-6.242128098913916,37.28720838721006],[-6.236786845682574,37.28893904647355],[-6.232861406996316,37.29169630955296],[-6.229835651668946,37.293853933146906],[-6.223565406682178,37.297990293314854],[-6.214744334845328,37.30099058049557],[-6.21155044097746,37.30098766757179],[-6.211111159609884,37.30098727154795],[-6.210467224513937,37.30098666256714],[-6.200614862877993,37.29590518123886],[-6.200191009657284,37.29568655032926],[-6.196349503919461,37.29484996596788],[-6.19553330270364,37.29467219467573],[-6.192744479481559,37.292806413599585],[-6.184939832823853,37.293408881468764],[-6.183343782371406,37.29395478626329],[-6.173132119556537,37.2904174917097],[-6.159403176652522,37.28806034729321],[-6.159279846706932,37.288068579087216],[-6.158070387522968,37.28820266935803],[-6.157710339218785,37.28815295836368],[-6.157239256665876,37.28845350426827],[-6.125425316602318,37.28848390128235],[-6.124052757884839,37.288746710304906],[-6.122615348730594,37.288485758379124],[-6.120274792769407,37.288497710932106],[-6.091237554797825,37.29265417777015],[-6.082427768244765,37.29423801739654],[-6.081413696043936,37.29442028695469],[-6.080975385649607,37.29476394007299],[-6.066760381903228,37.29869277304176],[-6.058751181943401,37.30413131386445],[-6.058178676833211,37.304225349910844],[-6.054503852171937,37.30517505693559],[-6.046611263118915,37.3043548878091],[-6.045888509908511,37.30427975009652],[-6.043362637602719,37.30401713496405],[-6.042408632460758,37.30317676046912],[-6.036889792039426,37.30084285606059],[-6.033373397887161,37.29772391364652],[-6.032741154749421,37.29716308198146],[-6.027453262166775,37.29425777236105],[-6.026837856284049,37.29363493346651],[-6.025005340987803,37.29004429431758],[-6.023225186624418,37.28785827856028],[-6.021491031819839,37.28630091845844],[-6.0209076217819915,37.28577695827436],[-6.020633730642999,37.28553097996632],[-6.013935832672855,37.282032281666396],[-6.012748265598454,37.277563183298795],[-6.011685102153932,37.27356171601061],[-6.011618895452872,37.27331255446313],[-6.0063524107456105,37.27142760613987],[-6.00588607429586,37.27152221889509],[-6.002039191654506,37.2700977184605],[-5.997128171097108,37.2686060255007],[-5.99672413761277,37.26818964949083],[-5.996636002231813,37.26816483199065],[-5.99620980182416,37.26804480925301]],[[-5.9961151951828935,37.26801972273124],[-5.995641840328548,37.26787595972351],[-5.9944208349916845,37.26752882597163],[-5.990097228770295,37.26848472393577],[-5.984450393727293,37.26932928464488],[-5.97968748018687,37.26941192519796],[-5.974926187231722,37.27787946716421],[-5.9741143330156685,37.27847374639319],[-5.969780777958046,37.2811563221739],[-5.965109672829223,37.28617946094815],[-5.963563746938738,37.286783291109934],[-5.959405393402335,37.288650071006174],[-5.955682437940163,37.29000611063319],[-5.949838156638268,37.29341815434064],[-5.9484536923103,37.29417563253394],[-5.945481330172159,37.296046334653525],[-5.936816173281264,37.299230688323966],[-5.935405150709985,37.29895745599658],[-5.931546477395426,37.30056683339964],[-5.92993516987432,37.301808501375916],[-5.921901005532368,37.305877200032974],[-5.920054307519833,37.306080461689795],[-5.917578247969122,37.30695645987912],[-5.916774346249189,37.308287207802294],[-5.916503794631162,37.30929170992575],[-5.9128126289790615,37.31290089462278],[-5.907747560126025,37.31644635049506],[-5.901890671362754,37.31904042672116],[-5.900143408038283,37.31994214652955],[-5.898995192942589,37.320403008717314],[-5.897926925726768,37.32076641309397],[-5.893459162659522,37.32530831791688],[-5.889810338073783,37.329392157857555],[-5.886809200536825,37.33218153907758],[-5.878198223456872,37.34114857205678],[-5.876293719079344,37.34277354691866],[-5.875041151082019,37.344008168795575],[-5.87347497789069,37.34473121202147],[-5.871357859401909,37.34654073757895],[-5.865499796745361,37.348599446619815],[-5.864944606649025,37.34886552183697],[-5.864409892163529,37.34907915888893],[-5.863526862167538,37.34943195121671],[-5.861402410594751,37.35050768024002],[-5.861227966063277,37.35078167942939],[-5.859190444283837,37.351735069590546],[-5.857791768454428,37.35338445725147],[-5.856878754000664,37.3545614933735],[-5.856284764182186,37.35650711221047],[-5.854956281244204,37.35725255799093],[-5.8523258950402095,37.3596543582266],[-5.849773196004433,37.36061453194326],[-5.8469142301097765,37.36180170524859],[-5.84348167487001,37.36622390493887],[-5.839897170150535,37.36881587917702],[-5.837271111322096,37.37107253596458],[-5.831849744502882,37.37459332751304],[-5.827352543215416,37.37827612864308],[-5.8221208892500895,37.38176560109804],[-5.819560804898876,37.38360309514895],[-5.813111587195061,37.3878128254178],[-5.811292144825608,37.38976976105299],[-5.80755172812124,37.391741744688865],[-5.803483863797387,37.39319970977827],[-5.800248429151141,37.3957100645311],[-5.797624929660613,37.39723510860674],[-5.795210860249917,37.39879290716419],[-5.792801843205127,37.40087422817579],[-5.788709928109581,37.40291984984472],[-5.786280509302432,37.404457369105096],[-5.777937404640075,37.411735833211665],[-5.775465528982419,37.41400317664736],[-5.772969801680049,37.41567135802579],[-5.769848975718695,37.417667661860705],[-5.767358354468751,37.419466177150596],[-5.7661363083480115,37.42013382458734],[-5.760991616520632,37.42482408967221],[-5.759622932384128,37.42596970804805],[-5.757692092651231,37.427714174336835],[-5.757197312275829,37.42789762458559],[-5.755278456254513,37.42883406308105],[-5.751434993831265,37.43146663822596],[-5.7483512815175475,37.43335304090406],[-5.747176743974064,37.43487888042739],[-5.743774497661345,37.43834286011876],[-5.742794223055004,37.43964540394389],[-5.7411546462095036,37.44084625748266],[-5.739421800108173,37.44158224738593],[-5.733630705348758,37.445201615985866],[-5.729303429700561,37.44812151312182],[-5.727123104144209,37.449527938495045],[-5.723628189060261,37.45233390482236],[-5.716457718192549,37.45459907946198],[-5.714217617956066,37.45555309271436],[-5.7087526252424405,37.459979889807926],[-5.7041202048754664,37.46239532527049],[-5.698284154204223,37.46618007720468],[-5.696140921476135,37.46969885930101],[-5.693922311094245,37.471220100731806],[-5.688865031044849,37.47441743216145],[-5.688687937833513,37.47452938001821],[-5.687132556354762,37.4757925927478],[-5.677583213208833,37.48013227226659],[-5.673459929141058,37.482140598183854],[-5.669696590535452,37.48366607679189],[-5.665780898514954,37.48548857475119],[-5.6509706131546995,37.48949843704103],[-5.647552267871222,37.49128182489922],[-5.644858004837563,37.49253500508849],[-5.6387958573834425,37.49410381405454],[-5.63350998830059,37.495843680360494],[-5.616022937070615,37.50322432070658],[-5.612641707773076,37.504574573934896],[-5.6117468651797875,37.504830273851745],[-5.608633931619408,37.50659210261457],[-5.603289116801691,37.50906173529923],[-5.599474563102005,37.50989365432953],[-5.597617359994848,37.509740904359816],[-5.588700166146731,37.51236282210249],[-5.578266083108183,37.513429705992564],[-5.574697973204064,37.51479603292925],[-5.568517562226006,37.5174342250527],[-5.567323767435696,37.51767555003114],[-5.561912690767976,37.52006280991307],[-5.559353142947184,37.52277123950885],[-5.557398050425613,37.52498525862303],[-5.5490313967213085,37.530201143383614],[-5.536384126319167,37.53547597826729],[-5.527856161250538,37.54032112342612],[-5.524466787640839,37.543028011592824],[-5.51585994744345,37.545782559004536],[-5.513114677196087,37.54564682720365],[-5.508166571049501,37.54690215158131],[-5.504618580721997,37.54678460961853],[-5.5002052341359295,37.54821132789888],[-5.4974340977644465,37.55183267117719],[-5.496260530555845,37.553269411190385],[-5.4937292077090225,37.55527544190506],[-5.487656300156772,37.556123411140504],[-5.481759548148665,37.55810006656929],[-5.477806880026848,37.559491355062875],[-5.473773698628417,37.561030374289736],[-5.463999296618923,37.56519599817165],[-5.462078077101416,37.56676909965959],[-5.458193779488826,37.567581026775414],[-5.452683681207612,37.5682824524769],[-5.448168304653032,37.57043171502732],[-5.444782522277766,37.5716398442589],[-5.443457230092909,37.57258784242164],[-5.442269056722925,37.573648416423076],[-5.442056349890546,37.573693107348774],[-5.439673430654663,37.574193648541154],[-5.437208182981103,37.57704863195983],[-5.436915599320578,37.57728341123123],[-5.435141144746802,37.57919378382285],[-5.43208878417708,37.579770129340986],[-5.428698152203029,37.57979430782382],[-5.423969773419679,37.57991700152201],[-5.42313989310942,37.57999347470482],[-5.414108569260411,37.583814674529954],[-5.409887569997578,37.58474964981977],[-5.401297814699507,37.58836848724636],[-5.396723858495067,37.58972070313669],[-5.395219259790431,37.59054962428044],[-5.393286001212795,37.59199624471578],[-5.389400691280977,37.59366475255799],[-5.3889878404085865,37.59371555614236],[-5.382609162569152,37.59655708310026],[-5.378622379479084,37.59868469513569],[-5.37593635650341,37.59996786328196],[-5.374144439457747,37.6007479573163],[-5.366393854359555,37.60106140273633],[-5.362196049463898,37.60243660563243],[-5.359062073857371,37.60373799413442],[-5.350028783903029,37.60766715391928],[-5.3458126100123255,37.60910813010635],[-5.341438135267088,37.61092982670294],[-5.333016556510803,37.613369000631245],[-5.321776204792507,37.61544092114421],[-5.316669643309917,37.61825368887658],[-5.304466722383869,37.622688682783334],[-5.287654072395784,37.632533999549196],[-5.2827504864222234,37.6351061280975],[-5.273434187163228,37.639048503816966],[-5.267929443004616,37.64144829571256],[-5.264089757324522,37.64257691429857],[-5.25799181278913,37.64551827424159],[-5.25258501016456,37.647956776907435],[-5.247615666524037,37.64980510566327],[-5.241597155962201,37.65217989665842],[-5.239547513997297,37.65341580446798],[-5.237365274054596,37.65377984799633],[-5.231601907150426,37.65615128678093],[-5.229490176989879,37.65687586689694],[-5.223637697373462,37.661644192328176],[-5.213504731494573,37.6639506867413],[-5.205712421426685,37.666427392169545],[-5.204114076008057,37.66811396436093],[-5.20397665004345,37.66825726837343],[-5.20353335613967,37.668719533184095],[-5.200793730127281,37.66986640372304],[-5.199695453164151,37.67217783556646],[-5.197418176563663,37.67604721990621],[-5.194508554014362,37.680020799680136],[-5.191975708503792,37.68050349832072],[-5.186353750263816,37.68250157782921],[-5.182626974698787,37.68401658126677],[-5.176122204436741,37.686291196795295],[-5.175345850980465,37.68663206105756],[-5.174104562314231,37.68704713472823],[-5.171903534357556,37.68790530248492],[-5.157836020759026,37.69304862801138],[-5.148578397546605,37.69663054747791],[-5.142144496746239,37.698830058693254],[-5.138926552023358,37.699840994750446],[-5.135088844506046,37.700870997990584],[-5.131422104031318,37.70219026428956],[-5.125821103244294,37.703829909673274],[-5.121303699728317,37.70534185644315],[-5.119122799702055,37.70697230124849],[-5.1153803094761825,37.71029768639079],[-5.1048252268065,37.714650522476404],[-5.091238171807381,37.71939106443476],[-5.081818247830653,37.7225318122348],[-5.073569719386002,37.725709846093395],[-5.064387195606569,37.72883213354732],[-5.059439905005651,37.73040109701265],[-5.058088381157377,37.73087575323477],[-5.0531038748979995,37.73221717563759],[-5.047687006564721,37.7335897564178],[-5.043108382691202,37.734964280031505],[-5.0372715381442665,37.73706771989066],[-5.0329147344989416,37.73836992241596],[-5.026369318104514,37.7401715687934],[-5.0261555076228905,37.74023190169482],[-5.02585706453116,37.740316101703506],[-5.02268866956425,37.74183090565998],[-5.018405208265311,37.74436975325549],[-5.01101276522689,37.74695534595848],[-5.00259592412784,37.74933771986916],[-5.000918107548148,37.75017308471615],[-5.000466125258724,37.75103334407478],[-4.997328754325438,37.753713315782996],[-4.986701675308563,37.75759930786713],[-4.986525647901904,37.75786552119296],[-4.985300434844703,37.75899238421409],[-4.981606729116973,37.76018329834044],[-4.979443667003327,37.76054786244872],[-4.974990801808423,37.761805353877],[-4.9709721797993005,37.76550230762482],[-4.9677230323752735,37.76840418327574],[-4.9640659721535965,37.7690089512509],[-4.962968970666886,37.77046748347207],[-4.962591910595785,37.770811656002394],[-4.962046277283674,37.77170869367246],[-4.958126158670089,37.77260923016405],[-4.955528466743816,37.77298725860741],[-4.949622152657184,37.77417506262483],[-4.945414923105325,37.773753331197724],[-4.938585929722278,37.77434537170627],[-4.935171879520808,37.772742068586886],[-4.9304108861321545,37.77032919568079],[-4.927905954909888,37.77102854371638],[-4.924818034196444,37.77075377199832],[-4.9208251192078,37.77065510450497],[-4.9174600813507725,37.77255095862536],[-4.913677246100604,37.7729901870182],[-4.908088279027984,37.77750257058298],[-4.907467775456663,37.77887793758204],[-4.899057645642225,37.78048210564681],[-4.896416983263487,37.78058819602441],[-4.895236040072488,37.782025742963036],[-4.892303246279754,37.784670793888054],[-4.890384911949458,37.78653890189917],[-4.886871666972529,37.787924939825935],[-4.881358198010809,37.79090268463369],[-4.880046626631714,37.79267895521096],[-4.8785309568112885,37.794334171406845],[-4.874998797289312,37.79601028380046],[-4.871107248356647,37.79520075510412],[-4.8668397591273225,37.79564026632263],[-4.865021347784349,37.79529769812306],[-4.863153116448041,37.79509421559944],[-4.861274210593278,37.79515745507245],[-4.852832337242756,37.79671400326821],[-4.849138852518429,37.79966070162597],[-4.847685299473911,37.80089428694832],[-4.842259070816097,37.802009179994826],[-4.8406253373185955,37.80445401592778],[-4.839644053342262,37.80580354324291],[-4.8399261619014045,37.80687753192546],[-4.838387358051473,37.80924907427394],[-4.836828977803728,37.81076625717993],[-4.833644965018024,37.81282440073916],[-4.8325475499085595,37.81312764415596],[-4.829720450268943,37.811723700487796],[-4.825598582256266,37.809925404451384],[-4.822564352914916,37.810777681914985],[-4.819554348455231,37.813153628986434],[-4.816570126694805,37.81399471575952],[-4.81076906783325,37.81508231603857],[-4.8085868052044045,37.81636082421426],[-4.805452667464973,37.81909670296388],[-4.80458295318124,37.81931389913146],[-4.800089749130981,37.82096004044326],[-4.798188922441485,37.82143605043806],[-4.7973062058327685,37.821666306751666],[-4.797126325421228,37.82171544540918],[-4.7951665329222894,37.82177550899405],[-4.794413734293853,37.82258239965877],[-4.793687843478057,37.82395109100386],[-4.789856764602145,37.82534545433979],[-4.788373940035221,37.82698044714227],[-4.784854703419478,37.82775708630163],[-4.780521428383787,37.82726557835717],[-4.7789179059417,37.82790222846534],[-4.77564375234165,37.82944052021547],[-4.7741430997498435,37.83024584693658],[-4.7715695044967505,37.83027559694145],[-4.765487571577245,37.83240443189074],[-4.75891791967217,37.83292899803766],[-4.754661673600154,37.832253786247946],[-4.754149703439524,37.83233958174435],[-4.752960213579059,37.83343368303789],[-4.751268245404156,37.83317293439672],[-4.7472474573737315,37.83290314586595],[-4.74138748481709,37.83348265199514],[-4.739635490637828,37.83333896872655],[-4.736521655899028,37.83417186047795],[-4.735343238234049,37.83467808051589],[-4.7336004337716995,37.83517905070877],[-4.73207078604315,37.83519703902734],[-4.728764129849522,37.83721512957901],[-4.726416578160918,37.83691987129658],[-4.725135796184357,37.83704768420109],[-4.721979648044241,37.840287712688365],[-4.720012970347013,37.84095191028293],[-4.713187606849526,37.84274993298275],[-4.710677545857627,37.84418697961626],[-4.709186811248181,37.84548910783019],[-4.707374590139715,37.847534654476576],[-4.704367864458744,37.85065063957244],[-4.704641914899404,37.853028933501825],[-4.703898559301036,37.856387399153924],[-4.702261125769416,37.85786717357652],[-4.699900916843562,37.85893704429208],[-4.695839051428576,37.86146556259192],[-4.693360389560359,37.8626028779909],[-4.690894492646383,37.863328574886964],[-4.687705550411978,37.86367080109024],[-4.686561134806889,37.86448471402732],[-4.684979466278623,37.86421267790842],[-4.678996880444493,37.86337929668672],[-4.674919174430957,37.86458485015903],[-4.671642888190688,37.865497061909664],[-4.665204432177102,37.86795177560571],[-4.661961179244137,37.869326386775356],[-4.653617080133457,37.86735538095832],[-4.641798922200013,37.86844496337776],[-4.641329988908557,37.86829539180632],[-4.641047550811724,37.86826807359542],[-4.6395682304627535,37.86836099225391],[-4.636700522310889,37.86911767529707],[-4.636579974187461,37.86925405609955],[-4.635510691563436,37.87102535496065],[-4.635299132221341,37.87137580192028],[-4.635655090070566,37.87267808885943],[-4.6358656918708405,37.87327831167141],[-4.637041350443489,37.87541842804926],[-4.637198932388581,37.8774386363053],[-4.6340059395903515,37.88076944801087],[-4.633255321562359,37.88213374780633],[-4.632035504503001,37.884350742849],[-4.632637568738959,37.88660026171771],[-4.6294232570492015,37.89024893291611],[-4.628984454122629,37.89128694864301],[-4.626876896652286,37.89379908717164],[-4.618247861740058,37.89665784335653],[-4.616717844868209,37.89777106265091],[-4.614525946385199,37.89798337683682],[-4.612134363223147,37.89827266216761],[-4.611552871246505,37.89798573655028],[-4.6079491701070845,37.897641134081795],[-4.605311027264216,37.89745584165437],[-4.603001873156006,37.89802088782171],[-4.600109201001241,37.89667542868293],[-4.595530110638018,37.89778617523242],[-4.593402904340867,37.89906395322208],[-4.592707216885992,37.90011220727529],[-4.590131324638638,37.90337897896282],[-4.587904804222102,37.905227703734155],[-4.587038019064393,37.905698859317056],[-4.586419835244045,37.90628295117709],[-4.584659690385122,37.90652193956381],[-4.584062288357752,37.90773723117549],[-4.583184001187784,37.90804126493959],[-4.580053257989607,37.91090524336988],[-4.577820053990498,37.91393836415667],[-4.57772190642281,37.913974016390775],[-4.576921542470428,37.91426473878525],[-4.576834444354188,37.914296375545845],[-4.5765454352941415,37.91440134534131],[-4.572570215640515,37.91584514705758],[-4.571419594896032,37.91951643197744],[-4.570511296446496,37.93105292678104],[-4.570081251312425,37.932213669907874],[-4.567769444332082,37.93562199417865],[-4.567623238063873,37.937610208182114],[-4.566769046482362,37.94482838805435],[-4.56620068281499,37.95013506649809],[-4.565921234233587,37.9537143621993],[-4.565921885500275,37.95633563528637],[-4.56470480019784,37.966768840424145],[-4.565240070735912,37.97061741095977],[-4.563898279543683,37.975208143068045],[-4.5596279074274175,37.982751142281636],[-4.561647937231168,37.98460094113534],[-4.562019197024793,37.98585082704561],[-4.562072314161791,37.98809453395287],[-4.562201625674917,37.98897280008245],[-4.5611859196532025,37.993041769263506],[-4.560818920438142,37.99558444614102],[-4.5614646685032065,37.99811371805229],[-4.561454397345624,37.998932546198326],[-4.56181115613052,37.99956095197679],[-4.558731131354998,38.003159685066784],[-4.558688010141914,38.00373816309124],[-4.5570253267785725,38.00501519339257],[-4.55618353059769,38.006408440344494],[-4.55403239468953,38.00832819451836],[-4.55238506670891,38.009604839260774],[-4.550884105302538,38.015532841531574],[-4.551250452689179,38.01648349362126],[-4.551021659062735,38.01802763330843],[-4.550684406469765,38.01915489132807],[-4.550979779121992,38.0199683428018],[-4.5507442838467576,38.02360596675165],[-4.548011743555751,38.02675547950441],[-4.546348871670358,38.029114969189884],[-4.544180297394394,38.034585341721055],[-4.541914016388055,38.0363629340182],[-4.54057522318055,38.037705680343414],[-4.540231508226109,38.03884437359485],[-4.5402678952088795,38.03956447129167],[-4.540446479437386,38.040218495633304],[-4.539695513238754,38.041770621301076],[-4.53855550461079,38.043154179267425],[-4.536885607415816,38.04383758006902],[-4.534820190009552,38.04459962280502],[-4.5340379573680725,38.04517026089572],[-4.532069584751638,38.04601955022206],[-4.530390103344749,38.04624791315722],[-4.529460043591002,38.04758109543033],[-4.5288025828200436,38.048773762143234],[-4.527978753573138,38.050489498671254],[-4.527505076632322,38.05180619046817],[-4.527804837417637,38.05493931613632],[-4.528778415077948,38.05664170999138],[-4.530687450457511,38.05803091973796],[-4.531736519025442,38.059769695239346],[-4.532592407270837,38.06093421195763],[-4.532563744523779,38.06160459158861],[-4.533802483185309,38.06339958810439],[-4.534038282190771,38.06422664300087],[-4.5350963121824135,38.065020307668156],[-4.534709944246062,38.0677082569121],[-4.533296899684296,38.06982372094243],[-4.532791145137361,38.07036968331915],[-4.532735525754904,38.07155551260687],[-4.532941843539874,38.072751569255765],[-4.532474405910758,38.07720552607729],[-4.5316372579372075,38.08054842524697],[-4.5311391293191825,38.08433309388198],[-4.531512917334331,38.085124647139146],[-4.531942319119478,38.08728787217631],[-4.532509012035281,38.08786621730418],[-4.532420267698938,38.089791563181194],[-4.532411975042237,38.089971657857085],[-4.5323479446322255,38.0913608659645],[-4.532597072240827,38.09578712855836],[-4.531868254799373,38.09733377117714],[-4.528623394819388,38.10188657813327],[-4.5267318131107155,38.10435102308786],[-4.523869790827663,38.1094257708047],[-4.5209883656293774,38.112019154590676],[-4.519111015659709,38.11469860577296],[-4.518906218744465,38.11957355494447],[-4.5179699353563825,38.121064015488045],[-4.516096127145673,38.12364441174588],[-4.5157284240397635,38.12388125743232],[-4.515161945724433,38.12414967399923],[-4.514373309612248,38.125194733317265],[-4.514202550915495,38.12632843610715],[-4.512030797790435,38.130332660624006],[-4.512458835148226,38.13098199362954],[-4.513912675940479,38.13241569516433],[-4.514015337220788,38.13281227639149],[-4.513687664678388,38.13372278127573],[-4.514019211579144,38.134526724787015],[-4.515146221487966,38.134963965286644],[-4.515606516559328,38.13552740067554],[-4.515664193668886,38.13577949544743],[-4.515127161292989,38.13749625170991],[-4.515024031202711,38.13809440345604],[-4.5150319111364,38.138475614273396],[-4.5148986618879,38.13889466469244],[-4.514544348109895,38.13952923648116],[-4.514343220003973,38.140211552135455],[-4.513905926081634,38.14063995393478],[-4.513849875557412,38.141269689230505],[-4.513517501172405,38.141696728473825],[-4.513636327924064,38.14236662926656],[-4.513151697951197,38.14330129665323],[-4.513494218281153,38.14492476705313],[-4.5132313948319664,38.1459228861556],[-4.513313834716639,38.1481508272389],[-4.511799357213341,38.15031182118494],[-4.512076488088574,38.15374630075015],[-4.512427291722219,38.15520496381805],[-4.512345031496482,38.156236675675565],[-4.512700814541828,38.15679427512824],[-4.512291312837972,38.15751809174715],[-4.5113872308808745,38.15811339890496],[-4.510876660281457,38.15942675230218],[-4.511043191973014,38.16086429423665],[-4.513173664093625,38.16227202234571],[-4.5132959362170935,38.16294058819318],[-4.513202488153017,38.163912739606594],[-4.513579713363907,38.165047143070325],[-4.514295310580116,38.16589421031191],[-4.514503322791892,38.16724203768289],[-4.514282341585735,38.16773260936374],[-4.513690319733628,38.16816619495909],[-4.5125938893529005,38.16940675247648],[-4.513006534040578,38.170428997265354],[-4.512276314445915,38.17143905137875],[-4.512633427951141,38.174095322146904],[-4.512124823740269,38.175051260922544],[-4.511987621173446,38.175945804891086],[-4.509292602193612,38.176923402633584],[-4.507092966044741,38.17811838470485],[-4.504530794685565,38.18111296975609],[-4.503544048910831,38.184655126506065],[-4.503391733866988,38.185752953245675],[-4.5030827271864355,38.186319463405816],[-4.503162216458967,38.18702802162548],[-4.50260471578995,38.18809951798205],[-4.502831469293689,38.18916798100078],[-4.502336278621316,38.19011252194114],[-4.502276660179558,38.19061394637374],[-4.502331130171132,38.192544064804586],[-4.5017628388525575,38.19362258809738],[-4.502235817188476,38.195244617904706],[-4.501075028560144,38.196425439338235],[-4.499779191444098,38.19954311218915],[-4.499701012836139,38.20011572218172],[-4.49825904848391,38.20151675929526],[-4.497076342430997,38.20458967469159],[-4.496541949913921,38.206842505121806],[-4.495919418592281,38.20892330146143],[-4.494815440876708,38.21143149031748],[-4.488078888425374,38.221850195696476],[-4.487766881246741,38.224095018678675],[-4.4858514222736865,38.22822173852685],[-4.485513442953847,38.22905385802535],[-4.4848442550243135,38.230347441726245],[-4.4828529742908385,38.236251764478034],[-4.482821925101314,38.23867131990645],[-4.481443914070144,38.24199087239577],[-4.479297343946809,38.24822733408501],[-4.478496103958121,38.25148386077292],[-4.475659107391019,38.25669696060727],[-4.473919502513059,38.259537240051586],[-4.473195195790413,38.26056730414788],[-4.472025413028201,38.26182765896654],[-4.47173691402706,38.26334230826421],[-4.470456952868315,38.26627267514245],[-4.466797038111586,38.27352385381753],[-4.464142812739743,38.27715531781963],[-4.462824363412489,38.27916810632128],[-4.462314087708997,38.28048098946076],[-4.461459176819002,38.28372674094583],[-4.460373949108265,38.28666848362217],[-4.459337884570649,38.28867075965244],[-4.458873702435852,38.28993293965557],[-4.458778722060553,38.29019122587816],[-4.456249416930605,38.29623070533965],[-4.454984823101923,38.299485345697846],[-4.454490474063025,38.30110919731019],[-4.453799930406989,38.3028959041969],[-4.449806531732853,38.31446984167305],[-4.444259519657488,38.32736759072132],[-4.443365383136726,38.331163816705775],[-4.441262763266236,38.33431489693916],[-4.438172576465626,38.33652636242237],[-4.4363132420445215,38.33824106104973],[-4.434543048091308,38.34007138803326],[-4.433522924016385,38.341691949964385],[-4.432949053549065,38.34271887876759],[-4.432149477666017,38.34497854655711],[-4.43152769083681,38.3456440802937],[-4.4303942134408905,38.34669700937696],[-4.429183021135839,38.34834026602122],[-4.424912499112314,38.35228063906475],[-4.422863059452254,38.35570016479269],[-4.419078301061672,38.35907734830267],[-4.41877301270061,38.36073964998253],[-4.418366861102605,38.362306628577656],[-4.417386410423796,38.36351547544013],[-4.415356118067029,38.36498602630705],[-4.41189742070213,38.36715364979799],[-4.406085805791794,38.372734027767336],[-4.401619522660634,38.37752303576499],[-4.40041918893306,38.380452786149704],[-4.397909833812713,38.38563665912665],[-4.397180080992371,38.38838161138919],[-4.396738701832934,38.39326046433429],[-4.396412496111721,38.39359903045664]]]},"properties":{"id_dera":11010800000151,"codigo":234,"nombre":"Huelva - Sevilla - Cordoba - Madrid","uso":"Transporte"}},{"type":"Feature","geometry":{"bbox":[-6.203925071242805,37.2976126376526,-6.190514776092065,37.324606056860176],"type":"LineString","coordinates":[[-6.203925071242805,37.2976126376526],[-6.203897307080177,37.30079430821319],[-6.197091557407981,37.30688828878433],[-6.1977733081777835,37.31493576607734],[-6.190247123648699,37.31828092139351],[-6.191017333871441,37.324592490892634]]},"properties":{"id_dera":11010800000134,"codigo":199,"nombre":"Ramal a Marismas C-1","uso":"Transporte"}},{"type":"Feature","geometry":{"bbox":[-5.912257510736483,37.16440100237852,-5.780489478809168,37.26380084386354],"type":"MultiLineString","coordinates":[[[-5.912268463981194,37.164686238868974],[-5.912265785246874,37.16468673841939],[-5.912256363778739,37.164688492587636],[-5.912251921786689,37.16468931231331],[-5.91224966711939,37.16468974607218],[-5.912246770591826,37.16469027865937],[-5.912239546904642,37.1646916189208],[-5.912204883195741,37.164698072223814],[-5.911854295540507,37.16459482134846],[-5.911552640048698,37.1645059882078],[-5.911326200659763,37.16443930541523],[-5.9112779460444305,37.164425091324375],[-5.911052207023596,37.164469182328034],[-5.910489162312804,37.164579140657644],[-5.909821942557834,37.16470943679148],[-5.909085840179081,37.16485319515713],[-5.909063970718887,37.16485746014571],[-5.907996814347316,37.16480719232163],[-5.907959175758777,37.16481274856935],[-5.90784624879008,37.16482942674338],[-5.907747015814169,37.16487489903782],[-5.907569137390176,37.164956415200386],[-5.907138767169735,37.165153638254964],[-5.90677225426197,37.16532159228527],[-5.90661822484154,37.16539217795261],[-5.906546855431492,37.16542916839109],[-5.906352055412699,37.16553011542063],[-5.905977466923458,37.165724221489114],[-5.905600811850058,37.165863825559164],[-5.905097715884176,37.166050285721916],[-5.904521336705054,37.16626391602295],[-5.9041634454322764,37.16639655942637],[-5.903977255861332,37.16647079079611],[-5.903678046124711,37.16659009069221],[-5.903419991567512,37.16669298061114],[-5.9031912248175145,37.1667841900433],[-5.9028352979054945,37.16692611010873],[-5.902731770738964,37.1669673836321],[-5.902523814400566,37.167050773744926],[-5.902337535439942,37.16712456186447],[-5.902047508126098,37.16724020014243],[-5.901751903324912,37.16735805051465],[-5.90164982893234,37.16739875233228],[-5.901345407126782,37.16750496992335],[-5.900909037661184,37.167654068376415],[-5.900593642755663,37.167797517271616],[-5.900338039216189,37.167913766234555],[-5.900076689398754,37.168032637504446],[-5.899786749607727,37.1680970660957],[-5.899388124836378,37.168120731317494],[-5.8990083998021206,37.16814294524289],[-5.898335599185276,37.16818258222822],[-5.89804095993584,37.16820223090699],[-5.897843412344082,37.16821575690767],[-5.897597342035271,37.16823370855194],[-5.897226880625824,37.168260008482314],[-5.896803898979351,37.16835513555326],[-5.896436939908362,37.1685302386492],[-5.89619231084304,37.16864696702431],[-5.896069990259868,37.16870533117431],[-5.89599501338294,37.16886518170564],[-5.895977473932361,37.16890257506371],[-5.895915058023793,37.16892545322629],[-5.895510735328267,37.169073656145784],[-5.894801844899019,37.16933349714195],[-5.894479129064066,37.169451780088266],[-5.8938014782350026,37.17002166331833],[-5.893585334830986,37.17020344396801],[-5.892707117224623,37.17038477947083],[-5.892289508826915,37.170471002732064],[-5.892267680878529,37.17046070299114],[-5.892104801735311,37.170265380681435],[-5.891965280373955,37.170098083091915],[-5.891833757554085,37.16994035247706],[-5.891709666794639,37.169791547560806],[-5.891503594437029,37.16954441589454],[-5.891408213506054,37.16943003793558],[-5.890514584442397,37.16974997654564],[-5.889665401731623,37.17005398655732],[-5.888698283633013,37.17040021246327],[-5.887714695569452,37.170752313205504],[-5.887244022743366,37.170920809824],[-5.887079384420922,37.170979744388895],[-5.887008742230069,37.17100503301183],[-5.886876785404795,37.17105226393419],[-5.886612337169973,37.171146932148105],[-5.886215646064439,37.171288929222506],[-5.8853209057297615,37.171621137869934],[-5.884715459639808,37.17184593735283],[-5.883869268109827,37.172160112807454],[-5.88291059362812,37.172516033610435],[-5.882604128610198,37.172629819803745],[-5.882588755869541,37.17263552736802],[-5.882216659264897,37.17277366460042],[-5.881878195607584,37.172899328155054],[-5.881815839900513,37.17291762078588],[-5.8808520934106925,37.1732003376964],[-5.880776315044132,37.17322226890991],[-5.8807480517862025,37.1732304397688],[-5.880654086905933,37.17316883560797],[-5.88013044350102,37.173227403837906],[-5.879517387693732,37.173295977832055],[-5.878871720635665,37.17336818344103],[-5.878521443938742,37.17340735108111],[-5.878467118436923,37.174154579392976],[-5.878373883775203,37.17423189122989],[-5.878342817032894,37.17425766154744],[-5.877998783997781,37.1744158835494],[-5.877853803299933,37.17432777043201],[-5.877802763257186,37.17422832235987],[-5.877598899878205,37.17383102087714],[-5.877584588636247,37.17357329922804],[-5.877221732488773,37.173582143261115],[-5.87703479919274,37.173604216653864],[-5.876941332496726,37.173615253241174],[-5.876836489284305,37.17362762725825],[-5.876457740655111,37.173701769155215],[-5.875932664450368,37.173804543299624],[-5.8752497103751375,37.17393821206267],[-5.875232558328236,37.173882111194],[-5.874817887260668,37.173959897452356],[-5.874366896293437,37.174044478523804],[-5.873930136838838,37.17412640569397],[-5.873422664803268,37.17422316827224],[-5.872799176056391,37.17434426122841],[-5.872528463165768,37.17439975120981],[-5.8721335856164085,37.174486681348256],[-5.871571217317684,37.174610465515926],[-5.8712921984742055,37.17467048171197],[-5.870894004866832,37.174750004795186],[-5.870141800656699,37.17489620210119],[-5.869536585114785,37.175016576782745],[-5.868510247741669,37.17521838462382],[-5.867513696877838,37.175409090878645],[-5.867430999717338,37.175394899302866],[-5.866838254536826,37.17551380493537],[-5.866719712446706,37.175537592922424],[-5.866595108493347,37.17563194129256],[-5.866089401064413,37.175729552713875],[-5.865713585321675,37.17580254684649],[-5.864964364847437,37.17594892537263],[-5.8644206453674155,37.17605508032563],[-5.863812260471043,37.17617356490672],[-5.863291253023237,37.1762744872138],[-5.86279868038964,37.176369903190256],[-5.862682416733008,37.176392414081555],[-5.862528794492948,37.17643548212684],[-5.861780415259155,37.17658799342405],[-5.860966381168289,37.17675387873308],[-5.86053274481562,37.176839030950475],[-5.859699325232532,37.17699892596319],[-5.859640383066463,37.176998199319115],[-5.8588293457606895,37.17715695722328],[-5.858270203447491,37.1772659017228],[-5.858140583027482,37.17729115736137],[-5.857993866410664,37.17733521556085],[-5.857938305064384,37.17736851075928],[-5.857561666938,37.17744184971155],[-5.856263306130132,37.17769465632163],[-5.855089715947832,37.17792497101931],[-5.854281553664054,37.17811285174492],[-5.853328125201919,37.17834005704299],[-5.853176641094138,37.178376150271774],[-5.852420819067389,37.178494945504035],[-5.851977860499043,37.17856457699389],[-5.851867461220844,37.178581916434396],[-5.851529533792716,37.17862365081415],[-5.8508796535490095,37.178703907724035],[-5.850206229255373,37.178787071497766],[-5.850182378067038,37.179254808498],[-5.8501122054996975,37.17926000379672],[-5.849225916248665,37.1793256133888],[-5.849185830478854,37.178786103374435],[-5.848714162074729,37.17882099881574],[-5.847697573269128,37.178894474104816],[-5.8469180619287915,37.17895031970954],[-5.846785182771342,37.17895991790195],[-5.84671674224273,37.178964866543716],[-5.846211976021925,37.1790013319841],[-5.845559536018701,37.17904252491846],[-5.844685368435509,37.179091642833505],[-5.843513979025671,37.17915746025598],[-5.842465181784641,37.17921462108263],[-5.842253443292011,37.179225378051754],[-5.842186086709458,37.17922880322619],[-5.842139436373154,37.17923116854275],[-5.841654651140639,37.17926241983816],[-5.841235290636735,37.17928947889434],[-5.841046450194835,37.17930166821169],[-5.840576645348067,37.17933603442908],[-5.840060883786422,37.17937375243343],[-5.840006524166089,37.179404288456475],[-5.8399804134395685,37.17940638179672],[-5.839776449155552,37.17942275192635],[-5.839393986847444,37.17945344106253],[-5.839301688412473,37.17948679648446],[-5.838831260809538,37.17952429880888],[-5.8384403014379425,37.17953258146417],[-5.838156147704304,37.17955370363681],[-5.838056580412917,37.17956110034023],[-5.837161220163773,37.17962604348567],[-5.836092016525701,37.17970342034625],[-5.8357600788123385,37.17972563500979],[-5.83541304338148,37.179747795000864],[-5.834980551742097,37.179775413932134],[-5.834384234307683,37.179813494724904],[-5.833618601753038,37.17987994745219],[-5.833094277620189,37.17991525637549],[-5.833073905616216,37.179916629577654],[-5.832970400378196,37.17992359948569],[-5.832402018618581,37.179961878613256],[-5.831848469969662,37.17999901598077],[-5.831476614703856,37.18002395408851],[-5.83056829789437,37.180084746543095],[-5.8299843152131725,37.180118210402235],[-5.829901130390792,37.18012769092991],[-5.8297514046961565,37.18013190548018],[-5.829735239740972,37.18013384195239],[-5.8295687671288245,37.18015375548356],[-5.8287736617305175,37.180212179711894],[-5.828389817415602,37.180239461461696],[-5.828206553317081,37.18024917183587],[-5.82723258081646,37.18006077950343],[-5.826491324985511,37.179917400293014],[-5.825929250977131,37.1798038636715],[-5.825532320886774,37.17972259256072],[-5.824933678683217,37.179600004172954],[-5.823259167670679,37.179581149174645],[-5.822556661593141,37.17957350704152],[-5.822120942077478,37.17956875840464],[-5.820977952012213,37.17955755899124],[-5.820514397463425,37.17950112951764],[-5.8197675439115395,37.17941018830461],[-5.8185440368216454,37.17927235355007],[-5.818457344722501,37.17926257803401],[-5.817949143532881,37.1792173696252],[-5.817671989604206,37.17919272019929],[-5.816957453724279,37.17915017438987],[-5.816906415442762,37.17914713457853],[-5.816759082484,37.179156756820745],[-5.81620550456188,37.179192898868095],[-5.816182657115765,37.179194383391305],[-5.816118466602152,37.179198641174345],[-5.815971276778178,37.1792083974452],[-5.815923214523426,37.17921158878262],[-5.815351549443573,37.179249485672806],[-5.81453960357283,37.179302641100904],[-5.813215884165369,37.17938928330152],[-5.812142584244995,37.17973130413171],[-5.812108597098698,37.1797421322038],[-5.811829304624834,37.17980971125846],[-5.8110288754075,37.18000235584163],[-5.810410483142553,37.18015035118876],[-5.810090282311251,37.18022631587371],[-5.810002509578013,37.18024713033344],[-5.810132098222516,37.180724150223625],[-5.8094494541001716,37.180856022434334],[-5.8095522991516395,37.181142955297275],[-5.8096551565689865,37.18142988775299],[-5.809675973759713,37.18197667376241],[-5.809701789235779,37.182654887609985],[-5.809665097177401,37.18277076906687],[-5.8098821704937595,37.18357279857022],[-5.809954249269546,37.18383911783535],[-5.809895974808153,37.18389078095034],[-5.809575580081386,37.18396630617436],[-5.808974209529143,37.18410806817487],[-5.807796227141964,37.18438237762125],[-5.806499606357893,37.18467531230158],[-5.806280260678711,37.18485252868835],[-5.805386490570383,37.18501321570654],[-5.805256720324379,37.18503654420938],[-5.805236479435504,37.18518082432916],[-5.8052297133682425,37.18522892122971],[-5.805216215782402,37.185325114210826],[-5.805097228631951,37.18535499696609],[-5.804502257480253,37.18550442826061],[-5.80386189694725,37.1856652752984],[-5.803758037117788,37.18576461346887],[-5.803521449092244,37.1858921833995],[-5.803256972632813,37.18630914939076],[-5.803131874452467,37.186630744019155],[-5.8030956961351094,37.18678609570819],[-5.803083644008567,37.186837870201394],[-5.802908412075089,37.187130846645985],[-5.802904447820513,37.18713748274567],[-5.80262198252073,37.1876133752483],[-5.802322124074575,37.18812521365438],[-5.802303518739423,37.188156981164525],[-5.802203538208837,37.188322710046705],[-5.801845885906441,37.18891552019934],[-5.801663467423597,37.18920746536174],[-5.801508218172947,37.189455029331114],[-5.801456471933396,37.18953754745222],[-5.801141677251897,37.19003948466874],[-5.800809562630409,37.19056566527541],[-5.8006329615056975,37.19084544795033],[-5.800588557335728,37.191171341529625],[-5.800414637573725,37.1915768122444],[-5.8005810969648435,37.19189740497995],[-5.800636591667641,37.192004275121356],[-5.800631423845146,37.192061376882364],[-5.8006004045989465,37.192403969273975],[-5.800096376544842,37.19323152247889],[-5.799896546175124,37.19339010639073],[-5.799810638878846,37.19345721895381],[-5.799796624914108,37.1934693983678],[-5.799769133441821,37.19349329236124],[-5.799483437818093,37.193741723526685],[-5.799485564163505,37.19378273542955],[-5.800187989469647,37.19437236068783],[-5.800322227026592,37.19448505520272],[-5.80032513094612,37.19448747793784],[-5.800332964013773,37.19449406563729],[-5.800407480240124,37.194556600203036],[-5.800128434055507,37.194769017784864],[-5.799890503883573,37.19495014108819],[-5.799894200787344,37.1949868250696],[-5.79989462049943,37.1949910044085],[-5.799896403921454,37.195008678946444],[-5.799929356496331,37.195336110992066],[-5.799933129865432,37.19537361440487],[-5.799851073438503,37.19550223842995],[-5.799421063962395,37.19617629319478],[-5.79915104332022,37.196599545482975],[-5.799047646004456,37.19676160625828],[-5.798813247819176,37.19709510920499],[-5.798188213793729,37.19785167682776],[-5.798146347227429,37.19835033044062],[-5.7979080234691995,37.1985234036816],[-5.79786083787012,37.199158269344544],[-5.797881578788442,37.19936476943713],[-5.7979905896606265,37.19962131872773],[-5.798051507130675,37.199722525325264],[-5.798408765938115,37.20023164980891],[-5.798766041227811,37.20074077270498],[-5.798795556529597,37.20074629431825],[-5.798807438074799,37.20076159861855],[-5.798815989075057,37.20077261706351],[-5.798854335698967,37.20082203710444],[-5.798880605830545,37.200855871398254]],[[-5.781826415732058,37.185655836950254],[-5.781840417735561,37.185627338767276]],[[-5.781826415732058,37.185655836950254],[-5.781664013942728,37.185604764369046],[-5.7816399023668055,37.185597175938966],[-5.781629431952881,37.1855938808309],[-5.78152613779996,37.18580405166035],[-5.78149812272545,37.185861029759124],[-5.78143921519159,37.18598587622908],[-5.781417583781766,37.18602592530943],[-5.781359730221471,37.186136519330326],[-5.781304250590067,37.186244000957615],[-5.781264524736638,37.18632098014763]],[[-5.780025231477422,37.18586512319112],[-5.779985814737722,37.185823470515494]],[[-5.780025231477422,37.18586512319112],[-5.7798004148313336,37.18599662961325],[-5.77951784412308,37.1861619236055],[-5.7790598928242956,37.186440791900566],[-5.778507535188421,37.18678151906047],[-5.778460535967177,37.18681381886553],[-5.778317819535359,37.18692802316527],[-5.778097837817396,37.18683019476418],[-5.778032729701934,37.18680415730549],[-5.778014521501013,37.18679935707417],[-5.77798909971669,37.18679807103611],[-5.777957204250988,37.18679995425289],[-5.777924050273932,37.18680561565948],[-5.777893319838209,37.18681348325146],[-5.777880927364732,37.186821666937234],[-5.777868889169012,37.18683924283611],[-5.7778413062691865,37.186882881992894],[-5.777777191965868,37.1869884930243]],[[-5.781264524736638,37.18632098014763],[-5.781255531243604,37.18631409081108],[-5.781242743096716,37.18630169411651],[-5.781226692532533,37.1862801822965],[-5.78117242617003,37.18620737610125],[-5.781114390323942,37.18613127767982],[-5.780979024056844,37.18594068837795],[-5.780940135709414,37.185883038125155],[-5.78082972671501,37.185935517091664],[-5.780809950577305,37.18594723673896],[-5.780550872498264,37.18610077929733],[-5.7804012907521845,37.1861919804443],[-5.78035891533054,37.1862176566512],[-5.78005546079843,37.1858970696644],[-5.780025231477422,37.18586512319112]],[[-5.781264524736638,37.18632098014763],[-5.781282928411444,37.186327766119305],[-5.781291103648214,37.186330781819336]],[[-5.785628648327197,37.18674867500055],[-5.785649787224945,37.1867814290044]],[[-5.785628648327197,37.18674867500055],[-5.785360976649174,37.18686341282173],[-5.785259699313543,37.18690658856223]],[[-5.777777191965868,37.1869884930243],[-5.777772317707751,37.18699651879687],[-5.777768821899794,37.18700226879647],[-5.777766857635139,37.187005514511526],[-5.77776538109,37.18700794599266],[-5.777763915730333,37.18701036798393],[-5.7777619482888145,37.187013605699356]],[[-5.777777191965868,37.1869884930243],[-5.777808065205857,37.187000492398965],[-5.777801670973402,37.18701102333974],[-5.7777952767392415,37.18702155428026],[-5.777792811411904,37.18702560416169],[-5.7777619482888145,37.187013605699356]],[[-5.7777619482888145,37.187013605699356],[-5.777685409917368,37.186983851040914],[-5.777668296780461,37.18697698925102],[-5.777679661796425,37.18695886282378],[-5.777738827411283,37.18686699349538],[-5.7777325779958195,37.186861805433516],[-5.777726675516564,37.18685656424921],[-5.777722275174192,37.18685974022796]],[[-5.7777619482888145,37.187013605699356],[-5.777758009252907,37.18702008584122],[-5.777738698388268,37.18705188005271]],[[-5.777738698388268,37.18705188005271],[-5.777726993219331,37.18704750510896]],[[-5.777738698388268,37.18705188005271],[-5.777755007229935,37.18705957156573]],[[-5.785259699313543,37.18690658856223],[-5.7852775813152135,37.186932552829624]],[[-5.785259699313543,37.18690658856223],[-5.7851251003006725,37.186957324371015],[-5.785024713272311,37.1869995873679],[-5.784802116835977,37.1870932678529],[-5.784613069143431,37.187170866761505],[-5.784536915470987,37.18720295252277]],[[-5.784536915470987,37.18720295252277],[-5.78450603712939,37.187215961557705]],[[-5.784536915470987,37.18720295252277],[-5.78448566989905,37.18712508481801],[-5.784353676164011,37.18717129816089],[-5.784211194867593,37.18722118134136],[-5.784165480492585,37.18723717932634]],[[-5.784165480492585,37.18723717932634],[-5.7841521643763505,37.18721623456363],[-5.784141787637442,37.187199916332744],[-5.784122052626619,37.187168867274124],[-5.784125059669342,37.18716764313849],[-5.78412806671195,37.187166419002764],[-5.784137100506705,37.18716273822329],[-5.784135503750126,37.18716036046792],[-5.784104116738976,37.18711351913367],[-5.784100375728029,37.187107948326265]],[[-5.784165480492585,37.18723717932634],[-5.784053218089536,37.1872784761597],[-5.783924042575761,37.187333372745925],[-5.783761385184568,37.187410124971684],[-5.783585590164029,37.18748493198365],[-5.783503011973436,37.18752393647698],[-5.783465535665987,37.18754164141727],[-5.783432792466168,37.187495904476904],[-5.783386459772332,37.187430959256375],[-5.783384540977484,37.18742840912386],[-5.7833819909860535,37.18742672967783],[-5.783375546398554,37.18742361923643],[-5.783147928465317,37.18732628553306],[-5.783039921279858,37.187280100462424],[-5.782958747045505,37.18724539577804],[-5.78293559802565,37.18723549543121],[-5.782919346556092,37.187230912962],[-5.782906585337719,37.18722939273698],[-5.782889803053934,37.18722876864705],[-5.782877106671604,37.18722866100921],[-5.782864071503775,37.187230085022264],[-5.78284492090258,37.18723398615176],[-5.782828800875991,37.18723761766822],[-5.782815845249636,37.187240265910575],[-5.782732871927314,37.187263013381774],[-5.782543799081451,37.18731486373739],[-5.781933334284501,37.1874852552425],[-5.781799560411926,37.18752262150464],[-5.781665129066546,37.18729811160355],[-5.781611474603624,37.18720272656604],[-5.7815152857261936,37.187046099948255],[-5.781506642869112,37.187033407526464],[-5.781550223447992,37.186952489847414],[-5.781768387287314,37.186547348363305],[-5.781956813240144,37.18619743042147],[-5.782007848120714,37.18610265884418],[-5.782159881814708,37.18582056875293],[-5.78219487950676,37.185755298178364],[-5.7821498376009295,37.18574113563874],[-5.7820415232902205,37.18570708636241],[-5.781964361796735,37.18568282909953],[-5.781925956448669,37.18568714665755],[-5.781826415732058,37.185655836950254]],[[-5.78631009188444,37.187208967226674],[-5.786176934718874,37.18700534680295],[-5.786053596593845,37.18681570668733],[-5.78593307519653,37.18663039590724],[-5.785927548254422,37.186621893616056],[-5.785893681079204,37.18663633322396],[-5.785718629141969,37.18671010853709],[-5.785628648327197,37.18674867500055]],[[-5.78631009188444,37.187208967226674],[-5.786272201141232,37.18722482691637],[-5.786273786737715,37.18722721297832],[-5.786275372376668,37.18722960019265],[-5.7863018813035305,37.1872693190443],[-5.786299897079814,37.18727016852374],[-5.786277818626618,37.187279599465406],[-5.786239805997482,37.18729583111281]],[[-5.786461171974051,37.18743653208341],[-5.786425058225187,37.18738464791187],[-5.786355143694574,37.18727787000424],[-5.786333780870397,37.18724519407188],[-5.78631009188444,37.187208967226674]],[[-5.786461171974051,37.18743653208341],[-5.786417427609366,37.18745465649789]],[[-5.786615697504049,37.18750540086334],[-5.7865944076688525,37.187477146692544]],[[-5.786615697504049,37.18750540086334],[-5.786534359498967,37.187541665382575],[-5.786461171974051,37.18743653208341]],[[-5.78823847133301,37.19053060954736],[-5.7881231480853454,37.19039321831946],[-5.788034058638342,37.19028556887632],[-5.7878924729457255,37.19035098952767],[-5.787822277543783,37.1903834238956],[-5.787420272915332,37.189828173619915],[-5.78834393075026,37.188924751823215],[-5.788566618061392,37.188700679329536],[-5.78817436612025,37.18817712772174],[-5.788089911325312,37.188044740960095],[-5.78799906454643,37.18793179814432],[-5.787891328023752,37.18778100841733],[-5.787889136154858,37.187776212129705],[-5.7878881085533465,37.18777249688351],[-5.7878605049650895,37.18769504645608],[-5.787858321241696,37.18768345508522],[-5.787852985446874,37.18765291545806],[-5.787847737433556,37.18762934859067],[-5.787841692379092,37.18761413636854],[-5.787829643645128,37.18759949687275],[-5.787808362349303,37.187587716100055],[-5.787788355739242,37.18758029298478],[-5.787729382333238,37.18755915357299],[-5.787713375056961,37.18755051861438],[-5.787705280489166,37.18754660986103],[-5.787679262111782,37.18753311007909],[-5.787673636218978,37.18752898057341],[-5.7876719349608985,37.187526822174064],[-5.787671295164812,37.187524439242246],[-5.787670932465014,37.187521005927714],[-5.787671369633452,37.18751819278694],[-5.7876701033026325,37.18751347390195],[-5.787666349380154,37.18750724605815],[-5.787646812679682,37.18748841244842],[-5.787611791674601,37.187456111342115],[-5.787567702975528,37.18742903420674],[-5.787548322714509,37.187421470580595],[-5.787523850472982,37.18741327938929],[-5.787502933469858,37.18740983394024],[-5.787491719032524,37.1874105477641],[-5.787475864618615,37.18741496722298],[-5.7874598052640325,37.18742141924442],[-5.787441283609868,37.187429559029404],[-5.787266682497411,37.18750944500113],[-5.787259404660788,37.18751276979867],[-5.78712305628299,37.18757684932309],[-5.787070073256236,37.187601625289695],[-5.786948526558187,37.18744856446047],[-5.786927474859899,37.187424045340315],[-5.786912559203247,37.18741627733947],[-5.786892553531473,37.18741071915419],[-5.786868690419127,37.187406820420954],[-5.786850012845991,37.187407035063366],[-5.786829164520149,37.187408868309085],[-5.786815214383031,37.18741265691915],[-5.786802856420121,37.18741657876631],[-5.786738061927358,37.18744418164612],[-5.786637807238072,37.187494075180005],[-5.786615697504049,37.18750540086334]],[[-5.78823847133301,37.19053060954736],[-5.788289975552316,37.19050294043961],[-5.788396096789632,37.190445923276464],[-5.788460744420967,37.1905229429643],[-5.78846407979656,37.19054502306658],[-5.788551552225657,37.19066347871696],[-5.788662090500918,37.19082599673771],[-5.788699919792888,37.190826457667754],[-5.789100361337414,37.19130485786763],[-5.789109762467127,37.19131608888844],[-5.789180874722317,37.191277964178006],[-5.789260802879014,37.19123517027736],[-5.7893121131933345,37.19121049614895],[-5.7893986181570405,37.191165853992246],[-5.78950924991458,37.191078028602206],[-5.789632309806359,37.19096769747463],[-5.789903625485584,37.19073422288166],[-5.789961554831585,37.19067733165391],[-5.79003206936345,37.19061442052591],[-5.790090198321584,37.19053695187011],[-5.790212662765645,37.19069931310357],[-5.7902782354255775,37.190667707155846],[-5.790646894749199,37.191149021639454],[-5.790839241491556,37.191387267940144],[-5.790926469625777,37.19149532005541],[-5.790926883989609,37.191496158063366],[-5.790927025781183,37.19149664147079],[-5.7909270467713165,37.19149693740871],[-5.790926755147075,37.19149817961051],[-5.790914481452389,37.19153161168255],[-5.7910298635362025,37.1916933557347],[-5.791069335932364,37.1916962189899],[-5.791182148409739,37.19181628296429]],[[-5.788209599020648,37.190546121414386],[-5.78823847133301,37.19053060954736]],[[-5.7914445801336285,37.191679902782056],[-5.791469316342358,37.19166738044929]],[[-5.7914445801336285,37.191679902782056],[-5.791191597109731,37.191811374990436],[-5.7911878170621796,37.19181333842414],[-5.791182148409739,37.19181628296429]],[[-5.7914782966599985,37.19172252436494],[-5.791475887890675,37.19171948187195],[-5.791446990383318,37.1916829463943],[-5.7914445801336285,37.191679902782056]],[[-5.791182148409739,37.19181628296429],[-5.791199497845373,37.191834744191695],[-5.791226121281742,37.19186398826513],[-5.791382313849815,37.1920355291794],[-5.7913956016346,37.19204857962798],[-5.791551754407566,37.19222817797691],[-5.791552462057576,37.19222907135364],[-5.791823704294734,37.19256541713878],[-5.79220526371495,37.19300927004831],[-5.792525632917783,37.193398153734336],[-5.792920796548477,37.193892460910114],[-5.793089483904916,37.19411702328497],[-5.793112659299208,37.194146205206124],[-5.793119227598682,37.19415448417432],[-5.793120589663601,37.19415662396025],[-5.793121535226158,37.194158142642785],[-5.79312214569812,37.19415972344107],[-5.793137819218938,37.19426498285459],[-5.79314241120431,37.194295764636934],[-5.7931433533134635,37.194299301909304],[-5.793144354464096,37.19430170281039],[-5.793186773524578,37.194362175570795],[-5.793227539356598,37.19442027433069],[-5.793229673594793,37.1944231790811],[-5.793231292783504,37.194424627660574],[-5.793237401598379,37.1944281064895],[-5.793353103911808,37.19448793234629],[-5.793371437357193,37.1944963674404],[-5.793383767831911,37.19450235699701],[-5.793389343566283,37.194506667331424],[-5.79360138502908,37.19478885244422],[-5.793946626469089,37.19524578361516],[-5.7942871310358575,37.195732417939205],[-5.794297737886052,37.19574694541114],[-5.794375810960242,37.19583006134363],[-5.794384313796253,37.19585263175146],[-5.794384243983586,37.19588064913143],[-5.7943707669198,37.195935809462426],[-5.794346461481685,37.195971922637014],[-5.7942594878680955,37.19602319443227],[-5.794119146748362,37.19609074783505],[-5.794217605033538,37.19622290661673],[-5.794251488294125,37.19626936201051],[-5.79450702558136,37.1965807503047],[-5.7946152903589585,37.196705145363765],[-5.794787373531429,37.19694968423448],[-5.795111929304748,37.19739751249833],[-5.795584597159871,37.19805202823382],[-5.7955720560829,37.19805805458566],[-5.795632890048018,37.198139107118905],[-5.795916634305531,37.1985228256476],[-5.7961192777748325,37.198793062404484],[-5.796504924930281,37.19930580068785],[-5.797284643813018,37.20036405759519],[-5.7973283061410115,37.2004229052889],[-5.797223829654763,37.20047251086581]],[[-5.7969433359825295,37.20060879902419],[-5.79693883751283,37.200602870535626],[-5.797141554736895,37.2005043215298],[-5.797147844041763,37.20050126630237],[-5.797168184709316,37.200491373766155],[-5.797180842289057,37.20048521530528],[-5.797200083718329,37.200475856242555],[-5.797219325142716,37.20046649717689],[-5.797432458729525,37.200754424084224],[-5.797615233321952,37.201063294475986],[-5.7978658133952665,37.20140023776322],[-5.7985672167912305,37.20102398443312],[-5.798585914326304,37.201013955170424],[-5.798880605830545,37.200855871398254]],[[-5.84459636618317,37.26227672657539],[-5.84458165672172,37.26222207638777],[-5.844598964856255,37.26221969489071],[-5.8446162729895175,37.262217313391126],[-5.844623830223861,37.262216273576776],[-5.844630296566717,37.26221538916919],[-5.845358894441531,37.26211523172591],[-5.845065167663472,37.260796020925106],[-5.844710576687559,37.259216254336465],[-5.844475407590489,37.25819660895664],[-5.84406649022679,37.25642364339545],[-5.842756239156771,37.25369222717697],[-5.841927142633304,37.25196372577779],[-5.841878410557596,37.25186213167938],[-5.841112626958657,37.25026554822439],[-5.840270123104694,37.24953484483917],[-5.839217243460222,37.24862166518537],[-5.838083606502421,37.24763841160795],[-5.8373032717545605,37.24696155872393],[-5.837225234473804,37.24689387414905],[-5.837147220743117,37.246826198182276],[-5.836983221647061,37.24593117720136],[-5.836976915158702,37.2458415097116],[-5.836932134784053,37.24520489273648],[-5.836867649047407,37.24428810846329],[-5.837625266328413,37.243717257166615],[-5.837669097915079,37.24368422434818],[-5.837205836085263,37.2432907410107],[-5.837179253252641,37.24308389285222],[-5.836534702925686,37.24271230294182],[-5.836246652271363,37.2425462402926],[-5.835923443919856,37.24220152954531],[-5.835392380332576,37.2417306959188],[-5.83473799215105,37.24115053558746],[-5.834130528585957,37.24061193334948],[-5.833515040976588,37.24006623953975],[-5.8331042785749885,37.23970203393888],[-5.832788196607593,37.23942178087504],[-5.832691448632598,37.23939531643702],[-5.83259471190648,37.239368842421904],[-5.832010911396798,37.23890754098687],[-5.830556436064807,37.23775821854571],[-5.830531235657451,37.23773829962738],[-5.83042687925477,37.23765583920609],[-5.82963446686661,37.23702965721545],[-5.82890579900225,37.236451100118195],[-5.828271725113881,37.23593108612272],[-5.828122674037384,37.235895173141934],[-5.827584324688046,37.23543684111124],[-5.827187924187338,37.23498730525072],[-5.827110350983011,37.23489932994234],[-5.82685850819783,37.23461373323542],[-5.826329449365201,37.234013754856754],[-5.8258323077567775,37.23346599536315],[-5.825437782373189,37.23303241783915],[-5.8242830406163995,37.23176329369837],[-5.823910915076221,37.23045373050068],[-5.823607854997851,37.229387227793865],[-5.823384862993833,37.22860246334116],[-5.823354656039017,37.22849614644581],[-5.823713145343174,37.22840465952208],[-5.823391874589274,37.227508835075575],[-5.823332763802319,37.22748485129685],[-5.822866518764211,37.22634292885609],[-5.822712593158674,37.22596593374392],[-5.822608438971498,37.225751131349924],[-5.82245465905312,37.22529844025037],[-5.822320983769621,37.224904906030496],[-5.821727550334407,37.22413952538819],[-5.8214348629567505,37.223762034313594],[-5.8210586627788565,37.22324680261311],[-5.820953946145867,37.223103367228035],[-5.820928837812172,37.22306899382988],[-5.820422833397991,37.222375941232016],[-5.8197663284185515,37.22154714714675],[-5.819187169148823,37.220815978244985],[-5.8190743747237414,37.22067356386684],[-5.819072074871399,37.22067067510182],[-5.819069084617348,37.22066690772226],[-5.819067195259076,37.22066450746009],[-5.818672517212641,37.220166233677396],[-5.818391966043915,37.21981201209532],[-5.8180721550515555,37.21940824137421],[-5.8175438053817325,37.21874116552354],[-5.817066180089688,37.218138117657446],[-5.817022148601146,37.21808253697517],[-5.816950610070721,37.217992205339726],[-5.81652731609846,37.217457741235094],[-5.816346646558552,37.21602468878333],[-5.8162122858571195,37.21495895622752],[-5.815746454316812,37.213960633645705],[-5.815736550526769,37.21393940628011],[-5.815606600583828,37.21366093223213],[-5.81558072819962,37.21282729854559],[-5.815550033149169,37.211838159361676],[-5.815546487525566,37.21172386084243],[-5.8158819341936585,37.21166483662761],[-5.816109729730619,37.211624760103206],[-5.816155226816034,37.211557618898276],[-5.815512845676004,37.21083198378629],[-5.81551316206708,37.210686570881606],[-5.815513231382013,37.210652437077584],[-5.815402495395198,37.21053590789053],[-5.8153502549588945,37.21048092765423],[-5.815109789936438,37.21022787254455],[-5.814699053393963,37.20979562745077],[-5.814516727121105,37.20960375980826],[-5.814433668275093,37.20951634849736],[-5.814055653061222,37.20924265273259],[-5.8139808184483455,37.2092107606746],[-5.813351417336103,37.20894245609621],[-5.812832454736022,37.20872123228589],[-5.8126336949033695,37.20863650392193],[-5.8125092182160865,37.20858344146593],[-5.812423190099964,37.20853776096338],[-5.812171379620788,37.208404067231484],[-5.811336888424411,37.208050378917726],[-5.811100268954502,37.20795009443756],[-5.81109847566835,37.207949334232424],[-5.810368584519888,37.207639522978354],[-5.809579313636554,37.20730398764539],[-5.80943422943656,37.20724231266429],[-5.809214303095015,37.207216859323665],[-5.808886203935454,37.207116203345535],[-5.8085305687100615,37.20707715599172],[-5.8079816481995845,37.207065935823636],[-5.807700792028661,37.207060195025086],[-5.807370788431833,37.206958509570235],[-5.807315766440716,37.206941553182936],[-5.807027483067812,37.20679546245435],[-5.806558155618422,37.20655764226081],[-5.806318348331397,37.20646287696377],[-5.805804261754376,37.20625923184868],[-5.805466838704833,37.206125568431304],[-5.804998512471444,37.20599148980085],[-5.804475783303742,37.20589074482834],[-5.804121449138818,37.2058224391849],[-5.80355811015249,37.20568851965077],[-5.802934765466761,37.20554034059584],[-5.802837039695866,37.205392459209165],[-5.802796274852317,37.20532895216656],[-5.802744835907804,37.20524883004337],[-5.802847534845529,37.205211869777294],[-5.80299037429494,37.20516044092195],[-5.802866483974417,37.20500504038443],[-5.8028600604644724,37.204996989263094],[-5.802846668176079,37.20498018018782],[-5.802613805667549,37.20468809861735],[-5.80241216752138,37.2044351676848],[-5.8022372418535,37.20421575488729],[-5.802071298914165,37.20416181707976],[-5.802015977080657,37.20414384101154],[-5.801686611714686,37.20362405662147],[-5.801576930783518,37.203450970781574],[-5.801571402219959,37.20344964366527],[-5.801557760823483,37.20344635852356],[-5.800962805959,37.2033031994147],[-5.80080463933233,37.20314718640017],[-5.80074118917481,37.203130859931775],[-5.800681740530732,37.203063946214364],[-5.800274030429428,37.202605084850425],[-5.800262800336275,37.202592441262446],[-5.800171793752982,37.20251311531031],[-5.800124226296893,37.202453339159916],[-5.800129848889636,37.202418824731915],[-5.799924353109974,37.20216255707796],[-5.799844327939889,37.20207289479421],[-5.799684912403893,37.20186796733541],[-5.799547128041494,37.201690856435214],[-5.79939864718208,37.201514579591645],[-5.799311612396289,37.201411250706364],[-5.7988943413800325,37.2008735863633],[-5.798880605830545,37.200855871398254]]]},"properties":{"id_dera":11010800000154,"codigo":108,"nombre":"Red APA Utrera-Los Palacios","uso":"Distribución"}}]}