{"type":"FeatureCollection","features":[{"type":"Feature","geometry":{"bbox":[-5.864516934927896,37.35652631653276,-5.8572829175774554,37.38622987981427],"type":"MultiLineString","coordinates":[[[-5.864447944585389,37.35657042203044],[-5.864447944585496,37.3565704220304],[-5.864516934927896,37.35652631653276],[-5.864447944585389,37.35657042203044]],[[-5.864447944585389,37.35657042203044],[-5.864443539408445,37.356573238255216]],[[-5.864131332657378,37.3566590777148],[-5.864177928362946,37.35664303510778],[-5.864447944585389,37.35657042203044]],[[-5.8572829175774554,37.38622987981427],[-5.857655252707894,37.38615600138802],[-5.857681629491039,37.38583638646698],[-5.857692746164325,37.38570167417263],[-5.857711591522152,37.38547330425986],[-5.857717906323888,37.385396780555084],[-5.857719801341249,37.38537380960606],[-5.857809787343549,37.384283004482974],[-5.8579283847341905,37.38318594282548],[-5.857933567395397,37.38313800091033],[-5.8580449121243445,37.38210872433722],[-5.858317110352313,37.379667912600254],[-5.858607713662749,37.37747435782518],[-5.858608252279142,37.37747143140105],[-5.859040455130942,37.37512310166981],[-5.859496699456256,37.372686665046764],[-5.8601183517196285,37.36973360767974],[-5.86075512507241,37.36698958890317],[-5.86140373435141,37.36428390888521],[-5.860676826699467,37.36137074286825],[-5.860685204721634,37.36135059006693],[-5.861415806050872,37.3595931309761],[-5.861420998594646,37.35958064001851],[-5.86412797404759,37.356662698254816],[-5.864131332657378,37.3566590777148]]]},"properties":{"id_dera":11010400000884,"ident":559,"nombre":"ALCORES_POLO_2","tension_kV":66}},{"type":"Feature","geometry":{"bbox":[-5.855470748017914,37.38685880225898,-5.705590451521617,37.55775838117299],"type":"LineString","coordinates":[[-5.855470748017914,37.38685880225898],[-5.853885030083268,37.38712295551318],[-5.84952706484395,37.387320765403416],[-5.844493881686812,37.38756666021808],[-5.840013501757971,37.38778400532297],[-5.835542166177812,37.38799943303837],[-5.831303894557563,37.38870416744288],[-5.826630783841946,37.38951161650554],[-5.822186478917935,37.39127071781263],[-5.817924399117358,37.39295827753205],[-5.814022590550638,37.39451491833132],[-5.811286070422104,37.39559109103933],[-5.8079601830528675,37.39691369239917],[-5.804486496766549,37.39829215429408],[-5.800003495750591,37.40005911408275],[-5.795292031235527,37.40191484363543],[-5.79129270435085,37.403495850962045],[-5.786769229477647,37.40527570760528],[-5.78214526093735,37.40710524900747],[-5.777729117801359,37.40884240875028],[-5.773639769016185,37.41045927653783],[-5.768442467009517,37.41249900069061],[-5.764859870346279,37.41390166625275],[-5.7609550046115325,37.4154290812739],[-5.756850857031618,37.41700111837237],[-5.752737949265283,37.41861629215119],[-5.748527320985,37.42025513581464],[-5.744354718751213,37.421891506794246],[-5.740030930846382,37.4235790870021],[-5.736150230479876,37.42506584593173],[-5.731416323656477,37.4269324744674],[-5.727683982451226,37.42838831611188],[-5.723717552615787,37.42993964011915],[-5.719327243089911,37.43164467934629],[-5.714691582957968,37.43344530874959],[-5.710256220385012,37.43516907338586],[-5.7064112009253645,37.436653871917926],[-5.701700819478318,37.43851382099845],[-5.7012922175532585,37.43861856944854],[-5.703369752491973,37.442138215354596],[-5.705312701445524,37.44556976298922],[-5.707206248051263,37.44892373980186],[-5.709417881680932,37.45284331036345],[-5.711400144069374,37.456295648529284],[-5.7137401226467315,37.46040060141889],[-5.715382067287295,37.46334966616561],[-5.717313450176061,37.46670466094661],[-5.719372508960015,37.47028637043994],[-5.723234652184617,37.47707494580904],[-5.7251405041230825,37.480428851801804],[-5.727079612446702,37.483818538496365],[-5.728939187857262,37.487071709294],[-5.73086903947577,37.490455051097435],[-5.732834389146977,37.49390124366937],[-5.734894381943142,37.497502809000515],[-5.736852850794485,37.501183459485304],[-5.738743958900699,37.50469289594793],[-5.740574262730425,37.50812441275182],[-5.742348890236522,37.511352731680944],[-5.744135517828399,37.51463868204589],[-5.746192422806923,37.518410939473306],[-5.748134942694722,37.5219520771904],[-5.7502413588187675,37.525813211219905],[-5.751998062884623,37.529034752499705],[-5.753892057917764,37.53247139455785],[-5.75575450585564,37.53587602928506],[-5.75754481968438,37.539130122183394],[-5.759521197978738,37.542742339645436],[-5.7613929311134555,37.546163145191414],[-5.762985946911296,37.54904997146891],[-5.763589630864084,37.55029766129137],[-5.762436877954852,37.550749032586985],[-5.758403949222922,37.552161590368826],[-5.757880104479282,37.554044675364516],[-5.75838008227121,37.55571522698894],[-5.758580371081965,37.556531288353426]]},"properties":{"id_dera":11010400001263,"ident":548,"nombre":"ALCORES - CARMONA 1","tension_kV":220}},{"type":"Feature","geometry":{"bbox":[-5.991945701008936,37.41787577394363,-5.9768694403258,37.43447886380997],"type":"MultiLineString","coordinates":[[[-5.991179057828174,37.4318351901757],[-5.99171590059171,37.430134376733264],[-5.992090407722502,37.42894724518369],[-5.992353446175584,37.42811343049157],[-5.990542289442162,37.42627560917708],[-5.989447805513913,37.425290753386626],[-5.989441113447823,37.42527658863682],[-5.988518411240091,37.42332349772571],[-5.9874412103707435,37.42105546498495],[-5.987437150483619,37.42104691666584],[-5.987087200227668,37.41894322948858],[-5.985010372619396,37.41807922676883],[-5.984874975253817,37.41805576549971],[-5.984869455824178,37.418054809105115]],[[-5.991179057828174,37.4318351901757],[-5.9888968613057525,37.431265389525294],[-5.98887015516073,37.4312699890841],[-5.984998713020152,37.43193669214663],[-5.984985230133642,37.43193901380013],[-5.982187487175426,37.43311729263701],[-5.979335666106426,37.43441667214171],[-5.97687202991233,37.43440170993521],[-5.976866380533534,37.43440167556652]]]},"properties":{"id_dera":11010400001258,"ident":677,"nombre":"EMPALME_FASA_REN","tension_kV":66}},{"type":"Feature","geometry":{"bbox":[-5.8829532604732195,37.11788199211389,-5.7708024454791715,37.184625585329144],"type":"MultiLineString","coordinates":[[[-5.882955555094946,37.12498736645902],[-5.8829522046372675,37.124948548291556],[-5.8826832834593485,37.12183271624718],[-5.88241380322796,37.11868556516556],[-5.882427465520782,37.11866521411726],[-5.882950596536072,37.11788596035038],[-5.8829532604732195,37.11788199211389]],[[-5.882955555094946,37.12498736645902],[-5.88295066071257,37.12498958871851],[-5.881167447772044,37.12579922180643],[-5.879380619388971,37.12661020865874],[-5.877638673696321,37.12740088577983],[-5.875966410732749,37.12816038067878],[-5.874131241719178,37.12899354896222],[-5.872795909712191,37.1295996601628],[-5.872375799092575,37.129790334821806],[-5.870559132342749,37.130614890514714],[-5.8690112850391305,37.1313170289778],[-5.8671239561725805,37.13217379125985],[-5.865395925310596,37.13295827847445],[-5.8635604527697875,37.13378363427857],[-5.861788254534595,37.134580761440965],[-5.86004453448797,37.135364019147325],[-5.858232950104075,37.136178264708754],[-5.856412720233201,37.13699710696068],[-5.854602626152633,37.13781117210728],[-5.853064285759015,37.138498639895175],[-5.851185427477823,37.13934783110072],[-5.849494318004831,37.14010831846604],[-5.847675306927211,37.14092583252226],[-5.8458441895939535,37.14174874615977],[-5.8442157365364595,37.1424809815194],[-5.842385980064512,37.14330317904862],[-5.840820220946535,37.14400701133091],[-5.839306281206506,37.1447096717021],[-5.837331803844082,37.14562618251051],[-5.836873498061674,37.14583882535586],[-5.835962963349559,37.14626125702113],[-5.833783921109197,37.14727271691687],[-5.832023856332144,37.14808930540718],[-5.830306240035046,37.148886020891084],[-5.828409114097676,37.14976647538475],[-5.826674400153736,37.15057165717377],[-5.825079945456671,37.151311022516595],[-5.824003836171297,37.15181030168075],[-5.823469205904132,37.15205832415402],[-5.821888641450233,37.15279145893635],[-5.820602539985899,37.15338812237979],[-5.820309047767168,37.15352427950345],[-5.818534619420443,37.15434695984308],[-5.8171600530230725,37.1549849302401],[-5.816115157732787,37.15546960956213],[-5.815786332585687,37.15562205381452],[-5.814409760869261,37.15625274136389],[-5.812846913479587,37.156961366707186],[-5.811128778041195,37.15760696420562],[-5.809903144774176,37.15816655219925],[-5.8077349682907276,37.15915572758493],[-5.8058603555638735,37.16012450369142],[-5.804042733572186,37.16094763255615],[-5.802345220929137,37.16171625902551],[-5.800613109452194,37.16250018737877],[-5.79884663854346,37.163299861024285],[-5.797120090167765,37.16408090425895],[-5.7951692470681,37.164963724407244],[-5.793601847395452,37.16567175606371],[-5.792227209822779,37.166294754148105],[-5.7906815275277275,37.1669825009301],[-5.789085309004178,37.16769304438778],[-5.787495452542925,37.16839981247416],[-5.785927256152036,37.16909929179975],[-5.783988260457852,37.16996236697821],[-5.782129672640118,37.170790010018436]],[[-5.782129672640118,37.170790010018436],[-5.779978709312982,37.17072650771286],[-5.77743428360848,37.17065133857057]],[[-5.77743428360848,37.17065133857057],[-5.777419739714852,37.171057824510235],[-5.77739703450204,37.17109309504937],[-5.777359820952738,37.1711211632909],[-5.777317744184602,37.17113235034902],[-5.777275407655755,37.171136749016526],[-5.77667080670541,37.17110331368869],[-5.776611865099289,37.17111829297301],[-5.776486979536402,37.17118922740179],[-5.776382092516449,37.17122569370215],[-5.7763150292061844,37.17125106387085],[-5.775532205451008,37.17285057843175],[-5.775509466870879,37.17292591331883],[-5.7754932074608085,37.17306230968545],[-5.7753894087622575,37.173244965818455],[-5.775290375620302,37.173325494126956],[-5.775240672390426,37.17336065776301],[-5.77511429062911,37.17339082299972],[-5.775025203900741,37.17339571216015],[-5.7747271974875565,37.17337948793122],[-5.774328598892341,37.17340242037885],[-5.774059985284876,37.17349372203383],[-5.77390837826016,37.17353128009889],[-5.773475543329851,37.17366382185933],[-5.773031471963184,37.17383743691363],[-5.772647449116748,37.174026640234246],[-5.7722772786171515,37.1742461293459],[-5.7719210838605415,37.17449928971659],[-5.771562867756025,37.17481370061191],[-5.771256103859705,37.17514051390597],[-5.771045004706574,37.175410679122976],[-5.770561648670721,37.176228398632986],[-5.770562864701338,37.176261693731135],[-5.770581115889706,37.17628626407734],[-5.770644644319127,37.176315326494986],[-5.771762514976008,37.176705731797824],[-5.771798207069184,37.17673266936595],[-5.771806873024154,37.176779676448],[-5.771690347007618,37.177010116383855],[-5.771694446876064,37.177069927118026],[-5.771717374131064,37.177105030142855],[-5.771996951108492,37.177195287665974]],[[-5.771222519108845,37.18406706379429],[-5.771218701362024,37.1840637521727],[-5.770767600715761,37.183672451804554],[-5.770781121224584,37.18324750873111],[-5.770706718919023,37.18189224861217],[-5.771140410803201,37.180313610980434],[-5.77160219797861,37.17863270381488],[-5.771996951108492,37.177195287665974]],[[-5.7721924970671195,37.18459304494677],[-5.771227180282419,37.184069591403095],[-5.771222519108845,37.18406706379429]]]},"properties":{"id_dera":11010400001280,"ident":571,"nombre":"PALACIOS_UTRERA_2","tension_kV":66}},{"type":"Feature","geometry":{"bbox":[-6.204859293614426,37.39251838634434,-6.040571666343258,37.45239277078775],"type":"MultiLineString","coordinates":[[[-6.204671737969734,37.39455712953948],[-6.204678012993902,37.394446428628164],[-6.204767031367938,37.39287597469656],[-6.2047678049781245,37.392870542538354],[-6.20481779603882,37.39251951219477],[-6.204853891992947,37.39252282188779],[-6.2048595045804324,37.39252333651348]],[[-6.183314875193594,37.40997043996729],[-6.185323943655174,37.40866369520575],[-6.187375493048151,37.407329205568],[-6.189333765442776,37.406055404678014],[-6.19222202276149,37.40417638174197],[-6.194895934524647,37.40243670619239],[-6.197782814565161,37.400558310530926],[-6.200243606253282,37.39895709446707],[-6.201755569927451,37.39745479493115],[-6.203267583272907,37.395952385668494],[-6.204671737969734,37.39455712953948]],[[-6.174402545158656,37.42533295457233],[-6.17440503601662,37.42532891110943],[-6.17599524314235,37.42274739413032],[-6.177205984687996,37.42063430738405],[-6.178524595379826,37.418332787887955],[-6.180180899188886,37.41544155142521],[-6.180734515366316,37.41447508721027],[-6.182104456964119,37.412083487774964],[-6.183314875193594,37.40997043996729]],[[-6.174402545158656,37.42533295457233],[-6.1743981446403104,37.42533577931474],[-6.1725380280927356,37.426529775417734],[-6.169309767181667,37.428601836508584],[-6.167146307573332,37.429990313086805],[-6.166934656190611,37.43012618552095],[-6.165175175846965,37.431255293251866],[-6.165024350099955,37.43135204990758],[-6.1643928414190325,37.4317573502274],[-6.164013896657774,37.43200055580407],[-6.163202769399828,37.43252108635965]],[[-6.145583351086008,37.433362355678014],[-6.149213841219726,37.433199452051426],[-6.152889297650709,37.433034244983745],[-6.156824108395998,37.43285721466353],[-6.159315732185008,37.4327450749629],[-6.163197134699014,37.43252141114954],[-6.163202769399828,37.43252108635965]],[[-6.050673106054384,37.45009003603596],[-6.051220497217357,37.45191771188112],[-6.053277438384188,37.452064892343984],[-6.056228261611214,37.451416308893656],[-6.0591867723751305,37.450846463986146],[-6.061983058321004,37.45025723418612],[-6.065347391243712,37.449585504215264],[-6.0674697724978515,37.44920971324266],[-6.0701506503777924,37.448666843798456],[-6.07293000306472,37.44810387217534],[-6.075995668525425,37.44748282234557],[-6.078525877520026,37.44697025721272],[-6.0815068243503925,37.44636631809455],[-6.085424095742766,37.44557232854547],[-6.088142331612581,37.44502139872887],[-6.0916083726647345,37.44431883397661],[-6.095302170598823,37.4435698335416],[-6.099072099269399,37.442805384945274],[-6.099636012666745,37.44269102340382],[-6.102371617630534,37.44213624791063],[-6.105352027950418,37.44153163370696],[-6.107960907888632,37.44100231653039],[-6.110882725973052,37.440409467002034],[-6.114712032296721,37.4396324148694],[-6.117765056492223,37.4390126892324],[-6.1217436805042675,37.43820506845362],[-6.1265603237791675,37.43722709526384],[-6.130683952817467,37.43638964850263],[-6.133306007180816,37.43585706816895],[-6.136973024085752,37.43511205574784],[-6.140072601537132,37.434482304158834],[-6.143036106830623,37.43388006072617],[-6.145583351086008,37.433362355678014]],[[-6.052256394268723,37.4374322079729],[-6.052835215748201,37.43936143326547],[-6.052188624303471,37.44172284861844],[-6.051525014042293,37.4441078023817],[-6.050867363757291,37.44647210359965],[-6.050866140320328,37.44647650180305]],[[-6.052256394268723,37.4374322079729],[-6.052255095946431,37.4374278930733],[-6.0514462387829475,37.434739603226475],[-6.0514455779334995,37.43473323575518],[-6.051312631318732,37.433452235417995],[-6.051308549973794,37.43341290913055]],[[-6.05075979215065,37.431754530436564],[-6.050962191347577,37.432126635971564],[-6.051003595429424,37.43337554499561],[-6.051302966028163,37.43341222497262],[-6.051308549973794,37.43341290913055]],[[-6.047543480393502,37.42866105037684],[-6.049919964260909,37.43093375414438],[-6.050756220561533,37.431751039920044],[-6.05075979215065,37.431754530436564]],[[-6.050866140320328,37.44647650180305],[-6.050865016230431,37.44648091682667],[-6.050285218965634,37.44875808251292],[-6.050673106054384,37.45009003603596]],[[-6.045660427500174,37.426878134561605],[-6.046574768849872,37.427772347337566],[-6.047539774220472,37.42865765036192],[-6.047543480393502,37.42866105037684]],[[-6.039514885717408,37.42629342046578],[-6.039576155268351,37.42633186086333],[-6.0398546443055,37.426506583449616],[-6.039879229672167,37.426522008111334],[-6.039888450315339,37.426522576385935],[-6.042555643367834,37.4266869268961],[-6.045654795283897,37.4268777877768],[-6.045660427500174,37.426878134561605]]]},"properties":{"id_dera":11010400001240,"ident":732,"nombre":"SANLUC_M_SANTIPON","tension_kV":66}},{"type":"Feature","geometry":{"bbox":[-5.911751574421162,37.11702210751876,-5.867212945415077,37.26063517523418],"type":"MultiLineString","coordinates":[[[-5.917227944664915,37.25940197226337],[-5.917210314201724,37.25941281430188],[-5.917126245710333,37.25939228732287],[-5.91349338286522,37.25850548733299],[-5.910173062055371,37.257694870170816],[-5.906326716295158,37.25675568642157],[-5.901995548376058,37.255697934644225],[-5.898606059955921,37.254870025772405],[-5.897138862959136,37.25451161273094],[-5.8944371519819,37.25385157692201],[-5.890164903572221,37.25280769406536],[-5.886744189593202,37.25197174702105],[-5.8867387999633705,37.25197042982214]],[[-5.875872425371027,37.11946146135726],[-5.879022531761199,37.118960748385],[-5.881609295922423,37.11854950479491],[-5.881635060721629,37.11854540840384],[-5.882176142465957,37.117749268473844],[-5.882178831871967,37.117745311272444]],[[-5.875872425371027,37.11946146135726],[-5.875108672281703,37.12194234842743],[-5.875038907802794,37.12214769180026],[-5.874163969775758,37.1250570628985],[-5.873336263569557,37.12780641679079],[-5.872795909712191,37.1295996601628],[-5.872746213327992,37.12976459658918],[-5.8719195017888905,37.13251292549154],[-5.871082454465945,37.13529294791595],[-5.870266554851997,37.13800261631735],[-5.869434207993868,37.14076692431735],[-5.868691721362354,37.14323267619039],[-5.867915542233992,37.145808904034766],[-5.867135371200023,37.14839991159146],[-5.866414365149609,37.15079412231753],[-5.865663907812137,37.153286000427705],[-5.86496219560473,37.155614946115705],[-5.864203642616286,37.15813323321911],[-5.863428823798329,37.160642356907296],[-5.864750232512498,37.16340015887354],[-5.865915894578201,37.165832625262745],[-5.866753550420134,37.1675805113395],[-5.867856312207501,37.16978153742144],[-5.869919902864818,37.17404299503887],[-5.870965614251508,37.17621671368498],[-5.872337525199566,37.179053943083545],[-5.872838745233975,37.18152953775248],[-5.873371375499982,37.18379280602729],[-5.874122866457181,37.18698583462513],[-5.874643616620732,37.18919783935328],[-5.875257573012956,37.19180541449397],[-5.875844517889348,37.19429947109251],[-5.876462382406186,37.196924423169854],[-5.8769646682376,37.19905837485349],[-5.877545729449737,37.20152462738104],[-5.878090216113473,37.20383650491021],[-5.878936778615513,37.2066288908802],[-5.87978088873054,37.20941420956048],[-5.880559226170355,37.21197908935761],[-5.881410024257431,37.21478567567162],[-5.8821970679941895,37.217380695951675],[-5.883085789539527,37.22031267663782],[-5.883893030830582,37.222973321838566],[-5.884785895302868,37.22577685637506],[-5.885508959851701,37.228046838808076],[-5.886400156769524,37.23084454043385],[-5.887319613137848,37.233731202316136],[-5.888179090729929,37.23642918781072],[-5.88904386411307,37.23914307502761],[-5.888590310188364,37.241646194645966],[-5.888107958687752,37.24430500219259],[-5.887584162577417,37.24718991047759],[-5.887146316982746,37.24960460442256],[-5.8867395687646615,37.25196596671505],[-5.8867387999633705,37.25197042982214]]]},"properties":{"id_dera":11010400001615,"ident":609,"nombre":"VALME_PALACIOS","tension_kV":132}},{"type":"Feature","geometry":{"bbox":[-5.885236146129081,37.43738034571936,-5.856809323378452,37.447095369646554],"type":"MultiLineString","coordinates":[[[-5.870126440036369,37.446772458552005],[-5.872753460036558,37.444767388549835],[-5.872971773054828,37.44471940609288],[-5.875842700036771,37.44403868854905],[-5.878874440036991,37.443331298548266],[-5.883112220037292,37.442345068547176],[-5.884898700037421,37.44116479854591],[-5.885364160037458,37.440711818545424]],[[-5.866821488775266,37.44559886526655],[-5.868173624024543,37.446104746655784],[-5.870126440036369,37.446772458552005]],[[-5.866821488775266,37.44559886526655],[-5.864769687468108,37.44366963216267],[-5.862615554564271,37.4416661557276],[-5.860319876621933,37.43953087081722],[-5.858701662441474,37.43802560707048],[-5.856542140758593,37.4385018709324],[-5.8564788160492265,37.43836252282425],[-5.856476891276701,37.43835828729023]]]},"properties":{"id_dera":11010400000939,"ident":556,"nombre":"AEROPUER_PARQ_AER","tension_kV":132}},{"type":"Feature","geometry":{"bbox":[-5.96348508662622,37.35069492076028,-5.952673249465186,37.3672231554056],"type":"MultiLineString","coordinates":[[[-5.957103781456673,37.35901023595477],[-5.957101115859889,37.35901420694677],[-5.9567524479197935,37.35953362030433],[-5.956878595153792,37.359610154336615],[-5.958151771531516,37.36038255572427],[-5.959256716940767,37.36105287508977],[-5.959113606039296,37.36123842357648],[-5.958744195886961,37.36171732181101],[-5.9586229903982755,37.361853043226375],[-5.95860185606469,37.36187743183778],[-5.958601610981251,37.361882402745096],[-5.958695239224565,37.36199165457561],[-5.958742596260114,37.36205464211528],[-5.959389489272379,37.36258596459306],[-5.96019245296796,37.36325446188047],[-5.9603360840959825,37.3633763635389],[-5.960407930069307,37.36343420492397],[-5.960602948527039,37.3635420156459],[-5.960720700901197,37.36363360485088],[-5.960813386354431,37.363710395749564],[-5.960911561645478,37.36378324666674],[-5.961144208262343,37.363964603694555],[-5.961229736937408,37.36403420292963],[-5.961436303959718,37.36420512966892],[-5.961640358533303,37.36437271300719],[-5.9620436380260395,37.36470499007625],[-5.962441533843186,37.365031751033605],[-5.962761404254358,37.3652960220767],[-5.962811242055801,37.36533813137524],[-5.9630440336284245,37.365528706862364],[-5.96331680074195,37.365753997285786],[-5.963237663758836,37.365952913796605],[-5.963445344488615,37.36613040395261],[-5.963779489994564,37.366418993869424],[-5.963975944519193,37.36645626431426],[-5.964101522952348,37.36655976347048],[-5.96410976228274,37.36656660305928]],[[-5.963854269118333,37.36694325812869],[-5.963795929717508,37.36690318256524],[-5.963893674267286,37.36680335580553],[-5.963861859133193,37.36678322217501],[-5.96410976228274,37.36656660305928]],[[-5.952036470951575,37.35098142415342],[-5.952541956306816,37.35130232689626],[-5.954678216286979,37.35292787840505],[-5.954688550460276,37.35293574175795],[-5.9567776301341215,37.354405015770055],[-5.9567923990365905,37.35441540257526],[-5.959109207030193,37.35604394493503],[-5.9591264267079245,37.356056048644035],[-5.959161790598511,37.356080905897585],[-5.958945260393241,37.35643237051485],[-5.958941069972474,37.356439172229955],[-5.95804634410348,37.357775198608024],[-5.957182109120263,37.359046733672294],[-5.95710865596168,37.359012507291574],[-5.957103781456673,37.35901023595477]]]},"properties":{"id_dera":11010400001471,"ident":652,"nombre":"HYTASA_QUINTOS","tension_kV":66}},{"type":"Feature","geometry":{"bbox":[-5.882746066816428,37.117806832400085,-5.768022104111692,37.18472636932397],"type":"MultiLineString","coordinates":[[[-5.882746066816428,37.117806832400085],[-5.88225002695082,37.11857735941396],[-5.882226820618665,37.118589042381565],[-5.878914816277236,37.12025635045624],[-5.876154865962897,37.12164628648919],[-5.876143425643085,37.1216520476988],[-5.875069597919165,37.12204575258055],[-5.87397089819753,37.1224486115192],[-5.8714053963851205,37.12338901251235],[-5.86824667025807,37.12454718688826],[-5.8650750966054,37.12571045502146],[-5.8624633922921126,37.12666710135243],[-5.860281671410656,37.12746702825343],[-5.86025183547199,37.127477967191524],[-5.856654393248961,37.12692331212094],[-5.853131019776199,37.12637982978223],[-5.849441619014864,37.125810231469394],[-5.846083210796134,37.12528808316623],[-5.8420815841537745,37.12467538394278],[-5.838681290374326,37.12415006325596],[-5.836868012448885,37.12620865256688],[-5.834789342556761,37.12856786871652],[-5.8333631310617315,37.13018605161661],[-5.832903291639991,37.13081422084533],[-5.831670991236259,37.13249776547029],[-5.829824264651061,37.13501914313723],[-5.827982032567251,37.13753755664824],[-5.82797764519271,37.13754355415093],[-5.825564398961974,37.13986824445712],[-5.823292375666019,37.14205642706108],[-5.821373101017335,37.14424121537571],[-5.821011077725759,37.14465290495408],[-5.81911988743999,37.146803197259494],[-5.816573599444531,37.149704707314015],[-5.814232578868777,37.15236943116568],[-5.811958876022097,37.15511338801804],[-5.810410560641019,37.157171117258244],[-5.8103967393291915,37.157189485348155],[-5.807087850053617,37.15870124343743],[-5.8036069753281865,37.160291421629125],[-5.800313142202098,37.1617959957184],[-5.797220309425358,37.16320861409447],[-5.797215420214814,37.16321084708378]],[[-5.797215420214814,37.16321084708378],[-5.797210533159871,37.16321308309116],[-5.793794423512626,37.16477599743671],[-5.7905911385646185,37.16624138534517],[-5.787770067211043,37.16753187934582],[-5.784392950005403,37.16910291907055],[-5.781707819511292,37.170351515816236],[-5.781686631121805,37.170361368099655]],[[-5.781686631121805,37.170361368099655],[-5.781662595086194,37.170362496994564],[-5.780074179013587,37.17043708892944],[-5.777352821802745,37.17056482420989],[-5.7773472016163385,37.17056508794579]],[[-5.7773472016163385,37.17056508794579],[-5.777347163919561,37.17056959313959],[-5.777343047032288,37.17106160481143],[-5.777328667786936,37.17108346069336],[-5.777312191991191,37.171095723707495],[-5.777291248130643,37.171104360808684],[-5.777256067220949,37.17110859173209],[-5.776666710688767,37.171076006539664],[-5.776596612051156,37.171093815491375],[-5.776470292220864,37.17116555848075],[-5.776368152256689,37.17120108630369],[-5.776288493761835,37.17123122117474],[-5.775499915615354,37.17284244079012],[-5.775476072437344,37.17292144208403],[-5.77546013440292,37.17305523568476],[-5.775361138061286,37.17322941687435],[-5.775267135915879,37.17330587138194],[-5.775223909572492,37.17333646779119],[-5.775108233536276,37.17336407537321],[-5.775025193126936,37.17336863367311],[-5.774727130234781,37.17335240175418],[-5.774320564475431,37.17337579110032],[-5.774048369501494,37.17346831200612],[-5.773897331400595,37.17350572156715],[-5.773462069138644,37.17363901397259],[-5.773015166620374,37.17381373153161],[-5.7726285114162,37.17400423995192],[-5.772255971250806,37.17422513613716],[-5.7718973286167,37.17448002980426],[-5.771536832298777,37.17479644940741],[-5.771228236227559,37.175125206860955],[-5.771015340534367,37.17539767586807],[-5.770533610275781,37.176216132208495],[-5.770454483022203,37.17626657113834],[-5.770381523207513,37.17627928896088],[-5.770132848006065,37.17618581789903],[-5.7701142886717145,37.17621832866228],[-5.770091293905436,37.17625860901892]],[[-5.772133486598963,37.184630173319526],[-5.772128509965655,37.1846280659523],[-5.772099976849133,37.1846159835299],[-5.771107691691624,37.184195791138954],[-5.771085123134088,37.184186234122414]],[[-5.771085123134088,37.184186234122414],[-5.771080984488702,37.18418317921793],[-5.769270027516887,37.18284639982463],[-5.769250208702469,37.18283176991723]],[[-5.769250208702469,37.18283176991723],[-5.769339046456072,37.182787052145166],[-5.769427884102077,37.18274233431014],[-5.768733559233334,37.180929869793516],[-5.767794008466823,37.17848003392821],[-5.769396787274034,37.17661289286091],[-5.770086546334709,37.17626103088923],[-5.770091293905436,37.17625860901892]]]},"properties":{"id_dera":11010400001599,"ident":570,"nombre":"PALACIOS_UTRERA_1","tension_kV":66}},{"type":"Feature","geometry":{"bbox":[-6.048992934979158,37.31322689018074,-6.0489821852288586,37.313229428984556],"type":"LineString","coordinates":[[-6.048992934979158,37.31322689018074],[-6.048987599921816,37.31322815017882],[-6.0489821852288586,37.313229428984556]]},"properties":{"id_dera":11010400001746,"ident":692,"nombre":"PALOMARE_RESERVA_01","tension_kV":66}},{"type":"Feature","geometry":{"bbox":[-5.983708358371236,37.35031674948229,-5.953231975204042,37.3849977645265],"type":"MultiLineString","coordinates":[[[-5.975285880425756,37.375677514866155],[-5.975478637165276,37.37582362375622],[-5.975537721258234,37.37588020872255],[-5.975717035682973,37.37611156993534],[-5.976281802940959,37.37657856220584],[-5.976236502749802,37.376621376081886],[-5.9762304193550415,37.3766268634319],[-5.976798189985935,37.377104526928896],[-5.977098052861222,37.37703142398883],[-5.977353659855674,37.376971292765056],[-5.978364555034385,37.376728466974996],[-5.978444919544157,37.37670982677387],[-5.97864300405352,37.3766624142438],[-5.979161422093512,37.376538025480976],[-5.979211715545411,37.37650388784295],[-5.979219688494795,37.376461689277605],[-5.9791008520706095,37.375856552409445],[-5.980106456491513,37.375726790997604],[-5.980175305687166,37.37571706293329],[-5.98032218162843,37.375698420498175],[-5.980495695974982,37.37569300028257],[-5.9805812996846415,37.37570265444117],[-5.981638161868661,37.375792000583175],[-5.981821991573816,37.375805861828304],[-5.981991821477805,37.375838556351226],[-5.982141735162967,37.375900343173186],[-5.982291782043572,37.37596548732896],[-5.9829664804070575,37.376246040968766],[-5.983215269073362,37.37635743844239],[-5.98396564795247,37.37668650753582],[-5.984287341419572,37.37683088751668],[-5.984495163283771,37.37701018285199],[-5.984738217427696,37.37716251199987],[-5.984758018668536,37.37717981658666],[-5.984769911275376,37.37720269108409],[-5.984774522296645,37.37721846903081],[-5.98477535011095,37.37723736099954],[-5.984775550506388,37.377240707815645],[-5.984665145467139,37.3774859119909],[-5.984369339132876,37.378101971690874],[-5.983752526134125,37.379587800702495],[-5.9835998667228525,37.37996532530121],[-5.983525635897589,37.380147371344194],[-5.983279548674188,37.38035273093414],[-5.983184935504174,37.380518522813205],[-5.983435676923823,37.38104103369408],[-5.983546652319828,37.38127364773253],[-5.983592907653319,37.38139176006896],[-5.983653143228815,37.38157943131344],[-5.9836608309226635,37.3817041937198],[-5.98367968180639,37.38180121058191],[-5.983759266964159,37.38223665731677],[-5.983798961342779,37.38244476901578],[-5.983819453017169,37.38256237827373],[-5.983886808323183,37.38292538350023],[-5.983951192188549,37.3832723710777],[-5.98398642799791,37.3834622590374],[-5.98400990632053,37.383589109607925],[-5.984025759456995,37.38367428128274],[-5.9840652761696935,37.38388612763147],[-5.984091028754333,37.38402305747372],[-5.984107624915259,37.3841113009434],[-5.984122629950825,37.38418190614931],[-5.984163967408184,37.3842092002427],[-5.984184154859338,37.38421483566193],[-5.984217278488925,37.3842189370718],[-5.984231469636653,37.38421886710792],[-5.98431530330562,37.3842123803959],[-5.984689153330196,37.3840035401429],[-5.984832262677654,37.38392483350359],[-5.984944416919364,37.38397391020106],[-5.9849033867285995,37.38403359412541],[-5.984898031519466,37.384041383988425],[-5.984895317247773,37.384045332256406]],[[-5.975285880425756,37.375677514866155],[-5.974516028813822,37.37502830644595],[-5.974394965868636,37.3749572599688],[-5.973835081522914,37.37450293923549],[-5.972847077462048,37.373697199805434],[-5.972592765283138,37.37360057898141],[-5.9722196462970905,37.37327222288455]],[[-5.9722196462970905,37.37327222288455],[-5.972017764217245,37.37310968657778],[-5.971562425036361,37.37273300007408],[-5.970337176665947,37.37173463021658],[-5.970329127661914,37.37172806562398],[-5.970265916020699,37.37167656441481],[-5.969002582783958,37.370647122915],[-5.96857273850949,37.37065016931942],[-5.967710646094774,37.369959070723155],[-5.9679258166816505,37.36976675569245],[-5.968401925620493,37.369349528720505],[-5.9646507283685235,37.36625891789413]],[[-5.9646507283685235,37.36625891789413],[-5.964230135761073,37.36590970425056],[-5.963764422056783,37.36553718390086],[-5.963741309997026,37.36551730057462],[-5.963808919327798,37.365470490114774],[-5.963857214538286,37.36542544334755],[-5.96387989763318,37.36538621072231],[-5.963876663417404,37.36534503288255],[-5.963845047401691,37.36532133510863],[-5.96319359676145,37.36477304338461],[-5.963146594306489,37.36472781763409],[-5.963118913340488,37.364722068991064],[-5.962886160748915,37.36471758584987],[-5.96283291778378,37.364718920297754],[-5.962776044396037,37.36471003773278],[-5.962734943743915,37.36469173134954],[-5.962689869319045,37.364654188073985],[-5.962137525369815,37.36420266483571],[-5.961486649795653,37.36366852938184],[-5.960734478084366,37.36306344644336],[-5.959403134282555,37.361939166302065],[-5.959168090542737,37.36174363809063],[-5.959017505016208,37.36155115867553],[-5.9587768542472945,37.36078439738081],[-5.957820773262465,37.357222930483715],[-5.958823814348999,37.35613097721633],[-5.958857024724198,37.35609482229849]],[[-5.9519030442295096,37.35111538948697],[-5.952393248916096,37.35142567251311],[-5.954547076696943,37.353064504820594],[-5.9566508132922,37.35454387358071],[-5.958852789249252,37.35609184489468],[-5.958857024724198,37.35609482229849]]]},"properties":{"id_dera":11010400001655,"ident":682,"nombre":"QUINTOS_RASTRO","tension_kV":66}},{"type":"Feature","geometry":{"bbox":[-6.103356812667042,37.344604233750246,-6.039959434807142,37.42519893892302],"type":"LineString","coordinates":[[-6.039959434807142,37.42519893892302],[-6.041707831167376,37.42492047459077],[-6.044010784876783,37.42351561160212],[-6.047795027946148,37.4211342297436],[-6.05175333666937,37.4186273668793],[-6.055665648749611,37.416148685357804],[-6.059562971605135,37.41368613128273],[-6.064087462260413,37.41082207228098],[-6.066925384890735,37.408803467025415],[-6.070727910265019,37.40609449600068],[-6.074312309503748,37.40353515580783],[-6.0782395885195974,37.4007303449335],[-6.081450610722727,37.398445061350905],[-6.084820302226114,37.39604598510452],[-6.088817970905082,37.39322241233337],[-6.092807901982629,37.391904704940224],[-6.097630597914842,37.39030932026159],[-6.102082230064912,37.388852784533476],[-6.1046212495822845,37.38636861432832],[-6.10498677093811,37.38413354506601],[-6.103655158278177,37.3812662741682],[-6.102107024734844,37.3775891197659],[-6.101003650456996,37.374973040876114],[-6.099468068066414,37.371470014940826],[-6.097849617564275,37.3675112049624],[-6.0978472228681735,37.36316885220105],[-6.097836558006906,37.35941850247378],[-6.09620468771369,37.35592457039748],[-6.095508501844435,37.35227581823842],[-6.094661198402108,37.34783910706009],[-6.094088595256937,37.34542880550454],[-6.094317573292991,37.34484123866905]]},"properties":{"id_dera":11010400001667,"ident":717,"nombre":"ALJARAFE - SANTIPONCE","tension_kV":220}},{"type":"Feature","geometry":{"bbox":[-6.038576151066283,37.409543399491916,-5.959222982843459,37.44860339824241],"type":"MultiLineString","coordinates":[[[-5.993611083754244,37.42429005730405],[-5.994524365631384,37.42353381226891],[-5.997196249087297,37.42350344324966],[-6.000281075043804,37.42368481495997],[-6.003786030157005,37.42389094487347],[-6.0064374019208815,37.424044789106524],[-6.010830043193622,37.42431706927263],[-6.013361752811269,37.42446562492859],[-6.016148497088217,37.42462906070875],[-6.019020632775072,37.42479745372353],[-6.021795711758047,37.42495996386999],[-6.02375407133918,37.425074656058605],[-6.024883022678717,37.42514081476899],[-6.028138633760729,37.425331597275566],[-6.030583282446551,37.425474527008426],[-6.030964583641744,37.42549682182366],[-6.031431234348751,37.425478334189926],[-6.034851127412176,37.42517067963368],[-6.03793024829405,37.42489353048228],[-6.038416182748559,37.42485955651413],[-6.039187752711733,37.424805608271384],[-6.039193379947268,37.42480521479588]],[[-5.993611083754244,37.42429005730405],[-5.992984262769128,37.42581561791019],[-5.991967545117417,37.42723805411904],[-5.991964747550162,37.42724196796174]],[[-5.991964747550162,37.42724196796174],[-5.991963640624542,37.42724638568825],[-5.991911125849153,37.42745597089946],[-5.991582454651305,37.42876728499289],[-5.99156744511051,37.42878241632818],[-5.98899585194857,37.43137475830442],[-5.988971607611702,37.43139916980723],[-5.988966845323823,37.43140396492884]],[[-5.988966845323823,37.43140396492884],[-5.988963264062035,37.43140744912276],[-5.987462925396847,37.432867084008016],[-5.98644972352148,37.43522954299838],[-5.985422230806162,37.43762344048487],[-5.984377779360415,37.4400584846094],[-5.983257251799276,37.442670963104135],[-5.983242193731146,37.44268362406225],[-5.980790241375264,37.444745164854766],[-5.978313166624127,37.44680729319351],[-5.978290701501255,37.44682599432153]],[[-5.978290701501255,37.44682599432153],[-5.978259851356974,37.44683097536615],[-5.975204230598944,37.447324290928165],[-5.975201004280943,37.44732481175698],[-5.97184671085931,37.44787543745365],[-5.971773814766628,37.44788689993598],[-5.968735408343016,37.448364628550095]],[[-5.968735408343016,37.448364628550095],[-5.968700826174312,37.44828746731172],[-5.968695820830525,37.4482762917736],[-5.9681320451918225,37.447017050716255],[-5.967374405671958,37.44532581569652],[-5.966316404118864,37.44296281879628],[-5.964865591369786,37.439721335644094],[-5.963926568253715,37.43762555440291],[-5.962761893653686,37.435024081067326],[-5.961619271323496,37.43246682252816],[-5.96042187700744,37.42979630990286],[-5.959181796745981,37.42702647529728],[-5.958294678723054,37.425043862710844],[-5.958549934743249,37.42405145842136],[-5.958869530680249,37.42280514989351],[-5.9599898620822875,37.42125387556182],[-5.961374899393122,37.41939766752861],[-5.9613800724769055,37.41939073442982],[-5.962629418120128,37.41649725327838],[-5.962644836771847,37.41646154224363],[-5.961138911937063,37.414478060542294],[-5.96123856060398,37.41162988057092],[-5.961181115052697,37.41160678429579],[-5.960957116968184,37.4115167243288],[-5.960952073539901,37.411514696576496]]]},"properties":{"id_dera":11010400001591,"ident":656,"nombre":"CALONGE_SANTIPON","tension_kV":132}},{"type":"Feature","geometry":{"bbox":[-5.842357929640139,37.23385457548214,-5.603768993460057,37.2569757079551],"type":"LineString","coordinates":[[-5.603162470021298,37.23935815832611],[-5.603163644598531,37.23939234320078],[-5.603272866824169,37.23948664722435],[-5.603294554451183,37.239505372590074],[-5.604748492473501,37.23976786294736],[-5.60478114999737,37.23977375863046],[-5.607617477618942,37.240347416381006],[-5.609620593168557,37.24076843512178],[-5.612856536107582,37.24144924226692],[-5.615790338780471,37.24206698615499],[-5.618889495831309,37.24271884673372],[-5.621498204865675,37.24326752343642],[-5.623848131541687,37.24376171591244],[-5.6265246320389855,37.24432450663007],[-5.629641864467977,37.24497984608578],[-5.633338187782024,37.24598097882888],[-5.635761267584777,37.2466371518808],[-5.635775115641507,37.24664090177721],[-5.637401598855419,37.246701053623966],[-5.641290775190335,37.24685325653264],[-5.644225595329775,37.247167043572375],[-5.646938950147601,37.24745705206668],[-5.6498433260167635,37.247767414337225],[-5.651810379878915,37.24797749769786],[-5.654697693463927,37.248285959360594],[-5.656919481469043,37.24852322728534],[-5.65962284721962,37.24881190540647],[-5.662004879031373,37.249066113645654],[-5.665129878996102,37.2493997036588],[-5.668468753561776,37.2497558752039],[-5.671494791432926,37.25007873009035],[-5.675241521953826,37.25047822235788],[-5.678663538842308,37.250843025873074],[-5.681753119017533,37.25117230240673],[-5.684830631552657,37.25150022638869],[-5.687979539962866,37.25183565414266],[-5.690985791852586,37.2521558386154],[-5.694039703621718,37.252480998474084],[-5.697010364214964,37.252797251818414],[-5.700225218405744,37.25313931081827],[-5.703783556310322,37.253517954498584],[-5.707039562778217,37.25386424899006],[-5.710106815762139,37.254190389269326],[-5.713182328600871,37.25451732351257],[-5.713201325143843,37.25451352206998],[-5.714778985586858,37.25419780082071],[-5.717872295196461,37.25357872084172],[-5.720628221599129,37.25302707549762],[-5.723477223692943,37.25245673505328],[-5.726616721615173,37.251828093281986],[-5.729721472000769,37.2512064326109],[-5.733093531333448,37.25053106826805],[-5.735570100808945,37.250034987501095],[-5.739128156397231,37.24932219214351],[-5.742383757009422,37.24866987694479],[-5.745395112661246,37.24806640793922],[-5.748484414165226,37.24744723043742],[-5.752078088742632,37.24672685149733],[-5.754680433272627,37.24669781513059],[-5.757160160640573,37.246670080788356],[-5.759705436425313,37.24664156869452],[-5.7626038346765,37.24660903483876],[-5.765552139861131,37.24657586799554],[-5.7689387322926144,37.24653766869999],[-5.772407904006987,37.24649844807164],[-5.775745915984438,37.24646061435999],[-5.778046790720065,37.24643448048387],[-5.781033129347134,37.24640049447471],[-5.783889111315973,37.24636791192788],[-5.7863799216145155,37.246339447795464],[-5.788782167776426,37.246311944771406],[-5.791977042920239,37.24627529341945],[-5.794939133612901,37.24624123023114],[-5.797955637153685,37.246206462757286],[-5.800667813942125,37.24617513993094],[-5.803956038209711,37.24613707983979],[-5.806987686593751,37.246781390627994],[-5.810398723848706,37.24750611910199],[-5.810425224836526,37.247511749215796],[-5.813597647286152,37.24682601851763],[-5.813602925011104,37.24682487763724],[-5.816249919649365,37.24599393404201],[-5.819177304039333,37.24595963523866],[-5.822439473430869,37.24592138363353],[-5.825627386140254,37.24588391302196],[-5.828491709910316,37.24585012239131],[-5.8315696886809985,37.245813784003566],[-5.8349398325792565,37.24692757270701],[-5.834985240957338,37.24690321025538],[-5.837648788754107,37.24547410870429],[-5.840429446023609,37.24454242094407],[-5.8411812512596,37.24429078592908],[-5.841644959172226,37.244135576104206],[-5.842527033724771,37.24420196230539],[-5.842542825590466,37.2442097849588],[-5.842746179256756,37.2443105178318],[-5.842750969529716,37.2443128907246]]},"properties":{"id_dera":11010400001118,"ident":543,"nombre":"CLH.ARA2_DRODRIGO2","tension_kV":66}},{"type":"Feature","geometry":{"bbox":[-6.089136214772407,37.51497523873621,-6.082948200329462,37.552462613330135],"type":"MultiLineString","coordinates":[[[-6.090659556560308,37.55186305668169],[-6.090249863400966,37.55066065421302],[-6.089857959782855,37.54776210838544],[-6.089634984187293,37.54611162640147],[-6.08917977543579,37.54274449785879],[-6.0888324204018085,37.54017427684644],[-6.088221533699128,37.535656393779114],[-6.0878761987341,37.533097466599074],[-6.087623346261897,37.531227704949586],[-6.0875302451529025,37.530539274249946],[-6.0871995563601695,37.52809016204733],[-6.087175140044879,37.52790932850042],[-6.086816746940188,37.525256490724],[-6.085649243245016,37.52300259981809],[-6.0838648720535335,37.5195544874676],[-6.082663328412926,37.51723297525972],[-6.081598998788416,37.515176534869234],[-6.081596843231166,37.515172369892916]],[[-6.090659556560308,37.55186305668169],[-6.087910792257315,37.55227505943444],[-6.0874494962158705,37.55234419655483],[-6.087443935454804,37.55234502996673]],[[-6.081596843231166,37.515172369892916],[-6.081419930434549,37.51523633161259],[-6.08141478049773,37.51523819353459]]]},"properties":{"id_dera":11010400001115,"ident":721,"nombre":"FUNDICIO_RUTPLATA","tension_kV":132}},{"type":"Feature","geometry":{"bbox":[-6.048968918236205,37.313140613424544,-6.000335799923559,37.38171048014483],"type":"MultiLineString","coordinates":[[[-6.048968918236205,37.313140613424544],[-6.04896333524325,37.31314125491424],[-6.048274087004351,37.31322044790433],[-6.048055296453275,37.313371871144895],[-6.045310632900095,37.31527134542249],[-6.043140977213995,37.31677232448212],[-6.043134261060717,37.31677697059724],[-6.040204227273116,37.318490976421614],[-6.037443966470926,37.32010684195939],[-6.034610700443291,37.32176470487501],[-6.031443628987184,37.32361775646996],[-6.028937939851116,37.32508354533397],[-6.026029124750305,37.32678567236232],[-6.023292381215426,37.328386918022886],[-6.019663641518144,37.33050898463492],[-6.016953958775503,37.332093984744446],[-6.016080061636001,37.332604715932824],[-6.016074062805876,37.332608221779324],[-6.013881770599204,37.333711585855525],[-6.011917499062475,37.33469980507732],[-6.009868916386755,37.33599712368633],[-6.008384239893105,37.33693712364936],[-6.006122823424115,37.33836486753404]],[[-6.031920028480018,37.37666898010119],[-6.031914782958717,37.37667064512649],[-6.031657032602442,37.376752459470595],[-6.031642395723671,37.3767571054426]],[[-6.024919909513176,37.38049002109417],[-6.024950435481104,37.38056419537564],[-6.0249862394569975,37.38065119435895],[-6.025575813567297,37.38049703580585],[-6.02561213729898,37.38046612840764],[-6.025658088543095,37.380424729741506],[-6.025694282735943,37.38037823773074],[-6.025726750054322,37.380317397539585],[-6.025737209766746,37.38023601857119],[-6.025735468686544,37.38010727822306],[-6.026078016463546,37.380023505233346],[-6.026777471171822,37.38013428760077],[-6.027389995955481,37.379425044509496],[-6.028266718471064,37.37892247480966],[-6.028371813720675,37.37885648406529],[-6.029048341524303,37.37845789109084],[-6.029506048840866,37.37818985041075],[-6.029536608674817,37.378165045429235],[-6.03000036723581,37.37779045359943],[-6.030454865444376,37.37743247826333],[-6.030535236600776,37.37736917398704],[-6.030578519004364,37.37733507719933],[-6.030897733755735,37.37706309505271],[-6.031252723882915,37.3767568381626],[-6.031401032487491,37.37680468132673],[-6.0315639401426475,37.37685729471189],[-6.031638917758867,37.37676154687661],[-6.031642395723671,37.3767571054426]],[[-6.0222338582831405,37.38115238209179],[-6.022237865502734,37.381150946079394],[-6.023003957852927,37.380751646376254],[-6.023024572919264,37.38074883154076],[-6.024901034929569,37.38049259859878],[-6.024919909513176,37.38049002109417]],[[-6.017847878817958,37.37652514926148],[-6.0178515151292835,37.37652859525627],[-6.019981683623319,37.37854720184637],[-6.019987540215816,37.37855275151298],[-6.0222338582831405,37.38115238209179]],[[-6.016024614370768,37.374637637045524],[-6.016028060841205,37.374641205077914],[-6.017844081881729,37.37652121865746],[-6.017847878817958,37.37652514926148]],[[-6.016024614370768,37.374637637045524],[-6.01526820658961,37.37366735268337],[-6.0152633970450875,37.37366260222658],[-6.0144548813344585,37.3728640082217],[-6.013395802087688,37.37181687618577],[-6.013390924698008,37.37181205372726],[-6.011638571818161,37.370515067492846],[-6.011616168801793,37.37050972707964],[-6.009291885326666,37.36995563914484],[-6.0092860612865495,37.36995455596747],[-6.006909345362572,37.36951249873257],[-6.004959101034172,37.369149983229185],[-6.004953603531438,37.3691489612917]],[[-6.006122823424115,37.33836486753404],[-6.006920505334455,37.338940974544755],[-6.0069291452831886,37.33895420845358],[-6.008785102642145,37.34179687700896],[-6.0087746242659925,37.34182736034651],[-6.008026712420136,37.34400309388179],[-6.007286783591752,37.34615819773153],[-6.006582281015014,37.34820476880387],[-6.006572815988679,37.348232263797705]],[[-6.006572815988679,37.348232263797705],[-6.006544439290805,37.348248794338396],[-6.005048763914132,37.34912006407777],[-6.0033503402086685,37.35011093903215],[-6.003249405392122,37.352168497395084],[-6.003227271467567,37.35261968282401],[-6.003116191361377,37.35489114734716],[-6.002992841638688,37.35739295874228],[-6.002901161112347,37.35927929790254],[-6.002900859691975,37.35928549951065]],[[-6.000232799599646,37.36600514349028],[-6.000188991637596,37.36603191699121],[-6.00014477611328,37.366040905962514],[-6.000070030501889,37.36605610162733],[-5.999971013742267,37.366088988629365],[-5.999894131970676,37.36612775625961],[-5.999863415349304,37.36616719042237],[-5.999846131120578,37.366216222181414],[-5.99984079173266,37.36627916923597],[-5.999790577296978,37.366796559696226],[-5.9997548188052505,37.36705838150241],[-5.999752338365068,37.367073771150636],[-6.000193712133844,37.36712840880172],[-6.00049403491134,37.367155187852724],[-6.000777963596961,37.36716150519584],[-6.000889692670225,37.367159497823046],[-6.0017535968170685,37.36713295003959],[-6.002610585621879,37.36711419438889],[-6.003382587228386,37.367088617486054],[-6.003906111174968,37.36707208922691],[-6.00409496944449,37.36718618207575],[-6.004197986914755,37.36729382426767],[-6.004130671300059,37.36774455929586],[-6.004069760227578,37.36816737047043],[-6.0041724021657235,37.36839464425288],[-6.004193302215432,37.36843888576191],[-6.004229261742309,37.368491601755764],[-6.004353267760332,37.368626399299316],[-6.004771120364335,37.36911503556885],[-6.004948106010037,37.369147939243696],[-6.004953603531438,37.3691489612917]],[[-6.002900859691975,37.35928549951065],[-6.002899367975181,37.35929160093765],[-6.002265290195072,37.36188501730569],[-6.002262123349578,37.36189159237789],[-6.0018728536000845,37.362699793122964],[-6.0018649578681424,37.362708414594465],[-6.000376100454381,37.36433407619245],[-6.000233185040108,37.36600064887228],[-6.000232799599646,37.36600514349028]]]},"properties":{"id_dera":11010400001664,"ident":699,"nombre":"PALOMARE_TOMARE","tension_kV":66}},{"type":"Feature","geometry":{"bbox":[-5.8996517208543215,37.34959104298074,-5.857322051729778,37.386546924879184],"type":"MultiLineString","coordinates":[[[-5.900142450841456,37.36233591957741],[-5.899254773123326,37.365550205791315],[-5.89858999223931,37.36795724066874],[-5.89825986613077,37.36789749832737],[-5.898252655283462,37.36789619338169]],[[-5.900142450841456,37.36233591957741],[-5.89775108894453,37.36143010278553],[-5.895080641880629,37.36041827635385],[-5.892310065689854,37.35936746314707],[-5.892304771037421,37.35936545492219],[-5.892304243273422,37.35936523355809]],[[-5.892304243273422,37.35936523355809],[-5.890375687107064,37.35851184315006],[-5.890005230210307,37.35834795892258],[-5.890001280611813,37.358346151953704],[-5.887734115137553,37.357308871853455],[-5.88635989542634,37.35669380810299],[-5.886354972719277,37.3566916047851]],[[-5.886354972719277,37.3566916047851],[-5.885512265810505,37.356314869925306],[-5.883373725227913,37.355344503707535],[-5.883368818888264,37.355342277374945]],[[-5.883368818888264,37.355342277374945],[-5.883363860675682,37.35534012551653],[-5.8809359212799155,37.35428636301539],[-5.8809320957795235,37.354284702627695]],[[-5.8809320957795235,37.354284702627695],[-5.880927823542628,37.35428241514379],[-5.878610487425163,37.35304160059333],[-5.875951463228889,37.3516177056845],[-5.873890832579997,37.350514169147594],[-5.8738861461643666,37.35051165933779]],[[-5.8736042478547255,37.35296905843007],[-5.873666267858449,37.352902304873304],[-5.873841087542431,37.3512509977652],[-5.873885871927465,37.35051615916179],[-5.8738861461643666,37.35051165933779]],[[-5.8683155281446355,37.35323227147646],[-5.8683325346504045,37.35320284061403],[-5.869975000161547,37.35036032718295],[-5.872121300378887,37.35026321962743],[-5.873880588643585,37.35051087704189],[-5.8738861461643666,37.35051165933779]],[[-5.866417112532626,37.35413139710753],[-5.866420741985553,37.35412794721224],[-5.8668778266116,37.35369347222726],[-5.868278299752268,37.353244214275676],[-5.8683155281446355,37.35323227147646]],[[-5.864454907810747,37.35681267375737],[-5.865949270946179,37.356540892686276],[-5.86595480521247,37.356512390811936],[-5.8664162481379405,37.35413584909035],[-5.866417112532626,37.35413139710753]],[[-5.857321948962772,37.38654421905863],[-5.85792890381815,37.3865317067976],[-5.857977858412395,37.38653071099171],[-5.858052293798654,37.38652919683171],[-5.8580697268862485,37.38652884220221],[-5.858158362519272,37.385585536044374],[-5.8582823836321145,37.38426553960035],[-5.858456617799711,37.38258471323483],[-5.858503559622984,37.38213169353524],[-5.858779893256494,37.379678256194964],[-5.859013842447263,37.377506615170404],[-5.85951649689385,37.375162226663846],[-5.860026651867791,37.37274845253332],[-5.86065350986446,37.36981112558363],[-5.861237360537752,37.36705937456303],[-5.861820254142195,37.36435263394749],[-5.861816462117671,37.36433783288377],[-5.861061120401672,37.361389457563256],[-5.861735746647223,37.3597697247589],[-5.864451568341889,37.356816305565665],[-5.864454907810747,37.35681267375737]]]},"properties":{"id_dera":11010400001623,"ident":630,"nombre":"ALCORES_ESPALDIL_GIRALT","tension_kV":66}},{"type":"Feature","geometry":{"bbox":[-6.038862178113992,37.416046140556645,-5.9847369095525735,37.426419951317115],"type":"MultiLineString","coordinates":[[[-5.990139478213602,37.41993924176084],[-5.992060290289352,37.42164749327968],[-5.992088553227,37.42165381453979],[-5.994468289553625,37.42218603600125],[-5.99802977468335,37.42297780463241],[-5.998039093983307,37.422979876282795],[-6.001277750625954,37.423203650327544],[-6.0046148057870505,37.423431680814694],[-6.005010742988108,37.42345857660681],[-6.00739706291975,37.42362064961089],[-6.010977250598238,37.42387982987165],[-6.013524646164399,37.42405366203391],[-6.016261358965539,37.42424044674093],[-6.019067856574605,37.424431778652746],[-6.021627291234724,37.4246066513098],[-6.023625258537837,37.42474285857626],[-6.023738455351555,37.424750571099366],[-6.024931710019362,37.42483186534954],[-6.0279477176074785,37.425037618096866],[-6.0303912613890995,37.42520382690113],[-6.030482556987806,37.42521002212444],[-6.0306600964777894,37.42522206956343],[-6.030903217513424,37.425238628627156],[-6.030963146778284,37.425242677518156],[-6.031226973771538,37.42521489650353],[-6.03303690533166,37.42505543846926],[-6.035007023666866,37.42488186770897],[-6.037896717987317,37.42462775956929],[-6.039199361755197,37.424521495986156],[-6.039204981234859,37.42452103754366]],[[-5.990139478213602,37.41993924176084],[-5.987320813588374,37.4185127894776],[-5.98502275390648,37.417493940148404],[-5.984385603998494,37.417435810860454],[-5.9843799923281,37.41743529887364]]]},"properties":{"id_dera":11010400001091,"ident":658,"nombre":"EMPALME_SANTIPON_2","tension_kV":132}},{"type":"Feature","geometry":{"bbox":[-5.75676810994587,37.515943520849,-5.167572204853597,37.6677646512103],"type":"LineString","coordinates":[[-5.758265990145951,37.55659068818803],[-5.758033580102559,37.55564042818511],[-5.7544420916310735,37.55620766188512],[-5.749814186850467,37.55698628343217],[-5.745313314212049,37.55743367215361],[-5.740271198598475,37.557944530118014],[-5.7354212411965095,37.55841101012102],[-5.730480820284182,37.55890663455736],[-5.725593873058187,37.55938204611639],[-5.719895882903819,37.559942355185456],[-5.71571842317006,37.56036503541739],[-5.711892069090399,37.56074422794529],[-5.708461485856623,37.56108931075777],[-5.7032922484397055,37.56159933151998],[-5.698265121682194,37.562101032807924],[-5.69327769940221,37.56259746666854],[-5.688611377302922,37.56306147292334],[-5.683847160450465,37.56353513060623],[-5.679325358333664,37.563986492857744],[-5.674057725288565,37.564501801222264],[-5.669848267888013,37.56492064100377],[-5.667144315915194,37.56518721719622],[-5.661705263835417,37.56572572644164],[-5.658111308615622,37.56608410099395],[-5.654530234809254,37.56643931071343],[-5.650236728462033,37.56687059136455],[-5.646836653013848,37.56721112699389],[-5.643944838276779,37.567502136380455],[-5.637420057440898,37.56815461686676],[-5.634284656569061,37.568938975038584],[-5.630904394374105,37.56979803047807],[-5.626166836092763,37.57098046792626],[-5.621763418219738,37.572081286611684],[-5.617381130541686,37.573169022590754],[-5.612793212983827,37.5743192506616],[-5.607857087907625,37.57555584711026],[-5.601847033916195,37.57705177913056],[-5.59749890972548,37.578139414069895],[-5.5915427638291355,37.58027479028761],[-5.5873725793262095,37.581767598926575],[-5.582674274443195,37.58344957868978],[-5.578684891157439,37.584877952405066],[-5.573854993271499,37.58661156856712],[-5.5686906961670575,37.58845947675285],[-5.565622022190001,37.58955681260496],[-5.561997712861115,37.590852884644995],[-5.556738353210702,37.5927341567746],[-5.552507354582764,37.59424366583191],[-5.546675136215824,37.59436902894039],[-5.542044783415081,37.59798110934975],[-5.539407083645847,37.59892180662776],[-5.535711490049269,37.600239838927216],[-5.53091166229604,37.601961192899886],[-5.5273597999531265,37.60323353037732],[-5.523826449818172,37.60448928732151],[-5.519165399524223,37.60616614964799],[-5.51419308135236,37.60793789259256],[-5.510553748352338,37.609240534317266],[-5.5061486005449645,37.61080381055984],[-5.502396929817853,37.61214589824475],[-5.497516610498112,37.613887155995556],[-5.493327401275965,37.61538795300015],[-5.489760181887208,37.615101764122024],[-5.486105654029413,37.614812214311],[-5.479874430884096,37.61432660210235],[-5.47490140576535,37.61392056305507],[-5.470207628192988,37.615047617604425],[-5.466853569024471,37.61585748149607],[-5.461631614730562,37.61710027193741],[-5.4561944532882185,37.618398875665264],[-5.450469501408582,37.61976113569997],[-5.44741889076329,37.620076555744],[-5.444071850445537,37.620418011163615],[-5.438043697430637,37.62102504902255],[-5.432723952832369,37.62157794110413],[-5.4276892255197655,37.622087807594454],[-5.421686079828414,37.622696282492214],[-5.417653013589959,37.62357216699059],[-5.413915119096308,37.6243849030525],[-5.410693994701935,37.625081610566184],[-5.4051434568569166,37.62631144671058],[-5.401146189823172,37.62716821756273],[-5.394370461417138,37.62863700760016],[-5.390698574435711,37.62944035102712],[-5.385914158450477,37.630471066567395],[-5.3817355063153025,37.63137668571901],[-5.377314566231014,37.6323430592561],[-5.372615362629213,37.6333721560458],[-5.367570748532497,37.63444237607257],[-5.362722034907921,37.635485541931786],[-5.357831041038488,37.63653762996424],[-5.353814584460031,37.6374052853881],[-5.347007139093116,37.63886818694038],[-5.34326528496097,37.639668911438086],[-5.3393117672836,37.64051254776521],[-5.334092836659861,37.64162045058816],[-5.3284749685392105,37.64282703010871],[-5.3261603120509005,37.643328488174106],[-5.323298110997949,37.64393426569003],[-5.31844658232139,37.64504875047952],[-5.3139773936300205,37.64606986217836],[-5.3096941687353265,37.6470431105873],[-5.3051969944509905,37.648065581875144],[-5.3011697627896375,37.64898832139797],[-5.297304104811842,37.649883587729164],[-5.29199985604282,37.65109760801079],[-5.286377079517523,37.65237358666988],[-5.281705975009547,37.65343737086266],[-5.277090470050506,37.654490986058015],[-5.2724827286977565,37.65554109097116],[-5.2676744004605505,37.65663434053931],[-5.262791220715492,37.65774601963845],[-5.257833946848547,37.65887483108452],[-5.254487421047434,37.659628901205465],[-5.247675222143576,37.661171894477654],[-5.242864258223571,37.6622860724221],[-5.2387928360307985,37.66320308221499],[-5.235708992069339,37.66391061921621],[-5.231795724085903,37.664801113332985],[-5.227077951399235,37.66665557726264],[-5.227493656068176,37.66360250773886],[-5.2281047112304435,37.65950596894926],[-5.225569023652402,37.65576543818787],[-5.2232403832653995,37.65231148118046],[-5.2204213998093065,37.648152260631306],[-5.218355007879856,37.645039669929034],[-5.216013246920276,37.64160517805271],[-5.214257801951626,37.63901763367598],[-5.212410689246889,37.63503559315335],[-5.210912745069673,37.631778636832564],[-5.208876034003067,37.62738851958058],[-5.206697625871565,37.622661719439684],[-5.204966257896154,37.61894097017982],[-5.203242006816165,37.61523637004704],[-5.201387380784066,37.61118037111794],[-5.199058213531167,37.606177755616834],[-5.196961537415991,37.601616750281686],[-5.1949781572736216,37.5973522454703],[-5.19365332572208,37.59447093859557],[-5.192352972798298,37.59169072266032],[-5.190839476171432,37.588381398098896],[-5.189024463207629,37.58446979598239],[-5.1872604619922695,37.58066157421164],[-5.185373999526847,37.57654666309759],[-5.1837395901344685,37.57301399439646],[-5.181533256573298,37.56971050233438],[-5.179163775168203,37.56614349716682],[-5.176937698954951,37.56278521185088],[-5.1747539090866495,37.55949981920395],[-5.170971721288796,37.556795325460754],[-5.167653992794125,37.55444526553637],[-5.164213421986624,37.55199687741085],[-5.164238793420286,37.548131649312474],[-5.164271365696913,37.54396330720418],[-5.164294966895788,37.5396723828471],[-5.1643179339504,37.53576231295339],[-5.164339381729832,37.53198339226812],[-5.164358049932213,37.52856995524907],[-5.164414212834224,37.52829195721985]]},"properties":{"id_dera":11010400001590,"ident":524,"nombre":"CARMONA - VILLANUEVA DEL REY","tension_kV":220}},{"type":"Feature","geometry":{"bbox":[-5.905035633039699,37.289711119702524,-5.874461828140557,37.32388527356996],"type":"MultiLineString","coordinates":[[[-5.905349945314796,37.29787771459147],[-5.904934915002843,37.29729689032543],[-5.904914763958121,37.2972686891905],[-5.903124555338717,37.29683207258002],[-5.9003812335989165,37.29597447896918],[-5.897238916760494,37.29499600770503],[-5.894804151907074,37.29424668413712],[-5.894798889820589,37.2942450646065]],[[-5.891870991053417,37.293322149055214],[-5.893482920790306,37.293819148941644],[-5.894793663336879,37.294243373084306],[-5.894798889820589,37.2942450646065]],[[-5.891870991053417,37.293322149055214],[-5.8890460256830295,37.29243767163435],[-5.886339135111495,37.29159199143662],[-5.882962615337863,37.29054311158487],[-5.882957359865292,37.29054147893088]],[[-5.875862111071093,37.29365217293151],[-5.8775946813349265,37.2917426319335],[-5.880832994621265,37.290303155334534],[-5.882934434338812,37.29053890722327],[-5.882957359865292,37.29054147893088]],[[-5.874460993629457,37.32386328851087],[-5.8744631019114255,37.323825914687745],[-5.87446324876936,37.32381576571504],[-5.874470478050545,37.32366342532476],[-5.874601120027485,37.32090827079615],[-5.874732159561761,37.31829989123491],[-5.874878494988506,37.315388196783125],[-5.875044082357256,37.31209343567721],[-5.875135664110431,37.31027103187112],[-5.875289289325096,37.307207415871254],[-5.875438116773634,37.304248981183626],[-5.875563466256578,37.301752378543576],[-5.8756916787639275,37.299198622206475],[-5.87583412689317,37.295827609277985],[-5.875862111071093,37.29365217293151]],[[-5.874460993629457,37.32386328851087],[-5.874517318778902,37.32386473664229],[-5.874525289054626,37.3238647952632],[-5.874921840036753,37.3238740884185]],[[-5.874460993349887,37.3238632934667],[-5.874460993629457,37.32386328851087]],[[-5.874460990036721,37.323863288418494],[-5.874460993629457,37.32386328851087]]]},"properties":{"id_dera":11010400001605,"ident":617,"nombre":"DOSHMNAS|OROMANA","tension_kV":132}},{"type":"Feature","geometry":{"bbox":[-6.19511501508239,37.5298196978069,-6.0984160185055565,37.63466529082623],"type":"MultiLineString","coordinates":[[[-6.1954360700661715,37.53733711864837],[-6.193930566993977,37.53609221751675],[-6.1938543700659805,37.53602920864699],[-6.194583930066071,37.53485514864572],[-6.193307200065922,37.53315356864392],[-6.190785920065627,37.53239634864311],[-6.190705801044694,37.53233232501933],[-6.190126886495859,37.531869705516755],[-6.188007150065308,37.53017571864074],[-6.1859327897982865,37.53006801807243],[-6.185437424635944,37.53015619262502],[-6.185437537169485,37.53015461635103]],[[-6.1954360645854,37.537337123428244],[-6.194465822167731,37.53804633191454],[-6.194226740066022,37.53821551864932],[-6.191352882340841,37.540235120031085],[-6.189629187906511,37.54150148431144],[-6.187383250422386,37.54338433381225],[-6.184876030030971,37.54534942703416],[-6.1820909670285955,37.54745756529881],[-6.179216361621096,37.5496884247784],[-6.177220483438905,37.55123305735895],[-6.175040516912594,37.55290307346775],[-6.171467449169606,37.555619434075666],[-6.168371930191179,37.558006616174815],[-6.16562241212009,37.56008323459784],[-6.162231847806654,37.562658914822],[-6.1589695136720515,37.56514069721156],[-6.154311343403349,37.56862351210058],[-6.152000714646281,37.570356790874534],[-6.149269282750492,37.57243264485755],[-6.148215623843185,37.57346969967025],[-6.1465963626381885,37.57500368406758],[-6.142723218095296,37.57873613072557],[-6.140541873632439,37.58085731858092],[-6.137415461092724,37.58390721341487],[-6.135015787329443,37.586244851306574],[-6.13288940982008,37.58833434791378],[-6.130524710581444,37.59061078191502],[-6.128343308890865,37.59274679842721],[-6.125088490096027,37.59592015176087],[-6.124968200394391,37.5960370351259],[-6.123415385643291,37.597545712484305],[-6.122962634839791,37.59798338437008],[-6.120543197281409,37.600322104964164],[-6.118345491410523,37.60298392308749],[-6.115894667611031,37.605953141053355],[-6.11310668577527,37.609331521900145],[-6.111430540759379,37.611361817802],[-6.111368761523374,37.61143660850468],[-6.109916819941399,37.61319598649233],[-6.108418640665267,37.61501071590257],[-6.106982947630202,37.616750079367215],[-6.105529449175537,37.619078246029694],[-6.103771898738662,37.62186805008645],[-6.10223643135767,37.624316275784444],[-6.1009594535113285,37.62635484980069],[-6.099608781004268,37.628516261475085],[-6.098466771400402,37.630338266381415],[-6.098425970967041,37.63262552859602],[-6.098397801265447,37.634226979941616],[-6.0987831109905,37.634651899669365],[-6.098786424333804,37.634655553599295]]]},"properties":{"id_dera":11010400001248,"ident":730,"nombre":"BERROCAL|GUILLENA","tension_kV":132}},{"type":"Feature","geometry":{"bbox":[-5.959579723465243,37.388146925213576,-5.930990081343169,37.39873397125226],"type":"MultiLineString","coordinates":[[[-5.959579723465243,37.388146925213576],[-5.959575985050316,37.388150301072066],[-5.959500310365811,37.38821863663453],[-5.959479826616535,37.38879333395036],[-5.959145906264437,37.38897039704983],[-5.959126109692704,37.38914444368193],[-5.959122770634812,37.38972414505576],[-5.9590026781533645,37.39001959579238],[-5.958923324674828,37.39022530035069],[-5.958859402884722,37.39032142946971],[-5.958767392337174,37.390392491640895],[-5.958618782378646,37.390588828602496],[-5.958377649695654,37.390757917617776]],[[-5.957984485601442,37.390980936078826],[-5.9579892669428105,37.39097853992552],[-5.9581366213816525,37.390904693569446],[-5.958154376757622,37.390894707121845],[-5.958377649695654,37.390757917617776]],[[-5.957984485601442,37.390980936078826],[-5.957877785345087,37.390949240109194],[-5.95572008068052,37.39202524670037],[-5.95391356066861,37.392915680176436],[-5.951374845779006,37.394192089524225],[-5.951366406766568,37.39419883012275],[-5.9496431024733685,37.39557526866834],[-5.947953144323757,37.396925393833406],[-5.9461616042589505,37.39835659929116],[-5.943878340382677,37.39671338548479],[-5.943839803569672,37.39671308326739],[-5.941319474489301,37.39669329091788],[-5.939112516973177,37.39668736773887],[-5.9378187229301,37.39566055710625],[-5.937814719683342,37.39565737989185]],[[-5.937658328760858,37.3932222874224],[-5.93769217391634,37.39323477913372],[-5.937771413124309,37.39326402501754],[-5.9379179954813015,37.39442700226662],[-5.937917397233257,37.39443412961942],[-5.937815096995741,37.39565288484903],[-5.937814719683342,37.39565737989185]],[[-5.935078201002632,37.39263031534367],[-5.935134662916719,37.39269539501575],[-5.935336459014127,37.39292799002269],[-5.9374904368749,37.39303356234721],[-5.937600771866944,37.393147795094016],[-5.937655365437596,37.393218452180705],[-5.937658328760858,37.3932222874224]],[[-5.9316055878029434,37.39197818449577],[-5.9334529954638615,37.393103407888894],[-5.935072896621398,37.39263185947927],[-5.935078201002632,37.39263031534367]],[[-5.9316055878029434,37.39197818449577],[-5.931563250749579,37.39201561906563],[-5.930965262242946,37.39078826652667],[-5.9309624208585205,37.390782434571676]],[[-5.930962420040884,37.390782438491264],[-5.930973210040881,37.390715698491185],[-5.931694730040941,37.39059316849106],[-5.931515960040929,37.389838108490274],[-5.930671070040864,37.39003295849045],[-5.9306486700408545,37.389973018490416],[-5.93064867004086,37.38997195849041],[-5.93065118004086,37.38997264849039]]]},"properties":{"id_dera":11010400001641,"ident":644,"nombre":"CRUZCAMP_S_ELVIR1","tension_kV":66}},{"type":"Feature","geometry":{"bbox":[-5.882566351774308,37.11773226564051,-5.800270024431826,37.244847279288486],"type":"MultiLineString","coordinates":[[[-5.882566351774308,37.11773226564051],[-5.882563772754996,37.11773626968612],[-5.882095162635369,37.118463800407824],[-5.8788069861925525,37.12011893677029],[-5.8760588601979835,37.12150487562335],[-5.87512998990691,37.12184550253454],[-5.873886335879648,37.122301437766026],[-5.871320837760919,37.12324183677829],[-5.868162116181842,37.12440000871549],[-5.864991221694399,37.12556325809449],[-5.862378846545178,37.12651991871567],[-5.860226561129021,37.12730880722205],[-5.856692967368482,37.12676396642998],[-5.853169601182838,37.12622048492297],[-5.8494802081450405,37.12565088737642],[-5.846121132255041,37.12512875609404],[-5.842120188487942,37.12451604164798],[-5.8385915545051015,37.123971087724264],[-5.838553588200949,37.12401418296069],[-5.836702473097514,37.12611529413148],[-5.834623800234641,37.12847450750649],[-5.8331932619580105,37.13009892433383],[-5.833188564498338,37.130104258289414],[-5.832841170818449,37.130578891754965],[-5.831496420849898,37.1324159698099],[-5.829649690095983,37.13493734493003],[-5.8278114155896334,37.137450200068926],[-5.82540858100457,37.13976436604264],[-5.823131684895576,37.14195835903098],[-5.823126815917531,37.14196305054368],[-5.8212075385113,37.144147836295815],[-5.820931267345242,37.144461965392466],[-5.818954321703474,37.14670981517089],[-5.8164080300432595,37.14961132182542],[-5.814067006104767,37.15227604255078],[-5.8140651393087905,37.15227829542729],[-5.811787626526973,37.15502670917855],[-5.811786168925387,37.155028646425365],[-5.810250467886866,37.15706962740903],[-5.806987439161406,37.1585604342708],[-5.803506568419292,37.16015060937686],[-5.800212739063576,37.16165518054655],[-5.797245792435978,37.163010315445156]],[[-5.797245792435978,37.163010315445156],[-5.79726562264167,37.16312988458289],[-5.797721162390952,37.16587652333845],[-5.798113382832018,37.16824420735266],[-5.800821010486787,37.17014918422789],[-5.803680507824137,37.172160348934206],[-5.806904484171007,37.174429870849124],[-5.809326717032243,37.17613544684273],[-5.811981585250935,37.17800133591047],[-5.815476869839989,37.17947202168871],[-5.815518692746293,37.17948961824422],[-5.8159674231463985,37.18118807013121],[-5.816416472343861,37.1828972263062],[-5.819812704333764,37.18546566484776],[-5.819818569809571,37.18547010044466],[-5.822279846695262,37.18808115989437],[-5.825266046428715,37.191250707416465],[-5.82663654489539,37.19270688197837],[-5.828838297661764,37.19415075979336],[-5.831062780925314,37.19560954181689],[-5.831071949888418,37.1956215802404],[-5.832793703337477,37.197882082131294],[-5.834536104875858,37.200111986005865],[-5.835172740547753,37.20081871776333],[-5.835180996069648,37.20082788214127],[-5.835986812232392,37.20265221391387],[-5.835988267048901,37.202659857831684],[-5.8366174207330275,37.205965419363736],[-5.837233816535303,37.20919881516214],[-5.837766039557776,37.211990553381916],[-5.8383271556398535,37.21493783804238],[-5.838913274184388,37.218011809171266],[-5.839477164611864,37.220974093671956],[-5.840057713123016,37.224018595300095],[-5.840667288202932,37.22721688070614],[-5.840667188547942,37.22722349353235],[-5.840631060522698,37.2296207717665],[-5.840594934539401,37.232092476555614],[-5.840547686206111,37.23538193521916],[-5.840500518460798,37.238823856820346],[-5.8409140517153,37.2418511931323],[-5.84247550468268,37.243321620374815],[-5.842477442745945,37.24332344540932],[-5.84284187617175,37.243759127009],[-5.842978049458093,37.24382632874916],[-5.84298284466804,37.243828695188064]]]},"properties":{"id_dera":11010400001410,"ident":572,"nombre":"DRODRIGO_PALACIOS","tension_kV":66}},{"type":"Feature","geometry":{"bbox":[-5.884010069242681,37.40707035585785,-5.883933738825526,37.40712883242932],"type":"LineString","coordinates":[[-5.883933738825526,37.40712883242932],[-5.884010069242681,37.40707035585785]]},"properties":{"id_dera":11010400000885,"ident":631,"nombre":"EADSCASA_RESERVA_01","tension_kV":132}},{"type":"Feature","geometry":{"bbox":[-5.982707517002678,37.39426486186041,-5.9826141405339115,37.39431546214918],"type":"LineString","coordinates":[[-5.982709428436712,37.394313056458884],[-5.982612229160715,37.394267267546525]]},"properties":{"id_dera":11010400001104,"ident":673,"nombre":"OSARIO_RESERVA_03","tension_kV":66}},{"type":"Feature","geometry":{"bbox":[-6.054066074505346,37.42425274311232,-5.946602279263443,37.47266574704435],"type":"MultiLineString","coordinates":[[[-5.9465052821427955,37.47019693164059],[-5.948557604980101,37.468173053162204],[-5.9508063785309755,37.46598612680143],[-5.953026583781675,37.46382680557102],[-5.955133015571804,37.461777992140206],[-5.957141949372776,37.45970347970304],[-5.9594023347277245,37.458839338093625],[-5.959435417171086,37.458826690261894],[-5.9602653491377104,37.45736527218243],[-5.961428690053832,37.455487994265496],[-5.962712875818875,37.454139380105254],[-5.964577130131981,37.452298229750454],[-5.966868137378233,37.45016966920836],[-5.96935979525628,37.44955681039169],[-5.972078377229807,37.44888155131314],[-5.975364425494814,37.44806358636077],[-5.97827127699681,37.448098609018786],[-5.9811074280016365,37.449365464013844],[-5.9811277960704,37.449374561644554],[-5.984743563432815,37.44956533370636],[-5.988127066553928,37.4497045725953],[-5.992038594082801,37.449865518298274],[-5.995404522101674,37.4504778569271],[-5.998940210699314,37.45112097441831],[-6.001055368902075,37.45165638370458],[-6.004276466989577,37.45247164346596],[-6.007335586014407,37.45324582287759],[-6.011303313854537,37.45424978234963],[-6.0139667449704435,37.454923640812076],[-6.017125242236237,37.45572262536412],[-6.017132284081687,37.45572353365312],[-6.01895120339575,37.45595813133496],[-6.019172588744758,37.4559866828189],[-6.0191870301800385,37.45598527824349],[-6.021733585355874,37.45573757174723],[-6.0217420192706435,37.45573556806882],[-6.024751454398804,37.45502055959535],[-6.028188233705669,37.45420390834915],[-6.031474318113133,37.453422967038996],[-6.034788358521575,37.45263526091405],[-6.037757688998307,37.4519434307236],[-6.040680910483544,37.45126031809134],[-6.04317821727901,37.45067786800111],[-6.045098074629768,37.45023173911944],[-6.048133620168457,37.44952470685248],[-6.050805344348018,37.44890465404736],[-6.050825923516425,37.44888285659166],[-6.053368510494084,37.446189623200425],[-6.054892550815299,37.444571241403395],[-6.054887881684218,37.444539180552276],[-6.054554339827952,37.442248825074685],[-6.054113268619219,37.43927392067258],[-6.053668455347217,37.43627177263784],[-6.053361388143424,37.43408731179596],[-6.053057001167466,37.43204547132567],[-6.05305483693446,37.43203095315926],[-6.051826698625598,37.430118277209594],[-6.050531169417996,37.42810052844093],[-6.049186837241195,37.42600661101474],[-6.049170623192599,37.42598135537821],[-6.048627558463512,37.42513543322491],[-6.048620203807813,37.42512397686189],[-6.047945729769708,37.42458176861731],[-6.0479027962935685,37.42458211437422],[-6.04607371167056,37.42459683014954],[-6.043574494927108,37.42461690312596],[-6.040530568073132,37.424641284352205],[-6.039935073205919,37.42461768376187],[-6.039929431365359,37.42461746015066]],[[-5.9465052821427955,37.47019693164059],[-5.949266141243922,37.472153295609786],[-5.949876953558779,37.472580889875644],[-5.94988120044064,37.472583862843145]]]},"properties":{"id_dera":11010400001587,"ident":657,"nombre":"RINCONAD_SANTIPON","tension_kV":132}},{"type":"Feature","geometry":{"bbox":[-5.88610738106265,37.34975991692466,-5.857316558518846,37.38638432399527],"type":"MultiLineString","coordinates":[[[-5.8849160807509735,37.359821081129205],[-5.884907033639422,37.3598151010863],[-5.884371012684971,37.35946079409851],[-5.88430592005133,37.359417767822876],[-5.885018563639526,37.358409886534176],[-5.886316077714137,37.35658120193798],[-5.88636606277541,37.356510752149305]],[[-5.88636606277541,37.356510752149305],[-5.885612064349726,37.35617367053113],[-5.883472378341051,37.355202793336886],[-5.883467471997063,37.355200567022386]],[[-5.883467471997063,37.355200567022386],[-5.881042310763248,37.35414802183502],[-5.881037352684413,37.354145869896335]],[[-5.881037352684413,37.354145869896335],[-5.8810326658070995,37.35414336036714],[-5.87872361678649,37.35290696636799],[-5.876064595534394,37.35148307386355],[-5.873984248088244,37.35036897924962],[-5.873968539044091,37.350360566274425]],[[-5.868164927698006,37.353105855942516],[-5.8681672915670315,37.353101765151706],[-5.868207359652562,37.35303242529694],[-5.869823722514067,37.3502351092779],[-5.869841706976236,37.35020398364345],[-5.87213340142384,37.35010030123105],[-5.8721452696892875,37.350101984523064],[-5.873945055125669,37.35035723590103],[-5.873968539044091,37.350360566274425]],[[-5.866261599412695,37.354027147348035],[-5.866754973382004,37.353558173335124],[-5.866778289300443,37.35355069370191],[-5.868159682069585,37.35310753879633],[-5.868164927698006,37.353105855942516]],[[-5.864291174072707,37.356716748286765],[-5.864296745333562,37.35671602759007],[-5.8643613686824985,37.35670766791238],[-5.8658223646018985,37.35651866357326],[-5.865911638906834,37.35650711383044],[-5.866114952927365,37.35506636573657],[-5.866255301623388,37.35407177757358],[-5.866261599412695,37.354027147348035]],[[-5.85731647631459,37.38638215956806],[-5.857361160822086,37.386381259519545],[-5.857871644415653,37.38637089956575],[-5.857880783025399,37.386370678595426],[-5.857962527214478,37.3855016067392],[-5.8580800273837985,37.38425367314204],[-5.858227773493654,37.382826867207505],[-5.858301147608488,37.382118206774216],[-5.85857744683564,37.379663689331444],[-5.858811422369746,37.37749258859601],[-5.858812818674112,37.377486069040486],[-5.8593162983242895,37.37513517173693],[-5.859826459637833,37.37272139819119],[-5.860453325346593,37.3697840719634],[-5.86103718324461,37.367032321613124],[-5.86161360129467,37.364355239527086],[-5.861591741099543,37.36426991393382],[-5.860856661603678,37.36140060674878],[-5.860851242414619,37.36137945267017],[-5.861547973467159,37.35970668131433],[-5.861553103195403,37.35969436513342],[-5.861584374813835,37.35966035934077],[-5.86426958544517,37.35674022681238],[-5.864287833668137,37.35672038111617],[-5.864291174072707,37.356716748286765]]]},"properties":{"id_dera":11010400001284,"ident":629,"nombre":"ALCORES_ARGON","tension_kV":66}},{"type":"Feature","geometry":{"bbox":[-6.943105535783142,37.21690265594852,-6.040646771192644,37.44202188848351],"type":"LineString","coordinates":[[-6.039970710842468,37.42532322712205],[-6.040549580195484,37.42525111787797],[-6.043788564506274,37.42494861731503],[-6.047703630530233,37.42487858328334],[-6.052091365286195,37.4244601813728],[-6.057745431016567,37.42393107732016],[-6.0620163427938545,37.42353218164423],[-6.06762700189161,37.423009048864515],[-6.071643280631843,37.422640927376946],[-6.076412941955336,37.42215411417152],[-6.080800804977516,37.421708785406025],[-6.085321664666858,37.42185423265022],[-6.088428369188225,37.421959455613596],[-6.095328664324203,37.42218598598958],[-6.100187389798169,37.42234858609796],[-6.104293843298498,37.42248408804909],[-6.108567526257082,37.42262000055836],[-6.1136302276034495,37.422791182310355],[-6.116714800936652,37.42320574472594],[-6.11995183607391,37.423642688137015],[-6.125133145583396,37.424338330421605],[-6.130155107428905,37.42501165751184],[-6.134998980219942,37.425660482864096],[-6.13983227840759,37.426311191053394],[-6.144885499456295,37.42698854939296],[-6.155770156783819,37.42844732974398],[-6.158071568541647,37.4287555828963],[-6.163050730611907,37.42942431507416],[-6.165438294575364,37.42974606369926],[-6.169517547061664,37.4302997034987],[-6.175008034214047,37.4310403373345],[-6.1799590186467785,37.43171198926483],[-6.184636929723225,37.432355476230015],[-6.189678182140483,37.43304969018304],[-6.193895683516139,37.433628837358064],[-6.198654086122934,37.43420705596868],[-6.20350870997578,37.43479580520008],[-6.206356479203342,37.43514162310365],[-6.209451294965605,37.43551705831159],[-6.214250558660699,37.43609965764786],[-6.218977604604381,37.43667501883282],[-6.223144023621623,37.43718143148143],[-6.228185326173524,37.43702902328678],[-6.232514161076042,37.43679733798507],[-6.237190331853345,37.43655065611802],[-6.241001581341357,37.43634735521961],[-6.244306349697517,37.43617208416996],[-6.2488692770153085,37.43593210675653],[-6.25361639563433,37.43568552482341],[-6.258246021728989,37.435442805514235],[-6.263182722269071,37.43518718444355],[-6.26826240919383,37.434920821868566],[-6.2726282306768315,37.4346941203842],[-6.276968318517792,37.43446878343561],[-6.282060842270356,37.43420408325107],[-6.287230437375285,37.433935486693414],[-6.291830457975326,37.4336959698091],[-6.296508370797408,37.43345571985702],[-6.301003466340571,37.43322381987547],[-6.305666076166007,37.4329839958312],[-6.310391507538206,37.43268357232898],[-6.315087838360198,37.432390353722056],[-6.319820330069713,37.432100797506955],[-6.3246451420933605,37.431804848894785],[-6.32918187995311,37.43152583475212],[-6.333964805670941,37.43122996554608],[-6.3380371118979655,37.4309763381539],[-6.339948193067536,37.430857334326255],[-6.3437168216750885,37.43070904651491],[-6.349564849453437,37.43048040402522],[-6.354484428211647,37.4302858705728],[-6.357481468819632,37.43016825079556],[-6.362221884885615,37.42998038178264],[-6.367014750386149,37.429793799985084],[-6.370019352802672,37.42968717846288],[-6.373309671950095,37.42956817361702],[-6.379502052378031,37.42934703818791],[-6.38247819462948,37.42924163565557],[-6.386957100247935,37.42908035531173],[-6.392019262769264,37.42889881726726],[-6.396316685274946,37.42874518835444],[-6.401139448566106,37.42856978378953],[-6.405329911181837,37.428417826329586],[-6.409800055532576,37.42825548146271],[-6.412268822755429,37.42816722106132],[-6.417519741960865,37.42797625019669],[-6.423068453214651,37.42776857338065],[-6.426050137493702,37.42765938753953],[-6.431831381835301,37.42743896598971],[-6.437702196880341,37.427238896729314],[-6.443331039028195,37.427022708860186],[-6.44900556810173,37.42680599862381],[-6.453728450869522,37.42662244311494],[-6.4571421224279435,37.42649100413392],[-6.459827869971859,37.42638800736634],[-6.464765803869128,37.42619518484561],[-6.470148351829137,37.425990169556826],[-6.474466070605003,37.42582525856726],[-6.478016222674642,37.42520341288236],[-6.481039229349753,37.42467457480258],[-6.484798823819248,37.424016348760055],[-6.488920237644842,37.42329388838359],[-6.492875466178973,37.42260196771211],[-6.496529214040999,37.421960557943066],[-6.499972388466069,37.42135906328164],[-6.503200391455341,37.4207954761618],[-6.506142883728595,37.420270371009735],[-6.510115376683249,37.41958042756447],[-6.514946209403899,37.418732456748515],[-6.5200191004565555,37.41783860246689],[-6.525291716918436,37.41691190264002],[-6.529958802862569,37.41609154384252],[-6.5348313739664645,37.41523088696178],[-6.53946922126678,37.414410760494036],[-6.543987838102221,37.41361295156143],[-6.548319390191751,37.41285023413772],[-6.553242193130873,37.41198163710922],[-6.557675564596253,37.411200468996554],[-6.56254830151675,37.41033840132448],[-6.566850601587629,37.4095793144577],[-6.571595754838005,37.408734604564984],[-6.576998661230472,37.40778554646529],[-6.580582139505659,37.40715188218016],[-6.5843222956582075,37.406496598341285],[-6.587957901636996,37.40585284210926],[-6.5915526067589925,37.40521949702369],[-6.594436894510636,37.40470875449562],[-6.598960299398557,37.40390934468971],[-6.602608202082007,37.403261432461576],[-6.6075192754167364,37.40239491284241],[-6.612476329320545,37.40151489165728],[-6.6164509555200155,37.40080926095679],[-6.620346206147077,37.39951007245577],[-6.625465988548884,37.39780415752072],[-6.6297861140957774,37.39636576146296],[-6.634187661150466,37.39489830807036],[-6.638724336247866,37.393384907640396],[-6.6435310186943894,37.39192498785757],[-6.648514134845749,37.39028897414828],[-6.652618742469072,37.38897164068271],[-6.656620828892613,37.38767121554486],[-6.660640835793316,37.386361453175496],[-6.665734465770439,37.38470130036861],[-6.670324294806199,37.38320442711885],[-6.67430573731389,37.381907928040285],[-6.678231276240114,37.38062078585781],[-6.681605288823525,37.379526834678245],[-6.683818190128146,37.378832972402556],[-6.686004948842143,37.37810177624668],[-6.688846559300947,37.37715018204466],[-6.693027401315982,37.3757529625161],[-6.696484566050406,37.37459365221189],[-6.701986061828574,37.37275145222971],[-6.706035737931595,37.37139870164833],[-6.715275057892031,37.36830325132784],[-6.718734851802086,37.36714511128376],[-6.7216392205019355,37.366251755824095],[-6.727449685087583,37.364456401129665],[-6.731167120325247,37.36330742932296],[-6.734391735950562,37.36230752500204],[-6.740082599556893,37.36055948376828],[-6.74493443387937,37.35904290785144],[-6.749894738407709,37.3575035041239],[-6.754087886880853,37.356208632474086],[-6.758511975619351,37.35483852222618],[-6.762809709504355,37.35350182203575],[-6.767412268771618,37.35207398727636],[-6.771670193543891,37.350780310928045],[-6.776059874461496,37.34943695781901],[-6.780298609959921,37.348144760529934],[-6.784934649942287,37.34672752508111],[-6.788931210329302,37.345506023281004],[-6.792943093563733,37.34428227423769],[-6.7985911922285975,37.34255607790623],[-6.803094616742905,37.34098673790714],[-6.807857414621724,37.33932716114482],[-6.812146291770246,37.33783781836204],[-6.81649897759081,37.336322028462355],[-6.8199205446571005,37.335127529152345],[-6.824494834694733,37.3335341986598],[-6.828742587952534,37.3320502813926],[-6.832812161109775,37.33063532426705],[-6.837770724581825,37.328905334957696],[-6.841925048745856,37.32745578749829],[-6.846812994549312,37.3257451984851],[-6.851823730574533,37.3240005013157],[-6.856008931333444,37.32253910163963],[-6.860695272737782,37.320900022318334],[-6.864896682322708,37.31943382146482],[-6.868884703961018,37.31803932245858],[-6.873039535482296,37.31658616459762],[-6.87746833911594,37.31503550044358],[-6.882108958184504,37.313409700392654],[-6.885821617515125,37.3121142238577],[-6.888002678583327,37.31022376562752],[-6.889399088546454,37.308952935845845],[-6.892043547579182,37.30671861710853],[-6.895306067548658,37.30389489898256],[-6.8984135037366405,37.301197374497754],[-6.901602771528158,37.29843148927312],[-6.902473343118261,37.29459895236395],[-6.903189204974756,37.29143867936034],[-6.903893579991654,37.288321032709966],[-6.904771839458081,37.28444462476583],[-6.9062771444254265,37.28064171752791],[-6.907738352416369,37.276945558627986],[-6.908585023832539,37.27467420483869],[-6.909195256831526,37.27303574951843],[-6.909744776966824,37.27073671246107],[-6.909923258875517,37.26997243654365],[-6.910261119764602,37.26687223401287],[-6.912915615815756,37.26370392957891],[-6.914678653558066,37.26204556553463],[-6.916576509286675,37.26024763967789],[-6.918286975312713,37.25862633831865],[-6.918955831766791,37.25798751182161],[-6.920150074848128,37.25685440642001],[-6.92121645005229,37.255612541482826],[-6.921727891692044,37.25503445873549],[-6.922095698730215,37.254597109732146],[-6.922714976698055,37.25388138997393],[-6.924106990394468,37.25226866082935],[-6.924735265680721,37.24886769648565],[-6.924996976374754,37.24744951233536],[-6.925498233939663,37.244740273376244],[-6.926227203062534,37.240804988060475],[-6.926535379746174,37.23906784954187],[-6.926975875585488,37.23671843319514],[-6.928136408265792,37.23521515932077],[-6.929699990607916,37.23322514801161],[-6.930858776643427,37.23174266446709],[-6.932416046489914,37.229726018756445],[-6.934200172201601,37.226092551678526],[-6.93588926733172,37.22260109967629],[-6.937905369255714,37.218277835774295],[-6.940833070121602,37.21715712432904],[-6.942452296547468,37.217210068870756],[-6.942668132495883,37.21721627878199],[-6.942661659914288,37.217275861750196],[-6.942814008546214,37.2170859045301],[-6.942818301367505,37.21707640086272],[-6.9428230208440285,37.21707187458338],[-6.942828017167891,37.21706884266962],[-6.942939838636197,37.2170277431327],[-6.943060972578015,37.21693768531086],[-6.943105535783142,37.21690265594852]]},"properties":{"id_dera":11010400001707,"ident":809,"nombre":"CRISTOBAL COLON - SANTIPONCE 1","tension_kV":220}},{"type":"Feature","geometry":{"bbox":[-6.230036742696309,37.50971580812463,-6.185753955171749,37.53754206482125],"type":"MultiLineString","coordinates":[[[-6.227426341851056,37.511856966729376],[-6.227440720656935,37.51185209692678],[-6.2300901872910845,37.51095473706742],[-6.229507943454398,37.51003444797523],[-6.229500664430137,37.51002294265673]],[[-6.229500664430137,37.51002294265673],[-6.229420464825144,37.50988368236128],[-6.2293372409978085,37.50973911381473],[-6.229334883626082,37.509735018802914]],[[-6.224460548279286,37.512848475386264],[-6.224495992933588,37.51283662747816],[-6.225968712341384,37.51234433620723],[-6.227421127224337,37.51185871032261],[-6.227426341851056,37.511856966729376]],[[-6.2174337513246964,37.52067655343686],[-6.217437257938587,37.52067301871007],[-6.220110920136171,37.51797779383158],[-6.223319139278569,37.51473937872709],[-6.224443749036467,37.512876306451396],[-6.224460548279286,37.512848475386264]],[[-6.2174337513246964,37.52067655343686],[-6.217429801240731,37.52067977778299],[-6.214536948904036,37.52304102434873],[-6.211112003569873,37.52561900617509],[-6.207318090972267,37.52841775077519],[-6.204717313213203,37.53038579639221],[-6.201327507743998,37.532917408334626],[-6.196879200066335,37.53628209864725],[-6.195516992367534,37.53727796738729]],[[-6.195517040066168,37.53727800864829],[-6.194026000066004,37.53602067864697],[-6.194722049067081,37.53485735321885],[-6.194723380066084,37.53485512864572],[-6.193363816702204,37.53306391679591],[-6.1933608200659265,37.53305996864381],[-6.190785900065628,37.53226871864299],[-6.190205109901236,37.53180814727956],[-6.1900992500655505,37.5317241986424],[-6.188053304369947,37.53007622806263],[-6.188050040065314,37.53007359864062],[-6.185936705505732,37.53002059536768],[-6.185430817144885,37.5299528697356]]]},"properties":{"id_dera":11010400001307,"ident":775,"nombre":"AZNALCOL|BERROCAL","tension_kV":132}},{"type":"Feature","geometry":{"bbox":[-5.959634624717371,37.38665369598923,-5.93015672458406,37.39689254677693],"type":"MultiLineString","coordinates":[[[-5.958305342511782,37.387680688993356],[-5.958708798287981,37.38761363610398],[-5.959602534665509,37.38765670600411],[-5.95962667419458,37.38769020632426],[-5.959607763759505,37.38789336176886],[-5.95960425603406,37.38801983073321],[-5.959690047933614,37.38806238375046]],[[-5.958305342511782,37.387680688993356],[-5.958273951308937,37.38763189885389],[-5.957472294011792,37.387510034567256],[-5.955291690389396,37.387413555569175],[-5.952894849447887,37.38730955301175],[-5.950352415880662,37.38720084585175],[-5.950290561918001,37.38725489360179],[-5.950262121960244,37.38725302640962],[-5.949497657879101,37.38720300197065],[-5.949304201881249,37.38719309666974],[-5.948132414564404,37.38713057289285],[-5.9457050106035725,37.38700180356824],[-5.945673641359768,37.387342108914105],[-5.945664479291898,37.387466402430434],[-5.945619949585063,37.38800277217064],[-5.945614688826531,37.3880761047305],[-5.945589965958246,37.38838823249836],[-5.945571442771842,37.38862216565328],[-5.945548036588175,37.3889064811554],[-5.94496939641866,37.38887650362118],[-5.944856961899855,37.38887092490587],[-5.944632653457358,37.38885966308275],[-5.944537085871185,37.38885483526417],[-5.944288725528402,37.38884245990865],[-5.9442081633754045,37.38883842944025],[-5.943883729332462,37.388822154198905],[-5.943642710950024,37.38888344488597],[-5.943543776889158,37.38890861503331],[-5.943424801801736,37.38893878938995],[-5.943266782583905,37.388978946316975],[-5.943128375476964,37.389014109476136],[-5.943043616147985,37.389035592394656],[-5.942678647313849,37.38912838627216],[-5.942456574987479,37.38918473370032],[-5.942308863970942,37.38922226299835],[-5.94220838008564,37.38924854286879],[-5.941760166084627,37.390350719700685],[-5.941577394698695,37.39047077403972],[-5.94140075943324,37.390595279794844],[-5.941261842525855,37.39069233780785],[-5.941127053369992,37.390786085211055],[-5.941116243823002,37.390793256229266],[-5.941105245669221,37.390800224697074],[-5.941094030715836,37.390806847147594],[-5.941082583082793,37.39081329517569],[-5.941070896086105,37.390819397747784],[-5.9410589658313055,37.3908253441817],[-5.941046942176702,37.390830923506506],[-5.94103463789995,37.39083625751752],[-5.941022157002544,37.390841406700616],[-5.941009557679021,37.390846126323424],[-5.9409969259398725,37.390850594456836],[-5.940964887915636,37.390859564111636],[-5.940932078631628,37.39086671479904],[-5.940898742778711,37.390871950325156],[-5.940864995994575,37.39087533989685],[-5.940831094604312,37.39087679604185],[-5.940797204676426,37.39087623353385],[-5.940763332545036,37.39087381440466],[-5.940729839943969,37.39086954767616],[-5.940696734288438,37.39086333404814],[-5.940680596693699,37.39085929332153],[-5.940586610472936,37.39092101080381],[-5.940580675105171,37.39092402380388],[-5.940574765115061,37.3909271082566],[-5.9405690017921575,37.39093018906043],[-5.940563323774563,37.39093342993142],[-5.940557602386613,37.39093671693361],[-5.940551947284051,37.39093996624453],[-5.940546524506191,37.39094338097594],[-5.940540933902741,37.390946835923934],[-5.940535514641135,37.390950340672546],[-5.940530178574508,37.39095395147764],[-5.940524776573243,37.39095760897545],[-5.940440444462331,37.3910262315358],[-5.940438337812192,37.39105295510316],[-5.940435667843323,37.391075088303474],[-5.9404318654378985,37.391097141547014],[-5.940427157644801,37.39111914522821],[-5.940421299448714,37.39114089819944],[-5.940414523525756,37.391162574883275],[-5.940406707205954,37.391183926036305],[-5.940397981274688,37.391205119604905],[-5.94038821388972,37.39122596063704],[-5.940377511162064,37.391246563629764],[-5.940365790247025,37.391266831527794],[-5.940353254223233,37.39128675927911],[-5.940339684859719,37.39130625319623],[-5.940325299682915,37.391325388962834],[-5.9403101039956265,37.391344013267535],[-5.9402939694450945,37.391362309513376],[-5.940276918623171,37.391379988801205],[-5.940259172221745,37.39139720783032],[-5.9402406946357145,37.39141392243384],[-5.940221300777504,37.39143002007806],[-5.940201310417338,37.391445591924565],[-5.940180274377065,37.391460703208985],[-5.940179780041908,37.39146105790479],[-5.940045169712519,37.39155482669399],[-5.939723759579373,37.39177699171354],[-5.9392569634756045,37.392102805992906],[-5.9388115049825565,37.39240946322281],[-5.938794420462862,37.39242079972884],[-5.938777493188017,37.392432114301855],[-5.93876058351798,37.392443590624474],[-5.9387437796023015,37.39245517244188],[-5.938727087802119,37.39246673344858],[-5.938710527484826,37.39247848040521],[-5.938694083501319,37.39249031457291],[-5.938677632096999,37.39250224803861],[-5.938661416914232,37.392514157608325],[-5.938645209108282,37.39252625621366],[-5.938629106002084,37.392538433308786],[-5.938613119932728,37.39255071561857],[-5.938597245979036,37.39256297711798],[-5.938581514438926,37.39257541528541],[-5.93856587701934,37.39258795022702],[-5.938550352418481,37.392600482361836],[-5.93853484577343,37.39261318524845],[-5.938519557355268,37.39262598182378],[-5.938504268580352,37.39263876939557],[-5.938489224112212,37.3926517401135],[-5.9384741683564455,37.39266471111],[-5.938460703552852,37.392676489207126],[-5.938406093091582,37.39272836880557],[-5.938355428873252,37.392780663883514],[-5.938307527516016,37.39283459325228],[-5.938262386211397,37.39289008490075],[-5.938220248607874,37.392947015638605],[-5.93818107453638,37.39300522427788],[-5.938144988109477,37.393064707736336],[-5.938111895558692,37.3931253782424],[-5.93808207898784,37.393186940449276],[-5.93805536561636,37.39324959688565],[-5.938032099270276,37.39331289749133],[-5.938012313958831,37.39337279569487],[-5.937999549963853,37.39342335566833],[-5.937981875570669,37.393510710549215],[-5.937971299581186,37.39357016359319],[-5.937950254847701,37.39376124136109],[-5.937896461591778,37.39426653733873],[-5.937853924256246,37.39467252779379],[-5.937798362163787,37.395184030857315],[-5.937683820796946,37.3967056202249],[-5.937416499611722,37.39669625206238],[-5.937308618395029,37.39669390511186],[-5.93718241431119,37.39668103854795],[-5.934664386027934,37.39661431748732],[-5.933195437334128,37.39658680430645],[-5.9331948462577815,37.39645314765092],[-5.933204953276937,37.39632854241239],[-5.933211812720969,37.396237095445585],[-5.933216851179754,37.39612587949348],[-5.933226291900777,37.39600996793184],[-5.933228910623526,37.39591142677674],[-5.933229226869618,37.39580568026392],[-5.933227047084073,37.39573237956433],[-5.933216620581116,37.39565351676447],[-5.933203283441601,37.39556546335696],[-5.933184853845763,37.39549279115769],[-5.933203182826211,37.3954154133541],[-5.933222448340389,37.395373360650545],[-5.933241475020328,37.395305480656376],[-5.933243966658419,37.3952210621611],[-5.933238783412126,37.39514111412631],[-5.933233645825548,37.3950527761454],[-5.933225718975845,37.39498124896113],[-5.9332131840985145,37.394902762850855],[-5.933202875708347,37.394832430089046],[-5.93319336141869,37.394774935659605],[-5.933183320027371,37.39473434005996],[-5.933183224452617,37.39466698864829],[-5.933185090488388,37.39459867849482],[-5.933191613527064,37.39451685410545],[-5.933192816050451,37.394437026924535],[-5.93318999002702,37.394358732386465],[-5.933168235097746,37.3943018570672],[-5.933134550498428,37.394250972431244],[-5.933110248290676,37.39420871233068],[-5.933108141052814,37.39415957608023],[-5.9331177901246965,37.39410956242257],[-5.9331114678695185,37.39404877200812],[-5.933093671945388,37.393989735017556],[-5.933068577567906,37.393892088747236],[-5.933063736189941,37.393805545498154],[-5.933058908817712,37.393725156099556],[-5.933057591349263,37.393644994975865],[-5.933054612424034,37.39355987422749],[-5.933046796946727,37.393463087701285],[-5.933047793209026,37.39335854971186],[-5.933051086591633,37.39325181021314],[-5.933052179946951,37.39317613057666],[-5.9330510108573,37.39308181020438],[-5.9330607467052285,37.39297230679654],[-5.93306918444227,37.39290657276757],[-5.933071357216559,37.39288524496444],[-5.933076338486704,37.39285165620931],[-5.933082188835128,37.392816315865176],[-5.933089064014032,37.39277597627185],[-5.933096289961477,37.39273768237779],[-5.933107873417148,37.39269181061795],[-5.933117304156112,37.39266749142742],[-5.9331253620094495,37.392654018953124],[-5.933128401226239,37.39264651885179],[-5.933147142883218,37.39261595858726],[-5.9331638481483715,37.392586755379824],[-5.933179521611087,37.39255281119689],[-5.933193696240801,37.392522715663866],[-5.933200530416859,37.39249552346233],[-5.933205292797001,37.39246124632159],[-5.933207133538654,37.392416913830246],[-5.933207736192844,37.39235878087888],[-5.933201945394237,37.39233161362095],[-5.933197314614697,37.39229306429411],[-5.933193322935646,37.392257004038846],[-5.933191591960779,37.39222650125335],[-5.93319244163896,37.39220252113702],[-5.933207112104128,37.39215849201049],[-5.933223937524666,37.392130925732225],[-5.933251786671033,37.39209296706189],[-5.93327379608649,37.392055270435065],[-5.933298464281963,37.392019147745025],[-5.933344838781738,37.39193871318385],[-5.93336834207711,37.39189849255908],[-5.933386654956069,37.39186678954976],[-5.933405860040977,37.39183769547503],[-5.933422096105245,37.39180863002429],[-5.933437810228494,37.39178210948646],[-5.933452189707422,37.39175263957823],[-5.933461560475225,37.39171606751187],[-5.933460545494331,37.391683654747546],[-5.933459493700025,37.39165956863792],[-5.933458055636903,37.3916403487963],[-5.933456642622549,37.391619164034786],[-5.933453581611665,37.39159655145205],[-5.933449295340437,37.39157814115674],[-5.93344361738302,37.39155647654971],[-5.933435813070036,37.391532990517376],[-5.933425751899199,37.39151360622466],[-5.933418994221444,37.391505961783245],[-5.933412675772274,37.39149683772304],[-5.93339967306437,37.39148340129874],[-5.933385646372348,37.39147063904292],[-5.933367129616649,37.3914527801154],[-5.933343873904472,37.391439084517685],[-5.93332210308618,37.39142610895277],[-5.933299316324769,37.391416041968164],[-5.933272351676413,37.39140570020974],[-5.9332443265351,37.39139335738833],[-5.933218283923687,37.39138088427012],[-5.933188670367119,37.39137095963401],[-5.933159915488003,37.39136017570279],[-5.933135286269003,37.39135180333348],[-5.933109690492321,37.39134065266349],[-5.933092862532539,37.39133251020466],[-5.933082524809898,37.39132544114476],[-5.93038609155512,37.39135013792569],[-5.929907567911092,37.39049706563826],[-5.929963905199197,37.39036314913363],[-5.930316705921406,37.39021814988377],[-5.930605780858704,37.3900602207645],[-5.93078679903032,37.39000757772473],[-5.930776639847222,37.3899761766133],[-5.930765560040867,37.38994015849035]]]},"properties":{"id_dera":11010400001639,"ident":643,"nombre":"CRUZCAMP_S_ELVIR2","tension_kV":66}},{"type":"Feature","geometry":{"bbox":[-5.98430239268841,37.38753739306353,-5.958402448891454,37.41712910779337],"type":"MultiLineString","coordinates":[[[-5.976827766943541,37.4149781981909],[-5.976869160768862,37.41490694616351],[-5.978637521687291,37.414965450060976],[-5.978645340759218,37.41496570868598],[-5.982114312735463,37.415295666532145],[-5.982121071970296,37.41529630934782],[-5.983616039120413,37.41552059537537],[-5.985279503121572,37.41571448500077],[-5.985349961933486,37.415722696984886],[-5.98543451308897,37.416054036210056],[-5.985428346447535,37.41607236930866],[-5.985300533821325,37.41645234738858],[-5.985213676648161,37.41644469880038],[-5.985116036696367,37.416436100609666],[-5.985110422417863,37.41643560621286]],[[-5.966421495980752,37.41071179357301],[-5.966528038290807,37.41107859263351],[-5.96673129417974,37.41144012532219],[-5.966740267660018,37.41187660952428],[-5.9667644901804815,37.411923946015214],[-5.969121160948951,37.41369614831863],[-5.969234786192517,37.41394090032959],[-5.9694241793889695,37.413975444904516],[-5.97138525568692,37.41483373552777],[-5.971408011066515,37.41484327305067],[-5.971460865806685,37.41481235371233],[-5.971641972016287,37.41562783941421],[-5.971657316781027,37.415689391273474],[-5.971707625501631,37.415717518164314],[-5.971790665271116,37.41572832378432],[-5.972948920215529,37.41553503737631],[-5.9738876653736535,37.41537834113217],[-5.974284822931154,37.415268726082836],[-5.974325145898959,37.41527600075323],[-5.974906344609238,37.41545186000122],[-5.974974376394701,37.41547079017245],[-5.975063505391993,37.41545419264004],[-5.976822416661229,37.4149796417358],[-5.976827766943541,37.4149781981909]],[[-5.963773619242282,37.40244513174436],[-5.963774704951318,37.40245032360876],[-5.964094544296566,37.40397976470381],[-5.964827370189922,37.40609199591221],[-5.96545745651589,37.407909274261485],[-5.9661621942369925,37.40998597780073],[-5.966497922835961,37.41066937308696],[-5.966426131619263,37.4107092205792],[-5.966421495980752,37.41071179357301]],[[-5.963773619242282,37.40244513174436],[-5.96377166145643,37.40244003179656],[-5.963286280651906,37.40117561329569],[-5.962820247616507,37.39996196380896],[-5.962814595497558,37.39995412296436],[-5.962052302262682,37.39889662191751],[-5.961569556704655,37.39771105368013],[-5.961560775722977,37.39768948822141],[-5.96031860196087,37.396827532169674],[-5.959239645187603,37.39613355857793],[-5.959235249167533,37.39613073105792]],[[-5.959596634277207,37.38815884618677],[-5.959592896255546,37.38816222224886],[-5.959522652494292,37.38822566409833],[-5.959502053720973,37.38880317556726],[-5.959167402951832,37.388980617433965],[-5.959148683818816,37.38914530222861],[-5.959145334669281,37.389727040223065],[-5.959024212483661,37.390025021673594],[-5.958944263463534,37.390232236894214],[-5.9588776769522305,37.39033239734181],[-5.958785206020082,37.3904038134496],[-5.958636294351505,37.39060051840423],[-5.958391401629918,37.39077220647611]],[[-5.958391401629918,37.39077220647611],[-5.958167753583841,37.39090922164545],[-5.9582085855378155,37.3909441786752],[-5.9582526674142215,37.39098883974804],[-5.958297038024193,37.39103797179061],[-5.958332483177669,37.391089300491835],[-5.9583546283940825,37.3911585234891],[-5.958369955959945,37.39128787290726],[-5.958333301330578,37.391501969446594],[-5.958177784954902,37.39191484761303],[-5.9577849498532975,37.392959830137386],[-5.957636064979976,37.393361125391614],[-5.957531352363196,37.393892426855686],[-5.957503631883908,37.394285932679715],[-5.957626123845973,37.39465808247341],[-5.957974333430281,37.39525722545037],[-5.958514088008974,37.39586949491765],[-5.9587559622347515,37.39611723887471],[-5.95894752623403,37.39616745249156],[-5.959092391216909,37.396258751340845],[-5.959162643873496,37.39618823356498],[-5.959235249167533,37.39613073105792]]]},"properties":{"id_dera":11010400001136,"ident":683,"nombre":"CRUZCAMP_EMPALME","tension_kV":66}},{"type":"Feature","geometry":{"bbox":[-6.088947128008458,37.39039414400021,-5.997399406015502,37.66771710298516],"type":"LineString","coordinates":[[-6.012620900819333,37.39236515750415],[-6.01502053423947,37.39296677483137],[-6.01836890865959,37.39384940107164],[-6.01981613790627,37.394226153189216],[-6.020032561497484,37.39764816643094],[-6.020154639029465,37.39956366286612],[-6.020404270995138,37.40347622904288],[-6.020597456986065,37.40649018685095],[-6.020779727698092,37.40934132241845],[-6.021006080019831,37.412895670410606],[-6.021225150423002,37.41632908434691],[-6.021392061397265,37.418966644693185],[-6.0227088845794094,37.42236763035365],[-6.023651007552976,37.424802698796704],[-6.024368260445195,37.426652799256594],[-6.0255474201315105,37.42969311298497],[-6.0266231336406895,37.43246555017005],[-6.0249055018642705,37.435640693961254],[-6.023871721453532,37.43754992373455],[-6.022754350802835,37.439613831245794],[-6.022076443329876,37.442588342739285],[-6.021229182846019,37.44619479847464],[-6.020448385343796,37.44948837049714],[-6.019639446807085,37.452894126554426],[-6.018924158783702,37.45600578634067],[-6.018215111083064,37.45911227325329],[-6.017519406710674,37.4621512585061],[-6.016855152491571,37.4650774012491],[-6.016053887507038,37.46861018106693],[-6.015201078219467,37.47237646161356],[-6.014411412660119,37.475885812842805],[-6.013832868802203,37.47844971859935],[-6.013176960674263,37.48135982279346],[-6.012432899675438,37.484667036394384],[-6.010785922090933,37.49191049174781],[-6.0100187138927765,37.4952928773702],[-6.009212491104492,37.49868777642775],[-6.008365652197413,37.5022418484768],[-6.007534180515443,37.50574069347088],[-6.00682108882867,37.50874282605387],[-6.006011891450232,37.51214420374087],[-6.005216924151658,37.51549870082013],[-6.0043841264723055,37.519010829396905],[-6.0035440129899245,37.52255375555773],[-6.003011774188993,37.526248477965034],[-6.002532735477595,37.529579624856915],[-6.002070039530434,37.53277548559802],[-6.001556357332407,37.53631928955803],[-6.001019622106526,37.54002442184212],[-6.000510116522901,37.543539666816635],[-5.999984931745264,37.54715417068841],[-5.9995565679108385,37.5501222010082],[-5.999087359471033,37.55334255756952],[-5.998585903562288,37.556807175198955],[-5.997995848987254,37.56085863419596],[-5.997603578554322,37.56355725553347],[-5.997081860723802,37.56716109458641],[-5.996542067608401,37.57087495436376],[-5.996006283136787,37.574563651995554],[-5.995502896887254,37.57801945319233],[-5.995065872447766,37.58104029320764],[-5.994460947030486,37.58520433191312],[-5.99416667356732,37.58724695485775],[-5.995108203536078,37.59067288548595],[-5.9957947899478885,37.593114513827494],[-5.996625498290958,37.596067010607804],[-5.997481689422083,37.59912520044218],[-5.998663263295602,37.60334743139944],[-5.999359417017969,37.60584875226502],[-6.00047339881433,37.60983019186781],[-6.001611024787484,37.61390503805843],[-6.002950831835753,37.618696463197324],[-6.004257768687431,37.623390087079834],[-6.005536551324675,37.625832114848535],[-6.006553549993895,37.62777578558984],[-6.009645515212335,37.6336801533321],[-6.01174014254413,37.637677716600734],[-6.013647556318961,37.64131900993483],[-6.015540674643602,37.64491990631388],[-6.016777582367288,37.64727299551143],[-6.018065251650797,37.649721522191825],[-6.020138338107953,37.65366388008941],[-6.021421598035023,37.656097935166514],[-6.023257407033298,37.65958210432753],[-6.0263521501277895,37.66545693388858],[-6.027602695651462,37.66694499482811],[-6.0293536564587376,37.66633410181774],[-6.031739522304207,37.66544137371297],[-6.03360938753992,37.66473217579508],[-6.039126736019992,37.66265192670227],[-6.041854997690182,37.661631773130914],[-6.044037621274322,37.660809551039726],[-6.050071013081578,37.658536885392294],[-6.0527670716249125,37.65752101057995],[-6.054671079184075,37.65680582392109],[-6.059612550116343,37.65494075390311],[-6.062514561902896,37.65384398762978],[-6.067050103018293,37.65203249715969],[-6.069836320113731,37.650916943270424],[-6.07139317000262,37.650288290605765],[-6.076179888513039,37.648373680776025],[-6.082763670014342,37.64573387830377],[-6.086166023396806,37.64428926804154],[-6.089237335162221,37.6430594792733],[-6.092894355555785,37.64167161416521],[-6.095768598221142,37.6399881267485],[-6.098114930335899,37.63855713886338],[-6.09915573640381,37.637437921351186],[-6.09873333534096,37.637223064517805]]},"properties":{"id_dera":11010400001662,"ident":695,"nombre":"CENTENARIO - GUILLENA","tension_kV":220}},{"type":"Feature","geometry":{"bbox":[-5.9648062120737615,37.23356562031371,-5.849061461707537,37.35176314427815],"type":"LineString","coordinates":[[-5.845013727042347,37.24445809961858],[-5.845211681321185,37.244478727035926],[-5.851866222102698,37.2431516022721],[-5.855781333345097,37.24249046652603],[-5.861805231493439,37.24151806904819],[-5.8679685530850705,37.24049359706223],[-5.873425045166614,37.23959996256709],[-5.878665996427656,37.238738265510975],[-5.884232981922944,37.23781729937678],[-5.889461993418201,37.23695073189349],[-5.896271578173038,37.23583890713639],[-5.900431042517149,37.23516113223025],[-5.9053944447619,37.23566958914996],[-5.909827310661577,37.236128077662705],[-5.9141501573845625,37.236590550642376],[-5.91916107021422,37.2371137454111],[-5.924750868729406,37.237697748442095],[-5.93016039338265,37.238280994842405],[-5.9338409105291126,37.24142712811109],[-5.937575135493527,37.24462758324562],[-5.940991178620512,37.24756811135719],[-5.94459108158347,37.25064668976914],[-5.948163902155489,37.25372267325257],[-5.951578530911302,37.25665741593546],[-5.954741634667381,37.259394511123254],[-5.95758579916566,37.26107126093042],[-5.96029660114776,37.262687390714504],[-5.963171913860674,37.264407463707684],[-5.964406957520872,37.26803597795068],[-5.965351694016426,37.27088637409542],[-5.966397263262941,37.27412025276101],[-5.962983429051809,37.27630882850737],[-5.959509803670011,37.27994811905413],[-5.957067646360394,37.28250584826957],[-5.954074253071892,37.285650100990765],[-5.951281173964937,37.28866660683093],[-5.949632834911321,37.28970909913364],[-5.945550191352504,37.29230666734469],[-5.942469804590504,37.294284361304356],[-5.9395095406851635,37.29624304197083],[-5.94087869255713,37.29852116964253],[-5.942276691300517,37.30081658435832],[-5.944849663475918,37.30333655789783],[-5.944411222184076,37.307221751132566],[-5.943456304731181,37.30960085321547],[-5.942465090686618,37.3120486130204],[-5.941990169702204,37.31385580400589],[-5.941753438344233,37.31485224224022],[-5.941484870792544,37.316049728825504],[-5.942150561236616,37.32004503086786],[-5.944997907477806,37.32343048641402],[-5.946873582686443,37.32566761301411],[-5.950485465986312,37.327460499507254],[-5.953098068081936,37.330724191378145],[-5.955631321718834,37.33388645008167],[-5.95762176981528,37.33637030016859],[-5.959481367034478,37.33869123138032],[-5.95752470642235,37.34178735636493],[-5.955975475465555,37.344228635794394],[-5.954415927216045,37.34669709643449],[-5.95316735848912,37.348670648309955],[-5.952712978702197,37.349219220348445]]},"properties":{"id_dera":11010400001430,"ident":611,"nombre":"DON RODRIGO - QUINTOS","tension_kV":220}},{"type":"Feature","geometry":{"bbox":[-6.111282270081137,37.55147926466582,-6.09088629375832,37.63478828799699],"type":"MultiLineString","coordinates":[[[-6.113871926605559,37.613619433834884],[-6.113868263405914,37.613615998314174],[-6.111977002747731,37.6118422277324],[-6.111430540759379,37.611361817802],[-6.109962840593761,37.61007146700692],[-6.109533052978345,37.60881347515719],[-6.109096705708655,37.60753628306555],[-6.107905854155883,37.604052248389955],[-6.1072513794359,37.602139284921435],[-6.10652132545988,37.600003868816756],[-6.105376465563379,37.59665545194981],[-6.104750027308771,37.594822372087776],[-6.103593865671629,37.59118960501932],[-6.101935798671682,37.585981018084496],[-6.100901259714895,37.58272893473445],[-6.099566793207573,37.578532181314195],[-6.098728285804821,37.57589877601797],[-6.097843574832252,37.573118631560746],[-6.097084780188811,37.570731073841685],[-6.09683031604283,37.56985395958426]],[[-6.098896155316115,37.6345779773499],[-6.098892305838462,37.6345746724417],[-6.098585659514354,37.63431140473832],[-6.098557677012484,37.63428738054819],[-6.098604711881874,37.63279103037029],[-6.098619653665955,37.63277226850961],[-6.100072272814825,37.63094821267725],[-6.101954270146602,37.62858496312256],[-6.104036203395609,37.62597117109808],[-6.10650689634863,37.622868224312484],[-6.108213549288463,37.62072654776761],[-6.110541617290932,37.61780234243451],[-6.112875769073327,37.614870724519],[-6.113871926605559,37.613619433834884]],[[-6.095374712169038,37.565551906427686],[-6.096030300414128,37.56815366112985],[-6.09683031604283,37.56985395958426]],[[-6.09071302981984,37.55201999885726],[-6.090714511329364,37.55202434669279],[-6.091121630240441,37.55321911221845],[-6.0921927446409025,37.55636547058341],[-6.093274089086612,37.55954326414539],[-6.094251444850845,37.56241301581955],[-6.095374712169038,37.565551906427686]],[[-6.09071302981984,37.55201999885726],[-6.090705253954982,37.55202116443228],[-6.087948468509799,37.55243436249723],[-6.087487171551658,37.552503499800295],[-6.087481610764954,37.55250433321662]]]},"properties":{"id_dera":11010400001204,"ident":725,"nombre":"GUILLENA_RUTPLATA","tension_kV":132}},{"type":"Feature","geometry":{"bbox":[-5.930218257216565,37.383696159667444,-5.857682888392216,37.39367266178435],"type":"MultiLineString","coordinates":[[[-5.930202675786111,37.38978961621479],[-5.930203798881095,37.38979403130222],[-5.930501356653178,37.39096376546748],[-5.929722310614445,37.391908279713995]],[[-5.929722310614445,37.391908279713995],[-5.926979235593095,37.39163978025431],[-5.923412646224899,37.39016975336646],[-5.92097386043571,37.390133358120686],[-5.917162560158232,37.390135837054395],[-5.913729669507988,37.390152473750724]],[[-5.862498550660797,37.386428718686595],[-5.865783335719689,37.38664467645633],[-5.868943283765846,37.3868039763687],[-5.872146320208046,37.386966424277965],[-5.875153245971934,37.387107217713215],[-5.8785956191898805,37.38712791361643],[-5.881596038476409,37.38729071370808],[-5.884667409598515,37.38731293334371],[-5.8883534030518,37.38781719604885],[-5.891974244621131,37.388323308212584],[-5.894992859695315,37.388715164677315],[-5.897550493701007,37.38910905528803],[-5.90092868767608,37.389734706402415],[-5.903953424528248,37.39029673435051],[-5.904004588826372,37.39030622472121],[-5.90560784721765,37.39060361014564],[-5.908407052902059,37.39026150993815],[-5.911452380250199,37.389888537050126],[-5.913729669507988,37.390152473750724]],[[-5.862498550660797,37.386428718686595],[-5.8611442869808545,37.38633481120701],[-5.859642325253262,37.386230648393784],[-5.859609898139122,37.386218024796186],[-5.857694612560564,37.38547242053716],[-5.857379210421914,37.38553281294093],[-5.857373720382683,37.38553386415144]]]},"properties":{"id_dera":11010400001047,"ident":618,"nombre":"ALCORES_S_ELVIRA_2","tension_kV":132}},{"type":"Feature","geometry":{"bbox":[-5.991062576534392,37.33689287529437,-5.952449812882665,37.35662056520683],"type":"MultiLineString","coordinates":[[[-5.990817500045784,37.33797655843363],[-5.990770245549027,37.33790094256666],[-5.990740219536328,37.337896594904265],[-5.9907008067881655,37.33690274747948],[-5.991056937596977,37.33689302918143],[-5.991062576534392,37.33689287529437]],[[-5.986302424066255,37.340020522377976],[-5.9868464096535545,37.33973851934218],[-5.98754519727378,37.33950906669052],[-5.988090147320905,37.339402162614206],[-5.988549052623737,37.339334369785334],[-5.988747216277239,37.33931611786993],[-5.988955809596698,37.33930568820389],[-5.989240017994471,37.3393004733709],[-5.9896337378849855,37.33931611786991],[-5.989758893876667,37.3393109030369],[-5.9898110422065205,37.339305688203886],[-5.989855368286924,37.33929265112139],[-5.989886657284844,37.339263969539964],[-5.989933590781723,37.33915706546363],[-5.990019635526001,37.33894586472738],[-5.990095250604316,37.33869555274383],[-5.990139576684697,37.33843741851074],[-5.990165650849646,37.33817015831987],[-5.990817504972987,37.337982424332154],[-5.990817504972973,37.33797655764504]],[[-5.984549800443151,37.340428781227644],[-5.984550447309223,37.34037098981737],[-5.984615668372933,37.34038732830569],[-5.9846904244862635,37.34040506595709],[-5.984866666991859,37.34042274641863],[-5.985062763358766,37.34037008527628],[-5.985188622564945,37.34030779897501],[-5.985311498411091,37.34025710323864],[-5.98544867906708,37.34024448479734],[-5.985584798979317,37.34026721398706],[-5.985787109942498,37.34028659553778],[-5.986003785596998,37.340277438248776],[-5.986090983977864,37.34022777790442],[-5.986178718747031,37.34016801223494],[-5.986248694416675,37.34009723374627],[-5.986297227202567,37.34003298877369],[-5.986302420002546,37.340020532136194]],[[-5.981803010270801,37.342224626798114],[-5.981824415870158,37.34221014565448],[-5.984297303395961,37.34053714416337],[-5.984544830427447,37.34043091419345],[-5.984549800443151,37.340428781227644]],[[-5.9799146676093695,37.34248546846819],[-5.97992022766942,37.34248470048939],[-5.981775909749086,37.342228370488606],[-5.981803010270801,37.342224626798114]],[[-5.9799146676093695,37.34248546846819],[-5.979911855411234,37.34248579074449],[-5.97956340220102,37.34252572274444],[-5.979308497003698,37.34240126931402],[-5.978846868755381,37.34233437470924],[-5.978367586720768,37.342330239410224],[-5.977839657318718,37.34241138610612],[-5.977006421854926,37.3425832768056],[-5.976361746442836,37.34311434797639],[-5.975864087698873,37.34387860972181],[-5.975821708164547,37.34400325502926],[-5.97569911914024,37.34411387146088],[-5.974047062813687,37.34434858765496],[-5.974041507291281,37.344349376915524]],[[-5.969487186965988,37.34556122867388],[-5.971838553075951,37.34493178463908],[-5.974036150573183,37.34435079316255],[-5.974041507291281,37.344349376915524]],[[-5.968797645240808,37.35387070687265],[-5.968802703869795,37.35386870965383],[-5.971194841641012,37.352924223532106],[-5.971237027944666,37.35290756649717],[-5.971848550740864,37.350897368093904],[-5.971838575664141,37.35087483202966],[-5.970901449161147,37.348757576912156],[-5.9699477529011435,37.34660361582941],[-5.969487186965988,37.34556122867388]],[[-5.952216291981173,37.35066313481937],[-5.95222019119044,37.350666391613075],[-5.952722015414946,37.351085534187234],[-5.9547727732562175,37.352798308450595],[-5.95480343137169,37.352819364120435],[-5.956921641403818,37.35427408063551],[-5.956934167542598,37.354282682892816],[-5.959296903969231,37.35590492844748],[-5.959325810772046,37.355908717693175],[-5.962749408633646,37.356357447266355],[-5.9627837999332876,37.356361954392156],[-5.964809270915894,37.355518254229644],[-5.966807092500362,37.354693054391134],[-5.968793913599227,37.35387224855595],[-5.968797645240808,37.35387070687265]]]},"properties":{"id_dera":11010400001651,"ident":684,"nombre":"GUADAIRA_QUINTOS","tension_kV":66}},{"type":"Feature","geometry":{"bbox":[-5.843478595767176,36.67170302477723,-5.795157536331409,37.24814024441222],"type":"LineString","coordinates":[[-5.842425201930225,37.24674325655137],[-5.842142154744642,37.247020938754765],[-5.84012446738112,37.24440175158314],[-5.83968486357429,37.240754598187614],[-5.839179739349718,37.23643169065557],[-5.838689214067587,37.23232670184631],[-5.838222094252134,37.22850541118903],[-5.837794541953761,37.22489128961761],[-5.8373051577327475,37.22081163979774],[-5.836902062797558,37.217339056126825],[-5.836517327622965,37.21418582730142],[-5.836106463079427,37.210672813568564],[-5.835710336173857,37.20708530678005],[-5.835319878707453,37.20381803515236],[-5.834877893095219,37.20011188996252],[-5.834476187484138,37.19677936976691],[-5.834105230637844,37.193653366389235],[-5.833674073643743,37.19006409573657],[-5.833238782526074,37.186438154671066],[-5.832795329982213,37.182715985449164],[-5.8323531472325065,37.17897206496234],[-5.831892215501479,37.17511964405331],[-5.831433626165747,37.17130419799528],[-5.831006865779097,37.16766118069971],[-5.829809010736439,37.164763882657894],[-5.82863057792045,37.161895663702516],[-5.827046338781298,37.15802678267049],[-5.825274215369646,37.15370612098747],[-5.824298731432931,37.15132330521459],[-5.822778862732104,37.14762268054485],[-5.821284453774923,37.14398495441049],[-5.819809987480162,37.14038899344714],[-5.818331065052479,37.13678113060852],[-5.816823025233893,37.13310941645942],[-5.815222724376208,37.129191252212195],[-5.8134678690589405,37.12490564723238],[-5.811923913971945,37.12114675963695],[-5.810492843751446,37.11765776135773],[-5.8091688778252655,37.11442320337861],[-5.807494746556649,37.11032616485802],[-5.805756198327147,37.1060911284251],[-5.8045797966835,37.103224819183175],[-5.803269725608251,37.100004540503235],[-5.802144829159768,37.09726043764012],[-5.801231898085676,37.09314068932067],[-5.800433675082872,37.08952726842361],[-5.79961028657674,37.08578701441748],[-5.798801620199386,37.08211425890952],[-5.798019588042385,37.07858829075467],[-5.797245261496682,37.07506781115039],[-5.796492046805278,37.07164216522645],[-5.795832351409912,37.06866325159336],[-5.795283971609132,37.0661357006437],[-5.794612428413905,37.063106772127654],[-5.793994830941631,37.06029301998547],[-5.793033251774375,37.05592281105108],[-5.792088420399727,37.051647175603165],[-5.791330153954054,37.04819492350704],[-5.790440830911787,37.044167306753025],[-5.789652062115911,37.04057733963679],[-5.788805239188796,37.03671640498334],[-5.788090335971625,37.033481537866685],[-5.787098950185836,37.02895425437395],[-5.78859167074679,37.02486194026172],[-5.789829318414275,37.02147489652342],[-5.791170152516568,37.01781182530828],[-5.792487028384822,37.0142035519079],[-5.793677778000146,37.010946799157054],[-5.794922362420908,37.007533408031364],[-5.7964629510205885,37.0033181263013],[-5.797616918952409,37.00014835104385],[-5.79931491992965,36.995509026759876],[-5.800986274822678,36.99092942305653],[-5.802877686420925,36.985745876840376],[-5.804127099974616,36.9823224557732],[-5.805516098977666,36.978512735485765],[-5.806889009499821,36.974739334692345],[-5.807750087454021,36.972376701392704],[-5.8092875936004,36.96815259139187],[-5.810954841332849,36.96357655439603],[-5.811945610057995,36.96085072148678],[-5.813523298757293,36.95651566662492],[-5.814417567181891,36.954067491965596],[-5.815804889710046,36.95023777994158],[-5.8169169407759,36.94716470019769],[-5.8181216572762136,36.94385745578291],[-5.819156982057671,36.94101299689694],[-5.820653284200474,36.93689308587765],[-5.821713552115184,36.9339687122311],[-5.822933920676266,36.93061229655004],[-5.824215456257339,36.92707896022933],[-5.825187669567063,36.924412036644675],[-5.825620774259813,36.92121391836145],[-5.826303167345064,36.916120876237144],[-5.8266440218722035,36.91359621479628],[-5.8270466761018955,36.91059706603998],[-5.827690097715611,36.90589892306793],[-5.828326898023792,36.901178133525704],[-5.82897126475987,36.896402550308316],[-5.82925409099806,36.89432731136898],[-5.830115924607589,36.88796402751846],[-5.830790676398983,36.8829739524881],[-5.831036284062438,36.88113524612633],[-5.8313520590169095,36.87882771007424],[-5.8317946833642855,36.87553353991294],[-5.832288951177141,36.87190750414067],[-5.833037944485277,36.8663676502514],[-5.833534567800222,36.8626955021981],[-5.83397957967159,36.85943334516715],[-5.834340875934907,36.8567469489562],[-5.834962355594016,36.85212596197157],[-5.835381787563469,36.84906311325175],[-5.835862512615516,36.84551451843837],[-5.836405838153664,36.84150069207626],[-5.836892403040025,36.83788454648872],[-5.837445263825025,36.83380641380529],[-5.837885694931839,36.830590935772925],[-5.838548172176041,36.82566255052341],[-5.838924461085913,36.8229030523632],[-5.83923421712983,36.82060022639443],[-5.839991056305565,36.81505363551971],[-5.840274649400162,36.81295383031204],[-5.8410610628702635,36.80713725790543],[-5.8415336249993794,36.80366353233675],[-5.842374154689576,36.79745977660141],[-5.842757631681104,36.79460339592033],[-5.8432904613259185,36.79069620355211],[-5.843839710810283,36.786649476629],[-5.844345531604882,36.782886658863504],[-5.844856447752897,36.77912029148258],[-5.845336436693996,36.77562726328829],[-5.84579610911294,36.772203656492714],[-5.846330272913862,36.768287401175485],[-5.84689278980674,36.76420618368142],[-5.845876813255662,36.76081745104493],[-5.844089571695346,36.75480224708047],[-5.843217962074913,36.75188566407173],[-5.842083857344116,36.74808400559531],[-5.840428463610164,36.74252003144032],[-5.839363986287721,36.7389678291011],[-5.8383819062664655,36.73565858393854],[-5.8366257357585445,36.729776938903456],[-5.835661577375245,36.726494359867026],[-5.834275982013238,36.72188303912284],[-5.833271044682832,36.718480829355016],[-5.832363252431152,36.71545334334738],[-5.831174910463682,36.7114712483817],[-5.829199134071515,36.704841842570026],[-5.8277539407902905,36.69997950662322],[-5.826633344798819,36.696252843619256],[-5.825536283419968,36.69256057224829],[-5.824504648039533,36.68910266170926],[-5.8234061829395785,36.6853903004381],[-5.8223864207705445,36.68199119993302],[-5.821270523848329,36.678251829363425],[-5.820319228727624,36.675088901416295],[-5.8205757783227625,36.6727955437841],[-5.820412784183997,36.67225196060916]]},"properties":{"id_dera":11010400001602,"ident":575,"nombre":"ARCOS DE LA FRONTERA - DON RODRIGO 2","tension_kV":400}},{"type":"Feature","geometry":{"bbox":[-5.862688140959828,37.385730118401696,-5.8575849184365785,37.38875165603887],"type":"LineString","coordinates":[[-5.857474942036206,37.38585630523649],[-5.859446343768277,37.38608794868682],[-5.860094491706245,37.3867146353589],[-5.861720349616095,37.387577146811346],[-5.861903418391399,37.38842637648557],[-5.862792878642186,37.388624246198674],[-5.862798317334289,37.38862545606878]]},"properties":{"id_dera":11010400000865,"ident":564,"nombre":"ALCORES_HEINEKEN_2","tension_kV":132}},{"type":"Feature","geometry":{"bbox":[-6.141503122626271,37.16122380761225,-6.047809849942523,37.31287902823445],"type":"LineString","coordinates":[[-6.048915899577549,37.31276896901874],[-6.048771003534324,37.31280126809666],[-6.047809849942523,37.31287902823445],[-6.049199019287989,37.31201146426009],[-6.051269429235299,37.31067924796315],[-6.0545301911420415,37.3086429887179],[-6.057191681112755,37.30606008881487],[-6.059208272365263,37.30410085444271],[-6.061690782735914,37.3017315008399],[-6.0640258984919715,37.29946564295901],[-6.066698696448647,37.296834966993224],[-6.069148479349044,37.294453778175594],[-6.071398520097561,37.2922748387867],[-6.073976834120543,37.28977056672356],[-6.076378985154988,37.2874421079105],[-6.078628961089807,37.28525400768858],[-6.079901543818409,37.28325798852058],[-6.080909860395994,37.28167894664765],[-6.081271193481941,37.279624375362594],[-6.081749394257793,37.276878854193065],[-6.082357272727819,37.27351764721027],[-6.0828658599176375,37.27068667111196],[-6.0833172909093935,37.2681771407259],[-6.083375483927484,37.26798136027879],[-6.084336294804078,37.26474654763812],[-6.0852859237552535,37.26155166498139],[-6.086047897671165,37.25898635975187],[-6.08697706671221,37.25585948584343],[-6.087819885695156,37.25302120857769],[-6.088572754783881,37.2504878423268],[-6.089273460436055,37.24812721099489],[-6.090011050370528,37.245644062536265],[-6.0908833365276545,37.24270714264972],[-6.091784162631817,37.23967305998517],[-6.09260461822074,37.236910301628924],[-6.094239544437472,37.23448368411713],[-6.095708189754767,37.232311343619024],[-6.097360073030203,37.22986315804091],[-6.099002213218777,37.227427189929735],[-6.100740563082941,37.22485298358607],[-6.1026040971913345,37.222091930389915],[-6.104377303206989,37.219464135379084],[-6.105823182682123,37.21731911948303],[-6.107073447593744,37.21546350053298],[-6.108465177418645,37.213402591483884],[-6.110202336163316,37.21082557592791],[-6.11184471023971,37.20839005888972],[-6.113536137678072,37.205881507605575],[-6.115378012492511,37.203149841643416],[-6.117015666665495,37.20072231105624],[-6.118840797890499,37.19801383202151],[-6.120481057777045,37.1955808719576],[-6.122021223445932,37.19329604810687],[-6.123503881562447,37.19109642930414],[-6.125205172214468,37.18856908116633],[-6.1268943190128695,37.18606392619185],[-6.128574125149377,37.183572421042975],[-6.130330416977872,37.18096660338558],[-6.131919460181922,37.178605492430236],[-6.133323261967582,37.17652444021723],[-6.134672679347799,37.17452149038258],[-6.136351707157964,37.17202222732012],[-6.1382790522656006,37.16915685668532],[-6.1399822487300835,37.166617817915416],[-6.140836577855127,37.16369681130254],[-6.14151375234005,37.161480412456584],[-6.141405890876262,37.161230694408395],[-6.14140405170265,37.1612264363865]]},"properties":{"id_dera":11010400001287,"ident":740,"nombre":"ISLAS_PALOMARE","tension_kV":66}},{"type":"Feature","geometry":{"bbox":[-5.9601875290191755,37.37651456861979,-5.9481753406616225,37.38789161029518],"type":"LineString","coordinates":[[-5.960050545197711,37.37651800022921],[-5.9601041148042135,37.37654256397674],[-5.960082584950838,37.37657507217969],[-5.960063275303846,37.37661149840062],[-5.960037849725278,37.37675431108488],[-5.960119104722807,37.37707791457532],[-5.960213971943257,37.377186800275744],[-5.960180391892919,37.37720516646826],[-5.960166858820655,37.37721476808787],[-5.960158836336825,37.377224384899975],[-5.9601512486857295,37.37723299967289],[-5.960145206856082,37.37724244975309],[-5.960137621798595,37.37725917387413],[-5.96013189455138,37.37728897971596],[-5.960126136900372,37.3773326624269],[-5.959919642128996,37.37892001536554],[-5.9599108850799585,37.37898736253968],[-5.959804401366522,37.379809079269506],[-5.95979601855659,37.379874173456884],[-5.959664963661801,37.38086943388654],[-5.959618263671224,37.38119813316652],[-5.959438457964423,37.38256139336349],[-5.959430524078266,37.38262097088463],[-5.959297783141178,37.383610578305806],[-5.959289405336226,37.38367323048019],[-5.959160232508336,37.38463589719554],[-5.959152297320466,37.3846986103592],[-5.958944912201514,37.386329016921785],[-5.958909284870348,37.386607142287474],[-5.958794543930486,37.386641073334715],[-5.958729498128023,37.38688900210759],[-5.958630170602215,37.38701200297292],[-5.9585356174054365,37.387632639627],[-5.958496370018532,37.38762904458099],[-5.957477797535174,37.387474206470635],[-5.9553020026447046,37.38737794072524],[-5.952897312331183,37.38727359381171],[-5.95033347795824,37.387163952111706],[-5.950272159516756,37.38721754497347],[-5.949498753457536,37.3871669778186],[-5.949307130440739,37.38715716194299],[-5.948144147108378,37.38709567107313],[-5.948198617011977,37.386554451486845],[-5.948199068961751,37.38654996082613]]},"properties":{"id_dera":11010400000935,"ident":647,"nombre":"AMATE_NERVION","tension_kV":66}},{"type":"Feature","geometry":{"bbox":[-6.0782588815321565,37.24108900353867,-5.698545593065153,37.64627384379255],"type":"LineString","coordinates":[[-6.094515451936137,37.63654398785016],[-6.093938341011069,37.636107109329714],[-6.090470796025586,37.63441715820253],[-6.085889999277433,37.63376935823246],[-6.080619959574453,37.63303466883349],[-6.076814325296613,37.63250840275372],[-6.07268187014385,37.631929443752554],[-6.0661988629290855,37.6310274010774],[-6.061456439381175,37.63036434716332],[-6.058312095302975,37.62992067504866],[-6.048635403202284,37.62857112259057],[-6.045342862947331,37.628120751130545],[-6.040344241644228,37.62742273006981],[-6.036925093479419,37.62694889646512],[-6.031815790992487,37.62623047553065],[-6.027227454350516,37.62560117170776],[-6.022536400911185,37.62493728768352],[-6.016520460228387,37.62409664469884],[-6.011482850702984,37.623396762618185],[-6.005745879638128,37.62259429930667],[-5.998801602608075,37.62161764512618],[-5.992962978901331,37.62080767875137],[-5.989694826339042,37.62035628828317],[-5.986137495722651,37.61985626841447],[-5.98121723575051,37.6191654424136],[-5.9787646689599345,37.61882142767904],[-5.9731125021248195,37.618029723891176],[-5.970053312856232,37.61756620716119],[-5.964771588489625,37.61676251282447],[-5.961561585903869,37.61627247100623],[-5.956741260930023,37.615539898895875],[-5.95001077026426,37.61451046831943],[-5.945329863743919,37.61380069645234],[-5.941313089488536,37.61318761314404],[-5.938511118396312,37.61276028220506],[-5.933171532096969,37.61194344331427],[-5.929132593471865,37.611329319911775],[-5.924223970207213,37.61058246027433],[-5.919827302773314,37.60990867660892],[-5.9151735634189375,37.60920188769012],[-5.911016812318758,37.60861482845962],[-5.906934831932728,37.60793945753049],[-5.903721912983083,37.6074985341885],[-5.899898437747948,37.60691161204484],[-5.894936727586364,37.60611040104781],[-5.890419240199778,37.60546811991764],[-5.886243886596125,37.60478259943362],[-5.881876170892294,37.60411721831429],[-5.876693652538378,37.603319366593745],[-5.872397475164962,37.60266053591638],[-5.866670582876512,37.60085279367785],[-5.861252755680655,37.59905592071433],[-5.856766389443389,37.597599000407925],[-5.8524446685797935,37.59620541446429],[-5.847238441746899,37.594505486158916],[-5.842104199479842,37.59288180177085],[-5.836655781548102,37.59107793419887],[-5.831464285608253,37.58943127683891],[-5.826832440586966,37.5879298313611],[-5.82137977420489,37.586156251805654],[-5.816362632987799,37.58452447670021],[-5.811467785934451,37.58289326482222],[-5.807198195945206,37.581549816392645],[-5.804533264173009,37.580642031999595],[-5.801675360775951,37.57971020658385],[-5.797465251801633,37.57834029695602],[-5.793506132333635,37.57705682923228],[-5.79040249150089,37.57522180742486],[-5.787434354694504,37.57345522367872],[-5.7839990522877445,37.5714612529111],[-5.780407368621813,37.569293712220485],[-5.77703783994834,37.56729563859815],[-5.773854322007554,37.565409240529064],[-5.7711518701062445,37.56379889969517],[-5.7676209985504805,37.56170674907937],[-5.763689865761203,37.55936678641162],[-5.7623472544729495,37.55674263877099],[-5.761545225623026,37.55522280927645],[-5.759555329647738,37.55133350932275],[-5.757449298556995,37.547176828002605],[-5.7554084338246785,37.54314500363222],[-5.7533388523626785,37.53910759130694],[-5.751624353635993,37.535750111225674],[-5.7497236263766265,37.53200983274151],[-5.747948382900202,37.52852007340266],[-5.746213080687014,37.52511198427512],[-5.744622349600149,37.52202606905845],[-5.742960496492894,37.51874588383147],[-5.741307014943021,37.515501700632086],[-5.73957946889803,37.51211494428758],[-5.737864988777246,37.50875623960409],[-5.736182018601508,37.50544129128655],[-5.734873861342205,37.50287455297753],[-5.732276735449684,37.49956224444931],[-5.730027603406943,37.49669661089618],[-5.727582855829718,37.49357530331184],[-5.725453013120832,37.490876225404214],[-5.723093153877222,37.487855131771624],[-5.720647423188271,37.48474945818714],[-5.718284938123284,37.481725977457145],[-5.7160484550219195,37.47888553359861],[-5.7135484340811304,37.475665787962384],[-5.712174726814625,37.47222746108009],[-5.710729886952888,37.4685971005884],[-5.709440263702596,37.46535703046091],[-5.708051167962546,37.46186321971864],[-5.706769649938477,37.45863725565408],[-5.705453290540162,37.455313131243024],[-5.704011220485429,37.45167747013979],[-5.702608273300141,37.44815109688558],[-5.70110561756858,37.44436872540746],[-5.699900329620441,37.44131511154449],[-5.698553663408598,37.437940762024525],[-5.697217096326936,37.43455138545537],[-5.695706915032139,37.43074765460576],[-5.6947394894238075,37.42833014138785],[-5.693395055819966,37.424934762884185],[-5.692470887568058,37.42261635342706],[-5.691189689875694,37.4193843171741],[-5.690294028233083,37.41706595840599],[-5.690412592960069,37.41532842810918],[-5.690724203056928,37.411368488173146],[-5.691007190763462,37.407815062338955],[-5.69133553539396,37.403762012733075],[-5.691612773103762,37.40022565531854],[-5.691919899857022,37.39646450512686],[-5.6922203776776295,37.39257176178474],[-5.69251712618584,37.38895718740195],[-5.692802311751864,37.3853954985587],[-5.693041171698382,37.38218693193388],[-5.69333414898871,37.37849358919398],[-5.693665755679306,37.37477899802676],[-5.69635424620837,37.372097139512],[-5.699309112107909,37.36918205703201],[-5.702406500303617,37.36610765879169],[-5.705256704098361,37.363296291206034],[-5.708239118257196,37.36035927559855],[-5.711202974139554,37.35742423457202],[-5.713972418466394,37.35468264088265],[-5.717060915455667,37.351613303084534],[-5.720025861791929,37.34868018714812],[-5.723171436598974,37.34558261793753],[-5.726674367178969,37.34210294338734],[-5.730039646348537,37.33877007419227],[-5.732750791001309,37.33608860591894],[-5.735489526042101,37.333388956902056],[-5.738455963241544,37.330442382945975],[-5.741569964866277,37.32735840927102],[-5.7448586738939005,37.324111795528054],[-5.747936129142546,37.321051486807015],[-5.75084866158405,37.318168853838685],[-5.753962608606573,37.31508276480921],[-5.756530032899059,37.31254288874358],[-5.759219122168445,37.30987333283523],[-5.762432855507795,37.306690172980474],[-5.764766834964785,37.30437662073902],[-5.767198566815341,37.30197026619043],[-5.7701709594154105,37.299021433447265],[-5.773020841843569,37.29621957966027],[-5.775832716562695,37.293414227303316],[-5.778836636539921,37.290439032533854],[-5.781451242862241,37.28784679421099],[-5.784580165044627,37.28475002292085],[-5.787505941665863,37.28186053036832],[-5.790421386771686,37.278972022577506],[-5.793190683105592,37.27623251763048],[-5.796840811182497,37.27408506227586],[-5.800579532800056,37.27188448812826],[-5.80439021345242,37.26963262072843],[-5.8079036567510585,37.26757421957107],[-5.811662434538274,37.26535723813185],[-5.815179309112811,37.26328656061474],[-5.8188269509505375,37.261139133474344],[-5.82247988076627,37.258993904208744],[-5.825504033042193,37.257217449054686],[-5.829205397586555,37.25503310483693],[-5.832917719920819,37.25284306813023],[-5.836799922657417,37.25056873535387],[-5.84040022486396,37.24845099178495],[-5.842607237893255,37.24730048698677],[-5.843038095566607,37.246975227433126]]},"properties":{"id_dera":11010400001626,"ident":633,"nombre":"GUILLENA - DON RODRIGO","tension_kV":400}},{"type":"Feature","geometry":{"bbox":[-6.575055722048391,37.63350227878342,-6.136751896609573,37.73575831122483],"type":"MultiLineString","coordinates":[[[-6.483545587044784,37.702161681905224],[-6.484701279474227,37.702347490161294],[-6.486843573880936,37.70278681525155],[-6.488420728775279,37.70308031150725],[-6.4910140485428744,37.703609808759595],[-6.492233314745514,37.70381016284319],[-6.495181124915941,37.70435860881134],[-6.497038502937072,37.70467322419538],[-6.498843654735946,37.705063234637386],[-6.500629558736367,37.705439014055955],[-6.502918023597419,37.70581459985072],[-6.50569455265709,37.70627922241642],[-6.50785493034999,37.706702846273544],[-6.511692602746385,37.70741842793677],[-6.515226823492272,37.708098793123774],[-6.517178144126154,37.70852118332819],[-6.520055797141295,37.70909154061728],[-6.52219441667716,37.70953599648373],[-6.523481183522396,37.70977634551798],[-6.525567655314841,37.710172479288886],[-6.528253253705118,37.71066702913068],[-6.53046188243001,37.711093740244635],[-6.531957148935808,37.71137747591912],[-6.534531059983393,37.711875318769906],[-6.5380588800298325,37.71255076343451],[-6.538955652882922,37.71270076200565],[-6.541955793372526,37.71328139948236],[-6.545790668070219,37.7140222401542],[-6.549535599093891,37.71468287250797],[-6.553319252843939,37.71543104325384],[-6.558474890627748,37.71639791930672],[-6.5601954176154695,37.71670178249553],[-6.562910191440118,37.7172562678355],[-6.564849844882537,37.71763550449447],[-6.566039991515691,37.717839656959285],[-6.571175639615193,37.7198024969427],[-6.572430916718234,37.720591442526626],[-6.573928713157922,37.721590580250066],[-6.574017880465876,37.72165003560062],[-6.574565664134233,37.72201538721141],[-6.576217198672129,37.723061629038],[-6.57775344690583,37.723184611034114],[-6.578049297064673,37.722954778212056],[-6.578083397513744,37.72292828695156],[-6.579065912208751,37.722165027660644],[-6.579297368921573,37.72178675320285],[-6.579299848012174,37.72178270155082]],[[-6.483543370999296,37.702161333008114],[-6.483544479021981,37.702161507456616],[-6.483545587044784,37.702161681905224]],[[-6.1422633644629245,37.66184220194662],[-6.142265883710183,37.66183816668693],[-6.142552971993846,37.66137831349154],[-6.142757985541389,37.65975828310705],[-6.14307944375209,37.65715388469328],[-6.143474358016811,37.65398900545426],[-6.1437910504172155,37.65144707941199],[-6.144000266777973,37.64977449638761],[-6.144957835230954,37.648768594478625],[-6.145913381865414,37.647761027151375],[-6.147104610528622,37.64651506772724],[-6.1491332234854745,37.64624142132206],[-6.151653858071666,37.64590179116158],[-6.153622029368592,37.6456359002574],[-6.154566174525596,37.645508471048544],[-6.156529431063746,37.64587082922455],[-6.159012387546157,37.64634635943652],[-6.16113772111102,37.64675412142926],[-6.163185030347353,37.64712510561424],[-6.165382598834822,37.64759716425954],[-6.1674994462768336,37.647966295597605],[-6.169330372308204,37.648320910784285],[-6.171736607078035,37.64878723973398],[-6.174183577869217,37.64923025803013],[-6.175640838720434,37.64946761526078],[-6.177904029157851,37.64984360731507],[-6.180017450166089,37.65012962318106],[-6.1826576554360955,37.65053409505388],[-6.18476479477598,37.6508366823566],[-6.187243805416328,37.65121215889708],[-6.18866591466362,37.65143922164682],[-6.191414561101741,37.65181236177901],[-6.1936901510014595,37.65213320267884],[-6.195778498458162,37.65245799384336],[-6.197815758371823,37.65275115765636],[-6.199776633641025,37.65304644919669],[-6.202130226307891,37.653414021094946],[-6.2047426685065945,37.653813250920365],[-6.206338843708678,37.6540407717456],[-6.2095393212944225,37.6545233665787],[-6.211514085256795,37.65481808241261],[-6.213460653582143,37.655102451406584],[-6.216165280129218,37.655500263652705],[-6.217810196240147,37.656392925252426],[-6.2196006610401025,37.65738781227559],[-6.221874522586046,37.658686781536936],[-6.223794940760143,37.659607594847905],[-6.2251929466134355,37.66034508779408],[-6.227079560571353,37.6612216501774],[-6.229389090348575,37.6624610828829],[-6.231186614219066,37.663417879460596],[-6.233282204645428,37.66453474555525],[-6.234776943636987,37.6653383641415],[-6.235270924073831,37.666282254314794],[-6.236118386593851,37.66761305202061],[-6.236903420341701,37.66893843961838],[-6.237569268298579,37.67001671692243],[-6.239046755590497,37.67232097478715],[-6.239559350733642,37.67309027556516],[-6.240519231546991,37.673536444893216],[-6.2429057127310115,37.67475441122477],[-6.244537360073492,37.67554458258931],[-6.246040503714443,37.676272490467674],[-6.2475964234398065,37.67702591712235],[-6.24866635610998,37.67756370358331],[-6.250132588176373,37.6782961876547],[-6.251939553562131,37.678626063741106],[-6.253872408871911,37.67896271616947],[-6.254937055892572,37.67889419890948],[-6.2580490060153995,37.67868482857366],[-6.260611052025784,37.67851016843716],[-6.262788399078132,37.678335588971485],[-6.264502939675474,37.67828162479353],[-6.26640946651604,37.67813122821315],[-6.268603290630941,37.67800544818852],[-6.270436603295304,37.67786350384074],[-6.271390912151171,37.67781107167839],[-6.273788269045035,37.67766648171794],[-6.275890964460366,37.678816687498745],[-6.27779431112278,37.679894466085855],[-6.2799848743087825,37.681178466414586],[-6.2821314952153315,37.682392292527375],[-6.283298341860044,37.68308109387259],[-6.285503968810069,37.68433222333459],[-6.287157805789514,37.68530634320101],[-6.28917899021574,37.686452088730924],[-6.291233419123212,37.68760984337832],[-6.293390249118426,37.68848495400963],[-6.295855993734844,37.68951445657829],[-6.298120251169047,37.69041917868385],[-6.300501239923362,37.69137275159182],[-6.302472486183629,37.692123242882815],[-6.304541174200933,37.69303989537615],[-6.3066726544287866,37.69389627696276],[-6.30892230348504,37.69483371933864],[-6.310330014421201,37.69541151019565],[-6.312507377825567,37.69627424221703],[-6.3145318783688955,37.697580713275904],[-6.316216614384011,37.69868336692744],[-6.316906597207282,37.699118742968615],[-6.318881050660831,37.70011580922664],[-6.321030429237631,37.70117944590605],[-6.322537141093592,37.70195574614277],[-6.324721411569528,37.70302896023286],[-6.326819125463918,37.70406952968154],[-6.32824742999918,37.70473814327395],[-6.329092426727404,37.70521123017893],[-6.331190990699789,37.70618196217145],[-6.333648879088833,37.70572900653265],[-6.335694865959449,37.705384422636676],[-6.338126829969564,37.70496400137865],[-6.340190627103542,37.70460793398616],[-6.342332451662502,37.70422231893614],[-6.3461275678312115,37.70352998530599],[-6.348603963288189,37.70310187098745],[-6.35116755531212,37.70263915170825],[-6.352855354840922,37.70234419169684],[-6.357511185653397,37.70149033238161],[-6.359409790489672,37.70115674874896],[-6.36073925839735,37.70089792926117],[-6.363285480727417,37.70041589641356],[-6.365240626061879,37.70006763220248],[-6.366803555161922,37.69975207532843],[-6.368459816632718,37.69946220921075],[-6.370874874289706,37.69879528827732],[-6.373197830899627,37.69816861391237],[-6.37493029619667,37.69769791177437],[-6.377531905670696,37.69699947591131],[-6.3796889844016205,37.69635283420423],[-6.383648028855302,37.69518648184099],[-6.387455120466211,37.694126892030965],[-6.390121583358792,37.69338667641075],[-6.392264386606891,37.69281715732095],[-6.393973963995992,37.69234728791945],[-6.395410046508003,37.69259754689821],[-6.397445262370581,37.692945744022374],[-6.399262924214023,37.69325414424687],[-6.40324858240616,37.69393695995398],[-6.405005443661741,37.69423873779799],[-6.406842437779056,37.694566911735826],[-6.408831128805731,37.69489715650405],[-6.410514747874712,37.69519304309097],[-6.412551162264333,37.6955322936713],[-6.414590757332048,37.69540194637306],[-6.416470859032273,37.69525267409539],[-6.418481105848627,37.69510824519624],[-6.421497809779943,37.69491726515733],[-6.423800602573581,37.69476416071335],[-6.425270951067531,37.69466971695515],[-6.427366690254592,37.694496704952556],[-6.42986431258957,37.69433790519568],[-6.431864129232288,37.69420211039464],[-6.434058113692421,37.69404341574064],[-6.437282923307156,37.693819029328196],[-6.438851644161062,37.69429128562619],[-6.441468461552834,37.69506796482778],[-6.443050992233837,37.695521472016644],[-6.444811953510574,37.69608172485173],[-6.4470983458069515,37.69674730314562],[-6.450638441309309,37.69778964728099],[-6.4546686098919865,37.69893805693769],[-6.456124930291012,37.69907057669861],[-6.458410729260438,37.69930963723146],[-6.460632786927976,37.69955773235581],[-6.4628820363814805,37.699797778858134],[-6.4651936901583,37.69999946065455],[-6.467774830097346,37.70027325650312],[-6.469820189091347,37.700468088918605],[-6.4727635828927435,37.70084056622259],[-6.474754955683669,37.701058795245295],[-6.47809807790208,37.701346375537895],[-6.4808944615242154,37.701735419406795],[-6.483543370999296,37.702161333008114]],[[-6.1422633644629245,37.66184220194662],[-6.142258894757584,37.66185081720313],[-6.140830885105687,37.66460316267313],[-6.140824443532584,37.664615577658154],[-6.139487012553694,37.66584915406605],[-6.138217782257587,37.667021166200314],[-6.138199462444358,37.66702833500781],[-6.134757728449187,37.66837506038563],[-6.134747207172977,37.66837712495274],[-6.133924380596549,37.66853858316531],[-6.133917751484283,37.66851399514409],[-6.133916563817497,37.66850958997087]]]},"properties":{"id_dera":11010400001694,"ident":779,"nombre":"CALA_DEHESA","tension_kV":132}},{"type":"Feature","geometry":{"bbox":[-6.494350834242111,37.14487259740731,-6.38509116865767,37.343610333305584],"type":"LineString","coordinates":[[-6.493966917999969,37.144883929000066],[-6.494268648999937,37.14526144600005],[-6.494368738999991,37.14526131600007],[-6.4921699739999905,37.148025576000066],[-6.489148533999989,37.15190142400006],[-6.485625369999988,37.15399283800007],[-6.4824719759999505,37.15587271600002],[-6.478733352999945,37.15810451400006],[-6.475054121999966,37.16030328000004],[-6.470803520999944,37.162834931000084],[-6.466858956999951,37.16519169300005],[-6.4648305809999504,37.16960168700008],[-6.465603348999936,37.17276056300005],[-6.466493412999974,37.17637747100007],[-6.46748683199997,37.18042254400005],[-6.46850558899997,37.18457813100008],[-6.469345653999945,37.18799132300005],[-6.470149500999982,37.191275739000055],[-6.469546313999964,37.19339204500007],[-6.465931339999946,37.19609168700002],[-6.462277048999976,37.19882129300004],[-6.460704064999963,37.20199465700006],[-6.459017864999971,37.20539222800005],[-6.457449795999944,37.208552975000025],[-6.455794141999955,37.21188780600005],[-6.454185197999955,37.21510872000005],[-6.4527527529999755,37.21798849200008],[-6.450891654999972,37.22173054600005],[-6.44927389999999,37.22499652300007],[-6.44758776799996,37.22838682500002],[-6.446009593999982,37.23156286300007],[-6.444321519999968,37.23493380800005],[-6.444463574999933,37.238960150000025],[-6.444632682999964,37.24360917200004],[-6.4447878939999566,37.247942446000025],[-6.444942583999942,37.25209779200002],[-6.445100790999965,37.25669045100006],[-6.445252303999968,37.260962379000034],[-6.445364986999954,37.26417211700004],[-6.448105408999947,37.26790439900003],[-6.450632982999943,37.27134919700007],[-6.4530585299999705,37.27464825600004],[-6.4555061259999444,37.27798328500006],[-6.457751099999948,37.28103993000006],[-6.457568199999974,37.284106831000024],[-6.457388417999947,37.287032639000074],[-6.458691319999967,37.29022798100005],[-6.460306072999977,37.294193777000025],[-6.461913460999943,37.298105613000075],[-6.463541618999963,37.30211700000008],[-6.465196049999985,37.30617570000005],[-6.464822619999957,37.30934305400005],[-6.463485743999979,37.311650572000076],[-6.45855028299998,37.31334690000005],[-6.4533872359999735,37.315128058000035],[-6.4487756779999525,37.316704694000045],[-6.4438445689999755,37.31840984300005],[-6.439630056999944,37.32213055800002],[-6.433982175999976,37.324017885000046],[-6.431461429999968,37.32614709700004],[-6.427853613999964,37.32918434100004],[-6.424231506999958,37.332243606000084],[-6.4207133179999785,37.33520479500003],[-6.415408577999939,37.337077181000026],[-6.41022798699994,37.33890124400005],[-6.405303785999942,37.34063633800001],[-6.40029907299994,37.34240039500003],[-6.39505298399997,37.34286297300003],[-6.389825061999952,37.343319571000045],[-6.38667908499998,37.343564834000055],[-6.386716360999977,37.343455199000054],[-6.385856105999961,37.34295764800003],[-6.385046306999936,37.34261205800004]]},"properties":{"id_dera":11010400001456,"ident":806,"nombre":"CHUCENA - ROCIO 1","tension_kV":220}},{"type":"Feature","geometry":{"bbox":[-6.0319904737499765,37.37655474049586,-6.031883654341106,37.37661997372264],"type":"LineString","coordinates":[[-6.031883654341106,37.37661997372264],[-6.0319904737499765,37.37655474049586]]},"properties":{"id_dera":11010400000893,"ident":697,"nombre":"FV_SALTERA","tension_kV":66}},{"type":"Feature","geometry":{"bbox":[-5.842482535886686,37.23373172527579,-5.603864135724318,37.25680854256067],"type":"LineString","coordinates":[[-5.842876058434468,37.24420246720529],[-5.842858088221519,37.24419379174177],[-5.842637713402531,37.244087401205945],[-5.842539662643353,37.244040064931],[-5.841613451197879,37.243970367766345],[-5.841589764615254,37.24397829581375],[-5.84110236873041,37.24414142884891],[-5.8403510873512126,37.24439287994721],[-5.837561003907205,37.24532772322843],[-5.8375521783778455,37.24533068016302],[-5.834916970700172,37.24674458392872],[-5.831628120254217,37.245657665228116],[-5.8316084986626135,37.2456511802017],[-5.828488704910727,37.245688013825834],[-5.825624387279755,37.24572180413708],[-5.822436492664531,37.24575927412514],[-5.819174330264726,37.24579752536768],[-5.816210109693549,37.24583224962191],[-5.8161926850354275,37.24583771986603],[-5.813539199060527,37.24667070809927],[-5.810424784287501,37.24734390175592],[-5.807039777069271,37.24662469683152],[-5.803981084103692,37.2459746479141],[-5.803967060570869,37.24597481041031],[-5.800664879839781,37.24601302801275],[-5.797952708864593,37.2460443505406],[-5.794936211787725,37.24607911768176],[-5.7919741274340595,37.246113180550786],[-5.788779259127213,37.24614983155892],[-5.786377018437756,37.246177343327965],[-5.78388621313811,37.24620579818958],[-5.781030226019112,37.24623838069466],[-5.778043893783,37.24627236638368],[-5.775743035233564,37.24629849974963],[-5.772405030399747,37.24633633310455],[-5.76893586610968,37.246375553362796],[-5.765549281254939,37.24641376130114],[-5.762600982050968,37.246446918827516],[-5.759702590002716,37.24647945237535],[-5.757157308402947,37.246507964461564],[-5.754677597604376,37.2465356982788],[-5.75206345084466,37.246564863153445],[-5.752051653434523,37.246564994641666],[-5.74843510141052,37.24728995872295],[-5.74534579450246,37.24790913498214],[-5.742334455824738,37.2485126022611],[-5.739078861362424,37.249164915889246],[-5.7355208125197805,37.24987770951594],[-5.733044248065203,37.25037379808208],[-5.729672194801355,37.25104915178173],[-5.7265674503035715,37.25167081094362],[-5.723427958335468,37.252299451189195],[-5.72057896164528,37.25286979024944],[-5.717823040470086,37.25342143425516],[-5.7147297254644815,37.254040512990564],[-5.713170668739389,37.25435252311279],[-5.710133569791777,37.25402966539944],[-5.707066312031182,37.25370352582248],[-5.703810323713305,37.253357231546026],[-5.700251993333972,37.2529785883827],[-5.6970371346779,37.25263653010702],[-5.694066480366651,37.25232027719478],[-5.691012586318974,37.251995117524935],[-5.688006340465908,37.25167492448688],[-5.684857427770019,37.25133950645212],[-5.681779933047087,37.25101158261966],[-5.678690572178693,37.250682329906496],[-5.6752683384860445,37.25031750377491],[-5.671521615885826,37.249918012054174],[-5.668495595675186,37.24959515735601],[-5.665156728167286,37.249238986299645],[-5.6620317348078695,37.24890539674436],[-5.659649708030976,37.24865118885457],[-5.656946347994212,37.24836251113029],[-5.654724564684925,37.24812524353192],[-5.651837245938639,37.247816782545776],[-5.649870173706605,37.247606699978554],[-5.646965837765848,37.24729633737951],[-5.644252488682055,37.24700632928509],[-5.641313538848986,37.24669211420564],[-5.6413092006897845,37.246691650339756],[-5.63741123959591,37.246539102895994],[-5.635813089564618,37.24647999656015],[-5.633403271877802,37.245827401414914],[-5.629700253781454,37.244824472807615],[-5.629697142911346,37.244823818846804],[-5.626576225809766,37.24416769930179],[-5.623899719041127,37.243604900780674],[-5.621550215879455,37.24311080022582],[-5.618941104731965,37.242562042120326],[-5.615841976347543,37.2419101821468],[-5.612908168223799,37.24129243955194],[-5.609672174759804,37.24061161679149],[-5.6076681321825435,37.24019040299354],[-5.60482834841418,37.2396160474052],[-5.60479353469945,37.239609762583896],[-5.603400596675539,37.23935829020512],[-5.603313030658331,37.23928268953542],[-5.603259146609629,37.23923616829689]]},"properties":{"id_dera":11010400001097,"ident":542,"nombre":"CLH.ARA1_DRODRIGO1","tension_kV":66}},{"type":"Feature","geometry":{"bbox":[-6.067227044630324,36.932870705079814,-5.883429040235718,37.11743193931948],"type":"LineString","coordinates":[[-6.061721043777892,36.933012896174496],[-6.061715450606155,36.93301326816789],[-6.061565514759574,36.9330232400743],[-6.061389048568422,36.93303497775193],[-6.059575322891785,36.93315560267368],[-6.0595666272860065,36.933156180922445],[-6.056311040581546,36.93384124604443],[-6.056290804647231,36.93387577976238],[-6.054602321783828,36.936757144886975],[-6.05367565158576,36.93833840138337],[-6.0536556838090565,36.93837247330452],[-6.054967690055394,36.94063610716719],[-6.056662192855171,36.943559424081016],[-6.058011261597812,36.945886611160056],[-6.059407759062802,36.94829543989208],[-6.06110734831929,36.95122683248319],[-6.06258454173062,36.95377442098652],[-6.0645230977666005,36.95711738803898],[-6.065665117033549,36.960023937498086],[-6.065669853226528,36.96003599108241],[-6.068445303597278,36.96322232405733],[-6.067872246117901,36.96445708466551],[-6.067866707328328,36.96446901882522],[-6.06784791887575,36.964850947602855],[-6.067844989406228,36.964910497063826],[-6.065912332135781,36.96605279570463],[-6.0628560223440635,36.9676995247041],[-6.059766172744931,36.96946463379572],[-6.05673778727149,36.97111513211361],[-6.0536969731354375,36.97277263394969],[-6.050633923306691,36.97444189584141],[-6.04752885996053,36.97613396660552],[-6.044461466703752,36.97780525923332],[-6.0413898713080965,36.97947874585892],[-6.038313964595722,36.98115451906763],[-6.0355825487483346,36.98263884501183],[-6.0328962234080645,36.9840988002604],[-6.030190321545541,36.985569018670475],[-6.027517089079587,36.98702158405812],[-6.0248733290529835,36.98845793166343],[-6.022016361987387,36.99001021571581],[-6.0191270368146,36.99157947640471],[-6.0164409900399995,36.99303374543996],[-6.013665607954586,36.994543835906065],[-6.011570061403707,36.995693991713864],[-6.007482527647997,36.99793299079222],[-6.003342704030114,37.00019202038907],[-6.001172404910959,37.00137448334783],[-5.9991849110313,37.00244920253814],[-5.997336564931895,37.00356344774672],[-5.9957243425087725,37.004453891258024],[-5.994317137855787,37.00523578482302],[-5.990343331021107,37.00743545385251],[-5.987624353324405,37.00894632688041],[-5.983948948471725,37.01098265521564],[-5.9814409302990255,37.01236905047851],[-5.978547858410517,37.01397429568504],[-5.975939615559259,37.01541490701816],[-5.974299417515193,37.017918023655305],[-5.9726963464511655,37.02036143701146],[-5.971405007821624,37.022334037135984],[-5.9700847390866265,37.02434744736717],[-5.969525683070262,37.025200097121406],[-5.968220849401724,37.02719093448367],[-5.9667902042375625,37.02937287462114],[-5.96533086866813,37.031599399424145],[-5.9638954142124625,37.033788906217495],[-5.962460073544198,37.03597758290059],[-5.96102562064311,37.03816532454296],[-5.959577069374014,37.04037412669205],[-5.958142026080323,37.04256230012801],[-5.956704144541047,37.04475467270218],[-5.955100828706825,37.04719949452756],[-5.953819538255104,37.04915287008016],[-5.953803637366827,37.049177109280876],[-5.953793372531321,37.049192746756205],[-5.952414745798096,37.05129369052896],[-5.951007128109037,37.0534395573892],[-5.949581891176524,37.05561125394012],[-5.9481549400922855,37.05778702952727],[-5.946731910763413,37.05995575296832],[-5.945303282478047,37.062132889461374],[-5.9439058130165545,37.064262919586874],[-5.9424780724619755,37.06643792934621],[-5.941067475448377,37.06858717672282],[-5.939756985967918,37.07058470409569],[-5.937125201962719,37.07269010226175],[-5.935078026854486,37.07432808156319],[-5.932718015983392,37.076293024977794],[-5.930137427835946,37.078441251710316],[-5.927668308646657,37.080497102517626],[-5.926204396748089,37.08171566614479],[-5.924425803047432,37.08319617533777],[-5.922887997783912,37.08447599482879],[-5.920258685802154,37.08666720698945],[-5.91775818302072,37.08875138596652],[-5.915005412423269,37.091045366381586],[-5.9124751792574735,37.09315368779893],[-5.909950059267267,37.09525813715382],[-5.907026987195508,37.09769407816785],[-5.904263950832496,37.099995372247015],[-5.902569858449504,37.101407085752605],[-5.901008153320634,37.10270767358268],[-5.900642322085735,37.10301200829141],[-5.899164442006631,37.10424374938139],[-5.8964656459516585,37.10648940957382],[-5.893588398307439,37.10888967087462],[-5.8921526090740715,37.11008326410523],[-5.8908551546344965,37.11116704661798],[-5.888244258031648,37.1133401865323],[-5.886058743890799,37.115157159059116],[-5.885250712985041,37.115826349535695],[-5.883692834373372,37.11712752503175],[-5.883432247717364,37.117428237954286],[-5.883429040235718,37.11743193931948]]},"properties":{"id_dera":11010400001657,"ident":691,"nombre":"FONTANAL_PALACIOS","tension_kV":66}},{"type":"Feature","geometry":{"bbox":[-6.0379610478436705,37.38700121249513,-6.004444185448142,37.427283129751686],"type":"MultiLineString","coordinates":[[[-6.029912474745436,37.406659235041445],[-6.028786459037418,37.40867002006845],[-6.027398582682286,37.41118073338745],[-6.0273950979463065,37.411187037155564],[-6.0267638193158115,37.4132338716191],[-6.025976660406747,37.415784138245336],[-6.025980668738038,37.41580132213578],[-6.0262903920291775,37.41712909508789],[-6.026035393601693,37.418478256905075],[-6.026051658547867,37.41850198000879],[-6.027172835602027,37.420137038972754],[-6.027565274446212,37.420709576525574],[-6.029244872215561,37.42316058193334],[-6.030503225111738,37.42499371747331],[-6.030542956096712,37.425051625808855],[-6.030601528033001,37.42513689270898],[-6.0306600964777894,37.42522206956343],[-6.030785878947378,37.425405086142746],[-6.030996008600249,37.425710983832865],[-6.031086491368408,37.42570194968327],[-6.033468015797122,37.42546458161342],[-6.036526472949166,37.42515958099237],[-6.037911000932785,37.425021647465606],[-6.03836304932917,37.42623802362453],[-6.038371413021242,37.42626052833875],[-6.0395475516485355,37.42638417578968],[-6.039553152143408,37.426384764540884]],[[-6.029912474745436,37.406659235041445],[-6.02991102000787,37.406654881969054],[-6.029545287342771,37.40556046811347],[-6.028314698687396,37.403846349341414],[-6.026753317819057,37.40167098087764],[-6.025676238387579,37.40017031965774],[-6.025072513889221,37.399847331638085],[-6.025012431546111,37.39981518772073]],[[-6.025012431546111,37.39981518772073],[-6.024548557688019,37.40118537398854]],[[-6.024548557688019,37.40118537398854],[-6.023675739966502,37.40074417015426],[-6.02250725719249,37.40015349133033],[-6.022502487199598,37.40015108001222]],[[-6.022502487199598,37.40015108001222],[-6.021500917153061,37.399644813652365],[-6.021001750956598,37.3993924917983],[-6.020706078004023,37.39728865136521],[-6.020336282052727,37.39503479820077],[-6.019985939709626,37.3928520239874],[-6.0199852225025205,37.3928475553662]],[[-6.0149783357234785,37.39199034655539],[-6.015191302886925,37.391967334243944],[-6.01545458683322,37.39199746948818],[-6.0157067580221275,37.39205661280104],[-6.01792134080996,37.39255369027869],[-6.018125609487999,37.39248499543072],[-6.018132833602394,37.3924825651205],[-6.018140663859926,37.39248222125151],[-6.018148494117471,37.39248187738201],[-6.018156013169149,37.3924836602396],[-6.018650471950633,37.39260091463704],[-6.019815337662634,37.39286491697401],[-6.019822047578571,37.392841606855306],[-6.019835692324081,37.39282057033407],[-6.01985990829096,37.39281109427746],[-6.01989985953125,37.39280678449473],[-6.019895720668612,37.392858420603005],[-6.0199852225025205,37.3928475553662]],[[-6.012209379416894,37.39136026705581],[-6.012809236738268,37.391442370439584],[-6.013053762192723,37.391476214998136],[-6.013093989987499,37.39151322227808],[-6.013099299786762,37.391577015614516],[-6.0130913635787175,37.39164251622671],[-6.013067935896188,37.39176420410396],[-6.013079226998198,37.39180928355168],[-6.013106061871344,37.39182937737082],[-6.0148622383477734,37.39200289522839],[-6.0149783357234785,37.39199034655539]],[[-6.012209379416894,37.39136026705581],[-6.009907373947466,37.390969719929984],[-6.0093565628837196,37.390812089153115]],[[-6.0093565628837196,37.390812089153115],[-6.009156072163551,37.39077881867938],[-6.008959809370251,37.39074339486286],[-6.00869959588502,37.390702048001216],[-6.008534238190533,37.39068263210158],[-6.008353920634419,37.390629393284534],[-6.008252027175229,37.39058988123117],[-6.008007332025506,37.39053726228572],[-6.007950268767977,37.39053752521073],[-6.007884305410689,37.390553575573946],[-6.007685557891628,37.390579429505785],[-6.007613555585174,37.39056588105966],[-6.0075829419613616,37.39054019655434],[-6.007542799879391,37.39049621110857]],[[-6.002870747109802,37.387906920481775],[-6.002876283950802,37.387906039713286],[-6.0029352577152695,37.38789665849167],[-6.003020906692421,37.387896843073776],[-6.003100602450205,37.38789952156457],[-6.003184869340343,37.387912896344076],[-6.0032730300868185,37.38794829267674],[-6.0033234601023695,37.388006822330794],[-6.003427781940013,37.388200436146306],[-6.003595009851698,37.38848956542893],[-6.003678046022089,37.38862402596456],[-6.003764956236767,37.38869426990985],[-6.004637994765306,37.389144908902615],[-6.0049110656304014,37.390555168163864],[-6.007453828420288,37.3903202764465],[-6.007542799879391,37.39049621110857]]]},"properties":{"id_dera":11010400001669,"ident":706,"nombre":"ARJONA_SANTIPON_","tension_kV":66}},{"type":"Feature","geometry":{"bbox":[-5.857675422479266,37.386778246985884,-5.8572665005461415,37.3868814068373],"type":"LineString","coordinates":[[-5.8572665005461415,37.3868814068373],[-5.857675422479266,37.386778246985884]]},"properties":{"id_dera":11010400001012,"ident":566,"nombre":"ALCORES|RESERVA1","tension_kV":66}},{"type":"Feature","geometry":{"bbox":[-6.124924361545769,37.63603541298556,-6.093491059101216,37.97617354610845],"type":"LineString","coordinates":[[-6.096982396737776,37.6367728968502],[-6.097796179069089,37.63739469039036],[-6.09882976591042,37.63956926821127],[-6.100965664292632,37.64393097807403],[-6.102188952099013,37.64830018402701],[-6.099598950955337,37.65553265057392],[-6.098568526309417,37.65841436305724],[-6.097149292656326,37.662413785842475],[-6.095762694507907,37.66628277178309],[-6.093732126042729,37.671973968663686],[-6.091973437032389,37.67688674941784],[-6.090109818701519,37.682106251502795],[-6.088668664249815,37.6861409287126],[-6.087024878044418,37.69074428879732],[-6.085557555711579,37.6948561158253],[-6.0841402398402336,37.69882318508815],[-6.082149610509481,37.70438999709277],[-6.083138964532911,37.70825660690046],[-6.08424418043466,37.71260049219986],[-6.085591299243948,37.71785037705198],[-6.086270726078213,37.72051493577411],[-6.08726551495965,37.724402346461616],[-6.088109090626805,37.7277244597648],[-6.089029923566608,37.73130663775779],[-6.089846308591518,37.734499882502384],[-6.091003612763496,37.73902719402041],[-6.092069574660632,37.743204417858315],[-6.093498328340088,37.74878438463113],[-6.095012701735868,37.754706750069076],[-6.096111515245507,37.7590394887913],[-6.096821343515702,37.761805884742245],[-6.098503867124073,37.76838130620279],[-6.099437920342777,37.77206277252433],[-6.1000908331111345,37.774587640117794],[-6.101266086686091,37.779193187507616],[-6.102581171708934,37.7843634766819],[-6.1033222351416,37.787279906052774],[-6.104834938001468,37.793198343063764],[-6.105916636926843,37.79741661126812],[-6.1072056062343,37.80247505816347],[-6.1074814546632705,37.80351057971387],[-6.108071729776771,37.80579515925936],[-6.108788766038358,37.80857743944105],[-6.108984886139281,37.80933347408243],[-6.109044465205038,37.8095645319653],[-6.109080868304137,37.809708448953444],[-6.1093920851412244,37.810922575948275],[-6.109583684334195,37.811673910791505],[-6.109715891628882,37.812188332682155],[-6.110619895093238,37.815742012875376],[-6.110764727510923,37.81629842728731],[-6.111280384211198,37.81830896437062],[-6.1116708380959395,37.81983758673861],[-6.111975448619077,37.82101608917002],[-6.1121740984321855,37.821778931888126],[-6.112557313443688,37.82329948238182],[-6.112822546024257,37.824324853434454],[-6.1131409523724685,37.825582824517355],[-6.113518663387768,37.827053961552615],[-6.113815943983578,37.82822163898432],[-6.114043707562848,37.82909795749035],[-6.1146231150673245,37.83136075333657],[-6.114886852655885,37.832390286840976],[-6.114971066717315,37.83270052606615],[-6.115145915956147,37.83339103646289],[-6.116332445126065,37.8380755498977],[-6.117417902234674,37.84233462916001],[-6.117439077726353,37.842414938122715],[-6.117470732956027,37.842537985377646],[-6.1174941493590005,37.84263027942314],[-6.117593019345806,37.84301996529956],[-6.117634533290185,37.84318129356611],[-6.1176963131828375,37.8434219224273],[-6.1177747747341975,37.84372886996614],[-6.117841369515616,37.84399105117272],[-6.1179141660688074,37.84427681278347],[-6.117978607951415,37.84452907122855],[-6.117999697918239,37.84460731754747],[-6.1180885987587414,37.84495080978668],[-6.1181309174908245,37.845115729813806],[-6.1181860945115725,37.845328314834596],[-6.118230950591039,37.845501942816014],[-6.118296290843453,37.84575486545633],[-6.1183491777688115,37.84595942406726],[-6.118396362120554,37.846141937564944],[-6.11842645968517,37.84625883144171],[-6.118463228703014,37.846400153594026],[-6.1184964345815045,37.8465290095206],[-6.118527616834022,37.846651036522665],[-6.118570891692962,37.84681799574446],[-6.118607625108996,37.84695845845711],[-6.118646159100617,37.84711074582457],[-6.118672737035412,37.84721104272358],[-6.118706167729183,37.84734006466971],[-6.118744058550341,37.84748737919126],[-6.118775942682569,37.847610591939045],[-6.118808361874422,37.84773619938283],[-6.11896495932211,37.84834700374544],[-6.1194260942273315,37.85014351122348],[-6.119835261187531,37.85173629443605],[-6.120144505622497,37.85293529132348],[-6.120393725912895,37.853904625759164],[-6.120691999342007,37.85504885124975],[-6.120969227791676,37.85610553748094],[-6.121150617532272,37.856783472951335],[-6.121983265569415,37.86018591281146],[-6.122650322611391,37.86278644524143],[-6.124539312600027,37.870152573205175],[-6.125118041403484,37.8738989470114],[-6.125697592657655,37.87770069996791],[-6.126655328887237,37.883889794393895],[-6.127478668333488,37.889206070454605],[-6.128076930553232,37.89309631955045],[-6.1286122885906495,37.896610821111516],[-6.129615740845955,37.90311326863234],[-6.130665869283954,37.90987736000177],[-6.131020310525985,37.91221575614742],[-6.131980525521083,37.91841817798755],[-6.133015013283642,37.925138931557576],[-6.133359548785835,37.92739783716173],[-6.133972443404852,37.931322765382966],[-6.13469272012738,37.93598199368647],[-6.135475077405916,37.94104192608137],[-6.136003253293684,37.94446626767571],[-6.136488800701487,37.947611814072026],[-6.136925285776712,37.95045873514787],[-6.137188700160134,37.95314945106817],[-6.137650867138863,37.958140684536126],[-6.1380012612397685,37.96178219735193],[-6.13847331416652,37.96679090602421],[-6.13890311698629,37.971297846979546],[-6.139252743244045,37.974959997675164]]},"properties":{"id_dera":11010400001678,"ident":728,"nombre":"GUILLENA - BIENVENIDA","tension_kV":400}},{"type":"Feature","geometry":{"bbox":[-6.067348311209322,37.42486891135096,-6.0424868243847785,37.48234114249857],"type":"LineString","coordinates":[[-6.040185973486704,37.425571248619],[-6.041101076153401,37.42555924610151],[-6.044299708065636,37.42554033870694],[-6.04910453243016,37.42548982276083],[-6.051293241981144,37.42627820132444],[-6.0549626283544,37.4294887172292],[-6.057811919951109,37.43196969406402],[-6.058181290035898,37.43514395004907],[-6.059976135030326,37.45033183850193],[-6.060586241649639,37.45549265926046],[-6.061042121176244,37.45934754549174],[-6.061528182927083,37.46345852980428],[-6.06297900023666,37.47572280557157],[-6.063586924546121,37.48052935846524],[-6.066509885167261,37.48106129651582],[-6.0691517862089075,37.481509916297306],[-6.069669640552138,37.481637371298675]]},"properties":{"id_dera":11010400001658,"ident":693,"nombre":"SALTERAS - SANTIPONCE","tension_kV":220}},{"type":"Feature","geometry":{"bbox":[-6.151194271074114,37.33548054212573,-6.0945003081282545,37.354032116234045],"type":"MultiLineString","coordinates":[[[-6.14409548817797,37.35272304223081],[-6.144099239431193,37.3527176559123],[-6.144228395721697,37.35253220350039],[-6.144276652493764,37.352525855423984],[-6.147554724213635,37.35209458360589],[-6.150769040459076,37.35167160642701],[-6.151425238844634,37.349819902947715],[-6.1514408665379126,37.34977581419596],[-6.151752868622471,37.34887480322729],[-6.151754372246604,37.34887046095249]],[[-6.151754372246604,37.34887046095249],[-6.151748933050188,37.34886926077457],[-6.149009346988152,37.34826472491261],[-6.144503007733586,37.347270170416756]],[[-6.134737763319479,37.345536718573086],[-6.134762511402517,37.34555893895242],[-6.134768368264267,37.34561727758137],[-6.134800212198068,37.345636714811086],[-6.1351181814897835,37.345620045046786],[-6.135502913858001,37.34560059403966],[-6.135934866649549,37.34555893119691],[-6.136394319624935,37.345492254602625],[-6.136815436869349,37.34543946925447],[-6.136870443999648,37.34550891919354],[-6.1369157149078575,37.34574225197841],[-6.1369712652778405,37.34585891868192],[-6.137032664856932,37.34586447001944],[-6.13737350354735,37.34578390879714],[-6.137852951922045,37.34572557070699],[-6.1379251802553645,37.345747800189606],[-6.138005728559064,37.345953354553814],[-6.138061285208153,37.34615335543615],[-6.138066840242479,37.34617835527286],[-6.138089064075411,37.346214463523616],[-6.138114061938456,37.34622557602784],[-6.138183514645364,37.34622557891092],[-6.138222405154708,37.346225573379336],[-6.13824183913569,37.34622557090803],[-6.138347400759389,37.346220019672224],[-6.138447400936671,37.346217237985314],[-6.1385668467228145,37.34621446239041],[-6.138680736970721,37.3462089059185],[-6.138789080125938,37.346208902751194],[-6.1388835221753855,37.34622279292792],[-6.140236323116274,37.34663944410527],[-6.140375204261686,37.34668111087052],[-6.141161335906833,37.346925549625986],[-6.1413502204306045,37.34698387941756],[-6.141472447362207,37.34701721165868],[-6.141636339679925,37.34706998831542],[-6.141808566641352,37.34711720916188],[-6.141925230172674,37.34715054466133],[-6.1419891239666775,37.34712276163169],[-6.142019680450266,37.34711720991508],[-6.142103010944541,37.34714498918652],[-6.142164124290222,37.347156095672034],[-6.142278019432355,37.34717553870486],[-6.142491904366495,37.34718109626485],[-6.14259468726616,37.347172758874144],[-6.142719690448132,37.347131087663115],[-6.142828029901476,37.347083867723924],[-6.142916914515864,37.34702830810548],[-6.142986364407325,37.34701442359247],[-6.143103030957524,37.34699775157296],[-6.14320581171122,37.34700885759036],[-6.143280809927488,37.34702274775517],[-6.143353034780742,37.34703941467778],[-6.14343637344958,37.347053308158806],[-6.143822489458382,37.34711996600629],[-6.144503007733586,37.347270170416756]],[[-6.105516731621844,37.33668951978102],[-6.105521322101346,37.336692139221334],[-6.108088092029126,37.33815674475511],[-6.109303527600635,37.338873906069104],[-6.111290001324828,37.34004595976526],[-6.112804853889141,37.34093968579725],[-6.115108896016559,37.34229901047772],[-6.118104396884563,37.343960631289015],[-6.121604927169023,37.34429252661807],[-6.12592750782334,37.3447022126868],[-6.130542007179933,37.345139380641264],[-6.133919003900123,37.345459194680096],[-6.134737763319479,37.345536718573086]],[[-6.0944757337425015,37.34401965661436],[-6.094437330193169,37.34365176615225],[-6.0944341651718315,37.34362144636734],[-6.094060755310932,37.3433319644815],[-6.094846728290394,37.341889558674126],[-6.097244623203303,37.34027206299196],[-6.099346395433122,37.3388549516298],[-6.101420392056506,37.338126897825106],[-6.105511566238232,37.33669133240303],[-6.105516731621844,37.33668951978102]]]},"properties":{"id_dera":11010400001509,"ident":731,"nombre":"ALJARAFE_BOLLULLM","tension_kV":66}},{"type":"Feature","geometry":{"bbox":[-5.9762137782034,37.42996958165109,-5.8712233026322505,37.47084262189772],"type":"MultiLineString","coordinates":[[[-5.970913730044052,37.43888128854326],[-5.970969467967061,37.4388163221213],[-5.971573284114996,37.43814693219346],[-5.97174366374208,37.4378943198687],[-5.974310599235473,37.43400166334747],[-5.975809638477959,37.431805257552625],[-5.976259191896263,37.431115621532854],[-5.975982732722005,37.43096823676619],[-5.975322452904586,37.430677691573386],[-5.973342930239653,37.4300418928653]],[[-5.970913730044052,37.43888128854326],[-5.970876035697557,37.43893690564871],[-5.969922340043976,37.4404005785449],[-5.968389300043853,37.44257697854725],[-5.966537760043693,37.44446430854931],[-5.96623303004367,37.4459484785509],[-5.964953110043561,37.44783006855293],[-5.963635670043456,37.44976858855504],[-5.962145180043327,37.45198168855742]],[[-5.962145180043327,37.45198168855742],[-5.960046310043158,37.452620158558105],[-5.956857030042902,37.45421313855984],[-5.953621870042636,37.455826678561586],[-5.950441460042384,37.4574149485633],[-5.947461450042141,37.45890095856491],[-5.945270420041963,37.460686478566856],[-5.9431903300418085,37.46238114856869],[-5.941516540041672,37.46374392857014],[-5.939303200041497,37.4655487885721],[-5.93702828004132,37.46740235857409],[-5.934722160041134,37.46928129857613],[-5.9315801400408885,37.46908398857592],[-5.92843514004065,37.468886478575705],[-5.925435720040423,37.46869795857552],[-5.922698950040211,37.46723311857392],[-5.919962010040002,37.46576870857238],[-5.917225410039803,37.46430417857079],[-5.914523480039596,37.46285746856926],[-5.911875450039398,37.46144078856773],[-5.909283770039203,37.460052898566246],[-5.906175820038971,37.45910643856522],[-5.903070620038742,37.45816087856419],[-5.90001682003851,37.45723120856323],[-5.896766330038275,37.45624051856217],[-5.893627680038046,37.455284378561124],[-5.890538040037821,37.454343018560124],[-5.887425650037598,37.45339450855913],[-5.884352100037375,37.45245771855811],[-5.881184030037142,37.45149245855706],[-5.878102350036926,37.45055354855607],[-5.875037470036714,37.44961865855506],[-5.8720963900365035,37.44872414855412]],[[-5.870305830036384,37.446862168552094],[-5.87287307003656,37.44489970854999],[-5.875907910036779,37.444192268549195],[-5.878939660036995,37.443484878548446],[-5.883191270037294,37.44249508854736],[-5.883362116655156,37.44238067966533],[-5.88503656003743,37.441285808546056],[-5.885126706271199,37.44119673404325],[-5.8855466100374665,37.4407839685455]],[[-5.870305830036384,37.446862168552094],[-5.871170352544397,37.44775657943726],[-5.8720963900365035,37.44872414855412]]]},"properties":{"id_dera":11010400001037,"ident":638,"nombre":"AEROPUER_CROSS_SJ","tension_kV":132}},{"type":"Feature","geometry":{"bbox":[-5.87293423696093,37.357136815066895,-5.857307611519441,37.38538083947777],"type":"MultiLineString","coordinates":[[[-5.872936917836387,37.357207092234795],[-5.872936727762753,37.3572115948198],[-5.872908835852232,37.35787231025732],[-5.87286292643447,37.35894345876298]],[[-5.8722519482684925,37.35715339793941],[-5.872258088751058,37.35715387930553],[-5.872930340145641,37.357206576633274],[-5.872936917836387,37.357207092234795]],[[-5.87286292643447,37.35894345876298],[-5.871772849387235,37.36220690205224],[-5.872595444829397,37.36516097998954]],[[-5.872595444829397,37.36516097998954],[-5.872482973422503,37.36763613433893],[-5.871158796930892,37.369092353418424],[-5.869900797699621,37.37047579625573],[-5.867322445312651,37.373204345477916],[-5.865564907452204,37.37506405206874],[-5.864077778247706,37.37663758148756],[-5.864041502838175,37.37667596276378],[-5.862406273477644,37.37840613335428],[-5.86240365740185,37.37840889990157]],[[-5.86240365740185,37.37840889990157],[-5.861282265458278,37.37959534326946],[-5.858815071537608,37.38220548066221]],[[-5.857656494794475,37.385370512544455],[-5.857890685500717,37.38318337020229],[-5.858048862446976,37.38301609218278],[-5.858342188993348,37.38270561022186],[-5.858815071537608,37.38220548066221]],[[-5.857307611519441,37.38538083947777],[-5.857337056998213,37.385379967932266],[-5.857656494794475,37.385370512544455]]]},"properties":{"id_dera":11010400001016,"ident":562,"nombre":"ALCAGUAD_ALCORES","tension_kV":132}},{"type":"Feature","geometry":{"bbox":[-5.960017891278106,37.37656107678713,-5.960008667558337,37.37656626371203],"type":"LineString","coordinates":[[-5.9600084728207605,37.376561312722444],[-5.960014673641124,37.376564354084266],[-5.96001808601631,37.37656602777666]]},"properties":{"id_dera":11010400000959,"ident":653,"nombre":"NERVION_RESERVA","tension_kV":66}},{"type":"Feature","geometry":{"bbox":[-6.038846161237818,37.41634461646892,-5.9850370725247215,37.42658818926195],"type":"MultiLineString","coordinates":[[[-5.993464680687035,37.424177604490204],[-5.994436738341647,37.42337269269113],[-5.9944790862986865,37.42337221166733],[-5.9972022769524544,37.423341247640614],[-5.997207190022571,37.423341536577915],[-6.000296020032982,37.42352314974499],[-6.0038008772720355,37.4237292818197],[-6.006451597457491,37.42388307931426],[-6.0108452660152345,37.42415557620194],[-6.013376970160968,37.424304131755605],[-6.016163708414657,37.42446756742338],[-6.019035837823685,37.42463596027334],[-6.0218109108048905,37.42479847029571],[-6.023689542868727,37.42490853520442],[-6.024898215048186,37.424979321057215],[-6.028153819088581,37.42517010341939],[-6.0304631308053835,37.42530506146083],[-6.0304730737629875,37.42530564330585],[-6.030848508695695,37.42532761250387],[-6.031110133425317,37.425363768796096],[-6.03142111615068,37.42540674552174],[-6.0348410060258235,37.425099091380815],[-6.037921227164793,37.424821842154394],[-6.038147171427545,37.42480604482369],[-6.0384082267454495,37.424787792091756],[-6.039179856836917,37.42473383706401],[-6.039185484055454,37.42473344357081]],[[-5.992805644043594,37.423717757376416],[-5.99346042930296,37.42417463808912],[-5.993464680687035,37.424177604490204]],[[-5.992805644043594,37.423717757376416],[-5.990014093804289,37.42005247105577],[-5.989999650319189,37.42003350575515],[-5.9872667006066775,37.41867911098469],[-5.987263823717899,37.418677953521275],[-5.984996214214082,37.4177655896563],[-5.984984207871261,37.41776404940078],[-5.9846905445614995,37.41772637587336],[-5.984684968001913,37.41772566045937]]]},"properties":{"id_dera":11010400001038,"ident":709,"nombre":"EMPALME_SANTIPON_3","tension_kV":132}},{"type":"Feature","geometry":{"bbox":[-5.904234214737871,37.243389620834165,-5.830631724617842,37.30165181683601],"type":"LineString","coordinates":[[-5.906319107257409,37.29911901982508],[-5.906390757746776,37.29946506142922],[-5.905530525579649,37.29983525212972],[-5.903875858191365,37.298255538285034],[-5.9016477361439215,37.29678047718183],[-5.897967537692798,37.295830324172314],[-5.894857658772653,37.29502351441035],[-5.892306421355638,37.2943740769175],[-5.888745194723462,37.29345874773232],[-5.885338508833852,37.29207228452049],[-5.881890161058984,37.29067750612814],[-5.879990161851474,37.29052665545451],[-5.875270437480653,37.29009408157117],[-5.871001431678295,37.28969398984381],[-5.867852361515124,37.28939139284556],[-5.862953319245589,37.28986557138415],[-5.857872785030818,37.28930704000355],[-5.853447117021422,37.28885873309744],[-5.8490654196768626,37.288375951067856],[-5.845193604503155,37.29038192522413],[-5.840602700472844,37.292762966757614],[-5.838529596134257,37.293821880232464],[-5.838415554299541,37.293594740497745],[-5.8366629018254175,37.29021545599035],[-5.835495278332487,37.28810942938866],[-5.833414777191568,37.28430859092455],[-5.831438451918875,37.28072446863945],[-5.829731453889827,37.277635960849196],[-5.831112398265182,37.27471253051806],[-5.8326421423138335,37.271472026385815],[-5.8341724256864635,37.268225092486915],[-5.835422073416797,37.26557004487769],[-5.837047052284685,37.26211868817654],[-5.8388136025899104,37.25839123931477],[-5.840436801067919,37.25495420745375],[-5.842062139329587,37.25143681627104],[-5.843662642068881,37.248051110067635],[-5.844953362441299,37.245326946671575],[-5.845012975395149,37.2449249705143],[-5.844804926573382,37.24483345533378]]},"properties":{"id_dera":11010400001032,"ident":626,"nombre":"DON RODRIGO - DOS HERMANAS 1","tension_kV":220}},{"type":"Feature","geometry":{"bbox":[-5.836923472323403,37.083661395085684,-5.632716817388528,37.248769176460556],"type":"MultiLineString","coordinates":[[[-5.842923664426643,37.243905339987045],[-5.842918869264278,37.24390297350455],[-5.842772086173611,37.243830533744465],[-5.842761840455367,37.24382547730967],[-5.84238737600966,37.24337779934386],[-5.842322144212205,37.2433163718808],[-5.84081706640733,37.24189903283693],[-5.840806272573017,37.24188886796965],[-5.840298622057277,37.23883890419267],[-5.840297599689622,37.238832761557674],[-5.8403449376611745,37.23538011270404],[-5.840392192806298,37.232090599745725],[-5.8404283234035494,37.229618840731796],[-5.840464355966034,37.22722820050455],[-5.839857286844128,37.22404302793593],[-5.83927674541695,37.220998507009575],[-5.83871286263448,37.2180362213429],[-5.83812675260374,37.21496226692552],[-5.837565644036738,37.21201498102563],[-5.837033428805866,37.20922325963665],[-5.836417040571222,37.205989844471276],[-5.835789327757321,37.20269177921462],[-5.834999565492116,37.20090380900476],[-5.834369475791243,37.200204344774676],[-5.834367767901228,37.20020244881937],[-5.832621227986722,37.197967234753094],[-5.830907649262265,37.19571745393419],[-5.828709814745095,37.194276144946514],[-5.826489263459148,37.192819935586705],[-5.826481683478054,37.19281188197549],[-5.825104176380919,37.19134826571539],[-5.822118048580145,37.18817876644888],[-5.819667021632659,37.18557857938919],[-5.81623120402128,37.1829802080356],[-5.816224657716231,37.18295529184027],[-5.815769147133375,37.18122151062954],[-5.815340128136385,37.17959767039785],[-5.811876304526609,37.17814021185982],[-5.811865961197152,37.17813585950523],[-5.809192937894769,37.17625720605305],[-5.806770657460332,37.17455159243888],[-5.8035467258051785,37.17228210191245],[-5.8006872501719915,37.17027095152481],[-5.797950752965828,37.16834566598569],[-5.797922537833057,37.16832581415397],[-5.797520331132137,37.16589784603017],[-5.797064768297116,37.16315103359271],[-5.79705582657562,37.16309711753986]],[[-5.781626572610234,37.170201783695866],[-5.781631440208903,37.170199520052066],[-5.7842911867677715,37.1689625728812],[-5.7876683001990115,37.16739153618434],[-5.790490613809953,37.1661006188888],[-5.79369389472564,37.16463523369327],[-5.79705582657562,37.16309711753986]],[[-5.781626572610234,37.170201783695866],[-5.781620952465886,37.170202047640075],[-5.780062303150112,37.170275237671675],[-5.777308115394267,37.17040450781551],[-5.777280991397568,37.17040578058421]],[[-5.777280991397568,37.17040578058421],[-5.777280326562909,37.17048526693359],[-5.777275619055917,37.171048082602326],[-5.777274253747448,37.17105016015501],[-5.77727300409684,37.17105109057093],[-5.777270219658311,37.171052237188434],[-5.777253357890063,37.17105426347724],[-5.7766585405091435,37.17102137370599],[-5.776566128487382,37.17104485999362],[-5.776436940782806,37.171118238109614],[-5.776340248604905,37.171151854021154],[-5.77623537791069,37.17119153681738],[-5.77543535846565,37.17282616495251],[-5.775409305423898,37.172912481051505],[-5.77539396646018,37.17304110618934],[-5.775304619854819,37.173198336444315],[-5.775220634040685,37.17326662640379],[-5.775190316461901,37.17328808942024],[-5.775096118706481,37.17331056211185],[-5.7750251709224925,37.17331445869185],[-5.774726995731218,37.17329822939983],[-5.77430451816296,37.17332253201356],[-5.774025115456986,37.17341749247305],[-5.773875260866285,37.173454621979594],[-5.7734351207839545,37.17358939819356],[-5.7729825562955295,37.17376632976295],[-5.772590636049637,37.17395943937676],[-5.772213355895832,37.17418313169972],[-5.771849818165293,37.17444150996371],[-5.771484760761607,37.17476192897266],[-5.771172500996392,37.17509459275014],[-5.7709560115616005,37.17537165132765],[-5.770539097096758,37.17607313081551],[-5.770478583466869,37.176182112992144],[-5.770424724065201,37.17621644368018],[-5.770389519979524,37.17622258351819],[-5.770106693487125,37.176116276984864],[-5.7686259116463665,37.17559816831489],[-5.768343939487253,37.17540034643656]],[[-5.768343939487253,37.17540034643656],[-5.76637516688338,37.17291159707723],[-5.764424765255939,37.17057291655933],[-5.762748035087792,37.16858656740092],[-5.761071394657388,37.1666001906052],[-5.75916948873039,37.164346172126606],[-5.757124260305235,37.16192189752732],[-5.755265653256583,37.15971888818955],[-5.754134671166565,37.15809557503996],[-5.752423222147786,37.155639303867645],[-5.751235955398832,37.15393499462044],[-5.749627913063963,37.151627307600975],[-5.748105923846011,37.14944249780765],[-5.74614897603044,37.14663307997972],[-5.744683569847047,37.14452864336327],[-5.74279025880416,37.141809606272645],[-5.741312400121926,37.139688470836404],[-5.739386101140158,37.1369216558559],[-5.737973189049216,37.13489196994184],[-5.7364054720773066,37.13264001535695],[-5.734464019270672,37.129851474126525],[-5.732960501640324,37.12769188653681],[-5.730339732830345,37.12636733049064],[-5.728496717766787,37.12543510132781],[-5.724693499222388,37.12393307275404],[-5.722264769449116,37.12297311485727],[-5.719893414791248,37.12203612025293],[-5.716933133441071,37.120866566409525],[-5.714155103438546,37.119768730087316],[-5.711625294586384,37.11876905065898],[-5.7089047187558615,37.1176940148023],[-5.706307339695648,37.116666836768424],[-5.7040205962381805,37.11576291030306],[-5.701032023895938,37.11458152023321],[-5.698132551828047,37.11433242102015],[-5.694837694170512,37.114048533941045],[-5.691508615435577,37.11376361949122],[-5.688347766062809,37.113491016535534],[-5.685962074641193,37.11271748324557],[-5.6825919011097,37.11163230779526],[-5.679707457195836,37.110694207052916],[-5.677150266120839,37.109867416266674],[-5.673734719637016,37.10876498383238],[-5.671692797556879,37.108102894719316],[-5.6699741075376044,37.1075481168882],[-5.66649501897462,37.10641815586514],[-5.66344925152756,37.10543416574727],[-5.661267350381848,37.10472799786887],[-5.657647368543345,37.10407277845964],[-5.655493141111186,37.103682908035395],[-5.65188184927874,37.10302893786547],[-5.648395278447179,37.102397663222376],[-5.645861617351812,37.101938771667164],[-5.643132792875204,37.101444435293104],[-5.640682404515183,37.10100051700072],[-5.6376100701301155,37.100383674270226],[-5.6346097876268715,37.10056852353905],[-5.6322184621042695,37.100728424499934],[-5.629889037085659,37.100899709724025],[-5.627598489498093,37.10105517078801],[-5.627592884882767,37.1010555511223]],[[-5.627592884882767,37.1010555511223],[-5.627948153780498,37.09654542096035],[-5.627948357988066,37.09654282839544],[-5.627938353250073,37.092860124991525],[-5.62805340585322,37.09032305147359],[-5.628053000820583,37.09031628256168],[-5.627954673719374,37.08867300267154],[-5.627951940007509,37.08862731482029],[-5.627817909610825,37.088486281220426],[-5.627814502901917,37.08848269649922]]]},"properties":{"id_dera":11010400001594,"ident":544,"nombre":"CORONIL_DRODRIGO","tension_kV":66}},{"type":"Feature","geometry":{"bbox":[-5.720698474712383,37.39958448790181,-5.647876836933845,37.47609575048866],"type":"MultiLineString","coordinates":[[[-5.647876836933845,37.47609575048866],[-5.6478814350906825,37.476093130168536],[-5.6487318509942455,37.475608503273136],[-5.6512134824614675,37.47583445758145],[-5.652530331987955,37.47573844011896],[-5.653889188232256,37.475465136119055],[-5.6551799716540785,37.47461725243636],[-5.657805394818106,37.47389429865577],[-5.657936009378366,37.47385832552384],[-5.660875837528692,37.47304860847505],[-5.661119224432313,37.47298158982597],[-5.664210454809943,37.47213029055079],[-5.667208545791114,37.46987296037033],[-5.669528288588322,37.46815722031938],[-5.672119751083147,37.46620460864046],[-5.674452246884351,37.464434240134864],[-5.676944647814731,37.46252269597729],[-5.679157819506233,37.46082657863788],[-5.681213373387965,37.45926510828791],[-5.683564121963257,37.457495503034686],[-5.686008008622776,37.455656422708394],[-5.688609681744629,37.45369755106888],[-5.689402642515123,37.45308955471423],[-5.6910846705106115,37.451799810416446],[-5.693389380467007,37.45003620005702],[-5.695980916083516,37.448026039634534],[-5.697879046999925,37.446553934620965],[-5.700467341105438,37.444494823317946],[-5.702763092209016,37.44269555729318],[-5.703239580860122,37.44232232651428],[-5.703262751058098,37.442304180610655],[-5.705292450031711,37.440714555864446],[-5.707685867552175,37.438837810374224],[-5.709710496847504,37.43725124797463],[-5.711860230443624,37.435567076137694],[-5.713795308347851,37.434049542868614],[-5.7140868810809256,37.43363419977298],[-5.714175116536014,37.43350854291267],[-5.715447954028473,37.43169459219978],[-5.7169696963410335,37.42952528132465],[-5.718254841409063,37.427692816957446],[-5.719891405542908,37.425359893854555],[-5.7215246343341715,37.42303117118061],[-5.721324473070779,37.42063192583511],[-5.7210904948003,37.41782841471238],[-5.721261204960523,37.415132872580365],[-5.7204673947849445,37.41318874427837],[-5.719544256733374,37.410927722028816],[-5.718257548416972,37.4077759804792],[-5.717338046953518,37.40552349459826],[-5.716327713066033,37.40304832559126],[-5.715912213864486,37.40206895981443]],[[-5.715912213864486,37.40206895981443],[-5.715886578218625,37.401994297896636],[-5.716151614045314,37.40170402016332],[-5.715628385302025,37.40096323423513],[-5.714358017160427,37.399730317975376],[-5.71416980301518,37.399862269028425],[-5.714165561187588,37.399865242832334]]]},"properties":{"id_dera":11010400000972,"ident":536,"nombre":"CARMONA_VISO","tension_kV":66}},{"type":"Feature","geometry":{"bbox":[-6.012046596112198,37.387682799347026,-6.003030204441006,37.391808176961995],"type":"MultiLineString","coordinates":[[[-6.012194498862299,37.39137615319284],[-6.012164202163442,37.39151557723349],[-6.012152328165634,37.39157153447404],[-6.012151385651419,37.39157597615014]],[[-6.012194498862299,37.39137615319284],[-6.009906569091066,37.3909879954874],[-6.009351982969125,37.39082972197864]],[[-6.007524556567354,37.39050681204369],[-6.007565572674381,37.39055175738774],[-6.007601841439254,37.39058218162519],[-6.007684755728258,37.39059778608218],[-6.00788943464907,37.39057115046955],[-6.007953710012,37.39055553051065],[-6.0080043935823015,37.39055528578624],[-6.008244088433154,37.3906068336261],[-6.008345041370683,37.39064598217874],[-6.008528615885325,37.39070018330789],[-6.008695743942582,37.39071981544863],[-6.008955115471362,37.39076100354517],[-6.009151288058809,37.39079642966549],[-6.009351982969125,37.39082972197864]],[[-6.002875155496677,37.3879245770095],[-6.002880692847504,37.38792369699739],[-6.002937444694648,37.38791467781089],[-6.0030204059475745,37.38791485859778],[-6.0030979081876215,37.38791746667739],[-6.003177469575211,37.3879300780024],[-6.003257712128327,37.387962305649225],[-6.0033035954457405,37.388015562618605],[-6.00340716106915,37.3882077720235],[-6.003574631785922,37.38849732766552],[-6.003659429925423,37.38863462676857],[-6.003750808231125,37.38870817211854],[-6.003752686422011,37.38870939485296],[-6.004617238148335,37.389155636356826],[-6.004892074892022,37.39057505940657],[-6.007443861573795,37.39033932575871],[-6.007524556567354,37.39050681204369]]]},"properties":{"id_dera":11010400001285,"ident":662,"nombre":"ARJONA_CENTENAR","tension_kV":66}},{"type":"Feature","geometry":{"bbox":[-6.024467278828343,37.37756628118477,-6.0125792287556425,37.401730160407666],"type":"MultiLineString","coordinates":[[[-6.025230405426814,37.399792667741316],[-6.025230859791002,37.399783167374906],[-6.025293168446942,37.39848032382879],[-6.025301394887626,37.39830855594712],[-6.0252905843815014,37.39826466489044],[-6.024758271060458,37.39610338821361],[-6.024657313960817,37.39569324114167],[-6.0246562258238985,37.395688820465075]],[[-6.025230405426814,37.399792667741316],[-6.025227536693767,37.39980111427243],[-6.025218489324213,37.39982775280955],[-6.025190530787922,37.39991046288146],[-6.024968139005971,37.40056742514975],[-6.024704348992127,37.40134654594523],[-6.024642538378983,37.40142190499567],[-6.0245606161386505,37.401381894236565],[-6.024555799998621,37.401379542034356]],[[-6.0246562258238985,37.395688820465075],[-6.024172212135855,37.39334887244524],[-6.023817027007236,37.39163139505717],[-6.0235469468297556,37.39032558489913],[-6.02305526494215,37.38794857650207],[-6.023054345531436,37.38794413151957]],[[-6.022393346835307,37.40028785581956],[-6.023566587481052,37.40088081640351],[-6.024469049707125,37.4013371612919],[-6.024550984225894,37.401377189353255],[-6.024555799998621,37.401379542034356]],[[-6.023054345531436,37.38794413151957],[-6.023056477224661,37.38793995983745],[-6.024447222074109,37.38521819218711],[-6.02446714681849,37.38517919676226],[-6.023012737053888,37.383384787346],[-6.021887463580077,37.3819963288986],[-6.0197612800035625,37.37937225894428],[-6.019758468470573,37.37936916262096],[-6.01831315917415,37.37777741007094],[-6.018265451139199,37.37772486665699]],[[-6.022393346835307,37.40028785581956],[-6.02154406408091,37.399858607534405],[-6.020851367320823,37.39950837510344],[-6.0208104117095536,37.39948766742482],[-6.0205041967099255,37.39730678698204],[-6.020134785090967,37.395055608378705],[-6.019785086086916,37.39287678561301]],[[-6.019785086086916,37.39287678561301],[-6.019831447392696,37.39288729251905],[-6.019832145483356,37.39288695931573],[-6.019838956289475,37.39286334927542],[-6.019783700008206,37.392868149277135]],[[-6.019785086086916,37.39287678561301],[-6.019784417196851,37.392872617900125],[-6.019783700008206,37.392868149277135]],[[-6.014980983619128,37.39200823670302],[-6.015191218454448,37.39198551935317],[-6.015449782686059,37.39201510824852],[-6.015700518038324,37.39207392779298],[-6.017922849637605,37.3925727267213],[-6.018134383606588,37.392501593705745],[-6.018137993067181,37.392500378573814],[-6.0181419066033275,37.39250020668244],[-6.018145820139338,37.39250003479103],[-6.018149579809803,37.39250092625392],[-6.018644175520828,37.392618213220366],[-6.019785086086916,37.39287678561301]],[[-6.018265451139199,37.37772486665699],[-6.018217940738583,37.37773695775029],[-6.014930451256454,37.37857354719363],[-6.013895319921228,37.378540324999484],[-6.013889679132547,37.37854014393548]],[[-6.012216667042159,37.39137954376093],[-6.0128054079549695,37.39146012840461],[-6.013041983863207,37.39149286011795],[-6.013071964627849,37.39152045148337],[-6.013076657946288,37.391576745873635],[-6.013068959028652,37.39164027617062],[-6.013045027351689,37.39176460792596],[-6.013058499960708,37.39181847996211],[-6.013095986786775,37.391846537716724],[-6.014862378744183,37.39202105658243],[-6.014980983619128,37.39200823670302]],[[-6.012216667042159,37.39137954376093],[-6.012173575623013,37.39157501713094],[-6.012172597490261,37.39157945417185]]]},"properties":{"id_dera":11010400001634,"ident":705,"nombre":"CENTENAR_REMEDIOS","tension_kV":66}},{"type":"Feature","geometry":{"bbox":[-5.992163543845861,37.41774789479717,-5.963353011263586,37.51839743017408],"type":"MultiLineString","coordinates":[[[-5.991230841928958,37.43200323834138],[-5.9913284172497265,37.432026988216805],[-5.991350180404508,37.43195719243003],[-5.991912764220003,37.43017478618131],[-5.991913669290825,37.4301719172779],[-5.9922875394123345,37.42898680029082],[-5.992562792182627,37.42811424080738],[-5.992574913112992,37.428075816614715],[-5.991780930354001,37.42727016719745],[-5.990698385409474,37.426171679012974],[-5.990696503250593,37.42616998537747],[-5.989624804263583,37.42520561407433],[-5.988708557493307,37.42326621181774],[-5.987635552025935,37.421007012137885],[-5.987282064226403,37.418882096434295],[-5.987221432566763,37.41885687303978],[-5.9850743169670935,37.41796361992911],[-5.985064661155175,37.417959602737135],[-5.98490853874126,37.417932556138574],[-5.984903019119823,37.41793159991697]],[[-5.985982924857192,37.448604118415034],[-5.986020940279309,37.44848471271909],[-5.986546237655032,37.4468346429982],[-5.986547582611847,37.44683038312481],[-5.987107644618746,37.4450607202018],[-5.987551835602435,37.443656031376484],[-5.988087899245908,37.44195609138195],[-5.9887749446016825,37.43978252917929],[-5.9887890892556825,37.43973756997855],[-5.989353751687162,37.43795103258682],[-5.989921889182242,37.43617008109368],[-5.990472396317616,37.434407828146185],[-5.990601535532646,37.433996695508036],[-5.99122946280433,37.432007607121385],[-5.991230841928958,37.43200323834138]],[[-5.9768646722640035,37.43456390591829],[-5.976870321656689,37.43456394002957],[-5.979388910101107,37.4345791205889],[-5.979413014355234,37.43456813934178],[-5.98228403613549,37.433260121304365],[-5.985055599053888,37.43209284549829],[-5.9887882283466185,37.43144993114389],[-5.98888731839556,37.43143282769146],[-5.9912270227209286,37.43200230879569],[-5.991230841928958,37.43200323834138]],[[-5.985982924857192,37.448604118415034],[-5.985983134977621,37.44860347010052],[-5.9859818385394785,37.44860753051252],[-5.985982924857192,37.448604118415034]],[[-5.980930864720437,37.46460712442598],[-5.981497832156089,37.46280781351244],[-5.981509245556832,37.46277159202871],[-5.982056655760124,37.46103430399702],[-5.982068921930351,37.4609953758377],[-5.9826156658378835,37.45926011138171],[-5.982644071834539,37.45916996609023],[-5.983174400545356,37.45748669799941],[-5.983175785647597,37.45748230199442],[-5.983736383833797,37.45570291009288],[-5.9837369770372595,37.45570105699118],[-5.984297972130695,37.453920309883955],[-5.98429723033992,37.453922689344566],[-5.984853896643304,37.452155618626456],[-5.984853149158191,37.45215785406826],[-5.985412817362655,37.45038131607674],[-5.985412580098055,37.45038416034485],[-5.985616609739966,37.44973434689113],[-5.985982924857192,37.448604118415034]],[[-5.980930864720437,37.46460712442598],[-5.980379646057707,37.46635387419057],[-5.979817379760195,37.46813557205548],[-5.979257851244845,37.4699085302356],[-5.978780982584389,37.471419478839124],[-5.978304107880075,37.47293042569155],[-5.977827215836149,37.47444137107747],[-5.977361333354461,37.47591737411496],[-5.977217980023598,37.47637153350484],[-5.977096746234025,37.477953621390256],[-5.976988050741454,37.47944860498435]],[[-5.980930864720437,37.46460712442598],[-5.979232395394431,37.46399804692242],[-5.976426065734136,37.46300890180988],[-5.974494347779369,37.46232708812404],[-5.972455131954829,37.46159586710687],[-5.972340734152911,37.46155520746921],[-5.970458746201374,37.4608862392656],[-5.970225321630959,37.460803518566806],[-5.968178403894966,37.460078110251615],[-5.966134169717482,37.458782040737034],[-5.964389573118239,37.45768151042288],[-5.961904218891324,37.4574284877938],[-5.960925945402645,37.45698446979821]],[[-5.976297185578827,37.4819862357985],[-5.975696069124706,37.480176782439955],[-5.976988050741454,37.47944860498435]],[[-5.974406457874954,37.51811934038484],[-5.974406054875265,37.518114846818364],[-5.97428949433515,37.51681513929185],[-5.974438512328663,37.514907680822404],[-5.974567556739772,37.51301577231019],[-5.974703065281446,37.511131206087065],[-5.974837991482407,37.50925485347205],[-5.974972571730223,37.507383266562755],[-5.975120096457957,37.505331317249336],[-5.975253910501859,37.50347024571666],[-5.975387682377881,37.50160962529819],[-5.97552055602878,37.49976150638858],[-5.975656619319904,37.49790744119348],[-5.975789257629206,37.49606112098801],[-5.975926459447144,37.494204503609126],[-5.9760591373830545,37.4923451164412],[-5.976239630356715,37.489823073180595],[-5.975034763610691,37.48933063255617],[-5.975370406212813,37.48825048402283],[-5.975719047894615,37.48679319352355],[-5.975943918065052,37.48585325148584],[-5.976535520911916,37.48571409857601],[-5.977016843495714,37.48396404731471],[-5.976297185578827,37.4819862357985]],[[-5.974406457874954,37.51811934038484],[-5.974525249678355,37.517614908868914],[-5.974526292400014,37.51761048107762]],[[-5.961101186838265,37.45560733849124],[-5.961301911929618,37.454767490684624],[-5.9613766201931355,37.45436915900122],[-5.9608565133542974,37.45417367135478],[-5.960851401942011,37.45417175016021]],[[-5.960925945402645,37.45698446979821],[-5.961013512031606,37.45629595060077],[-5.961101186838265,37.45560733849124]]]},"properties":{"id_dera":11010400001650,"ident":679,"nombre":"ALCALRIO|EMPALME|FASA_REN|RENFEACR","tension_kV":66}},{"type":"Feature","geometry":{"bbox":[-5.98506728819295,37.416968742624526,-5.9850662545980775,37.41697770706255],"type":"LineString","coordinates":[[-5.98506728819295,37.416968742624526],[-5.9850662545980775,37.41697770706255]]},"properties":{"id_dera":11010400001105,"ident":675,"nombre":"EMPALME_RESERVA","tension_kV":66}},{"type":"Feature","geometry":{"bbox":[-6.089586669018937,37.23027258007189,-5.8491105239866945,37.35075800950923],"type":"LineString","coordinates":[[-6.094015115910194,37.34460075714599],[-6.093844297709346,37.34359079114259],[-6.0938216909561245,37.340167877026026],[-6.093819970666867,37.33700364531397],[-6.093816181325723,37.33356888263215],[-6.0933557449668445,37.330763464489394],[-6.0928499794252,37.32770198168125],[-6.092317313007647,37.32445657417072],[-6.091958168605266,37.32228832692573],[-6.091471715273,37.319334003089175],[-6.090901496969728,37.31583222679688],[-6.090371750990234,37.31265034081163],[-6.088178248382416,37.30924403938615],[-6.085495321494643,37.30507997975344],[-6.083007248789193,37.30121352307377],[-6.083376857501985,37.29729901292057],[-6.083732414277193,37.293469025985786],[-6.083998594322361,37.290604317707604],[-6.084319333977177,37.28709618848033],[-6.084688599345878,37.28310914560693],[-6.085064610990097,37.27905047042947],[-6.085429523082513,37.27513192605172],[-6.085729997208309,37.27191355470045],[-6.083145799300663,37.26789711429905],[-6.080673321500164,37.264053226034626],[-6.078077124715616,37.26116193850518],[-6.075317226067403,37.25808778657354],[-6.07162704838852,37.25631235831512],[-6.0672917515109335,37.25422420392172],[-6.0636248413912215,37.25395358020452],[-6.0590878184796,37.25371552788966],[-6.055701240407092,37.25353900056493],[-6.052269398046739,37.25459871881633],[-6.048832054516125,37.25558103411434],[-6.0446951658572114,37.256762460364854],[-6.040588339956562,37.257935043075534],[-6.0358090322724465,37.25848967578727],[-6.03103927761374,37.25904549420636],[-6.026134891018925,37.259610871161016],[-6.021844447176793,37.260823819112794],[-6.017451177144254,37.262068251059134],[-6.0121810158979985,37.26355922105761],[-6.007392147834926,37.26491400695368],[-6.002550073594836,37.26561244106736],[-5.999110444086281,37.266112483870735],[-5.994507682488934,37.26677983375755],[-5.990049864563744,37.26742252528443],[-5.985047843016936,37.26814195177457],[-5.976542098919948,37.26935640552863],[-5.973971644868055,37.26941304231439],[-5.971380520593916,37.27104549518879],[-5.9698856719183375,37.27198618763013],[-5.966503450866339,37.27405352247976],[-5.965426840094678,37.270870523183206],[-5.964482093989972,37.26801994799702],[-5.963280419868901,37.2643483379571],[-5.960343015077579,37.26263757072411],[-5.957632326480348,37.26102143914758],[-5.9548246418640485,37.25932044194792],[-5.951635497491618,37.256615085631815],[-5.948220868658328,37.25368034458935],[-5.944648048001162,37.250604362822415],[-5.941048029044734,37.24752569905632],[-5.937632098267438,37.24458516979125],[-5.933897876714188,37.24138480632768],[-5.930220783494418,37.23818740722271],[-5.924760996840965,37.237636134261784],[-5.9191710855014295,37.23705204328962],[-5.914160292669912,37.23652893703275],[-5.909837449458838,37.2360664642718],[-5.905404476145648,37.23560797755569],[-5.900426290488425,37.235060686176396],[-5.8962559517993665,37.23577810514872],[-5.8894463687412015,37.236889838911914],[-5.8842171383368775,37.237756500937635],[-5.878650267470114,37.2386773735015],[-5.873409434555215,37.23953915688607],[-5.86795283219481,37.24043270329823],[-5.861789627630658,37.24145717040358],[-5.855765846504046,37.242429565339854],[-5.8518383485792205,37.243055044891086],[-5.845208038582582,37.24438190760093],[-5.8450958999199605,37.24433099166219]]},"properties":{"id_dera":11010400001061,"ident":686,"nombre":"DON RODRIGO - ALJARAFE","tension_kV":220}},{"type":"Feature","geometry":{"bbox":[-5.984493132652273,37.394368557898666,-5.978934062988767,37.41690928555087],"type":"MultiLineString","coordinates":[[[-5.984743607325885,37.41676262424841],[-5.984759106478055,37.416664163434504],[-5.9851956650286615,37.41670014294944],[-5.985344628341403,37.41581370173519],[-5.984208073834507,37.41568741269825],[-5.983420767702986,37.41559523920454],[-5.983358936296039,37.415556965219324],[-5.983289473806479,37.41546615490272],[-5.983261460819089,37.415404437958756],[-5.983269676452537,37.41533248060367],[-5.9833026357200305,37.41510745133305],[-5.983344926444082,37.414830052193025],[-5.9833865016137775,37.41455740156732],[-5.983448588195863,37.41415030222648],[-5.983499413531183,37.41381698513833],[-5.983553180459268,37.413720946171026],[-5.9835683516581915,37.41359539941708],[-5.983559755280853,37.413448782693834],[-5.983569513179733,37.413313497193876],[-5.983591283205794,37.41316379809122],[-5.983608121430267,37.413063186115416],[-5.983635991210678,37.412915477472446],[-5.983667186842605,37.41276077385708],[-5.98370060747969,37.412604356136036],[-5.983734661030139,37.41244937310123],[-5.983773185151739,37.41228891597617],[-5.9838066428715475,37.41215934833382],[-5.983842094751848,37.412029081578495],[-5.983880577444376,37.411892926562636],[-5.983894746863984,37.41184691298409],[-5.9837587880206735,37.4114791076633],[-5.983707452436823,37.41134485109016]],[[-5.983707452436823,37.41134485109016],[-5.983495731197255,37.410791343325435],[-5.983381602592255,37.41049706098793],[-5.983178985408324,37.40995992889133],[-5.98316507953262,37.40991748042669],[-5.983142544416725,37.4097232709982],[-5.983146545221413,37.40953936638879],[-5.983271193566364,37.40898751199651],[-5.983316175316922,37.408787678579685],[-5.983345544065542,37.40865498851823],[-5.983358242699509,37.408551399472316],[-5.983363485759718,37.408427581023695],[-5.983344197572203,37.40829073108104],[-5.983229438919316,37.40801944993685],[-5.982996221197407,37.40762815757112],[-5.982835643775127,37.40737264745134],[-5.982568981470756,37.40716328085132],[-5.982418305880375,37.407038063271386],[-5.982254542348861,37.406833154167565],[-5.982013636336589,37.40653175250003],[-5.981707823573626,37.40614243332132],[-5.981681394914605,37.40609575934277],[-5.9816461451729595,37.40600949082936],[-5.981592479868851,37.405821670842265],[-5.981553375858144,37.40566352422221],[-5.981499491794684,37.40527241636368],[-5.98144870373005,37.40491095575777],[-5.981405823431686,37.40460821482097],[-5.981401994859229,37.40458115396772],[-5.981397638504034,37.40455046621491]],[[-5.982764619788248,37.3944122110822],[-5.982761886315022,37.394416151105894],[-5.982742751581741,37.394443731865216]],[[-5.982742751581741,37.394443731865216],[-5.982752636930801,37.394448095729636],[-5.982806052466482,37.39447167953157],[-5.983197906546585,37.39465867639916],[-5.982718251117746,37.395314551461084],[-5.9822214707349035,37.39599732042533],[-5.981851668444849,37.39650367606396],[-5.981560706076596,37.39689894324101],[-5.981457902674499,37.39703585533655],[-5.981364054797063,37.397191859815116],[-5.981328758614326,37.39729268499003],[-5.981393916946433,37.397674985128134],[-5.981489386198699,37.39820854465803],[-5.981576694863526,37.398528735523364],[-5.981462634264886,37.39864154938317],[-5.981162320713667,37.398966382666025],[-5.980875980512788,37.39927423850818]],[[-5.981397638504034,37.40455046621491],[-5.981362754284283,37.404304118040926],[-5.981331657651644,37.40394044857014],[-5.981310376978843,37.403782257643044],[-5.981242564122019,37.403630682862676],[-5.980136310527922,37.40318414913721],[-5.979980710617522,37.40291293013401],[-5.979804895956954,37.40283649461985],[-5.979773620410035,37.402817379148026],[-5.97939273887138,37.402574960105945],[-5.978914542737365,37.40228399370705],[-5.978340666597989,37.40193521985568],[-5.978341521986589,37.40193428824407],[-5.978473384724265,37.40179133023551],[-5.9789001888786215,37.40134251232861],[-5.980195717062499,37.39999377628048],[-5.980651644631729,37.39951542047312],[-5.980875980512788,37.39927423850818]]]},"properties":{"id_dera":11010400001648,"ident":671,"nombre":"EMPALME_OSARIO_1","tension_kV":66}},{"type":"Feature","geometry":{"bbox":[-6.039728161337353,37.37651609959937,-6.031903105000979,37.38994244892651],"type":"MultiLineString","coordinates":[[[-6.034417263970669,37.389432243722155],[-6.038309742115971,37.38835289045358],[-6.0383548676003,37.38838664909071],[-6.03992065828643,37.38955799675627],[-6.040257214477987,37.389725256005164],[-6.040262007068146,37.389727637779465]],[[-6.034417263970669,37.389432243722155],[-6.034747576574816,37.388629291139374],[-6.033777886607701,37.38756110782184],[-6.0341299187800725,37.38468164940431],[-6.034276208199927,37.38404526001169],[-6.034541351450566,37.383039954015025],[-6.034834742864004,37.382498873071114],[-6.035262033921338,37.38196197510264],[-6.035408564610275,37.381805765673484],[-6.034972070932249,37.38091409619421],[-6.034927936560226,37.38090324589279],[-6.034881925485505,37.380885613938275],[-6.034836415075717,37.38086499569836],[-6.0348014310939995,37.38084361155062],[-6.034761865061042,37.380816398239595],[-6.034721320233172,37.38078030784095],[-6.034691469779688,37.38074789833961],[-6.0346683922689435,37.38071432377029],[-6.034468316555899,37.38041493913366],[-6.034455523957283,37.38039001164814],[-6.03444712253644,37.380366458113],[-6.034435772435561,37.38033109566036],[-6.033829400177852,37.37781092107753],[-6.033824353680544,37.37778627219969],[-6.033814989229759,37.37775813904438],[-6.033805349368959,37.37773269803904],[-6.033791027552488,37.37770230440361],[-6.033770223957544,37.37766908572757],[-6.0337491559158165,37.37763827058584],[-6.033734883288364,37.37761862501323],[-6.033709001873802,37.377589122790596],[-6.0336757749408845,37.37755413260935],[-6.033646080769673,37.37752835941233],[-6.033573453718363,37.37747245843647],[-6.03352343160782,37.377441242163826],[-6.033469475429337,37.37741214516639],[-6.033432124202887,37.37739584910578],[-6.033410137611155,37.37738679041407],[-6.03337449142514,37.37737526209115],[-6.033222698593056,37.37733824219042],[-6.033145635966071,37.377322172363215],[-6.032397325083998,37.377152023511606],[-6.031926663580649,37.377048568768785],[-6.031630228392967,37.376952671693495],[-6.031649233434071,37.37691404338196],[-6.03137452873754,37.37682531907337],[-6.03149069211978,37.376730844867865],[-6.031494645840925,37.376727629350455]]]},"properties":{"id_dera":11010400001627,"ident":696,"nombre":"CARAMBOL_TOMARES","tension_kV":66}},{"type":"Feature","geometry":{"bbox":[-5.843290519583991,36.671741929734075,-5.794975502858151,37.2484271932943],"type":"LineString","coordinates":[[-5.842593427986789,37.24681758919317],[-5.842129219689409,37.2473038950878],[-5.839944221735314,37.24444376415433],[-5.839501475227184,37.2407742276747],[-5.838984626785048,37.23647698121957],[-5.838499312651803,37.23234140953234],[-5.838045267524311,37.22852995670739],[-5.837603137506851,37.22486542233424],[-5.837139823174867,37.22097296448136],[-5.836704906523912,37.217328553382615],[-5.836317519495643,37.21410432099516],[-5.835917374812025,37.21070780138102],[-5.835534305622232,37.20709880567716],[-5.835143964619309,37.20383144058416],[-5.8347018784537825,37.20012538696555],[-5.8343001804429955,37.196792865859145],[-5.833929230726501,37.19366686163582],[-5.83306291141121,37.18645164526304],[-5.832614857498806,37.18272967526869],[-5.832172683502184,37.17898575374664],[-5.831716366766295,37.17513304054212],[-5.831257672352316,37.17131759616423],[-5.830823910911897,37.167691868055826],[-5.829641203368097,37.16480808305997],[-5.828462663643907,37.16193986374584],[-5.826874190618849,37.1580719833763],[-5.8251020756270435,37.153751318779705],[-5.824126596334398,37.15136850140288],[-5.822606736744518,37.14766796415768],[-5.821112332968716,37.14403014564536],[-5.819642109281339,37.14043308949481],[-5.81816319708501,37.13682531532687],[-5.816650925604654,37.13315460036395],[-5.815050516783406,37.12923634626488],[-5.8132957854045655,37.12495082562387],[-5.811756072352694,37.12119084420071],[-5.810325121000542,37.11770184096741],[-5.809001048965647,37.11446728352972],[-5.807322694590794,37.11037142333082],[-5.8055883899891425,37.10613529181498],[-5.804407642978273,37.10326998563814],[-5.803097685602997,37.10004961114177],[-5.80196448569229,37.09729678327],[-5.801058109400068,37.09316534288675],[-5.8002597806477585,37.089551924337144],[-5.7994365091277755,37.085811575098965],[-5.798627855477377,37.08213890793772],[-5.79784582627774,37.07861284962034],[-5.797071396591023,37.07509237003056],[-5.79631830482971,37.07166680994425],[-5.79565849568454,37.068687717977795],[-5.795110234991892,37.06616016332188],[-5.7944385928443545,37.0631314171336],[-5.793816636365941,37.060318216543536],[-5.79285506692929,37.05594800576836],[-5.791914718573466,37.051671723364386],[-5.791156459619234,37.04821946985291],[-5.790267036421876,37.04419194281943],[-5.789478380972307,37.04060179180831],[-5.7886314594731045,37.036741039181926],[-5.787916675355867,37.03350616694425],[-5.786906553821128,37.02894570912193],[-5.788422417189731,37.024822124990855],[-5.789660071963598,37.02143508271548],[-5.791000917038777,37.01777210297801],[-5.792317688422407,37.014163834924446],[-5.793508553631377,37.01090698989671],[-5.794753147066408,37.00749369016652],[-5.796293749235708,37.00327850011423],[-5.797443414876973,37.00010765706221],[-5.799141419190624,36.995468153897406],[-5.800812787264288,36.99088864326074],[-5.802704209957898,36.98570509817961],[-5.803957823550255,36.98228266149161],[-5.805346949185605,36.97847311997751],[-5.806719752273484,36.974699633559176],[-5.807580950559449,36.97233708966834],[-5.809114046244794,36.96811191417216],[-5.810785718083737,36.963536855435066],[-5.811776385242808,36.96081111620333],[-5.81335419359859,36.95647606057808],[-5.814244053394099,36.954026910833896],[-5.815631387418785,36.950197289221805],[-5.816747855192733,36.94712509814032],[-5.817952466621502,36.9438178578012],[-5.818987909387656,36.94097339862626],[-5.820484111441194,36.936853580764705],[-5.821544497455714,36.93392920570241],[-5.82276475918508,36.930572704192],[-5.824046417444835,36.92703945660455],[-5.825005439673182,36.924382942152256],[-5.825441181976113,36.92119827791892],[-5.826128090711342,36.91610567009117],[-5.826468839070078,36.91358101157124],[-5.826871610225224,36.91058177052525],[-5.827510648560129,36.905883191698145],[-5.8281474647334335,36.90116249365494],[-5.8287962313484005,36.8963872562435],[-5.829074668968623,36.89431158120284],[-5.829936517488254,36.88794829801636],[-5.83061117570776,36.882958405954625],[-5.830861285545506,36.88111995361125],[-5.831177064294301,36.87881241668035],[-5.83161969620946,36.8755182480011],[-5.832109469775617,36.871891778977314],[-5.832858476058936,36.8663519256632],[-5.833359606639079,36.86268012170037],[-5.8338045174103,36.85941805756527],[-5.834165936426225,36.85673174881202],[-5.834787421874859,36.85211067243216],[-5.835206857467543,36.849047732985596],[-5.835687593977716,36.84549922957609],[-5.836230928669782,36.84148540362018],[-5.836717501759306,36.83786925724163],[-5.837270371883937,36.83379112612423],[-5.837701925257555,36.830574868611755],[-5.838373296906896,36.82564717374016],[-5.838749593992481,36.82288776578871],[-5.839059351960639,36.82058485015777],[-5.839816203769412,36.815038259851754],[-5.840099808291108,36.81293863463858],[-5.8408817377085125,36.807121629326815],[-5.841354303192361,36.80364781426327],[-5.842194959139959,36.797444056497696],[-5.842582825696108,36.79458802231112],[-5.843115664229286,36.79068083034207],[-5.843664927674274,36.786634193685956],[-5.844170755593603,36.782871376328],[-5.8446816736575435,36.779104829543506],[-5.845157180299644,36.77561154812056],[-5.8456169738717545,36.772187938963654],[-5.846151138714259,36.76827150430601],[-5.846703410897609,36.76421585512193],[-5.845701439200823,36.76085129707891],[-5.843914320044185,36.75483599735248],[-5.843047057064885,36.751918678082525],[-5.841908621609968,36.74811784224942],[-5.840253239537085,36.74255386632034],[-5.839193219269315,36.7390008338043],[-5.838206697903774,36.7356924140162],[-5.836450531618726,36.729810586127186],[-5.8354863848327465,36.726528095242394],[-5.834100799085231,36.7219167720545],[-5.833095868856322,36.71851456050921],[-5.832192535091744,36.71548642592544],[-5.830999755850557,36.71150515562516],[-5.829023986679363,36.70487556653773],[-5.827578810122875,36.70001340782811],[-5.82646266644246,36.69628591634423],[-5.82536561398966,36.692593643052085],[-5.824329533439974,36.68913637739462],[-5.823231079363472,36.68542410407838],[-5.822211327553267,36.68202509167209],[-5.821095445022645,36.67828590007849],[-5.820123654744817,36.67510074606807],[-5.8203798609872015,36.67281009954343],[-5.820179269853367,36.67229190615019]]},"properties":{"id_dera":11010400001604,"ident":576,"nombre":"ARCOS DE LA FRONTERA - DON RODRIGO 1","tension_kV":400}},{"type":"Feature","geometry":{"bbox":[-6.011726959581067,37.37735222542135,-5.979053018612149,37.39347811443806],"type":"LineString","coordinates":[[-6.012269266576133,37.3916243489907],[-6.012293022839279,37.391523250627884],[-6.012293627312786,37.391505908241555],[-6.012293178160364,37.39149609836436],[-6.012287932986135,37.39147904022624],[-6.012279020894941,37.39145867863071],[-6.012266267254159,37.3914385501006],[-6.012251990309167,37.39142381256538],[-6.0122351388618,37.39141500640846],[-6.012186322874648,37.39140239258805],[-6.011328619218021,37.39125688132161],[-6.011289166016823,37.3912490833986],[-6.011232372637625,37.391220543831466],[-6.011180229764399,37.39118489368643],[-6.011147573413328,37.39114460226757],[-6.011100843244355,37.391070934492106],[-6.010951075658191,37.3908053032694],[-6.010123625423347,37.390035628151274],[-6.010098045511864,37.390016664005756],[-6.0100747777753964,37.39000553407365],[-6.010039566001952,37.38999505973414],[-6.010001635815294,37.38999059246653],[-6.009945958708451,37.389993596251315],[-6.009780657923021,37.39000550076815],[-6.008738119830354,37.390116058218545],[-6.007507367707921,37.39009224843825],[-6.007258278001441,37.390116400217465],[-6.007280798484244,37.3902306377182],[-6.007274838737402,37.39023692544462],[-6.005347360168314,37.390441986847115],[-6.005325292666834,37.390309329162086],[-6.005313278119276,37.3902358304488],[-6.005058638324382,37.389809373222036],[-6.004806323488512,37.3894173120622],[-6.003436531055323,37.38864887815187],[-6.003412516828756,37.388632873198375],[-6.003382911910692,37.38859958417472],[-6.003350829268456,37.38849571649313],[-6.003325968947964,37.38841294786352],[-6.003301119464132,37.38833044926385],[-6.003288410906005,37.38829581180391],[-6.003272544620484,37.388251090838544],[-6.003256737439998,37.38821237831222],[-6.003223255008263,37.38813539717722],[-6.003202382220903,37.388095669036396],[-6.0031807580204175,37.388055221130536],[-6.003158611951403,37.3880169760103],[-6.003124628560111,37.38795884834042],[-6.003111333607418,37.38793866043522],[-6.003057891666443,37.387858978686715],[-6.003010429051472,37.38778962409717],[-6.0028679030448036,37.38764431221829],[-6.0026905163044635,37.3874663766649],[-6.002592674198826,37.387369423758805],[-6.002348969751506,37.387179044174395],[-6.002135352363769,37.38701224589821],[-6.00177599996648,37.38680697998831],[-6.001022332266283,37.38640927128546],[-6.000879741900587,37.38632305815046],[-6.00068629929306,37.38621379883135],[-6.000006917346389,37.38557141261274],[-5.999929600826378,37.385498309506566],[-5.999811695884275,37.38538682506946],[-5.999586061066915,37.38518737600913],[-5.999501403584942,37.38510997173605],[-5.999278142092916,37.38491138088727],[-5.998889132877505,37.384567503759264],[-5.998545658731975,37.38426111566023],[-5.998320155809932,37.38405998477882],[-5.998232588549006,37.38398118466863],[-5.998009388249914,37.38378225636143],[-5.99754336732172,37.38336003633045],[-5.997298381677685,37.38311695853959],[-5.997073950087616,37.38291675308828],[-5.996985615313641,37.38284243161161],[-5.996751111947232,37.38263283076178],[-5.99645207622695,37.38234685341437],[-5.996418274105174,37.38232285966593],[-5.9961811826480345,37.38211936020172],[-5.996182554957381,37.38210929684381],[-5.996337547736489,37.38202430129901],[-5.996198395750344,37.38190468366839],[-5.996127343518949,37.38183104070318],[-5.995956462790271,37.38165409196151],[-5.995887072970605,37.381579649832126],[-5.995769832126381,37.38144168977336],[-5.995617951258658,37.38125978078187],[-5.995543795319881,37.38116684374666],[-5.995322735796973,37.38087032725897],[-5.994959112546131,37.38038869089243],[-5.994712718671408,37.380006963993836],[-5.994515308491053,37.379690537383574],[-5.994328865003552,37.37937783321035],[-5.9941404524439035,37.37907292753461],[-5.993964693551604,37.37879202910429],[-5.9933833010825674,37.37783071998247],[-5.992719143755828,37.37783518428777],[-5.992701824839374,37.377838911580085],[-5.992687740395206,37.37784447619427],[-5.992680473190114,37.37784770570697],[-5.9926794137715,37.37784860653929],[-5.992674239242586,37.37785960410119],[-5.9924974924976215,37.37830145308656],[-5.992461070167993,37.378392434201366],[-5.992344595491582,37.37868233732448],[-5.992213074440719,37.37901215889334],[-5.992065288777433,37.379381938706544],[-5.991933766363055,37.3797114987008],[-5.991904284738455,37.37974985438586],[-5.9918650242694085,37.37976403938568],[-5.99182408757736,37.379767012803384],[-5.991790337039856,37.379766416403356],[-5.991760901252559,37.37975989006046],[-5.99173642525542,37.37975230109136],[-5.991239882038351,37.37962493635872],[-5.99096606655396,37.37955461916155],[-5.99038293346824,37.379404780353084],[-5.989770255936655,37.37925272150401],[-5.989738089157576,37.379251057266416],[-5.989714656151536,37.37925636241881],[-5.989683777719874,37.379289707064146],[-5.989517044099854,37.379494829317274],[-5.989482840687295,37.37954510747363],[-5.98941344584048,37.379908603497114],[-5.989406570020233,37.37998910519754],[-5.989393470339294,37.38004793208238],[-5.989371391794184,37.380111536305954],[-5.989314051906937,37.38020646045715],[-5.9892534657897825,37.38029242923726],[-5.989231383237535,37.380348257553216],[-5.988948756316079,37.38097646527779],[-5.988876171411763,37.38123579120787],[-5.988444888421361,37.38179863785879],[-5.988381211516063,37.381857427861355],[-5.988312393162374,37.381932341294224],[-5.988256782115101,37.382013705623116],[-5.988213194996284,37.38209275662439],[-5.988184895880241,37.38214220035544],[-5.987923481473808,37.38259652715804],[-5.987791757989004,37.382842498235625],[-5.987727731526451,37.382967919697265],[-5.987713641762497,37.383026879549824],[-5.987705983919388,37.383084307237276],[-5.98769301737879,37.383119784600616],[-5.987650634005801,37.38319818325401],[-5.987584873537821,37.38332260326234],[-5.9874580413848895,37.38356839627912],[-5.987354688289828,37.383755100172415],[-5.987277345985636,37.383900978187484],[-5.987160845600067,37.38412717343271],[-5.987139006027046,37.38416955169548],[-5.987043205908344,37.38423359496433],[-5.987026921607636,37.38426486714748],[-5.986979469944872,37.384342204276656],[-5.986793695547895,37.38470340473005],[-5.986497054830008,37.3846581264447],[-5.986395969336969,37.384623116160654],[-5.986298677316322,37.384580116825525],[-5.98602471971062,37.384459027311664],[-5.985641219709794,37.3842906604136],[-5.985106971354886,37.38405841333265],[-5.9849818347950805,37.38423983563287],[-5.98481988178074,37.384478971153385],[-5.984572095211374,37.3848453744314],[-5.984490427001046,37.38496575232774],[-5.984389936650389,37.38503718330961],[-5.984321887554608,37.385042226336324],[-5.984101699435433,37.38493584027321],[-5.984074407486708,37.38493130327089],[-5.984044308672544,37.38493486540381],[-5.984033479386349,37.3849385627621],[-5.983992104969397,37.38505934668714],[-5.983865877110736,37.38534981237196],[-5.983668104893358,37.38580533462685],[-5.983501528620827,37.386190706954054],[-5.983407594698507,37.38629799525168],[-5.983342067484286,37.386440509005546],[-5.98326297618673,37.38662315506464],[-5.983182058601415,37.386813866433044],[-5.982816262053625,37.38731162494209],[-5.982451733844154,37.3878745326537],[-5.982167919720954,37.38828348790504],[-5.982138020402021,37.3883286007385],[-5.982099943020864,37.388375082251436],[-5.981918020549832,37.38857146856456],[-5.981795110430096,37.38870339181729],[-5.9815915983056565,37.38892181223073],[-5.981251201483698,37.38924586361781],[-5.980986092120928,37.38946646744763],[-5.979958057355007,37.39031513582878],[-5.979721191592918,37.390512543714266],[-5.97940781854341,37.390779350043076],[-5.979008696800661,37.390950607564754],[-5.978955865730065,37.39102528423613],[-5.97896483396565,37.39110520615762],[-5.979187494849018,37.39125034769257],[-5.97946357884695,37.39137767996821],[-5.979483294934492,37.39138677006231],[-5.979840649853614,37.391551599495806],[-5.979899419681639,37.39157871692744],[-5.980230449592323,37.3917303598121],[-5.980940112564735,37.392052715606546],[-5.9812864658207,37.3922124838422],[-5.981641101445787,37.392376033716886],[-5.98196375927322,37.39252483728936],[-5.982099821776277,37.392587595015726],[-5.982461844398594,37.392781005800416],[-5.9832054401834815,37.39290622589318],[-5.983338516117416,37.392928645715976],[-5.983885911911461,37.393062273831326],[-5.984147549539976,37.3931239671502],[-5.984576001596352,37.39322014731621],[-5.9847555155778815,37.39327244279725],[-5.984921934229016,37.39332997942122],[-5.9850668879329785,37.39329137595167],[-5.985281148692652,37.39323570397631],[-5.985465800973968,37.39316529960662],[-5.986238401610593,37.39294350571599],[-5.986402806781884,37.392950299294114],[-5.986961403009619,37.39307605224773],[-5.987056073134162,37.39309651008036],[-5.987117896930106,37.39310487704465],[-5.98720921302897,37.393089774246974],[-5.987383143576435,37.39304520049611],[-5.987692027370642,37.3929659128269],[-5.987856087278138,37.39291281174466],[-5.987954590479712,37.39290323929544],[-5.98812511774324,37.39288645758104],[-5.988376742344611,37.392863444271704],[-5.988630239716585,37.39283555347915],[-5.988680671607734,37.39281925780645],[-5.988744280808986,37.392795807988826],[-5.988801223308507,37.39277482438831],[-5.989339016035273,37.392576968916295],[-5.98949516607694,37.39251925407414],[-5.989825141785053,37.392435156424426],[-5.989901404711659,37.392429767165325],[-5.989970528864816,37.39242917179602],[-5.990022820904367,37.392436399781836],[-5.990303919526379,37.39254414393923],[-5.990605898732313,37.39264276310886],[-5.991878600297025,37.3926083175448],[-5.992109673729169,37.39257661689207],[-5.992142004180012,37.39233402164201],[-5.992194069109299,37.39226226000925],[-5.992360270048659,37.39221938842429],[-5.99244376552744,37.39221981535131],[-5.992495529476065,37.391941136789086],[-5.992596370079025,37.39183164776948],[-5.992868768672718,37.39195714037081],[-5.993001683824089,37.392030579371884],[-5.993105913091038,37.39209091368605],[-5.993379204052021,37.39217207822363],[-5.993569078414726,37.39217302675113],[-5.99356524720858,37.392136334232106],[-5.993557190867031,37.392060427241425],[-5.993551374423245,37.39200534066746],[-5.993529661181999,37.391824303561364],[-5.993620328356064,37.39181113149274],[-5.993736853765175,37.39179561941612],[-5.993746525579909,37.391841897142264],[-5.9937474543015465,37.39184634088909]]},"properties":{"id_dera":11010400001652,"ident":668,"nombre":"CENTENAR_CUNA","tension_kV":66}},{"type":"Feature","geometry":{"bbox":[-5.765837197257408,37.381645931467794,-5.765825916195153,37.38164623138548],"type":"LineString","coordinates":[[-5.765837197257408,37.381645931467794],[-5.765825916195153,37.38164623138548]]},"properties":{"id_dera":11010400001102,"ident":549,"nombre":"CANTOSAL_RESERVA_02","tension_kV":66}},{"type":"Feature","geometry":{"bbox":[-5.903988307415099,37.24326800036879,-5.84699608543101,37.30102406425205],"type":"LineString","coordinates":[[-5.905827283932754,37.29903414857789],[-5.906146389746033,37.299388412615315],[-5.90558298372867,37.29959905404599],[-5.904019891016971,37.298157538844926],[-5.901738922562594,37.29664686112813],[-5.8980252377198505,37.29568807002032],[-5.894914910795237,37.2948811826714],[-5.8923635604758715,37.294231659124264],[-5.888817039051212,37.29332020767498],[-5.885351381403287,37.29190722713044],[-5.88193730727072,37.29053076998018],[-5.8800108851953485,37.29037810100061],[-5.8752920763906005,37.28994559548667],[-5.871023529009114,37.28954549441576],[-5.867852280538353,37.289240821965386],[-5.862967968693833,37.2897135619437],[-5.858418537529689,37.28819306902295],[-5.854091274462324,37.28236518682484],[-5.8517962758692414,37.279178744706286],[-5.852799765089895,37.27583750437596],[-5.853863447075129,37.27235161767709],[-5.85492454613481,37.2688027075879],[-5.856097668773453,37.264935787860544],[-5.857160393886242,37.261431873130554],[-5.8582619596350005,37.25776490298689],[-5.859153699551665,37.254814773879],[-5.8601359503496555,37.25157409769999],[-5.860485942984925,37.2503968157943],[-5.860362962823287,37.2504444840678],[-5.8566278147102695,37.24905520781221],[-5.852053064546972,37.24734363166241],[-5.848622717574579,37.246060377338466],[-5.84514146724757,37.24476036909507],[-5.844874369597696,37.244704127547855]]},"properties":{"id_dera":11010400000985,"ident":625,"nombre":"DON RODRIGO - DOS HERMANAS 2","tension_kV":220}},{"type":"Feature","geometry":{"bbox":[-5.989152799726072,37.29607455523514,-5.907674183662813,37.321490770367475],"type":"MultiLineString","coordinates":[[[-5.985598136499215,37.31344953641504],[-5.986492814383877,37.31201240449446],[-5.987734042778827,37.3100417846141],[-5.9877757081391,37.309975802280654],[-5.9894174804653435,37.30737520374707],[-5.9895895639852546,37.30709951143957],[-5.986791927633144,37.30592985190361],[-5.986732373838395,37.305904952036585],[-5.986913625138046,37.304232934183446],[-5.986613920881112,37.30415712873455],[-5.986608544234612,37.304155768788654]],[[-5.985598136499215,37.31344953641504],[-5.983549211268269,37.31327523758856],[-5.9820135579116664,37.31314435280853],[-5.982007949240009,37.31314387521111]],[[-5.977004509461011,37.31910403069546],[-5.977465733955124,37.31882438274014],[-5.977764518926237,37.31583171140038],[-5.978155903271425,37.31288078881506],[-5.978166669740506,37.31279960951955],[-5.98200234394739,37.31314337294261],[-5.982007949240009,37.31314387521111]],[[-5.977004509461011,37.31910403069546],[-5.974645221637048,37.31783604406297],[-5.972303214030068,37.31657911690029],[-5.969745991268163,37.315206013303],[-5.969721783644627,37.3151930144901],[-5.967473310710807,37.31512223769054],[-5.96746002920079,37.31512464215022],[-5.965113491370577,37.315549429257196],[-5.962869535314454,37.31595637093255],[-5.960910464707165,37.31632227803595],[-5.958773657563493,37.31670859107099],[-5.957276385304908,37.31697961709907],[-5.954814823609915,37.31741786895657],[-5.952806036416717,37.317782260994456],[-5.949789749953181,37.31832801157797],[-5.947531542585432,37.31872623349342],[-5.945530023240183,37.31908272595042],[-5.942958969540915,37.31951065800798],[-5.942953447240084,37.31951157708729]],[[-5.942953447240084,37.31951157708729],[-5.942957086574586,37.31957915607605],[-5.941875629166543,37.320578321168846],[-5.941766680894124,37.32064738502462],[-5.940588750343984,37.320365306867814],[-5.940363128039913,37.32031127499469],[-5.939805764510811,37.320177797636106],[-5.939248402793846,37.320044317555364],[-5.939097173095331,37.32000810461873],[-5.939027565720248,37.31999143466311],[-5.938697183444962,37.31989931981481],[-5.938377911640659,37.319783932944006],[-5.938072942266164,37.319646402264944],[-5.937899665422414,37.31955476155614],[-5.937721083602768,37.31944450127831],[-5.937608233217742,37.319374822865534],[-5.937473603622516,37.31927430130303],[-5.937338939519462,37.319173753403106],[-5.9370694918929985,37.31892810263064],[-5.9369466058399984,37.31877764036638],[-5.936636167608221,37.31836831947235],[-5.936647550451433,37.31830740447058],[-5.936645836304019,37.31826334911122],[-5.936636128623846,37.31823596360979],[-5.936621690838859,37.318210533710975],[-5.936596699538778,37.318171354335036],[-5.936549920218302,37.31815183640861],[-5.936510832636874,37.31813311866647],[-5.936444377099769,37.318124325251574],[-5.93633812076932,37.31808746968093],[-5.93627551476473,37.31803146412358],[-5.936242685397312,37.31797930573554],[-5.936224501268192,37.31793471311206],[-5.9362171462635684,37.31786832530939],[-5.9362235916442545,37.317824328686854],[-5.9362019239927895,37.317795753294014],[-5.935659385381728,37.317046967525506],[-5.935598404404499,37.31696279911821]],[[-5.920343775580506,37.30804116250859],[-5.920346785082962,37.308037352291876],[-5.920755503100354,37.307519885640815],[-5.922106406686851,37.307486523053974],[-5.922319045689244,37.307481270208456],[-5.923100303089739,37.30746196743122],[-5.92400240579261,37.3074396724635],[-5.924633018336114,37.30742408313379],[-5.924670442612159,37.30742192340589],[-5.924706187533381,37.30741747142848],[-5.924741335693417,37.307410718457774],[-5.924774354636346,37.30740199973556],[-5.9248434073006395,37.30737590057264],[-5.924891504237365,37.30735368049112],[-5.924969168474623,37.307317799017866],[-5.925962536090529,37.30685876601516],[-5.926790149357294,37.30647629864264],[-5.927488915156999,37.307441069072105],[-5.928465583214244,37.307206829570845],[-5.9295819261304805,37.308747967176025],[-5.92981871547278,37.30907487444529],[-5.930492716133595,37.31000534066999],[-5.931339775119156,37.3111746389133],[-5.931829192199491,37.31185022762262],[-5.9323428279457975,37.31255921076828],[-5.932561212682375,37.312860671600426],[-5.933208174352744,37.3137536849048],[-5.933351812736925,37.313775226471634],[-5.9334643006583825,37.31380367663484],[-5.933603462432563,37.31385952421942],[-5.933714058502469,37.31392434287279],[-5.933811766001011,37.31400179861377],[-5.933922336339484,37.31412806111951],[-5.933971327520136,37.314214438163],[-5.934006772367229,37.314302917280195],[-5.934022328960998,37.314366173406185],[-5.9340321956668145,37.31448969853102],[-5.934015045342242,37.31461386678194],[-5.933975365959884,37.31472266308386],[-5.934794211129952,37.315852878616106],[-5.934926243025761,37.3160351131248],[-5.935488019363374,37.31681044804904],[-5.935598404404499,37.31696279911821]],[[-5.9138055010102395,37.30336463325305],[-5.91380559359593,37.30336469404735],[-5.915468932750734,37.304553580312074],[-5.917247060093843,37.305824581801176],[-5.9182779117074995,37.306561458369366],[-5.919614804316004,37.307516579641806],[-5.920339585203684,37.30803814706007],[-5.920343775580506,37.30804116250859]],[[-5.911632787640633,37.30181188365287],[-5.911632868953688,37.30181194472647],[-5.913801297769689,37.30336162947446],[-5.9138055010102395,37.30336463325305]],[[-5.906773862726259,37.29812821501126],[-5.907004059929801,37.29838755468563],[-5.908046349208702,37.29929262742714],[-5.910009327341806,37.300651577619305],[-5.910952103638509,37.301325360539934],[-5.911628584750265,37.30180887964217],[-5.911632787640633,37.30181188365287]]]},"properties":{"id_dera":11010400001642,"ident":645,"nombre":"DOSHMNAS_FUENTE_R_1","tension_kV":66}},{"type":"Feature","geometry":{"bbox":[-6.011748795492374,37.377333594022744,-5.985264505800044,37.392313691611626],"type":"LineString","coordinates":[[-6.012291443591618,37.3916276762456],[-6.012315549746522,37.391525163340106],[-6.012316210321457,37.391505837237965],[-6.012315663879922,37.39149359703525],[-6.012309590756919,37.39147391094591],[-6.012299833696438,37.39145162464401],[-6.012285439848057,37.39142888886619],[-6.012267534736419,37.39141040537906],[-6.01224498489086,37.39139860884387],[-6.012192152462716,37.39138496208352],[-6.011333676102051,37.391239326377985],[-6.011298115721852,37.39123229426927],[-6.011245793897719,37.39120600150044],[-6.011197412808842,37.391172922594414],[-6.0111671795941035,37.39113561495667],[-6.011121221123149,37.39106317096249],[-6.010970334928869,37.390795549936],[-6.010139928701316,37.39002312097517],[-6.010111672743455,37.39000218863906],[-6.010084605163143,37.389989227261026],[-6.010045211189561,37.38997752589844],[-6.010002538104446,37.389972494633206],[-6.009944178963113,37.38997563880541],[-6.009778157658937,37.389987597709336],[-6.008736901551146,37.390098014373955],[-6.0075062625372,37.39007420169801],[-6.007232335094093,37.390100769513445],[-6.007256000239773,37.3902207625719],[-6.005366766498925,37.3904217605906],[-6.005347671294966,37.3903069760537],[-6.005335205414772,37.39023065955269],[-6.005078871846221,37.38980138013153],[-6.004823860319005,37.3894051346643],[-6.003450279389844,37.38863458066806],[-6.003429235021803,37.38862055462156],[-6.003403814702202,37.38859195280313],[-6.0033727703008655,37.388491464679404],[-6.003347912113383,37.388408750063036],[-6.00332293183708,37.38832580427133],[-6.0033100968101465,37.388290827632005],[-6.003294152410443,37.38824584735265],[-6.003278144249956,37.38820662634291],[-6.003244340476876,37.38812895056762],[-6.003223173948765,37.38808865322819],[-6.003201379593666,37.38804790329594],[-6.0031790873694435,37.38800939158098],[-6.003144861106636,37.38795083758863],[-6.003131278166602,37.38793022450362],[-6.00307774093572,37.38785041903973],[-6.0030293423658305,37.38777968261495],[-6.002885616127958,37.38763315781648],[-6.0027081348965625,37.3874551166053],[-6.0026094228126645,37.3873573027979],[-6.002364762460542,37.387166172637386],[-6.0021499091027755,37.38699839662101],[-6.0017888011346985,37.386792148158165],[-6.001035386727382,37.38639455924935],[-6.000893074291503,37.386308519280846],[-6.000701688473129,37.386200433177635],[-6.000024160613786,37.38555980206343],[-5.999946844090583,37.38548669896856],[-5.999828704205233,37.38537498624164],[-5.999602951555516,37.385175414058736],[-5.999518317349673,37.385098027227635],[-5.999294916182765,37.38489933183052],[-5.998905930238469,37.384555472187934],[-5.9985624793641605,37.38424910156803],[-5.9983370004322225,37.384048006151524],[-5.998249433169291,37.3839692060539],[-5.9980262561432545,37.383770295208805],[-5.997560633070491,37.38334842557005],[-5.997315600142104,37.38310529495157],[-5.997090559754734,37.382904546325754],[-5.997002224980347,37.38283022486138],[-5.9967681907338,37.382621062670154],[-5.996468333145651,37.38233429526584],[-5.996434088764393,37.382309970338625],[-5.996208910545068,37.382116702068906],[-5.996371881723888,37.38202733241942],[-5.996215637407708,37.38189303767378],[-5.99614522080518,37.38182004537588],[-5.995974457878341,37.38164321981981],[-5.995905469483456,37.381569218046195],[-5.995788560224743,37.38143164605908],[-5.995636868410911,37.38124994854997],[-5.995563021497964,37.381157400152475],[-5.99534210516962,37.38086107830105],[-5.994978838862609,37.38037990149123],[-5.994732854929675,37.37999883101761],[-5.994535612631009,37.37968265247967],[-5.994349170514599,37.379369984346035],[-5.994160661215969,37.379064918966684],[-5.993984950252661,37.378784091436096],[-5.993397417532816,37.377812611990535],[-5.992716057441767,37.377817187553546],[-5.9926938127249825,37.37782197664245],[-5.992677238148772,37.377828523363554],[-5.992666420866131,37.37783333848547],[-5.992659878682423,37.37783890135667],[-5.9926529128779,37.377853692599075],[-5.992476002712375,37.37829597819107],[-5.992439579642901,37.37838694129758],[-5.992323105604342,37.37867686240531],[-5.992191561905689,37.37900668452483],[-5.992043776143204,37.379376464315044],[-5.991913097042649,37.37970394856779],[-5.991888660863383,37.37973572508634],[-5.99185919649146,37.37974638233573],[-5.991823314452566,37.379748975518744],[-5.99179366566619,37.37974845550564],[-5.991768034554316,37.37974276994517],[-5.991743970359368,37.37973531472094],[-5.991246788423231,37.379607785974095],[-5.990972972997395,37.37953746879072],[-5.990389749082529,37.37938761429145],[-5.989774402901312,37.3792348841235],[-5.989735673828584,37.37923288128949],[-5.989701084206719,37.3792407212343],[-5.989665213777457,37.379279436198544],[-5.989497619192209,37.379485625408975],[-5.98946111083039,37.37953927768653],[-5.989390988281893,37.379906630537725],[-5.989384126420674,37.379986915634206],[-5.989371429722685,37.380043948263875],[-5.989350182487727,37.38010517073194],[-5.989294028744784,37.38019811862684],[-5.989232652202855,37.38028522467732],[-5.9892099951324385,37.38034250918439],[-5.988927035669232,37.38097144610208],[-5.988854965081816,37.38122893891185],[-5.988426602270182,37.38178798134658],[-5.988363534900215,37.38184619728342],[-5.988293287566339,37.381922660582426],[-5.988236502840059,37.3820057485321],[-5.9881926001594445,37.38208538417019],[-5.98816436371199,37.38213470016637],[-5.9879028442564595,37.38258922780973],[-5.987770931954841,37.382835564054304],[-5.987705983512206,37.382962792871254],[-5.987691292218137,37.383024236778496],[-5.987683758707364,37.383080814343586],[-5.987671749643797,37.383113672504734],[-5.9876298705637625,37.383191121321396],[-5.987564047383768,37.38331566904953],[-5.987437277853656,37.383561334316305],[-5.987333966264585,37.383747947039],[-5.987256519691902,37.38389404392616],[-5.98713927368793,37.38412165460882],[-5.987120244799675,37.38415860064144],[-5.987024477804776,37.38422262503733],[-5.987006346679864,37.38425743992875],[-5.986958873866638,37.38433481362604],[-5.986779807629876,37.38468294163022],[-5.986499447152043,37.38464015330378],[-5.986406010622228,37.38460695908044],[-5.986352922336174,37.38458349476662],[-5.986035634451789,37.384443253664074],[-5.985652065400713,37.38427485250288],[-5.985029609787395,37.384004277287794],[-5.98498544414365,37.38398483090967],[-5.9849394587705955,37.384043509480136],[-5.984936464982749,37.38404732962994]]},"properties":{"id_dera":11010400001646,"ident":666,"nombre":"CENTENAR_RASTRO","tension_kV":66}},{"type":"Feature","geometry":{"bbox":[-5.874918510766438,37.323933839507106,-5.872272632447369,37.357061036879315],"type":"MultiLineString","coordinates":[[[-5.874457110036723,37.323945058418566],[-5.874516649434859,37.32394639661558],[-5.87453278613604,37.32394600999988],[-5.8749191600367565,37.323950868418585]],[[-5.873262342065998,37.34912543717996],[-5.873347183138683,37.34733298387092],[-5.873354667311246,37.34717604348556],[-5.873539121906558,37.3432852609349],[-5.873702948208106,37.339833617328445],[-5.87383539475842,37.33704240634848],[-5.873941909194043,37.33479390695212],[-5.874060330108112,37.332307055435415],[-5.874203871733289,37.32928009797922],[-5.874337908694873,37.32645692156712],[-5.874437128114527,37.324358836060235],[-5.874443644132712,37.32422104888758],[-5.874454943118009,37.32398212149463],[-5.874457112820453,37.32394506634829]],[[-5.873262342065998,37.34912543717996],[-5.873197070556047,37.35062465820791],[-5.873112724479974,37.35288978886327]],[[-5.872943732849105,37.35704472586402],[-5.872943920678205,37.3570402232188],[-5.873018960764768,37.35524131664737],[-5.8730197652829075,37.35524169356624],[-5.873112724479974,37.35288978886327]],[[-5.872943732849105,37.35704472586402],[-5.872938116121441,37.35704428558821],[-5.872278011498971,37.356992540387665],[-5.872269996154894,37.356991912046766]]]},"properties":{"id_dera":11010400001088,"ident":627,"nombre":"ALCAGUAD|OROMANA","tension_kV":132}},{"type":"Feature","geometry":{"bbox":[-5.81385865883939,37.58044919428446,-5.67079465781174,37.62195706380488],"type":"MultiLineString","coordinates":[[[-5.8091480410396406,37.5805614785092],[-5.8091623105311285,37.58057986065383],[-5.810329633611998,37.58208358487553],[-5.811618918248759,37.583744975373776],[-5.81288608492046,37.585376692120015],[-5.814103346161092,37.58694452757449],[-5.813636931245663,37.5879242920923],[-5.81354805257875,37.58811094893131],[-5.812826521824804,37.589626437598724],[-5.812153385738444,37.591038498100424]],[[-5.812153385738444,37.591038498100424],[-5.8116121776353395,37.59099328714769]],[[-5.8116121776353395,37.59099328714769],[-5.811585548777285,37.59099280440709],[-5.811588230154966,37.59106405051656],[-5.811409170391621,37.59106831742865],[-5.811410217603082,37.59109614428679],[-5.81143683518596,37.59109662733518]],[[-5.670791122644971,37.621858318882005],[-5.671106861952785,37.62194999189912],[-5.67325604476156,37.620985529839075],[-5.67507038119749,37.620171806119316],[-5.6774952473193085,37.61905098491422],[-5.6805349603960815,37.618136009936364],[-5.683313257550744,37.617321788656696],[-5.685951747571758,37.61655276726597],[-5.688838764196462,37.615753694216316],[-5.691505149858942,37.614982382766094],[-5.691603983439919,37.61495410442257],[-5.693987905754252,37.61427197367255],[-5.69627877910982,37.613594372979136],[-5.699205874573486,37.61272592076791],[-5.7016248074168185,37.612033933574764],[-5.704149426382695,37.611299556799295],[-5.706723176237089,37.61054705897569],[-5.709381216455272,37.609752832300934],[-5.711496118662059,37.60915287080281],[-5.71447233837079,37.60827147322655],[-5.717298635648626,37.60747094750461],[-5.7200055547586315,37.60668770474309],[-5.722731001848097,37.60587991419622],[-5.7249769503788155,37.605211631460506],[-5.727637231774404,37.60441811948768],[-5.730908308908884,37.60345752550602],[-5.730943272805188,37.60344733595331],[-5.731007320253541,37.60342844455481],[-5.732909535594597,37.602863059681],[-5.735592781789965,37.60206547744235],[-5.73839582042383,37.60123220125266],[-5.741382342941642,37.60034428890362],[-5.744519958963741,37.599411355674434],[-5.747840606661504,37.59842387839057],[-5.750466908134602,37.59764279554245],[-5.753862195358707,37.59663291128707],[-5.756571423471745,37.595826997413106],[-5.759376461758545,37.59499249704881],[-5.762318590534233,37.594117119515175],[-5.764946620752302,37.59333511902823],[-5.767498529525801,37.59257569701743],[-5.770728090807146,37.591614517168004],[-5.773094828278123,37.59091006312157],[-5.7752746940232065,37.59026117463457],[-5.778501556871961,37.58930053283244],[-5.781363897275512,37.588448316744525],[-5.784614738836601,37.587480321650595],[-5.786665371504946,37.58686965103925],[-5.788516186028498,37.586318443607254],[-5.791103969812504,37.58554769449153],[-5.794038579627513,37.58467356049661],[-5.796894048792914,37.5838229100598],[-5.7991447143992625,37.58315237264586],[-5.79914652780012,37.58315181601988],[-5.801405830464534,37.58256478506314],[-5.801820113341633,37.58245713791843],[-5.802440019388467,37.58229781355866],[-5.803462252451506,37.58203498271268],[-5.803768489126678,37.581956242963784],[-5.806145232235184,37.58134090352013],[-5.806164541367512,37.58133590295002],[-5.806879763753206,37.58115071682614],[-5.808004897619677,37.58085843935722],[-5.8080503654441955,37.580846634671005],[-5.8088191967400284,37.5806469064785],[-5.809132635070783,37.58056548557642],[-5.809142654921967,37.58056287942983],[-5.8091480410396406,37.5805614785092]]]},"properties":{"id_dera":11010400001355,"ident":552,"nombre":"ALCOLRIO_CANTILLA","tension_kV":66}},{"type":"Feature","geometry":{"bbox":[-5.9284093747776625,37.48508971656052,-5.846483603830984,37.552740228090926],"type":"MultiLineString","coordinates":[[[-5.928048765500012,37.48509866182004],[-5.928347330035742,37.48534134694512],[-5.928421562221456,37.48540168545567]],[[-5.928421562221456,37.48540168545567],[-5.927363340057377,37.486293158445044],[-5.927357730464641,37.48629788402534],[-5.925160236361264,37.48773786255167],[-5.925126437940725,37.48777497581703],[-5.923139739187378,37.49008016209431],[-5.921137667318665,37.49238072275818],[-5.919209884286736,37.494707013653475],[-5.919208047134534,37.4947092304945],[-5.917203288927849,37.4969689490375],[-5.9151001603590965,37.49935144377307],[-5.9130525603278805,37.50167272144977],[-5.913046481337801,37.50167961267657],[-5.910549950577631,37.50357273444231],[-5.908136283014267,37.50543592191133],[-5.90569776794904,37.50730309932082],[-5.903280918760976,37.509148703107414],[-5.900769972630197,37.51107072719208],[-5.898524058712056,37.512788502830915],[-5.895878023056661,37.51481267768968],[-5.89340974183003,37.51670097553801],[-5.890860586321641,37.518645482983],[-5.888388506865702,37.520533600800526],[-5.885857391360471,37.52247207468019],[-5.883309630519323,37.5244214717918],[-5.880865959884496,37.52629205546159],[-5.878606237453443,37.528015846555846],[-5.8763058566430555,37.529774844363615],[-5.873948187062288,37.53157574080738],[-5.871480675539585,37.53346191714958],[-5.869193611664007,37.535208877991764],[-5.86681077793303,37.53702870131342],[-5.86407935749609,37.53911654814794],[-5.861651968470031,37.54097259169002],[-5.859172389791799,37.54282052503952],[-5.85681529779849,37.54462915782605],[-5.854327321802444,37.546568184165224],[-5.852262699912431,37.54814280602369],[-5.849876251019011,37.54996519716084],[-5.847387976703418,37.55186553430107],[-5.846476784369826,37.552561071285325]],[[-5.846476784369826,37.552561071285325],[-5.846690178156627,37.55273195280441],[-5.8466941677202415,37.55273514755681]]]},"properties":{"id_dera":11010400001585,"ident":632,"nombre":"CANAMO_VALLEINF","tension_kV":132}},{"type":"Feature","geometry":{"bbox":[-5.958376474903032,37.31364954173289,-5.942687956598433,37.349387151217094],"type":"LineString","coordinates":[[-5.944744501317006,37.31504459775005],[-5.944384568681057,37.315371237320505],[-5.943412844866848,37.31486764087804],[-5.94185622939699,37.3140617488202],[-5.94138644122234,37.31604202596802],[-5.942057336383965,37.32007312240741],[-5.944909933701175,37.32347755164873],[-5.946798160950687,37.32572986472693],[-5.950409122792979,37.327522236708816],[-5.953008681669547,37.33076985624237],[-5.9555419333480195,37.33393211693725],[-5.957532379906569,37.336415968588945],[-5.959359459206027,37.33869626659389],[-5.957429987569126,37.3417491779545],[-5.955880754204177,37.34419045740572],[-5.954321203425521,37.34665891575608],[-5.953070600414781,37.348623777265374],[-5.952569638256648,37.349140712872725]]},"properties":{"id_dera":11010400001095,"ident":649,"nombre":"ENTRENUCLEOS - QUINTOS","tension_kV":220}},{"type":"Feature","geometry":{"bbox":[-5.871041398524845,37.37502892478578,-5.857237253937207,37.38679446504259],"type":"MultiLineString","coordinates":[[[-5.870538327095782,37.375041146193205],[-5.870543612702405,37.3750427279212],[-5.8707489324971425,37.37510417003417],[-5.8706219363141985,37.37537770849678],[-5.87103048578569,37.375495881321186],[-5.871057061652938,37.37543952306323]],[[-5.870538327095782,37.375041146193205],[-5.869529325029395,37.3772480305922],[-5.86849183829771,37.37951605051086],[-5.867895317468633,37.38175198099501],[-5.867300641728553,37.38397911828262],[-5.867293271044645,37.38400672159504],[-5.864256943764112,37.384088711968836],[-5.861281279375211,37.38416887641194],[-5.861286377362079,37.38654821773224],[-5.861286453918285,37.38658394702737],[-5.86029269836519,37.38659182638097],[-5.858060190981907,37.38660962803539],[-5.857242688709223,37.386793244379184],[-5.857237253937207,37.38679446504259]]]},"properties":{"id_dera":11010400000992,"ident":561,"nombre":"ALCORES1_PALILLO1","tension_kV":66}},{"type":"Feature","geometry":{"bbox":[-5.984269927745343,37.33634760728431,-5.951865260740564,37.35380807917542],"type":"LineString","coordinates":[[-5.984418824562729,37.34010744943678],[-5.984390871167805,37.34024318581754],[-5.984378717802761,37.34028227361727],[-5.984330853967663,37.34030928772811],[-5.984287681065153,37.34032223522152],[-5.984243134544509,37.340332126781426],[-5.984169298657591,37.340340775283046],[-5.984105066985305,37.340341450359354],[-5.984064673281522,37.340304283517],[-5.984028719033046,37.340264373559556],[-5.983997395663506,37.340221994984226],[-5.983971034513225,37.340177535892856],[-5.98394983091976,37.340131369798115],[-5.98393393298619,37.34008381734197],[-5.983923527622388,37.34003532433252],[-5.983918665024918,37.33998630398596],[-5.983919353639034,37.33993839599422],[-5.983920873033326,37.33992003937639],[-5.983924273149017,37.33990101357146],[-5.983929168100191,37.339883544892444],[-5.9842158138502635,37.33901522533849],[-5.984254852338957,37.33889411249807],[-5.984248765280763,37.33888715688057],[-5.984235016416672,37.33887423149005],[-5.98421979783223,37.338862379396836],[-5.98420327234762,37.33885172263721],[-5.984159635407921,37.3388301086362],[-5.984150056034023,37.33882587221289],[-5.984140009822589,37.33882238642939],[-5.984129589100645,37.33881970301838],[-5.9839151369302215,37.33877344040132],[-5.983490080526254,37.33868174496585],[-5.983138362336011,37.338621896773475],[-5.983021774509893,37.33859331068933],[-5.982839496033421,37.33855215423539],[-5.982515892869739,37.33849266712172],[-5.982335857556993,37.33846941115891],[-5.981973053956831,37.33839915266423],[-5.981506018714104,37.33830538211045],[-5.9808826845893455,37.338183265812596],[-5.980882127195353,37.33818315371869],[-5.980881569089925,37.338183023621795],[-5.980881022258143,37.3381828932408],[-5.980341077195633,37.33804142561613],[-5.9802722994948505,37.33802753511182],[-5.9789156144914015,37.33777989475725],[-5.97866372495406,37.33773391696521],[-5.97851050381969,37.337690904420874],[-5.978425358759043,37.337658602262344],[-5.9782941191270815,37.337632119564205],[-5.978032604683553,37.33760929649639],[-5.9780309723884475,37.33760911234759],[-5.978029347101605,37.337608819896474],[-5.978027763355005,37.33760843629427],[-5.977641314647983,37.33750302435586],[-5.977422033373651,37.337446302143405],[-5.977236291256875,37.33737758002052],[-5.976944802269745,37.33728063222363],[-5.976711682885512,37.33720579461784],[-5.976483145592354,37.337150114608164],[-5.9759379789798865,37.33704008747497],[-5.975812110793619,37.33700983556621],[-5.975799752740144,37.33700551521063],[-5.9757878936474285,37.33700039838403],[-5.975776602222895,37.33699451038881],[-5.975765970431424,37.336987893963],[-5.975756056417108,37.3369805926958],[-5.9757469299525345,37.33697265889419],[-5.975738661165595,37.33696415386678],[-5.975731308555077,37.33695513020437],[-5.975703680721268,37.33692217138573],[-5.9756959535570715,37.33691738306263],[-5.975687750955038,37.336913129312414],[-5.975679130703555,37.336909444722316],[-5.975670161509735,37.33690635459472],[-5.975660889177877,37.33690387579773],[-5.975594323805082,37.3368885212243],[-5.975497521028522,37.33686416019987],[-5.975342118855679,37.336826415440854],[-5.975167332383125,37.33678387809838],[-5.9749925573665035,37.336741340205734],[-5.974817770903665,37.33669879332859],[-5.974681827689707,37.336665712099155],[-5.9745264230774895,37.3366278852202],[-5.974448037164991,37.3366106648501],[-5.9744272581675215,37.33660627686628],[-5.974399363253687,37.336601437155366],[-5.974371040197397,37.33659861754578],[-5.974342514822508,37.336597821366986],[-5.974314013662862,37.336599069951674],[-5.974285761477282,37.33660233962509],[-5.974257994653442,37.33660761543049],[-5.9742145931097,37.33661905122652],[-5.974172508220286,37.336633256147216],[-5.974131984450286,37.33665013394014],[-5.97409332227828,37.33666957793317],[-5.974056742204385,37.33669145643529],[-5.974022509468375,37.33671562761952],[-5.973990843152462,37.33674192378853],[-5.973972273652924,37.33675865478484],[-5.973852696061412,37.33688418697239],[-5.973547667907559,37.33719587226473],[-5.973218652138037,37.33751945914149],[-5.972826051533401,37.337888209554706],[-5.972513405615677,37.338170601476286],[-5.9722345837752275,37.33841045981825],[-5.972180521722353,37.33845696135631],[-5.972167909053254,37.33846880281942],[-5.972156615302647,37.33848146712285],[-5.972146738387927,37.33849486170055],[-5.972138342050663,37.338508885835374],[-5.97213149003236,37.33852343880999],[-5.9721262340914,37.3385384021871],[-5.972122604147956,37.33855367609982],[-5.97212065196076,37.33856914211053],[-5.972120373273794,37.338584692200754],[-5.972124096283493,37.33868775063356],[-5.972123920649151,37.33869875684926],[-5.972122592239194,37.338709719958786],[-5.972120141327224,37.33872054909642],[-5.972116565429533,37.33873118125093],[-5.97208560202099,37.33880999938359],[-5.972083549013908,37.338814889620004],[-5.972081267335366,37.33881970451001],[-5.972078746066445,37.33882445333871],[-5.972033344698596,37.33890545450189],[-5.972029375862391,37.3389118435827],[-5.972024787236048,37.33891796891771],[-5.972019610512912,37.33892377564743],[-5.972013867176442,37.33892923620013],[-5.972007601258139,37.33893432243765],[-5.971823397649307,37.33907243382278],[-5.971479724356637,37.339357792492905],[-5.971270820490069,37.33951264355607],[-5.971098771149551,37.33963449983779],[-5.971087326662473,37.33964191471711],[-5.971075103685445,37.33964847514072],[-5.971062202621304,37.33965415155402],[-5.9708862700489025,37.339723573987094],[-5.970615939725161,37.33980683826898],[-5.97034511978283,37.33991006345312],[-5.970317507349254,37.339921876082116],[-5.970291372314815,37.339935669938356],[-5.9702669475343955,37.33995134005747],[-5.970175557702235,37.34001576320062],[-5.969495864254253,37.340477070872524],[-5.968947382895328,37.34084075816753],[-5.968257404784481,37.34129919948152],[-5.967792438882554,37.34160819962765],[-5.9675779116638825,37.34175012924581],[-5.967570822174545,37.34175523592402],[-5.9675642929850525,37.34176081510515],[-5.967558378341788,37.34176681136454],[-5.967553132845667,37.34177317827974],[-5.967548566708565,37.341779888562854],[-5.967417545548837,37.341993643979286],[-5.967389799630169,37.34203995143303],[-5.96735993621747,37.342088087090474],[-5.967345263733303,37.34210927857031],[-5.967328243785098,37.34212932155814],[-5.967309028192097,37.34214805906426],[-5.9672877684203245,37.34216532509787],[-5.967260080376687,37.3421858610747],[-5.967153423910202,37.34226138755088],[-5.967103763094126,37.3422936929727],[-5.967080815886817,37.34230737009001],[-5.967056484383602,37.342319424012246],[-5.967030957418226,37.34232977791586],[-5.966937628712583,37.342363710717905],[-5.966849855300209,37.34239169228181],[-5.966766483312825,37.34241365245776],[-5.966593384826646,37.34244493718288],[-5.966583996335664,37.342446974848194],[-5.966574870106982,37.342449654687385],[-5.966566061450443,37.34245294828158],[-5.966557637658991,37.34245684493159],[-5.966549664608779,37.34246129793249],[-5.966542209238791,37.34246628758371],[-5.966462100224674,37.34252472122827],[-5.966141092215908,37.34275886608522],[-5.965378398564644,37.343351019685585],[-5.965051896527113,37.34361925997637],[-5.964410545989308,37.34417129517586],[-5.9633669486939915,37.34515309127943],[-5.962770203442728,37.34576958714171],[-5.96230796387548,37.34627910693397],[-5.961835621454936,37.346828730361985],[-5.961478637778499,37.34728053729497],[-5.961121660842634,37.34773233400467],[-5.960625246863029,37.34841927174051],[-5.960180996890508,37.34908450181024],[-5.959940137706495,37.349441814419734],[-5.959772727647875,37.34972141971052],[-5.959595446919225,37.350038277922486],[-5.959425919340689,37.35032955927329],[-5.95927982145786,37.35062024499883],[-5.958991380199437,37.35118175294994],[-5.958930189419762,37.35130933199328],[-5.9587181927995365,37.351756430304754],[-5.9586419691781085,37.35192289620394],[-5.958423867215069,37.35233587987379],[-5.958171848340416,37.35281079381971],[-5.958153172101834,37.352861809920064],[-5.9581409721399865,37.35288601096178],[-5.957905776147899,37.3533525021645],[-5.95784820890898,37.35340740150357],[-5.957784913157919,37.35345812809002],[-5.957716382198793,37.35350430915548],[-5.957643122029645,37.3535456076558],[-5.957565661911559,37.35358170398715],[-5.957484601240662,37.353612339865585],[-5.957400528847092,37.35363727529301],[-5.9573140814948475,37.35365634115854],[-5.9572258963042275,37.353669377354144],[-5.957136624852593,37.35367630450644],[-5.957046941624665,37.35367705168165],[-5.956957513007722,37.35367162924465],[-5.9568690064486916,37.35366007456764],[-5.95678207988273,37.35364247031512],[-5.95660461815641,37.353576842321154],[-5.956013249062737,37.353358139199116],[-5.955029859692026,37.352953955505875],[-5.954907887534017,37.35290382378543],[-5.954688067914712,37.35283819716716],[-5.95467527966422,37.35283359699805],[-5.954659996020603,37.35282580639434],[-5.954645931260785,37.35281772402621],[-5.9546347151801315,37.35280975068261],[-5.95458799068348,37.352771578410064],[-5.954371173291087,37.35259447938847],[-5.954334940611699,37.352565091401054],[-5.954204951924567,37.35251083419459],[-5.953987822329489,37.35242019797279],[-5.953834402452395,37.352356163649304],[-5.95365643765514,37.352281875592936],[-5.953303125541073,37.352134395634884],[-5.953185702937121,37.352085373885835],[-5.952943538091407,37.35198429608042],[-5.952832392954497,37.35193790144408],[-5.95250717413922,37.35180214295631],[-5.952378644682927,37.35174559463025],[-5.952335490875479,37.3516898969555],[-5.952243578358231,37.351608015734904],[-5.951775708529397,37.3513994654003],[-5.951770781260208,37.35139726908188]]},"properties":{"id_dera":11010400001656,"ident":681,"nombre":"PALMALTA_QUINTOS.","tension_kV":66}},{"type":"Feature","geometry":{"bbox":[-6.088146465351665,37.54878417447876,-5.776757507074501,38.006730313798506],"type":"LineString","coordinates":[[-5.994817364146478,38.001374922170776],[-5.995983588563641,37.998104422264575],[-5.997173722092739,37.99476914997728],[-5.998922594191563,37.98975926513422],[-6.001334286763735,37.98286593642029],[-6.002194952354402,37.98042812682268],[-6.004856372828846,37.972904231593276],[-6.006303322857981,37.96879637190968],[-6.007974726927327,37.96406295976182],[-6.010042297923583,37.95825161405905],[-6.011815535242411,37.95317226300369],[-6.013591223118213,37.948152738826444],[-6.015233315613074,37.94348286668382],[-6.016645935090087,37.939484783384216],[-6.018710129075631,37.933707614862804],[-6.020617128581991,37.928315570438336],[-6.02161411640814,37.92538812543334],[-6.023585088600767,37.91983473352518],[-6.026087634436121,37.91277108198624],[-6.028554101204681,37.90581147125809],[-6.029767346333725,37.90230148334818],[-6.031704930296771,37.8967984646387],[-6.03251624640973,37.89465976161557],[-6.034651986365832,37.888573419206146],[-6.036625579251222,37.88295298461985],[-6.03716285103703,37.88147688853921],[-6.037867200292123,37.87827530543331],[-6.038580560843434,37.874945813559506],[-6.0392753668387815,37.87174690140952],[-6.040842088525115,37.864596658949466],[-6.0422779825056745,37.858067950089065],[-6.043843670836044,37.85095976816495],[-6.044363754048612,37.84853848899301],[-6.044770589749209,37.846552166004564],[-6.045959177212568,37.84113695410361],[-6.046610912470192,37.8381826498461],[-6.047451121277558,37.83434102432919],[-6.048472973618924,37.82971234971966],[-6.049170119029111,37.826289867320156],[-6.049986546096103,37.822706434071016],[-6.051456224447513,37.81587877182059],[-6.052418187994937,37.81145244721209],[-6.053275563258192,37.80755203699041],[-6.053958738569232,37.804402800115234],[-6.0551635743516465,37.79889985236636],[-6.055870058748595,37.79564728352738],[-6.056672212052358,37.7920369618956],[-6.0572328171622445,37.7894590570005],[-6.058396802445788,37.78406840913095],[-6.0593653693503144,37.77970077882545],[-6.059822922564488,37.777534413443135],[-6.0611937636752025,37.77131088066567],[-6.062004566682565,37.76754685588051],[-6.062845444323383,37.763765193613224],[-6.063763436840183,37.75953858588954],[-6.0643604396123045,37.75676391081748],[-6.0654331752454835,37.75190508313919],[-6.066399830779085,37.74745058504286],[-6.067489826012431,37.7425069547988],[-6.0686377701675145,37.7372059075997],[-6.069537224895077,37.73300811782585],[-6.070501776207304,37.72866923727268],[-6.071506494993542,37.72401458090969],[-6.072479540855124,37.71956490949302],[-6.072943954845044,37.71750850414846],[-6.073973771671275,37.71272648990344],[-6.075531029503965,37.70558321630245],[-6.076171527531879,37.70266336251362],[-6.077258985423921,37.69768510554756],[-6.077477075150754,37.69558934489579],[-6.0778202551400735,37.69218989316837],[-6.078240390411793,37.6881379915146],[-6.078632015762967,37.68425820448492],[-6.0789779227855565,37.68100031272326],[-6.079468068670432,37.676113593538226],[-6.079865419212311,37.67225365089743],[-6.08014120405861,37.669590360021765],[-6.080508148161842,37.66605683304364],[-6.080767760463498,37.663534880155964],[-6.081053450151048,37.660750411247136],[-6.0813011014015155,37.65827688291969],[-6.08161615519803,37.655282429325474],[-6.081904248667296,37.65257628063229],[-6.085068508728146,37.64702307662893],[-6.086400770575021,37.64471524483685],[-6.08779357922858,37.64226317100693],[-6.091560470977961,37.63950813570125],[-6.0917785590314715,37.636545119941395],[-6.09039323159755,37.63453735705572],[-6.085861825585021,37.63389614801811],[-6.0805925024352145,37.63315981611796],[-6.076786856678046,37.632633459610794],[-6.072653905358794,37.632056315302975],[-6.066170885779227,37.63115427161184],[-6.06142871929518,37.63048940743924],[-6.058283722985292,37.630049264547075],[-6.048607244069992,37.62869979566073],[-6.045315343548491,37.62824580292299],[-6.040316826939068,37.62754777814715],[-6.036897558665974,37.62707394694422],[-6.031787985593,37.626357424504384],[-6.027199524541785,37.62572803182238],[-6.022508233647265,37.62506406411216],[-6.016492512406771,37.624223503064734],[-6.011454894451811,37.62352362131197],[-6.005717797086127,37.622721068922225],[-5.998773625027071,37.621744501740956],[-5.992935598595341,37.62093271636224],[-5.989667214650815,37.620481331098865],[-5.986109763709054,37.61998131355015],[-5.981189495582718,37.61929048674471],[-5.978737042743992,37.618946558586835],[-5.973082846124375,37.61815814796311],[-5.970023273788586,37.617690856146886],[-5.964741544349423,37.61688725186081],[-5.961531645890911,37.616397116745],[-5.956710819408964,37.61566635762548],[-5.949980204491442,37.61463692746713],[-5.945299900533811,37.61392542793311],[-5.941283006692828,37.61331234670464],[-5.938481030989992,37.612885015247855],[-5.933141432419017,37.61206808664953],[-5.9291027166277726,37.61145404676007],[-5.924193855773501,37.61070710079968],[-5.919797299050044,37.61003340335936],[-5.915144194254443,37.60932858029964],[-5.910986067119754,37.60874128423789],[-5.906904919974412,37.6080641791145],[-5.903693250382689,37.60762349532756],[-5.899866992660244,37.60703799134587],[-5.894906684962324,37.60623521310508],[-5.890389073679743,37.60559284402977],[-5.88621241531782,37.60490888617391],[-5.8818456030731285,37.60424366301802],[-5.876663077488264,37.603445809128836],[-5.872350434727651,37.602789001201316],[-5.866609476642078,37.600972047766014],[-5.861190952293003,37.599174918008025],[-5.856706228923739,37.59771669505949],[-5.852383655412207,37.596324659300265],[-5.847177767065701,37.59462490134409],[-5.842046964538684,37.592993562062155],[-5.83659853948662,37.59118969214949],[-5.831407611687279,37.589543288646716],[-5.826775185577854,37.588041583938754],[-5.821322399106417,37.5862680047402],[-5.8163045620849285,37.58463597519065],[-5.811410627195219,37.58300509913482],[-5.807140342312441,37.58166139423087],[-5.804475560118143,37.58075162354405],[-5.797407961771365,37.578452127933886],[-5.793424292563688,37.57717230415463],[-5.7903131014412486,37.57531709363579],[-5.787345653667852,37.57355085126095],[-5.7839098919479515,37.57155670887217],[-5.78031762169885,37.56938872952366],[-5.776948670231299,37.56739099965856],[-5.7737650372557345,37.5655046019348],[-5.771061162802506,37.56389564426865],[-5.767531822588494,37.561802103309006],[-5.763554411798961,37.55945042584646],[-5.762211457112661,37.55686593351953],[-5.760574965006722,37.557392175072444],[-5.759989630574529,37.557514653994325]]},"properties":{"id_dera":11010400001628,"ident":634,"nombre":"CARMONA - VALDECABALLEROS","tension_kV":400}},{"type":"Feature","geometry":{"bbox":[-6.123135898349079,37.63619042510441,-6.086271494922101,37.97620485119113],"type":"LineString","coordinates":[[-6.137444841688155,37.974849761450116],[-6.137138257341096,37.969037090903825],[-6.136492709066395,37.96518540135615],[-6.135747209089814,37.96073470742979],[-6.130433338543434,37.94881719494988],[-6.128635098388524,37.94478350755602],[-6.129956203269385,37.93666097430119],[-6.130639555316517,37.9324594882806],[-6.129028337411864,37.92962225527357],[-6.125892075174926,37.924098586918035],[-6.123366415455607,37.919650762097135],[-6.120970685631056,37.91543052653344],[-6.120270828461789,37.91168681770232],[-6.118666602249157,37.90310714383301],[-6.117901799679508,37.899014383010865],[-6.116889202865078,37.893597979995064],[-6.115713062498697,37.887305281306645],[-6.115515372971893,37.885065462435136],[-6.114909948030748,37.87821496648067],[-6.11444532075625,37.87295420224712],[-6.116647710970505,37.86840917059256],[-6.118811949449899,37.861292725806564],[-6.120261055520986,37.85652075789894],[-6.122506414798087,37.85401564118362],[-6.122291971645994,37.85243146604619],[-6.121632750937563,37.8476298028431],[-6.120250724781698,37.84448706324466],[-6.118871161366033,37.84139725132994],[-6.117320202041143,37.8378731896519],[-6.116097449408787,37.8331208790942],[-6.114274803496242,37.826115783346545],[-6.112996169880218,37.821199968199444],[-6.111572857900765,37.815728446574354],[-6.110140955644348,37.810222439645784],[-6.109290581154415,37.80695396434206],[-6.106817827803377,37.79748929821978],[-6.105689695862712,37.79312933906161],[-6.102107474174376,37.790222979608615],[-6.100672926636126,37.78648963245475],[-6.099522029605821,37.783517298857326],[-6.097158759573825,37.7774143696953],[-6.0959716932416255,37.77434860940781],[-6.092938303804654,37.76651220531974],[-6.091384813537162,37.7624986156372],[-6.089057745586355,37.756486075204826],[-6.086932937743958,37.75099426794769],[-6.0855324443103305,37.74737418188833],[-6.084149324501945,37.743800022275394],[-6.081832339568143,37.73780830462816],[-6.0792631781329804,37.731166653250284],[-6.077331561722309,37.7261710769982],[-6.076973320314579,37.72421498880899],[-6.076088823453927,37.71938249397965],[-6.075425394679773,37.71575597772185],[-6.0763767975173035,37.711445775368425],[-6.0775720612705575,37.70603177067321],[-6.078494842206824,37.7018515926752],[-6.0795389585898585,37.697120422912725],[-6.08028340777163,37.693747688204205],[-6.083793473576602,37.67783572943411],[-6.085088999582786,37.67196094851578],[-6.085526249810518,37.668671725600056],[-6.0861395302745995,37.66405971628313],[-6.086739599096727,37.65954589801544],[-6.08716394043426,37.656352511908885],[-6.087758342059075,37.651881903266734],[-6.092394540690909,37.64561429844943],[-6.096374936594032,37.64023196020502],[-6.096653382081667,37.637989285751054],[-6.096433562811718,37.637580545331005],[-6.097086039744442,37.63717371287805],[-6.096759970080238,37.63688635132357]]},"properties":{"id_dera":11010400001168,"ident":726,"nombre":"GUILLENA - BROVALES 2","tension_kV":400}},{"type":"Feature","geometry":{"bbox":[-5.7142766257603625,37.3998349030667,-5.71419263898975,37.39989509640458],"type":"LineString","coordinates":[[-5.7142766257603625,37.3998349030667],[-5.71419263898975,37.39989509640458]]},"properties":{"id_dera":11010400001486,"ident":539,"nombre":"VISO_RESERVA_01","tension_kV":66}},{"type":"Feature","geometry":{"bbox":[-5.850028374119904,37.24481897589701,-5.692469182523138,37.43881724928529],"type":"LineString","coordinates":[[-5.844736445725937,37.244946328442445],[-5.8448873664001875,37.24498721172823],[-5.844843314373346,37.245304992108636],[-5.843563677502952,37.24802122940212],[-5.841962951216355,37.25140711964424],[-5.840337613614387,37.25492459949466],[-5.8387145133677185,37.25836135666439],[-5.836947958721807,37.26208880538826],[-5.835322865256224,37.26554025351841],[-5.834073211023495,37.26819521032933],[-5.832543037694731,37.27144213923029],[-5.831013288388876,37.27468264227979],[-5.8296097662812105,37.27763860137206],[-5.831341512894116,37.28075868734661],[-5.833317836154501,37.28434281250586],[-5.8353757950863905,37.28811995647542],[-5.836614947414789,37.2903430385603],[-5.838484069949732,37.29363140886871],[-5.838560975299265,37.29376365785861],[-5.838217839847305,37.29394813222192],[-5.83776201624791,37.29419661015383],[-5.836648508023719,37.29480951005885],[-5.832127233283239,37.29710707353563],[-5.828077612373088,37.29922633149979],[-5.8239847870231145,37.30139685818623],[-5.820427789044396,37.303224028374366],[-5.816417700396902,37.30526590108066],[-5.813080681403421,37.306987328172966],[-5.8093791813075235,37.308421742135025],[-5.805650728407958,37.309797581902316],[-5.80292675049503,37.31084299575725],[-5.798405411243987,37.31250545713254],[-5.793607719751907,37.314357140846596],[-5.789413480991614,37.31596101187669],[-5.784896733434229,37.317660010375434],[-5.780324532976593,37.31944574938599],[-5.775639529262884,37.321222877587296],[-5.771043048683765,37.322970896174176],[-5.766600101930324,37.324511584626684],[-5.762149682808137,37.32626918174192],[-5.757652490199319,37.3279692227711],[-5.75303205450212,37.32968989681434],[-5.749067116501225,37.33112472839683],[-5.744902771176623,37.33268138412831],[-5.74155128293253,37.33382363933515],[-5.738098972649832,37.335172598729315],[-5.734302182025464,37.336523658696244],[-5.731410468136865,37.33949372779556],[-5.728075265247691,37.342970659750016],[-5.725332957368549,37.34579088599313],[-5.722223709625891,37.34907934264662],[-5.719143584952238,37.35225945535574],[-5.716714087595986,37.354685081351505],[-5.714169222837843,37.35736562147732],[-5.711249846441434,37.360325577308714],[-5.708403104888709,37.36315800185388],[-5.705730559774144,37.36600232312332],[-5.70316912332861,37.36856631907953],[-5.700334078946693,37.37146776536852],[-5.698214863769495,37.37366227559178],[-5.695180596441884,37.376778112095394],[-5.694840101930431,37.38060825117783],[-5.6945910458540565,37.38439079603754],[-5.694273614303619,37.388462446414515],[-5.693904786444764,37.39235468025628],[-5.693582905518637,37.396363258389876],[-5.6932653319755335,37.400155197064876],[-5.6929936507955485,37.40368683525546],[-5.692662821467925,37.40775319063295],[-5.692371511715749,37.411308611604476],[-5.692025873889109,37.41584586407555],[-5.691768157381024,37.41925516417551],[-5.693917951539691,37.42372102133685],[-5.695530894679466,37.42679316520211],[-5.6969123607605185,37.42970863844333],[-5.698458340875054,37.432799835491],[-5.700054808671575,37.436034303820016],[-5.701287475075485,37.4386158991906],[-5.701661809529216,37.43843042543382],[-5.706364613443206,37.4365778041943],[-5.710209852329678,37.435092912215346],[-5.714645102204171,37.433369241918804],[-5.719280758979171,37.431568614461405],[-5.723670952606057,37.42986357967604],[-5.7276372686807395,37.42831234986427],[-5.7313694944834594,37.42685651239949],[-5.7361037342237156,37.42498978811003],[-5.739984537923868,37.4235028484174],[-5.744307878433572,37.4218154602733],[-5.748480593659964,37.42017917832643],[-5.7526912141725886,37.41854024658456],[-5.7568043425279685,37.416924979360445],[-5.76090859647399,37.415352850314406],[-5.764813015267727,37.41382562840841],[-5.768395609358234,37.41242296436273],[-5.7735926888956834,37.410383427475665],[-5.777682033326851,37.40876656146007],[-5.782098173315573,37.407029403594805],[-5.786722138568631,37.405199864158526],[-5.791245610219989,37.40342000943912],[-5.795244935706408,37.401839003779294],[-5.7999563954240605,37.399983276265175],[-5.804439393251351,37.398216318384016],[-5.807912853235715,37.396837864438744],[-5.811238962129569,37.395515259174694],[-5.813975480311123,37.39443908763164],[-5.817877062250139,37.3928824538305],[-5.822139473577481,37.39119479682648],[-5.826595250355484,37.389430959136995],[-5.831282143816748,37.38862133728684],[-5.835528151175367,37.38791524744504],[-5.840007151370201,37.387699546201496],[-5.844487413626168,37.38748220310059],[-5.849520813070506,37.38723621347742],[-5.853866167871163,37.387033573518494],[-5.85539576133134,37.38673326756931]]},"properties":{"id_dera":11010400001596,"ident":546,"nombre":"ALCORES - DON RODRIGO","tension_kV":220}},{"type":"Feature","geometry":{"bbox":[-5.9639649274820234,37.33199021402567,-5.806174685175266,37.47288915279669],"type":"MultiLineString","coordinates":[[[-5.9685576328814,37.4484503698082],[-5.968519947114743,37.44836616826771],[-5.9685039385763625,37.44833042777588],[-5.967949966024453,37.44709298507753],[-5.967182633005422,37.4453803698883],[-5.966124636168347,37.443017370970445],[-5.964673830346645,37.439775885197044],[-5.96373481170829,37.437680102259876],[-5.962570142666388,37.43507862682047],[-5.961427525148654,37.432521366061714],[-5.960230136517568,37.42985085125715],[-5.958990062153483,37.42708101439424],[-5.958093763114734,37.42507673937687],[-5.958084317333193,37.42505561641725],[-5.9583507214966245,37.424019142640724],[-5.958673394512268,37.42275981759496],[-5.958676749528899,37.42274672344225],[-5.959813819271049,37.421172865921854],[-5.961195041711554,37.41932238644195],[-5.962421912216449,37.41648064667345],[-5.960949254751802,37.41454129334358],[-5.960933877075394,37.41452104174345],[-5.961031640008544,37.41172805308713],[-5.960865881017331,37.41166120014064],[-5.960860840893918,37.41165916738205]],[[-5.963447090832326,37.451664928741884],[-5.96345191556994,37.45166258346267],[-5.966125682729892,37.450362826702865],[-5.966134494355259,37.45035589761117],[-5.9685576328814,37.4484503698082]],[[-5.848210632920064,37.43561898268529],[-5.851179580103923,37.43756128375849],[-5.854033415709219,37.43943091808611],[-5.85431027752292,37.439612290504506],[-5.857126170575127,37.44145474968099],[-5.859732221310072,37.443160481848224],[-5.863034880485197,37.44531323729615],[-5.865935625067556,37.44719974217596],[-5.8680380226854965,37.448594835502256],[-5.871123197515187,37.449782372095044],[-5.874505910778298,37.451084139686536],[-5.878305478347751,37.45254550178651],[-5.8821233925573235,37.454015752245894],[-5.883710515538929,37.45462767315034],[-5.889570280546728,37.45585643043147],[-5.893252106666587,37.45662753904198],[-5.896562442279061,37.457321770727525],[-5.9004378117220435,37.45813395011889],[-5.902987593367133,37.45944875629728],[-5.905344263806923,37.46066373343238],[-5.9085831208574815,37.46233261248389],[-5.911797837181596,37.463990285135864],[-5.914965946313557,37.46562306709872],[-5.918174781067997,37.4672762901551],[-5.921168740832502,37.46881922249686],[-5.924405136474239,37.46904639963368],[-5.927496750575835,37.469253738670616],[-5.930487363181868,37.46947972092765],[-5.934742107885577,37.46976333936273],[-5.937212966201389,37.46845325382554],[-5.938814906124937,37.467551134768364],[-5.940763653376407,37.46657173728941],[-5.943708691294738,37.464600419302876],[-5.946486009999466,37.46272304769793],[-5.949173076384286,37.46091409263277],[-5.952187752343933,37.45888523593338],[-5.955079308522213,37.45694011785699],[-5.958050399798706,37.45494049867922],[-5.9610457869602245,37.45292469991265],[-5.963442370403475,37.45166740526088],[-5.963447090832326,37.451664928741884]],[[-5.848210632920064,37.43561898268529],[-5.847384396295028,37.43266538145131],[-5.846649170383679,37.43003702695338],[-5.844248296399802,37.42752148511196],[-5.841676600769021,37.42482671233954]],[[-5.818741062606649,37.37386005098393],[-5.818742171367082,37.37386446835402],[-5.819462531626114,37.37673431597356],[-5.820390600887674,37.37848730226834],[-5.821525661412726,37.38065533172361],[-5.822714910155664,37.382836201220876],[-5.824057608945638,37.38537904712662],[-5.825362927370761,37.38782599309138],[-5.825498886743485,37.38808153243906],[-5.826290609091172,37.38956965480558],[-5.826330460355905,37.38964448243307],[-5.8269026566078725,37.39072020008341],[-5.828301328479003,37.393343652015766],[-5.829700409732282,37.39597824817862],[-5.8311837336469905,37.39877480255634],[-5.832613853761673,37.401463129980066],[-5.8337438212015,37.403589877301776],[-5.834546738707208,37.40577662780154],[-5.835510800230566,37.40839823685136],[-5.836342569010137,37.41066411451254],[-5.837465100571676,37.413718648864055],[-5.838432218750548,37.41634952531639],[-5.839254090856693,37.41859926016851],[-5.8401942086624,37.421148211029085],[-5.841023498108059,37.42320612186539],[-5.841676600769021,37.42482671233954]],[[-5.804040259088417,37.33589175920288],[-5.804051599017963,37.33589234768467],[-5.8045260971122135,37.335916970622094],[-5.804564221810696,37.335919490913604],[-5.805161074354144,37.33595841347554],[-5.808753726280686,37.336168092889665],[-5.812643896274822,37.33636022650178],[-5.816512929648374,37.336544985273356],[-5.819619738845533,37.33670165159362],[-5.8217719228772715,37.33684280500259],[-5.822892175598971,37.336948329301485]],[[-5.803381830873995,37.34649003850523],[-5.806287621670423,37.35143945004592],[-5.807606593515286,37.35381331870592],[-5.810412241865634,37.35884347236597],[-5.812319884992875,37.362264491602716],[-5.814516498117629,37.366262766909855],[-5.815908367406636,37.368781126084095],[-5.817329132492047,37.371347976210984],[-5.8187387521824325,37.373855940479515],[-5.818741062606649,37.37386005098393]],[[-5.804040259088417,37.33589175920288],[-5.804039263134485,37.33589619361428],[-5.803726519764759,37.3372886340911],[-5.802473840945078,37.34034101060543],[-5.801335243759886,37.34313098032707],[-5.803377649058556,37.346483175244614],[-5.803381830873995,37.34649003850523]]]},"properties":{"id_dera":11010400001622,"ident":622,"nombre":"AGUILA_CALONGE","tension_kV":132}},{"type":"Feature","geometry":{"bbox":[-5.914430173649243,37.29652497665807,-5.905386700265909,37.30124124830292],"type":"LineString","coordinates":[[-5.914430173649243,37.29652497665807],[-5.914353292730912,37.29679354185236],[-5.912977218805211,37.297139246535764],[-5.9128132857392695,37.29852435135208],[-5.909685207821425,37.300190453032485],[-5.909492346150447,37.3002816989958],[-5.9093092307052,37.3003682897334],[-5.908376590921945,37.30080940794268],[-5.908152928588974,37.30091519534679],[-5.9076884484941505,37.30104158892524],[-5.907110441832029,37.3011988838893],[-5.905532960668292,37.2992633920841],[-5.9052802410134895,37.29844520071989],[-5.905278890007668,37.298440826727884]]},"properties":{"id_dera":11010400000863,"ident":610,"nombre":"AC.BUENO_DOSHMNAS","tension_kV":132}},{"type":"Feature","geometry":{"bbox":[-6.013812573210894,37.36577993603667,-6.000733672178542,37.3926002472964],"type":"MultiLineString","coordinates":[[[-6.012285214467485,37.37281879996187],[-6.012338338150886,37.37274945381928],[-6.0121740513734165,37.3724808781869],[-6.012186369365409,37.372430926097735]],[[-6.0114476549825335,37.3732326605283],[-6.012285214467485,37.37281879996187]],[[-6.012186369365409,37.372430926097735],[-6.0126116714443585,37.37213104335962],[-6.012759145361404,37.37193413814479],[-6.012672364845595,37.37190238081687],[-6.0122604632484045,37.37215619458444],[-6.0107614216576835,37.37291366687768]],[[-6.0114476549825335,37.3732326605283],[-6.010949813871166,37.37347013392497],[-6.01093740870839,37.37352583673605],[-6.011150469982199,37.37401868341747],[-6.011277626614667,37.37429243221706],[-6.011334597878302,37.37440312402178],[-6.011444320988007,37.3745048580737],[-6.0116845350790475,37.37463247894644],[-6.012075881686282,37.37474538166777],[-6.012121916914621,37.37477117663168],[-6.012012869018625,37.37506463025309],[-6.0118928864890515,37.375374058479935],[-6.011755514312474,37.375782827586484],[-6.011843110314566,37.37591560711881],[-6.011932503583047,37.37601511952026],[-6.01270104545794,37.37631011270935],[-6.01305738981738,37.37644219520521],[-6.0135230033815255,37.37648250437144],[-6.0142508496150615,37.3767246608089],[-6.01422184901419,37.37737270554182],[-6.014099702824137,37.37758420322994],[-6.014049940257933,37.37837336613719],[-6.014013093686921,37.37886351481983],[-6.013966351369657,37.37951066922024],[-6.013939672096267,37.37988023408333],[-6.013891828590276,37.38061272664773],[-6.013866893650333,37.38097397545671],[-6.013811091811556,37.381702589140026],[-6.01378695122654,37.38202219874916],[-6.013731990879639,37.38282178354852],[-6.0137150971621125,37.383120187141564],[-6.013656181448501,37.383912376047626],[-6.013632372769198,37.384228165708954],[-6.013578640331521,37.38493463287322],[-6.01355120902474,37.385311695230236],[-6.01347745450776,37.38633182797254],[-6.013414350033238,37.38722029091373],[-6.013395051309351,37.38746174708337],[-6.013368199368773,37.38788373005073],[-6.01324367103288,37.38831338481289],[-6.0131270768609175,37.38859629216089],[-6.01304427737169,37.38878237719451],[-6.012982258157003,37.38887177352791],[-6.012898550057568,37.38895817263221],[-6.0127841725589395,37.3890482728473],[-6.012586972737693,37.38913267207029],[-6.012160254969215,37.389273604114045],[-6.01187068576229,37.38931891743759],[-6.011536172487472,37.38933208186012],[-6.011329322734407,37.38957781271717],[-6.011345288747433,37.39001914947554],[-6.012946894284012,37.389853185808185],[-6.01320368840913,37.390044092850275],[-6.013137951707956,37.39076691531407],[-6.0130619433699,37.39149382897645],[-6.013034777686179,37.3915320317819],[-6.013005769675311,37.39155947809282],[-6.012976196897104,37.39157281951563],[-6.0121253863588535,37.391428913423674],[-6.0120848296657625,37.39158201540244],[-6.012181347676128,37.39214647123688]],[[-6.012181347676128,37.39214647123688],[-6.012135542915127,37.39231009595816],[-6.0119553447652,37.392281160739316]],[[-6.0107614216576835,37.37291366687768],[-6.010950459426183,37.372492779291804],[-6.011025560671326,37.371767278392014],[-6.011101972710624,37.37115027409014],[-6.011149001694128,37.37078529982746],[-6.0112002231054005,37.37009821459691],[-6.010515772094696,37.36997105878536],[-6.0097647823692055,37.36986425370635],[-6.008515970960674,37.369682380945456],[-6.007538995120711,37.36953779284641],[-6.006279691410409,37.3693493333137],[-6.005404841657354,37.36921785319385],[-6.004664754145917,37.369072966635095],[-6.004461904330636,37.36876786759518],[-6.004173108761612,37.36844066943292],[-6.00404858867191,37.36814122871759],[-6.00404327067705,37.367727047673846],[-6.004081083350781,37.36740330717578],[-6.004101525941876,37.36725830589342],[-6.0041013650766075,37.36725030874622],[-6.004006366453166,37.36718209943793],[-6.003289718258034,37.3671346864655],[-6.002724641847876,37.367158962238925],[-6.001805847733181,37.367174134276446],[-6.001012835470492,37.367194620794166],[-6.000373289841388,37.36717884142975],[-5.999787079616642,37.36709315393697],[-5.999757134072091,37.36677801797852],[-5.999770429391822,37.3663994506934],[-5.999766776410299,37.366137322490935],[-5.999685288990842,37.36630680372271]]]},"properties":{"id_dera":11010400001632,"ident":663,"nombre":"CENTENAR_TABLADA","tension_kV":66}},{"type":"Feature","geometry":{"bbox":[-6.882512731552124,37.183657969788264,-6.093165724299464,37.635727746680224],"type":"LineString","coordinates":[[-6.88253420667835,37.18407687499631],[-6.881753310441644,37.183682890213944],[-6.879094111758706,37.184575027071666],[-6.8766070358816,37.187315334292215],[-6.874446739294362,37.19020227082128],[-6.872304347043726,37.19305047872721],[-6.870941744675482,37.19484174515985],[-6.871490677375772,37.19746581117762],[-6.873220665899094,37.20162824138719],[-6.872699325996643,37.203969427431765],[-6.871586140769135,37.205928114102555],[-6.872918684937601,37.20937349776555],[-6.8728417989963,37.21146689765713],[-6.873367013691915,37.21329086444004],[-6.874098036422586,37.21569084722349],[-6.874825565547685,37.21838002325578],[-6.873839504147234,37.22110542704214],[-6.872602010572286,37.22437776746486],[-6.867325641354656,37.22558803927352],[-6.863117987206968,37.22768717835918],[-6.859341597222007,37.229570127206514],[-6.855429104524614,37.23151856518999],[-6.851515860529054,37.23346509865708],[-6.847334650579172,37.235547698729725],[-6.843300534776236,37.23755618720328],[-6.839798799767132,37.23930024009885],[-6.836330655394485,37.24102112122148],[-6.83318479437194,37.24209445510841],[-6.828860259641474,37.24473500854463],[-6.824185649775864,37.24535167707343],[-6.820593159431188,37.245800413955045],[-6.816653849126299,37.24873834303876],[-6.814963684923577,37.24998770957886],[-6.812588254651096,37.251734541195844],[-6.808724037963471,37.25459141999173],[-6.804950824501358,37.25738119803959],[-6.801231544361291,37.26013732669894],[-6.797912831366808,37.26258021477416],[-6.794698271654121,37.264962375352056],[-6.790461573845571,37.26809855803388],[-6.787516771095552,37.27025864532875],[-6.783766715588247,37.27301955863515],[-6.780446562592366,37.27548076198061],[-6.777526752985302,37.27763575884481],[-6.7735681875344715,37.28057013785299],[-6.770168475665078,37.28307684638885],[-6.767851299436747,37.28433340543975],[-6.763908307017366,37.28646195237394],[-6.76018833746226,37.28846823597748],[-6.754023236682205,37.291792334874245],[-6.75225617554966,37.29384786191403],[-6.74954821946926,37.29698526836254],[-6.747960087340056,37.298824701958615],[-6.746361839695716,37.30065497824595],[-6.742115362630114,37.30563076777184],[-6.73978680527076,37.308275149824915],[-6.7371023449741605,37.30971319896047],[-6.7341182886844155,37.31130750087285],[-6.727945650461917,37.314617200216105],[-6.724818221741724,37.31629453473695],[-6.721585583807038,37.31802555154089],[-6.7190450549239165,37.31938623917186],[-6.716399449561696,37.320802519997336],[-6.712707588230219,37.3227980114952],[-6.709876138215687,37.32428917814176],[-6.705102609109952,37.3273899147444],[-6.700918236587866,37.33010634143429],[-6.695436006126254,37.333662226296326],[-6.691236825369628,37.33637608292597],[-6.686278989812814,37.33656276423138],[-6.681012167110017,37.33675571220739],[-6.677002179674553,37.336874000871916],[-6.6744917093294776,37.339209034435584],[-6.6726533874582845,37.34092916252548],[-6.667042621198553,37.34609506010824],[-6.663826815781414,37.349056002815274],[-6.660437978907286,37.35216762938025],[-6.660019448740308,37.354433930161775],[-6.657337818919185,37.356415903256476],[-6.655076155481276,37.357136624263916],[-6.652589636500996,37.35943200598446],[-6.649716187455434,37.362069745648625],[-6.646712214708957,37.36483171820372],[-6.643617339159547,37.36767426079803],[-6.640530146069349,37.37051000310751],[-6.637398810066838,37.37337837989929],[-6.634251101643261,37.37718844676581],[-6.631358872820459,37.380684453176464],[-6.628766832205284,37.38382053604283],[-6.626568439539676,37.386468259967394],[-6.623414681420463,37.39028481815564],[-6.620878499573251,37.39331623257778],[-6.618329788761139,37.3964315836699],[-6.616241878171808,37.398954118914894],[-6.614011789249505,37.40163907991466],[-6.611854593925558,37.404253123385956],[-6.609987411734225,37.40650807944294],[-6.608276768549759,37.408565520474745],[-6.60566425731764,37.41173256537594],[-6.600565010038871,37.41305737634348],[-6.59682844188746,37.41402217401463],[-6.591665330074288,37.4153668399946],[-6.586672061667692,37.41666278992145],[-6.582719033838873,37.41768651649015],[-6.577921464491781,37.41892643104833],[-6.573168335430638,37.420163639187],[-6.567970254969463,37.42151113361418],[-6.563823465315286,37.42258576722521],[-6.561106148731818,37.423289934642725],[-6.556701552173901,37.42443272849724],[-6.552681630067857,37.4254739642079],[-6.548983695921434,37.42642268201805],[-6.544082526357264,37.427205784316676],[-6.5386528850753,37.42807029327359],[-6.528285305058271,37.429719816625095],[-6.523160014405909,37.43053956581776],[-6.518632196590946,37.43125948346383],[-6.513085703346158,37.43213657784497],[-6.503070651836883,37.43372764399083],[-6.497973850870244,37.43453609219879],[-6.492289269421267,37.43544558740221],[-6.487849762123862,37.43615136011939],[-6.483505091070127,37.43683560848248],[-6.4791258757356776,37.4375320679347],[-6.474857565598869,37.438207353369506],[-6.469850878483087,37.438999329794534],[-6.465097960769921,37.43975445503291],[-6.46166510260074,37.4402983402494],[-6.457531906128879,37.44095336549106],[-6.452434159361832,37.44175898648051],[-6.447469407091146,37.44254501010924],[-6.4424456820560225,37.443350924375146],[-6.437698031430076,37.4438366785288],[-6.432870861588087,37.44432455544702],[-6.428137869150216,37.44480022022013],[-6.4225451358584404,37.4453730613091],[-6.416869833528218,37.445951181756456],[-6.412115773405877,37.44643069057622],[-6.407201447125007,37.44691850817931],[-6.402736386068181,37.44838395558409],[-6.39830392044642,37.449871904030736],[-6.393716163676503,37.451393434018314],[-6.389206487590303,37.452876419085825],[-6.384673583070947,37.45437458576147],[-6.381081396514255,37.45555769261926],[-6.3770917484783824,37.45687189225066],[-6.3695422319802875,37.459357886444394],[-6.366218094265303,37.460452620342956],[-6.362533054193881,37.461665299672106],[-6.3591934557716545,37.462762711447915],[-6.354867151365628,37.46419431938239],[-6.350707051406751,37.46555230871194],[-6.346276358142332,37.46701278720346],[-6.341373798620493,37.468623228970536],[-6.337334166387977,37.46995364806307],[-6.332229979142255,37.47163230427757],[-6.327704926798484,37.47312025833781],[-6.322741639512801,37.47475372455661],[-6.319053566873873,37.47596605422156],[-6.314855926121088,37.477353948286236],[-6.310269156813537,37.47886063717349],[-6.306191489117705,37.48019242667789],[-6.301886212042868,37.48160657713867],[-6.297674575117353,37.48298912588853],[-6.294246667093513,37.48411503800685],[-6.2902911389684055,37.485414405542286],[-6.2869868207299975,37.48649927439026],[-6.283377405305858,37.48768092557235],[-6.277695759551307,37.487469277849286],[-6.271337382368742,37.487225479019195],[-6.26727008052387,37.484786829417054],[-6.26377212157617,37.4826789001236],[-6.259226802797999,37.47994251789956],[-6.2554742053262,37.477685131567135],[-6.251931523589208,37.47554977706214],[-6.2471602575850165,37.47267912094004],[-6.244251728370209,37.4709137765001],[-6.23920485842982,37.47191778631657],[-6.235419492229028,37.47266338258179],[-6.231119622405625,37.473512593710325],[-6.226972357119304,37.474329727235215],[-6.223066787699552,37.47509894049403],[-6.219380418228935,37.47582519665608],[-6.215288120777504,37.47663069281915],[-6.2110427189368895,37.47745345804546],[-6.205768541160743,37.47849872458844],[-6.199772950855556,37.47968288006238],[-6.194747584118815,37.480671356718865],[-6.1899856361395535,37.481609615340886],[-6.185870380583394,37.48241715269417],[-6.181645759375463,37.48324740905273],[-6.177136540696804,37.48413572243667],[-6.173915909608016,37.48476414875301],[-6.169410523828741,37.485809112956744],[-6.165155377294371,37.486793225103696],[-6.161063805267776,37.48774162971692],[-6.157806424870089,37.4884926017795],[-6.152552158035278,37.48970472890053],[-6.148569303210996,37.49062988861509],[-6.143672894263822,37.49175963507415],[-6.13929331403593,37.492762086762184],[-6.137227050435231,37.496427937529056],[-6.135106636747998,37.500166371503624],[-6.133214475476673,37.50350190348018],[-6.131230376111792,37.50699031517557],[-6.1288427003658255,37.511221651946755],[-6.126972213364894,37.51450921138034],[-6.1253287864427906,37.517402932269356],[-6.123234686830949,37.52107775775457],[-6.124064761638774,37.52419690048241],[-6.124961582956521,37.52760673601153],[-6.125845848315198,37.53097373584734],[-6.126815679442238,37.534658768755946],[-6.127610431139022,37.537698892203224],[-6.1284134622806565,37.540705270363325],[-6.129254337337025,37.54392201460426],[-6.129905928526117,37.54639142953669],[-6.130948604811497,37.55035938006968],[-6.13176605690818,37.55352437130132],[-6.1329393197239925,37.557659301577246],[-6.13398043441719,37.561932338039874],[-6.1347366210253025,37.56474429039603],[-6.13614359591279,37.57008553973243],[-6.136978291859685,37.573258490565244],[-6.135548097354788,37.57528405501114],[-6.133170447620158,37.578641598848115],[-6.131589664780102,37.580874024342734],[-6.129291723861154,37.584118192938796],[-6.127194654496985,37.587075246801675],[-6.124732465587537,37.59055110105005],[-6.1221927625099015,37.594136358320654],[-6.120033563360296,37.59716954096006],[-6.118021204915494,37.59996192685809],[-6.115534662400583,37.60353591101209],[-6.1136199447597095,37.60623338305374],[-6.111169244639983,37.60969064492879],[-6.110304314592002,37.610905590028864],[-6.108245746244807,37.61381824001768],[-6.1064397831215995,37.616375960451784],[-6.104541356963944,37.61906907814953],[-6.102599774461214,37.62184709681751],[-6.1006468017041335,37.624520686857544],[-6.099339432272708,37.62506864325727],[-6.094048596319351,37.627266168151074],[-6.092928638779128,37.63001318579219],[-6.094785607942327,37.63405629044913],[-6.095286823438779,37.63516100186191],[-6.095720134673721,37.63566068601417]]},"properties":{"id_dera":11010400001709,"ident":810,"nombre":"PALOS - GUILLENA 2","tension_kV":400}},{"type":"Feature","geometry":{"bbox":[-5.916981769815735,37.251313955278526,-5.877128671410364,37.298496788488286],"type":"MultiLineString","coordinates":[[[-5.8867058575866,37.252056566250765],[-5.8901319648726895,37.25289383127926],[-5.8944042178680665,37.2539377151148],[-5.897105931745583,37.254597751542626],[-5.8985731303175255,37.25495616492],[-5.901962622376776,37.25578407456792],[-5.906293794946684,37.256841827336466],[-5.91014014489248,37.25778101201191],[-5.913460469276913,37.25859162993729],[-5.917093200902188,37.25947841314776],[-5.917232964955901,37.25951252820491],[-5.917292191703163,37.25947610367305],[-5.917296659217413,37.25947335614295]],[[-5.87815941347955,37.289856227188636],[-5.880694347031118,37.28987824817495],[-5.8831027686834565,37.289897527941875],[-5.8831061895877825,37.28989755529197],[-5.88600326374396,37.290203658751096],[-5.888527177605008,37.29046966530898],[-5.890953922660949,37.29072749609938],[-5.890964458233666,37.29072861534487],[-5.893277312203472,37.29175478622788],[-5.895951468099691,37.29293486434359],[-5.898269135019748,37.29395185933259],[-5.900167338646541,37.2947934781753],[-5.9025737526830575,37.29585637239837],[-5.905049116484616,37.29695074131234],[-5.905065595998911,37.29695802669655],[-5.90552780605859,37.29779825214018],[-5.905530074961461,37.297802376599286]],[[-5.8867058575866,37.252056566250765],[-5.886086287506841,37.25544247406338],[-5.885635599936408,37.257933346544526],[-5.885055274031812,37.26079889561098],[-5.884637675997539,37.263543875001],[-5.884234748004522,37.26619820611832],[-5.883857526884862,37.26868908269546],[-5.883127565229307,37.270729808196634],[-5.882236613126979,37.27319940303161],[-5.8815940514135185,37.27531647565006],[-5.881577152708907,37.27536419418949],[-5.880726728681876,37.27776673278174],[-5.879734635311639,37.2803654732269],[-5.8787294257628835,37.28299839681179],[-5.87807397491528,37.284820799527],[-5.8774064969732995,37.28668143590095],[-5.876748710303322,37.288527253751674],[-5.878155766242552,37.289852791338134],[-5.87815941347955,37.289856227188636]]]},"properties":{"id_dera":11010400001551,"ident":615,"nombre":"VALME_DOSHMNAS","tension_kV":132}},{"type":"Feature","geometry":{"bbox":[-6.093938980813019,37.34379784708878,-6.045410175494455,37.36590689323504],"type":"MultiLineString","coordinates":[[[-6.093950615725449,37.34408115844141],[-6.093950116366262,37.34407667095603],[-6.093919147247826,37.34379836628641],[-6.092151645664689,37.34394322960878],[-6.089683998500174,37.345391731066364],[-6.0868123049332725,37.347087859102224],[-6.0846720788967605,37.3483383198246],[-6.082486350302535,37.349628994814495],[-6.082476047385211,37.349635078497506],[-6.080286130958493,37.3503614223934],[-6.080280276503366,37.350362713343],[-6.078640495997388,37.350724283682005],[-6.078630372678341,37.35072485373691],[-6.077848554965985,37.35076871618345],[-6.077820691147306,37.35077027933596]],[[-6.077820691147306,37.35077027933596],[-6.077851509137841,37.350842829500955],[-6.077643935607947,37.35090053980291],[-6.076933848806898,37.351127157633464],[-6.076136074511031,37.351477728593935],[-6.07510176516259,37.35187082360468],[-6.074821968705363,37.35196602589477],[-6.0737156008056274,37.352283819558515],[-6.072079359999566,37.35276076307956],[-6.071449535772556,37.35295919317857],[-6.071324593054187,37.353015771777436],[-6.071054276054146,37.35321364265914],[-6.070509872084713,37.35366655177885],[-6.070004318667863,37.354130712392966],[-6.069961986701942,37.35416853787658],[-6.069622675667749,37.35447171687253],[-6.068748502990391,37.35514508609485],[-6.067745766010616,37.35578303263777],[-6.066977931507284,37.356393377172125],[-6.066722862277863,37.356571812980526],[-6.066472276442035,37.35668681653914],[-6.065942014016951,37.35707299541327],[-6.065624478725035,37.35726678995289],[-6.064951512230937,37.357747102143314],[-6.064351666106394,37.35818956374719],[-6.064162078970256,37.358315054818135],[-6.063988561742767,37.35840660166094],[-6.063325996826673,37.358612965150236],[-6.062650300838669,37.35880795182056],[-6.06201610621235,37.358978207446064],[-6.061489456788354,37.359142565514425],[-6.060705597983793,37.35940164894412],[-6.06011659770539,37.35954956791499],[-6.059765182937514,37.3596488229829],[-6.059536424825309,37.35970283285225],[-6.058902384995262,37.359817492308984],[-6.058156928411972,37.359940716771014],[-6.0569838283773,37.3601085885086],[-6.056777748690152,37.36017077354347],[-6.056499240140474,37.36030575147652],[-6.055722833920747,37.36074710441391],[-6.0554163498261975,37.360921898879106],[-6.055091456349807,37.361117090235],[-6.054869741319574,37.3612887640648],[-6.054386135785591,37.3616622430744],[-6.054298900357519,37.361735480727994],[-6.053284185662402,37.36258723308224],[-6.052904819055449,37.36284079803611],[-6.052630342789556,37.36300020699316],[-6.052423874838792,37.36307789234604],[-6.052271758426184,37.36303293084759],[-6.05219759755726,37.36302746657449],[-6.052057095615345,37.363052962912626],[-6.052021628028799,37.36310731900918],[-6.051997093487671,37.36317798077697],[-6.051912407937897,37.36325490817134],[-6.051419339440188,37.363474299895785],[-6.051014680724887,37.363663880842104],[-6.05071433311022,37.36382100690308],[-6.050558802068555,37.36391949459588],[-6.050428917386433,37.36402158205299],[-6.0502771644813516,37.364155130153236],[-6.049985642671864,37.36437726136426],[-6.0497644224902825,37.36451343942553],[-6.049548502544655,37.36464085744346],[-6.049286760495804,37.36477300736231],[-6.048591192203784,37.365171042553946],[-6.047732577007381,37.36560353500891],[-6.047478089957207,37.36570701226562],[-6.047027875183436,37.365865191127],[-6.0464382190631545,37.36537356063357],[-6.046049170397439,37.365106628584364],[-6.045361936994729,37.36471444039666],[-6.045911493002925,37.364232623422616],[-6.045915292717572,37.36422929203561]]]},"properties":{"id_dera":11010400001672,"ident":718,"nombre":"ALJARAFE_ZAUDIN","tension_kV":66}},{"type":"Feature","geometry":{"bbox":[-6.092904338806738,37.47991844303958,-6.069994754779092,37.636435080477476],"type":"LineString","coordinates":[[-6.069648373963061,37.481712181654984],[-6.0691273822547895,37.48158488539873],[-6.066489688338274,37.48113696663101],[-6.063605054887215,37.48068251347184],[-6.063847849166662,37.483059983116405],[-6.066132399022145,37.50231209376452],[-6.066653969963227,37.5067063775486],[-6.068543890306368,37.52262022047511],[-6.068810207787898,37.52481423269769],[-6.069049735239868,37.5285339275757],[-6.070472479919995,37.55010988085647],[-6.07072547415018,37.55394462810137],[-6.070962461494193,37.557534800594965],[-6.071724762185518,37.569083711846545],[-6.072034091928739,37.57376898312021],[-6.07231748400202,37.57805883683067],[-6.072809071368506,37.58550088609763],[-6.073134076458331,37.5903335909236],[-6.0747681764403,37.59580450195591],[-6.080467767977975,37.61481258824466],[-6.081689523579225,37.618866575996385],[-6.085676306218595,37.62258582941127],[-6.095522649736074,37.63175197843997],[-6.097064570756701,37.63318696758867],[-6.098723500960688,37.63513225365858],[-6.099354910412265,37.63566672677899]]},"properties":{"id_dera":11010400000954,"ident":720,"nombre":"GUILLENA - SALTERAS","tension_kV":220}},{"type":"Feature","geometry":{"bbox":[-5.864592014980607,37.35655342168298,-5.857331570443077,37.386387110951354],"type":"MultiLineString","coordinates":[[[-5.864294545271251,37.35675555668],[-5.86433421594221,37.35672859998767],[-5.864527429249092,37.35659653393714],[-5.864592014980607,37.35655342168298],[-5.864523099782438,37.35659942393883]],[[-5.857331570443077,37.386387110951354],[-5.857361160822086,37.386381259519545],[-5.857841549923497,37.38628611613374],[-5.857847826963069,37.386284883079135],[-5.857852728048254,37.38622572453869],[-5.857914428279798,37.385480963994674],[-5.858012779569831,37.38429377474749],[-5.85816393833094,37.38289436886077],[-5.8582473445979835,37.382122751684314],[-5.85851955676326,37.37968247991177],[-5.858809579837852,37.37749164198579],[-5.859241207408413,37.37514689983535],[-5.859697445289254,37.372710462720704],[-5.860318536019187,37.36976066187897],[-5.860954727973472,37.367019359437876],[-5.861603116261335,37.36431488223374],[-5.861610687826803,37.364283278747706],[-5.861606857186038,37.364267927822596],[-5.860886515317104,37.36138111308225],[-5.860892103983412,37.36136766971275],[-5.861579166639098,37.359714922368525],[-5.861603539801233,37.359656290673975],[-5.864291296192405,37.35675905915382],[-5.864294545271251,37.35675555668]]]},"properties":{"id_dera":11010400001735,"ident":558,"nombre":"ALCORES_POLO_1","tension_kV":66}},{"type":"Feature","geometry":{"bbox":[-6.040107823314194,37.388490662524184,-6.012074524853036,37.39313346762156],"type":"MultiLineString","coordinates":[[[-6.034483943502152,37.38958536540582],[-6.0382603998666236,37.388538186516556],[-6.03979481578588,37.38968606339589],[-6.0398065493080795,37.389691514864644],[-6.040158175010927,37.389854881487004],[-6.040163054327718,37.38985714842361]],[[-6.019904897633553,37.39223700178994],[-6.019910490256158,37.392236381626546],[-6.024296048099454,37.39174998488162],[-6.024299207263423,37.391749474534514],[-6.025958973470068,37.3914813350618],[-6.025967197587446,37.39148000637209],[-6.02962151950864,37.39035627128067],[-6.0344703750366575,37.38958751689734],[-6.034483943502152,37.38958536540582]],[[-6.014981360233852,37.392026374009625],[-6.015191134022251,37.39200370446238],[-6.015444978537026,37.39203274700862],[-6.01569427805177,37.39209124278448],[-6.017924402870437,37.39259174400923],[-6.018143146447768,37.39251819226804],[-6.018637879088266,37.39263551180337],[-6.019911276065491,37.392924105154876],[-6.0199457979623885,37.3929325216035],[-6.019974197329468,37.39292373152267],[-6.019985947042729,37.39290668995985],[-6.0199804588629,37.39288193455533],[-6.019927390389064,37.39274455806619],[-6.0199186359954835,37.39271157856486],[-6.019852748741066,37.39232906898725],[-6.019845478010993,37.392242728158045],[-6.019899291559398,37.39223754205795],[-6.019904897633553,37.39223700178994]],[[-6.01207313227986,37.3922828803409],[-6.012044631376654,37.39238705498552],[-6.01298537211509,37.39254318461107],[-6.013035420574362,37.391859461916155],[-6.014692478453423,37.392081732441184],[-6.0148625191408644,37.39203921793644],[-6.014981360233852,37.392026374009625]]]},"properties":{"id_dera":11010400000929,"ident":702,"nombre":"CARAMBOL_CENTENAR","tension_kV":66}},{"type":"Feature","geometry":{"bbox":[-5.837149642420747,37.09333223098207,-5.574738616803547,37.25015871972065],"type":"LineString","coordinates":[[-5.569893310665324,37.10735217836212],[-5.570099853158192,37.10742261516051],[-5.573438999511557,37.10853317950014],[-5.577842288616473,37.10737586881504],[-5.581881261400898,37.10631198670874],[-5.584275794908206,37.10568141041905],[-5.587984220894987,37.10470639813024],[-5.59209542781587,37.10362305793451],[-5.596163074605183,37.10255191214912],[-5.596169474990685,37.10255095679261],[-5.6010448947316585,37.10182311808799],[-5.605567552870061,37.101150887756255],[-5.605598378829376,37.101163369992754],[-5.609422928959664,37.10271193646497],[-5.613347607009574,37.10246923902329],[-5.617978304329389,37.102183122103675],[-5.621711412612682,37.10195258755511],[-5.626083452193782,37.10166094263878],[-5.6304352930471175,37.10137064013355],[-5.630448126328131,37.10137240576675],[-5.634135361490118,37.10187964362782],[-5.638421882948163,37.100204944191226],[-5.6417987173713176,37.097848471264896],[-5.641843637231582,37.09785290447779],[-5.645615792080922,37.09822512217601],[-5.649332544486956,37.098589021937414],[-5.653016534892231,37.09895097811011],[-5.656654964156415,37.09930821663391],[-5.660807828794538,37.099715446566655],[-5.665116277953469,37.10013796588313],[-5.671413656653533,37.1007552085909],[-5.6751193116489915,37.10111827345631],[-5.678647185122606,37.10146411547999],[-5.683491735334176,37.101939136586815],[-5.6870913410733035,37.102290805694395],[-5.687107049439377,37.10229700192399],[-5.691254914817737,37.10393303650062],[-5.694527256065434,37.105224745079674],[-5.697838428783017,37.10653310382072],[-5.70224628722811,37.10827202908278],[-5.705555227625287,37.109577595496226],[-5.7092997532274055,37.11105262855507],[-5.713608215407114,37.112752677809766],[-5.717330504860978,37.114222147783586],[-5.720479157572635,37.11546294296068],[-5.724819530787342,37.117173882183785],[-5.72845016251439,37.11860557788927],[-5.732983583647881,37.12039171644036],[-5.736726747969323,37.12186676836421],[-5.740339331813902,37.123291803653],[-5.744781057066278,37.12504183161504],[-5.747678345422091,37.126183526715515],[-5.751422701974659,37.127658552028954],[-5.754389531361336,37.12882800416835],[-5.7579368915255165,37.13021972595009],[-5.761245328529566,37.131528117540356],[-5.764839778212637,37.13294200544063],[-5.768382101572853,37.134337318866166],[-5.772239950737629,37.135855969480666],[-5.776249724390612,37.13743500293611],[-5.780172043543062,37.13763622499524],[-5.7839592814367995,37.137204276715345],[-5.783981241031939,37.137209715090556],[-5.78715574118397,37.13799584098262],[-5.787166197961148,37.13799843030793],[-5.7904543071801475,37.13950570788621],[-5.793890490464808,37.14108074291105],[-5.797337768898471,37.14266133416952],[-5.800510049354139,37.14411414461822],[-5.803704294690682,37.145578080820414],[-5.8071601755338165,37.14716144633951],[-5.811165800133802,37.148995389609034],[-5.815179775495392,37.15083377141497],[-5.818334586332458,37.15227827084248],[-5.820679156124867,37.15335346530427],[-5.820723544253381,37.15337382048168],[-5.82114137465297,37.156423195796776],[-5.821613615229973,37.15985384161829],[-5.822038631495803,37.16296781134006],[-5.822513618173052,37.16642453314351],[-5.822877514112046,37.16907349501666],[-5.823305282053059,37.172198541062414],[-5.823794172140964,37.17574583968838],[-5.824221959543584,37.17885982144691],[-5.824721958422963,37.18251352980007],[-5.825119180440821,37.185415516639296],[-5.825514391954062,37.18828913648236],[-5.828307300340543,37.18997641759944],[-5.831571269411647,37.19194314119641],[-5.833987927519342,37.193404267249036],[-5.834977383520853,37.1939988587739],[-5.835012644269917,37.19402004761022],[-5.835366974093089,37.196880546061884],[-5.835714118694653,37.1996832817159],[-5.836542441274639,37.20353936816505],[-5.8365390792462115,37.203553607578755],[-5.836070355284104,37.205538770595474],[-5.836851865959695,37.20886841394785],[-5.836852649370126,37.20887175153515],[-5.837230867138054,37.21192255518053],[-5.8376694792174515,37.21547315855347],[-5.8379639233514125,37.217830444571874],[-5.838441697189143,37.221703318041264],[-5.8388777938317,37.22520616463141],[-5.839188898481755,37.227725649019895],[-5.8396583252845575,37.23149793907638],[-5.840063876527944,37.23477058215329],[-5.840064161584564,37.23477288235048],[-5.840266877844072,37.23881358418904],[-5.840621962599019,37.2412160681317],[-5.8407510649872,37.24209129343587],[-5.840929182164584,37.2432987716665],[-5.842690768946555,37.243987038771145],[-5.842788018802446,37.24402047466318],[-5.842793195520909,37.24402225448999]]},"properties":{"id_dera":11010400001593,"ident":541,"nombre":"DRODRIGO_TORREJON_2","tension_kV":66}},{"type":"Feature","geometry":{"bbox":[-6.037980994988019,37.39127467038194,-6.014136209603198,37.42753569297651],"type":"LineString","coordinates":[[-6.039372572332808,37.42569650202158],[-6.0382525894215675,37.425876693878315],[-6.037197549341302,37.4261516954075],[-6.033756685779558,37.42703331963039],[-6.031370278423994,37.42661897632587],[-6.030392153020655,37.42523791507049],[-6.029504327038001,37.42396745458094],[-6.0277286719283305,37.42146902660877],[-6.025182181878634,37.417859743493885],[-6.024808940264961,37.41605303528669],[-6.024157557443711,37.41282123492921],[-6.023624903685205,37.41017104680879],[-6.022863998917464,37.40647500780938],[-6.022340048233682,37.40379422351716],[-6.021569032531174,37.400005804727016],[-6.021073377721309,37.39754324017259],[-6.020364438183411,37.393860717333226],[-6.0185292350128545,37.39337600113769],[-6.015147375009615,37.39249508002347],[-6.012708366425701,37.39192184812093]]},"properties":{"id_dera":11010400001747,"ident":701,"nombre":"CENTENARIO - SANTIPONCE","tension_kV":220}},{"type":"Feature","geometry":{"bbox":[-6.385110174934173,37.30312091694563,-6.095564024216701,37.359224503323205],"type":"LineString","coordinates":[[-6.384877813999944,37.34271197800006],[-6.385806297999985,37.34302448600004],[-6.386574905999968,37.34346898300004],[-6.386925813999945,37.34354073500003],[-6.3847268899999765,37.34376213100007],[-6.381530364999957,37.34600427000004],[-6.377940755999937,37.348524612000055],[-6.37459198499995,37.35087894900004],[-6.370302732999966,37.35135932800006],[-6.366222869999956,37.35182412600005],[-6.361323188999964,37.35125616400006],[-6.356520053999933,37.35070300300004],[-6.351672105999973,37.35014821300006],[-6.346559334999946,37.34956270000004],[-6.341402040999986,37.34896912400008],[-6.3361869379999725,37.34837073500007],[-6.330188358999984,37.34939056200004],[-6.325267669999963,37.35022442700007],[-6.319984233999957,37.34924549500005],[-6.315005501999968,37.348317241000075],[-6.309290410999961,37.34724812000008],[-6.3044408319999645,37.34634868300002],[-6.299047332999986,37.345344307000055],[-6.293332280999951,37.344279087000075],[-6.288287269999963,37.343340815000026],[-6.282479808999946,37.34225889200007],[-6.277013838999953,37.34245005200006],[-6.272386714999939,37.342609085000056],[-6.267235131480904,37.3420905538722],[-6.261685780999934,37.341089936000046],[-6.2565532899999505,37.33957138000005],[-6.250924015999948,37.33962923400003],[-6.245428243999931,37.33969027300002],[-6.2405101209999545,37.33974098400005],[-6.236544730999989,37.337014623000066],[-6.2318719719999764,37.333776592000056],[-6.229362874999948,37.332066581000056],[-6.227084346999965,37.33050528300002],[-6.223015506999962,37.32979323100005],[-6.217883100999943,37.32889123100004],[-6.212579962999952,37.32797274100005],[-6.207764960999959,37.32712924400005],[-6.202916398999955,37.32628483500004],[-6.198311079999953,37.325477614000086],[-6.193128747999946,37.32456632400005],[-6.188427204999934,37.32374671400003],[-6.184317012999945,37.323997078000055],[-6.177888266999964,37.324395163000055],[-6.172691599999954,37.324715234000045],[-6.167576567999968,37.32502730300008],[-6.1631125949999825,37.32529866500004],[-6.160069322999967,37.324127814000065],[-6.157025887999972,37.32294544400003],[-6.155122115999984,37.31965913200003],[-6.153519926999943,37.31690355500006],[-6.151854580999958,37.31401583400003],[-6.150042523999969,37.31089106100005],[-6.1471512889999715,37.309695265000066],[-6.143402266999949,37.30988222500002],[-6.14022271099998,37.31003520100005],[-6.137493165999962,37.31229916700005],[-6.134349099999953,37.31489690300003],[-6.131769217999938,37.31702963700006],[-6.129811080999961,37.31964431100005],[-6.127935334999968,37.322151352000034],[-6.125670572999985,37.32517314200004],[-6.12390949499997,37.32752941100004],[-6.122822311999933,37.33036053900002],[-6.1216276659999425,37.33343768600001],[-6.120334033999947,37.336805316000046],[-6.119462582999978,37.339071807000025],[-6.115522896999957,37.34216869300006],[-6.112599622999949,37.34446235600005],[-6.108894291999952,37.347374452000054],[-6.10565147299998,37.34881766500006],[-6.102846267999952,37.34830026700006],[-6.100058566999965,37.34778774800002],[-6.097649154999951,37.34638727500003],[-6.095246211999959,37.344993700000025],[-6.095298057999979,37.34494027100004],[-6.094968023999978,37.34472227200006]]},"properties":{"id_dera":11010400001406,"ident":777,"nombre":"ALJARAFE - CHUCENA 1","tension_kV":220}},{"type":"Feature","geometry":{"bbox":[-5.9496500148577685,37.47024034134514,-5.928203722509363,37.48531893302576],"type":"MultiLineString","coordinates":[[[-5.946375803251062,37.47032209979942],[-5.949130326062158,37.47227397557211],[-5.949737591593763,37.472699094747846],[-5.949742730356324,37.47270269212957],[-5.949746978537786,37.472705666061174]],[[-5.946375803251062,37.47032209979942],[-5.946072124304671,37.47062664067495],[-5.944121342199325,37.47254139809971],[-5.941915380550788,37.47470429400175],[-5.939709482960436,37.47686879988817],[-5.939702437698193,37.476875712685775],[-5.937580597457133,37.47897760063407],[-5.93757705394107,37.478981110698754]],[[-5.93757705394107,37.478981110698754],[-5.937573493729643,37.478984610015466],[-5.935790800450945,37.480736757111636],[-5.935784116593325,37.48074332623736],[-5.93346113934304,37.48227046151241],[-5.931276145146553,37.48371067287595],[-5.929314285781326,37.485009919504755],[-5.929260050064307,37.48504624330738],[-5.929238937733667,37.485054519650014],[-5.9285888004844915,37.485309380230866]],[[-5.9285888004844915,37.485309380230866],[-5.928490940929944,37.48522998978007],[-5.92819073427048,37.484986439781835]]]},"properties":{"id_dera":11010400000989,"ident":641,"nombre":"CANAMO_RINCONAD","tension_kV":132}},{"type":"Feature","geometry":{"bbox":[-5.907855265835871,37.29815515983423,-5.864373360238432,37.356550339397394],"type":"MultiLineString","coordinates":[[[-5.908125086555603,37.30648980587681],[-5.908262747835402,37.30872837154786],[-5.908247550703751,37.308749031427574],[-5.906249555400053,37.311465108641755],[-5.9047626104913205,37.31336653226013],[-5.904759622307663,37.31337035327004]],[[-5.907985558758316,37.30422001801282],[-5.9081248099393155,37.30648530611849],[-5.908125086555603,37.30648980587681]],[[-5.906670198985802,37.2981842945707],[-5.906870380711889,37.29846382606212],[-5.90759524931436,37.29947509855633],[-5.907596996350083,37.29949339702764],[-5.907871298715624,37.302366332258096],[-5.907871515263117,37.30236860020448],[-5.907985281577073,37.3042155182763],[-5.907985558758316,37.30422001801282]],[[-5.904759622307663,37.31337035327004],[-5.902842931235108,37.31599210585833],[-5.900542416954765,37.31949747574787],[-5.90054091810202,37.31949975947837],[-5.898736783517346,37.321907050182794],[-5.898734543341353,37.3219100391789],[-5.897796349716453,37.32296445205184],[-5.897793082052452,37.32296812443487]],[[-5.897793082052452,37.32296812443487],[-5.896131832078199,37.325224382015435],[-5.894651352437888,37.32723498925794],[-5.893314141045391,37.329050918668116],[-5.891554261196974,37.33144067397264],[-5.8897876841311065,37.33383934437556],[-5.889778253700132,37.33384668223136],[-5.8887304862716245,37.33466194064725],[-5.888726445404029,37.334665084757866]],[[-5.888726445404029,37.334665084757866],[-5.887473186641153,37.33569139351949],[-5.887469247707787,37.33569461909459]],[[-5.887469247707787,37.33569461909459],[-5.886003225279907,37.33693547291964],[-5.88418576636453,37.33842602452187],[-5.881914165267701,37.34028435008232],[-5.87989906042277,37.341931935109606],[-5.877721491629031,37.34371634829998],[-5.8760271044249945,37.34510421610439],[-5.873348886873174,37.34729683674007],[-5.873034866470223,37.34755388254937],[-5.8715032130845275,37.34886462819691],[-5.871499363598412,37.3488679223957]],[[-5.871499363598412,37.3488679223957],[-5.870742628330694,37.34950693466689],[-5.870688061704569,37.34955304252486],[-5.869846610359216,37.350233936649104],[-5.869818136408745,37.35025697716852],[-5.869814172460687,37.35026018470992]],[[-5.869814172460687,37.35026018470992],[-5.868898492373148,37.351036716676674],[-5.868304805620898,37.35309583075571],[-5.868255623378889,37.35311146072663],[-5.868217292742139,37.35312364207085],[-5.8667916861069385,37.35357668335343],[-5.866315479090178,37.35372801139962],[-5.866261660235558,37.354071582053464],[-5.866106489307015,37.355062149817655],[-5.866105789027877,37.35506662014387]],[[-5.864373360238432,37.356550339397394],[-5.864377199588222,37.35654703683589],[-5.864435392359514,37.356496980078546],[-5.865807637723995,37.35644674034008],[-5.866105013113537,37.355070211860486],[-5.866105789027877,37.35506662014387]]]},"properties":{"id_dera":11010400001573,"ident":623,"nombre":"DOSHMNAS_POLO","tension_kV":66}},{"type":"Feature","geometry":{"bbox":[-6.105094023707943,37.32826234493,-6.06168787634372,37.344881731809465],"type":"MultiLineString","coordinates":[[[-6.094273395588186,37.34403311734617],[-6.0942381494378886,37.3436954345899],[-6.0938185569886425,37.343370128807344],[-6.093846443104515,37.34331895421848],[-6.094679487773318,37.34179017553404],[-6.094697297082374,37.341778162727906],[-6.0971136194448965,37.34014823495851],[-6.099237834984957,37.338715994896056],[-6.09925097800743,37.338711381281136],[-6.101338704116381,37.33797849800255],[-6.105429952194223,37.33654296054247],[-6.105435117600775,37.33654114798046]],[[-6.105435117600775,37.33654114798046],[-6.102338644425138,37.33505252444235],[-6.099481336230179,37.3336290783579],[-6.096919122050146,37.33235199536361],[-6.09411985475417,37.33095762187188],[-6.093415341395643,37.33093911886578],[-6.090174257608457,37.33085377893529],[-6.087476667576501,37.33078127619883],[-6.083263778498041,37.330669225708505],[-6.080460956178572,37.330594801800956],[-6.076612029178713,37.330492399943346],[-6.073857437577143,37.330418996221255],[-6.07013757190888,37.33028933018774],[-6.0679627887776775,37.330061810880785],[-6.064525368183923,37.329702126416514],[-6.061630213311757,37.32939680947448],[-6.061624620215028,37.32939621956759]],[[-6.061624620215028,37.32939621956759],[-6.061624727833533,37.32940072375038],[-6.061626982670282,37.329495095840805],[-6.061627300568017,37.32950840085372]],[[-6.061071625588096,37.32961068596011],[-6.061070352331812,37.32960630653342],[-6.061066825890737,37.329594177165504],[-6.0615307675161905,37.3295231746926],[-6.061627300568017,37.32950840085372]]]},"properties":{"id_dera":11010400000963,"ident":722,"nombre":"ALJARAFE_LAMINILL","tension_kV":66}},{"type":"Feature","geometry":{"bbox":[-5.905754131405796,37.286898518807014,-5.696635061735701,37.557993542835064],"type":"LineString","coordinates":[[-5.906041168665881,37.29896039419381],[-5.906236394987596,37.2994257172935],[-5.905557689405735,37.29970988168229],[-5.9039429525165055,37.29820665945699],[-5.901693370154811,37.29671367796623],[-5.897996362330866,37.295759231169725],[-5.894886297362379,37.294952318248164],[-5.892334980844456,37.29430286827044],[-5.888781096842714,37.29338950011284],[-5.885378276014707,37.29200183646968],[-5.881852826458912,37.29057880355659],[-5.880000520171305,37.2904524036845],[-5.8752812734231,37.29001985427638],[-5.871012494446271,37.289619733137705],[-5.86785236892426,37.28931609528734],[-5.8629536954929,37.28979020253433],[-5.857886298832346,37.28922309071569],[-5.8534610891610175,37.28877486428981],[-5.849038166809811,37.2882783869355],[-5.845135892630628,37.29031095437843],[-5.8405449894075145,37.29269199477825],[-5.838718981050625,37.29362960175308],[-5.836531791931462,37.294766334162645],[-5.832070409037772,37.297035535188435],[-5.828019242370077,37.29915563898496],[-5.823923015804315,37.30127094425153],[-5.820101842303967,37.30324342963233],[-5.816293931291695,37.30521649653824],[-5.813021371883099,37.30690637823065],[-5.809525690456773,37.3082343588871],[-5.807633303980403,37.308938289287724],[-5.805665911794922,37.30968994518553],[-5.803208569795723,37.31060992828423],[-5.798359818754711,37.312429041387915],[-5.793561796473737,37.314280820981494],[-5.789368004260915,37.31588449872084],[-5.7848508165354815,37.31758368688546],[-5.7802785101129555,37.319369515377964],[-5.775594067457694,37.32114644975952],[-5.770999144328266,37.32289379911871],[-5.766550720758718,37.32442659425407],[-5.762103334194373,37.32619294923138],[-5.757607483898648,37.32789259612988],[-5.752987718655937,37.32961298285677],[-5.749022785116306,37.331047812805934],[-5.744859442954107,37.33260408262538],[-5.741507177679947,37.333746624481726],[-5.738054091765198,37.33509587156714],[-5.73422753544112,37.33644761944787],[-5.731326432972317,37.33944205292445],[-5.727991229638626,37.34291898256317],[-5.725248700120887,37.3457393919359],[-5.722139453793965,37.349027936351305],[-5.719060198678332,37.352207127234045],[-5.716630370567749,37.35463302904754],[-5.7140852874078645,37.35731384232172],[-5.711166779451626,37.36027287537352],[-5.7083192726227425,37.36310603637695],[-5.705646732405256,37.36595053561106],[-5.703085838056826,37.368513886460526],[-5.7002502454696184,37.3714158831153],[-5.698131030607939,37.373610393009486],[-5.695065976386232,37.376743148860406],[-5.694734222562876,37.38060309612213],[-5.694485056744679,37.38438591440524],[-5.694167813941866,37.388456658308506],[-5.6937988647095645,37.39234880470997],[-5.693476987777919,37.3963576524605],[-5.69315941387181,37.400149770882734],[-5.69288773092137,37.4036814989202],[-5.692556890897396,37.40774767555866],[-5.692265584332354,37.41130336618144],[-5.691919944756348,37.415840708455704],[-5.691649260560213,37.41926976785531],[-5.693819426367081,37.42375255418406],[-5.695432247147591,37.42682452229631],[-5.696813458781991,37.42973928049933],[-5.698359567792672,37.43283101805209],[-5.699956035391297,37.43606557773533],[-5.701237005603072,37.43863372577468],[-5.703273029910157,37.44217322957521],[-5.705215965828641,37.44560450924425],[-5.707109507732229,37.448958487759526],[-5.709321148732341,37.452878329914505],[-5.711303523801031,37.456330757128846],[-5.713643256637331,37.4604352678005],[-5.715285200201023,37.463384423924076],[-5.71720667498594,37.466743702521285],[-5.719275878459951,37.47032157594607],[-5.7231377797663185,37.4771098902446],[-5.725043744513503,37.48046388520787],[-5.726982852831658,37.48385366350182],[-5.72884253463576,37.48710674344168],[-5.730772382987386,37.49049008694482],[-5.732737613237957,37.49393619396921],[-5.734786844900731,37.49754053277348],[-5.736755099810501,37.50121672412844],[-5.7386463186469925,37.504726159637656],[-5.740476741702858,37.50815794513172],[-5.742251374403284,37.51138653534637],[-5.744038109704579,37.514672394764084],[-5.746095014248968,37.518444745069516],[-5.748037417705182,37.521985885995576],[-5.750143826663538,37.52584693202108],[-5.751900643715064,37.52906856328128],[-5.753784246751362,37.532508873822266],[-5.755657086478063,37.53591002319591],[-5.7574473937115895,37.53916402665309],[-5.759423765127376,37.54277615714641],[-5.76129550147838,37.546197144138645],[-5.762888391505288,37.54908370366933],[-5.76351182347435,37.55026984489414],[-5.762385929762714,37.55065660231589],[-5.7582842661867994,37.55208347056956],[-5.757750094634759,37.554045640928614],[-5.758255878085601,37.5557356120054],[-5.758416455587841,37.55656525451633]]},"properties":{"id_dera":11010400001598,"ident":554,"nombre":"CARMONA - DOS HERMANAS","tension_kV":220}},{"type":"Feature","geometry":{"bbox":[-6.0388493961633865,37.415885906211614,-5.984763023823623,37.426326413959146],"type":"MultiLineString","coordinates":[[[-5.990272066211486,37.41981435426769],[-5.990281752526393,37.419822968973214],[-5.992172124169291,37.42150415331922],[-5.994523009756898,37.42202992286329],[-5.998075455260689,37.42281968619711],[-6.001295207607828,37.42304213745367],[-6.004632097552517,37.42327017176001],[-6.007414869283805,37.42345916318529],[-6.010994504605473,37.423718285018985],[-6.013541894667126,37.42389211703466],[-6.016278601554522,37.424078901584544],[-6.019085093019985,37.42427023327955],[-6.021644522145901,37.42444510577864],[-6.023560461508816,37.42457566327037],[-6.024948933785477,37.42467031961465],[-6.0279656120247935,37.42487605482049],[-6.030270040449901,37.42503303701945],[-6.030542956096712,37.425051625808855],[-6.030786302291157,37.42506817934587],[-6.030866171382113,37.42507360891568],[-6.031098755838017,37.42508944675969],[-6.03121705824652,37.42514328459177],[-6.033027661199887,37.42498471721569],[-6.0349971046137965,37.42481025624969],[-6.037887179235879,37.42455612058712],[-6.039190159641735,37.42444983044028],[-6.03919577911258,37.42444937200241]],[[-5.990272066211486,37.41981435426769],[-5.990260672272403,37.419808585012305],[-5.987435431514728,37.418377979434844],[-5.9874279220944135,37.41837465067594],[-5.985086323191189,37.41733663439415],[-5.985066259085564,37.41733479838043],[-5.984409030500593,37.41727465519174],[-5.9844034190577675,37.41727414167087]]]},"properties":{"id_dera":11010400000914,"ident":659,"nombre":"EMPALME_SANTIPON_1","tension_kV":132}},{"type":"Feature","geometry":{"bbox":[-5.997482653500814,37.41058063307244,-5.997427006744219,37.41063248524422],"type":"LineString","coordinates":[[-5.9974249972062115,37.410582096149774],[-5.997484663077331,37.41063102216423]]},"properties":{"id_dera":11010400000880,"ident":667,"nombre":"ALAMILLO_FV_VEGATES","tension_kV":66}},{"type":"Feature","geometry":{"bbox":[-5.94787569217292,36.85876111616171,-5.875877147566301,37.11936887472526],"type":"MultiLineString","coordinates":[[[-5.94840423004247,36.87250594791302],[-5.948343100042469,36.87246567791297],[-5.947863056702016,36.87218843518034],[-5.946271390411693,36.8712691609873],[-5.942989573456486,36.86937359565734],[-5.9390667604397755,36.867107551555755],[-5.935811183097571,36.865226741474004],[-5.932810005616922,36.86349274243601],[-5.93034370190622,36.862067663576696],[-5.92813086557329,36.860788954550124],[-5.925489250040671,36.859314677897935],[-5.925331510830046,36.85939444564385],[-5.925312831665412,36.85942806813797]],[[-5.875877147566301,37.11936887472526],[-5.8758785646681675,37.11936451466426],[-5.876804649842149,37.116515075749184],[-5.8771760561090325,37.11459696627943],[-5.877611917562213,37.11205759621848],[-5.878155851202567,37.109199491060785],[-5.87870598777072,37.106506138369774],[-5.879212302867711,37.103565500747486],[-5.879774259448136,37.10073443576382],[-5.880318072229412,37.09789541772174],[-5.880877343309145,37.09497656402946],[-5.8813535940720145,37.092148474002485],[-5.88196636137218,37.08930237521859],[-5.882508342224214,37.086402845751465],[-5.883057734065435,37.08369092515719],[-5.8835688054778545,37.08100741756381],[-5.884064445537767,37.07840421151449],[-5.884578742345971,37.075703499257045],[-5.885130310937892,37.07301079860183],[-5.885573681955702,37.07077245649409],[-5.886116096834119,37.067994097210565],[-5.88664491493686,37.06520498234196],[-5.88718881006065,37.06236061977934],[-5.8876697563838905,37.059668813978135],[-5.888186614559509,37.057017492467565],[-5.888762587211608,37.05411728209779],[-5.8891806661369355,37.051578295880525],[-5.889703166123949,37.049077944729206],[-5.890217193652366,37.04635792501087],[-5.890760869248813,37.04351345676765],[-5.891286287006021,37.04064194662141],[-5.8917754597272225,37.03816997167252],[-5.892297687155883,37.0352159916835],[-5.892902958233449,37.0321913185163],[-5.893406503868307,37.02965023004062],[-5.893930199751233,37.026737567087835],[-5.894458554061311,37.023948511275684],[-5.894884793908204,37.02162917462979],[-5.895334850813087,37.01948785665056],[-5.895753251322686,37.01741606485802],[-5.89620834587939,37.01495859776014],[-5.896693619444806,37.01240874793416],[-5.897008705410288,37.010760476497076],[-5.8975033010958935,37.008439549946665],[-5.897957262285879,37.005954618601365],[-5.898448038084551,37.00319963332447],[-5.898451659399972,37.003180068658544],[-5.8990088720640514,37.00025277351422],[-5.899436341366351,36.99797465915405],[-5.899925063164982,36.995502656936736],[-5.900528659744834,36.99245049648798],[-5.901031728414283,36.989455848862505],[-5.901575256964813,36.98662520469787],[-5.902132152740633,36.98369790098607],[-5.902716978384012,36.98060500594476],[-5.903175735920086,36.97826546578861],[-5.9035655729847045,36.97624083989113],[-5.904117649069944,36.973222540263684],[-5.90461602609573,36.97047949312978],[-5.905106481224601,36.96792172809288],[-5.905517984297601,36.96562739937608],[-5.906118581707219,36.96242956922015],[-5.906674559838491,36.95951821402124],[-5.907207951686293,36.95659848916211],[-5.907747742955951,36.95384792683821],[-5.908287088423254,36.95079423473413],[-5.908696536909092,36.94870675340967],[-5.909168335842948,36.94621647229494],[-5.909787317112463,36.9426910642597],[-5.910522183704357,36.93860410736997],[-5.911013756661822,36.93577459478431],[-5.911307099391682,36.93418650329654],[-5.911567388555694,36.93277730034982],[-5.911969025293907,36.930733338081595],[-5.912267601677054,36.92913174201557],[-5.91283511455141,36.92605299919966],[-5.913262853353955,36.92334867645589],[-5.913807187887086,36.920559128191684],[-5.914568486667821,36.917626740940044],[-5.915222867750559,36.914133497760666],[-5.915691475367658,36.91160685585139],[-5.916163718711933,36.90917636316861],[-5.916567552314087,36.90674754823123],[-5.917071844660267,36.904261205690595],[-5.9174772042428705,36.90187362147837],[-5.918164505128414,36.898351977380145],[-5.918542986515849,36.89615852181124],[-5.919134975104278,36.892831784508154],[-5.919658141104243,36.88994648669623],[-5.9201048774056035,36.88775017661564],[-5.920431610876268,36.88599674220553],[-5.921261346106535,36.88172939530233],[-5.9219284860979835,36.87768609749969],[-5.9226817114543495,36.8741078253622],[-5.923124406385405,36.87136190528555],[-5.923480490639742,36.8694840135565],[-5.924083414321537,36.86600567060812],[-5.924642664467147,36.86317442210807],[-5.9246581313792985,36.863087971790684],[-5.925312894650669,36.859428075386376]],[[-5.882083031625168,37.117697573801564],[-5.882077357211495,37.11770621836749],[-5.881561458783027,37.11846528675593],[-5.879000640692562,37.118872394510596],[-5.875882665975588,37.11936799765036],[-5.875877147566301,37.11936887472526]]]},"properties":{"id_dera":11010400001618,"ident":602,"nombre":"PALACIOS_SEC_PELP","tension_kV":132}},{"type":"Feature","geometry":{"bbox":[-5.975829727107918,37.366298850338204,-5.964253679349985,37.37694570083156],"type":"MultiLineString","coordinates":[[[-5.976162225691624,37.37664635803563],[-5.976164508481305,37.3766443584032],[-5.976210646671287,37.376603943163374],[-5.976236224431309,37.37657976389203],[-5.975690996908274,37.37612893980117],[-5.97533595252406,37.37587666464839],[-5.975316935327929,37.37586485309467]],[[-5.972259638539567,37.37322993144611],[-5.972683121965585,37.37369441209901],[-5.97291190421822,37.373880490743495],[-5.973244120458706,37.374150692796306],[-5.973332146512475,37.37421548028537],[-5.97353075096662,37.374294560888245],[-5.973745438481773,37.374473567805175],[-5.974116855277388,37.37478250814249],[-5.97429834468977,37.374934182649646],[-5.974469494243839,37.37507589020491],[-5.974745239572659,37.37530390733096],[-5.974954096631585,37.37547721991224],[-5.975288291026193,37.37575453847954],[-5.9752991011942385,37.37576409676675],[-5.975310259540411,37.37577646655567],[-5.975318673321295,37.375790527305384],[-5.975323818147278,37.3758055803915],[-5.975325523912987,37.37582103540733],[-5.975323793260852,37.37583638770194],[-5.975321648150852,37.37584382124424],[-5.975316935327929,37.37586485309467]],[[-5.972259638539567,37.37322993144611],[-5.971621738082388,37.37271082103013],[-5.97147741306588,37.372592564823904],[-5.970347599995928,37.37162475617977],[-5.969942033635008,37.37129188268769],[-5.96979858180939,37.371175017035796],[-5.969731755339427,37.371120578830315],[-5.969424838022322,37.37087056308506]],[[-5.964235050742329,37.366670469756286],[-5.96579346692432,37.3679625601955],[-5.9659165703755495,37.368063569465804],[-5.966478542016662,37.36852951858711],[-5.967430188647073,37.36930686133735],[-5.968068399481864,37.36987116605796],[-5.968956110244256,37.37048319160154],[-5.969398254436515,37.37084890296452],[-5.969424838022322,37.37087056308506]],[[-5.96414114252657,37.36659261334142],[-5.964235050742329,37.366670469756286]],[[-5.96414114252657,37.36659261334142],[-5.9639278255437285,37.36677899123881],[-5.9639568391239335,37.36679735696003],[-5.963858009342597,37.366898292235845],[-5.96388372146199,37.36691595683877]]]},"properties":{"id_dera":11010400001052,"ident":685,"nombre":"ENRAMADI_HYTASA","tension_kV":66}},{"type":"Feature","geometry":{"bbox":[-5.98251351988283,37.38857915035386,-5.931084985018289,37.403372567456074],"type":"MultiLineString","coordinates":[[[-5.982744509122739,37.394404023550194],[-5.9827417734690576,37.39440796561061],[-5.9827230038080295,37.394435012565616]],[[-5.979477854102748,37.39244618464568],[-5.979536535738598,37.39244367811528],[-5.979624289015015,37.39248403119581],[-5.980291345846905,37.392785812815426],[-5.980890450170725,37.39305920955894],[-5.981517065689664,37.393340496118434],[-5.981683246567897,37.39340833327592],[-5.981705283103566,37.393554341204464],[-5.981803228091889,37.39416959909605],[-5.981833738891685,37.39419657247548],[-5.981881896953248,37.39420975614117],[-5.981920646419736,37.39420552571347],[-5.982032464053431,37.394146290079505],[-5.982095276274421,37.39414710200432],[-5.98214602980532,37.39416678868544],[-5.982187016203941,37.39418594689746],[-5.982699485912554,37.394424631373404],[-5.9827230038080295,37.394435012565616]],[[-5.979477854102748,37.39244618464568],[-5.979386057268043,37.39251591492453],[-5.978989257887818,37.3928464817544],[-5.978160536418548,37.39353525759924],[-5.978109435498595,37.393579236759805],[-5.977884961607671,37.393763966514506],[-5.977013103283718,37.39448903423639],[-5.976910951323385,37.3945788915192],[-5.976745437240582,37.39466490229678],[-5.976686364370881,37.394690682302915],[-5.975744013310503,37.39511422449207],[-5.975435955521812,37.39525209136774],[-5.9746075874175375,37.395623900315826],[-5.974401405118569,37.39571632868421],[-5.973924626208346,37.395784479935],[-5.972974307511717,37.39603541633848],[-5.972848496116859,37.39610003235625],[-5.9722196711563535,37.39658145441147],[-5.971809334797289,37.39694463161167],[-5.971372443998416,37.39732986587589],[-5.971015820183223,37.3976237060628],[-5.9709657241991145,37.39768444342889],[-5.970304604136278,37.39804878355579],[-5.970114429382073,37.398164788104395],[-5.969878498129297,37.39830873928665],[-5.967899048918849,37.39970004113227],[-5.966493457622476,37.40081582046237],[-5.96514457066102,37.4018310547268],[-5.96436268489626,37.40243456550586],[-5.964193324249305,37.40247621591539],[-5.963885176899563,37.402429647300636],[-5.963673249020285,37.402456461033154],[-5.963670696582191,37.402457038637756],[-5.963340989037967,37.40256624869258],[-5.963335773577881,37.402567976215686]],[[-5.963550694487288,37.40241729323661],[-5.9634677625419386,37.40244523286515],[-5.963295544829102,37.40250325356851],[-5.963333265001847,37.402563940257785],[-5.963335773577881,37.402567976215686]],[[-5.963550694487288,37.40241729323661],[-5.963092307488748,37.401223186387114],[-5.962632373725886,37.40002668330523],[-5.961865847101377,37.3989629260822],[-5.961862456395215,37.39895460251527],[-5.961384922045655,37.39778232311102],[-5.960188123131008,37.39695182874792],[-5.959121448198266,37.39626576404167],[-5.959117052149742,37.39626293654236]],[[-5.959117052149742,37.39626293654236],[-5.959180112465074,37.396199645013894],[-5.959171481283375,37.396193833087786],[-5.959095499187384,37.39614422238633],[-5.959092055825723,37.39614195685443],[-5.959087794162706,37.39613553995503],[-5.9590857936450305,37.39612918358451],[-5.959087173030723,37.396122904787596],[-5.95908969480207,37.3961166694751],[-5.959094422147816,37.39611137910999],[-5.959269679211509,37.395963193162046]],[[-5.957996491047274,37.390996187758056],[-5.958149136613904,37.390919698202474],[-5.958191429406929,37.390955907179894],[-5.958234641032674,37.39099968898935],[-5.95827792557525,37.39104762279281],[-5.958311311329904,37.39109597551596],[-5.958332322175219,37.39116162271172],[-5.958347242348369,37.39128750428036],[-5.958311173824391,37.3914981261175],[-5.958156169775821,37.39190967590404],[-5.957763313242069,37.39295469494017],[-5.95761399968813,37.39335715423822],[-5.957508871156034,37.393890520483396],[-5.957480890859056,37.39428776314722],[-5.957604793617705,37.39466420269964],[-5.957954698696689,37.395266258751285],[-5.958495942763923,37.395880221041054],[-5.9587423829716055,37.39613264431762],[-5.958936685299481,37.39618356430748],[-5.959096050117815,37.396284015237875],[-5.95911353861261,37.39626646290606],[-5.959117052149742,37.39626293654236]],[[-5.957996491047274,37.390996187758056],[-5.9579974999886165,37.39100062036546],[-5.9580141680120215,37.391073848334344],[-5.957944438857515,37.39110703085228],[-5.955827791165988,37.392162576398825],[-5.954020613614974,37.39305356860938],[-5.951502500367978,37.394319734528956],[-5.949787193885395,37.39569007084997],[-5.948097236019968,37.397040198054626],[-5.946169006134862,37.39858023580128],[-5.946096941756942,37.398528375966535],[-5.943799274929809,37.39687484076597],[-5.941317684750762,37.39685552481126],[-5.939069942299115,37.39684960576554],[-5.939028046345593,37.39684949503584],[-5.937638202513558,37.39574617513424],[-5.937605760743101,37.395720420830514]],[[-5.935153888226638,37.39278085823084],[-5.935311799865349,37.39296287845483],[-5.937467181967253,37.393068524442356],[-5.937563580817759,37.39316829023166],[-5.937616925912818,37.393237338281814],[-5.9376198890754,37.39324117369283]],[[-5.9376198890754,37.39324117369283],[-5.937615829521781,37.39324430483554],[-5.937569238392792,37.39328024064827],[-5.93771422705137,37.39443053494141],[-5.937608863786422,37.39568351992729],[-5.937605760743101,37.395720420830514]],[[-5.931436733487913,37.39207914536268],[-5.931459232895403,37.39209284910701],[-5.933373770332131,37.393258905021476],[-5.933418363744958,37.39328606399988],[-5.9351511293009835,37.39278166137103],[-5.935153888226638,37.39278085823084]],[[-5.931436733487913,37.39207914536268],[-5.931473958927399,37.39203398941773],[-5.931451351912149,37.39198475778348],[-5.930881567359659,37.39081399243809],[-5.930874012165438,37.3907984681316]],[[-5.930874010040878,37.390798458491304],[-5.9308619800408735,37.39071575849121],[-5.931669320040939,37.39057509849105],[-5.93150154004093,37.38985586849028],[-5.9305939000408605,37.390069258490506],[-5.930563410040848,37.38998958849042]]]},"properties":{"id_dera":11010400001637,"ident":648,"nombre":"MV_KANSA_OSARIO_S_ELVIRA","tension_kV":66}},{"type":"Feature","geometry":{"bbox":[-6.924366298414222,37.29503963599247,-6.266484142798598,37.44012122265491],"type":"LineString","coordinates":[[-6.266513737590771,37.44012040388726],[-6.266451510318125,37.439371282839005],[-6.268545415608538,37.43930099267908],[-6.2720051519847235,37.43919336220439],[-6.2759228056744245,37.439056438024735],[-6.280851630091018,37.43887561394738],[-6.285849207411596,37.438694111395],[-6.290160784679664,37.43861864131809],[-6.29478483461855,37.43840031751827],[-6.300286618590953,37.43822152136861],[-6.304517451642981,37.43805597218805],[-6.309042964969611,37.437906250080495],[-6.313559050260108,37.43783788613828],[-6.318084763402731,37.43768853215995],[-6.322825281170932,37.43753485077386],[-6.327870968429114,37.437378775307636],[-6.332407893343631,37.437229095438035],[-6.33613409805625,37.43706000066892],[-6.340847510665674,37.43696896554224],[-6.344682743643149,37.43684803729288],[-6.349717189598056,37.436690894519174],[-6.353360164845994,37.43657441780508],[-6.35917518689046,37.43638929189724],[-6.363949291279795,37.43624363362674],[-6.3682819056593845,37.436115063494846],[-6.372174577332894,37.43596745633763],[-6.377062670190468,37.435787828477686],[-6.38157763282199,37.43561778637309],[-6.386556128923316,37.435439770740714],[-6.390697430312833,37.43528802448664],[-6.395359363136618,37.435111700972385],[-6.400077805400207,37.434936359263354],[-6.404965900342435,37.434755574994085],[-6.40985368729444,37.4345836071627],[-6.41514920355223,37.434384327440405],[-6.41998085443841,37.434201671400636],[-6.423386876447602,37.434068811839765],[-6.42690585577081,37.433938252053686],[-6.431963908191213,37.43374204669617],[-6.4377883536978295,37.432940486123826],[-6.442341330345408,37.43230932794949],[-6.44658751190736,37.43172542331837],[-6.448869764298168,37.4314052493972],[-6.453138444678515,37.430821624965915],[-6.457793422101462,37.43017400767302],[-6.462311810948131,37.42955030496308],[-6.466455548838667,37.42898148682377],[-6.470610785930226,37.428403806889506],[-6.474868128039659,37.42781009344549],[-6.479119760680056,37.42738730326724],[-6.484195875442967,37.42687750195755],[-6.489082138054618,37.42639580313241],[-6.493862686888131,37.42592062231208],[-6.49859913734102,37.42542027150128],[-6.503224185682978,37.42495304455049],[-6.507870048595638,37.42453003006016],[-6.513262401839096,37.423979595882784],[-6.516838696750017,37.42361805888828],[-6.519854170398169,37.42333314975876],[-6.525564965299773,37.422757657700735],[-6.530321802908222,37.42230044076667],[-6.534489495958954,37.42187816262347],[-6.538852668493113,37.42144817677464],[-6.542531050185917,37.42108813053667],[-6.546725344500953,37.42067931880172],[-6.5501230495117175,37.42033584641323],[-6.554248991650814,37.4199263010194],[-6.557420303184065,37.41964521858431],[-6.5631502877501715,37.41841815936016],[-6.568160401095082,37.417367648239974],[-6.57233787472954,37.416550565819314],[-6.576993780572679,37.41556940531974],[-6.581965286615831,37.41450347136437],[-6.586714107660701,37.41350410907735],[-6.5910649252909845,37.412648038383146],[-6.595614603629793,37.411695422268096],[-6.600232365121988,37.41072605257215],[-6.603462629986923,37.410043632680825],[-6.607443035715607,37.409214245295516],[-6.6115829412159055,37.4083428183508],[-6.615961604359921,37.40742204453365],[-6.620624594158721,37.40643473341352],[-6.6253439637155225,37.40544830226771],[-6.62994978660417,37.40447751780043],[-6.634373397439088,37.403547839174664],[-6.639058087407722,37.40247805938987],[-6.643774024334246,37.40147100472893],[-6.648029835805955,37.39987800153662],[-6.6522759093991155,37.39824642126552],[-6.656708098778576,37.39657892178065],[-6.6617277847924266,37.39462298525727],[-6.665435311139543,37.39314266931329],[-6.669929206940482,37.391355369037576],[-6.673485807853271,37.38997780684115],[-6.676577794616691,37.38877326929629],[-6.679609859845709,37.38761608556213],[-6.682269707971317,37.386587673177345],[-6.686239098258871,37.38576249271559],[-6.6904435538604865,37.38497614127128],[-6.692693828064883,37.38451544440194],[-6.695990196672122,37.38382287277913],[-6.701036605034915,37.382776644861174],[-6.705594382438797,37.38181994879579],[-6.710026673360819,37.38090566958618],[-6.71451604011837,37.379965286658006],[-6.718116386125134,37.37914061115958],[-6.723949888260744,37.37791495623687],[-6.729481788878938,37.37680579027052],[-6.732539087713238,37.37612699338387],[-6.73746112164146,37.37511333726744],[-6.742285645907901,37.37407192532782],[-6.747499699871884,37.37299791774096],[-6.751767847149492,37.37211638696323],[-6.756854277630332,37.37104076837937],[-6.760070358927786,37.37038151310011],[-6.76360467907045,37.369656090455685],[-6.768107184965016,37.36871582328061],[-6.77165548307816,37.367115535340744],[-6.776520150903751,37.364761768894105],[-6.780904502274217,37.362656127835166],[-6.785665276364158,37.36048045940886],[-6.789908138292587,37.35845128433178],[-6.793055306816181,37.35700023449164],[-6.796959213365884,37.355153524587195],[-6.801675463225587,37.35292524658902],[-6.805647702210416,37.35104353650514],[-6.809505007262454,37.34922251898527],[-6.8137173355054514,37.347218753797314],[-6.818066728192471,37.34515428868194],[-6.819794741983883,37.34433900070414],[-6.821774933132263,37.343393192561464],[-6.82524249895222,37.34175382456543],[-6.829373693616157,37.33979304247221],[-6.833699162836724,37.33774546000741],[-6.8379443585827815,37.3357324007722],[-6.841503054684849,37.33404006160753],[-6.8461022244454695,37.331870980397994],[-6.850151833641207,37.32996205553239],[-6.854716241212768,37.327787291892456],[-6.859143200596848,37.32581959109093],[-6.862722965655471,37.32417052547355],[-6.866379174663394,37.32251885277404],[-6.8706315605931385,37.32052580428454],[-6.875092796174954,37.318495115947215],[-6.879050900539751,37.316756556138245],[-6.881823660144927,37.31547047563997],[-6.885346524384899,37.31385325418053],[-6.887466423986596,37.312557870076205],[-6.889227373968992,37.31099849236498],[-6.893701281991316,37.3070056581745],[-6.89661684692115,37.30441227995424],[-6.8998654629158755,37.301619973214365],[-6.903677915739501,37.29810432728358],[-6.905760281409872,37.296909716845086],[-6.9081823105139,37.29557597254935],[-6.912143717727055,37.29650211716516],[-6.916293272351887,37.29748630203327],[-6.919894878268544,37.298328886998355],[-6.923385790191464,37.29916455006473],[-6.924599116614994,37.29951392676109]]},"properties":{"id_dera":11010400001710,"ident":816,"nombre":"CASAQUEMADA - ONUBA","tension_kV":220}},{"type":"Feature","geometry":{"bbox":[-5.984688752158892,37.416711740411166,-5.984681986633456,37.4167564497633],"type":"LineString","coordinates":[[-5.984681986633456,37.4167564497633],[-5.984688752158892,37.416711740411166]]},"properties":{"id_dera":11010400000917,"ident":676,"nombre":"EMPALME_RESERVA_02","tension_kV":66}},{"type":"Feature","geometry":{"bbox":[-6.142980174168675,37.61297503880222,-6.100223186776921,37.66930448964374],"type":"MultiLineString","coordinates":[[[-6.11401427361538,37.61374370701262],[-6.116238011245139,37.61561084955078],[-6.118240810985856,37.61739783464925],[-6.121532226748146,37.620334138273954],[-6.12368955330807,37.62225875123481],[-6.126684365716145,37.62492966698461],[-6.129315898044135,37.62727722625729],[-6.132073700104362,37.62973570339448],[-6.13368120285186,37.63134171712137],[-6.136228462825351,37.63388623422606],[-6.1395342409855305,37.637187871241316],[-6.141665011673095,37.63931682361727],[-6.144197303518003,37.64184506729224],[-6.143902520388034,37.64437109546229],[-6.143592429530021,37.64703421023273],[-6.143259680672994,37.64988587347653],[-6.142764234287191,37.654138490422696],[-6.1424454706917375,37.65687138768228],[-6.1419798411265525,37.66086245941151],[-6.142061202011054,37.66180191071258],[-6.142061591240652,37.66180640498029]],[[-6.142061591240652,37.66180640498029],[-6.140648762033222,37.66452943894906],[-6.139332270094355,37.665743534902056],[-6.138090545517846,37.66689048653405],[-6.1346873500132055,37.668221781868674],[-6.133875582596862,37.66838094626355],[-6.133884797964266,37.66840963611197],[-6.133886199849076,37.66841400054396]],[[-6.09904587307362,37.634467544943185],[-6.099042020488515,37.63446424234186],[-6.098763803717109,37.63422574187713],[-6.098807264261409,37.63283976762865],[-6.100244457195402,37.631035047137445],[-6.102126450871342,37.62867179500213],[-6.104208380077392,37.62605800012316],[-6.106679068230014,37.62295504995036],[-6.108385717858188,37.620813371066106],[-6.110713781336703,37.6178891625419],[-6.1130479285841135,37.61495754142741],[-6.11401427361538,37.61374370701262]]]},"properties":{"id_dera":11010400000948,"ident":729,"nombre":"CALA_GUILLENA","tension_kV":132}},{"type":"Feature","geometry":{"bbox":[-5.846540366534301,37.55266819419787,-5.669179496981195,37.621453333899545],"type":"MultiLineString","coordinates":[[[-5.846329791497692,37.552673274722856],[-5.846543196059161,37.552844147395426],[-5.846547185831342,37.552847341988155]],[[-5.671432172381424,37.61992941393356],[-5.671437506341038,37.619927899549666],[-5.674647659298102,37.619016438594485],[-5.679824739130316,37.61755067118004],[-5.682748125220392,37.616701539146135],[-5.685708278637148,37.61585924811404],[-5.68824704106029,37.61513831250238],[-5.690972877897114,37.61436376623255],[-5.693745616308056,37.6135752912715],[-5.696896142989829,37.612679356934954],[-5.70007898527645,37.61177394931128],[-5.703003436076483,37.61094204878101],[-5.706412046556071,37.60997272853606],[-5.709975600349708,37.608958844634884],[-5.709988862315414,37.60895067440247],[-5.711277919503776,37.608156515781936],[-5.713441029104661,37.606824546675526],[-5.7162107162437135,37.605100626184615],[-5.718800082465583,37.60351391427492],[-5.721779949357586,37.60271102462134],[-5.7247138845038785,37.60194514639373],[-5.7277182515203595,37.601136271184586],[-5.730193583255262,37.600484574274894],[-5.733507418966542,37.599614831289465],[-5.736421777228174,37.598832655825824],[-5.739371748292202,37.598043734280196],[-5.742154451877602,37.597305032818106],[-5.745166157066269,37.596487581842204],[-5.7481952820389,37.59568866170848],[-5.7509976426602085,37.59495417976847],[-5.75439801580471,37.5940261248654],[-5.757581598802841,37.59315746483968],[-5.760816412971721,37.592273734668915],[-5.764118303872148,37.59137176565045],[-5.767201495968976,37.59052907908776],[-5.770522691578377,37.5896236867006],[-5.773974071191729,37.588679909414985],[-5.776933097586037,37.587872148717224],[-5.779877791658854,37.587067445601974],[-5.783341945187237,37.586132647634166],[-5.786538415106296,37.58524245652382],[-5.78956157110736,37.584416018093435],[-5.7927345844070635,37.58357784664524],[-5.796119410962841,37.582656088795645],[-5.799479417234256,37.58178131892462],[-5.800474218291204,37.581506946346025],[-5.800597937888878,37.58147283310588],[-5.800721657366107,37.58143871974033],[-5.8027860846790515,37.58086915580103],[-5.806151926971084,37.57995513337087],[-5.809568432924848,37.579047829144194],[-5.8129664385082505,37.57813555182621],[-5.812983250550141,37.5781227322697],[-5.814524736683539,37.576947285861756],[-5.816733672985886,37.57526158259127],[-5.819160211125508,37.57341070228178],[-5.821529640386228,37.571603579092766],[-5.823138463506004,37.57037542930165],[-5.824660983899489,37.56921347960811],[-5.824745375398081,37.56914901600824],[-5.824829879851245,37.569084549645964],[-5.82559117101578,37.568503430699444],[-5.8280798804288825,37.56660483966222],[-5.830635767779747,37.564654127033144],[-5.83298129156122,37.56286393381013],[-5.835043672316129,37.56129026434845],[-5.837592456815092,37.55934381126557],[-5.840082291033385,37.55744305557354],[-5.8424678154862635,37.5556221171723],[-5.844924587208104,37.553745866044395],[-5.846329791497692,37.552673274722856]],[[-5.671432172381424,37.61992941393356],[-5.669160303948609,37.620771500284874],[-5.6691551703148395,37.62077340303669]],[[-5.6691551703148395,37.62077340303669],[-5.669922876443729,37.62143311098375],[-5.66992672373313,37.62143641700807]]]},"properties":{"id_dera":11010400001300,"ident":550,"nombre":"ALCOLRIO_VALLEINF","tension_kV":132}},{"type":"Feature","geometry":{"bbox":[-5.974641666533997,37.51551067902849,-5.885052545948154,37.54150287393224],"type":"MultiLineString","coordinates":[[[-5.974606490321846,37.518149224914076],[-5.974725242027243,37.51764495643302],[-5.974726284737893,37.51764052862494]],[[-5.974606490321846,37.518149224914076],[-5.974587713524886,37.51817362426112],[-5.974098766318878,37.51880897583189],[-5.969012389968592,37.51934750472496],[-5.967555357362174,37.51950172110564],[-5.965205286703678,37.51958094964024],[-5.963151334911714,37.51943915435781],[-5.961088667203487,37.51929997522594],[-5.959198391989607,37.519166170599114],[-5.957097720684697,37.519021116396566],[-5.954672633035391,37.51885350853909],[-5.9524247377944866,37.518698178956335],[-5.950084170715351,37.518536291716565],[-5.947889910696338,37.5183895365405],[-5.94589819273382,37.518246787298864],[-5.943652138149348,37.51809142381949],[-5.94152361232297,37.51794146893403],[-5.939272665081094,37.51778785544038],[-5.93704433724185,37.517633906374435],[-5.934632167283696,37.51746772520464],[-5.932702816793096,37.51733347350869],[-5.930483637152059,37.51717854180723],[-5.925880715024211,37.51686010604961],[-5.924473262362538,37.516764594657815],[-5.922558085943442,37.518169800615134],[-5.920640951027278,37.51957592592576],[-5.91864180813719,37.5210392824152],[-5.916987825988614,37.522251967828005],[-5.915143673473428,37.523599797901056],[-5.9132334412514,37.525010141295446],[-5.911445876536795,37.526321197973274],[-5.909227484667068,37.5279483905322],[-5.906842550649601,37.5297004738786],[-5.904953984241076,37.53108231501386],[-5.902162118015494,37.53191867820519],[-5.900750274990042,37.53278243393841],[-5.89979675948435,37.53336577215792],[-5.897183779327253,37.53498054567037],[-5.895010419384221,37.53618928192395],[-5.892874518958855,37.53738534740652],[-5.890295616492225,37.53882640588678],[-5.88792570409339,37.54014948493639],[-5.8857382961372515,37.54148347447864],[-5.885733804460396,37.54148621363464]],[[-5.885733804460396,37.54148621363464],[-5.885730563412924,37.541482521111526],[-5.885038455100432,37.54069399218399],[-5.88502056580807,37.540673610381866]]]},"properties":{"id_dera":11010400001265,"ident":637,"nombre":"AGRIBETI_ALCALRIO","tension_kV":66}},{"type":"Feature","geometry":{"bbox":[-5.944439338289739,37.296191219891405,-5.907153423709775,37.31647515452809],"type":"LineString","coordinates":[[-5.906473804431991,37.298835743566805],[-5.9071124343986385,37.30010337358867],[-5.908724415978863,37.30099635757687],[-5.911729165701351,37.301336998023714],[-5.914915920004482,37.30169902612389],[-5.9201034933045005,37.302287667534344],[-5.922846027503267,37.30259782462779],[-5.9255898225955,37.302907975160934],[-5.930120426071058,37.30216214598077],[-5.932628200371687,37.30131235318737],[-5.936464960320437,37.29867374723802],[-5.939413701308856,37.29631624810177],[-5.940791583493621,37.29855505454075],[-5.9421944036047725,37.30085845977869],[-5.9447193850424975,37.30336845607839],[-5.944315635884888,37.307206290383625],[-5.943364007329118,37.30957720050904],[-5.94237114869748,37.312029144590426],[-5.941822904949759,37.314197652704486],[-5.9426316316788546,37.31461777108043],[-5.944426106762563,37.31555280373949],[-5.944838348172159,37.31509817240833]]},"properties":{"id_dera":11010400000987,"ident":639,"nombre":"DOS HERMANAS - ENTRENUCLEOS","tension_kV":220}},{"type":"Feature","geometry":{"bbox":[-5.76908092426213,37.10308599372188,-5.571649414598858,37.18919985515792],"type":"MultiLineString","coordinates":[[[-5.772059148496218,37.184677185182075],[-5.772054335803504,37.18467484635918],[-5.770912730230422,37.184120051024145],[-5.76954891183867,37.18390476455423],[-5.767481374666009,37.18319289435384],[-5.765051502269464,37.18235878185112],[-5.763254738323459,37.181741261922625],[-5.761119366666468,37.181006620451114],[-5.758871829716343,37.18023382095506],[-5.756566048160375,37.179440616082694],[-5.754344148126954,37.17867659430523],[-5.752113621510798,37.177909486375384],[-5.749976073128653,37.17717414998767],[-5.74777378201345,37.176416215751544],[-5.746014910035141,37.17581115741837],[-5.743717712772211,37.175020652555695],[-5.741274509965008,37.17418040406326],[-5.7386735282161645,37.17328535817858],[-5.736362565667267,37.172489979702995],[-5.734015893320791,37.171542908100655],[-5.7313085878234435,37.17061113167153],[-5.729048177620516,37.16983309565385],[-5.726688371935073,37.169020266560885],[-5.724584138135726,37.16829595159404],[-5.7220270988708215,37.16741583290948],[-5.719587705820212,37.16657431975683],[-5.717031896098102,37.165697036647586],[-5.714651385543037,37.164877498589156],[-5.7121901337596155,37.16402794951883],[-5.709884264771116,37.16323363902485],[-5.707513235607909,37.16241364744114],[-5.704863843516895,37.16150606346385],[-5.7021803906437665,37.16057928065401],[-5.6996001414054,37.15969063592871],[-5.696849594993103,37.15874471253265],[-5.694178979052992,37.15782204854596],[-5.69159464105878,37.15693034521537],[-5.688907785099231,37.156003333110746],[-5.686149134909919,37.15505319501429],[-5.683716027136728,37.15421448041066],[-5.680972964756155,37.15326873371602],[-5.6787249522663625,37.152497458352045],[-5.676515371578899,37.15173248058392],[-5.674306513164309,37.15097077866938],[-5.671829303842218,37.150116049444605],[-5.6693245901937495,37.14925233472487],[-5.666901972938082,37.14841348251342],[-5.665149590189146,37.14692744539187],[-5.663378280415123,37.1454197282061],[-5.661694365599987,37.14398823986439],[-5.65995009992244,37.14250626483095],[-5.6582134372480155,37.14103049033521],[-5.656516623056962,37.1395849755549],[-5.654751311440386,37.13808753131313],[-5.65300731449203,37.13660535234198],[-5.651383763788204,37.13522471500753],[-5.64967515933892,37.13377242178011],[-5.647765503849858,37.132149320155214],[-5.646070250843476,37.130707938234394],[-5.644537907865214,37.12940527814615],[-5.643198824329687,37.128266622967274],[-5.641484466984463,37.126808025403975],[-5.639127762934325,37.125883489832454],[-5.636824480140096,37.12497898518274],[-5.63468539303542,37.1241410753503],[-5.632833284398716,37.124211604282884],[-5.629919397885503,37.1243225174194],[-5.628184675338183,37.12438379179129],[-5.625397699425709,37.124494215855805],[-5.622635399445455,37.12459925226242],[-5.619840585084855,37.124704852785946],[-5.61704051778316,37.12480852080577],[-5.614232674341363,37.1249186923623],[-5.61151773525257,37.125020983141916],[-5.608919663219699,37.124724940675215],[-5.60634588818185,37.12443128036285],[-5.603698630599912,37.12413070689283],[-5.601156393961662,37.12384002504751],[-5.598557967252315,37.12354457236208],[-5.595984346922368,37.12324996083015],[-5.59357000571326,37.122929459252695],[-5.590963045102484,37.12258338001902],[-5.588111656517515,37.12220707402481],[-5.5854587030379825,37.1218540366386],[-5.582943960475412,37.12151730286922],[-5.58013535841097,37.12114275460701],[-5.577338835511908,37.1207715352743],[-5.574521682030692,37.12040047211301],[-5.572099935647862,37.12007755568104]],[[-5.569046716651288,37.112353100452516],[-5.569048076735473,37.11235747212181],[-5.569644672519116,37.11427503817545],[-5.570379747828415,37.11579827809319],[-5.571507411901404,37.11786452906446],[-5.572099935647862,37.12007755568104]],[[-5.569769506308242,37.10757622544088],[-5.569975998506278,37.10764665115244],[-5.570051359066721,37.10767235331458],[-5.569417077013246,37.11023070781815],[-5.569047495291696,37.112348638490104],[-5.569046716651288,37.112353100452516]]]},"properties":{"id_dera":11010400001090,"ident":535,"nombre":"TORREJON_UTRERA","tension_kV":66}},{"type":"Feature","geometry":{"bbox":[-6.05679328616431,37.4254994621229,-5.758850914529171,37.55645099810374],"type":"LineString","coordinates":[[-6.040088706905231,37.42607762552574],[-6.041160991473563,37.425903033351894],[-6.045893908925994,37.42586328595947],[-6.049320618428187,37.425881115210636],[-6.050884214955426,37.42649850358133],[-6.05216598944451,37.42906034624436],[-6.053961096951256,37.43257132145752],[-6.054369126775015,37.43338166398548],[-6.054633118136594,37.43390112607266],[-6.054717309947068,37.434067448710366],[-6.054853244614161,37.43433481475223],[-6.054961495188674,37.43454803255825],[-6.055083768979474,37.43478792880252],[-6.055175602947174,37.43496859002528],[-6.055250855276156,37.4351174806523],[-6.055328427046278,37.435270375229045],[-6.055407205796746,37.435424020058896],[-6.055489486418102,37.43558664010087],[-6.055565359272367,37.43573629597887],[-6.055620933564434,37.43584474271996],[-6.055668924957929,37.4359402557478],[-6.055724676319692,37.43604822892509],[-6.057354860933641,37.43929475891824],[-6.056761873932037,37.44267948883457],[-6.056414677190833,37.4446291975993],[-6.056060303238391,37.44663411140803],[-6.055547435158807,37.44952345248383],[-6.055051972197946,37.45240827351763],[-6.054541423608325,37.45552374040559],[-6.053935780071184,37.45869145755671],[-6.051209194629275,37.46129047150631],[-6.048884016157734,37.46352973918815],[-6.046243975525374,37.46606022603296],[-6.043928348016952,37.468331334796765],[-6.042580297245082,37.469614886958034],[-6.03976646454712,37.472219173910915],[-6.036452765036888,37.47542075803419],[-6.033303786406808,37.478462394649284],[-6.030633926586562,37.481108281483706],[-6.027724574449037,37.48384375772777],[-6.024630312729951,37.48684201484594],[-6.021856385537016,37.489520742915936],[-6.019201106300073,37.492074908925574],[-6.016091282012416,37.49505816526324],[-6.013541615400436,37.49752478469778],[-6.010928252529227,37.50003323855565],[-6.007936627284341,37.50291601198021],[-6.004391596001698,37.50633382416647],[-6.000842989591672,37.50974590313697],[-5.997461569949125,37.51298187630785],[-5.993575051102181,37.516724459315114],[-5.9904002067571005,37.51982796462117],[-5.98724097078196,37.522872299583085],[-5.984017451460771,37.52598143304983],[-5.981378859703322,37.5274639051181],[-5.97925402429642,37.52867456649498],[-5.976689067578079,37.53011336013134],[-5.972578019496739,37.53039984653553],[-5.96776296527885,37.53073355780831],[-5.964315567271955,37.53095535406269],[-5.959595015599488,37.53127022583502],[-5.9547393766096235,37.53160537204988],[-5.949619403987314,37.531946924195005],[-5.944637868517872,37.532264872980825],[-5.94013897194817,37.53258482710268],[-5.935201563134265,37.53293041444549],[-5.9304381823579675,37.53324814225109],[-5.9261256882456435,37.53351742081871],[-5.9228983146158045,37.53373649389024],[-5.919224205217558,37.534009196641456],[-5.914732358031936,37.5336903036491],[-5.909118782848589,37.533299244822565],[-5.903949882682894,37.532942530904926],[-5.900449063042863,37.53266907766715],[-5.896827700060627,37.532422282712155],[-5.8919908287516884,37.532085943587745],[-5.887179157720025,37.53310903804484],[-5.882009343074483,37.53421185437179],[-5.876959810359844,37.53528594525],[-5.871845287656942,37.53634712580091],[-5.866528862885793,37.537461386774254],[-5.862069356804787,37.53838875088946],[-5.8573032333838215,37.539196785054465],[-5.853217153731441,37.53986500965149],[-5.84907860425146,37.54056567765812],[-5.84454054521602,37.5411989603911],[-5.840544207183994,37.54192934388155],[-5.836205342880857,37.542657443556614],[-5.831674957995189,37.54342999057071],[-5.826899315248835,37.54421918754422],[-5.822493187410152,37.54485418387733],[-5.818161433174407,37.545631208219014],[-5.813568983742389,37.54629144164713],[-5.808981465348902,37.54714559468457],[-5.804041059993479,37.54794450843558],[-5.799148255267007,37.54877306956824],[-5.795033853667978,37.54944060994955],[-5.790133412724954,37.55025349736586],[-5.78591494021346,37.550901851398116],[-5.78107023386596,37.55168799158582],[-5.776317873576275,37.55252604209011],[-5.7719621436844255,37.553245741632956],[-5.767868447075579,37.55392573832812],[-5.765789528010791,37.55427909955327],[-5.763829814233622,37.55461478275473],[-5.758815975343743,37.55550400193387],[-5.759038340684774,37.55644661515064]]},"properties":{"id_dera":11010400001619,"ident":614,"nombre":"CARMONA - SANTIPONCE","tension_kV":220}},{"type":"Feature","geometry":{"bbox":[-6.121378009865907,37.42403381561921,-6.040750271890602,37.45357061186032],"type":"MultiLineString","coordinates":[[[-6.1213988599986875,37.45109317362784],[-6.121836891314152,37.45145447880004],[-6.122508308823642,37.4513510195489],[-6.122513856948922,37.45135016461689]],[[-6.045710231435308,37.42671871986861],[-6.047116287627065,37.42659073711769],[-6.048928058464496,37.42632089748659],[-6.049114549132714,37.42630599281277],[-6.049841036885319,37.426248135380895],[-6.050462001892229,37.426198674741954],[-6.051292653760424,37.42613244220908],[-6.054929268761383,37.42723069911358],[-6.058220070744446,37.428224355543016],[-6.061408230230822,37.42918688033694],[-6.062590009728741,37.429543600381024],[-6.0627332287511635,37.42958683086558],[-6.06393127313618,37.430123230761055],[-6.0668385308857955,37.43117299273207],[-6.069745869894931,37.43222276971372],[-6.07265328280806,37.43327238168372],[-6.075560766340013,37.43432191044226],[-6.07846832413024,37.43537136050699],[-6.081375963004775,37.43642082561851],[-6.084283562704314,37.43747012870454],[-6.087191352661057,37.438519353870866],[-6.090099223699998,37.43956859405999],[-6.09300716841476,37.4406176692529],[-6.095915190500181,37.441666669447436],[-6.098823289951933,37.442715594635764],[-6.099072099269399,37.442805384945274],[-6.101731474718215,37.443764533591775],[-6.104639736625349,37.44481330628141],[-6.107577560482995,37.445872670685254],[-6.11051041804725,37.44693019895096],[-6.113427401711715,37.447981764048706],[-6.116349286763716,37.44903510827723],[-6.119274229961367,37.45008937893546],[-6.121393998664717,37.451090876934515],[-6.1213988599986875,37.45109317362784]],[[-6.0396405572701095,37.42616584483854],[-6.039956231362114,37.42636432862645],[-6.042572151896617,37.42652539753402],[-6.045704599241343,37.42671837297083],[-6.045710231435308,37.42671871986861]]]},"properties":{"id_dera":11010400001357,"ident":719,"nombre":"SALTERAS_SANTIPON","tension_kV":66}},{"type":"Feature","geometry":{"bbox":[-6.003293979493942,37.33118410799271,-5.989408740386272,37.33756709257059],"type":"MultiLineString","coordinates":[[[-6.002288424895109,37.335708698340156],[-6.003531873897485,37.337153927834606],[-6.003434554595051,37.337183971960535],[-6.003337235209824,37.33721401600908],[-6.002115926549717,37.33579480306343]],[[-6.002115926549717,37.33579480306343],[-6.002198715499215,37.335753496408984],[-6.002202121199219,37.335751797169486],[-6.002288424895109,37.335708698340156]],[[-6.002115926549717,37.33579480306343],[-6.002060717798883,37.33573049420536],[-6.002058535451763,37.33572795213727]],[[-6.0017968242103175,37.33595419026001],[-6.001801608375999,37.33595180207321],[-6.001997648743648,37.335853941240195],[-6.002115926549717,37.33579480306343]],[[-5.998867932946926,37.332054069273866],[-6.00033806051464,37.33377777474195],[-6.002052716589205,37.33572153127165],[-6.002055247664825,37.33572432420535],[-6.002058535451763,37.33572795213727]],[[-5.996755132701467,37.3313500554582],[-5.998862726188615,37.33205233437346],[-5.998867932946926,37.332054069273866]],[[-5.996755132701467,37.3313500554582],[-5.9953103950182545,37.33157272943275]],[[-5.9953103950182545,37.33157272943275],[-5.993740910990526,37.33195015461796],[-5.993735508768793,37.33195145368696]],[[-5.993735508768793,37.33195145368696],[-5.991246097338169,37.33275518082593],[-5.991220484552506,37.33270458630207],[-5.989937261488589,37.33306634321749],[-5.989931941352465,37.33306784299549]],[[-5.991067847558236,37.33697228624835],[-5.991062205357434,37.336972279128645],[-5.990913825524244,37.33697209179665],[-5.990925562105208,37.337346898374385]],[[-5.990925562105208,37.337346898374385],[-5.99092597800818,37.33736018005207],[-5.990975287063459,37.3373800279102],[-5.99098139083244,37.33738248479431]],[[-5.99098139083244,37.33738248479431],[-5.990925562105208,37.337346898374385]],[[-5.990925562105208,37.337346898374385],[-5.989771149411141,37.336611037217146],[-5.989320088805617,37.33533214440037],[-5.989930751403857,37.33307224681018],[-5.989931941352465,37.33306784299549]]]},"properties":{"id_dera":11010400001277,"ident":665,"nombre":"GUADAIRA_TORRECUE","tension_kV":66}},{"type":"Feature","geometry":{"bbox":[-5.856132331516954,37.37956129111846,-5.7146157911338555,37.413533738900234],"type":"MultiLineString","coordinates":[[[-5.856411913817715,37.38692619158016],[-5.856406325609161,37.386926834558345],[-5.856168040129836,37.386954251383365],[-5.855945026613853,37.386979911370304],[-5.855919219070557,37.38698288076411]],[[-5.855919219070557,37.38698288076411],[-5.8559058280553575,37.38698942172472],[-5.854478416645014,37.38768663832968],[-5.851489733062683,37.38781365670783],[-5.848421771599616,37.38794393748797],[-5.8453817661810135,37.38791190297133],[-5.844533784616327,37.38758911367689],[-5.844465382467497,37.38756307560156],[-5.84348072472365,37.38718831118225],[-5.843471307431543,37.38718636587846],[-5.841012196820266,37.3866783652521],[-5.840988768013467,37.386682239832616],[-5.838947331376349,37.38701982675988],[-5.8347634472526595,37.38771169050933],[-5.830743555549391,37.38837605386306],[-5.827929398650154,37.388031705694004],[-5.82662551878894,37.38787210474853],[-5.826610307857282,37.387870242771434],[-5.8254578210778405,37.38800439071407],[-5.824887872295468,37.388070724374444],[-5.821955358876836,37.38841207668922],[-5.818890137051552,37.38876886580632],[-5.815990617488242,37.38910622030759],[-5.812833123848183,37.38947352102699],[-5.809909020490582,37.38981338434638],[-5.806898881147775,37.39016359849806],[-5.803667180815295,37.390539265446655],[-5.800469175853374,37.390910892376986],[-5.7970081112763046,37.391312896549735],[-5.794230718880141,37.39163565250948],[-5.794223831214754,37.3916368349635],[-5.791449106258665,37.39211315598858],[-5.788186242872725,37.3926732207189],[-5.785585684229992,37.3931197353866],[-5.781708609710912,37.39378506631903],[-5.778877885831754,37.394270604531066],[-5.775687998294125,37.394817744668345],[-5.773441221080996,37.39520332559268],[-5.771995651121716,37.395451570060956]],[[-5.771995651121716,37.395451570060956],[-5.771895338707183,37.39546879898046],[-5.77023703988562,37.395753457516385],[-5.770213884221362,37.395779768819615],[-5.767846677742022,37.39846945537563],[-5.764390788063541,37.399657122865925],[-5.761405499195247,37.40068303741323],[-5.758326090878069,37.40174117040319],[-5.758318850512354,37.401744854045],[-5.756246116048534,37.40279935494774],[-5.756238386950462,37.402804130199556],[-5.754193092313622,37.40406773106133],[-5.7541881937990125,37.40407117034003],[-5.752013357021382,37.405598086131384],[-5.749257993990031,37.407533045151276],[-5.746362217355641,37.40897371191884],[-5.743560846111461,37.41036697373619],[-5.7412153111604205,37.41153414946504],[-5.738293254048512,37.4129872978353],[-5.736147289639154,37.41237931861337],[-5.732778598598433,37.41142481730452],[-5.730537970323522,37.410789880183444],[-5.7268431098624974,37.40893135316083],[-5.723846046638809,37.407423655874815],[-5.720706534173896,37.40583961825842],[-5.718473113180341,37.40471122588308],[-5.716940775796461,37.40242655436071],[-5.716367899485276,37.40157090343048],[-5.716365238982408,37.40156692963808]],[[-5.765874788690875,37.38170834477662],[-5.765877610215045,37.38171224690556],[-5.765987796045497,37.38186463201542],[-5.765997595287697,37.381878184164016],[-5.766505212949361,37.38486149708576],[-5.767610061330723,37.386074765242],[-5.7676272719943205,37.38609366441171],[-5.767839675445563,37.388927826304474],[-5.770084726228071,37.39129395780515],[-5.770090048653139,37.39130555368047],[-5.7710748646476695,37.39345108937307],[-5.771995651121716,37.395451570060956]],[[-5.714120848245949,37.39982463848459],[-5.714125090437443,37.39982166499848],[-5.714365908404273,37.3996528674375],[-5.715684488705598,37.400932578662896],[-5.716185613578235,37.40164209039295],[-5.71626539745392,37.40159434676172],[-5.716349269977653,37.40154415631096],[-5.716365238982408,37.40156692963808]]]},"properties":{"id_dera":11010400001362,"ident":553,"nombre":"ALCORES_CANTOSAL_VISO","tension_kV":66}},{"type":"Feature","geometry":{"bbox":[-7.228965368613161,37.34424329751688,-6.093706463982592,37.636231360684775],"type":"LineString","coordinates":[[-7.240459000576762,37.547790593615076],[-7.2397175913659675,37.54808655686287],[-7.238301171580262,37.548597947900326],[-7.233284389918396,37.548430293215084],[-7.2293874817143156,37.54666984546581],[-7.224673094271066,37.544515045442154],[-7.219703388433273,37.54224308758571],[-7.2154884130177175,37.54031313157321],[-7.210953156817892,37.538243768190235],[-7.2063309043272525,37.537102379120604],[-7.2021899213753215,37.53607902806857],[-7.197981535110597,37.53505792909246],[-7.194309985765932,37.53414421941832],[-7.191615043996778,37.532291692940156],[-7.187626382081119,37.52953307476089],[-7.183602637065179,37.52674844414554],[-7.179874028745283,37.524178300774956],[-7.1768502635789995,37.52207856052149],[-7.174711151201662,37.52059928361384],[-7.171626327194355,37.51979818274356],[-7.1677132564110915,37.51877461163626],[-7.162296771279486,37.51735352817195],[-7.158547070467455,37.5163635099658],[-7.155400830418507,37.51609765288033],[-7.1515039673645635,37.515766446283784],[-7.146549935485571,37.51533727055845],[-7.1415850357582045,37.51491718292163],[-7.137075166138061,37.51452478610673],[-7.133659234456316,37.513515673595734],[-7.1271314018683265,37.51157198590265],[-7.122540611202382,37.50795948267187],[-7.1225429953253805,37.507957598398825],[-7.118968386998668,37.505128924230114],[-7.118973860918505,37.50512567077266],[-7.116818176880716,37.50189921100088],[-7.114894809828659,37.49899382785002],[-7.112442449864405,37.495305178230275],[-7.109903087437743,37.49146637305291],[-7.108128986549077,37.48879877777818],[-7.105566544274189,37.4849427444148],[-7.10337225732052,37.48161421033553],[-7.1006503694040894,37.47752003454648],[-7.098692019911709,37.47457052778503],[-7.096906502417697,37.4718852109498],[-7.0945536972852326,37.468327253996605],[-7.092541701142864,37.465279957731696],[-7.092540952120756,37.465280704326744],[-7.087867542938236,37.46407275644848],[-7.087864056611922,37.46408134475507],[-7.083359901881157,37.46292211643338],[-7.079784524305032,37.46200974664545],[-7.0760033054406675,37.46104060249861],[-7.07600400567429,37.461038956053564],[-7.0703548319832015,37.45959440464792],[-7.065666905939002,37.4583893893151],[-7.061958763570244,37.45742564235422],[-7.059048055654098,37.45505182487597],[-7.0554646421161,37.45209428835752],[-7.052132868168053,37.44935138696232],[-7.047698746577585,37.445693175575904],[-7.04350211244304,37.44224292554194],[-7.040260908568084,37.4395813251268],[-7.036915140192797,37.436813219294336],[-7.030769447373892,37.43175349428794],[-7.027703746837349,37.42922136810663],[-7.027703113399801,37.429222200287974],[-7.022675027315717,37.428081870484775],[-7.022671984899826,37.42809044189374],[-7.018841609983013,37.42722105878531],[-7.014462688397827,37.42623499986419],[-7.0098901398068145,37.42521031352003],[-7.00574001774405,37.42427019760222],[-7.000871481954911,37.423180613938975],[-6.99574919994029,37.42202347871989],[-6.992307834610174,37.42123904311509],[-6.9879069763729,37.42025262908115],[-6.983940705136207,37.41935965548692],[-6.978865986760533,37.41820403917027],[-6.973333748747572,37.41695793698674],[-6.967082163951871,37.41555567667544],[-6.962383733359547,37.41449100230857],[-6.957549137672849,37.41340097496363],[-6.952909380237259,37.412358270522745],[-6.948177551147787,37.411282515054296],[-6.943731914685928,37.41027799018154],[-6.940121403232474,37.40945900524761],[-6.936235470920877,37.40859134909205],[-6.9316657032637545,37.40657932616157],[-6.926939244615363,37.40451161592831],[-6.921899758622934,37.40228286259801],[-6.916861385015197,37.4000718652545],[-6.91309362500639,37.39840416463927],[-6.908101764413576,37.39620916282769],[-6.903907054335756,37.39435701678548],[-6.9009904757392535,37.39306974406193],[-6.898545825124029,37.38984092435741],[-6.895988368238686,37.3864570446701],[-6.893600570068729,37.3832927155866],[-6.890644236597916,37.379390366221216],[-6.888536086043056,37.37660415800549],[-6.886173915421155,37.373483949001205],[-6.883462035602342,37.36989116768155],[-6.88346127917042,37.3698918232811],[-6.879404248990942,37.367818921586235],[-6.879398206813747,37.36782650660644],[-6.876199476128224,37.366202016571314],[-6.873654268823089,37.364900214629785],[-6.869243570415147,37.36362074965315],[-6.864592400617789,37.362277547782895],[-6.859907351645521,37.36092634818962],[-6.854958257855021,37.359484571433725],[-6.851647128750713,37.35851995866917],[-6.846590309772889,37.35836477641775],[-6.840497797383271,37.35817558240952],[-6.835648962608599,37.35802415570174],[-6.830183464848821,37.357849737682095],[-6.826312967893775,37.358110766659884],[-6.8230556292888975,37.35873036303228],[-6.818220161891539,37.359465760684685],[-6.812818414615912,37.36028644619988],[-6.808315357266095,37.36122754580978],[-6.803904185705649,37.3621534449741],[-6.798878594044132,37.363206959404565],[-6.79419899178237,37.364186175513574],[-6.790072371256276,37.36504566796669],[-6.786223085585505,37.367026712896234],[-6.783384142732899,37.36847799703],[-6.779977471872526,37.370208368456595],[-6.775637046231763,37.37046359971671],[-6.770583809737233,37.37076007852762],[-6.764982797047617,37.371071282220825],[-6.7595602210521735,37.372004268204954],[-6.754182680480594,37.37291972054936],[-6.749927527220771,37.37489106821797],[-6.744163634274239,37.37548321071635],[-6.740366341909993,37.375878303156355],[-6.735544957551415,37.3773994275551],[-6.731365506529728,37.37871161419522],[-6.7270195003675335,37.38008296476469],[-6.722650336816658,37.38144587863465],[-6.717992713001662,37.38291690358153],[-6.712701031115952,37.384578760448235],[-6.708376286037323,37.38593976012928],[-6.702928427627318,37.38765113572483],[-6.698147407999928,37.38915219583477],[-6.6946846212661315,37.390239672765055],[-6.694683973100447,37.39023798179125],[-6.688624747962979,37.39130279778072],[-6.684493403263457,37.39201726217265],[-6.680563798186062,37.39270736875448],[-6.6772160687726965,37.39329589334469],[-6.6736416807679495,37.39552974013773],[-6.670024850023863,37.39776822510175],[-6.666319897260595,37.400063483416496],[-6.662001795847595,37.40275593319999],[-6.659130006668038,37.404538558348335],[-6.654821067108555,37.40721164108501],[-6.654819643215772,37.407210243721046],[-6.650447328809495,37.40992414341034],[-6.647267731796278,37.411896275845756],[-6.6432548567086505,37.414389445284066],[-6.640327408075498,37.41620947188679],[-6.637627951173368,37.41787501662125],[-6.632828420363119,37.419159284360795],[-6.627696207374835,37.420518988654685],[-6.623686971767672,37.42158671191209],[-6.619285485001637,37.42065640630161],[-6.615256918909577,37.419797849687285],[-6.609507461441464,37.41855348444555],[-6.609507392100373,37.41855438833515],[-6.604740602923647,37.419242910506],[-6.604742609727584,37.41925176893929],[-6.59971679688967,37.419972593158555],[-6.594444446702056,37.42073665809067],[-6.588991932569669,37.4215150644995],[-6.585121556431209,37.42207410460583],[-6.580196385007582,37.42278194746659],[-6.575248442094774,37.423490456559676],[-6.569672657129663,37.42429864614986],[-6.565599752561816,37.42488119056372],[-6.561623001619838,37.42545844413437],[-6.556389091784379,37.426655704479394],[-6.551706636641763,37.42773353202621],[-6.546945601410255,37.42882254730103],[-6.542598426596791,37.42982687975009],[-6.537278111597719,37.43104040034876],[-6.531991452593308,37.43225267709686],[-6.5269167362918274,37.433413341307975],[-6.521897836564264,37.434563116253415],[-6.517374429245047,37.43560440096229],[-6.512375370925028,37.436358937044794],[-6.507316316865112,37.437139909957715],[-6.502256297163448,37.43790258752824],[-6.497163041778733,37.43868423362676],[-6.491867617948215,37.43948947913809],[-6.486459535327882,37.4403069162356],[-6.481309478025299,37.44108946989063],[-6.475565224319796,37.441970379589726],[-6.471682623423821,37.442553023822],[-6.4656230148979015,37.44347615251433],[-6.460540428342213,37.44424942734075],[-6.456186917952544,37.44491744461989],[-6.451574709273289,37.44561088517271],[-6.447243175463647,37.446269012158474],[-6.443371345556068,37.44685041760624],[-6.438938375357426,37.44752012001635],[-6.4332041471538135,37.44839868920782],[-6.428389538126073,37.44912414473411],[-6.423159600304093,37.44991550550207],[-6.417828259757749,37.45071858264049],[-6.4136643997768,37.45135261212799],[-6.410683053119806,37.45180628888286],[-6.407429799885395,37.45270614522063],[-6.403009782574343,37.45392371691001],[-6.3974509899664325,37.455453203769515],[-6.3923165004203115,37.45687113359101],[-6.3879958021101295,37.45804925855718],[-6.384546458946745,37.45900412456112],[-6.380025376086003,37.46025068365275],[-6.376262812361537,37.46127734654489],[-6.372198655120677,37.46239350423509],[-6.367755235757074,37.46361954073572],[-6.3626724772244305,37.46501445097017],[-6.3586244310512825,37.46624978739526],[-6.354119227639477,37.46762114064216],[-6.349959399312269,37.46888341657309],[-6.344271599048622,37.470612306958735],[-6.339341797927056,37.47211226157853],[-6.333890887048453,37.473772419974644],[-6.333891822278665,37.47377311433758],[-6.332971277888517,37.47601802595806],[-6.332982027454857,37.476020785460214],[-6.331432995240172,37.4798304911714],[-6.329720339356529,37.4840322107374],[-6.328273024686563,37.4875957453071],[-6.326916549434943,37.490913530825615],[-6.3256224187276935,37.49411241757994],[-6.323970140403099,37.498159193084554],[-6.322878917349638,37.50083878333914],[-6.321756942960143,37.50358139627133],[-6.321589809062865,37.506822479136815],[-6.321365182504062,37.51068486731253],[-6.321190997117181,37.51389722637226],[-6.321019209351178,37.516911301708696],[-6.3208026664463715,37.52095383255757],[-6.3206661877234955,37.523489219043434],[-6.3204576151028915,37.526895798477554],[-6.317273231881496,37.53079234201102],[-6.317270448311261,37.530790798818614],[-6.314438152265583,37.534214540485394],[-6.312535230291799,37.53652789607249],[-6.3085717008434905,37.54134490303783],[-6.308566564601994,37.54134135325268],[-6.304532816118449,37.54422716713679],[-6.3021453723603145,37.545945870561056],[-6.296964611747361,37.54862162832847],[-6.294718781852969,37.54978357070103],[-6.290711940472525,37.5518349552692],[-6.287861110231264,37.554310780732564],[-6.284079556449687,37.55756891809098],[-6.278626350587151,37.560684758262624],[-6.275064448560992,37.56270577703221],[-6.271488431638233,37.56405711652754],[-6.2678009306568185,37.56542711647161],[-6.2611185976383075,37.56791850405444],[-6.256463487459331,37.56964439608918],[-6.251885368660591,37.57138095906741],[-6.245636724980979,37.57371527754671],[-6.239432286654419,37.57603913737099],[-6.23503351260364,37.577684987082925],[-6.229890138862605,37.57959650241776],[-6.22381684350402,37.581175892263374],[-6.217815164880279,37.58271824133901],[-6.212733002735988,37.58403963389166],[-6.208600294767004,37.58510459640307],[-6.200190439910063,37.58727017574049],[-6.195970056482134,37.58836924417504],[-6.192106579532661,37.58936588031672],[-6.186686092493613,37.5907647890939],[-6.183931275253731,37.59147891460518],[-6.179014654025202,37.59274673786078],[-6.175139374686596,37.593743052558224],[-6.172199164273597,37.59449379427199],[-6.16677925421814,37.59520900581153],[-6.162747336759813,37.59572258558722],[-6.158107886172895,37.59633339122631],[-6.153659227956725,37.59690296220096],[-6.149210865969458,37.59748127875762],[-6.145978234021426,37.597891936147164],[-6.140392477995749,37.59862640405889],[-6.136841658928918,37.59907501843813],[-6.13684237437912,37.59907590127397],[-6.1345224592425875,37.60148786729566],[-6.134531524675321,37.60149339274746],[-6.131514834188083,37.60462777864054],[-6.128397936097482,37.60787124891879],[-6.125600260734332,37.61077631855199],[-6.122832885494878,37.61366079061452],[-6.119761402220917,37.61685941137172],[-6.117481678076038,37.619226203754685],[-6.113801047988919,37.62304463545765],[-6.111749570550567,37.62518914166718],[-6.10839418513469,37.62866527319198],[-6.105823983571795,37.63133720135219],[-6.105303072902185,37.631404057898514],[-6.100353672479943,37.63149590948946],[-6.096679980061193,37.63241607700339],[-6.095342619858983,37.63307931453243],[-6.093791778215589,37.63356538930943],[-6.093652424089206,37.63492921142856],[-6.0946427125539975,37.635859790751624],[-6.095017566689396,37.636196941183364]]},"properties":{"id_dera":11010400001723,"ident":818,"nombre":"GUILLENA - PUEBLA DE GUZMAN 2","tension_kV":400}},{"type":"Feature","geometry":{"bbox":[-6.035678823057082,37.07216795360289,-5.882854443292671,37.12490588292698],"type":"MultiLineString","coordinates":[[[-6.035678823057082,37.07216795360289],[-6.034953563147045,37.07225950973351],[-6.033735719880649,37.07242899567331],[-6.031790839760659,37.072902705784344],[-6.029829678826665,37.073380494906885],[-6.027919933974722,37.07384540498711],[-6.026186148568525,37.07426767755937],[-6.024273916198367,37.07473340412252],[-6.022264985120979,37.07522274084808],[-6.020405258970341,37.07567526307307],[-6.018426230526862,37.07615710571733],[-6.01641387761569,37.076646961852184],[-6.014524596039468,37.07710725120621],[-6.012600508330611,37.07757524341541],[-6.010711818673462,37.07803464689586],[-6.008769593948977,37.07850024499237],[-6.006829351609623,37.07897963814963],[-6.004849019970787,37.079461187356664],[-6.0029321896569,37.0799281201903],[-6.000987564061773,37.08040095225253],[-5.998868025984045,37.08091647288361],[-5.99715429771254,37.08133366319638],[-5.99515388803742,37.08181979544895],[-5.993217639759235,37.082290848585075],[-5.991311327434139,37.0827544472986],[-5.989373243904558,37.083225845302835],[-5.987525250934386,37.08367502813115],[-5.985622321663345,37.08413782070536],[-5.983639816501442,37.084619796434104],[-5.981674565935518,37.08509788145045],[-5.979769975720518,37.085560352901176],[-5.977799408931929,37.086038958765215],[-5.975866831896538,37.086508919594046],[-5.973911155992129,37.08698420453739],[-5.971964249534635,37.08745716536322],[-5.970061778397275,37.08791943000374],[-5.968095113611321,37.088397508839904],[-5.966158940571947,37.0888678542868],[-5.964197834232026,37.08933978312895],[-5.962267683059685,37.08981297908388],[-5.960336326820187,37.09028202873681],[-5.95837274585704,37.090758969990354],[-5.9567695561926834,37.09147676612226],[-5.954995159320721,37.092293603608695],[-5.953430231486707,37.093004815123095],[-5.951684544597255,37.093798091192376],[-5.949915014814233,37.09460112654266],[-5.9481422781306135,37.0954065586431],[-5.946381869667776,37.09620598150608],[-5.944636030937403,37.096999159775784],[-5.942831201383379,37.09781828706051],[-5.94105699593097,37.098624553027406],[-5.938841619857399,37.09963060036354],[-5.937411788571119,37.100279504290654],[-5.935646741848395,37.10108122891426],[-5.933773400712992,37.101931654007146],[-5.932018876985875,37.10272819941022],[-5.930267982653473,37.10352354836551],[-5.928486616847925,37.10433196981963],[-5.92665459714462,37.10516405301366],[-5.924879440895977,37.10596920436506],[-5.923129495576233,37.106763886037264],[-5.921355393116063,37.107569139965555],[-5.919551235102404,37.108389615867786],[-5.9178307840042566,37.10917006814885],[-5.916058180006714,37.109961600887836],[-5.9143022185613034,37.110765584160966],[-5.912526109525208,37.111573281037465],[-5.91080551362962,37.112353727130746],[-5.909025277494055,37.113161384034946],[-5.9072887802418,37.11394865847254],[-5.905488130875773,37.114768930031246],[-5.903746045423408,37.11555926552092],[-5.90197692953988,37.11636168174424],[-5.900302100284686,37.117120674683484],[-5.899578744728483,37.117449343424944],[-5.898941436185312,37.11773895807758],[-5.896691698355064,37.118758773143426],[-5.894939231641745,37.119553200425],[-5.8930819866869735,37.12039548549056],[-5.89217670295633,37.12080640601223],[-5.890059959391069,37.12176554216599],[-5.8883687670734215,37.122532608555865],[-5.886581201774499,37.12334380981417],[-5.8848186535312195,37.12414212069806],[-5.883155876596532,37.124896444782316],[-5.883150981166949,37.12489866555312]],[[-5.883131709144154,37.11795875173606],[-5.8826197214796,37.11872110758781],[-5.882885414261225,37.12182158255026],[-5.883150593246044,37.12489417095591],[-5.883150981166949,37.12489866555312]]]},"properties":{"id_dera":11010400001064,"ident":687,"nombre":"MARISMAS_PALACIOS","tension_kV":66}},{"type":"Feature","geometry":{"bbox":[-6.008132796606588,37.33090092017289,-5.990479968422658,37.36631059259424],"type":"MultiLineString","coordinates":[[[-6.005900050133266,37.338426927728605],[-6.006757285633536,37.339041897488165],[-6.008568482881882,37.34181536450847],[-6.007830661719166,37.34396023644094],[-6.007090727508848,37.34611533927909],[-6.0063970570458975,37.34813024925401],[-6.006395561483901,37.348134593303286]],[[-6.006395561483901,37.348134593303286],[-6.004929094902123,37.34898903076651],[-6.003151254812076,37.35002625265817],[-6.0031493345563,37.350065459402316],[-6.003046637295386,37.352162216838],[-6.003024534099424,37.352613479762574],[-6.002913447831005,37.35488494433596],[-6.00279009132062,37.35738675578469],[-6.0026985056763005,37.35926235589413],[-6.002698285851535,37.35926685761505]],[[-6.005900050133266,37.338426927728605],[-6.003843208130121,37.3371537237229],[-6.00383083209514,37.337146062605704],[-6.002468557941512,37.335550766509975],[-6.000889562969395,37.33370280504436],[-5.999375697031162,37.33189731982069],[-5.999247904965902,37.33174489680472],[-5.996722091045704,37.33119206977682],[-5.9967166499466735,37.3311908788121]],[[-6.002698285851535,37.35926685761505],[-6.002069119332981,37.36184026183163],[-6.001692982182652,37.36262218567379],[-6.000204147069772,37.364288670350305],[-6.00017347598178,37.36432300017446],[-6.000030556046598,37.36598957278886],[-6.000030170594193,37.36599406740386]],[[-5.9997508965834525,37.366075616719165],[-6.000024869823195,37.36599561526156],[-6.000030170594193,37.36599406740386]],[[-5.9967166499466735,37.3311908788121],[-5.995277454741877,37.331412698431365],[-5.995271915153621,37.33141355219827]],[[-5.995271915153621,37.33141355219827],[-5.995266513054857,37.33141485149665],[-5.993666822112609,37.3317995921232],[-5.993656818105769,37.3318019981002]],[[-5.993656818105769,37.3318019981002],[-5.993651587644599,37.331803686891796],[-5.99117368352725,37.33260370879578],[-5.991199063140799,37.33265383167573],[-5.989891517929076,37.33302193079265],[-5.989873763300553,37.33302692893805]],[[-5.991070006601755,37.33705346989274],[-5.990860836126745,37.33705954514534],[-5.990872156822069,37.3373819983942]],[[-5.990939167641248,37.33742471266422],[-5.990934758137025,37.33742190194375],[-5.990872156822069,37.3373819983942]],[[-5.990872156822069,37.3373819983942],[-5.990872938332047,37.33740425834712],[-5.990933905081282,37.337423087372436],[-5.990939167641248,37.33742471266422]],[[-5.990872156822069,37.3373819983942],[-5.989720308183703,37.3366477690649],[-5.989711907243167,37.33664241391279],[-5.989252654571316,37.335340273262965],[-5.989250396362026,37.335333870340264],[-5.9898697631105104,37.33304173320744],[-5.989873763300553,37.33302692893805]]]},"properties":{"id_dera":11010400001266,"ident":660,"nombre":"GUADAIRA_TABLADA","tension_kV":66}},{"type":"Feature","geometry":{"bbox":[-6.0363521674699765,37.36522111078398,-6.002122136853429,37.42710222302381],"type":"MultiLineString","coordinates":[[[-6.03812981579584,37.42475719936042],[-6.038369863447444,37.42484753539801],[-6.038534691548397,37.42613495561242],[-6.038539293702952,37.42617090094876],[-6.038807623807804,37.42614858099604],[-6.03881324223799,37.42614811364302]],[[-6.03013837542785,37.406687230721396],[-6.028975721003051,37.40875292905512],[-6.0282606911662935,37.4100228841624],[-6.027577258375763,37.41123652168482],[-6.0275750255073115,37.41124359744234],[-6.026936311888038,37.41326756633031],[-6.026164544747363,37.415692105968056],[-6.026168652613291,37.415709632184274],[-6.02618313767293,37.41577143264664],[-6.026185957397893,37.41578346298243],[-6.026498378953096,37.41711223335518],[-6.0265038122956565,37.4171353416584],[-6.0264657932789865,37.417288139751875],[-6.0261811637898415,37.41843154394521],[-6.026188537442797,37.418441822964915],[-6.026199950740538,37.41845773332384],[-6.027397074249424,37.42012650312815],[-6.027524778826109,37.420304469901545],[-6.027581635310361,37.42038370406303],[-6.029359022704796,37.422861755852715],[-6.0305445200195935,37.42451321890388],[-6.030866171382113,37.42507360891568],[-6.030914659022863,37.42515814322947],[-6.030963146778284,37.425242677518156],[-6.0310331381133935,37.4253645574972],[-6.0311244573589375,37.425356384874085],[-6.033442851905922,37.42515658832147],[-6.0364486372104365,37.42489772355309],[-6.038124197755951,37.42475766899444],[-6.03812981579584,37.42475719936042]],[[-6.03013837542785,37.406687230721396],[-6.03013697010895,37.40668286639516],[-6.0301247476847415,37.406644908692236],[-6.029705364799231,37.405342457979025],[-6.028595947199846,37.40376246267762],[-6.027485880306458,37.40217634560489],[-6.0262814096451685,37.40046306609976],[-6.026276373679457,37.40045296255553],[-6.025293168446942,37.39848032382879],[-6.0252002001950995,37.39829373251349],[-6.025195867984245,37.39828503755388]],[[-6.024760207565838,37.3853093740268],[-6.023238243398206,37.38299706973049],[-6.0221260730190505,37.38130814390056],[-6.022123446925807,37.38130415585106]],[[-6.024217175964276,37.39337177937915],[-6.024211867386454,37.39334512581493],[-6.023869424061894,37.39162572926686],[-6.0236275226837686,37.39041137432504],[-6.023125403970137,37.3878892866731],[-6.023120201723543,37.387863155455385],[-6.024760207565838,37.3853093740268]],[[-6.025195867984245,37.39828503755388],[-6.025194219588876,37.39827681968288],[-6.024758271060458,37.39610338821361],[-6.024666164171492,37.39564387466503],[-6.024218055329036,37.39337622952216],[-6.024217175964276,37.39337177937915]],[[-6.022123446925807,37.38130415585106],[-6.019820527078785,37.378645140625466],[-6.017687334222053,37.376625106214085],[-6.0176836963949505,37.376621661235376]],[[-6.0176836963949505,37.376621661235376],[-6.01768025085598,37.37661809257429],[-6.015860359468995,37.37473310814094],[-6.015857519144089,37.37473016612872]],[[-6.015857519144089,37.37473016612872],[-6.0158546329337215,37.37472646593011],[-6.015100040200648,37.37375904301578],[-6.014297058678529,37.372965885654516],[-6.013242267134566,37.37192288669109],[-6.011535281263588,37.3706593423272],[-6.009233748866803,37.370111196816325],[-6.006863492397041,37.36967044595853],[-6.004913016351058,37.36930788159966],[-6.0049075188419945,37.36930685964467]],[[-6.0049075188419945,37.36930685964467],[-6.004902051317753,37.36930573971606],[-6.004698864436766,37.36926412016642],[-6.004744805478732,37.36912072326886],[-6.004334840300721,37.368636797107136],[-6.004210162010707,37.36850127777698],[-6.004172738979676,37.368446400433925],[-6.004151223344977,37.3684008770682],[-6.004046747193422,37.36816950509632],[-6.004108257300795,37.36774246184135],[-6.004174483607543,37.367298944807075],[-6.004078910359773,37.36719906058527],[-6.003898936710697,37.367090346406755],[-6.003383507970153,37.36710661489547],[-6.002611370845018,37.367132195249006],[-6.001754336723732,37.36715095205893],[-6.000890387258733,37.367177501000945],[-6.0007779138186415,37.36717952727085],[-6.000492470960295,37.367173176279344],[-6.000190720644743,37.36714627126954],[-5.9997271553406195,37.36708888092186],[-5.999732404361543,37.36705626520172],[-5.999768113186287,37.366794895181926],[-5.999818274448167,37.366277866494684],[-5.999827964389765,37.36616371101124],[-5.999740218507762,37.366156170429925]]]},"properties":{"id_dera":11010400001666,"ident":704,"nombre":"SANTIPON_TABLADA","tension_kV":66}},{"type":"Feature","geometry":{"bbox":[-6.543874763246157,37.272673987926915,-6.383016060585827,37.34218411011373],"type":"MultiLineString","coordinates":[[[-6.382973832039889,37.34124380253665],[-6.383356267143469,37.34089048388018],[-6.386261590927354,37.3394265252271],[-6.40898041159615,37.337928662068514],[-6.4198195177467,37.3348360050951],[-6.422483314232707,37.33512828268838],[-6.423472250447067,37.335203248148],[-6.442345125540877,37.32329164313205],[-6.487484959124768,37.306879582789925],[-6.49893855856835,37.306637938963654],[-6.519062595407468,37.30001320408011],[-6.532664680797144,37.29622895045144],[-6.534752417350775,37.2905469318536],[-6.537865187239227,37.28331162165998],[-6.537798599051247,37.280214382865765],[-6.536937999350713,37.27786390367376],[-6.5417288050479785,37.27352436007162],[-6.543714305624552,37.272775648229825],[-6.543874763246157,37.272673987926915]],[[-6.384239739678833,37.342149071367466],[-6.384239857563853,37.342108524233645],[-6.384179825652133,37.34206752197842]],[[-6.3841790622370995,37.34214855666932],[-6.384179825652133,37.34206752197842]],[[-6.384179825652133,37.34206752197842],[-6.384179826355959,37.34206744726913],[-6.382973832039889,37.34124380253665]],[[-6.384179825652133,37.34206752197842],[-6.382973832039889,37.34124380253665]]]},"properties":{"id_dera":11010400001640,"ident":807,"nombre":"044.ATV.SG000683954","tension_kV":66}},{"type":"Feature","geometry":{"bbox":[-5.968367297837847,37.35043639253968,-5.952326111389298,37.35687847242682],"type":"LineString","coordinates":[[-5.952089582056173,37.35084408462078],[-5.952093548467784,37.35084728928189],[-5.952564127624899,37.35122749068828],[-5.954714382897984,37.352899063256906],[-5.954722058803491,37.35290445788911],[-5.956812764891505,37.354373760392704],[-5.956827428623283,37.35438406273491],[-5.959144700889271,37.3560120574137],[-5.95915638457833,37.356020265470995],[-5.962759557384814,37.35661113846303],[-5.962792566779885,37.35661655102187],[-5.965048503849023,37.35579779641914],[-5.966988349409824,37.35509397691536],[-5.968226707104975,37.35523156775724],[-5.968583466419678,37.35592119176157],[-5.968430915016497,37.35595373469271],[-5.968389962211761,37.35596247088563]]},"properties":{"id_dera":11010400000869,"ident":650,"nombre":"PALMERA_QUINTOS_1","tension_kV":66}},{"type":"Feature","geometry":{"bbox":[-5.9044208015156805,37.241526814108695,-5.844914911846121,37.29931070651744],"type":"MultiLineString","coordinates":[[[-5.846083890771491,37.246718203488236],[-5.8462475011429085,37.246867861821414],[-5.847849523137323,37.24833322648693],[-5.849809950387434,37.2501320423216],[-5.8518727425962345,37.252012338474756],[-5.8537125554156555,37.25369251758472],[-5.855591559939213,37.25541425225239],[-5.857526679522659,37.25718370990606],[-5.858253901853131,37.257848550662594],[-5.859290925101915,37.25879650624534],[-5.8607377493563435,37.26011940545409],[-5.862805190210763,37.262009472715654],[-5.864332693006851,37.2634052541834],[-5.866209390520604,37.265121457212665],[-5.868029618210011,37.26631564296249],[-5.86991742650717,37.26755402608404],[-5.871801025766933,37.26878977642449],[-5.873628693412462,37.26998810649312],[-5.875866789642493,37.27146072767811],[-5.878119856658293,37.27293627431944],[-5.88035245735505,37.274396144552256],[-5.881524263329946,37.275165891251994],[-5.881529662337692,37.27516995713532],[-5.882306078457444,37.27575465325403],[-5.884415240804552,37.27713379683306],[-5.886730833694939,37.27865722878022],[-5.886739065479847,37.278662644293114],[-5.888168146859093,37.280121707916024],[-5.889568766072467,37.281555118163666],[-5.891133939839398,37.28316191186945],[-5.892686025275041,37.28475083714269],[-5.894472774870832,37.28658801314671],[-5.896070093786717,37.28822108931559],[-5.8977493893835025,37.28994280027548],[-5.899453306165821,37.291689517281895],[-5.901543509901187,37.29382810844073],[-5.903407889822832,37.29573912998533],[-5.9055372256142835,37.296592824019754],[-5.905558097081563,37.29660119153086],[-5.90655763490206,37.29765751025853],[-5.906580391429707,37.29768155907665],[-5.906570296787046,37.29780688486558],[-5.906569934641443,37.2978113809243]],[[-5.846083890771491,37.246718203488236],[-5.84507876292007,37.24579710863784],[-5.8456384317009125,37.24461114869513],[-5.845930731646849,37.243991646160346],[-5.845843829704898,37.24396058653382],[-5.843195194883432,37.243013895111964],[-5.843154213006492,37.24308925880666],[-5.842862247899298,37.24362616378333],[-5.842821577799294,37.243700952806826]],[[-5.84343278155853,37.24391084790656],[-5.843427605634283,37.243909066285546],[-5.8429153884485325,37.24373275287887],[-5.842821577799294,37.243700952806826]]]},"properties":{"id_dera":11010400001621,"ident":607,"nombre":"DOSHMNAS_DRODRIGO_1","tension_kV":66}},{"type":"Feature","geometry":{"bbox":[-6.0953602567536596,37.54241378043043,-5.76156651750389,37.645648830789206],"type":"LineString","coordinates":[[-5.758756636703155,37.55649856379578],[-5.758559823062094,37.55568462218831],[-5.7581974228698005,37.55451294109656],[-5.75877138596112,37.552405484074185],[-5.7627616455304125,37.55101725136623],[-5.763843591767609,37.5506459163681],[-5.764461237706609,37.55175168734092],[-5.765794194986412,37.554218320752966],[-5.766325415470624,37.555171086339456],[-5.7712792232882,37.556341957638004],[-5.776566524252577,37.5576085546164],[-5.781756210625042,37.55886315699994],[-5.78624381810134,37.55991694949493],[-5.79002146925368,37.5608336368486],[-5.793961074167738,37.56177141585358],[-5.79884599271415,37.5629249733432],[-5.804159953138295,37.564199053327485],[-5.809149750874835,37.565391133939364],[-5.8135014538464,37.566420077391385],[-5.8170516267382375,37.56727003568009],[-5.820083389788375,37.567996398335744],[-5.824317730469855,37.569015308197876],[-5.82663510316379,37.569577576519166],[-5.830619889106001,37.57053681687945],[-5.834337846646117,37.57141880502127],[-5.838729301071386,37.57247495237218],[-5.844153203985049,37.5738038470609],[-5.848344098728156,37.57478292139031],[-5.852085561644523,37.57570350947323],[-5.856514077203815,37.576827830793505],[-5.860939354559447,37.57793214883955],[-5.8651819637145906,37.57898766280197],[-5.868998732737501,37.57999526183395],[-5.872963961752254,37.580927395025036],[-5.8768292072886705,37.58188327649433],[-5.8815658343360555,37.58306598410985],[-5.886313485999305,37.58425769069522],[-5.891231536192989,37.58544538666856],[-5.895326083853265,37.58645702320757],[-5.900490688395937,37.587758383665644],[-5.905025848278687,37.588886699854285],[-5.910939248375409,37.590350530903],[-5.915237479181959,37.59140608496512],[-5.918650324421973,37.59227065770547],[-5.923362097054131,37.59345659979939],[-5.92849345470564,37.594708880141106],[-5.9341256047093225,37.596122107398735],[-5.939064182156303,37.59736727430403],[-5.943571979578525,37.59848215099855],[-5.949255570884599,37.599893448370345],[-5.952156430441486,37.60058719769516],[-5.955349479209177,37.60140564442864],[-5.960411631549543,37.60264536278339],[-5.964655487995127,37.60369450360138],[-5.969697813654513,37.60495206580761],[-5.974182815284102,37.60606362425226],[-5.978140287076655,37.60703912146214],[-5.983206699113632,37.60829035214116],[-5.987809278175508,37.609432017028446],[-5.992355750132271,37.61055509957144],[-5.997607653085634,37.61185586564293],[-6.001765803046168,37.61291150425736],[-6.005654305937657,37.61381069086945],[-6.010316198070995,37.6149488685961],[-6.015178340812194,37.61611417461061],[-6.019610883757061,37.61718449995612],[-6.0235925117862275,37.61817972259743],[-6.026618574399685,37.61890209624041],[-6.030068845055423,37.61973440626223],[-6.033543175705204,37.62056040801569],[-6.038400631999597,37.62172116669179],[-6.044363137994734,37.62317539482711],[-6.048725644168772,37.624183434455055],[-6.057304350840974,37.62624507434317],[-6.061602414550028,37.62726448176138],[-6.065339213497646,37.62816713883968],[-6.071013300523394,37.62953388085474],[-6.073826322176251,37.630197410809984],[-6.077593101821861,37.631108621519],[-6.081873888737505,37.632132685089395],[-6.085874198371697,37.63311662978514],[-6.089438513174827,37.6339578817373],[-6.093257791935101,37.63428903054284],[-6.097336953113841,37.63471522243765],[-6.09853125761565,37.63581714859154],[-6.098555595286375,37.63593909705838],[-6.098598544517993,37.63604523272122],[-6.098696952520097,37.63614153470264],[-6.09911903101652,37.63651424001026],[-6.099121576543954,37.63657546719288],[-6.099274527047806,37.63677831320139],[-6.099258143015783,37.63684769987694],[-6.098706554938419,37.637252952075336],[-6.0986301990859735,37.63727028293688],[-6.098609042163414,37.6372248685408]]},"properties":{"id_dera":11010400001083,"ident":635,"nombre":"CARMONA - GUILLENA 2","tension_kV":220}},{"type":"Feature","geometry":{"bbox":[-6.094134479534685,37.343619516068294,-6.077529351460111,37.350721912273606],"type":"MultiLineString","coordinates":[[[-6.094152850261278,37.34406681796783],[-6.094103174140438,37.34362033562132],[-6.094000705590051,37.34362873462873],[-6.093821474886288,37.34364342535844],[-6.092075923731455,37.34378648584769],[-6.09205332910742,37.34379974933263],[-6.089563492409725,37.345261276998315],[-6.086691976645308,37.34695728931649],[-6.084551752012516,37.34820774780567],[-6.082375250221155,37.349492984318466],[-6.080219901524854,37.35020786532575],[-6.078611453974341,37.350562518234426],[-6.078606014373298,37.35056371759075]],[[-6.078606014373298,37.35056371759075],[-6.077834260510109,37.3506070109615],[-6.077800711891197,37.350619653411],[-6.077534454748626,37.35071998917002],[-6.077529351460111,37.350721912273606]]]},"properties":{"id_dera":11010400001187,"ident":723,"nombre":"ALJARAFE_BORMUJOS","tension_kV":66}},{"type":"Feature","geometry":{"bbox":[-6.0774610200652415,37.350740198434636,-6.045509162661126,37.36584006248893],"type":"LineString","coordinates":[[-6.04596534981206,37.364265665171466],[-6.04596155007554,37.36426899654307],[-6.045463278567534,37.364705846253145],[-6.046091002315411,37.36506408492062],[-6.046484834640872,37.365334299433236],[-6.047043997892886,37.365800495789934],[-6.047449065801779,37.36565816780716],[-6.047699088531474,37.36555651769657],[-6.04855336587449,37.365126191732585],[-6.049248912158252,37.36472817535356],[-6.049510233621086,37.364596234598494],[-6.04972361812463,37.36447032372658],[-6.04994146770482,37.36433621499322],[-6.050228652878611,37.36411738546468],[-6.050380057335388,37.36398415277024],[-6.0505138799477445,37.3638789542796],[-6.050674672983021,37.363777159192026],[-6.05097897740864,37.363617948820135],[-6.05138571882426,37.36342739517463],[-6.051869251060162,37.363212250417384],[-6.051935992917566,37.36315160852453],[-6.051958305530264,37.36308740147206],[-6.052011522223621,37.363005826409285],[-6.052193082892527,37.36297287249225],[-6.052286876212711,37.362979775990055],[-6.052420734627209,37.3630193342785],[-6.052595691515595,37.362953509448914],[-6.052863131502854,37.362798192799055],[-6.053237771687447,37.36254777754458],[-6.054249844377362,37.36169823831536],[-6.054338063313278,37.36162420039407],[-6.054822631263336,37.36124995785925],[-6.05504736732749,37.36107595344975],[-6.055376316267536,37.36087833271615],[-6.055683528464663,37.36070312307734],[-6.056461985865042,37.36026058205657],[-6.056747956444305,37.36012200532731],[-6.056965744545565,37.360056273803835],[-6.058144096214739,37.35988765367406],[-6.058888050074814,37.35976468443863],[-6.059519333117576,37.3596505289212],[-6.059744289386573,37.35959741041535],[-6.060095145996515,37.35949831402821],[-6.060682447329066,37.359350817597466],[-6.061464189600388,37.35909243789177],[-6.061992978853903,37.3589274118032],[-6.0626279994898935,37.358756936676414],[-6.063302177675264,37.35856238593],[-6.063957251969198,37.358358361212474],[-6.064121684872987,37.35827159111729],[-6.064307051146139,37.35814889461265],[-6.064905977171298,37.357707123856265],[-6.065581290712356,37.35722512919524],[-6.065898561932026,37.35703150380732],[-6.0664321124853195,37.3566429151632],[-6.066683296869573,37.35652764387228],[-6.066931692978396,37.35635386843381],[-6.06770066496395,37.35574262968681],[-6.068703820037009,37.355104420383505],[-6.069573877868222,37.354434221854696],[-6.06991151197644,37.35413254622035],[-6.069953538512692,37.35409498097592],[-6.070459875234319,37.35363009742513],[-6.071006943811253,37.3531749928719],[-6.07128451575494,37.35297179771439],[-6.071420274974738,37.352910324816136],[-6.072055336460584,37.35271024502742],[-6.0736925357244695,37.35223302471417],[-6.074797229417895,37.35191570732873],[-6.075073931010759,37.35182155873752],[-6.076105172136114,37.351429625073],[-6.076569948787734,37.351225382540264],[-6.07691241613107,37.35107464503211],[-6.077467876887353,37.35090801670542],[-6.077447226389246,37.35077328725098],[-6.077442229747338,37.35074068772973]]},"properties":{"id_dera":11010400001148,"ident":716,"nombre":"BORMUJOS_ZAUDIN","tension_kV":66}},{"type":"Feature","geometry":{"bbox":[-6.048929678183584,37.31288944287117,-5.989071422669053,37.33764415653519],"type":"MultiLineString","coordinates":[[[-6.048929678183584,37.31288944287117],[-6.048924114660381,37.31289018430786],[-6.048301776363459,37.31297312002467],[-6.047666072294404,37.312975919575756]],[[-6.047666072294404,37.312975919575756],[-6.047678024365859,37.31305623637624],[-6.044302108371261,37.313308634594634],[-6.040645190500032,37.31358149851144],[-6.0380712297211865,37.31377112287317],[-6.038061931640846,37.313690628607866]],[[-6.038061931640846,37.313690628607866],[-6.034327900689914,37.3155254483965],[-6.032564243999416,37.315995302246904],[-6.030799117323272,37.31648810827055],[-6.029140429872345,37.316909484028216],[-6.028984014948111,37.316949226463464]],[[-6.015997399357309,37.32124223081209],[-6.018389972128537,37.31963799105772],[-6.021215816371244,37.31892589622696],[-6.02427241447754,37.31814863401188],[-6.028984014948111,37.316949226463464]],[[-6.006685451242738,37.32586692201479],[-6.006688769516464,37.32587056513348],[-6.006745073177378,37.325932380616145],[-6.006907913755133,37.325846127503155],[-6.0099338577570975,37.32424324795349],[-6.0128202724891215,37.32264535245923],[-6.016053744159514,37.32131056149247],[-6.015997399357309,37.32124223081209]],[[-5.999683025283469,37.33001486149691],[-6.001412219976786,37.32905131895486],[-6.003918931540649,37.327571219154656],[-6.006680984518433,37.32586967382657],[-6.006685451242738,37.32586692201479]],[[-6.002172312449612,37.33557559806139],[-6.002090515483764,37.33561642161654],[-6.002087114284997,37.33561811909816],[-6.002000923295214,37.33566121491911],[-6.001889946137725,37.335716653551444],[-6.001693905963764,37.33581451419927],[-6.001689121803127,37.33581690238136]],[[-5.999035731575421,37.33196282632595],[-5.999038907349409,37.331966549968065],[-6.000504961168767,37.33368547133442],[-6.002172312449612,37.33557559806139]],[[-5.999683025283469,37.33001486149691],[-5.999233970695938,37.33139076080844]],[[-5.999683025283469,37.33001486149691],[-5.998078200353701,37.33056415055603]],[[-5.999233970695938,37.33139076080844],[-5.999037236225189,37.331958484339935],[-5.999035731575421,37.33196282632595]],[[-5.998078200353701,37.33056415055603],[-5.996639684994219,37.330872525450566]],[[-5.996639684994219,37.330872525450566],[-5.9951949559810735,37.33109519766031]],[[-5.99351365508794,37.3316253412448],[-5.993518902648118,37.331623686645905],[-5.9951949559810735,37.33109519766031]],[[-5.99351365508794,37.3316253412448],[-5.9935082971815685,37.331626752439604],[-5.991077716770784,37.3322669016862],[-5.991098924090586,37.33231823842487],[-5.989992336757988,37.33265611233372],[-5.989976788026802,37.33266085972714]],[[-5.990980630045796,37.33755056843317],[-5.99082855710743,37.33743475509297],[-5.99081694532678,37.33714195673405],[-5.991066559725797,37.337135642335625],[-5.9910721992143365,37.33713549966963]],[[-5.990980630045796,37.33755056843317],[-5.990920782546355,37.337597376545126]],[[-5.990920782546355,37.337597376545126],[-5.990916262527223,37.337594679370746],[-5.990890203288473,37.337579129360414],[-5.990844160714427,37.337551654909376],[-5.989561297344652,37.336786131479855]],[[-5.989561297344652,37.336786131479855],[-5.989549033831809,37.33677881332815],[-5.989540402699502,37.336773662768415],[-5.988983914970599,37.33536802438341],[-5.988980839425945,37.33536025567841],[-5.989839624024264,37.33303263786855],[-5.9899720377468535,37.33267373525585],[-5.989976788026802,37.33266085972714]]]},"properties":{"id_dera":11010400001665,"ident":703,"nombre":"GUADAIRA_PALOMARE_TORRECUE","tension_kV":66}},{"type":"Feature","geometry":{"bbox":[-6.094567739153435,37.54256199004119,-5.761657638596675,37.64459089679416],"type":"LineString","coordinates":[[-5.758904134422837,37.55646911704305],[-5.758683505729677,37.5556623574881],[-5.758327534540864,37.55451161163468],[-5.758891182913655,37.552483600695176],[-5.762812142855132,37.55110969201397],[-5.763786410934656,37.550774683357325],[-5.764344102963744,37.55176320657574],[-5.765591113437513,37.55409146040569],[-5.766247253561071,37.55524311681643],[-5.771248495981369,37.55642296637193],[-5.776535692759828,37.55768965704736],[-5.781725724593697,37.558944252549686],[-5.786213335208994,37.559998046048946],[-5.78999076439041,37.56091473955838],[-5.793930712061868,37.56185251140172],[-5.798815526052583,37.56300616250317],[-5.804129262707361,37.564280159117466],[-5.809119409110375,37.56547232259912],[-5.813471002171939,37.56650126971165],[-5.817020949470808,37.567351144274845],[-5.820052717063546,37.568077507554996],[-5.82428682649577,37.56909624289706],[-5.826604206392701,37.56965860157342],[-5.830589335204262,37.57061783583236],[-5.834307299948647,37.57149991465871],[-5.838698185964251,37.57255589681707],[-5.844122550958542,37.5738848716607],[-5.848313337015925,37.57486394847289],[-5.852053662728104,37.575784295066825],[-5.856482066390898,37.57690853025087],[-5.860907577512579,37.57801293371039],[-5.86514938865335,37.579068198232854],[-5.868966849439833,37.58007605131211],[-5.872933112146291,37.581008430214865],[-5.876797446312785,37.58196406496291],[-5.881533961792835,37.58314668768384],[-5.88628207694129,37.58433856404791],[-5.8912002485063235,37.58552634707362],[-5.895294227215607,37.586537818664716],[-5.900458721995774,37.58783909316021],[-5.904994115885753,37.588967495846],[-5.910907752765357,37.59043141134083],[-5.91520564414601,37.591486884898856],[-5.918618150485905,37.59235137692191],[-5.923330499646167,37.59353748584698],[-5.928461859032728,37.594789678617985],[-5.934093557914467,37.59620282738794],[-5.93903225330088,37.5974479926048],[-5.943540399134759,37.59856295170108],[-5.949224340110221,37.59997433285875],[-5.952124749309914,37.60066809301646],[-5.9553174588845454,37.60148645908728],[-5.960380184710348,37.602726254287255],[-5.964623814534872,37.60377531189421],[-5.969666032346607,37.60503287807592],[-5.974151269476322,37.60614452166577],[-5.978108854714886,37.60711992818937],[-5.983175162525819,37.60837125271919],[-5.9877776296572796,37.60951283047403],[-5.992324222845573,37.61063600218794],[-5.997575672049954,37.611936601180446],[-6.001734742210138,37.61299248614455],[-6.0056238176010295,37.613891750227886],[-6.010285258949501,37.615029849466595],[-6.015147521864118,37.61619524470359],[-6.019579493523083,37.61726531472373],[-6.023561242259198,37.61826062636603],[-6.026587877932341,37.618983076003786],[-6.030038155767363,37.619815476631594],[-6.033512604405416,37.620641476187664],[-6.038369725298078,37.621802244672715],[-6.044332690761195,37.62325646239422],[-6.048695433281177,37.62426467686945],[-6.057273689432587,37.62632614940387],[-6.061571753911955,37.627345469033294],[-6.065308329266794,37.628248132824496],[-6.070982766161913,37.629614955907854],[-6.073795672565551,37.63027839958507],[-6.077562344576363,37.631189615163606],[-6.081842791701205,37.63221359754012],[-6.085843335117438,37.63319762705183],[-6.089414985332263,37.634046256691775],[-6.093204195622917,37.634500200021556],[-6.09719823136969,37.634924249662625],[-6.098412191854253,37.63596585204547],[-6.098444562686603,37.6360492805416],[-6.098447425734904,37.636118161171446],[-6.098442585837945,37.6361500971495],[-6.098383511152557,37.6362041677994],[-6.098374788144956,37.63622127780773]]},"properties":{"id_dera":11010400001087,"ident":636,"nombre":"CARMONA - GUILLENA 1","tension_kV":220}},{"type":"Feature","geometry":{"bbox":[-5.842872031265728,37.246894172173484,-5.695226564558844,37.558839346151096],"type":"LineString","coordinates":[[-5.759921380275434,37.557343666493004],[-5.760519633515594,37.55725163850084],[-5.762141360460193,37.5567301585175],[-5.761402859195148,37.55526930277968],[-5.759386553696577,37.55138800761069],[-5.75730657243573,37.54722242399945],[-5.755265843327249,37.543191044883805],[-5.753196387517112,37.539153808123395],[-5.751486024554618,37.53579478659575],[-5.749585186626775,37.532054418419605],[-5.747810064499551,37.52856474521949],[-5.746074886752771,37.525156831022215],[-5.744484047324493,37.52207091639849],[-5.7428221876760155,37.51879045826014],[-5.74116882848024,37.51554636018042],[-5.739441176404163,37.51215969416932],[-5.737726702702993,37.508800988412666],[-5.736039598065866,37.50548730456938],[-5.73473242938425,37.502932075754046],[-5.732150212474307,37.49962527605988],[-5.729900970260887,37.4967596426138],[-5.727456341664665,37.49363841959209],[-5.725326501437836,37.4909393393172],[-5.722966528922284,37.48791815577091],[-5.720520913946209,37.484812478019144],[-5.718158430197753,37.481788993542956],[-5.7159180580436315,37.47895034835894],[-5.7133973479617834,37.475721164001925],[-5.71202829378883,37.472264436466325],[-5.710583347264121,37.4686340753878],[-5.709298099225274,37.465392912436684],[-5.707909009238988,37.461899099806516],[-5.706627494731698,37.458673044074914],[-5.705311029844481,37.455349010382086],[-5.703869078536569,37.45171334473662],[-5.70246602764014,37.44818706204873],[-5.7009633749037425,37.44440459863508],[-5.699749581969757,37.44135316033588],[-5.698411544065387,37.437976629208215],[-5.6970749807829035,37.434587160896136],[-5.695564814017968,37.430783698861475],[-5.694597393782375,37.428366183146196],[-5.693252848377692,37.42497071552553],[-5.692328796650211,37.42265230224544],[-5.691047362764367,37.419419819917216],[-5.6901346118865925,37.41708157413072],[-5.690263775001049,37.415321273920185],[-5.690575380093955,37.41136097449153],[-5.690858484328768,37.40780745627649],[-5.691186840214686,37.40375449666191],[-5.691463969000809,37.40021805083983],[-5.69177121914769,37.39645698922188],[-5.6920717046852,37.39256424595415],[-5.6923683426659375,37.38894949325498],[-5.692653548201138,37.38538816522232],[-5.692892414509703,37.382179598647596],[-5.693185383000504,37.37848580536354],[-5.693498352132425,37.374726673752896],[-5.696234859764488,37.37202029415873],[-5.699193191594673,37.3691073881314],[-5.702290585095359,37.366033083877724],[-5.705141009486859,37.363221532904745],[-5.708123312941398,37.360284522704106],[-5.711087061419585,37.35734957811667],[-5.713856399981674,37.35460816946036],[-5.716944893983597,37.35153865477604],[-5.719910060929204,37.348605355537906],[-5.7230520634939674,37.345505708944124],[-5.726554887116883,37.34202613030523],[-5.729923742670357,37.33869534456848],[-5.7326315351340895,37.33601161375964],[-5.735370157976663,37.3333119700548],[-5.738339959017725,37.330367843698184],[-5.741450600912413,37.32728142836433],[-5.744735735061446,37.32403264705677],[-5.747820127889835,37.32097686666815],[-5.7507327747941845,37.31809423384716],[-5.7538431437461135,37.31500588851996],[-5.75641068231382,37.31246601234166],[-5.759103128342662,37.309798723406075],[-5.762316976329383,37.30661556397339],[-5.76465106655804,37.30430192142441],[-5.7670826907656405,37.30189566170164],[-5.770055303769425,37.29894664672651],[-5.772905078806656,37.29614488816493],[-5.775716626334421,37.29333981609164],[-5.77871730105039,37.29036217791143],[-5.781331909145439,37.287769942140606],[-5.784464518788865,37.284675249833576],[-5.787390184811297,37.28178576269973],[-5.790305525975637,37.27889744009938],[-5.793080608672751,37.27614058986761],[-5.796752583746627,37.27398928812078],[-5.800491194362109,37.27178880821904],[-5.804301980924357,37.269536852358335],[-5.80781542250824,37.26747845387845],[-5.811574089357821,37.26526156786239],[-5.815091074657436,37.26319088919999],[-5.818738825326636,37.26104337339139],[-5.822391748568139,37.25889805705436],[-5.825415790277321,37.257121696773794],[-5.829117047273965,37.254937536684416],[-5.832829587430592,37.252747317620205],[-5.836711674435181,37.250472991682116],[-5.840306437979255,37.248342857682466],[-5.8424921756173,37.24719557685757],[-5.842872031265728,37.246894172173484]]},"properties":{"id_dera":11010400001597,"ident":547,"nombre":"CARMONA - DON RODRIGO","tension_kV":400}},{"type":"Feature","geometry":{"bbox":[-5.961435634262194,37.37621234494744,-5.930175990385779,37.39687277711234],"type":"MultiLineString","coordinates":[[[-5.9602635615150925,37.37633853922681],[-5.960267016858992,37.376334976635114],[-5.9603598105229665,37.3762393026542],[-5.961451744080986,37.376621722787135],[-5.961217581139375,37.37694933393869],[-5.961143041393787,37.37701603128825],[-5.960941033425661,37.377281916774834],[-5.960860624239192,37.37742449386349],[-5.9608289106303864,37.37750555331508],[-5.960797962964151,37.3776026502117],[-5.960778840738212,37.37768979171988],[-5.9606119698748286,37.37896669807698],[-5.960331100071614,37.379267130349504],[-5.959505716181833,37.38565173669773]],[[-5.959505716181833,37.38565173669773],[-5.959609506744927,37.38575839890056],[-5.959440301396035,37.386915747578],[-5.959627739896989,37.38724768520896],[-5.95962939658004,37.38750899181405],[-5.9595999684541265,37.3876385420316],[-5.958707137434142,37.38759551260556],[-5.958317570912844,37.387660253520025]],[[-5.958317570912844,37.387660253520025],[-5.958288994462081,37.38761584419117],[-5.9574750455971675,37.387492116018244],[-5.955292926896094,37.38739557582586],[-5.952896097811822,37.387291572989035],[-5.950342941452713,37.38718240362384],[-5.950281360714951,37.38723621928809],[-5.949499755638592,37.38718506385174],[-5.949498488586772,37.38718500536163],[-5.9493056661612,37.38717512930641],[-5.948123490649586,37.387112621335056],[-5.948097339847136,37.38711066949685],[-5.945684137773241,37.38698264482291],[-5.9456511231262645,37.387340931019395],[-5.94564194057117,37.387465279107936],[-5.945597411045719,37.38800165784243],[-5.945592151674296,37.38807502640912],[-5.9455489252007405,37.388621014754605],[-5.945526960701636,37.38888734537438],[-5.944970838321948,37.38885851874076],[-5.944858381266402,37.38885294058765],[-5.944634072877731,37.38884167876494],[-5.944538505314493,37.38883685094653],[-5.944290145031293,37.38882447559131],[-5.944209582897517,37.38882044512323],[-5.94388093979036,37.3888039593391],[-5.943635851156531,37.38886627946136],[-5.943536928396899,37.3888914493213],[-5.943417942051243,37.38892162395081],[-5.943259922864618,37.388961780867575],[-5.943121515784879,37.38899694401741],[-5.943036756472632,37.38901842693034],[-5.942671787710426,37.38911122078373],[-5.942449715427907,37.389167568197195],[-5.942301915593367,37.38920513573904],[-5.942190464521981,37.38923425657577],[-5.94174073612973,37.39034016534826],[-5.94156274257203,37.39045706421441],[-5.941385843578455,37.39058175672072],[-5.94124699295954,37.39067877702465],[-5.941112424172317,37.39077238377004],[-5.941102010227507,37.390779274628045],[-5.941091496877534,37.39078593368476],[-5.941080812208449,37.39079225460319],[-5.941069894859843,37.39079840109926],[-5.941058738851611,37.3908042201429],[-5.941047318428353,37.39080991961699],[-5.9410358821730895,37.3908152140101],[-5.941024055641027,37.39082034691231],[-5.941012163902305,37.3908252561726],[-5.94100018793589,37.390829744032594],[-5.940988603349215,37.390833843711626],[-5.940958139926176,37.39084235970403],[-5.940926920747899,37.39084916447034],[-5.940895156658483,37.390854162658925],[-5.9408629844526555,37.39085738690803],[-5.940830728851295,37.39085876606513],[-5.940798443805133,37.390858235714134],[-5.9407661116768224,37.390855922441126],[-5.940734208427713,37.39085186846813],[-5.940702718205358,37.39084595705313],[-5.940675700002555,37.390839177493106],[-5.940573312360275,37.3909064021606],[-5.940568440028235,37.3909088751152],[-5.940562320250889,37.390912081923],[-5.9405561370009075,37.3909153984356],[-5.940550149063753,37.3909188001947],[-5.94054440581554,37.3909221057611],[-5.940538342067817,37.39092559050011],[-5.940532621355736,37.39092918384231],[-5.940526909463099,37.39093271389122],[-5.940521093893522,37.39093648079251],[-5.94051558188538,37.39094021311073],[-5.940509399956571,37.39094443064094],[-5.940418390084483,37.39101845441872],[-5.940415831185157,37.391051523637046],[-5.940413248356387,37.39107299690076],[-5.9404095567106125,37.39109441665158],[-5.940404980131294,37.39111573226791],[-5.940399299684625,37.39113683205865],[-5.940392725131027,37.391157882005764],[-5.940385143323843,37.391178587576384],[-5.940376674821516,37.3911991440031],[-5.940367199767627,37.39121937405643],[-5.940356834148555,37.39123935594596],[-5.940345461976394,37.391259011461685],[-5.940333297612026,37.391278335271195],[-5.940320134458659,37.39129724240822],[-5.940306157602726,37.39131584540494],[-5.940291414662179,37.39133391781395],[-5.940275776581059,37.39135162503417],[-5.940259235621638,37.39136876902629],[-5.940241968050449,37.3913855256162],[-5.940224102571312,37.39140172040202],[-5.940205277098918,37.39141733535826],[-5.940185867462483,37.39143245124165],[-5.940165832078404,37.39144687085458],[-5.940030363896778,37.39154122862778],[-5.939708931911463,37.39176341217162],[-5.939242157681378,37.39208920782737],[-5.938796919223637,37.39239571536271],[-5.938779933785173,37.39240698632932],[-5.93876291800967,37.39241834815334],[-5.938745887749474,37.39242991757725],[-5.93872898440213,37.39244155592776],[-5.9387121945763015,37.39245320947468],[-5.938695479821489,37.39246505037409],[-5.938678937109086,37.392476959078294],[-5.938662386272605,37.39248894907701],[-5.938646061781561,37.39250095146752],[-5.938629722102154,37.392513143454536],[-5.938613509687429,37.39252541337025],[-5.938597435467932,37.392537751932565],[-5.938581452205299,37.39255010625259],[-5.93856556692969,37.39256265636618],[-5.938549842062707,37.39257526556369],[-5.938534230014481,37.392587871954724],[-5.9385185921983314,37.39260068622633],[-5.938503216332482,37.39261355705785],[-5.938487818248068,37.39262643745026],[-5.938472664470179,37.39263950098858],[-5.93845754347988,37.39265253667848],[-5.938441844517345,37.3926663886713],[-5.93838850804669,37.39271705621237],[-5.938337279631771,37.39276994198172],[-5.938288837343454,37.39282447948457],[-5.938243200938076,37.39288059614904],[-5.938200568934638,37.3929381699065],[-5.938160968858789,37.39299703788686],[-5.938124478990605,37.39305718012583],[-5.938091006264423,37.39311852685521],[-5.938060856052545,37.393180800171464],[-5.938033831954782,37.39324417615855],[-5.938010340220916,37.393308068047006],[-5.937990290366293,37.39336871168585],[-5.937977334796856,37.39342015044041],[-5.937959543965936,37.393507994781345],[-5.937948948593043,37.39356724106309],[-5.937948859665914,37.39356785598938],[-5.937927766121843,37.393759709873294],[-5.937873973417491,37.39426502385073],[-5.937831435257397,37.394670996299276],[-5.937775836315256,37.39518271652363],[-5.937662612228937,37.39668685578875],[-5.93741731009671,37.396678246906454],[-5.9373103562216984,37.396675930974645],[-5.937183528088282,37.39666298981404],[-5.937182433635845,37.39666301701024],[-5.93466501664497,37.39659631680407],[-5.933217937484122,37.39656919801876],[-5.933217410687649,37.39645370501212],[-5.933227494995922,37.39632967701017],[-5.9332343431831935,37.396237941984886],[-5.933239384415858,37.396126798047774],[-5.933248864619199,37.396010741336646],[-5.9332515059855195,37.39591162294535],[-5.93325180675972,37.39580548035311],[-5.933249589053622,37.39573120745725],[-5.933239038576817,37.39565148272456],[-5.933225578865123,37.39556260339216],[-5.933207844037235,37.39549268920179],[-5.933225008538445,37.39542020598281],[-5.933244149875958,37.39537844469478],[-5.933264013409393,37.395307696600085],[-5.933266543916588,37.39522079924208],[-5.933261336433734,37.3951402300831],[-5.93325618618837,37.395051568038305],[-5.933248186114032,37.39497932182983],[-5.9332355962576,37.39490058479155],[-5.933225286443335,37.39483021602526],[-5.933215653803275,37.3947720036917],[-5.933205894253125,37.39473255444915],[-5.933205819441115,37.39466718484159],[-5.9332076627824675,37.39459945192561],[-5.9332141815858135,37.39451751951412],[-5.933215396934117,37.394436863045534],[-5.9332124628129055,37.39435579594453],[-5.93318919814988,37.39429495741368],[-5.933154794472613,37.39424300936254],[-5.933132670509705,37.39420447964169],[-5.933130769573906,37.394160636470346],[-5.9331404920499615,37.39411018848358],[-5.933133807982766,37.394045910959214],[-5.933115700556921,37.39398583647914],[-5.9330910331609426,37.39388987360054],[-5.933086290220077,37.393804697512344],[-5.933081474051561,37.39372459617458],[-5.9330801635764825,37.39364461508877],[-5.93307716638086,37.39355902624668],[-5.933069363505815,37.39346256378918],[-5.933070346885815,37.39335885508968],[-5.933073641639766,37.39325215159895],[-5.933074767471603,37.39317614677746],[-5.933073574274988,37.39308236763645],[-5.9330832591259535,37.39297387467346],[-5.9330916545201715,37.39290821377828],[-5.933093832901764,37.39288703000437],[-5.933098740743218,37.392853875576535],[-5.933104552968369,37.392818716388284],[-5.933111411184188,37.39277852138344],[-5.933118546750644,37.39274080640549],[-5.933129775951422,37.39269627699454],[-5.933138384784873,37.39267405062163],[-5.933146402417125,37.392660705291604],[-5.933149399309096,37.39265327832441],[-5.933167545631481,37.39262366992576],[-5.933184760167822,37.392593625108546],[-5.933200681945257,37.39255909808651],[-5.933215482988608,37.392527689488865],[-5.933222863361386,37.392498285160244],[-5.933227838967145,37.392462524998805],[-5.933229689738369,37.39241729120434],[-5.93323031175926,37.39235733764307],[-5.933224349775408,37.392329255558934],[-5.9332197921834275,37.39229142526051],[-5.933215862464993,37.39225579597468],[-5.933214172181147,37.392226337402754],[-5.933214949399965,37.392205134331505],[-5.933228363989573,37.392164812667666],[-5.933243874596599,37.39213944154356],[-5.9332718083804625,37.39210133659961],[-5.93329394335184,37.39206338455827],[-5.933318655265668,37.39202722473722],[-5.9333653260043,37.39194627822672],[-5.9333888292905295,37.391906057598405],[-5.933406886825063,37.39187475738646],[-5.933426178653555,37.391845571050425],[-5.933442615741812,37.3918161582078],[-5.933458551348816,37.39178923570706],[-5.933473936727676,37.391757758514025],[-5.9334842093128515,37.391717667975804],[-5.933483111512324,37.391683130779256],[-5.933482047078804,37.391658720603914],[-5.933480601992269,37.3916393207262],[-5.933479172479893,37.39161771287898],[-5.933475930810396,37.39159394242024],[-5.933471428928687,37.39157463642233],[-5.933465590314118,37.391552327044295],[-5.933457225011678,37.39152719699549],[-5.933445648340528,37.39150485881355],[-5.933438134911223,37.39149636811614],[-5.93343157818345,37.391486925590634],[-5.933417114717165,37.39147193956313],[-5.933402820111309,37.3914589677049],[-5.933382742462241,37.3914395977013],[-5.933357313756023,37.391424622470275],[-5.933334386643721,37.39141095475826],[-5.933309680660602,37.391400034347356],[-5.933282704734564,37.39138969287094],[-5.933255599020241,37.3913777597428],[-5.933228497393282,37.3913647722732],[-5.9331978318400065,37.3913545133223],[-5.933169155941965,37.39134372743329],[-5.933145133458352,37.39133556527408],[-5.933120962998973,37.39132505502976],[-5.933106159661909,37.391317862505154],[-5.93309053163426,37.39130718534056],[-5.930420445415922,37.391331044123575],[-5.930411583799404,37.39132735178337],[-5.929927431348075,37.39049267626166],[-5.929977248772856,37.390371381662135],[-5.930326865104504,37.390234774001584],[-5.930613169355503,37.3900768448823],[-5.93081485964539,37.39001025628705],[-5.930873240059702,37.389955642350984],[-5.930860680040876,37.38991337849032]]]},"properties":{"id_dera":11010400001635,"ident":642,"nombre":"NERVION_S_ELVIRA","tension_kV":66}},{"type":"Feature","geometry":{"bbox":[-6.095888043365545,37.637535702948405,-5.994979488685416,38.001410882769015],"type":"LineString","coordinates":[[-5.994979488685416,38.001410882769015],[-5.996145603710589,37.99814065517829],[-5.997335942724247,37.994805016312704],[-5.999087085418208,37.9897952512102],[-6.0014987757465645,37.9829021892971],[-6.002359324827634,37.98046447151571],[-6.005020615839014,37.97294057730567],[-6.006467670654195,37.96883271307263],[-6.008138956238638,37.9640993905967],[-6.010206623322903,37.95828795095927],[-6.011977664941358,37.95320802302778],[-6.013755528472302,37.948189070502465],[-6.015395315211723,37.94351871564187],[-6.016807933720574,37.939520811630466],[-6.018874299946265,37.933744214393975],[-6.020781596664987,37.92835134912696],[-6.021776286585126,37.92542351095584],[-6.023747049775238,37.91987084270028],[-6.026251758672047,37.91280758209289],[-6.02871623774922,37.905847028709864],[-6.029931651634092,37.90233743431905],[-6.031866542365222,37.89683556429386],[-6.032680035045899,37.89469734384918],[-6.03481615655968,37.88860954726522],[-6.0367895366798185,37.882989746466954],[-6.0373291583728985,37.88150728179321],[-6.038035123693252,37.87829817828594],[-6.038746300014913,37.874968292165406],[-6.039443279250347,37.87176986274771],[-6.04100999225602,37.86461979846737],[-6.042445761928686,37.85809118098429],[-6.0440115365433025,37.85098272501017],[-6.044529523442213,37.84856032770342],[-6.044936365869465,37.846574275064285],[-6.046124746577872,37.841159877802156],[-6.046776476749284,37.83820557287457],[-6.047616671901724,37.83436385672386],[-6.048638716093986,37.8297345450475],[-6.049337921946617,37.82631263925961],[-6.050152078375911,37.82272944374016],[-6.051621837838688,37.81590132781051],[-6.052583685728247,37.81147518493214],[-6.053443335311725,37.80757507564059],[-6.054124216966779,37.80442544533868],[-6.055331326969396,37.79892288802117],[-6.056035528955848,37.79567019764046],[-6.056837561052119,37.79205987817012],[-6.057398375818022,37.789481697277935],[-6.058564412376756,37.78409153558564],[-6.059530902733692,37.779723327189615],[-6.059988449706478,37.77755696141179],[-6.061359285937558,37.771333606990964],[-6.062169971141265,37.76756967423395],[-6.063010842699204,37.76378810104881],[-6.063928924193089,37.759561128911635],[-6.064527984742028,37.75678694045292],[-6.065598545206373,37.75192789819353],[-6.0665651909182,37.7474733991722],[-6.06765528470432,37.7425296750711],[-6.068805373632588,37.737228660548155],[-6.069702547993994,37.73303083797994],[-6.070667098676394,37.72869213732696],[-6.07167179833249,37.72403730032603],[-6.072644739845275,37.719588080222834],[-6.0731091418866985,37.71753149470838],[-6.074139161007341,37.71274911410742],[-6.075696410540448,37.70560601873443],[-6.076336789044254,37.702686167283865],[-6.077427746602006,37.69770232103791],[-6.077644207292496,37.695600205439746],[-6.077987375902403,37.69220066370393],[-6.078407615117834,37.68814875890269],[-6.0787992368879085,37.68426906152408],[-6.079145022101545,37.68101117373934],[-6.079635153215308,37.676124363333564],[-6.080032498830116,37.6722645115242],[-6.080308281397215,37.669601310381516],[-6.080675217546436,37.66606778323438],[-6.080934933492005,37.66354573741544],[-6.081220500112016,37.660761180321785],[-6.0814681495131175,37.65828774174864],[-6.081783211439659,37.65529364744308],[-6.08209331688338,37.652615666350925],[-6.085219737783489,37.64707968637188],[-6.086553315414942,37.644770626905135],[-6.08795654297804,37.642352507275525],[-6.091687417475898,37.63961171721546],[-6.093681908574125,37.6392793105839],[-6.0955646019915415,37.63899120296066],[-6.095917701149844,37.63824976507297],[-6.0956225280668415,37.637542676572146]]},"properties":{"id_dera":11010400001674,"ident":711,"nombre":"GUILLENA - VALDECABALLEROS","tension_kV":400}},{"type":"Feature","geometry":{"bbox":[-6.493549611469163,37.14449478061417,-6.307944938073382,37.29483321946605],"type":"MultiLineString","coordinates":[[[-6.493549611469163,37.14449478061417],[-6.493544703610763,37.14449699201466],[-6.4935255123784765,37.144505639266065],[-6.493407167341904,37.144558963467034],[-6.493158617224103,37.14467095516977],[-6.4918910024213,37.14521141544148],[-6.489600744955992,37.14776979733735],[-6.487827595949463,37.15029889900148],[-6.4878176511539065,37.150313083044075],[-6.485524058366471,37.151935638946426],[-6.483600069874908,37.15390945949911],[-6.483593917752406,37.15391577074882],[-6.481752101156717,37.15570608384814],[-6.481742148015654,37.15571191660824],[-6.479260094466622,37.157166400646666],[-6.476621665875978,37.158804363908516],[-6.4766163971168975,37.15880717118772],[-6.47417761424594,37.160106546329466],[-6.471642267731408,37.1615638615343],[-6.469365630271233,37.16310159158352],[-6.469359448596734,37.163105766784035],[-6.466686475058282,37.1644172270196],[-6.464368386667076,37.165776087189734],[-6.4612988293595714,37.167445860842015],[-6.4587477218272475,37.168974325867026],[-6.456293192940257,37.17037762143418],[-6.45436383752427,37.17260534985777],[-6.452293930828057,37.17510521954897],[-6.451253458638669,37.176315754675116],[-6.449142393428726,37.178777030538065],[-6.447271246791166,37.18078826282101],[-6.447227764665763,37.180804405744325],[-6.444630394759958,37.181768648989895],[-6.444621570955441,37.18177192458572],[-6.441539206678873,37.182665236110715],[-6.438369421321022,37.18359036110809],[-6.435115779902448,37.18453667494105],[-6.43184449687908,37.185492133318405],[-6.428463584147686,37.186463822807205],[-6.425184770543069,37.18742762457249],[-6.4218462738666595,37.188388376963296],[-6.41851840085356,37.18934764844407],[-6.415085524333426,37.19033183164868],[-6.411687523859486,37.19131950633137],[-6.408420244047354,37.192239910456834],[-6.405088504242029,37.19322188385983],[-6.401726936518421,37.19418017496662],[-6.398432440131941,37.19513573398568],[-6.395015067166802,37.19612054000181],[-6.391729793244222,37.19705579247285],[-6.3885830742289125,37.19795185881875],[-6.385218451781702,37.19896560695842],[-6.3818628590621085,37.19991676312087],[-6.37853461697736,37.20087574781065],[-6.37513780092691,37.201864435715656],[-6.371907378127816,37.20279663356604],[-6.368682855375264,37.203721503573654],[-6.365493193992939,37.20464996238108],[-6.362329442211628,37.2055538952965],[-6.35915206446465,37.20647998004036],[-6.356610909502511,37.20724296963611],[-6.353996537135087,37.208009876749074],[-6.353945892528457,37.2080247322548],[-6.351014708941897,37.20634173460334],[-6.351011164229306,37.206339631948126],[-6.350423713131097,37.205991164192255]],[[-6.350423713131097,37.205991164192255],[-6.350396586982998,37.205975074770734]],[[-6.34836628310216,37.204770439539615],[-6.350396586982998,37.205975074770734]],[[-6.30832617697554,37.29482255199205],[-6.308321645045154,37.294819871060845],[-6.307934308577213,37.294590735032614],[-6.308131062368554,37.29175750207079],[-6.3085105667364205,37.289490430920004],[-6.308940633606613,37.28682997295699],[-6.309390686809007,37.283879622498134],[-6.3097805270261995,37.281290616713484],[-6.310250411187945,37.27874121983228],[-6.310770609116275,37.27568005273512],[-6.311070677778626,37.27363955712578],[-6.311460644651679,37.27110976252279],[-6.311910552228578,37.26818039730136],[-6.312460585537701,37.26502009814357],[-6.3127606943680235,37.2629393402218],[-6.313180691592001,37.26013940355692],[-6.3136604923469815,37.25686078356911],[-6.314188661154716,37.25413012542888],[-6.315425771564974,37.251416468332486],[-6.316595694523714,37.24858665372095],[-6.3175851746365295,37.24644777620342],[-6.317591081453308,37.2464350075356],[-6.317641326479381,37.243932104569424],[-6.317750346941432,37.241702109043864],[-6.319047089734144,37.239811448026884],[-6.3212252845647505,37.23712367145329],[-6.321228245663517,37.23712001745729],[-6.323069025730783,37.2341487396317],[-6.324798385335982,37.23183959711385],[-6.324799960012812,37.23183720600314],[-6.326148751096198,37.22978903427527],[-6.328047452455521,37.22716084170257],[-6.330218198198354,37.224239830633735],[-6.33021954037235,37.22423784058234],[-6.331954956172428,37.22166462614888],[-6.334219883369084,37.21937973858492],[-6.336420070386632,37.21708953301679],[-6.338709167128588,37.21475046011159],[-6.3413099530754895,37.21219967938028],[-6.3439416510490005,37.209367854609425],[-6.346499906087314,37.206549789988784],[-6.34836628310216,37.204770439539615]]]},"properties":{"id_dera":11010400001697,"ident":781,"nombre":"PILAS_ROCIO","tension_kV":66}},{"type":"Feature","geometry":{"bbox":[-6.036804549092715,37.376594486687786,-6.024159138783316,37.42646292431423],"type":"MultiLineString","coordinates":[[[-6.03880387088684,37.42607645243594],[-6.038798252555691,37.42607691984756],[-6.038619970168823,37.42609175173627],[-6.038454540702442,37.424799747412074],[-6.0384315916321265,37.424791110836985],[-6.0381570744729585,37.42468779948426],[-6.03814552124778,37.42468345154165]],[[-6.030353136660058,37.406702266458915],[-6.030338779750996,37.40672777381071],[-6.029161389721229,37.4088195310299],[-6.02776985796863,37.411289973274776],[-6.027133112333458,37.41330739575056],[-6.026372846500127,37.415697582898545],[-6.026710568161387,37.41713599195591],[-6.026706776740612,37.41715125422384],[-6.026395595220588,37.418403885897675],[-6.02769773076736,37.42021893576844],[-6.027758008300412,37.42030295676674],[-6.029535399248666,37.42278100577772],[-6.030725166143802,37.424439621790505],[-6.0307295693726655,37.42444576003249],[-6.031098755838017,37.42508944675969],[-6.031147247376418,37.42517407097728],[-6.03116246889075,37.425200614108526],[-6.031181517668286,37.42523383115546],[-6.031202945856233,37.425277152613994],[-6.033433159282865,37.42508495287939],[-6.036439077212329,37.42482608498461],[-6.038132920929614,37.42468450483344],[-6.03814552124778,37.42468345154165]],[[-6.031691693885912,37.376798414669125],[-6.031939469530911,37.37672093458484],[-6.031944725680948,37.37671929096585]],[[-6.024918780081564,37.380654705148835],[-6.024942978339141,37.380719374755216],[-6.02561336164178,37.38054408163522],[-6.02566219724504,37.38050252802776],[-6.025712571721523,37.380457123622826],[-6.025754542745694,37.38040322134747],[-6.025793058499247,37.3803310534444],[-6.0258049660052695,37.38023850061039],[-6.025803731930654,37.38014710419259],[-6.026081562726253,37.38007915244621],[-6.026807949426022,37.380194200685644],[-6.02743907534042,37.379463450772626],[-6.028307432115543,37.3789656723354],[-6.028412857075235,37.37889945685733],[-6.029088481120744,37.3785014094116],[-6.0295505129243425,37.37823084294341],[-6.029584833287886,37.37820296813347],[-6.030048242474973,37.37782867340455],[-6.030502434266047,37.377470940011875],[-6.030582805419032,37.37740763570349],[-6.030627028837701,37.377372793939266],[-6.030947290834169,37.377099901790466],[-6.031246051473067,37.3768421119998],[-6.031349131260836,37.37687540127063],[-6.031572240995248,37.37694737442219],[-6.0316886509262195,37.376802209299655],[-6.031691693885912,37.376798414669125]],[[-6.030353136660058,37.406702266458915],[-6.030344259842343,37.40667472262646],[-6.029895390618818,37.40528190133486],[-6.029889064794779,37.40527289170986],[-6.028773023309947,37.40368331806445],[-6.027662954070562,37.40209720273853],[-6.0264584808815975,37.40038392512807],[-6.025395485807366,37.39824722496822],[-6.025393402687507,37.39824303761154]],[[-6.022342517654129,37.381290011562136],[-6.023079744422737,37.38090574901503],[-6.024913215415006,37.38065546481826],[-6.024918780081564,37.380654705148835]],[[-6.024989145694545,37.385307838865884],[-6.0249649438166,37.385271080115956],[-6.023418137702479,37.38292164606281],[-6.022342517654129,37.381290011562136]],[[-6.02440744356696,37.39329257418878],[-6.02440655717054,37.393288124932475],[-6.024071027816339,37.39160390093394],[-6.0238284037179675,37.39038569047863],[-6.02333132447346,37.38789019153051],[-6.024965120980587,37.38534526308454],[-6.024989145694545,37.385307838865884]],[[-6.025393402687507,37.39824303761154],[-6.025392510619358,37.39823858907382],[-6.0248670586294475,37.3956181885413],[-6.024412855063763,37.393319956766696],[-6.02440744356696,37.39329257418878]]]},"properties":{"id_dera":11010400001663,"ident":698,"nombre":"SANTIPON_TOMARES","tension_kV":66}},{"type":"Feature","geometry":{"bbox":[-6.122978041371354,37.63647900506302,-6.08609894928022,37.97621046329011],"type":"LineString","coordinates":[[-6.137274354310023,37.97485539381961],[-6.136968043964337,37.9690488424015],[-6.136323674256509,37.96520324628913],[-6.1355803656399575,37.96076636836049],[-6.130272547248108,37.94886220040294],[-6.128460734311226,37.944798058276774],[-6.129063653181465,37.941092094773595],[-6.129787106053408,37.936643672454885],[-6.130464337076813,37.932480011479825],[-6.128872808279245,37.92967774987536],[-6.125736556210836,37.92415407696511],[-6.1232109035557185,37.91970624966002],[-6.120805579615622,37.91546878573275],[-6.120102220425417,37.911706608412814],[-6.1184980130752304,37.90312693142552],[-6.1177332209546575,37.899034169078426],[-6.116720634636683,37.893617765285576],[-6.11554360624991,37.88731986168035],[-6.1153452482286195,37.8850748347767],[-6.114739838827644,37.87822433611476],[-6.1142726016487625,37.8729337282511],[-6.1164846280022775,37.8683689833072],[-6.1186462872077865,37.86126107907976],[-6.120104045484871,37.8564616030322],[-6.122331320242668,37.853980369872495],[-6.1221185641638405,37.85243606830929],[-6.1214648498774835,37.84766178802516],[-6.120089907309939,37.84453169234071],[-6.11871697193311,37.84144538702728],[-6.117158504485817,37.83790775701604],[-6.114108067135106,37.82614308157149],[-6.112829443873942,37.82122726416421],[-6.11140614341697,37.81575574002365],[-6.109974252704438,37.81024972941275],[-6.109123885142618,37.806981253758636],[-6.106648818867208,37.7975130306259],[-6.105532878509574,37.7931954202509],[-6.101961285345653,37.79029428198828],[-6.1005101938778346,37.78652923793419],[-6.099359302540177,37.783556902501914],[-6.096996044194044,37.777453969572775],[-6.095808983731011,37.77438820739336],[-6.092775609245103,37.76655179731936],[-6.091222126705788,37.76253820631368],[-6.08889507025767,37.756525662174255],[-6.086770272919502,37.7510338515328],[-6.085369786408693,37.747413763243074],[-6.083986673433964,37.74383960142779],[-6.081669699906903,37.73784787893942],[-6.079100558659628,37.7312064043409],[-6.07716513463672,37.72620083352248],[-6.075920618431218,37.71940184389179],[-6.07525313989487,37.715753988130885],[-6.0762093382605995,37.711422397560035],[-6.077404614078192,37.70600839402958],[-6.078327404327338,37.70182821693046],[-6.079371531296311,37.69709704933672],[-6.080115987941426,37.693724314200914],[-6.08362608916647,37.677812358844605],[-6.084920681321465,37.67194210985788],[-6.085357227050837,37.66865759052052],[-6.085970519447697,37.66404558158078],[-6.08657059852788,37.65953176371894],[-6.086994947121312,37.65633837789915],[-6.087593364210225,37.65183865264193],[-6.0962095423491744,37.64018909200264],[-6.096477788386154,37.638004458598964],[-6.096379717839454,37.63781735205117],[-6.096250776813435,37.63758065793765],[-6.096115229008274,37.63718768792535]]},"properties":{"id_dera":11010400001163,"ident":727,"nombre":"GUILLENA - BROVALES 1","tension_kV":400}},{"type":"Feature","geometry":{"bbox":[-6.118559701546604,36.60185550709002,-5.833132497752683,37.2511383448672],"type":"LineString","coordinates":[[-5.84494433336207,37.24458868928252],[-5.845254024148423,37.24470920893602],[-5.848667275619038,37.245983522237935],[-5.852097965215964,37.247266947002366],[-5.856672595649558,37.24897843326364],[-5.8603881889706315,37.25036043223903],[-5.860460713538328,37.25048077775587],[-5.861227357511386,37.247943389887155],[-5.862305297368325,37.24438517582714],[-5.861345786034334,37.24061428990253],[-5.860314031260929,37.23657525932144],[-5.859216575636108,37.232285493225596],[-5.858238841283176,37.228479417886426],[-5.857221098418849,37.22450317758066],[-5.856281551566801,37.2208042893887],[-5.855303917675369,37.21698907492966],[-5.854419453142135,37.21355024745676],[-5.853559172636975,37.21015579338337],[-5.852476204908834,37.20592857547317],[-5.851459813574378,37.20197007183675],[-5.850367894289558,37.19779728799264],[-5.849364248507281,37.19387458579447],[-5.848310744367268,37.18981790485152],[-5.847255674415369,37.18571619200533],[-5.8462405744137085,37.181775705869924],[-5.845226493963923,37.17786221425501],[-5.844159535163462,37.173733714431236],[-5.843131182518491,37.169730429664234],[-5.84205052995276,37.16553014097497],[-5.841011516051986,37.16153609598305],[-5.839891203197478,37.15717453081054],[-5.8389171005825355,37.15340409102517],[-5.837855511290192,37.14940144668898],[-5.8368452051683,37.145559851598264],[-5.835795558036926,37.14156599542811],[-5.834694550008,37.13740205310921],[-5.83360739293503,37.133301022537594],[-5.832663527493248,37.12971911221061],[-5.831575606065364,37.12559095029012],[-5.830540057447312,37.12165976946706],[-5.829505746694672,37.11775557917846],[-5.828640072612146,37.11442767417135],[-5.828498191685104,37.111217741551684],[-5.8283703420313,37.10808496830388],[-5.828198212906637,37.10406104567544],[-5.828043609347172,37.10020791623474],[-5.827873217891083,37.09622900376973],[-5.827709444719272,37.09243024682655],[-5.8275520254659865,37.08849607551463],[-5.8273783801323145,37.084427120539935],[-5.827199634869382,37.080223115038336],[-5.82702973825097,37.0762532784703],[-5.826873000221788,37.07233710434755],[-5.826687445247327,37.067944014462824],[-5.826509618314352,37.06375799835812],[-5.8263365088935775,37.05969811489348],[-5.826209174395487,37.056267840212016],[-5.826049035419413,37.05255890378015],[-5.825850079942574,37.04810304178787],[-5.825721057325522,37.04492520744449],[-5.8255539918744494,37.041027282252344],[-5.825436025917973,37.03814646472967],[-5.825249989620791,37.03373543038444],[-5.825111706863716,37.0303054023063],[-5.8248908111435975,37.02494881933593],[-5.82475926224602,37.02200532906353],[-5.824626394052951,37.01871934691543],[-5.8245181124836805,37.01609961894961],[-5.8243347132973105,37.01175158601143],[-5.82418212873323,37.00793439656261],[-5.823984463530067,37.00319911754487],[-5.823827160110105,36.99955325157583],[-5.823706316047932,36.99659138155791],[-5.8235197477658955,36.99215320546352],[-5.82334842531268,36.98812918770615],[-5.82321514673962,36.98473515080218],[-5.824791429549783,36.98138872525777],[-5.826551384478379,36.97765212656314],[-5.8279263269509425,36.974744809909595],[-5.8302701082873485,36.9697957228298],[-5.831821288102328,36.966496577652386],[-5.833435541049406,36.96308776960219],[-5.835205365084087,36.95933279062126],[-5.836870078369036,36.95577855063322],[-5.838639479019273,36.95202371310228],[-5.839952604142297,36.94928895831354],[-5.84226327054419,36.94439441823798],[-5.84409655596496,36.94050820867524],[-5.844979437744776,36.93675262678235],[-5.845783824526772,36.933327115496745],[-5.846502177750928,36.93030908699188],[-5.847336062075747,36.92677453981601],[-5.848121707224868,36.9234202921299],[-5.850182089014236,36.92048321374053],[-5.8535921948345555,36.91561621641312],[-5.855350576161754,36.91311381464945],[-5.858024771113547,36.90929169721134],[-5.860359921757486,36.90596160612792],[-5.861900148170548,36.90269551398568],[-5.864073221742976,36.89809234323676],[-5.8656009269749445,36.89483840209876],[-5.866920731544543,36.8920310235741],[-5.868677156276736,36.8883029287011],[-5.870287750897102,36.88487571130877],[-5.871960284270749,36.88131189522351],[-5.874163813263028,36.87665374381371],[-5.875836117022057,36.873089790538174],[-5.877706312203168,36.86912451742259],[-5.879284788485975,36.86576104307132],[-5.881683783653623,36.8606564618055],[-5.883594842037723,36.85660008469278],[-5.884830554663219,36.85397478811701],[-5.887623712273463,36.848040388476484],[-5.888734006586751,36.84566141111222],[-5.8906859786233925,36.84151318660518],[-5.892025762987478,36.838380106038265],[-5.8938387105472305,36.834127530660176],[-5.895475680407044,36.83026680011503],[-5.89741202312815,36.82573199134322],[-5.8993167025620785,36.821251814840174],[-5.901252392345971,36.81670786207292],[-5.902569795041774,36.81360279011282],[-5.904021087874577,36.81018813423671],[-5.905740548547106,36.806163048150694],[-5.909084229233915,36.79827725168826],[-5.91040070275761,36.79516310968017],[-5.912170395828861,36.79100162427078],[-5.913620781043164,36.787586788852295],[-5.915225056246977,36.78379869393566],[-5.916902067069651,36.77986461159803],[-5.918794128077735,36.77540256281517],[-5.920336594338553,36.77176911466896],[-5.921930436232743,36.76801732627223],[-5.923421805797444,36.76452017889024],[-5.925127839908846,36.760486146415616],[-5.926628761159475,36.756952770512925],[-5.928334140784347,36.75290969997421],[-5.9299170964175705,36.74918511357766],[-5.931654346622024,36.74510516620997],[-5.933000281310906,36.74192689166532],[-5.934397930632405,36.73863927879166],[-5.93531183237318,36.7364719995967],[-5.937253828377924,36.73190030369595],[-5.938762730484486,36.72831260804799],[-5.939975782677237,36.725480066893354],[-5.941516498825488,36.72184631334639],[-5.942799284021865,36.71879574688223],[-5.944237449440536,36.71541699765554],[-5.945325915348596,36.712848821219964],[-5.947205108277465,36.70842262115328],[-5.948837216775532,36.70456131850621],[-5.952316237529952,36.696328677837556],[-5.953978540290485,36.69239446726968],[-5.955651285577899,36.688441953840226],[-5.957056245023693,36.685099839510386],[-5.958482300039754,36.681730152642686],[-5.95992943603343,36.67832387744107],[-5.961334744578171,36.67499973100084],[-5.962770358264929,36.671593711244824],[-5.964390770940041,36.667759534282844],[-5.965837310241556,36.66435320770181],[-5.967334415763529,36.66081043103865],[-5.968890810042173,36.657128644575785],[-5.9677817991663735,36.653455662541575],[-5.964677457561828,36.65067838511886],[-5.961423285825093,36.647767413406854],[-5.9582047191807845,36.644900700720875],[-5.956235992146093,36.64312929402753],[-5.953030486294009,36.64027219903619],[-5.951818785151388,36.639010094851756],[-5.955821620474618,36.63747504734718],[-5.960972978216602,36.63552552127406],[-5.96603358857483,36.6335985850174],[-5.970803856538484,36.63179249717105],[-5.974537926635717,36.6303765441048],[-5.9793777922992115,36.62854756386958],[-5.9832251247166,36.6270849833792],[-5.986952771963604,36.62567394556829],[-5.991053776483385,36.6241149065651],[-5.995753541552169,36.62234917027194],[-6.000472022458626,36.62054988952304],[-6.003926432666158,36.619241097430276],[-6.007740778476884,36.61779677464877],[-6.0103807444251,36.61679097022982],[-6.015584132043952,36.61481987785633],[-6.021116198000808,36.612725147925474],[-6.025407529054283,36.61109244310497],[-6.029805219604797,36.60942317800335],[-6.03458492611296,36.60760434174623],[-6.039878995602516,36.60559781650826],[-6.044728364188526,36.60376643905334],[-6.04968556506282,36.6040084035052],[-6.053647355436184,36.60422099426255],[-6.059233651173461,36.60448336874946],[-6.06459832907606,36.604753887668664],[-6.0675067828172216,36.604896162462495],[-6.072120789829599,36.60515044327074],[-6.077355442233812,36.60672514298036],[-6.082823633385542,36.60839403474866],[-6.086651943068852,36.60956848878502],[-6.089678254781154,36.610493477589166],[-6.094908858483987,36.61209191260642],[-6.098794541970698,36.613272134346765],[-6.104000187647681,36.61485783376049],[-6.107382175299849,36.61588644690921],[-6.112104774512863,36.6168765896353],[-6.115501923756688,36.61759693012095],[-6.118804314779005,36.618298461556755],[-6.1192282401656835,36.61844157893496]]},"properties":{"id_dera":11010400001660,"ident":689,"nombre":"CARTUJA - DON RODRIGO","tension_kV":220}},{"type":"Feature","geometry":{"bbox":[-6.0638940255935365,37.42261969874267,-6.041224066826999,37.46451735962717],"type":"MultiLineString","coordinates":[[[-6.065489631903844,37.46170490776263],[-6.065470795109842,37.46171153784383],[-6.062426708689295,37.46278292553059],[-6.062421538513422,37.462784745117915]],[[-6.065489631903844,37.46170490776263],[-6.064689626134608,37.45884327067396],[-6.063885480023019,37.455965181825555],[-6.062989345527954,37.45268013590461],[-6.06207518951046,37.44941684806089],[-6.061413110201639,37.44703737436353],[-6.061620115264423,37.44425094151202],[-6.061824633413977,37.4414563634589],[-6.062096253391466,37.43751537254366],[-6.0622836337450305,37.43474111260276],[-6.062554070792446,37.43124487737927],[-6.062730272854905,37.42808088636885],[-6.062312451132255,37.42502827102847],[-6.062304319932917,37.424961805787575],[-6.062087863527771,37.423769680845815],[-6.062079429269567,37.423723496546344],[-6.060529803517601,37.422706926452555],[-6.057232063929729,37.42308992146648],[-6.053084193978279,37.42357147515191],[-6.048402726971767,37.423909423626384],[-6.0446419938095595,37.42418084273459],[-6.04282442026895,37.424312096911315],[-6.040475696734378,37.424481592251716],[-6.039610852463956,37.42454887603619],[-6.0396052303467425,37.424549313408804]],[[-6.062421538513422,37.462784745117915],[-6.059105189992523,37.463676223053966],[-6.059373988463181,37.46404445258318],[-6.0593768308938145,37.46404834643278]]]},"properties":{"id_dera":11010400000907,"ident":694,"nombre":"ITALICA_SANTIPON","tension_kV":132}},{"type":"Feature","geometry":{"bbox":[-5.933011573993896,37.355445964935036,-5.8857681122415215,37.39073225329208],"type":"MultiLineString","coordinates":[[[-5.933979219183254,37.38664804008498],[-5.933979321252232,37.386645083638484],[-5.934036561806819,37.38498706385437],[-5.934096094619763,37.38329283158412],[-5.934096422677902,37.38328349523184],[-5.933886090973802,37.381409395615194],[-5.933654248450865,37.3793798570274],[-5.933602524580801,37.37890975607868],[-5.933510963317149,37.37891236151807]],[[-5.933979219183254,37.38664804008498],[-5.933747323245915,37.38901986980445],[-5.933734173344496,37.38915436237721],[-5.931225895849254,37.38949879701999],[-5.931270344905719,37.3896078013686],[-5.93127209184931,37.3896120854673]],[[-5.933510963317149,37.37891236151807],[-5.933391937053562,37.378748458477695],[-5.933262655699493,37.377571857765226],[-5.932920634720388,37.37711572565894],[-5.92996562438105,37.37498564916501],[-5.928569764448269,37.37415398190142],[-5.928343001555717,37.374018872637784],[-5.927326342271051,37.37349857144331],[-5.926383387370939,37.37306336140594],[-5.925446352261015,37.37270035167754],[-5.924993593716359,37.37252756822376],[-5.924766465224014,37.372524942702235],[-5.924473703133583,37.37278601145795],[-5.924396412109272,37.3728605391655],[-5.924261817270062,37.37295064877352],[-5.923832684806717,37.37283472758768],[-5.923857088706883,37.372765346698124]],[[-5.913283985158288,37.36805055335141],[-5.915522287884088,37.369700408502304],[-5.917799877727687,37.37139367179324],[-5.9207654707449455,37.37205716431375],[-5.9238516628292315,37.372764103900025],[-5.923857088706883,37.372765346698124]],[[-5.905213113436488,37.36408275956851],[-5.908343872271552,37.3646326849534],[-5.9083628361084894,37.3646449194802],[-5.910890222912491,37.36627540127699],[-5.9108926237087065,37.36627695003268],[-5.913279850193636,37.3680474866822],[-5.913283985158288,37.36805055335141]],[[-5.900302549170326,37.36221711600378],[-5.902900310163011,37.36320479990466],[-5.905208016234231,37.364080824699606],[-5.905213113436488,37.36408275956851]],[[-5.886543238246222,37.356590000014705],[-5.887834278367187,37.35716784195621],[-5.89010112792787,37.35820498603575],[-5.890464800733177,37.35836594519922],[-5.89240295360568,37.35922356868963],[-5.895167762989016,37.36027182911167],[-5.897838183220007,37.36128365432478],[-5.900297450027383,37.36221518460828],[-5.900302549170326,37.36221711600378]],[[-5.886543238246222,37.356590000014705],[-5.886493160427099,37.356660581267846],[-5.8851953680296285,37.358489677028764],[-5.884566211240374,37.359379465526324],[-5.885023042374962,37.359682488953844],[-5.885027383177184,37.35968536825747]]]},"properties":{"id_dera":11010400001544,"ident":612,"nombre":"ARGON_S_ELVIRA","tension_kV":66}},{"type":"Feature","geometry":{"bbox":[-6.048952017517113,37.31297888048435,-5.9525271093590115,37.3564494167174],"type":"MultiLineString","coordinates":[[[-6.005964800709291,37.33826210263923],[-6.008257973046674,37.336810045592514],[-6.009742648825073,37.3358700472356],[-6.0117912305147,37.33457273084287],[-6.011800164345767,37.33456823101376],[-6.013773373964412,37.33357432693108],[-6.015965664030303,37.33247096493937],[-6.016834299036638,37.33196296286012],[-6.019543980338461,37.33037796592997],[-6.023172717598166,37.32825590308116],[-6.0259094592968525,37.32665466025879],[-6.028818272447062,37.32495253624721],[-6.031323959902547,37.3234867499819],[-6.034491029235891,37.32163370167185],[-6.037324293365376,37.319975841694955],[-6.040084552320213,37.31835997902017],[-6.0430145841455305,37.3166459762352],[-6.045177758304266,37.31514880251783],[-6.048185990545024,37.31306701972186],[-6.048215490554378,37.313063625539364],[-6.048946434710716,37.31297952286196],[-6.048952017517113,37.31297888048435]],[[-5.9966781673776275,37.33103170214284],[-5.99672144769622,37.33104106426225],[-5.999341596925648,37.33160780433287],[-5.9993851867975625,37.331617232291094],[-6.001057225022057,37.33361150873155],[-6.002636221896406,37.335459467894445],[-6.003980727186546,37.33703358846047],[-6.005964800709291,37.33826210263923]],[[-5.995233435474482,37.331254374940904],[-5.99667262783476,37.33103255597437],[-5.9966781673776275,37.33103170214284]],[[-5.993585575805979,37.331777094810974],[-5.993590819114848,37.33177543162137],[-5.9952155839204915,37.33126003781871],[-5.995233435474482,37.331254374940904]],[[-5.990032235672179,37.33270178872279],[-5.990037505485075,37.332700179710294],[-5.991123087665985,37.33236871646382],[-5.991144295406685,37.332420062192675],[-5.993581655030556,37.33177812748645],[-5.993585575805979,37.331777094810974]],[[-5.9909612938024965,37.337554092712374],[-5.990956773809136,37.337551395529786],[-5.990930936540871,37.337535977838265],[-5.9908848941288495,37.33750850324363],[-5.989611752239745,37.33674877438132]],[[-5.9909612938024965,37.337554092712374],[-5.990873564427589,37.33759066000364],[-5.99081946053535,37.33759196371183],[-5.990824675368337,37.33787486840164],[-5.990668882232851,37.33791463150327]],[[-5.986220039403139,37.33998999941062],[-5.986786439074207,37.339687674720516],[-5.987333996537814,37.33949733331632],[-5.987485226694443,37.339450399819455],[-5.988174888356939,37.339331110514735],[-5.9886624752412,37.33927048808116],[-5.989572463597391,37.33926201397754],[-5.9897588938766715,37.339258754706954],[-5.989881442451866,37.33911665050789],[-5.990017028109513,37.3387594344479],[-5.990096554312563,37.33842503328233],[-5.990120021060998,37.338077595034264],[-5.990668880045773,37.33791462843358]],[[-5.989611752239745,37.33674877438132],[-5.989598366855162,37.33674078669411],[-5.989051593590713,37.3353596924376],[-5.989904581955184,37.333047788743265],[-5.990030641292128,37.332706110243286],[-5.990032235672179,37.33270178872279]],[[-5.986220040817507,37.33998999601845],[-5.986220039403139,37.33998999941062]],[[-5.986220039398564,37.33998999941305],[-5.986220039403139,37.33998999941062]],[[-5.986220039403139,37.33998999941062],[-5.986214771488027,37.34000263373606],[-5.986174345417731,37.340056149710136],[-5.9861133974786815,37.34011779781549],[-5.98603539909216,37.34017093813395],[-5.98597276767264,37.340206606477885],[-5.985790116836546,37.3402143277975],[-5.985599440046528,37.34019605809709],[-5.985452857097715,37.340171574777635],[-5.985284755078873,37.34018704637188],[-5.985144068078356,37.34024507576923],[-5.985024097670116,37.34030445614691],[-5.984857458674987,37.34034920123086],[-5.984709021010311,37.340334314900744],[-5.98456662931153,37.3403005340031],[-5.984505719448786,37.340263668953455]],[[-5.9817139069883565,37.34207241657053],[-5.984173871768528,37.34040817193452],[-5.984182347042083,37.34040243792609],[-5.9845007493496905,37.34026580178525],[-5.984505719448786,37.340263668953455]],[[-5.979880050867103,37.342325738379714],[-5.981708346980297,37.342073184653934],[-5.9817139069883565,37.34207241657053]],[[-5.979880050867103,37.342325738379714],[-5.979874465249172,37.34232637729631],[-5.979606955090888,37.34235697639635],[-5.97938208467834,37.34224717409302],[-5.978866224354593,37.342172419439756],[-5.97834930488888,37.342167970860864],[-5.977795038028534,37.342253168738345],[-5.97690034621411,37.34243772542144],[-5.976195292434351,37.3430185399613],[-5.9756738610181355,37.34381931509166],[-5.975638195966676,37.34392422059918],[-5.975593874482037,37.34396420725492],[-5.973991576257695,37.344192592374874],[-5.973984003584064,37.34419367169857]],[[-5.969419552810816,37.3454085778375],[-5.971774265391068,37.344778240137906],[-5.973977362436759,37.34419542863577],[-5.973984003584064,37.34419367169857]],[[-5.969419552810816,37.3454085778375],[-5.96860671790494,37.343573731455926],[-5.968517632436642,37.34361570445117]],[[-5.968696160294269,37.35372998879118],[-5.968701686017243,37.353727806754975],[-5.971061957160703,37.35279573124725],[-5.9716369202271995,37.350905931465604],[-5.970709899682368,37.348811587350724],[-5.96975620802993,37.34665762455296],[-5.96926320586237,37.34554195572524],[-5.969261328518571,37.34553770721026]],[[-5.969261328518571,37.34553770721026],[-5.969259447052952,37.34553345985723],[-5.968428546865696,37.3436576773828],[-5.968517632436642,37.34361570445117]],[[-5.952297852800132,37.35060090826442],[-5.952803576226434,37.351023307285374],[-5.9548505295345056,37.35273289539613],[-5.9570077472307466,37.354214399419035],[-5.95937048290007,37.35583664353991],[-5.962748060752804,37.356193633259664],[-5.964715578097031,37.35537463412417],[-5.966714052419499,37.354548878887265],[-5.968691148274189,37.353732059526585],[-5.968696160294269,37.35372998879118]]]},"properties":{"id_dera":11010400001644,"ident":664,"nombre":"PALOMARE_QUINTOS","tension_kV":66}},{"type":"Feature","geometry":{"bbox":[-6.053863467609235,37.424419626521434,-5.937503620767963,37.479492168104784],"type":"MultiLineString","coordinates":[[[-5.969299504883325,37.449402031019424],[-5.972017845580451,37.4487267974924],[-5.975319142123788,37.44790502727168],[-5.975334931819994,37.447901096581575],[-5.97832578784978,37.447937137916426],[-5.978348572520859,37.44794731580245],[-5.981187087574058,37.44921522128989],[-5.9847555073542935,37.449403511687876],[-5.988137553669823,37.449542679079634],[-5.992057911678344,37.44970399056958],[-5.992066664587004,37.449704350581],[-5.995449753625051,37.450319821499555],[-5.998993676872943,37.45096442265954],[-5.998997901496677,37.45096549209764],[-6.001116891974412,37.45150187896772],[-6.004337983852689,37.45231713731808],[-6.007397096979985,37.45309131539011],[-6.01136481717004,37.45409527312498],[-6.014028243150096,37.4547691304218],[-6.017172483971002,37.45556451303305],[-6.019176583967298,37.45582298941623],[-6.021691933544066,37.45557832586373],[-6.024693384464232,37.45486521326707],[-6.028130157491575,37.454048563958295],[-6.03141623589538,37.45326762450103],[-6.034730650845362,37.45247982937417],[-6.037700658386356,37.45178783012292],[-6.04062521053356,37.45110888680879],[-6.041253554852033,37.45096300382862],[-6.041663304498863,37.450866855389215],[-6.043121233155595,37.450522268959055],[-6.045041108825785,37.45007612256017],[-6.0480766939426225,37.449369090813896],[-6.0506835667569465,37.44876408554593],[-6.053205996569086,37.44609222424602],[-6.054681247717823,37.44452565379744],[-6.054352422486809,37.442267687776],[-6.053911388254072,37.439292943749095],[-6.053466495381457,37.43629031035645],[-6.053159458692369,37.43410590218931],[-6.052857294635186,37.43207896528031],[-6.051645780173719,37.430192149807176],[-6.050350254288976,37.42817439893369],[-6.048989711553142,37.426055223660505],[-6.048499753576282,37.42529205096018],[-6.048453670239437,37.4252202693188],[-6.047861903686754,37.424744548797804],[-6.0460757622404975,37.424758926607915],[-6.043576540091968,37.42477899983784],[-6.040529577066352,37.424803405268264],[-6.040526530377826,37.42480342963236],[-6.0399249914292925,37.42477958812284],[-6.039919349580542,37.42477936449824]],[[-5.969299504883325,37.449402031019424],[-5.96929410532497,37.44940335908801],[-5.966779903976488,37.45002171710678],[-5.966752074443534,37.45002856131669],[-5.964420816481281,37.45219451376464],[-5.962552753529884,37.45403943345763],[-5.961260601764418,37.45539641068661],[-5.961254977810228,37.45540231664841],[-5.961122719457372,37.455615746284636],[-5.960081516998017,37.45729592110945],[-5.959280712184295,37.45870605978058],[-5.957031941751605,37.459565750632805],[-5.957010474648801,37.45957395707122],[-5.95497384143478,37.461677056521296],[-5.952869280716964,37.463724054339],[-5.9506490735805455,37.46588337270502],[-5.948399862645651,37.46807072151439],[-5.946309365074676,37.47013558292161],[-5.94629125225824,37.470150843536516],[-5.946286111254153,37.47015517499174]],[[-5.937477335659265,37.47882126750628],[-5.939550727611586,37.476767385745646],[-5.939558019867641,37.476760161845064],[-5.941757393040722,37.47460219400034],[-5.943963487225651,37.472439171553404],[-5.945913552509102,37.47052511936654],[-5.946282573154124,37.47015868828643],[-5.946286111254153,37.47015517499174]],[[-5.937477335659265,37.47882126750628],[-5.93755520677381,37.47886319832331],[-5.938519301888396,37.47938232101628],[-5.938664738973879,37.47946063116546],[-5.938669422978598,37.479463153247664]]]},"properties":{"id_dera":11010400001613,"ident":655,"nombre":"S_JOSE_SANTIPON","tension_kV":132}},{"type":"Feature","geometry":{"bbox":[-5.883701030304736,37.11780207532556,-5.883605585688921,37.117849726027124],"type":"LineString","coordinates":[[-5.883603866765606,37.11780444053919],[-5.883702749285767,37.11784736080965]]},"properties":{"id_dera":11010400001103,"ident":606,"nombre":"PALACIOS_RESERVA_04","tension_kV":66}},{"type":"Feature","geometry":{"bbox":[-5.938528925624313,37.478918465613894,-5.5460619337132515,37.662495796319234],"type":"MultiLineString","coordinates":[[[-5.938555538467171,37.47959748524901],[-5.93855085427229,37.47959496305969],[-5.938404753060381,37.47951629516642],[-5.937440649399535,37.478997166894786],[-5.937349023952646,37.4789478297574]],[[-5.937349023952646,37.4789478297574],[-5.935638949294985,37.48062860925193],[-5.933331581410593,37.482145478536374],[-5.931146301386619,37.48358587480172],[-5.929184487232687,37.48488510012802],[-5.9291302389227445,37.48492081147174],[-5.928498982311317,37.48516392589113],[-5.928375108360562,37.48521089112546],[-5.928356683116018,37.48521787680666],[-5.928273767012407,37.485290286367444],[-5.927222345612029,37.486176219459104],[-5.927219795035607,37.48617837310402],[-5.925010879244011,37.48762584932896],[-5.92500295875174,37.48763454830988],[-5.924960317499012,37.48768138063813],[-5.922972251950342,37.48998812979351],[-5.920969159941886,37.49228986625466],[-5.919041571465657,37.494616032426585],[-5.917037467233776,37.49687519142281],[-5.914933678434495,37.49925824010567],[-5.912891695514711,37.50157314256867],[-5.910409659579686,37.503455091249606],[-5.907994677900364,37.5053193894865],[-5.905556819794256,37.50718600746571],[-5.903139970531552,37.50903160838308],[-5.900629024314711,37.51095362948715],[-5.898383110322564,37.512671402459894],[-5.895737074579858,37.51469557417755],[-5.893268793272099,37.516583869095776],[-5.8907197760927215,37.51852844220948],[-5.888247542500377,37.52041666899031],[-5.885716338564685,37.522355196087595],[-5.883168599542695,37.524304571616575],[-5.8807250390786425,37.52617507760938],[-5.8784653384966505,37.527898847465615],[-5.8761649137814524,37.5296578796535],[-5.873807244127449,37.531458773298226],[-5.871339732525658,37.53334494671115],[-5.869052690498807,37.535091886284434],[-5.866669834776528,37.5369117253309],[-5.863938370410885,37.53899960602872],[-5.861511904805792,37.540854939499205],[-5.859032171347428,37.54270296377329],[-5.856673452742831,37.54451285857613],[-5.854185673883863,37.546451714985984],[-5.852121800170964,37.54802577566726],[-5.849735307369606,37.54984820116763],[-5.847247032982531,37.55174853535337],[-5.84626511431491,37.55249805551145],[-5.846261029828059,37.55250117324187]],[[-5.846261029828059,37.55250117324187],[-5.844783643418798,37.55362886417157],[-5.8423268713685035,37.55550511210906],[-5.839941340697209,37.5573258856349],[-5.83745150641548,37.55922663837005],[-5.834902721850617,37.56117308842614],[-5.832840341045341,37.562746755438326],[-5.830494817206041,37.56453694587571],[-5.827938929792737,37.5664876554693],[-5.825450220321023,37.56838624355071],[-5.82460585418118,37.5690307123651],[-5.824521349581963,37.569095178572866],[-5.824436844836227,37.56915964472545],[-5.8229975127520985,37.57025823924001],[-5.8213886895933395,37.57148638712033],[-5.819019260278815,37.57329350749504],[-5.816592722084109,37.57514438492241],[-5.814383785730586,37.57683008556922],[-5.812858507451823,37.57799323386015],[-5.8095035580123,37.57889421071594],[-5.806087736789134,37.5798014966861],[-5.802720542965259,37.580715549295284],[-5.800499123280432,37.58132857514303],[-5.800375290744296,37.58136269095697],[-5.8002516843316645,37.58139680127599],[-5.79941254406408,37.581628282719855],[-5.796055896979211,37.58250188971461],[-5.792668381562529,37.58342424993357],[-5.789497410133957,37.584262371243284],[-5.786472243266735,37.58508939607707],[-5.783274421329621,37.585979617202796],[-5.779812290113739,37.58691382480992],[-5.776866942471865,37.58771908223496],[-5.773907901179181,37.58852630090374],[-5.770456547632747,37.58947061619224],[-5.767135337806263,37.59037546632069],[-5.764052171088873,37.59121869112129],[-5.760750285943656,37.59212065806755],[-5.7575154774135,37.593004386208406],[-5.754331880050188,37.59387250405813],[-5.750931512859131,37.59480055682703],[-5.748131342983121,37.5955347337931],[-5.745101213634232,37.59633390985255],[-5.7420893120515535,37.59715141772033],[-5.739307039342045,37.59788999943762],[-5.736356759282856,37.59867899853976],[-5.733442944684137,37.5994610335734],[-5.730129653385263,37.600330635910815],[-5.727653585766272,37.60098252864221],[-5.724649471023397,37.60179134223468],[-5.72171549580969,37.602557219706696],[-5.718718409672109,37.603364753202946],[-5.718702592562295,37.60336901471016],[-5.7160857525917885,37.60497255837566],[-5.713316093519358,37.6066965834081],[-5.711152985119231,37.608028550188635],[-5.709876580480111,37.608814603598546],[-5.706343314444952,37.60982022026211],[-5.702934709678462,37.61078953822915],[-5.700010263882807,37.61162143687104],[-5.696827427043192,37.612526842439685],[-5.69367690575408,37.61342277474256],[-5.690904172089714,37.61421124791398],[-5.688178339920132,37.61498579242482],[-5.6856395818449235,37.61570672639858],[-5.682679433510329,37.61654901554537],[-5.67975559965263,37.61739815597808],[-5.674579224008812,37.61886372404852],[-5.671363002674031,37.619777032370806],[-5.671357668806254,37.6197785469347]],[[-5.671357668806254,37.6197785469347],[-5.669895657353689,37.62018487759513],[-5.668398911713596,37.620620015549406],[-5.668393592262977,37.62062156199169]],[[-5.668393592262977,37.62062156199169],[-5.666024213742999,37.6212758472267],[-5.663281253717044,37.62206453804564],[-5.661491551445335,37.622592746357796],[-5.658973401475298,37.62331226110567],[-5.658967854624414,37.623314441307166],[-5.6561242636036235,37.624432069759145],[-5.652971895736142,37.62567634956296],[-5.650021638888952,37.62686659900602],[-5.64793305605577,37.62767807988949],[-5.6449576167858595,37.62883398775272],[-5.642441712470734,37.62980345425334],[-5.638913801894368,37.631181722252],[-5.636327710657727,37.63214461078333],[-5.632663205943703,37.633460147858216],[-5.627655281124084,37.635125579528186],[-5.62446656025075,37.63620778777613],[-5.621868578087446,37.63708439608458],[-5.6188036331347915,37.63812089956307],[-5.615720517852968,37.63916196260258],[-5.6129612212539675,37.64010088667116],[-5.610465080216957,37.64094237102465],[-5.607659874923392,37.64189119984258],[-5.604465967566819,37.642971547459695],[-5.6014037607496485,37.644032414617435],[-5.598341692433378,37.64509329039955],[-5.595365535458954,37.64612444323145],[-5.593235075229759,37.64686281395582],[-5.590208267572261,37.647911352184956],[-5.587812407686387,37.648741420181224],[-5.58535601085415,37.64959214100693],[-5.582972345439742,37.650417519369185],[-5.581714147432719,37.65085345030335],[-5.578871134246452,37.651854785186394],[-5.5756507943409295,37.65298873667083],[-5.572306858088946,37.65416656941095],[-5.569179593678315,37.655267502031116],[-5.566450571747188,37.65622839492704],[-5.5635961520225115,37.657233042262106],[-5.5604097366698175,37.658355216312486],[-5.557678452307962,37.65931631862308],[-5.554585358915456,37.66040513494993],[-5.551258857430206,37.66157551583896],[-5.548818472998921,37.6624345141128],[-5.548813291392361,37.66243633792748]],[[-5.548813291392361,37.66243633792748],[-5.546308692754111,37.66152295092133],[-5.54602741459687,37.66135568170024],[-5.546022876975347,37.66135298327636]]]},"properties":{"id_dera":11010400001600,"ident":551,"nombre":"SETEFILL_S_JOSE","tension_kV":132}},{"type":"Feature","geometry":{"bbox":[-6.882369179875956,37.18383582511333,-6.093365922471161,37.63555575670674],"type":"LineString","coordinates":[[-6.882386794428373,37.184179435083905],[-6.881735305625616,37.18385662531633],[-6.87921939604273,37.18470190265875],[-6.876763857733794,37.18739838911056],[-6.874598083257478,37.1902750584818],[-6.872455699666083,37.19312335753853],[-6.871144337300317,37.194872770763034],[-6.871673620573646,37.19742955467354],[-6.873420982607504,37.20161663701285],[-6.872886741876923,37.20401590065883],[-6.871792665841136,37.205938560230805],[-6.873114256569093,37.209352410099754],[-6.87303038955635,37.21145234480713],[-6.8735390397933465,37.21325847512805],[-6.874270212004077,37.21565908257061],[-6.87502635205566,37.21838551500431],[-6.874013291103077,37.22114666822462],[-6.8727569162423015,37.22450331852275],[-6.8674028062920645,37.225726769723714],[-6.863213834606815,37.22781016712586],[-6.859435029156323,37.229690045380615],[-6.855522537722011,37.231638575284855],[-6.851611701160305,37.23358818724022],[-6.847428078522873,37.23566771671464],[-6.843393954788891,37.2376761187763],[-6.839892221422611,37.23942026439998],[-6.836417780713493,37.24115477466874],[-6.833280223216055,37.24222531999527],[-6.828939846778683,37.24488242495606],[-6.8242137782922425,37.24549112210204],[-6.820681758365493,37.24594583393602],[-6.81677403207246,37.24884202702143],[-6.815083538475882,37.2500915857938],[-6.812711169241348,37.25184102401278],[-6.808847060266668,37.25469781342105],[-6.805073959059088,37.257487591789456],[-6.801354567883986,37.26024372674497],[-6.798032792297464,37.26268401491305],[-6.7948216275636995,37.26506868159745],[-6.7905844878741,37.268205063911694],[-6.78763640680355,37.27036273743439],[-6.783889851063016,37.27312597445631],[-6.780569804434842,37.275587087920734],[-6.777649888259703,37.27774218002872],[-6.773691430618376,37.28067646978167],[-6.77028565606861,37.28319499750139],[-6.767950274621286,37.28445051668606],[-6.764007279496525,37.28657906822776],[-6.7602898198080705,37.288588247921986],[-6.754157978984906,37.291901025100515],[-6.752401792967205,37.29392810150854],[-6.749693842080743,37.2970655110449],[-6.748105499331297,37.29890522421146],[-6.746511172428398,37.30073717933022],[-6.742264606976963,37.30571333781116],[-6.73992468808475,37.30838781099265],[-6.7372008749831975,37.309830621168416],[-6.734219331916413,37.31142790892528],[-6.728046797161204,37.31473752044478],[-6.724916855391596,37.316411964127],[-6.721684098265424,37.3181428974922],[-6.719143571993387,37.319503677145704],[-6.716498401238819,37.32091967672085],[-6.712805986884666,37.32291545857762],[-6.709987701088884,37.32441053863307],[-6.705217001939723,37.32750236265246],[-6.701029787522546,37.330216088376915],[-6.695547664774083,37.333771886297946],[-6.691309884603191,37.336529294844254],[-6.686287315896615,37.33670754902913],[-6.681019920762546,37.33690051543298],[-6.677093883297361,37.33702601133407],[-6.674626068947122,37.33930107142081],[-6.672791026371756,37.34102362273391],[-6.670218188680548,37.34339249006216],[-6.66717983843985,37.346190079536285],[-6.66396403061792,37.34915093606401],[-6.660622736006751,37.35223532763236],[-6.660202408697799,37.35451096400365],[-6.657443753820791,37.356549830378356],[-6.655192310259276,37.35726726448629],[-6.652723251122385,37.35952472138877],[-6.649853190283567,37.36216479159086],[-6.646845832787039,37.36492444007286],[-6.643751071582192,37.36776698260098],[-6.640663767779078,37.37060273177729],[-6.637549176632153,37.37346951480852],[-6.634402733108216,37.377268286102776],[-6.631510507384985,37.38076429487664],[-6.628914655451317,37.3838985169471],[-6.626720081761624,37.386548108568476],[-6.623566116579278,37.39036494803978],[-6.621030152221789,37.39339608796766],[-6.618477837397137,37.396509209438754],[-6.616389717862985,37.399032023466916],[-6.614169016775451,37.40172192601908],[-6.6120024390171155,37.40433103426947],[-6.610135259714347,37.40658599251246],[-6.60843411666107,37.408648370323576],[-6.605788881671758,37.41186299508926],[-6.600621087158688,37.41319521766776],[-6.596884625755965,37.41416001398805],[-6.59172161702779,37.41550467946281],[-6.586728229645167,37.416800635551034],[-6.582775081518747,37.417824366629134],[-6.577977618763397,37.41906428154868],[-6.57322459482189,37.42030148777237],[-6.568026506221391,37.42164898509535],[-6.563879597454201,37.42272362441468],[-6.561162272354672,37.42342770352354],[-6.556756265320701,37.424567119477196],[-6.552736342765556,37.425608447141705],[-6.549031250026978,37.42656837287564],[-6.544118040183613,37.42734787408141],[-6.538688393574191,37.42821247613534],[-6.53316742297972,37.429091003452555],[-6.52832090781758,37.429862000175056],[-6.523195608085546,37.43068175137467],[-6.51866766960887,37.43140167414947],[-6.513121166528223,37.432278770695476],[-6.508058066488054,37.43308322507269],[-6.503106095816747,37.43386984078953],[-6.4980099357242525,37.434680073017994],[-6.492324804196455,37.43558769520006],[-6.487884223337892,37.436289986185784],[-6.483539544820194,37.43697423734597],[-6.479160548658824,37.43767069177459],[-6.474892004390585,37.438345985505435],[-6.4698863734268475,37.439141445184845],[-6.465132495332497,37.43989308755241],[-6.461699631224352,37.44043697406902],[-6.457566427601539,37.44109200087538],[-6.45246951349888,37.44190120296085],[-6.44750520038317,37.4426871254837],[-6.442476221909586,37.44349941042049],[-6.437720385343049,37.44397684633998],[-6.432893707918805,37.444468313824],[-6.428160824907383,37.4449440664657],[-6.422568306568789,37.44551690262248],[-6.416892768357214,37.44609503122367],[-6.412138586729002,37.446574544657274],[-6.407251243688862,37.447069513133435],[-6.402804346070047,37.44851452757723],[-6.398374162300921,37.450005565926716],[-6.393785733898146,37.45152738908107],[-6.38927582611558,37.453010382426626],[-6.384741410006642,37.45450526239651],[-6.381149107329087,37.455688374738436],[-6.3696099256757455,37.45948857597451],[-6.3662857834438835,37.46058331199522],[-6.36260062566232,37.46179599688651],[-6.359261358227917,37.46289331129131],[-6.354936556210801,37.46432830193339],[-6.350778936616647,37.46569135878037],[-6.346345753616772,37.4671468664063],[-6.341443183195823,37.4687572203888],[-6.337403658098035,37.47008764008757],[-6.33229935101425,37.47176630282484],[-6.327774296342325,37.473254349682584],[-6.3228092670036675,37.474884354051625],[-6.319121417332437,37.47609676960828],[-6.314923655617438,37.47748457963677],[-6.310336657122418,37.478991367653464],[-6.3062589838579814,37.48032315975014],[-6.301953813649108,37.481737309793346],[-6.297742167027506,37.48311977137998],[-6.29431425828097,37.48424577552207],[-6.2903587247605826,37.48554514557332],[-6.287054402013874,37.48663001652263],[-6.283411392862894,37.48783729200901],[-6.277687282268728,37.48761412105408],[-6.271267869686874,37.48737886153116],[-6.267163177514886,37.484899618842796],[-6.263662518266968,37.48279464424769],[-6.259117079196188,37.48005817125121],[-6.255367184268508,37.4777980037254],[-6.2518219068887575,37.475665420818494],[-6.247053337432747,37.47279189297598],[-6.24420846864763,37.471081829177514],[-6.239248468971681,37.47205849602862],[-6.2354630948548655,37.472804094030295],[-6.231162164633387,37.47364982304322],[-6.227014890937535,37.4744669572683],[-6.223109315005353,37.47523617223334],[-6.219422939387438,37.47596243000537],[-6.215330414928061,37.476768023907255],[-6.211086167129081,37.47759418347427],[-6.205812320011852,37.4786394431461],[-6.199816606710212,37.4798236043664],[-6.194791122456304,37.48081217617579],[-6.190028113525624,37.4817469513227],[-6.185914011206016,37.482557883257726],[-6.181689382768035,37.48338814150497],[-6.177178991365387,37.48427297419775],[-6.173964800679787,37.48490942847818],[-6.169461302706785,37.485948396501385],[-6.165206143947906,37.48693242097605],[-6.161113291945741,37.48787743878142],[-6.157857071933597,37.488631894185055],[-6.152604710406411,37.489849198396826],[-6.148618657066161,37.49076570566586],[-6.143723625665256,37.49189884175657],[-6.139433618308326,37.49289098441192],[-6.137392848530173,37.496487681892106],[-6.135272438096565,37.50022602866141],[-6.133380286843612,37.50356165286194],[-6.131396188818575,37.50704997722155],[-6.12900852107276,37.51128131812975],[-6.127133804221677,37.514567640479015],[-6.125490487849366,37.517461179517824],[-6.123439164491838,37.521095592074374],[-6.124238445148607,37.52416788389124],[-6.125135391924479,37.527577805756295],[-6.126024044484023,37.530944057089506],[-6.126993887557758,37.53462917802738],[-6.1277886347013055,37.53766902925056],[-6.128591563479181,37.54067549990272],[-6.129428184001685,37.543893166350514],[-6.1300797744274655,37.546362399180865],[-6.131122469209496,37.55033061855602],[-6.131950663733234,37.55349253002556],[-6.1331242046690795,37.55762844158496],[-6.134165476099532,37.56190228283659],[-6.134914768084228,37.56471432715205],[-6.136321876776025,37.570055751660426],[-6.137183794350154,37.573283748833454],[-6.13570281929709,37.5753534628497],[-6.133325174754945,37.578711009562],[-6.131744395415967,37.58094343812053],[-6.129446459465969,37.5841876083442],[-6.127353318771035,37.58714645323775],[-6.124891133925525,37.590622310579086],[-6.12235133261643,37.594207754817845],[-6.120187888543433,37.59723951985303],[-6.118179889587333,37.60003314468336],[-6.115689748114948,37.6036048848274],[-6.113778639414647,37.60630460633591],[-6.11132794477786,37.609761871253696],[-6.110469015251575,37.61097945246182],[-6.108400635558171,37.61388758809998],[-6.1065947870736705,37.61644521784971],[-6.104696579820146,37.619138062325646],[-6.1027543523368575,37.62191682123937],[-6.1007879436111985,37.62463770937955],[-6.099427211309779,37.62520184720351],[-6.094209182679918,37.62737412865328],[-6.0931358408709055,37.63001036229247],[-6.094963759173454,37.63400566113473],[-6.095462248948579,37.635079530398215],[-6.096004099084437,37.6354864916142]]},"properties":{"id_dera":11010400001711,"ident":811,"nombre":"PALOS - GUILLENA 1","tension_kV":400}},{"type":"Feature","geometry":{"bbox":[-5.862670461804444,37.38580151446773,-5.8575717405469,37.388822194903405],"type":"LineString","coordinates":[[-5.857461792743261,37.385927591059854],[-5.859398804116768,37.386155200942795],[-5.860033353264374,37.38676873700476],[-5.861637958771576,37.38761995990839],[-5.861826350064018,37.38849394849765],[-5.862775058366408,37.38869492925695],[-5.862775007054505,37.388694918386946],[-5.862780609357394,37.388696105190846]]},"properties":{"id_dera":11010400001469,"ident":565,"nombre":"ALCORES_HEINEKEN_1","tension_kV":132}},{"type":"Feature","geometry":{"bbox":[-5.858026747278997,37.38574362690333,-5.852026068232927,37.43871471739217],"type":"MultiLineString","coordinates":[[[-5.858078114211761,37.38709576087303],[-5.858074418838156,37.38709916696464],[-5.857488821696194,37.38763891691202]],[[-5.858078114211761,37.38709576087303],[-5.857761396304193,37.38621819651558],[-5.857593902824459,37.38575409567757],[-5.857456357380128,37.38578522041082],[-5.857450925497263,37.385786449571015]],[[-5.853394112462911,37.401294058242236],[-5.853509024439782,37.398790306888415],[-5.8536487571481475,37.39593180855424],[-5.85379827855076,37.39285204066497],[-5.853915676675588,37.38984251963912],[-5.853945813966573,37.38854353170372],[-5.855401880821968,37.38769695039828],[-5.857488821696194,37.38763891691202]],[[-5.85568458501162,37.43695790579645],[-5.855916650144419,37.438578300755],[-5.855962547149766,37.43858150397217],[-5.8562842670379025,37.43860395675462],[-5.856367831841736,37.43860978858483],[-5.856305137629722,37.43844686402133],[-5.856303480371549,37.43844255726504]],[[-5.8531006919653485,37.40761232639339],[-5.852999337515822,37.409772387072536],[-5.852889764582061,37.412309642778396],[-5.852726084377469,37.41524611473445],[-5.852593733435399,37.41810028275614],[-5.852425301359211,37.42081646652039],[-5.85224483642535,37.4237874005609],[-5.852063279398974,37.42671483831019],[-5.85189462382141,37.42949112524578],[-5.851758541865884,37.43166984996083],[-5.853602946297419,37.433357073465665],[-5.8554750571459815,37.435073259997694],[-5.855684086097928,37.43695341831753],[-5.85568458501162,37.43695790579645]],[[-5.853394112462911,37.401294058242236],[-5.853256179817853,37.40433628380563],[-5.8531006919653485,37.40761232639339]]]},"properties":{"id_dera":11010400001188,"ident":567,"nombre":"ALCORES_PARQ_AER","tension_kV":132}},{"type":"Feature","geometry":{"bbox":[-5.962403669822021,36.4906592386538,-5.803651767305992,37.388167680623965],"type":"LineString","coordinates":[[-5.855326573398813,37.38659231107843],[-5.853810735967927,37.38685306225242],[-5.849532590822451,37.38707012969116],[-5.846014078168805,37.385245530644525],[-5.841830970825244,37.38302140459376],[-5.837337400250694,37.38064237547357],[-5.833258698936828,37.378478496483694],[-5.828385263988238,37.37589196045992],[-5.823892292779552,37.37351336006473],[-5.818971034498807,37.37410330007776],[-5.817461637796281,37.37142402045958],[-5.81615488079739,37.36908527979492],[-5.814086099775301,37.365386080473],[-5.812247636903846,37.36210487571867],[-5.810009597246983,37.35809414652321],[-5.8077352918563045,37.354012232069124],[-5.80576396702355,37.35048175929458],[-5.803553549072321,37.34650519756377],[-5.802002855177118,37.343873888020994],[-5.802954893939971,37.340940573313915],[-5.803877017316226,37.338089528405625],[-5.805061993827841,37.33444808903199],[-5.805749236393392,37.33232299092489],[-5.806863939711253,37.3288906811327],[-5.807671253480156,37.326357196960565],[-5.808562189903135,37.32361479043953],[-5.8095657273889785,37.32053650055454],[-5.810374903979199,37.3180570466577],[-5.811265074530008,37.31526979146253],[-5.812025637904217,37.31297195504493],[-5.813710318018911,37.309768658554304],[-5.814743362108451,37.30782480886172],[-5.816313657331789,37.30483222821118],[-5.817767865822878,37.302085314171634],[-5.819642217001942,37.29853485321458],[-5.822621011167918,37.29672530014879],[-5.826050580543001,37.29465131458526],[-5.829326314895496,37.292654442531706],[-5.833649362639965,37.29003696277424],[-5.835633650955502,37.28883527111832],[-5.837629502092236,37.28762507008041],[-5.841500216401884,37.285271200194664],[-5.845094004430015,37.28309360112516],[-5.849228540350601,37.28058822350869],[-5.8516862558957286,37.27915887066738],[-5.85269673690966,37.275817551411414],[-5.85376042693055,37.27233175647883],[-5.854821646494537,37.26878293313134],[-5.85599476743633,37.26491583443925],[-5.8570573895471725,37.261412013000374],[-5.858158958691883,37.25774504364363],[-5.859050814944737,37.2547949124288],[-5.86003296096858,37.251554329522264],[-5.860372960737804,37.250410812055705],[-5.8611243709598915,37.24792353253588],[-5.862189926514435,37.24438346090165],[-5.861242058478799,37.24063121642002],[-5.860210196480179,37.23659218743795],[-5.85911274977206,37.23230251003634],[-5.858135132720552,37.22849643092411],[-5.857117391527586,37.22452009848025],[-5.8561778494296055,37.22082120926982],[-5.855200227260979,37.21700617467439],[-5.854315647978711,37.21356716918608],[-5.853455484219781,37.210172711470385],[-5.852372525259756,37.205945581121334],[-5.851356149196455,37.20198734719381],[-5.850264228490108,37.19781438240412],[-5.849260587737698,37.1938916791208],[-5.848207088793949,37.189834997042325],[-5.847152024097854,37.18573328305689],[-5.84613692910073,37.181792794673505],[-5.845122969410767,37.17787939030501],[-5.844055900190036,37.173750802143616],[-5.843027552671196,37.169747516266526],[-5.841946908849828,37.16554731629757],[-5.84090790005595,37.16155327018729],[-5.839787589374142,37.157191612767065],[-5.838813501755036,37.15342144389696],[-5.837752036581285,37.149418975506805],[-5.83674173195026,37.14557728829385],[-5.8356920899497,37.141583432150945],[-5.834591093889996,37.1374196672756],[-5.8335039387224334,37.13331854680613],[-5.832560075883005,37.12973654439402],[-5.831472158269881,37.125608381343014],[-5.830436618002865,37.12167728929902],[-5.8294023088672215,37.11777300801639],[-5.8285346859035005,37.11443793972761],[-5.828392533228729,37.111220624479415],[-5.828264684569502,37.10808776104867],[-5.828092562455727,37.104063838000286],[-5.827937962792995,37.10021070823377],[-5.827767580186846,37.0962318852758],[-5.827603921138454,37.092433035402095],[-5.827446396559693,37.08849886636553],[-5.827272758756836,37.08443000092432],[-5.827094020746263,37.08022599498669],[-5.8269241262778095,37.076256068149476],[-5.826767504362054,37.07233988986809],[-5.8265818447621065,37.06794680335769],[-5.826404025512937,37.06376087677646],[-5.826230802868368,37.05970081581884],[-5.82610358527197,37.05627053815239],[-5.825943573616648,37.05256186951118],[-5.825744512097862,37.04810600860535],[-5.825615487200763,37.04492799418508],[-5.825448430463352,37.04103015850882],[-5.825330469920509,37.03814934068072],[-5.8251444363780305,37.03373821602588],[-5.825006158354009,37.03030818762682],[-5.8247852752463505,37.024951783964624],[-5.824653727076869,37.022008203515625],[-5.8245208600858085,37.018722131169895],[-5.8244125854573205,37.016102492846564],[-5.824229188893338,37.011754368452],[-5.8240766096336225,37.00793717979965],[-5.8238789557188895,37.0032019901889],[-5.823721657320561,36.99955612386971],[-5.8236008159011545,36.99659425360773],[-5.823414255167163,36.99215607705725],[-5.823242936816972,36.9881320589497],[-5.823102259281445,36.984720084012686],[-5.824692709838488,36.981358725609574],[-5.8264526691016725,36.97762212818979],[-5.827827725046039,36.974714718785805],[-5.830171401973461,36.9697657259992],[-5.831722585614828,36.96646658194444],[-5.833336842553799,36.96305777621623],[-5.8351065608270485,36.95930289111642],[-5.836771394977758,36.955748738359],[-5.838540898633453,36.951993539870166],[-5.83985413561152,36.94925869461646],[-5.842164705651357,36.944364427407294],[-5.84399454882114,36.94048515097929],[-5.844875803537597,36.936736997790256],[-5.845680188205714,36.93331130723021],[-5.846398545456308,36.930293279178436],[-5.847232441229367,36.926758913457974],[-5.848014815100621,36.92338906473354],[-5.850090191732728,36.92044162537419],[-5.853500301897341,36.91557463048886],[-5.855258688807963,36.913072319873734],[-5.857932885740383,36.90925020438428],[-5.860264209182183,36.9059257034609],[-5.861801631528194,36.90266553847661],[-5.8639745984528435,36.89806237084149],[-5.865502310854578,36.89480852184603],[-5.866822115308774,36.8920010543845],[-5.868578659621041,36.8882730479638],[-5.8701891463006275,36.884845834435325],[-5.871861792280218,36.88128192580875],[-5.874065326688452,36.876623777139166],[-5.875737522679896,36.87305982777548],[-5.877607722441082,36.86909455600782],[-5.879186205985689,36.86573117268091],[-5.881585203632429,36.86062650210205],[-5.883496263364958,36.856570037630306],[-5.884731982357127,36.85394483067945],[-5.887525150244218,36.84801052408928],[-5.88863533737286,36.84563163901191],[-5.890586907576273,36.84148450774729],[-5.891926179122322,36.83835261146319],[-5.89373902336667,36.83410013114017],[-5.895375999278379,36.830239401726466],[-5.897312455839192,36.82570450172276],[-5.899217144013296,36.821224416462535],[-5.901152837787027,36.81668046510829],[-5.902470135792381,36.81357548670218],[-5.903921427302771,36.81016065089851],[-5.905640891347039,36.806135566073046],[-5.907204749636929,36.80244777844612],[-5.908984589731905,36.79824995288006],[-5.9103010669778,36.79513581180766],[-5.912070761615275,36.79097423777091],[-5.913521262660723,36.78755940064499],[-5.915125430633974,36.78377130960737],[-5.916802446150455,36.779837228462824],[-5.918694512484379,36.77537518102436],[-5.920236983080809,36.771741733974125],[-5.921830826038264,36.76798985682384],[-5.923322201752919,36.76449280042334],[-5.925028245569156,36.760458860162345],[-5.926529169558555,36.75692548420824],[-5.928234554009041,36.75288241487849],[-5.92981750867646,36.749157649799066],[-5.931554762309134,36.74507770370023],[-5.932900707630206,36.74189960988102],[-5.9342983608701,36.73861199799904],[-5.93521226662767,36.73644471941599],[-5.9371541550215925,36.73187302883771],[-5.938663281272661,36.728285237703446],[-5.939876334834925,36.7254526074887],[-5.941416838851664,36.72181904032434],[-5.942699739341057,36.718768472006445],[-5.944137901918373,36.715389544029144],[-5.945226374360146,36.712821459401724],[-5.947105574516545,36.70839534943399],[-5.952216719601406,36.69630140969768],[-5.953879027045295,36.692367200304915],[-5.955551665430088,36.688414690830136],[-5.95695662890442,36.68507257864556],[-5.95838290763832,36.681702796201606],[-5.95982993612891,36.6782965259501],[-5.961235250642795,36.674972470422375],[-5.962670869812367,36.671566451644026],[-5.964291283553407,36.66773218478973],[-5.9657378269018535,36.66432585923093],[-5.967234936634488,36.66078308362447],[-5.968774551882422,36.657124425053716],[-5.967679784904966,36.65349893809858],[-5.964599331493401,36.65073503036462],[-5.961345278496657,36.64782423466019],[-5.958126593621196,36.6449573417122],[-5.95615786679915,36.64318593487677],[-5.952951204542218,36.640327784514085],[-5.949906214559868,36.637600618988344],[-5.947012266318247,36.635013814395684],[-5.9447086702843155,36.632953024422896],[-5.942323696389692,36.630804172632125],[-5.939083527675986,36.6279194167199],[-5.936270776898853,36.625393409746884],[-5.933262301109263,36.62271003541276],[-5.930704858041519,36.620420908297014],[-5.927395483322406,36.61745632205752],[-5.924630328878478,36.614983010180794],[-5.9213791897424075,36.61207088314116],[-5.918221146885773,36.60924658706867],[-5.91513225765629,36.606474487287564],[-5.912182447020821,36.60382506382494],[-5.909453012370831,36.601386546896855],[-5.90559038501906,36.597930176083565],[-5.903369876092354,36.59593868684131],[-5.90072196778875,36.5935700618318],[-5.897472639301254,36.590657193816085],[-5.894362242538805,36.58786701768387],[-5.890350465397961,36.58426964536879],[-5.886848044525723,36.58113731622837],[-5.883264300969,36.57791672805085],[-5.879970084682821,36.57495946663855],[-5.87660702899656,36.57194970064825],[-5.873521136316805,36.569176374414845],[-5.871533196534674,36.567385909661446],[-5.868147590771574,36.56434939713047],[-5.865663764993826,36.56212909849382],[-5.8625441831732825,36.55932933369179],[-5.859563732216165,36.55666122922933],[-5.8561208318404265,36.55356255198495],[-5.852135610909293,36.549981190845955],[-5.848797712780583,36.54698800721977],[-5.845321868672707,36.54388068264713],[-5.843930184104875,36.542620163746335],[-5.84245668041895,36.53998168079772],[-5.840136746206133,36.53579231145882],[-5.837905993057696,36.53177172255542],[-5.833434368193063,36.528649160731995],[-5.8307760663875765,36.5267927956794],[-5.8265366934116365,36.5238292715976],[-5.821759251720647,36.52049081668539],[-5.817909647468084,36.517788189666575],[-5.814805612596152,36.5156265690422],[-5.811884461061419,36.51357761498328],[-5.809284258749529,36.511755423223605],[-5.805458796137478,36.50907875082556],[-5.802091766686237,36.50672470789123],[-5.797865722753668,36.50375979799452],[-5.793789199225991,36.50090847393734],[-5.790251051782485,36.49843183045593],[-5.7875377661181595,36.49653085828901],[-5.78513168729311,36.494932480353555],[-5.784867690129415,36.49582272986414],[-5.7846788520107735,36.49620863592799]]},"properties":{"id_dera":11010400001620,"ident":604,"nombre":"ALCORES - GAZULES","tension_kV":220}},{"type":"Feature","geometry":{"bbox":[-5.90694241240964,37.29892436435023,-5.887577661999963,37.36170658800007],"type":"LineString","coordinates":[[-5.906422616999984,37.29893714100006],[-5.9069888089999365,37.30012887300006],[-5.905870035999964,37.30136841000005],[-5.903491171999989,37.30382795500003],[-5.901365648999968,37.30603709700005],[-5.899519653999966,37.307962775000064],[-5.900181484999973,37.30983861900007],[-5.901365938999966,37.313080695000046],[-5.901944004999972,37.314686229000074],[-5.90113950199999,37.316857174000056],[-5.900336750999956,37.31902365700007],[-5.896359155999975,37.32100241400006],[-5.896421892999975,37.324316593000034],[-5.896419634999987,37.32431660000003],[-5.896460949999958,37.32637445700005],[-5.896523841999975,37.32932613700005],[-5.896558336999942,37.33118855600002],[-5.896608032999953,37.33373253300005],[-5.896663792999972,37.33628598300003],[-5.896697506999949,37.338618644000064],[-5.896765920999953,37.34202524300007],[-5.896815655999957,37.344564950000056],[-5.896877609999943,37.347870389000036],[-5.895396821999957,37.35030334600003],[-5.893723815999985,37.35304073100008],[-5.8924391009999875,37.35515148000008],[-5.8905857629999385,37.35818344400007],[-5.8895771949999665,37.35983949700005],[-5.88835990199994,37.36129628800006],[-5.887577661999963,37.36170658800007]]},"properties":{"id_dera":11010400001033,"ident":616,"nombre":"DOS HERMANAS - SIDERURGICA","tension_kV":220}},{"type":"Feature","geometry":{"bbox":[-5.930691205209541,37.376802655077235,-5.8543186761871695,37.39348830327269],"type":"MultiLineString","coordinates":[[[-5.931064221077798,37.390028286579394],[-5.93117434199796,37.390298649529356],[-5.931205134407643,37.39038665012573],[-5.931217815824532,37.39042427601406],[-5.931222754943748,37.390447418235816],[-5.9312201727642195,37.3904732529359],[-5.931210743206806,37.39049603528452],[-5.931197505263315,37.39051318670908],[-5.931186803689687,37.39052633752564],[-5.931153325091783,37.390565107702514],[-5.9311194133648195,37.39059279282427],[-5.931096038286801,37.39060303671475],[-5.931054035035131,37.390618753588626],[-5.930991906620936,37.39063604378258],[-5.93091963904786,37.390657879972025],[-5.930832439062069,37.39068796099753],[-5.9307730260038225,37.39071735268819],[-5.930736286225842,37.390741529700485],[-5.9306511265583115,37.390800909678916],[-5.9303823293553775,37.39101150277577],[-5.930232226093528,37.391113833458824],[-5.930219963495645,37.39112147500991],[-5.930206307299544,37.391127898633194],[-5.930074601638032,37.39118431649231],[-5.929941772316146,37.39122340293164],[-5.929699261148546,37.39127397825451],[-5.929250155107862,37.39137011995795],[-5.928901186016784,37.39145160954342],[-5.92856649442586,37.39153113219255],[-5.928174603184209,37.391622094168255],[-5.927892588366213,37.39167776095939],[-5.927775322569718,37.391690330921215],[-5.927755176155545,37.391691367197076],[-5.927736291067282,37.39169022405834],[-5.927715977616355,37.39168696905722],[-5.927691540234865,37.39168148967535],[-5.927677006159628,37.39167111265385],[-5.927662171007644,37.39165877424903],[-5.927649261519111,37.39164406065669],[-5.927639714224976,37.39162926465095],[-5.927613010841483,37.391582859752056],[-5.9274315678437866,37.3912834790116],[-5.927248790934631,37.39100166856873],[-5.92711533959439,37.39080579108821],[-5.927027142976374,37.39067196467461],[-5.926891547162819,37.390461285864326],[-5.926799536356799,37.39032164902202],[-5.926747636030928,37.39020983119638],[-5.926725806482575,37.390167599847715],[-5.926717890387606,37.3901543735672],[-5.926707999920439,37.390142270271625],[-5.926680845166366,37.39011305615782],[-5.926626045302035,37.39005929319354],[-5.926566804861966,37.39000671427286],[-5.926518425654871,37.3899796369619],[-5.926492638267683,37.38997401234547],[-5.926477444237923,37.38996973555189],[-5.926461529111334,37.38996422412662],[-5.926429847983957,37.38995122873285],[-5.926371325656673,37.389940150632555],[-5.926347882128899,37.389937152225265],[-5.926322127587166,37.38993814783715],[-5.926297815270499,37.389941613605124],[-5.926250923830389,37.38995852392666],[-5.926180275294108,37.38999320246068],[-5.92614221221736,37.39001221975869],[-5.926126462389472,37.39002245313711],[-5.926111655909601,37.390033915641105],[-5.926099195513804,37.390048004334986],[-5.926089388847931,37.390061131639804],[-5.926027867639789,37.39016323204789],[-5.925919710726036,37.39028885736618],[-5.925776290697986,37.39039012219362],[-5.925653938644588,37.390444871723396],[-5.9255252395956965,37.3904806295975],[-5.925377912860914,37.390498773040726],[-5.925233301285737,37.39049447905106],[-5.925090278869617,37.390467597100745],[-5.924969829088572,37.39042709150751],[-5.924893503396434,37.39040231559456],[-5.9248072924452755,37.390371341672534],[-5.924724694882493,37.3903409945918],[-5.924666975036445,37.39031593636432],[-5.924406680212556,37.390232182899794],[-5.924040165370583,37.39013351920219],[-5.92310516758549,37.389962213643855],[-5.922293058014617,37.389905707143484],[-5.92194802816034,37.38990386101717],[-5.921469372172482,37.38990334833601],[-5.921323203302434,37.389893585175685],[-5.921283821923046,37.38989599069534],[-5.921153131990664,37.38991515021621],[-5.921103288079424,37.389919603882554],[-5.921000091096244,37.38993056585267],[-5.920867194033872,37.38993331430881],[-5.920729515774976,37.389951572045334],[-5.920574132304833,37.389958634420225],[-5.920360516282986,37.38996785140673],[-5.920198085818017,37.389960949623855],[-5.92007913837537,37.389959057897805],[-5.919930030435088,37.38994287791658],[-5.919715625895678,37.389914442031916],[-5.919590932452092,37.38990320620178],[-5.91923715047889,37.389855037856506],[-5.919181628863143,37.38984611939183],[-5.919083095201631,37.38983853210138],[-5.918938404019611,37.38982635874191],[-5.9188732921121945,37.389830383103906],[-5.918680843499299,37.389824399218035],[-5.918289768702851,37.38983244906587],[-5.917746082311374,37.389838091408194],[-5.916918733507904,37.38983382329387],[-5.91682296324319,37.389833861061874],[-5.916641939682118,37.38983331901958],[-5.916490822119385,37.3898347227916],[-5.916083007192687,37.389833335203676],[-5.915886760743485,37.38983352544259],[-5.915628733495099,37.38983112383371],[-5.915334237634883,37.389831053321885],[-5.915099079806054,37.38982844488445],[-5.914818202706075,37.389826784577814],[-5.91475092010631,37.389821106984144],[-5.914673384091785,37.38979393755616],[-5.914625728647889,37.38975645794915],[-5.914561930685662,37.389678661459605],[-5.914515194594401,37.389601250519995],[-5.914500968367627,37.38956401941478],[-5.914503085040962,37.38949130812655],[-5.914522971059383,37.38942567527806],[-5.914568108390758,37.38935762999468],[-5.9146135781923475,37.38929816734141],[-5.9146716558738275,37.38922837099409],[-5.914805210199701,37.389092107370416],[-5.915057515763929,37.38883694639125],[-5.915248880132384,37.388647177457884],[-5.915461505860683,37.388433082606106],[-5.915696081832713,37.38820090719576],[-5.916026098112632,37.38787349402001],[-5.916182230789907,37.387718059964094],[-5.916341710019419,37.38756274314661],[-5.91650069644613,37.38741462615927],[-5.916583576816597,37.38734032403681],[-5.916593280183902,37.387329565366365],[-5.916600954839946,37.38731800615891],[-5.916603019275183,37.3873128542149],[-5.916604113563788,37.38729986434195],[-5.916602680681257,37.3872869359506],[-5.916602012340688,37.38728344546567],[-5.916598935273518,37.38727278962258],[-5.916593152644169,37.38726103097041],[-5.91658553621153,37.38725006187239],[-5.916567106471581,37.38722809626102],[-5.916555175783878,37.38721574598148],[-5.916540670161966,37.387205691223016],[-5.916473069325693,37.387165705896344],[-5.9164628765325595,37.38716043210089],[-5.916452177075093,37.387155808771716],[-5.916376704249798,37.38712919411196],[-5.916098575167971,37.3870447826185],[-5.915720514687903,37.38692458319462],[-5.915315081729405,37.38679560113738],[-5.915013957653966,37.386695071903745],[-5.914904156654211,37.38665543654823],[-5.914889509602549,37.386648572171936],[-5.914875049543821,37.38663968477235],[-5.914863233268003,37.38663030684167],[-5.91485391231436,37.38662001673572],[-5.914847745608996,37.38661209343142],[-5.914729793943154,37.38652702132795],[-5.914616469922372,37.386468611298554],[-5.914497727868845,37.386407838823516],[-5.914482829949497,37.386401404989506],[-5.914468555066303,37.386397294976824],[-5.914453011725426,37.386394809351636],[-5.9143354826014285,37.386382539605805],[-5.914033729863532,37.3863585291198],[-5.913912518399105,37.386343986245926],[-5.913455205938794,37.386340068650625],[-5.913301606948328,37.386338542332915],[-5.913116529118831,37.386332267435776],[-5.912856766430649,37.38632655843983],[-5.9128158039021015,37.38632448659501],[-5.9127976250221606,37.386322702783204],[-5.912781112884094,37.386319284778125],[-5.912761168023716,37.38631318869632],[-5.91275328278603,37.386309026382136],[-5.912742191111095,37.3863011180459],[-5.9127306249413465,37.386291308422116],[-5.912720298481435,37.386279130846084],[-5.912711175845282,37.386263629260384],[-5.912705145723045,37.386248902054255],[-5.91270090578687,37.38623567065536],[-5.912696334603504,37.38619673342606],[-5.912688969528856,37.386130317384406],[-5.9126806042685685,37.38602777123694],[-5.912672732681941,37.38594827144443],[-5.912664157710839,37.38591596751069],[-5.912644871750217,37.38588902770056],[-5.912613884305441,37.38586598965006],[-5.912572559485105,37.38584766943866],[-5.912533578130123,37.38584172358795],[-5.9124658897132365,37.38584413547177],[-5.912234889530691,37.38584175381378],[-5.912068700818787,37.38584181209771],[-5.911870512796665,37.385840852095924],[-5.911738406474489,37.385844107692854],[-5.911572326202963,37.38584352554404],[-5.911406694142168,37.385840752414325],[-5.9112944360186646,37.385840755745974],[-5.911189913991975,37.38584109999956],[-5.9109476952749365,37.38584132961732],[-5.910770586420102,37.38583793636356],[-5.910603315557596,37.38584099369237],[-5.910360675146099,37.38584410151828],[-5.9103461449133405,37.38584371603128],[-5.910325687799755,37.385841563544226],[-5.910307567169385,37.38583786582674],[-5.910294518273957,37.38583446759175],[-5.910286800340233,37.385831151604094],[-5.9102762016702535,37.38582567460505],[-5.910261584504797,37.38581615253388],[-5.9102484815890834,37.385804468426265],[-5.910237054742248,37.38579136078381],[-5.910231183558702,37.38578417333645],[-5.910223941578749,37.38577275575925],[-5.9102178758299795,37.38576158944534],[-5.910206436629387,37.38573706907241],[-5.910203518662004,37.385726910122926],[-5.9101986674510885,37.3857119933498],[-5.910191123571043,37.385697762837474],[-5.91014425429075,37.38562110117677],[-5.910125533791746,37.38560420031693],[-5.9100057132707695,37.38556002778571],[-5.909765201960136,37.38547433852852],[-5.909712350454062,37.38545393763414],[-5.909693878067076,37.385438426360246],[-5.90968346324253,37.385415276472955],[-5.909682655859001,37.385404444692476],[-5.909684284767246,37.38538626861517],[-5.909689271147693,37.38536955880801],[-5.909697782554304,37.38535353802091],[-5.909708434431223,37.38533761950743],[-5.90971809461214,37.385326220884544],[-5.909739015105852,37.385309584538064],[-5.909749335261795,37.3853001844669],[-5.909758990571495,37.385288630975616],[-5.909767633703676,37.385276016612835],[-5.909786699951067,37.38524159902653],[-5.909821751686852,37.385173460556025],[-5.90985716400587,37.38512468994192],[-5.909926185613582,37.38499060848588],[-5.909973847775339,37.38490193024215],[-5.910034688765739,37.38477231319035],[-5.910121680895469,37.384600587197866],[-5.910204775266334,37.38443962228588],[-5.910209649764583,37.38442224301053],[-5.910205190643857,37.38438584392637],[-5.91020520700544,37.38437190387171],[-5.9102081780494435,37.3843483756769],[-5.910206820381099,37.38432761047083],[-5.910200361218911,37.384311174435034],[-5.910188273435823,37.38429974464489],[-5.910179654555959,37.38429199140965],[-5.910127204083079,37.38426938578614],[-5.909879065421216,37.38418433416922],[-5.9096429687594645,37.38410230505104],[-5.909623793296975,37.38409403680349],[-5.909604224941757,37.38408279205991],[-5.909590326222582,37.38407472546456],[-5.909574538447614,37.38406803447238],[-5.9095590366933415,37.38406155629766],[-5.909364499318039,37.38398580465572],[-5.909291984071177,37.38396059569731],[-5.909243983676714,37.383938323430755],[-5.909099215540325,37.38388037486716],[-5.908843880059378,37.383788417550775],[-5.908606061584816,37.38372634249493],[-5.908027644598051,37.3835257275993],[-5.908009036201808,37.38351777762394],[-5.907920549268413,37.38347393103863],[-5.907902815058199,37.383467066054585],[-5.907885442660376,37.38346240430761],[-5.907779957670087,37.38343789494741],[-5.9077600483855806,37.38343213412385],[-5.907400662193238,37.38330246321013],[-5.907029590378211,37.383171751388026],[-5.906658754605159,37.38303992604356],[-5.906317349362577,37.382916226904044],[-5.906290192377792,37.38290229110846],[-5.90626437263989,37.38289429655837],[-5.905914594772998,37.38277633387516],[-5.905538290743028,37.38265000532849],[-5.905168633945845,37.38251626565615],[-5.904797823632032,37.382381335800666],[-5.904378160352487,37.382237870322484],[-5.90404611765173,37.382123939900524],[-5.9037829789502085,37.38202586463236],[-5.903405814481797,37.381876727775925],[-5.903173989134562,37.38178876130901],[-5.9030958069992385,37.38176176028508],[-5.9030294138131,37.38173871545344],[-5.902740141270886,37.381652689322365],[-5.901542928735216,37.381233677581506],[-5.9010189765804,37.38105443966388],[-5.900724766729648,37.380969591180474],[-5.900692375536383,37.38095738467219],[-5.900517529559205,37.380881014863746],[-5.898776369296657,37.380289324715484],[-5.89875758314674,37.38028500985631],[-5.898720204847138,37.38028141600719],[-5.898675835272038,37.38028621870224],[-5.898641292585319,37.38029582275855],[-5.898605646723677,37.380311290156975],[-5.898576806496463,37.38033083648611],[-5.8977014386836135,37.38097239585207],[-5.89765782924225,37.38100557074124],[-5.897609107126395,37.381044177446256],[-5.897248295849746,37.3813279126322],[-5.89641907169264,37.38201131556878],[-5.8963997334632126,37.38202414249421],[-5.896366194410929,37.382048553970215],[-5.896055756795558,37.38230416895558],[-5.894178414661151,37.38323903782505],[-5.894129294067279,37.38325254340536],[-5.894107211922706,37.383264773977906],[-5.893806451076813,37.3834504143342],[-5.893467618318734,37.383662069612015],[-5.893142939007471,37.38385297784495],[-5.892985852480699,37.383936627273904],[-5.8928663005231225,37.38398869379875],[-5.892644334205876,37.38405763697084],[-5.892412432803148,37.38409821183516],[-5.892245731857333,37.38411999770763],[-5.8921734459591875,37.38412176706714],[-5.891969347899259,37.38411598476508],[-5.891519940883041,37.38408644002922],[-5.890837485932317,37.384034113207164],[-5.889669035887159,37.383945683502674],[-5.889515683599806,37.383930321811654],[-5.889065545961676,37.38381424123384],[-5.889051924054625,37.383811238494246],[-5.88903866417524,37.38380925323252],[-5.8889053303269305,37.38379557739225],[-5.8885203473974554,37.383768808166096],[-5.88827529066009,37.38373476891528],[-5.8879240305316145,37.38368176923298],[-5.887032367707149,37.38351546890895],[-5.886241650991835,37.38336517182965],[-5.886080322834674,37.383334214409274],[-5.885994711464769,37.383315520195374],[-5.88542771795794,37.38316283207185],[-5.885025857587545,37.383056404172265],[-5.884629208018424,37.38295164262687],[-5.884046537526841,37.38280087042201],[-5.8838438467464655,37.3827460595078],[-5.883417823956803,37.382631716740335],[-5.883355823102319,37.38261655065965],[-5.882692780524177,37.38243257713443],[-5.88218233086923,37.382269769404],[-5.881727603673402,37.382126128043],[-5.880992873648111,37.381889432539694],[-5.880904155063441,37.3818562803728],[-5.880886232797258,37.38185053680491],[-5.8807367902218735,37.381812649319706],[-5.880720678776023,37.38180795639509],[-5.880468984015167,37.381716338290616],[-5.880455766833905,37.381713270613204],[-5.879044223468728,37.381344224020644],[-5.877934050610271,37.381060207817846],[-5.87634080327892,37.380632833789],[-5.876277837781199,37.3806157194421],[-5.876187817597813,37.38059474375456],[-5.876143965030777,37.380586769668135],[-5.875677932772678,37.38046334775201],[-5.875550222681948,37.3804288795602],[-5.875386559082603,37.380380029862096],[-5.875201436159127,37.38032548640824],[-5.874827654916974,37.38022580814504],[-5.874624911898618,37.38017338828951],[-5.874246877285901,37.38007352868866],[-5.874054522365882,37.380024245035905],[-5.873867784691416,37.379983017109225],[-5.873798143168187,37.379967194644344],[-5.873711318652357,37.379946421358525],[-5.8736000750965625,37.37991663628378],[-5.873013899457724,37.37976193907237],[-5.872606230557922,37.379655449898884],[-5.872516403829805,37.37963022796139],[-5.8724284309259405,37.37959789818749],[-5.872372268382055,37.37955490749923],[-5.8723192020605515,37.37950957979814],[-5.872278455999275,37.37948090561267],[-5.872225286937366,37.37945140251446],[-5.872172313149315,37.379436303894224],[-5.8721215595853336,37.37943301677185],[-5.872056714656759,37.37944080855086],[-5.871987145920073,37.37946397137505],[-5.8719244817083585,37.37950109265919],[-5.871864614414501,37.37953729801448],[-5.871825557348928,37.37954361590448],[-5.871766915406781,37.379537695443055],[-5.871626475409063,37.379503532310686],[-5.8714389885107074,37.37945186520769],[-5.8711371506640795,37.37936314112945],[-5.870820296965048,37.37927986589719],[-5.8706578939046254,37.37923606372971],[-5.870599111211116,37.37921715064873],[-5.870235564123947,37.37910703753994],[-5.870120141460444,37.379069722053266],[-5.869631386332246,37.3789069916936],[-5.869618639553072,37.37888837214026],[-5.86961262056832,37.378851224180394],[-5.8696157938753375,37.378785883294995],[-5.869641106510987,37.37869768577669],[-5.869649610863996,37.37866075100404],[-5.869671653432727,37.378626030320454],[-5.86971152880805,37.37857618436022],[-5.869766535746618,37.37851467039364],[-5.869814061354657,37.37845192519288],[-5.869836768057336,37.37841605838937],[-5.869859686857583,37.37836718917282],[-5.869851183025029,37.378339143064466],[-5.869821445547515,37.3783113306003],[-5.869783039262204,37.3782975720348],[-5.869753049682992,37.37830027823451],[-5.869731947266181,37.378313221191675],[-5.869720546064557,37.37832988521567],[-5.86972773972873,37.37834214099077],[-5.869731409441527,37.37838069312277],[-5.869723021520144,37.37839367512066]],[[-5.869723021520144,37.37839367512066],[-5.86978787638371,37.37845008673969],[-5.867608152881283,37.38002092555211],[-5.863239524165572,37.38322623875394],[-5.857419682382954,37.383973640479624],[-5.854044820770358,37.386270709262256],[-5.8552471219004,37.386372277885506]]]},"properties":{"id_dera":11010400001625,"ident":621,"nombre":"ALCORES - SANTA ELVIRA 2","tension_kV":220}},{"type":"Feature","geometry":{"bbox":[-5.904220172345872,37.24174908267816,-5.845182026460556,37.29928888751905],"type":"MultiLineString","coordinates":[[[-5.846262413192686,37.24712814685841],[-5.8476966224878755,37.248439629443844],[-5.84965774525568,37.250238971725615],[-5.851719861208963,37.25211928726299],[-5.853559653164848,37.253798928594136],[-5.855438677557077,37.255521205867225],[-5.857373796624597,37.257290666032766],[-5.8581946658015775,37.258041103198394],[-5.8591380417344965,37.258903464661955],[-5.860584865603571,37.26022636574871],[-5.862652305908181,37.26211643569388],[-5.864179808299437,37.2635122191444],[-5.8660618513109135,37.265233070996295],[-5.86606770786094,37.26523842578171],[-5.867901105462932,37.266440945039136],[-5.869788915057721,37.26767933014439],[-5.871672515612185,37.26891508246434],[-5.873499508630825,37.27011343086375],[-5.875738282277843,37.27158603799057],[-5.8779913508476405,37.27306158699918],[-5.88022395308834,37.27452145957777],[-5.881395759868064,37.27529120750893],[-5.881537137303041,37.27539780128115],[-5.882169156129015,37.27587431620936],[-5.882172076390835,37.275876517938975],[-5.884286534897936,37.27725910217009],[-5.886592988000753,37.27877653568125],[-5.888008304819601,37.280221555792444],[-5.889408747225095,37.2816547920495],[-5.8909739192468225,37.28326156991106],[-5.892525956509163,37.284850444414104],[-5.894312728803725,37.286687658343915],[-5.8959101402423135,37.28832082453461],[-5.897589341121071,37.29004244999608],[-5.899293327127774,37.2917892397167],[-5.901383506934026,37.29392783431245],[-5.9032759707506655,37.29586763428568],[-5.903296119814521,37.295875712673684],[-5.9054247138245275,37.29672910337721],[-5.906373005581633,37.297731797608414],[-5.906367795457414,37.29779646953968],[-5.906367433249857,37.297800965524786]],[[-5.846262413192686,37.24712814685841],[-5.8460941461369185,37.24697402615423],[-5.844846032353663,37.24583081522338],[-5.844867397718272,37.245785547798725],[-5.845217538871523,37.245043685172206],[-5.845454985185987,37.24454058617814],[-5.845673585811785,37.244077303789936],[-5.84329929745366,37.243228740394],[-5.843086085699876,37.24361498940572]],[[-5.843086085699876,37.24361498940572],[-5.843507807086351,37.2437601528325],[-5.843512983004208,37.2437619344557]]]},"properties":{"id_dera":11010400001554,"ident":608,"nombre":"DOSHMNAS_DRODRIGO_2","tension_kV":66}},{"type":"Feature","geometry":{"bbox":[-5.933048748980996,37.3615999077102,-5.899084206055531,37.39045104893132],"type":"MultiLineString","coordinates":[[[-5.93377653462144,37.386639734922575],[-5.933776690216692,37.38663523151527],[-5.933833796422568,37.38498236492937],[-5.933894398481047,37.38329769999465],[-5.933684092775182,37.38142413993441],[-5.933451557747515,37.37939407742899],[-5.9334013629303515,37.37893740012661],[-5.93348533320821,37.37891297047317]],[[-5.93348533320821,37.37891297047317],[-5.933369887111423,37.3787540154437],[-5.933240634255955,37.37757755816412],[-5.932902996533013,37.37712728220572],[-5.92995128491049,37.37499957437902],[-5.9285562572965524,37.37416840894103],[-5.928330142143919,37.37403369809167],[-5.927314588668865,37.37351396410273],[-5.926372805832372,37.373079283614956],[-5.9254365501590245,37.37271657889736],[-5.924988329534133,37.37254552128329],[-5.92477642746051,37.37254307772107],[-5.924490801727945,37.37279777073086],[-5.924409636370495,37.37287603453703],[-5.924266557020032,37.37297094939044],[-5.92382544389958,37.3728517923904],[-5.923801039946942,37.37292117327478]],[[-5.93377653462144,37.386639734922575],[-5.933648400968595,37.38901376402825],[-5.931208378536432,37.38943469112602],[-5.93107949016073,37.38945692407233],[-5.931134304258822,37.38965585445997],[-5.931135516675809,37.38966025453076]],[[-5.913145948962845,37.368169469833845],[-5.915384159527025,37.36981925776163],[-5.917679163737732,37.37152548499129],[-5.917697532464238,37.371539140779895],[-5.920710030581235,37.37221311865162],[-5.923795614065891,37.37291993045549],[-5.923801039946942,37.37292117327478]],[[-5.905146813560571,37.36423710004129],[-5.905157963451407,37.36423905872377],[-5.908253436566095,37.364782790829665],[-5.910759491613038,37.36639950942841],[-5.913141813988408,37.36816640316693],[-5.913145948962845,37.368169469833845]],[[-5.900330688592127,37.36240737793158],[-5.902813018208573,37.363351184689925],[-5.905136047565645,37.36423301339227],[-5.905146813560571,37.36423710004129]],[[-5.900330688592127,37.36240737793158],[-5.899453591945344,37.36558340824867],[-5.898766458716941,37.36807135636915],[-5.898744501432169,37.36815085575694],[-5.898227161264766,37.36805964722435],[-5.898221649561081,37.368058675482146]]]},"properties":{"id_dera":11010400000984,"ident":613,"nombre":"ESPALDIL_S_ELVIRA","tension_kV":66}},{"type":"Feature","geometry":{"bbox":[-5.856738267119859,37.438249208758116,-5.856586387420602,37.43829883281838],"type":"LineString","coordinates":[[-5.856586387420602,37.43829883281838],[-5.856738267119859,37.438249208758116]]},"properties":{"id_dera":11010400001020,"ident":555,"nombre":"RESERVA","tension_kV":132}},{"type":"Feature","geometry":{"bbox":[-5.837108549944916,37.09350442801403,-5.574656931174581,37.250242176823534],"type":"LineString","coordinates":[[-5.569813986491488,37.10750136532798],[-5.5700213716982985,37.10757209038719],[-5.573395764633973,37.10869437377153],[-5.573430737998824,37.10870600482635],[-5.577905479503019,37.107529928341705],[-5.581944503705276,37.10646602483851],[-5.584338974547972,37.10583546660091],[-5.588047429500247,37.1048604516106],[-5.59215866547264,37.10377709046119],[-5.596213451193936,37.10270932404279],[-5.601081915827382,37.10198253297788],[-5.605537263808568,37.10132030535223],[-5.609356542018768,37.10286674846996],[-5.609382106272551,37.102877098927145],[-5.613363174957238,37.10263090681021],[-5.61799385952286,37.102344789408455],[-5.621727604594768,37.102114222139704],[-5.626100259182137,37.101822526810466],[-5.630426427174285,37.10153394661773],[-5.634133125145562,37.1020438586884],[-5.634165436579901,37.10204830307491],[-5.638534684249057,37.10034128431667],[-5.638545126520377,37.10033399765837],[-5.641863586460871,37.09801824576777],[-5.645591148775606,37.09838605989328],[-5.649307931524302,37.09874995961828],[-5.652991907236934,37.09911191675449],[-5.6566303441955705,37.09946915573309],[-5.660783240099476,37.09987638567953],[-5.665091675887517,37.10029890603741],[-5.671389067907054,37.10091614952818],[-5.6750947307407404,37.10127921485359],[-5.678622589193555,37.101625057822254],[-5.683467172136462,37.10210007902068],[-5.687032736343368,37.10244842909658],[-5.691165464844364,37.10407849362968],[-5.694437719930561,37.105370170496045],[-5.697748920239313,37.1066785310147],[-5.702156831096809,37.10841747630614],[-5.705465822214178,37.10972306198638],[-5.70921033061876,37.11119809803953],[-5.713518730718211,37.112898115804626],[-5.717241049055642,37.11436760584966],[-5.720389752256019,37.11560842018275],[-5.724730109055621,37.11731934491794],[-5.728360746400933,37.11875104313563],[-5.732894197688,37.12053720231254],[-5.7366372990452845,37.122012222367076],[-5.740249888579133,37.12343726020085],[-5.744691666337473,37.1251873082076],[-5.747588936692256,37.12632900583608],[-5.751333299046312,37.12780403374312],[-5.7543002699269,37.128973538823914],[-5.757847498697754,37.130365212175555],[-5.761155848899553,37.13167355413042],[-5.76475044171977,37.13308751340318],[-5.768292724935878,37.13448281232264],[-5.772150580084906,37.13600146560701],[-5.776196538116947,37.13759473921268],[-5.776216590009971,37.13759576822089],[-5.780169464085473,37.13779855237422],[-5.780179940539036,37.137799089645014],[-5.783942864051401,37.13736992895903],[-5.787084973814057,37.138148035081585],[-5.790353670748916,37.13964640020515],[-5.793789858695577,37.1412214379569],[-5.797237165071956,37.14280204942266],[-5.800409449836996,37.144254862387264],[-5.80360367635377,37.1457187836482],[-5.807059585051378,37.147302169381945],[-5.8110652375914595,37.14913611529389],[-5.815079195915616,37.150974500815515],[-5.818233964715314,37.15241896780072],[-5.820533432342462,37.153473486093596],[-5.820940036728921,37.15644091141781],[-5.8214122445626995,37.15987152290052],[-5.821837252070514,37.16298547564298],[-5.8223122542326164,37.16644225205582],[-5.822676119445939,37.16909117933705],[-5.823103903102493,37.172216261900545],[-5.823592784637776,37.17576357972018],[-5.824020539428044,37.17887750903644],[-5.8245205274607255,37.18253118259449],[-5.8249177432690935,37.18543320641352],[-5.825317731784991,37.18834155093225],[-5.825322522195158,37.188376380974475],[-5.8281852821626305,37.19010586499958],[-5.8314492083993485,37.19207257490055],[-5.83386598316716,37.193533754674775],[-5.834819743354192,37.1941068996683],[-5.835165287855009,37.1968965295488],[-5.835513136579517,37.19970503416642],[-5.835513788318522,37.19970806840191],[-5.836336483673125,37.20353801074176],[-5.835867614114415,37.20552380537706],[-5.835864101692703,37.205538681070976],[-5.836651802512815,37.208894746554684],[-5.837029140873512,37.21193852536286],[-5.837467745682617,37.215489183861365],[-5.837762182972262,37.21784645261488],[-5.838239945938342,37.221719309235965],[-5.838676033417361,37.225222156936745],[-5.838987131474581,37.227741642119916],[-5.8394565490810715,37.23151395137799],[-5.839861792448437,37.23478413386658],[-5.840064577923712,37.23882636643565],[-5.840065012018367,37.238829303733674],[-5.840420566514191,37.24123508304121],[-5.840741108752318,37.24340801006221],[-5.840794966554087,37.24342671860134],[-5.842646267243034,37.24406978288414],[-5.842743517429899,37.24410321889108],[-5.84274869391393,37.244104998637376]]},"properties":{"id_dera":11010400001592,"ident":540,"nombre":"DRODRIGO_TORREJON_1","tension_kV":66}},{"type":"Feature","geometry":{"bbox":[-5.992387069410432,37.41765463942556,-5.962408860043357,37.451878938557314],"type":"MultiLineString","coordinates":[[[-5.992631911012947,37.423801881584616],[-5.992226072700946,37.42545678995389],[-5.991774201393215,37.42717582618625],[-5.9917730423393945,37.42718023542537]],[[-5.992631911012947,37.423801881584616],[-5.989854408131438,37.42015327085756],[-5.987188731914849,37.41878895462389],[-5.98508624086799,37.41794302810161],[-5.984946897999101,37.41788696221994],[-5.9846654369893235,37.417850866928994],[-5.984659860263211,37.417850151748105]],[[-5.9917730423393945,37.42718023542537],[-5.991767953554937,37.42720054009769],[-5.991744475505291,37.427294219318796],[-5.991392571414594,37.4286974865282],[-5.988820126183169,37.43129097124823],[-5.988816621390356,37.43129450454543]],[[-5.988816621390356,37.43129450454543],[-5.988812958024519,37.43129806496423],[-5.988732095548453,37.431376654947506],[-5.987293501518569,37.43277569869283],[-5.987282108761473,37.43278677795834],[-5.986257128141395,37.43517710498641],[-5.985229629760813,37.43757100103323],[-5.984185172551501,37.44000604369405],[-5.983078909818164,37.442585182267365],[-5.980642747335432,37.444633733205144],[-5.978192187866894,37.44667376779727],[-5.978188279471925,37.44667702131725]],[[-5.978188279471925,37.44667702131725],[-5.978182741426086,37.446677915495464],[-5.975160799761704,37.447165799355794],[-5.971805835596991,37.4477164406804],[-5.9717341027034125,37.447727725234415],[-5.968580018123352,37.448223859158055],[-5.96856527013749,37.44822617878716],[-5.968550219298379,37.44822853927467]],[[-5.971221170044079,37.43879400854317],[-5.971749299278677,37.43822819406796],[-5.971923158500376,37.43797043011979],[-5.974489852653815,37.43407813631667],[-5.9759891233637426,37.43188139811239],[-5.976463545996567,37.43115357054261],[-5.976477559847011,37.43110657962796],[-5.976468421149938,37.43106355987372],[-5.976447215525315,37.43103424258036],[-5.9764252070194,37.43101403701306],[-5.976389318516431,37.43099000025854],[-5.976088516243256,37.430829641251144],[-5.975409792608598,37.43053098318034],[-5.973434856404617,37.42989793577385]],[[-5.971221170044079,37.43879400854317],[-5.971137166912338,37.438916142922196],[-5.970095000043981,37.44048615854499],[-5.968556490043862,37.44266959854736],[-5.966733340043717,37.44451529854935],[-5.9664249100436795,37.44600303855095],[-5.965139110043576,37.447895558553014],[-5.963820890043468,37.449835628555086],[-5.962408860043357,37.451878938557314]],[[-5.968550219298379,37.44822853927467],[-5.9685281681545765,37.448245880605775],[-5.96599989190855,37.450234072311225],[-5.963352187992513,37.45152118850872],[-5.963347363291703,37.45152353382414]],[[-5.962408860043357,37.451878938557314],[-5.9633421545041205,37.45152528055173],[-5.963347363291703,37.45152353382414]]]},"properties":{"id_dera":11010400001608,"ident":678,"nombre":"CROSS_SJ_EMPALME","tension_kV":132}},{"type":"Feature","geometry":{"bbox":[-5.993360790708534,37.38379725977868,-5.979030855182569,37.393497919615164],"type":"LineString","coordinates":[[-5.984955599588062,37.38405688400365],[-5.984993175710686,37.38400895475659],[-5.98508715117778,37.38404979536014],[-5.984962025862136,37.38423121735604],[-5.9848000298180395,37.38447040799939],[-5.984552243174223,37.38483681123889],[-5.98447245186937,37.38495440256432],[-5.98438046229506,37.38501979816569],[-5.9843272075519165,37.3850237468129],[-5.984110081520911,37.384918833240995],[-5.984075071457359,37.38491301339078],[-5.98403810581891,37.38491739763679],[-5.984014575279057,37.3849254252882],[-5.983970529189671,37.38505401660042],[-5.98384454987301,37.38534391734347],[-5.983646778249987,37.38579945757023],[-5.983481214656962,37.38618246159967],[-5.983387410377579,37.38628960244259],[-5.983320801943081,37.386434468162825],[-5.983241628911141,37.386617332521226],[-5.983161412038577,37.38680635025353],[-5.982796494779373,37.38730293317748],[-5.9824318388631985,37.38786604224739],[-5.982148066215551,37.38827490630155],[-5.982118550899395,37.38831945079349],[-5.982081399472634,37.388364791642346],[-5.981899888544586,37.38856073504315],[-5.9817770002573,37.38869263970549],[-5.981573877829786,37.38891063577713],[-5.98123439580831,37.389233835077874],[-5.980969832678341,37.38945397457122],[-5.97994179788062,37.39030264281275],[-5.979704801008232,37.390500162096764],[-5.979393875208616,37.39076488835054],[-5.978992243755094,37.39093721825234],[-5.978932761045177,37.39102130729034],[-5.9789431978524235,37.39111436547893],[-5.979174622181497,37.39126521503569],[-5.979452293744631,37.39139328221864],[-5.9794720098351695,37.39140237231442],[-5.979829341532091,37.3915671843457],[-5.9798881572089115,37.39159431864784],[-5.980219233722963,37.391745996429705],[-5.9809288735275,37.392068334853064],[-5.9812751577186365,37.39222806882103],[-5.981629794110765,37.392391636730295],[-5.9819524519871035,37.39254044033146],[-5.982087869883038,37.39260288995893],[-5.982452915486677,37.392797918458825],[-5.983200785551888,37.39292384165797],[-5.983332861569174,37.39294610651681],[-5.98387941334011,37.39307952169374],[-5.984141302084222,37.39314128076922],[-5.98456907017635,37.39323729801942],[-5.984747144815636,37.393289179337856],[-5.984920891795785,37.39334925204374],[-5.9850739584025305,37.393308479392616],[-5.9852895383335465,37.39325246772842],[-5.98547450225528,37.393181947347756],[-5.986241765291609,37.392961675869614],[-5.9863991120191375,37.39296817925361],[-5.986955383998852,37.39309341429537],[-5.987051216334098,37.39311413109287],[-5.987118308542828,37.393123211885296],[-5.987214964839593,37.393107217236555],[-5.98739005802047,37.39306234377641],[-5.987699747023944,37.392982855524636],[-5.987861799811657,37.39293039986087],[-5.987957333196943,37.392921118738066],[-5.988127792808716,37.392904338729544],[-5.988379575414701,37.392881321418415],[-5.988636108223084,37.39285308354881],[-5.988689640015654,37.39283579042058],[-5.9887537391939,37.39281216601965],[-5.988810681702561,37.39279118241434],[-5.9893484970794715,37.3925933263252],[-5.989503378185006,37.39253607606763],[-5.9898296194551754,37.39245291984524],[-5.989902526863781,37.39244777765785],[-5.9899687156226555,37.39244720248564],[-5.990015874686321,37.39245371334924],[-5.990294748926941,37.39256061275867],[-5.99060183071011,37.39266088690147],[-5.991880895519228,37.39262628029424],[-5.9921303218416435,37.3925920606267],[-5.992163936810015,37.39233973763442],[-5.992209256441863,37.39227726531576],[-5.992363764810311,37.39223741089741],[-5.992463232005839,37.39223791999101],[-5.992517041157808,37.3919481969185],[-5.992602596351541,37.391855313682385],[-5.992856680897412,37.39197236773012],[-5.992988626206638,37.392045272658315],[-5.993095144398472,37.392106936622675],[-5.993375064021212,37.39219007778034],[-5.9935936283551055,37.392191164629956],[-5.993587750812643,37.39213482715789],[-5.993579693732522,37.39205890216701],[-5.993573851128238,37.392003726152744],[-5.993554098920336,37.39183905637357],[-5.993624207507745,37.39182887387606],[-5.993673972184918,37.39182225216506],[-5.9936806722367395,37.391854297973],[-5.993681601040283,37.39185874036329]]},"properties":{"id_dera":11010400001236,"ident":674,"nombre":"CUNA_RASTRO","tension_kV":66}},{"type":"Feature","geometry":{"bbox":[-5.802675884334734,37.18399119120897,-5.772482257609201,37.206958048335],"type":"MultiLineString","coordinates":[[[-5.7856868960841235,37.194862646699335],[-5.787371127059616,37.19595196297906],[-5.787375675573688,37.19595490476343],[-5.789320786864777,37.19738127394753],[-5.791066078728505,37.19866840989143],[-5.793876636760305,37.20072869652564],[-5.795721889400994,37.20207981532152],[-5.797357881061702,37.20328094397485],[-5.799222781975687,37.204502744586996],[-5.799228483725303,37.20450791726682],[-5.8011843939681045,37.20628227911457],[-5.802818572449751,37.2049677041919],[-5.802847243783496,37.204954923746186],[-5.803437026471437,37.2046995480467],[-5.803441979682006,37.20469740328852]],[[-5.7856868960841235,37.194862646699335],[-5.7847928932097155,37.194084645368484],[-5.7839279011339615,37.19333176318584],[-5.78383289635936,37.19334973174797],[-5.783827415411932,37.19335076837487]],[[-5.7720096922298145,37.18471317979742],[-5.772091148313554,37.18478478729959],[-5.771681764635836,37.18508130133602],[-5.772472034321702,37.18531357343548],[-5.772517307284975,37.18533042820059],[-5.773472531430457,37.18602971397557],[-5.7737102290938855,37.18595045511539],[-5.77375445314249,37.18594754532629],[-5.7738017491569416,37.18595810744859],[-5.77419071297237,37.18621615489779],[-5.774434856010228,37.18650577086309],[-5.775731771220546,37.187469831255854],[-5.775856999571437,37.187682895650994],[-5.778175725241501,37.189338470308535],[-5.778177040863658,37.189374376134765],[-5.778079503939656,37.18945900792085],[-5.778094986375713,37.18947455862248],[-5.778415248454686,37.18970324923782],[-5.778449513688995,37.18980073976946],[-5.780019324256324,37.19083070109179],[-5.780141615821983,37.19093400103649],[-5.781334530826629,37.19177137967921],[-5.782668930470633,37.192737535410785],[-5.782701605985836,37.19278968155445],[-5.78349146514756,37.193317824232736],[-5.7835453615541015,37.193328524633834],[-5.783593547606086,37.19331500194963],[-5.783689458675049,37.19328552532459],[-5.78373669990264,37.19328860537469],[-5.783774351765091,37.19330262506261],[-5.783823690775728,37.19334738910888],[-5.783827415411932,37.19335076837487]]]},"properties":{"id_dera":11010400001281,"ident":579,"nombre":"MORERA_UTRERA","tension_kV":66}},{"type":"Feature","geometry":{"bbox":[-5.961467084681749,37.37618923773453,-5.959505030056171,37.38796975013743],"type":"MultiLineString","coordinates":[[[-5.960245717399247,37.37632750672432],[-5.960249172815432,37.37632394406469],[-5.9603527415252815,37.376217160759886],[-5.960368872066731,37.376222802849085],[-5.961483771019823,37.376613261598216],[-5.961236016955177,37.37695990094489],[-5.961161258699107,37.37702678398834],[-5.9609610551877585,37.37729031763245],[-5.960881764549595,37.37743090243909],[-5.960850647156165,37.3775104692482],[-5.960820038442557,37.37760642234318],[-5.960801204386149,37.377692277152285],[-5.960633781136795,37.37897350436769],[-5.960352910693064,37.379273918686216],[-5.9595290956536955,37.38564639385244]],[[-5.9595290956536955,37.38564639385244],[-5.959632992017436,37.385753161510735],[-5.959463451059503,37.386912879357524],[-5.959650283824981,37.387243768883366],[-5.959651975954532,37.38751057097355],[-5.959621122459907,37.38764637412963],[-5.959649704694474,37.387686025502546],[-5.95963084289693,37.38788869316557],[-5.959692420336592,37.38796505610735]]]},"properties":{"id_dera":11010400001028,"ident":654,"nombre":"CRUZCAMP_NERVION","tension_kV":66}},{"type":"Feature","geometry":{"bbox":[-5.968636174617907,37.350368351055984,-5.952402124231514,37.35670681553433],"type":"LineString","coordinates":[[-5.95216983725363,37.35078079146661],[-5.952173803698819,37.350783996087515],[-5.952643613183878,37.35116356767654],[-5.954759225643257,37.352808216716795],[-5.954791051129668,37.35283295658964],[-5.956887319546409,37.35430615542926],[-5.956898265652877,37.35431384592635],[-5.959207897297434,37.355936485242424],[-5.959315263973827,37.35595189738123],[-5.962767631780036,37.356447418506065],[-5.9649641337445285,37.35565015830959],[-5.966930980164987,37.3549369680108],[-5.966958078115222,37.3549271418096],[-5.968369876468031,37.35508362533516],[-5.968392253398759,37.355126890350114],[-5.968815327666535,37.35594487950919],[-5.968859332306054,37.3560299587758],[-5.968484853147126,37.35611167585829],[-5.968452353364326,37.35611876774408]]},"properties":{"id_dera":11010400001056,"ident":651,"nombre":"PALMERA_QUINTOS_2","tension_kV":66}},{"type":"Feature","geometry":{"bbox":[-5.841445689926431,37.20393606785742,-5.802731559749842,37.24490481632129],"type":"MultiLineString","coordinates":[[[-5.842281766863961,37.243342146025924],[-5.84235276405595,37.243406398977505],[-5.842751348119885,37.243767116340514],[-5.842944553819989,37.2439419669102],[-5.842948284738947,37.243945343347]],[[-5.842281766863961,37.243342146025924],[-5.840893707622785,37.2420313426032],[-5.840778609998662,37.24192709044036],[-5.839957498372517,37.241183339223056],[-5.839263988817139,37.240555143961274],[-5.837504393343457,37.23896191721341],[-5.835407316972723,37.237061539231625],[-5.8335976326963,37.23542340394532],[-5.831905901497237,37.23389046060532],[-5.830245638274735,37.23238647586966],[-5.828476147596777,37.2307834309874],[-5.826264217449795,37.228779474345174],[-5.824593674579113,37.22726564852322],[-5.822977342149883,37.22580159805929],[-5.820984113756272,37.22399489140073],[-5.819033442136936,37.22222696498796],[-5.8175708338716765,37.22083293187563],[-5.816189049505615,37.21955572013063],[-5.814422325770481,37.21797382812216],[-5.812637264060007,37.21630603961504],[-5.812633600886668,37.21630261699784]],[[-5.812633600886668,37.21630261699784],[-5.811410237367026,37.214925056557014],[-5.810200924544482,37.21356324841272],[-5.810188459398645,37.213549211081904],[-5.806989949918102,37.21200705121851],[-5.806958354316565,37.2120086190387],[-5.804849190030348,37.21211325974631],[-5.803655737704289,37.21019348164629],[-5.802888644627727,37.20895949519703],[-5.80197868903824,37.20749564104851],[-5.801976181405025,37.207491606907205]],[[-5.803538483023579,37.20483998221555],[-5.802943746393974,37.20509750318366],[-5.801306372543233,37.206414029718914],[-5.801973673787944,37.2074875727596],[-5.801976181405025,37.207491606907205]]]},"properties":{"id_dera":11010400001085,"ident":569,"nombre":"DRODRIGO_MORERA","tension_kV":66}},{"type":"Feature","geometry":{"bbox":[-5.870995574776629,37.374969278881366,-5.857212782193363,37.38672511592883],"type":"MultiLineString","coordinates":[[[-5.870469436753891,37.37498206039605],[-5.87051178434527,37.37499473366923],[-5.870806885091338,37.37508304730125],[-5.870680055230605,37.37535620333625],[-5.871003515580415,37.37544977118444],[-5.871013096157155,37.375428597768426]],[[-5.870469436753891,37.37498206039605],[-5.870461515640286,37.374999382557256],[-5.869444512933119,37.37722332789407],[-5.868405902521468,37.37949381650265],[-5.868404856405885,37.379496103324236],[-5.867807007876173,37.381736967420686],[-5.867219664041225,37.38393662036268],[-5.864253888344724,37.384016700875875],[-5.8611908463818265,37.38409921467967],[-5.86119092073432,37.384134115075106],[-5.861195988091059,37.386512610191],[-5.8602917907776195,37.38651978118051],[-5.858047273686329,37.38653767495411],[-5.858041610217139,37.386538947088525],[-5.85721821694492,37.386723895213244],[-5.857212782193363,37.38672511592883]]]},"properties":{"id_dera":11010400000886,"ident":560,"nombre":"ALCORES2_PALILLO2","tension_kV":66}},{"type":"Feature","geometry":{"bbox":[-6.0375888253176635,37.377418868379856,-6.015819201126129,37.42692208343601],"type":"MultiLineString","coordinates":[[[-6.030127418030905,37.40667318528216],[-6.03011292562887,37.4066990560653],[-6.028972083892521,37.40873554223042],[-6.0282606911662935,37.4100228841624],[-6.0275883308613825,37.41123939157712],[-6.027586206448102,37.41124627988413],[-6.0269612531855925,37.41327260386093],[-6.026216463420288,37.415684669999244],[-6.026185957397893,37.41578346298243],[-6.02618426359507,37.41578909277727],[-6.0264932110272404,37.4171131120003],[-6.026496340350544,37.417126522724985],[-6.0264657932789865,37.417288139751875],[-6.026252977969941,37.418413492144005],[-6.02624635269525,37.41844852558182],[-6.027341634540106,37.42004566116676],[-6.027397074249424,37.42012650312815],[-6.027574179722985,37.420384710359116],[-6.02774381012077,37.420632017542104],[-6.029423389878326,37.42308248021623],[-6.030681745570125,37.42491561375502],[-6.030786302291157,37.42506817934587],[-6.030844761648302,37.42515344900917],[-6.030903217513424,37.425238628627156],[-6.03102709677602,37.425419260980654],[-6.031136692871414,37.42557908540422],[-6.031164414608037,37.42562157862857],[-6.033456815093795,37.42539309302342],[-6.036515269410998,37.42508809280098],[-6.037937774650316,37.42494637416483],[-6.037975840697662,37.42494258155184],[-6.038441350772998,37.42619520693509],[-6.038566789204557,37.426208395117094],[-6.039559350121897,37.42631274485331],[-6.039564950611197,37.426313333618594]],[[-6.030127418030905,37.40667318528216],[-6.030118159413347,37.40664549619634],[-6.029738042230008,37.405508688607995],[-6.029734571587331,37.405498308873405],[-6.028491033098703,37.40376560229272],[-6.026929649115337,37.40159023626917],[-6.025840936372715,37.40007346002313],[-6.025828881339748,37.40005666475481],[-6.025186493364946,37.399712898162846],[-6.025127327008617,37.39968123562921],[-6.0250246002928005,37.39962628937085]],[[-6.0250246002928005,37.39962628937085],[-6.024997011115979,37.39833067516004],[-6.024456949008963,37.39571947398261],[-6.0244560297031,37.39571502898]],[[-6.0244560297031,37.39571502898],[-6.0244551102493515,37.39571058399509],[-6.0239720219835124,37.39337507991288],[-6.023615870709481,37.391653121404396],[-6.023346764387679,37.390351791013885],[-6.022849575545955,37.38794761727937],[-6.022844894528497,37.38792498131594]],[[-6.022844894528497,37.38792498131594],[-6.022855518465921,37.387904186199734],[-6.024238838195518,37.38519639279648],[-6.0228421600952124,37.38347294698673],[-6.0217168882318575,37.3820844868572],[-6.019590707699471,37.37946041372487],[-6.018182939278796,37.37791616458186]],[[-6.018182939278796,37.37791616458186],[-6.0149580516629735,37.37873666972188],[-6.014940152185738,37.37873609487839],[-6.013891159792885,37.37870240165794],[-6.013885519004577,37.378702220452965]]]},"properties":{"id_dera":11010400001286,"ident":700,"nombre":"REMEDIOS_SANTIPON","tension_kV":66}},{"type":"Feature","geometry":{"bbox":[-5.905053050125879,37.28812585316681,-5.804156675641348,37.337246885263546],"type":"MultiLineString","coordinates":[[[-5.905426865499339,37.29783861135192],[-5.904977692527048,37.29702210674645],[-5.902519190917731,37.295935185151656],[-5.900112706000675,37.294872255562986],[-5.898214638867272,37.29403070462518],[-5.89589708487191,37.29301375991695],[-5.893222697378037,37.29183357816167],[-5.890928404731583,37.29081563911697],[-5.8885123654559,37.290558945160576],[-5.8859896041128925,37.29029307244209],[-5.883098211050061,37.28998756918685],[-5.88069317949959,37.289968312411645],[-5.878163813709271,37.289946342226735],[-5.878158175319641,37.28994629319133]],[[-5.861271450831861,37.29069767295049],[-5.863685479020133,37.29036376544732],[-5.8675813554666325,37.28978715172385],[-5.869870278222469,37.28942578443258],[-5.871090032791031,37.28926346413079],[-5.873591446461222,37.288894481317676],[-5.875997321608078,37.28942650588805],[-5.878143062055642,37.28994265789944],[-5.878158175319641,37.28994629319133]],[[-5.861271450831861,37.29069767295049],[-5.857152168219805,37.291287855547736],[-5.854939818945043,37.29263422600434],[-5.852096268840928,37.29439982101486],[-5.8492354080650335,37.296167467514515],[-5.846330271296897,37.2979759355767],[-5.84340541523167,37.2997856190111],[-5.840461349501213,37.301610110576405],[-5.837616255213576,37.30337349668315],[-5.83553656702869,37.305123073170265],[-5.833155906100312,37.30712464682705],[-5.830587963472529,37.30928257814204],[-5.828423454351782,37.31110434786671],[-5.826345682884703,37.31285002800883],[-5.823808064544984,37.314984385342065],[-5.82162886237563,37.317209443477914],[-5.819693570450713,37.31922590505701],[-5.8179984096877,37.32099206099166],[-5.815680390928432,37.32340972936621]],[[-5.804100334988379,37.33573251898781],[-5.804105965264819,37.3357328112732],[-5.804542437008763,37.33575546907842],[-5.804617213773514,37.33576036433813],[-5.805176059865863,37.33579694399245],[-5.808765977928246,37.33600614739418],[-5.812656139553253,37.33619828100118],[-5.816525841113386,37.33638302366128],[-5.819636046369294,37.33654014950415],[-5.821792179589468,37.33668143565389],[-5.821795687606532,37.33668166549339],[-5.822972073822175,37.33679247940631],[-5.823027966592514,37.33679774412803]],[[-5.806766576855522,37.332424030013094],[-5.808846468418192,37.330431211662],[-5.810072998381166,37.33065244384303],[-5.811248291501406,37.330367304958116],[-5.811160429594082,37.3295292692053],[-5.813703574976254,37.325392438031784],[-5.815680390928432,37.32340972936621]],[[-5.804100334988379,37.33573251898781],[-5.804102540526458,37.33572837229949],[-5.804812095983082,37.33439429313153],[-5.805205522934568,37.33399767791711],[-5.806766576855522,37.332424030013094]]]},"properties":{"id_dera":11010400001364,"ident":563,"nombre":"AGUILA_DOSHMNAS","tension_kV":132}},{"type":"Feature","geometry":{"bbox":[-5.94815405763838,37.38654708275714,-5.930198807138713,37.39685291036274],"type":"LineString","coordinates":[[-5.931006950040886,37.38986618849027],[-5.930996278352244,37.3898900907321],[-5.93098905913022,37.38991245082834],[-5.930841264006282,37.39002286086716],[-5.93062425210071,37.390089774751736],[-5.930331482915005,37.39026155730253],[-5.929997153434782,37.39039085599664],[-5.929950975329796,37.39049152426566],[-5.930424130744022,37.39131473926567],[-5.933098561721301,37.39128894697963],[-5.933119457838741,37.39130324180994],[-5.933132234799479,37.39130943939165],[-5.933154980994561,37.39131933621585],[-5.933178385811521,37.391327297446864],[-5.933207015171832,37.39133804844637],[-5.933238733423148,37.391348659715696],[-5.933266870799079,37.39136214409272],[-5.933293057788587,37.39137368553141],[-5.9333200337099985,37.391384027005735],[-5.933346669494737,37.391395782558924],[-5.933370776167097,37.39141015986167],[-5.933398377867,37.39142641472546],[-5.933420004425296,37.39144727808089],[-5.933434556364578,37.39146047782521],[-5.933450503153943,37.39147701289543],[-5.933457275595887,37.39148677444614],[-5.933465544777081,37.391496111399334],[-5.933478660216147,37.39152142091359],[-5.933487563242422,37.391548177534894],[-5.933493585780874,37.391571149127515],[-5.933498279305569,37.39159131538054],[-5.933501679420528,37.391616253277064],[-5.933503149048458,37.391638310655395],[-5.9335046004568035,37.391657872565716],[-5.933505676827871,37.39168258880286],[-5.933506835586432,37.39171926899528],[-5.9334956611859315,37.39176287800582],[-5.933479292472769,37.39179636192375],[-5.9334631459628575,37.39182366810389],[-5.9334464972702,37.391853446622214],[-5.933427141262825,37.391882724659474],[-5.933409316507885,37.3919136226339],[-5.933385813230789,37.391953843265846],[-5.933338846253524,37.39203530172574],[-5.933314113186077,37.392071498117986],[-5.933291830094291,37.39210970613371],[-5.933263789108048,37.392147957911035],[-5.933249615878469,37.392171133320964],[-5.933237434597401,37.39220774808152],[-5.933236753102912,37.392226191551536],[-5.933238401993223,37.39225458790615],[-5.933242269049213,37.39228976821891],[-5.933246753453211,37.392326879489154],[-5.933252909889199,37.392355893843074],[-5.93325226850294,37.39241766801403],[-5.933250363274652,37.39246382223539],[-5.933245196307176,37.39250104685385],[-5.933237269739043,37.39253266330968],[-5.933221842282758,37.3925653849721],[-5.9332056496258865,37.39260049539324],[-5.933187947681865,37.39263136325687],[-5.933170397395639,37.392660037793114],[-5.93316742026356,37.39266739218612],[-5.933159466820633,37.39268064581934],[-5.933151677786371,37.392700725363156],[-5.933140780976241,37.392743930989006],[-5.93313375905725,37.392781084494345],[-5.933126939667814,37.39282111634707],[-5.933121143702565,37.39285611294311],[-5.9331163085878496,37.39288881503985],[-5.9331141478654095,37.39290987222837],[-5.9331057482805525,37.39297542510225],[-5.933096160257737,37.39308292450427],[-5.933097354995864,37.393176162973774],[-5.933096218551111,37.39325247441694],[-5.93309292242583,37.39335914189947],[-5.933091953331198,37.393462057316455],[-5.933099721038564,37.393558196265175],[-5.93310273650486,37.39364425320107],[-5.933104039986579,37.39372405424888],[-5.9331088449509926,37.39380386752614],[-5.933113511317643,37.393887657889756],[-5.933137751029505,37.39398191937324],[-5.933156170659201,37.3940430493461],[-5.93316321654051,37.394110813980376],[-5.933153398095261,37.39416169685603],[-5.9331550701604945,37.39420024750838],[-5.933175061007795,37.39423504573052],[-5.933210161197836,37.39428805775648],[-5.933234935596753,37.394352859498355],[-5.933237978519114,37.394436717165945],[-5.933236750346508,37.39451820292203],[-5.933230235076717,37.39460022535212],[-5.933228391863958,37.39466738159029],[-5.933228457896559,37.394730787117965],[-5.933237946185845,37.3947690717196],[-5.933247696474985,37.39482798395366],[-5.93325800841501,37.39489840672823],[-5.933270630685313,37.39497739525442],[-5.933278726550182,37.39505035992701],[-5.933283889454622,37.39513934603552],[-5.933289144090728,37.39522054476069],[-5.933286528532053,37.39530989509588],[-5.933265851414104,37.39538352873487],[-5.933246856819046,37.39542499804761],[-5.933230856092204,37.39549256867799],[-5.933247873584835,37.39555972541955],[-5.933261479136801,37.39564944812043],[-5.933272131723949,37.39573005334954],[-5.933274386649399,37.39580528043802],[-5.933274079483356,37.39591183767304],[-5.933271414771899,37.39601151529703],[-5.933261940218152,37.39612771603777],[-5.933256896913389,37.396238805963286],[-5.933250036013536,37.3963307936002],[-5.933239997683471,37.39645426180893],[-5.933240427042352,37.39655161001062],[-5.934665647261992,37.39657831612089],[-5.937182452960776,37.396644995472414],[-5.9371846080161585,37.39664494192103],[-5.937312094047926,37.39665795683753],[-5.937418120581707,37.396660241750446],[-5.93764141460322,37.39666808206615],[-5.937753310467319,37.39518140218563],[-5.937808946259298,37.39466946480048],[-5.937851485243703,37.394263510358435],[-5.9379052766936775,37.39375816037749],[-5.937926404882096,37.39356603531958],[-5.937926565091782,37.393564932052875],[-5.937937212713927,37.39350528801082],[-5.9379551192800655,37.39341693620652],[-5.937968290043832,37.393364645115575],[-5.937988581173981,37.39330323859849],[-5.938012297241824,37.39323872842203],[-5.938039633120394,37.39317465988965],[-5.938070116973858,37.393111675464304],[-5.9381039698756535,37.39304965251142],[-5.938140863185511,37.39298885149225],[-5.938180889265763,37.392929324171085],[-5.938224015669494,37.39287110739392],[-5.9382701471756985,37.39281436571357],[-5.938319130395374,37.3927592200768],[-5.938370923007124,37.39270574361615],[-5.938423301780337,37.39265600094328],[-5.938423805339896,37.392655303625084],[-5.93844091825709,37.392640353242584],[-5.938456104833528,37.392627261861264],[-5.938471367921059,37.39261410550235],[-5.9384868753150695,37.39260113228933],[-5.9385023386286315,37.39258818720181],[-5.9385181076158835,37.3925752615451],[-5.938533807111593,37.39256258089809],[-5.938549619425849,37.39254989744457],[-5.938565658437089,37.392537235384765],[-5.938581751008534,37.392524788244145],[-5.9385979133780795,37.39251239342933],[-5.938614235101535,37.392500030692936],[-5.938630706654187,37.39248774532441],[-5.938647140805242,37.39247565911499],[-5.938663779439753,37.39246360386208],[-5.938680432163439,37.39245162034068],[-5.938697301355991,37.39243968549855],[-5.938714200489772,37.39242793913094],[-5.9387311919863395,37.39241624452794],[-5.938748354119099,37.39240458172232],[-5.938765480256838,37.392393154082896],[-5.938782333470089,37.39238196750039],[-5.9392273518924386,37.39207560965987],[-5.939694104248949,37.39174983262751],[-5.940015558086564,37.391527630559466],[-5.940150388425863,37.39143371216327],[-5.940170424161495,37.391419301554635],[-5.940189253425849,37.39140465063605],[-5.940207476665783,37.391389519209504],[-5.940224775166566,37.39137384311859],[-5.940241563907561,37.39135754896796],[-5.940257606286459,37.39134093999067],[-5.940272725333635,37.39132382235693],[-5.940287015527139,37.39130630184383],[-5.940300584062148,37.391288231616514],[-5.940313341005235,37.3912699112597],[-5.940325122427723,37.39125119167247],[-5.940336156787019,37.391232139256445],[-5.940346185297444,37.391212778470106],[-5.940355369074993,37.3911931864008],[-5.940363568162341,37.391173249393084],[-5.94037092638697,37.391153180122245],[-5.940377299922784,37.39113276591344],[-5.940382802619636,37.391112319303325],[-5.940387246929531,37.3910916647466],[-5.9403908288704095,37.39107090549377],[-5.9403933249104695,37.39105010116855],[-5.9403963794327534,37.3910106401677],[-5.94049397786507,37.39093124442503],[-5.940500952058733,37.39092649358709],[-5.9405066844332115,37.39092262062991],[-5.940512874450114,37.39091861014081],[-5.940518718210607,37.390914986706996],[-5.940524769648205,37.39091118690659],[-5.940531209249569,37.39090749458679],[-5.940536985640332,37.390904170175475],[-5.940543282441896,37.390900580523265],[-5.940549830966653,37.39089707471399],[-5.940556194377572,37.39089374470929],[-5.940560036817078,37.39089179295416],[-5.940670803314386,37.390819061664196],[-5.940708702119761,37.39082858005791],[-5.940738576909764,37.39083418926011],[-5.940768890807443,37.39083803047751],[-5.940799682933549,37.39084023789441],[-5.940830363098762,37.390840736088414],[-5.940860972911987,37.39083943391921],[-5.940891570540329,37.39083637499241],[-5.94092176286686,37.390831614141206],[-5.940951437068508,37.3908251541729],[-5.9409802694803435,37.39081709324618],[-5.9409908069150115,37.390813362021305],[-5.941002170806622,37.39080910564348],[-5.941013473386733,37.390804436305864],[-5.941024833456385,37.390799504231566],[-5.941035671030309,37.390794495050756],[-5.941046581622135,37.39078904253656],[-5.941057206642148,37.390783507021155],[-5.941067571142009,37.39077766261845],[-5.94107774809115,37.390771642670636],[-5.941087776285498,37.390765284023125],[-5.941097793924651,37.39075865532151],[-5.941232143398735,37.39066521623924],[-5.941370927728969,37.390568233644316],[-5.941548090450638,37.3904433543871],[-5.941721305828333,37.390329601990565],[-5.94217253803523,37.38921997956245],[-5.94229496651533,37.38918799047551],[-5.9424428784353465,37.38915040213188],[-5.942664950674115,37.38909405473291],[-5.943029919364347,37.38900126090371],[-5.943114678659856,37.388979777996404],[-5.943253063148581,37.388944615417564],[-5.943411104867674,37.388904457949394],[-5.943530079908107,37.38887428360861],[-5.943628991366388,37.388849114036134],[-5.9438781280383255,37.38878577404299],[-5.944211002419358,37.388802460806204],[-5.9442915645336765,37.3888064912743],[-5.944539924757399,37.3888188666288],[-5.9446354922977065,37.388823694447126],[-5.944859800632681,37.388834956269534],[-5.944972280224759,37.38884053386023],[-5.945505907389416,37.38886820902687],[-5.945526407629919,37.38861986385151],[-5.9455696145224035,37.38807394808341],[-5.945574872506633,37.38800054350973],[-5.945619401498692,37.38746414677936],[-5.945628604541054,37.38733974411869],[-5.945663264953846,37.386963486073505],[-5.9480991439184026,37.38709272070143],[-5.948153605695497,37.38655157341934],[-5.94815405763838,37.38654708275714]]},"properties":{"id_dera":11010400001631,"ident":640,"nombre":"AMATE_S_ELVIRA","tension_kV":66}},{"type":"Feature","geometry":{"bbox":[-6.012926180572895,37.392196197529145,-5.997604817327882,37.41282342690229],"type":"MultiLineString","coordinates":[[[-6.011886698036623,37.39222679115475],[-6.011943887076758,37.39223710598747],[-6.012104100047601,37.392265678492684]],[[-5.9975682121495195,37.410557243345956],[-5.9975487011552255,37.410544896739346],[-5.997513041039797,37.410522330928124],[-5.997650376385175,37.41038292539987],[-5.9978539817403,37.41021797001309],[-5.998399411626171,37.41064636204837],[-5.998760673587111,37.410932979219666],[-5.99896203568254,37.41109021842693],[-5.999011170118315,37.41112753594838],[-5.999020790709421,37.41113509478958],[-5.999072060951372,37.41116506867311],[-5.999201645082914,37.41126554352942],[-5.999266008103297,37.41131677392398],[-5.999482883339719,37.41148764764188],[-5.999537867841987,37.41153511531961],[-5.999596824938738,37.41157852656957],[-5.999648098735647,37.41160829286341],[-5.999722496670135,37.411643752376236],[-6.000053368232425,37.41169954280709],[-6.000693184037986,37.4118084969955],[-6.001165870465038,37.411889273031996],[-6.001316688917315,37.41191742044352],[-6.001544894435656,37.411988527814806],[-6.0017064952738775,37.41206067788349],[-6.0030180107169615,37.41228239471614],[-6.003154047377533,37.41233749603069],[-6.003933294199088,37.41247258708583],[-6.00482907542305,37.4126260733333],[-6.005089207297418,37.412633253212285],[-6.005285161168352,37.412559763918914],[-6.005372114120756,37.412570671593244],[-6.005456733035218,37.41257151090024],[-6.005527203687051,37.41256853819232],[-6.0056366890048745,37.4125482733285],[-6.005733326115407,37.412518288599365],[-6.005781754373536,37.41249827012904],[-6.005864699924506,37.4124535772148],[-6.005960792354247,37.412380302279324],[-6.00600986194276,37.412334227409964],[-6.006058842318506,37.41226925101701],[-6.006089786818401,37.412215960350835],[-6.006110901110491,37.41216571296658],[-6.00612607488211,37.41211577888803],[-6.006171651250315,37.41194588209655],[-6.006261137953975,37.41161189748589],[-6.006343113170731,37.411305909933965],[-6.006377514862185,37.41117749280611],[-6.00644740036434,37.41092965037806],[-6.006595582460913,37.41037568850917],[-6.006732560584993,37.4098636214564],[-6.006802305066438,37.40960269933049],[-6.006870462625032,37.40934616955512],[-6.006934674013207,37.409110455015686],[-6.00694072742693,37.409087829095135],[-6.007258648123372,37.4091419376463],[-6.007636448468776,37.40920624382417],[-6.007894910739191,37.40924201406991],[-6.007957238638278,37.40900984298876],[-6.008019353715016,37.40877828999692],[-6.008102214327996,37.40846756630439],[-6.008190886839833,37.4081372411963],[-6.008297343368666,37.407740417217894],[-6.008381702752472,37.40742457331596],[-6.008502197512464,37.40697381605346],[-6.008764680218934,37.40600911376261],[-6.008958276153201,37.40528288560591],[-6.009073433283026,37.40484905900086],[-6.009272571982285,37.404104253940545],[-6.009358286911195,37.403783229876105],[-6.009466029800935,37.40338890397615],[-6.009577820199701,37.40296957921321],[-6.009702750250129,37.40251058037612],[-6.009937138686618,37.40163647848147],[-6.010088105245982,37.40107236772745],[-6.01014647986022,37.400860245141715],[-6.010352865001909,37.40009490819081],[-6.010919140406357,37.40019240022899],[-6.0111121208781,37.40022530899062],[-6.011148384523786,37.400222997418524],[-6.0111895034684455,37.400210497526004],[-6.011204928227673,37.400202517763006],[-6.011218907919483,37.40019314216757],[-6.011241248299248,37.40017142556396],[-6.011253657047589,37.40015243086283],[-6.011259192460227,37.400138918411145],[-6.011265047431538,37.4001173064936],[-6.011288447603859,37.40003093140533],[-6.011445585976376,37.39945090258371],[-6.011556627263492,37.399029333479525],[-6.011582480127966,37.39873875659132],[-6.0117570108025244,37.39809958148382],[-6.011810711441812,37.397584386807466],[-6.01191117073036,37.39721370736095],[-6.0120216463643,37.39680606424212],[-6.012189597485235,37.396186365408646],[-6.012251037726671,37.3957886938976],[-6.012475318748097,37.39495748176131],[-6.012481298574737,37.39493505566368],[-6.01257546706617,37.39464434097277],[-6.012706622009833,37.39415988814025],[-6.01278726928522,37.39381272548908],[-6.0128306444669315,37.393599722497044],[-6.012873305854492,37.39336043636487],[-6.012918206488545,37.39305044268415],[-6.012922489234702,37.39301835564001],[-6.012951125195736,37.39281886548701],[-6.011761314915983,37.39261654340689],[-6.011841772156604,37.39231533912634],[-6.011866836720017,37.39222320888505],[-6.011886698036623,37.39222679115475]]]},"properties":{"id_dera":11010400001629,"ident":661,"nombre":"ALAMILLO_CENTENAR","tension_kV":66}},{"type":"Feature","geometry":{"bbox":[-6.205019810828507,37.392537819592896,-6.1215419519266865,37.45130759139908],"type":"MultiLineString","coordinates":[[[-6.204880610254176,37.394457940365264],[-6.204880852076288,37.39445367582247],[-6.204969854644,37.39288407888556],[-6.2049699406034655,37.39288344585138],[-6.2049807529202665,37.39280854945978],[-6.205015969652009,37.39256444479262],[-6.205019165700983,37.39254229130991],[-6.205019810828507,37.392537819592896]],[[-6.1745564031748845,37.425442255366235],[-6.174564174187892,37.42543434921714],[-6.177119596740757,37.42283437032892],[-6.1794463464937595,37.420583019482685],[-6.182139209062582,37.41797721429716],[-6.184788809652003,37.41541306289246],[-6.186555128856832,37.4137036154679],[-6.189556212291259,37.41079887577094],[-6.191473124588897,37.408943384527035],[-6.193727340635764,37.40676123202967],[-6.196096200199271,37.40446790712957],[-6.197402612763899,37.40320304867758],[-6.20025006698645,37.401083740692485],[-6.202338097195275,37.39952951852929],[-6.204009228491637,37.397726717057346],[-6.2045423876029835,37.396454187202735],[-6.2048801222281025,37.39446082085439],[-6.204880610254176,37.394457940365264]],[[-6.1635153755782435,37.43252847933586],[-6.164141242062018,37.43212688882692],[-6.164522560094915,37.431882176362926],[-6.165280409999207,37.431395822974636],[-6.165302521761909,37.43138162500531],[-6.167062002879241,37.430252515350574],[-6.167416553940955,37.43002496127994],[-6.169437114913896,37.42872816374173],[-6.172665377242382,37.426656099121374],[-6.1745481005928395,37.42544758492006],[-6.1745564031748845,37.425442255366235]],[[-6.1635153755782435,37.43252847933586],[-6.1632417980108345,37.43260005047953],[-6.1593788835823275,37.43360997692394],[-6.157211290780166,37.43417666444995],[-6.153090583637439,37.43525373753383],[-6.14906631849759,37.43630548076149],[-6.146415595448226,37.43699811298955],[-6.142680956827621,37.43797389617021],[-6.140083757917606,37.43865234882315],[-6.137014359147975,37.439454115825335],[-6.133440422591963,37.440387587393836],[-6.130542571059206,37.441144359807566],[-6.129697344013281,37.44202336143982],[-6.127924418316385,37.44386713717882],[-6.126646207587707,37.445196370094244],[-6.124900660271948,37.44701152880241],[-6.122866336937742,37.4491267680742],[-6.121787275885358,37.45024867681102],[-6.121530373733251,37.45098866268303],[-6.121528866358362,37.45099300450963]],[[-6.121528866358362,37.45099300450963],[-6.121898741972195,37.451298157882334],[-6.1224764964052,37.45120923845774],[-6.1224820447640855,37.45120838452166]]]},"properties":{"id_dera":11010400001291,"ident":774,"nombre":"SALTERAS_SANLUC_M","tension_kV":66}},{"type":"Feature","geometry":{"bbox":[-5.840577723576233,37.183099596130965,-5.773856911270026,37.24564285420761],"type":"MultiLineString","coordinates":[[[-5.842197330670075,37.24340177125],[-5.842860117542525,37.24400159261016],[-5.842863848458861,37.24400496904764]],[[-5.842197330670075,37.24340177125],[-5.842193511784123,37.24339845829002],[-5.8407415249756,37.24213880068112],[-5.839991763295988,37.241459695816374],[-5.839111806552825,37.24066259993859],[-5.837352211491234,37.23906937092283],[-5.835255135615164,37.237168990238345],[-5.83344545176233,37.23553085261974],[-5.831753720962275,37.23399790709955],[-5.830093458130919,37.232493920224194],[-5.8283239678700705,37.23089087306161],[-5.826112038245098,37.2288869135691],[-5.824441495769445,37.22737308559433],[-5.8228251637212125,37.22590903304783],[-5.8208319358002205,37.22410232382093],[-5.818881264643363,37.22233439489469],[-5.8188794460327085,37.222332661294296],[-5.817416521856476,37.220938086144145],[-5.816036791624461,37.21966277015373],[-5.814269695997622,37.21808056031637],[-5.812476342169698,37.21640499845457],[-5.812473640632087,37.21640247428414]],[[-5.812473640632087,37.21640247428414],[-5.812470671772503,37.21639913129194],[-5.811244963415443,37.215018928780125],[-5.810047643851051,37.21367063398814],[-5.8069394129906025,37.212171999173165],[-5.804794697487866,37.21227839844289],[-5.8047275508296465,37.212281728957386],[-5.803474226408801,37.210265668150555],[-5.802707135412954,37.209031680451],[-5.801797342763835,37.20756819943128],[-5.801794834977615,37.20756416534978]],[[-5.785548206559945,37.194981431520866],[-5.785553599888991,37.19498491826927],[-5.787238814149019,37.19607436942128],[-5.789183250934005,37.19750075671255],[-5.790929218770029,37.19878787873587],[-5.79373977792973,37.20084816855807],[-5.79558503131412,37.202199289447236],[-5.797221023683415,37.20340042001309],[-5.797224993263349,37.20340302169238],[-5.799081739388924,37.20461990667401],[-5.801101273556124,37.20644680596344],[-5.801792330183651,37.20756013007816],[-5.801794834977615,37.20756416534978]],[[-5.785548206559945,37.194981431520866],[-5.785542647809585,37.19497659420706],[-5.784643499033869,37.19419412893609],[-5.783780241786736,37.19344278185607],[-5.783808898449104,37.19336699379738],[-5.783810528989153,37.19336268151568]],[[-5.783810528989153,37.19336268151568],[-5.783760587920575,37.19331736641823],[-5.783730861506486,37.19330629637373],[-5.783692743403216,37.19330381294002],[-5.783601309553926,37.19333190477004],[-5.783546478804708,37.193347295722766],[-5.783481009226102,37.19333430808796],[-5.7826835749157315,37.192801098775654],[-5.782650684936286,37.1927486332619],[-5.781319548110552,37.19178483373974],[-5.78012598565626,37.19094700156051],[-5.780003949596757,37.19084391187239],[-5.778429753650426,37.18981107950764],[-5.778395361381963,37.189713195456655],[-5.778078569104462,37.189486982597984],[-5.778049850053318,37.189458153412346],[-5.778154264362314,37.18936755714726],[-5.778153501650747,37.18934674113134],[-5.775838570132548,37.187693888628814],[-5.775713245193377,37.187480646253086],[-5.7744176272721965,37.1865175645311],[-5.774173860170702,37.186228372264985],[-5.7737910609933865,37.1859744337133],[-5.7737522812667565,37.18596576278839],[-5.773715607496295,37.18596817139311],[-5.773467940190769,37.18605076352888],[-5.772504661778916,37.18534559265831],[-5.772463385330411,37.1853302303323],[-5.771639051388194,37.18508794168652],[-5.772059215615018,37.184783470943884],[-5.771996829002639,37.18472863377573],[-5.771993038638798,37.18472530208262]]]},"properties":{"id_dera":11010400001231,"ident":578,"nombre":"DRODRIGO_UTRERA_2","tension_kV":66}},{"type":"Feature","geometry":{"bbox":[-5.98466617917652,37.37562380000239,-5.976515456670309,37.384449561540514],"type":"LineString","coordinates":[[-5.976208013934036,37.376677318348335],[-5.976217254927509,37.37666887716644],[-5.9762293360255185,37.37667830424864],[-5.976784656365022,37.37714547777736],[-5.9771110239977965,37.37706593162687],[-5.9773665415708646,37.37700582064698],[-5.978377370193464,37.37676301443973],[-5.978457712176949,37.37674437479712],[-5.978655975815256,37.37669692168896],[-5.979183476115416,37.37657035770631],[-5.9792538249235045,37.37652259539068],[-5.979265366648031,37.37646158320032],[-5.979152411386496,37.375886392996385],[-5.9801140044107095,37.37576231804484],[-5.980182774681685,37.37575259196563],[-5.98032662900481,37.37573434107062],[-5.9804934110722066,37.37572912664241],[-5.980575759474096,37.3757384033546],[-5.9816336644979184,37.3758278403696],[-5.981814538612544,37.37584147883431],[-5.981975949501758,37.375872556640566],[-5.982120594758939,37.375932169728024],[-5.982270561307003,37.37599727989501],[-5.982945007111279,37.37627772289038],[-5.983193347757688,37.376388924475215],[-5.983943715238812,37.376717984981276],[-5.984259029185943,37.376859507592535],[-5.984469282470483,37.37704089507732],[-5.984471030712682,37.37704141859283],[-5.9847074280130474,37.37718902322178],[-5.9847193464211355,37.3771994446721],[-5.984726790055963,37.377213763490104],[-5.984729570769896,37.37722324431992],[-5.9847300882427525,37.37723516104975],[-5.984622827502662,37.37747338380869],[-5.98432681131438,37.37808985417467],[-5.983709627486857,37.37957660238897],[-5.983563189151922,37.379938733286764],[-5.983561911741286,37.37994268506298],[-5.983485884410498,37.380128407627964],[-5.983241633691327,37.3803322430759],[-5.983136018373882,37.380517306562595],[-5.983393504483566,37.38105388377499],[-5.983503963918541,37.381285447648445],[-5.983549464627255,37.38140161477936],[-5.983608281651211,37.38158483466686],[-5.983615854953356,37.381707851943595],[-5.983635044277989,37.3818065722497],[-5.983714627045762,37.3822419650157],[-5.983754293750426,37.3824499512839],[-5.983774759942673,37.38256748911043],[-5.983842144021851,37.382930655826115],[-5.98390652768817,37.383277643435505],[-5.98394176338841,37.383467531412705],[-5.983965241638274,37.383594381994854],[-5.9839810954394075,37.38367957168022],[-5.984020636018656,37.38389145348467],[-5.984046389238387,37.38402840134242],[-5.984063044028381,37.384116985734494],[-5.984080934121423,37.3842011238328],[-5.98414142734165,37.384241071495346],[-5.984173147370851,37.38424992981116],[-5.984213941669455,37.38425497286846],[-5.984233168261309,37.38425488389487],[-5.9842468807176985,37.38425413221327],[-5.984331336861378,37.384247395502356],[-5.984728132168339,37.38402573964102],[-5.984740538328326,37.3840188127151],[-5.9848349315505915,37.38396708801446],[-5.984883206252733,37.38398821474336],[-5.9848638174300985,37.384016420178796],[-5.984860020086751,37.384021944272206],[-5.984857305948792,37.384025892598224]]},"properties":{"id_dera":11010400001638,"ident":670,"nombre":"ENRAMADI_RASTRO","tension_kV":66}},{"type":"Feature","geometry":{"bbox":[-5.883945132858401,37.40675645983414,-5.853250642006753,37.438579965333275],"type":"MultiLineString","coordinates":[[[-5.875604918175864,37.412290621381636],[-5.875609233434855,37.4122877148783],[-5.883815719893655,37.406759619039214],[-5.883949287004385,37.40692688701479],[-5.883951791220705,37.40693002307159]],[[-5.875604918175864,37.412290621381636],[-5.8756255073707,37.41234634665598],[-5.873261251006598,37.41267608687754],[-5.873236205891898,37.41266919746503],[-5.871352025229188,37.41215087808907],[-5.86777275439313,37.41273407536162],[-5.863856419926646,37.413372045258946],[-5.863825466617376,37.4133603456616],[-5.859663235985437,37.41178701702899],[-5.856009118905192,37.41040558766172],[-5.853311695562477,37.40938572901191],[-5.853306592170748,37.40938379940531]],[[-5.855796814327811,37.436947678235015],[-5.856018397175662,37.4384949978348],[-5.856210675985685,37.43850841591321],[-5.856197159823172,37.43847328052377],[-5.856195503064366,37.43846897376156]],[[-5.855796814327811,37.436947678235015],[-5.85594296637624,37.43456250002154],[-5.856165001217778,37.431938570005315],[-5.856366496597087,37.42955726033344],[-5.854178333887874,37.4275776799592],[-5.8538155251429345,37.42546284118932],[-5.853400523883038,37.4238666163825],[-5.852985531117361,37.422270389341065],[-5.8525705694193375,37.420674159520324],[-5.852686677994562,37.418893274581805],[-5.852802783790316,37.41711238926397],[-5.852918875520623,37.41533150383965],[-5.8530173885376735,37.41382044319193],[-5.853115888268522,37.412309382543775],[-5.853214386000222,37.41079832162283],[-5.853306298905902,37.409388298425924],[-5.853306592170748,37.40938379940531]]]},"properties":{"id_dera":11010400000931,"ident":557,"nombre":"EADSCASA_PARQ_AER","tension_kV":132}},{"type":"Feature","geometry":{"bbox":[-6.049965013270906,37.40942218170928,-5.994838362230788,37.452984670337486],"type":"MultiLineString","coordinates":[[[-6.049002585026554,37.4515984279248],[-6.049076859509142,37.45028108379897],[-6.049165652409621,37.4488262013529],[-6.049303523276682,37.44643517305102],[-6.049424352632645,37.444398683944634],[-6.049424639386628,37.4443938507871],[-6.050168663011553,37.44084572267248],[-6.050538809541055,37.43889762187796],[-6.0510576157997615,37.43632952139229],[-6.050526446845088,37.43421792467202],[-6.050294100534246,37.43329422234033],[-6.050192709974886,37.43328855985861]],[[-6.050112252380923,37.4314975548101],[-6.0501123123761795,37.43150205963819],[-6.0501360633347,37.433285391187205],[-6.050192709974886,37.43328855985861]],[[-6.050112252380923,37.4314975548101],[-6.047839674215658,37.4295824241494],[-6.045302455114397,37.42747834814145],[-6.042512040457181,37.42705548994782],[-6.040824522125471,37.42678402799491],[-6.040818551989972,37.426782772227526],[-6.039884644621393,37.4265863285062],[-6.039874557641455,37.42658424215838],[-6.039549369973967,37.426516981208835],[-6.039543901959979,37.42651585021073]],[[-6.049002585026554,37.4515984279248],[-6.047371622409523,37.45144801307543],[-6.046134467164302,37.45133469840631],[-6.046128853283724,37.45133418418441]],[[-6.043188044282188,37.45108172575246],[-6.043171377339893,37.4511266929582],[-6.043215646633573,37.45112167798099],[-6.044790873819957,37.45125835099883],[-6.0448031047648865,37.45124893533622],[-6.0448531361166555,37.45123858129332],[-6.044911886321345,37.45124368034521],[-6.044951911753222,37.45126666992434],[-6.044962526473016,37.45127675810116],[-6.046122213629088,37.45137889318577],[-6.046128853283724,37.45133418418441]],[[-6.033380317981973,37.444174853781206],[-6.03528115765101,37.445565871625114],[-6.037883903079451,37.44645318014388],[-6.0379008081094945,37.446472646995986],[-6.039181314198572,37.447947167098064],[-6.040783728940646,37.449085303733206],[-6.040794070262877,37.44909264861371],[-6.04231574104672,37.45101068790546],[-6.043182422741834,37.45108126797145],[-6.043188044282188,37.45108172575246]],[[-6.033380317981973,37.444174853781206],[-6.0333761550736495,37.44417180766481],[-6.031549576561639,37.44283521110099],[-6.029769072037043,37.44152586818096],[-6.027816509506914,37.44009942154195],[-6.026090880083144,37.43881322151474],[-6.024356368006806,37.4375443062043],[-6.022658841588148,37.436303728617546],[-6.020903374017676,37.43501541995517],[-6.019169980999778,37.43373926058957],[-6.017417122107837,37.4324470993795],[-6.015732485924549,37.43122504184668],[-6.014031669457872,37.42997031300895],[-6.012129525674887,37.428564776185524],[-6.010289500989952,37.427209073814645],[-6.006954651366822,37.42481405082277],[-6.005075982248849,37.4234357756603],[-6.0050738329501545,37.423434198793196],[-6.003616524069727,37.42235221223281],[-6.003609292965859,37.42234684333959],[-6.001316282360777,37.421189771676154],[-5.999786462869452,37.41953558707428],[-5.99977967482005,37.41953059942896],[-5.997911604878496,37.41815796035929],[-5.996077115965544,37.41681018520694],[-5.99605429472091,37.41679341825121],[-5.993380949097638,37.41643150920844]],[[-5.994252580965245,37.41465090285781],[-5.994221704139643,37.414597955786654],[-5.994111707965306,37.414409335488145],[-5.994100305558981,37.414317312875845],[-5.994133856975528,37.41388301756717],[-5.9941444200958385,37.413730987783424],[-5.994160839894916,37.41353398286769],[-5.994193007192157,37.41296451253478],[-5.994230418838066,37.412476822819144],[-5.994249127718418,37.412270362019626],[-5.99429802617878,37.41217129708493],[-5.994469764029497,37.41200231629664],[-5.994639458894103,37.411881899029794],[-5.994738416217489,37.41183803350176],[-5.995666990568874,37.411470128961845],[-5.996037494985199,37.411335076940006],[-5.996643871417203,37.41116381273331],[-5.997210121374403,37.411061970119015],[-5.997296166149082,37.41100906818185],[-5.997587282145135,37.410766156035294],[-5.997591184831913,37.41076289955137]],[[-5.994252580965245,37.41465090285781],[-5.994250526741839,37.414655099419114],[-5.993380949097638,37.41643150920844]]]},"properties":{"id_dera":11010400001670,"ident":707,"nombre":"ALAMILLO_SANTIPON","tension_kV":66}},{"type":"Feature","geometry":{"bbox":[-6.265801078452291,37.42936439259489,-6.097483561164377,37.635527201785806],"type":"LineString","coordinates":[[-6.099630369443217,37.635470766877006],[-6.098603400350648,37.63461267434806],[-6.097372850605345,37.63286261333762],[-6.0979751529457955,37.628146492413535],[-6.100348060009617,37.62419048615818],[-6.102373130055555,37.620818253186],[-6.10551802842784,37.61558474219626],[-6.107390911419015,37.6124606096918],[-6.109189853547369,37.609465441293196],[-6.109892299768022,37.6082947945167],[-6.111390075226757,37.60571362272294],[-6.113158727334563,37.60281416249463],[-6.11483783312872,37.59996191323213],[-6.117776462060133,37.59512178671721],[-6.120136314101931,37.59118827350972],[-6.121847059804708,37.58831400957685],[-6.1240931150004165,37.58457399801436],[-6.125951780213271,37.58148627328383],[-6.126974138466346,37.577947040445686],[-6.127672861373245,37.57554858794507],[-6.1282154578915815,37.57358855946998],[-6.1291509858687725,37.57038885865394],[-6.129860796704917,37.56790675598978],[-6.13074213401436,37.56482957588724],[-6.1322727881215275,37.559484608157746],[-6.1331592752986435,37.55638321620437],[-6.134663979426327,37.55112567514348],[-6.135284493411605,37.54895604173534],[-6.136213541089257,37.545725283137045],[-6.137056440720725,37.542711159307785],[-6.137818390918777,37.54011004267969],[-6.139060560457229,37.53576323106861],[-6.139969006931873,37.53259029647584],[-6.1411586716243995,37.5284371381187],[-6.141739689897923,37.5264070989196],[-6.142865018968489,37.52247701409548],[-6.143671966864973,37.519660312066144],[-6.144661969351224,37.51620207187666],[-6.145406694528913,37.51357100297715],[-6.146473760975472,37.50987210612659],[-6.147580057711068,37.50595167571447],[-6.148889728018911,37.50140492185544],[-6.149962774537216,37.49768871551663],[-6.15118095982818,37.49340603363831],[-6.152688695060092,37.488136383961546],[-6.1539207686474136,37.48382753468086],[-6.155207985302488,37.47932212909682],[-6.156375316925733,37.47523771487804],[-6.157643973434888,37.47079972499731],[-6.158359435509701,37.46829802443989],[-6.1594993130383795,37.46430693918225],[-6.160390529290803,37.461185131177466],[-6.161712636070934,37.45655834828959],[-6.162777469539216,37.45282945477112],[-6.163667632053446,37.44971242575745],[-6.164632982359852,37.446329828174626],[-6.165593533870214,37.442963841411945],[-6.166554828584931,37.439603862379215],[-6.167702750028434,37.43558058955214],[-6.168724561250067,37.432009304897704],[-6.172558297993869,37.43268958807291],[-6.177280397103602,37.43355538387937],[-6.181366796810552,37.43431954106282],[-6.185564067140801,37.435098493448244],[-6.1900213418143775,37.43589432961531],[-6.195236175586049,37.43685132472628],[-6.199785285610211,37.43768962314321],[-6.204258790331816,37.43851213598566],[-6.208553307461748,37.43929275756585],[-6.21382057605347,37.43927447846284],[-6.2195924860532985,37.43926785281654],[-6.222981353315058,37.43925724463124],[-6.227024999850782,37.439243339358136],[-6.231431676226914,37.439231618285625],[-6.236172875763661,37.439223901263865],[-6.240853161686968,37.43922667429633],[-6.245425432827419,37.43924277286142],[-6.250107480018388,37.43923683981707],[-6.255185057533907,37.439255592068655],[-6.2598166132837765,37.43925553136156],[-6.264339273967595,37.439295107284266],[-6.266236356514218,37.43937101877302],[-6.2661897698394435,37.44012628990041]]},"properties":{"id_dera":11010400001202,"ident":773,"nombre":"GUILLENA - CASAQUEMADA","tension_kV":220}},{"type":"Feature","geometry":{"bbox":[-6.24221379515349,37.346471712128476,-6.145118687859625,37.37304861797715],"type":"MultiLineString","coordinates":[[[-6.243117706578471,37.36746061698979],[-6.24311233869411,37.36746201002998],[-6.242644495520327,37.36758342066802],[-6.239796665706824,37.368304843376215],[-6.23974146288688,37.36831854171186],[-6.236865994646326,37.369032034047315],[-6.236802442996618,37.369047802231755],[-6.233965856406975,37.36979171316707],[-6.233926680624148,37.36980198666099],[-6.231161422755337,37.37072687265609],[-6.22742158215758,37.370521378107476],[-6.224789130683936,37.369982830740405],[-6.221606995159644,37.36907500978533],[-6.2215548413441955,37.3690601301022],[-6.219365110321154,37.37039178012025],[-6.216960257379776,37.36943051732133],[-6.214563594343405,37.3684724502885],[-6.212527851693076,37.365723457494816],[-6.212484158852689,37.365716180206235],[-6.210152497259299,37.3653278034758],[-6.208440865180199,37.36509840272935],[-6.208403271442082,37.3651343247883],[-6.207542197224826,37.36595709698159]],[[-6.19985156521186,37.358704288099226],[-6.204043529417555,37.35955174606492],[-6.20619186661855,37.36133814645246],[-6.206863542069109,37.363635663705274],[-6.207542197224826,37.36595709698159]],[[-6.196061746100871,37.357952511775714],[-6.19985156521186,37.358704288099226]],[[-6.196061746100871,37.357952511775714],[-6.19269573685986,37.35789598162177]],[[-6.19269573685986,37.35789598162177],[-6.189580329693059,37.35720975936063],[-6.186767412728509,37.35659008217515],[-6.182798315841493,37.35571558526751],[-6.180062093122184,37.355112636534464],[-6.176759725032828,37.354384837432285],[-6.17418546613826,37.353817427235185],[-6.170698142655548,37.35304866128875],[-6.167417593564767,37.352325362377485],[-6.164158768731868,37.35160674987771],[-6.160856483413222,37.35087845011823],[-6.157663193048966,37.35017408410895],[-6.154535080711755,37.34948399133553],[-6.151955512775897,37.34891484401121],[-6.151950073569801,37.34891364385451]],[[-6.1442729510489595,37.352801808413595],[-6.1442771124076545,37.35279583270317],[-6.144358194055187,37.35267939925193],[-6.147587746709808,37.352254516661965],[-6.150865827687251,37.35182314777879],[-6.1509293138207655,37.351814792576484],[-6.151639327553899,37.349811256360475],[-6.151948570301277,37.34891798620871],[-6.151950073569801,37.34891364385451]]]},"properties":{"id_dera":11010400001693,"ident":772,"nombre":"BOLLULLM_HUEVAR","tension_kV":66}},{"type":"Feature","geometry":{"bbox":[-6.168183879375353,37.42177692944638,-6.048603323496006,37.636902827066216],"type":"LineString","coordinates":[[-6.099478473897185,37.635576023481676],[-6.0985092468612825,37.6346727978806],[-6.097256512411172,37.632882068243404],[-6.0978644662609724,37.62812183018869],[-6.1002520631458035,37.62415390693332],[-6.102277138222121,37.620781675407216],[-6.105422049631357,37.61554834643805],[-6.107294935945164,37.61242421530515],[-6.109093879809107,37.60942904826232],[-6.109795890498377,37.6082587744975],[-6.111293887098129,37.605677416972775],[-6.113062649183109,37.60277777531056],[-6.114741756579387,37.59992552731349],[-6.117680605250862,37.59508512741334],[-6.120040246923813,37.591151892628965],[-6.121750995642972,37.588277628795794],[-6.123997160213992,37.584537436174315],[-6.1258442233845445,37.58145641763908],[-6.126870542796957,37.577927892696934],[-6.127569061996687,37.57552989708499],[-6.128111661173453,37.5735698689665],[-6.129047404165482,37.570369802209356],[-6.129757000152983,37.567887886871105],[-6.130638341627718,37.56481070735438],[-6.132169002920236,37.559465739490065],[-6.1330554928953855,37.55636434931569],[-6.134560205534611,37.551106808063565],[-6.135180722454715,37.54893717506729],[-6.136098840295462,37.5457047263622],[-6.136952791060381,37.542692290812184],[-6.137714850075459,37.54009099197974],[-6.138956807387554,37.535744368058424],[-6.139865483816077,37.53257142806369],[-6.14105515550658,37.52841826930348],[-6.141636175070475,37.526388230527246],[-6.142761509487065,37.52245814759961],[-6.143568461131374,37.51964144495207],[-6.144558250258198,37.51618339229272],[-6.145302973723302,37.51355223291507],[-6.146370159407523,37.509853333727705],[-6.147476465257583,37.50593299505176],[-6.148786134143195,37.501386062348715],[-6.1498481303581025,37.49766780823851],[-6.15107726391289,37.493387177504985],[-6.152585231830834,37.48811752395467],[-6.1538170856527445,37.48380868035935],[-6.155104308383597,37.47930327562582],[-6.156271645562203,37.47521886333019],[-6.157540533529239,37.47078086825754],[-6.158255773500317,37.468279174202564],[-6.159395656407552,37.46428808969731],[-6.160286876817924,37.46116628112853],[-6.1616089898310555,37.45653949911305],[-6.162673828321944,37.452810606296886],[-6.163563995033965,37.44969357787017],[-6.164529349943817,37.44631098207562],[-6.16549013132763,37.44294498875264],[-6.166451430603235,37.43958501150441],[-6.167599132081989,37.43556174547608],[-6.168614664730588,37.43198882746217],[-6.1641042317703985,37.431112166223066],[-6.160839559477552,37.43050941840881],[-6.155644202490509,37.4295475941119],[-6.149651058253408,37.428811222884335],[-6.145187952312061,37.42826343661615],[-6.140236616430339,37.427656383917615],[-6.135512557363463,37.427079127050774],[-6.13072046996297,37.42649447386271],[-6.125791895098783,37.42588620717694],[-6.121567563055157,37.42536723994146],[-6.118404293094891,37.42503300857827],[-6.115184428570166,37.424823999135356],[-6.11151866735941,37.424695390751374],[-6.107242757262158,37.42456470584538],[-6.105141820973362,37.42457491606784],[-6.099777302397381,37.42461654630003],[-6.094615790853599,37.424652774462814],[-6.0888557553156,37.424695416699336],[-6.083570058756286,37.42473440705964],[-6.081401750633266,37.42475495080566],[-6.078058994703154,37.424788043882685],[-6.074174148494086,37.424826142301164],[-6.069318717813792,37.424889335461536],[-6.0619446908503996,37.42497259122578],[-6.056468114593265,37.42504234404833],[-6.051892469994787,37.425119594549614],[-6.048827967766085,37.42514443186375],[-6.043776010661809,37.42504880140361],[-6.0405831588606,37.425342361073795],[-6.040001920884809,37.425476901321005]]},"properties":{"id_dera":11010400001147,"ident":724,"nombre":"GUILLENA - SANTIPONCE 4","tension_kV":220}},{"type":"Feature","geometry":{"bbox":[-5.975219432710942,37.35046884581224,-5.952993016902507,37.37723484312656],"type":"MultiLineString","coordinates":[[[-5.976170653402941,37.376653336167315],[-5.976173319910825,37.37665094556762],[-5.976219265362853,37.37660975413687],[-5.976251417268154,37.37657936333192],[-5.975699116354275,37.376122689398144],[-5.97551937313302,37.37589076228409],[-5.975461955450335,37.37583577526073],[-5.975269478660541,37.37568989356858]],[[-5.975269478660541,37.37568989356858],[-5.974499627049089,37.37504068504209],[-5.974378867313653,37.37496988321079],[-5.973818959691528,37.3745155449665],[-5.972832215691867,37.373710836944944],[-5.972575997751362,37.37361341703222],[-5.972203617504172,37.37328489814077]],[[-5.970247740899222,37.37168749124903],[-5.970313005773756,37.37174067088121],[-5.970321054777996,37.37174723547479],[-5.971546233357484,37.37274555319019],[-5.972001619078692,37.37312227462769],[-5.972203617504172,37.37328489814077]],[[-5.970247740899222,37.37168749124903],[-5.969734524114417,37.371269271818576],[-5.968599086616714,37.37075495697742],[-5.968486771294561,37.37066491577282],[-5.9684873984295725,37.370553341596306],[-5.968598340403979,37.370455558344794],[-5.968619448561891,37.37042050920506],[-5.968628186272682,37.37039900708114],[-5.968616125863048,37.370388335224135],[-5.967922804506849,37.369769390289036],[-5.967413739592125,37.369319186079565],[-5.966517372290698,37.36858699499487],[-5.963964303540948,37.36647257679738],[-5.96376757546909,37.366435241108135],[-5.963212149912775,37.365957499928726],[-5.963291227089527,37.3657587831637],[-5.961128272335924,37.363977347166966],[-5.960895998632011,37.363796287125176],[-5.960797567443017,37.36372324437308],[-5.960704695883785,37.3636463139548],[-5.960588550070271,37.36355596399181],[-5.960393370168068,37.3634480671842],[-5.960319845725378,37.36338888020362],[-5.959373250897229,37.36259848112857],[-5.958724585009982,37.362065707188506],[-5.958676226939182,37.36200137509902],[-5.958578765934343,37.3618876598596],[-5.95857956448453,37.361871484086485],[-5.958604522146105,37.36184269279595],[-5.958725381616922,37.361707358498286],[-5.959226774331066,37.361057336839494],[-5.956723453762727,37.35953865238604],[-5.95708123048196,37.359005693770264],[-5.957083896179863,37.35900172280675]],[[-5.957083896179863,37.35900172280675],[-5.957004589438611,37.35896731291011],[-5.9578673961851,37.35769844589595],[-5.958764710909911,37.35635903853478],[-5.958766226172737,37.35635677667996],[-5.958907931229649,37.35617115302986],[-5.958981799291278,37.35607439063756],[-5.9567178209312095,37.35448299004604],[-5.954612299978548,37.353002144278626],[-5.952467775998188,37.35137029824445],[-5.951970666026575,37.35105471347521],[-5.951966249089885,37.35105190941061]]]},"properties":{"id_dera":11010400001617,"ident":680,"nombre":"ENRAMADI_QUINTOS_2","tension_kV":66}},{"type":"Feature","geometry":{"bbox":[-5.8735508463226624,37.35295276752635,-5.873546055180517,37.35296092147695],"type":"LineString","coordinates":[[-5.873546055180517,37.35296092147695],[-5.873548450946694,37.35295684416986],[-5.8735508463226624,37.35295276752635]]},"properties":{"id_dera":11010400001177,"ident":628,"nombre":"GIRALT_RESERVA_01","tension_kV":66}},{"type":"Feature","geometry":{"bbox":[-6.090483195788612,37.42437473684828,-6.048827432190035,37.63706273537271],"type":"LineString","coordinates":[[-6.040234968014448,37.42587454011941],[-6.041084371979895,37.425812665291375],[-6.041168393317547,37.425654913477175],[-6.044300879734682,37.42562500570822],[-6.049079876175729,37.42558380625328],[-6.051222944714218,37.42635552443693],[-6.054884281522722,37.42954588750753],[-6.057698752816606,37.43200974687119],[-6.058075625778622,37.43515191264092],[-6.059870449788927,37.45033980362207],[-6.060480549274305,37.45550062524011],[-6.060936423471057,37.45935551211364],[-6.0614224780914565,37.46346649714852],[-6.0628732798793505,37.47573077492258],[-6.06340990761182,37.48059675435027],[-6.063742118653948,37.48306795369143],[-6.064526671842342,37.489402329288815],[-6.064653518233726,37.49037439099611],[-6.065776964222337,37.50021632888011],[-6.065778460228549,37.50022906442621],[-6.06578202169118,37.50025901210045],[-6.065784924544512,37.50028320330513],[-6.065788676730764,37.500314215748276],[-6.065797668887128,37.500390123048824],[-6.065815698007947,37.500541233100726],[-6.065907650364021,37.5013211201594],[-6.06602664039975,37.50232006759411],[-6.06654820525126,37.506714352112795],[-6.068438103530192,37.52262819770126],[-6.068692831622796,37.52482106992533],[-6.068943568348577,37.528538310039224],[-6.070366281237158,37.55011426712636],[-6.070619270062287,37.55394901483655],[-6.070856253792183,37.55753918772821],[-6.071618536749137,37.569088100419265],[-6.071927861329604,37.57377337222407],[-6.072211245901768,37.57806322649322],[-6.072702824163571,37.58550527547427],[-6.073017099738124,37.590347091085626],[-6.074664580636933,37.59582414235693],[-6.080364147960584,37.61483223470182],[-6.081581681971579,37.61891030054508],[-6.085595431381505,37.62264074471681],[-6.095441773150804,37.63180690055307],[-6.096979696996901,37.63323839288823],[-6.09863038426497,37.635189843157306],[-6.099225185834084,37.635748386377806]]},"properties":{"id_dera":11010400001676,"ident":713,"nombre":"GUILLENA - SANTIPONCE 1","tension_kV":220}},{"type":"Feature","geometry":{"bbox":[-6.2430390218515335,37.36433129091291,-6.204999268909219,37.39291871450728],"type":"MultiLineString","coordinates":[[[-6.243180494102746,37.36761476503897],[-6.243175126145353,37.36761615796966],[-6.242706611887164,37.36773773155399],[-6.2398575264997085,37.368459478393895],[-6.239802218915773,37.368473202748326],[-6.236926750426322,37.36918669629199],[-6.236864281456426,37.3692021958714],[-6.234029739671381,37.369945574413435],[-6.233997735205704,37.36995396733964],[-6.2312171612424345,37.370882221849655],[-6.23119097354447,37.37089096381628],[-6.227398312282526,37.37068256993796],[-6.227389113430115,37.370682064343555],[-6.22472961890525,37.370137983319395],[-6.224724985343845,37.37013666150666],[-6.2215902719187275,37.3692423719749],[-6.219387442533166,37.370581983868504],[-6.219330492951352,37.370559220903154],[-6.216869315263128,37.36957543949401],[-6.214445601664059,37.36860655862803],[-6.214419174507381,37.36859599394694],[-6.212398621821139,37.36586750689607],[-6.2101149227807095,37.36548712869447],[-6.2085220655997615,37.36527364042283],[-6.207649273071462,37.36610759968303],[-6.207599965985397,37.366154712198124]],[[-6.207599965985397,37.366154712198124],[-6.2081659480332405,37.368090427999924],[-6.209181348176655,37.371562954133694],[-6.209889167213275,37.373983173081214],[-6.2109765232044065,37.37770122687695],[-6.211894786218407,37.38084056039066],[-6.212556548425062,37.383102984200725],[-6.213623700983779,37.386750826247884],[-6.214549910612342,37.38991643216769],[-6.213761351431831,37.39150742596543],[-6.209563235942408,37.39243594389347],[-6.20770284098836,37.392845330275314],[-6.2063936137623745,37.39285437382103],[-6.204997900852676,37.39288661586368],[-6.205044003345344,37.392571533717316],[-6.205044658080457,37.39256705898682]]]},"properties":{"id_dera":11010400001320,"ident":776,"nombre":"HUEVAR_SANLUC_M","tension_kV":66}},{"type":"Feature","geometry":{"bbox":[-5.991073999495173,37.3371771982604,-5.984020387235807,37.34027291943388],"type":"LineString","coordinates":[[-5.9843298058114085,37.34009573919378],[-5.984302428113282,37.340228631739414],[-5.984299223333626,37.340238903463835],[-5.984288251375942,37.34024510928924],[-5.984259666023023,37.34025366990395],[-5.984224427554599,37.34026150640245],[-5.984156208077783,37.34026949052876],[-5.984143873900095,37.340267224846066],[-5.984135535117627,37.34025955115795],[-5.984104349991692,37.34022494515192],[-5.984077199757722,37.34018820994678],[-5.984054345263585,37.34014966333814],[-5.984035957163873,37.340109625398405],[-5.984022183563681,37.34006841676815],[-5.98401316200559,37.340026376375604],[-5.98400894055162,37.33998386342745],[-5.984009564770287,37.33994117411941],[-5.984010682762133,37.33992750406179],[-5.984013104382675,37.33991398131198],[-5.9840168514669,37.33990058729776],[-5.984302528654324,37.33903519336181],[-5.984307245115022,37.3390231985239],[-5.984314130113251,37.3390081124239],[-5.984322663830065,37.33899362445147],[-5.98433280437535,37.33897981675784],[-5.984344443285028,37.33896680020563],[-5.984357516478073,37.33895466651684],[-5.984371915490781,37.338943526554225],[-5.984387496613369,37.33893345602819],[-5.984404151382848,37.338924565801996],[-5.984421746294856,37.33891690429719],[-5.984440148201834,37.33891052893689],[-5.98445917957346,37.338905516285976],[-5.9844787058376,37.33890188776167],[-5.984507209858421,37.33889869938887],[-5.984535951864655,37.33889753235606],[-5.98456471836912,37.338898410073156],[-5.984593238090296,37.338901321367075],[-5.9846536789520774,37.33891324825838],[-5.984951553927081,37.33897754182876],[-5.985340999875537,37.33906158917805],[-5.985621067603386,37.3391187438537],[-5.9858790614495705,37.33918471790777],[-5.986148135896684,37.339268315320766],[-5.9863083006956765,37.339326613408225],[-5.9863095622065075,37.339327122172925],[-5.986665819232253,37.339477779724575],[-5.986840933282928,37.33956274884289],[-5.986854197763451,37.339568558884295],[-5.986868113942439,37.339573442404195],[-5.9868825098593375,37.339577331663],[-5.986897305169988,37.33958019264841],[-5.986912340613574,37.339581993341795],[-5.986927515081111,37.339582745307816],[-5.986942725680767,37.33958241510402],[-5.986957826564651,37.33958102443591],[-5.987022967668478,37.3395702781772],[-5.987086640614874,37.33955494660968],[-5.987148376526066,37.33953515871756],[-5.987207639239953,37.33951105419703],[-5.987263985282764,37.339482833476104],[-5.987316960979268,37.33945072427288],[-5.987366146834851,37.33941496245243],[-5.987411039585236,37.339375948185186],[-5.987421831747106,37.33936663800858],[-5.987433563612731,37.33935825919577],[-5.987446223552001,37.33935080303015],[-5.9874597355007975,37.33934434351675],[-5.9874740103385955,37.33933890993865],[-5.987481862822382,37.33933629672213],[-5.987489840387728,37.33933370737594],[-5.987497808104993,37.339331154319844],[-5.987522258816143,37.339323643500904],[-5.98754688375998,37.33931654275572],[-5.987571693853932,37.33930984279742],[-5.987638650090148,37.33929250874449],[-5.987675613176104,37.33928293368957],[-5.98774481713076,37.33926565090415],[-5.987814146984962,37.33924869828384],[-5.987883478370874,37.339232069961014],[-5.988066282314855,37.33920150906368],[-5.988123297240622,37.33919303096726],[-5.988180448074372,37.33918513508847],[-5.988365358638035,37.33914822217913],[-5.9888836757650195,37.33905522479463],[-5.989190375444546,37.338924965021874],[-5.989318271665818,37.338869804213225],[-5.989470195239246,37.3388414455586],[-5.989565167161038,37.33887154492164],[-5.989614646555581,37.33889958680286],[-5.98976558947541,37.33892107137108],[-5.989899881139341,37.33894297682462],[-5.9899116438370354,37.33894534646229],[-5.989976518203646,37.338730653684465],[-5.9900017784537365,37.33865277726278],[-5.990044720613732,37.33843198035884],[-5.9900495351227825,37.33817486239737],[-5.9900507459018275,37.337995064178976],[-5.990068636379119,37.33764706945048],[-5.990074065946794,37.33748857337471],[-5.990818029740918,37.337462106817384],[-5.9908268812028,37.337460504314265],[-5.990840011332648,37.33745069317917],[-5.990842254205895,37.33744550048457],[-5.990842875256259,37.337437258229166],[-5.990851795036004,37.337249290753654],[-5.990858755783977,37.33718692451338],[-5.9908741548891165,37.33718225501179],[-5.991068680602877,37.33718523249958],[-5.991074321799711,37.337185318841165]]},"properties":{"id_dera":11010400001653,"ident":669,"nombre":"GUADAIRA_PALMALTA","tension_kV":66}},{"type":"Feature","geometry":{"bbox":[-5.984467549220103,37.39437843106855,-5.978902532560984,37.41690726926012],"type":"MultiLineString","coordinates":[[[-5.983685848126804,37.411350100013244],[-5.983737169534879,37.411484284870795],[-5.983871358400907,37.41184734136759],[-5.9838585895339635,37.411888796348755],[-5.983820048380239,37.41202518710517],[-5.983784557752369,37.41215561702042],[-5.98375104085816,37.41228540240117],[-5.983712459695751,37.412446131272645],[-5.9836783455338205,37.4126012960404],[-5.983644906566864,37.412757822343785],[-5.983613672892788,37.412912707122835],[-5.9835857672149615,37.41306065093841],[-5.983568873394108,37.41316157066941],[-5.983547016902787,37.413311938722565],[-5.983537136262144,37.41344868700802],[-5.9835457190233345,37.41359496168148],[-5.9835310584539645,37.413716296686225],[-5.983477418348881,37.41381211619172],[-5.983426180232509,37.41414812879797],[-5.983364093528786,37.41455522813194],[-5.983322518277738,37.414827878753115],[-5.983280206328895,37.41510531446393],[-5.983247212567336,37.415330614912676],[-5.983238509507953,37.41540680144664],[-5.983269021401162,37.41547398770442],[-5.9833418202032895,37.41556916494782],[-5.9834116195089395,37.4156123737114],[-5.984204872916887,37.41570524404989],[-5.985319256034,37.415829065744],[-5.985176197566464,37.41668043340511],[-5.984739457853617,37.41664444037109],[-5.984721195696643,37.416760379088586]],[[-5.983685848126804,37.411350100013244],[-5.983474139739678,37.41079662792505],[-5.983360009780286,37.41050230955814],[-5.983157242321381,37.409964802778546],[-5.9831427699551964,37.4099206025688],[-5.9831199572245275,37.4097239493082],[-5.983123997093077,37.40953761089851],[-5.983248972855315,37.40898432461508],[-5.983293956092619,37.40878452720996],[-5.983323149614105,37.408652544390144],[-5.983335695151418,37.40855022067043],[-5.983340854539325,37.408428278502576],[-5.983322033462089,37.408294660516034],[-5.983208471704353,37.40802621444976],[-5.98297593167517,37.40763605826972],[-5.98281713858582,37.40738338642047],[-5.982552924476454,37.407175940284134],[-5.982400473742359,37.40704925373141],[-5.9822354985849975,37.406842843406174],[-5.981994544621752,37.406541370825856],[-5.9816878752208495,37.40615095591764],[-5.9816603052369715,37.40610227437366],[-5.981624355105295,37.40601429352226],[-5.981570399500453,37.40582541761797],[-5.981531029179423,37.405666250519886],[-5.981477048268323,37.405274406237474],[-5.981426261022782,37.404912963620575],[-5.9813833815263635,37.40461024067506],[-5.981379552961808,37.40458317982072],[-5.981375207899334,37.404552491781985]],[[-5.982784367916932,37.394420939376296],[-5.982781633561272,37.39442488094291],[-5.982751571072566,37.394468215911566]],[[-5.982751571072566,37.394468215911566],[-5.982794790937358,37.394487299518474],[-5.983167144769486,37.394664985272655],[-5.982698738118607,37.39530549285046],[-5.982201957606821,37.39598826173811],[-5.981832176359451,37.39649458074484],[-5.981541278045452,37.39688975615468],[-5.981438003153833,37.39702731085903],[-5.98134284109267,37.39718549295871],[-5.981305759598766,37.397291427030815],[-5.981371563347161,37.39767747726563],[-5.981467150531258,37.39821173665492],[-5.981552343510394,37.39852414183164],[-5.981444759873557,37.398630539028666],[-5.9811441643421395,37.39895566771382],[-5.980857845954144,37.39926350494166]],[[-5.981375207899334,37.404552491781985],[-5.981340251635168,37.40430574895891],[-5.98130915296934,37.40394202546935],[-5.98128821833432,37.40378629466657],[-5.98122432287809,37.40364350533812],[-5.980119079252544,37.40319737847593],[-5.9799633099927005,37.40292587538623],[-5.979792552032153,37.402851637039156],[-5.979759702709773,37.40283157009702],[-5.979378844417697,37.40258916844558],[-5.978900856330819,37.402298322893344],[-5.9783093657019455,37.40193883796117],[-5.978323322246266,37.40192362802154],[-5.978455292846207,37.401780541168286],[-5.978882227464964,37.40133159389111],[-5.98017777766286,37.399982839460534],[-5.980633596739478,37.399504594582716],[-5.980857845954144,37.39926350494166]]]},"properties":{"id_dera":11010400001649,"ident":672,"nombre":"EMPALME_OSARIO_2","tension_kV":66}},{"type":"Feature","geometry":{"bbox":[-6.568498481542341,37.499901881392674,-6.226752711880382,37.732183796160626],"type":"MultiLineString","coordinates":[[[-6.498434835712191,37.68177128702961],[-6.500040414186099,37.682675342346165],[-6.504482809325458,37.68505772985635],[-6.5088571453516915,37.68768323048798],[-6.512141643799152,37.68950402506348],[-6.516628469790718,37.692188303414774],[-6.519765224813995,37.693974005599735],[-6.522781636299813,37.69573141655467],[-6.524762027110025,37.69689785691477],[-6.527541463871676,37.6985543922201],[-6.530052467888292,37.69993953484152],[-6.532299100344448,37.701142099330376],[-6.53499010769101,37.7026106534677],[-6.539096594516288,37.70493824292344],[-6.541910986104599,37.706644183869194],[-6.545758328848235,37.70889040330393],[-6.547750129811936,37.71010032965867],[-6.552167753932901,37.71189736028095],[-6.557218373388082,37.7138910495097],[-6.561439474922474,37.71557942311165],[-6.565071454197137,37.71698070277499],[-6.5720756795016,37.719359000116626],[-6.574865964851868,37.720710984457035],[-6.575676596056078,37.72110375693155],[-6.577527919727302,37.721967702595926],[-6.577821578800825,37.72197535908142],[-6.578971100435212,37.722004939023364],[-6.579124256075921,37.721719412958464],[-6.579126479082062,37.721715268619484]],[[-6.498432995607416,37.68177024255562],[-6.498433915659791,37.68177076479262],[-6.498434835712191,37.68177128702961]],[[-6.239710687429585,37.53112605287058],[-6.244056992923529,37.53367680614658],[-6.248362968404464,37.53625075833013],[-6.252203449649025,37.538380220021175],[-6.254663544779357,37.53993803011094],[-6.257572563247256,37.54154682359654],[-6.261714555408998,37.54399784713584],[-6.266460836727952,37.54676210958089],[-6.269193400649491,37.54833737816466],[-6.271682151965408,37.54980509802471],[-6.275268416758301,37.55192812294817],[-6.279346234593991,37.5543421714601],[-6.284045998513961,37.55710707167624],[-6.2890895094518315,37.56006536167197],[-6.2935204274473735,37.562507158976345],[-6.298565900046778,37.565490288488526],[-6.30231474968687,37.567646014175494],[-6.304708580095548,37.569102956274236],[-6.307312533863415,37.57061747461384],[-6.310281101806962,37.572439109894155],[-6.312752689812819,37.57384288548713],[-6.318174667958595,37.57700520852199],[-6.3203870821820765,37.57831447943188],[-6.323922590469665,37.58031034860977],[-6.329946448542795,37.583709034542764],[-6.3328171289048445,37.585456710396414],[-6.337437070225962,37.58813263201023],[-6.340979154176412,37.59025481598548],[-6.344206673424045,37.59211903761043],[-6.348795531901476,37.594795466325166],[-6.353008400101267,37.59726653409787],[-6.355012430590166,37.5985303302253],[-6.359812657887396,37.6012764335346],[-6.36514056425168,37.604388375802266],[-6.367827798442603,37.60592453284749],[-6.370960950801987,37.60779068835535],[-6.374746387797538,37.60995567313405],[-6.377959046406753,37.611806744971275],[-6.3817312305310345,37.614022597053705],[-6.383795833597509,37.615195221104756],[-6.389125688456229,37.618305883813925],[-6.392781105265958,37.62039778113941],[-6.397667397881685,37.623216016823285],[-6.400621336495398,37.6249722738477],[-6.403018267688375,37.626414340155925],[-6.40607174897521,37.62824380010534],[-6.40928303565464,37.630030507432814],[-6.411267108101613,37.63116685072951],[-6.414726626469821,37.633136678163076],[-6.418485565024123,37.63536448253662],[-6.422538156562139,37.637723190447886],[-6.425508020492927,37.63945302037351],[-6.4283134568531155,37.641073136558006],[-6.4320536124588905,37.64322481680324],[-6.435168186375784,37.644962792462366],[-6.4406828723318945,37.64817996643703],[-6.443768279934021,37.649969367931504],[-6.44912131273522,37.653127336831716],[-6.4522241329186345,37.6549413131997],[-6.457131857015476,37.657781847096395],[-6.4603508794194795,37.659681111817086],[-6.463472078774998,37.661532438198215],[-6.468822019972751,37.664587941770094],[-6.472893096331152,37.66693168635815],[-6.477689466903967,37.66974911519929],[-6.481236286353392,37.67180325015572],[-6.4845191556716655,37.67367453621499],[-6.488903835335036,37.67621167583994],[-6.4921446719145495,37.67819830922251],[-6.494706292003851,37.679671658309736],[-6.498432995607416,37.68177024255562]],[[-6.217616049957298,37.520754384138556],[-6.217616656561658,37.52075886316856],[-6.217884163230513,37.52273401947968],[-6.218189681536885,37.52437287166764],[-6.220793104651844,37.52679397534272],[-6.2223816626195365,37.528271202198],[-6.228074426942173,37.52862161232504],[-6.232414433022532,37.52888852610401],[-6.236292334464759,37.529126868137155],[-6.239710687429585,37.53112605287058]],[[-6.229688774979381,37.50996049272405],[-6.229692810346887,37.50996849922846],[-6.230176151238592,37.510927474305],[-6.230233240250891,37.511040740307415],[-6.227530846488446,37.511997569388456],[-6.227525678558328,37.51199939910064]],[[-6.229519936599074,37.509667246892846],[-6.229605518067875,37.509815910305605],[-6.229686417008558,37.50995639792386],[-6.229688774979381,37.50996049272405]],[[-6.227525678558328,37.51199939910064],[-6.227520430337386,37.512001153880455],[-6.22604775347417,37.51249354138688],[-6.224615941628313,37.5129721909356],[-6.224610726753696,37.512973934206606]],[[-6.224610726753696,37.512973934206606],[-6.22349762972799,37.51481756058339],[-6.223492532384507,37.51482600309708],[-6.220270662464464,37.51807831009969],[-6.217619556529172,37.52075084938315],[-6.217616049957298,37.520754384138556]]]},"properties":{"id_dera":11010400001695,"ident":780,"nombre":"AZNALCOL_DEHESA","tension_kV":132}},{"type":"Feature","geometry":{"bbox":[-6.060758211336383,37.313013781875114,-6.048180771235982,37.32995430595776],"type":"MultiLineString","coordinates":[[[-6.0614268561669515,37.32948406484967],[-6.061426673414055,37.32947956210168],[-6.061422983967001,37.32938865972609],[-6.06142261263804,37.32937951073196]],[[-6.06142261263804,37.32937951073196],[-6.058960305020309,37.329119588167785],[-6.055769036102922,37.32878540830393],[-6.053655703011231,37.32642952941964],[-6.05199598993455,37.324622560892884],[-6.050652859390985,37.321451789806055],[-6.049704952094506,37.319183016161446],[-6.048561510067589,37.31651552023593],[-6.047540040036868,37.31410346504721],[-6.048109373856334,37.31342130062364],[-6.048971314186018,37.31331886357454],[-6.048976893231952,37.31331820051312]],[[-6.0614268561669515,37.32948406484967],[-6.060985000568426,37.32955168567274],[-6.061004431132401,37.329618510844526],[-6.06100570700989,37.329622898810335]]]},"properties":{"id_dera":11010400000970,"ident":715,"nombre":"LAMINILL_PALOMARE","tension_kV":66}},{"type":"Feature","geometry":{"bbox":[-5.989429223426802,37.29615727446215,-5.9075066917785515,37.32153504113662],"type":"MultiLineString","coordinates":[[[-5.986669816972109,37.3040012229263],[-5.9866751936387095,37.30400258294289],[-5.987052594962286,37.3040980450932],[-5.987129830589541,37.304117581357524],[-5.986946220273164,37.30581139241687],[-5.989859979998337,37.30702958374231],[-5.989815738411804,37.307100463341975],[-5.989598901864926,37.30744785575716],[-5.9879569220197615,37.31004878633783],[-5.987915278613291,37.31011475015699],[-5.986674329239389,37.312084914297536],[-5.985748592468587,37.313571956784976],[-5.9857170081207585,37.31362269063304]],[[-5.981985863941131,37.313305017465595],[-5.981991472622089,37.313305495084],[-5.983532100536107,37.313436692702425],[-5.9856467262414474,37.31361670787422],[-5.9857170081207585,37.31362269063304]],[[-5.977011623563846,37.31930325430517],[-5.9770697593152695,37.31926800517503],[-5.977624988443737,37.31893135305526],[-5.9776608464366525,37.31890961108282],[-5.977966644731619,37.31584669700639],[-5.978346977046355,37.31297890126075],[-5.981980258634819,37.3133045152072],[-5.981985863941131,37.313305017465595]],[[-5.977011623563846,37.31930325430517],[-5.976951085024627,37.31927071950783],[-5.974531950750482,37.317970573058226],[-5.972189986326707,37.31671366064005],[-5.969656289788088,37.31535319051236],[-5.967492053740038,37.3152850563415],[-5.9651583975656814,37.31570751958356],[-5.962915109133559,37.316114337323725],[-5.9609559682103175,37.316480265243314],[-5.9588184849183,37.316866704224644],[-5.957320895584598,37.31713777484864],[-5.954859374195778,37.317576026721525],[-5.952850941669733,37.31794035667634],[-5.949834044238,37.318486213865555],[-5.947575518995134,37.31888449869988],[-5.945572830565895,37.31924120130579],[-5.943000381896743,37.31966936733526],[-5.942994859584395,37.31967028642027]],[[-5.942994859584395,37.31967028642027],[-5.9429912202062,37.31960270743538],[-5.941906996824824,37.32060442855897],[-5.941776269858036,37.32068729772787],[-5.940575788752149,37.32039981532504],[-5.940350166350842,37.3203457834319],[-5.939792802581472,37.32021230602346],[-5.939235440624244,37.320078825892715],[-5.939084210860485,37.320042612942565],[-5.9390136468318335,37.32002571445477],[-5.938680412890079,37.31993280540546],[-5.93835747870812,37.31981608580234],[-5.938049362674555,37.31967713747757],[-5.937873390090964,37.31958406793467],[-5.937693491052764,37.31947301135886],[-5.9375789755134,37.319402293004465],[-5.937442789283786,37.319300620668564],[-5.93730649742264,37.319198833651924],[-5.937033447900738,37.318949920301584],[-5.936908406103612,37.31879682636701],[-5.936589143751489,37.318375866493966],[-5.936602339197426,37.31830528316266],[-5.9366009234887365,37.31826889743123],[-5.936593648900415,37.31824837166492],[-5.936581028607724,37.318226158476904],[-5.9365630533479194,37.31819796003485],[-5.9365278569397555,37.31818327254963],[-5.936495000257269,37.318167535798224],[-5.936431515975523,37.318159137160926],[-5.93631107800535,37.318117353428676],[-5.93623788271454,37.31805189729698],[-5.936200844375977,37.31799304938382],[-5.936180015822001,37.317941962675185],[-5.936171817269331,37.3178678106422],[-5.936176995546765,37.31783242357746],[-5.936163105509799,37.317814107411834],[-5.935620351643689,37.31706500242172],[-5.935559371042774,37.31698084299513]],[[-5.935559371042774,37.31698084299513],[-5.9354489856990895,37.31682848288546],[-5.934887209603491,37.31605314776551],[-5.9347551777645995,37.31587091321092],[-5.933926677382027,37.314727384921866],[-5.933970637103138,37.314606804699956],[-5.9339869236915055,37.314488857184905],[-5.93397749590563,37.31437081764549],[-5.933963011049517,37.3143119140901],[-5.933929164245215,37.31422739603602],[-5.9338829831333415,37.31414597720012],[-5.9337771119746705,37.31402509458261],[-5.933684665348307,37.31395179738821],[-5.9335798184850335,37.31389035026336],[-5.933447257708954,37.31383715026121],[-5.933340808251742,37.31381022631017],[-5.93317951304206,37.31378604094892],[-5.93252218023389,37.31287870541926],[-5.932303796290701,37.312577262515035],[-5.93179016076552,37.31186827919054],[-5.931300743895913,37.311192690310705],[-5.930453684576374,37.310023373768416],[-5.929779684205803,37.30909290730911],[-5.929542895664187,37.30876601796125],[-5.928444407270912,37.30724952360269],[-5.92746773859243,37.30748376295556],[-5.926773692908123,37.30652552548281],[-5.925985109502019,37.3068899431681],[-5.924991741638397,37.307348976371],[-5.924914077381736,37.307384857859745],[-5.9248643847838265,37.307407820235056],[-5.924791130004043,37.3074355190757],[-5.924753711200964,37.3074453918233],[-5.924714957864531,37.30745284665773],[-5.924675552922567,37.30745774955452],[-5.92463533720689,37.307460068405426],[-5.924003800240736,37.307475680603744],[-5.923101697109194,37.30749797560147],[-5.92232043933759,37.3075172784047],[-5.9221078002340946,37.307522531257305],[-5.920780855700963,37.30755530230244],[-5.92036097659214,37.30808689947182],[-5.92031959058795,37.30813072182258],[-5.920257061198896,37.308196916974445]],[[-5.913670151216174,37.3034853491039],[-5.913674354083504,37.303488353220196],[-5.9153334911502204,37.304674237230294],[-5.917111619326653,37.30594524070957],[-5.918142471423469,37.3066821184314],[-5.919479364659579,37.30763724120033],[-5.920233354410129,37.30817985638534],[-5.920257061198896,37.308196916974445]],[[-5.911497518137884,37.301932658147514],[-5.913665947974603,37.303482345321285],[-5.913670151216174,37.3034853491039]],[[-5.906608327978702,37.29822199264645],[-5.906841719739532,37.29848493199353],[-5.906845976592692,37.29848972774644],[-5.907904766634295,37.29940913780326],[-5.907908814809296,37.29941194017426],[-5.909873883183528,37.300772228426936],[-5.910594768936231,37.3012874772157],[-5.9114933117449535,37.3019296572903],[-5.911497425555771,37.301932597351296],[-5.911497518137884,37.301932658147514]]]},"properties":{"id_dera":11010400001633,"ident":646,"nombre":"DOSHMNAS_FUENTE_R_2","tension_kV":66}},{"type":"Feature","geometry":{"bbox":[-7.2290051060194145,37.34439256736524,-6.093878321890604,37.635740714589495],"type":"LineString","coordinates":[[-7.240499410091895,37.54794869820685],[-7.239796495879254,37.54821909703286],[-7.238341944744259,37.548762304066635],[-7.233226090873144,37.54859136432515],[-7.229297084834288,37.5467955879147],[-7.224582460863531,37.54464070295801],[-7.219612742173087,37.54236865195338],[-7.215397880603405,37.540438778677014],[-7.210877370177878,37.53838230538085],[-7.20627693184492,37.537240765896975],[-7.2021363988967595,37.536217487011456],[-7.197928003749942,37.535196386616725],[-7.194212932927728,37.53428323329762],[-7.1914958594857215,37.53240113688395],[-7.187507190269985,37.529642423888134],[-7.183483451694013,37.52685797002741],[-7.179754719953636,37.52428764628713],[-7.176731070831127,37.52218798882229],[-7.174613016261014,37.52073750967901],[-7.171569657184184,37.51993583992318],[-7.167656350688269,37.518912185495644],[-7.162239741978122,37.51749110284677],[-7.1585069939682855,37.516511205309754],[-7.15538158112562,37.51624173101716],[-7.15148448371458,37.51591053221731],[-7.146530437198168,37.51548126533619],[-7.141565645504332,37.51506126324697],[-7.13703141070762,37.51467215340426],[-7.13359583674446,37.51365147919553],[-7.127018726126808,37.51171248507195],[-7.122410130511009,37.508064208802956],[-7.11881507280466,37.5052194010406],[-7.1166573952760865,37.50196688616379],[-7.114734032242359,37.49906150014417],[-7.112281675924138,37.495372846919324],[-7.109742318807749,37.49153403795493],[-7.107968232952547,37.488866620658015],[-7.105405672004717,37.48501040677454],[-7.10321150230233,37.481681865502395],[-7.100489624945244,37.47758777541985],[-7.09853127952053,37.47463826574102],[-7.096745765726875,37.47195294624652],[-7.094392955703687,37.4683948062624],[-7.0924138443377895,37.46540122314115],[-7.0878082923594015,37.46421920326532],[-7.083304242410557,37.46305996937198],[-7.079729093604118,37.462147769999035],[-7.075946357003747,37.4611820099505],[-7.070297063877034,37.45973754892352],[-7.065610989052874,37.458527243496164],[-7.061847731444554,37.457568275805606],[-7.058917473229206,37.455152701328075],[-7.055334054434847,37.452195071088866],[-7.051997398966836,37.449455936742126],[-7.047563276802953,37.44579771912957],[-7.0433667610937745,37.44234755130614],[-7.040130314255105,37.43968200016624],[-7.036784431506339,37.4369138945414],[-7.030638744334442,37.43185425362068],[-7.027605923699115,37.429351808228375],[-7.0226224162069935,37.42822986313468],[-7.018792033001328,37.42736047886013],[-7.01441344272601,37.426374407015224],[-7.009840773391064,37.42534972305635],[-7.005690648700468,37.424409695600914],[-7.000820342050904,37.42332521459096],[-6.995699464279701,37.42216280434238],[-6.992258324208813,37.421378450901535],[-6.987857687931572,37.42039211648982],[-6.983891178338534,37.41949906066572],[-6.978814582397923,37.418348640153305],[-6.9732826765553035,37.41710261455582],[-6.967030848867026,37.41570027003487],[-6.962334055448239,37.414630403257405],[-6.95749979502593,37.41354045392965],[-6.952859804131323,37.412497754405514],[-6.948127960492721,37.411421908848276],[-6.943682317479578,37.41041738135767],[-6.940070268037099,37.40960367198006],[-6.93616353480061,37.4087313934008],[-6.931578056098174,37.406706288516475],[-6.926851474002661,37.4046384890815],[-6.921811868881802,37.40240973610958],[-6.916773601155411,37.400198730498204],[-6.913005719014285,37.398530941301225],[-6.908013969161109,37.39633602334597],[-6.903819372241556,37.39448396050547],[-6.900843912979279,37.39319133421037],[-6.898390176029903,37.38991569845309],[-6.895832840129127,37.38653190009233],[-6.893445050282845,37.38336765859114],[-6.890488833705704,37.37946530021748],[-6.88838068632068,37.37667908904399],[-6.886018402164561,37.37355879179201],[-6.883326943982816,37.369996414052274],[-6.879300675670851,37.36794880248129],[-6.876101818173868,37.36632413301292],[-6.873570283857163,37.36503584320795],[-6.869181618230835,37.363757004953285],[-6.864530671768677,37.3624138846074],[-6.859845383832235,37.36106259830674],[-6.854896166214386,37.359620734396714],[-6.851609112146586,37.35867461342595],[-6.846583153955009,37.358509595727554],[-6.840490740823809,37.35832039839711],[-6.835641610675555,37.358174386882055],[-6.830187742063083,37.35800031125395],[-6.826342881000459,37.35825960963172],[-6.823095039369346,37.35887745825304],[-6.818254128940788,37.359608078812904],[-6.812859817058296,37.36043312120157],[-6.808361390189521,37.36136776700771],[-6.803950319223731,37.362293574881825],[-6.798924723652287,37.36334718038469],[-6.794245109106479,37.364326310108574],[-6.790151765937088,37.365190051280756],[-6.786321100886032,37.367148701470654],[-6.783482041771611,37.368599991739266],[-6.7800437298170655,37.37036786286985],[-6.775650056408603,37.37060813291859],[-6.7705968103407,37.37090461281053],[-6.76500933767871,37.37122043181031],[-6.759598342137799,37.372145933650714],[-6.754253912127298,37.37306682187832],[-6.749991359155543,37.37504155862693],[-6.744187045663364,37.37562696812083],[-6.740415661894954,37.37603016042947],[-6.7356114839441545,37.3775342566981],[-6.731432139514957,37.378846442460485],[-6.727086019100544,37.380217889170886],[-6.72271684932434,37.38158080583933],[-6.718059440973865,37.38305173683284],[-6.712767525040532,37.3847136042164],[-6.708442886359386,37.38607460313051],[-6.702994909097121,37.387785985698926],[-6.6982138812235945,37.38928704891127],[-6.694739046495959,37.39038220297106],[-6.688663422415139,37.391444381510404],[-6.684532183077386,37.392158844128765],[-6.680603018391143,37.39284884733115],[-6.6773014926746335,37.39344025888166],[-6.673753299781323,37.39564410524821],[-6.670136132663472,37.397882694065046],[-6.666431507192204,37.40017776585759],[-6.662113517854538,37.402870215135835],[-6.659241505178429,37.40465293989965],[-6.65493530183561,37.40732891487063],[-6.65055882787147,37.41003862432707],[-6.647379337613546,37.41201066540016],[-6.643366574786498,37.41450383520668],[-6.64043900646442,37.416323778351696],[-6.637721330930655,37.41801430138801],[-6.6328859005980725,37.41929679467351],[-6.627758126356652,37.42066672634408],[-6.623693596122446,37.42175677866499],[-6.619238464435176,37.42079640715227],[-6.615209774112227,37.41993776179524],[-6.609499551663013,37.41870381789118],[-6.6047750947635055,37.41939438146806],[-6.599749161797078,37.42011521207987],[-6.594476805006157,37.420879368808556],[-6.589024168465036,37.42165778064278],[-6.585153893649153,37.422216727778505],[-6.5802286065483395,37.42292466678517],[-6.575280761589224,37.423633083352584],[-6.569704970887351,37.42444136480335],[-6.565632167413243,37.42502381864106],[-6.561665988461938,37.42560498787976],[-6.556439296086914,37.42679500664854],[-6.55175694447517,37.42787283323404],[-6.546995902847386,37.42896184974079],[-6.542648719488255,37.429966184447835],[-6.537328283149274,37.43117971113085],[-6.532041615496108,37.43239199056567],[-6.526966890943051,37.433552658506436],[-6.521948208230849,37.43470242812927],[-6.517418119849958,37.43575076157116],[-6.512409486425629,37.43650126007073],[-6.507350421908541,37.437282234944085],[-6.502290397370571,37.43804500425677],[-6.4971972413679815,37.43882655912253],[-6.491901586968143,37.439631903131804],[-6.486493494690776,37.440449342270526],[-6.4813436535062685,37.44123189122481],[-6.475599164236522,37.442112809732144],[-6.471716556456382,37.44269545657918],[-6.46565830604345,37.44362377137957],[-6.460574568249474,37.44439185764568],[-6.4562209359282585,37.44505987875878],[-6.451608607785299,37.445753324301464],[-6.44727706211193,37.44641136308507],[-6.443405115294972,37.4469928631451],[-6.438972475185425,37.44766255737012],[-6.433238238188733,37.44854112868144],[-6.428423395207729,37.44926659256594],[-6.423193448089792,37.450057956445704],[-6.417862209244306,37.450861032361225],[-6.413698564488237,37.4514949658691],[-6.410731939111165,37.45195191208813],[-6.4074892520576805,37.45284317674388],[-6.40306922797513,37.454060750988496],[-6.397510426848032,37.455590241060655],[-6.392375704055344,37.457008180324294],[-6.388055111747456,37.458186303392864],[-6.3846059846353835,37.45914107508812],[-6.380084563410939,37.46038782618603],[-6.3763218771572845,37.461414404630254],[-6.372258053222502,37.46253055495529],[-6.367814623063776,37.46375650533372],[-6.362736912012541,37.465155779030084],[-6.358689271335581,37.4663851590246],[-6.354184065416166,37.46775660604973],[-6.350024231006564,37.46901888455517],[-6.344336420982678,37.470747778500844],[-6.339406726767505,37.472247731788435],[-6.334039097258555,37.473884458917944],[-6.333155165157879,37.47606535941522],[-6.331606032434115,37.479875160020015],[-6.32989327692299,37.484076975828344],[-6.328446086623955,37.48764059765438],[-6.327089614542597,37.49095829497412],[-6.325795486758894,37.49415709345043],[-6.324143221209656,37.49820396194665],[-6.323052003892346,37.500883552369366],[-6.321951224934225,37.50360926226778],[-6.321771613468721,37.50682889329746],[-6.321546998919645,37.51069137240114],[-6.321372817332282,37.51390364036183],[-6.321201036970461,37.5169177167628],[-6.320984491921255,37.52095997680042],[-6.320848035327981,37.52349572256198],[-6.320659363100815,37.52694778163547],[-6.317428309284922,37.530873393008115],[-6.314590341763345,37.53429414474118],[-6.312693203967612,37.53661031336119],[-6.308716041366645,37.541443834724646],[-6.304654688590685,37.54433484268311],[-6.302260865105525,37.54606543945615],[-6.2970637861625605,37.54874328102889],[-6.294817728752497,37.54990523167497],[-6.290834623010726,37.55195091095181],[-6.287995114962595,37.55440885528301],[-6.2842098832510835,37.557686289274116],[-6.27873225439921,37.56080272555005],[-6.275160475173995,37.56283600517589],[-6.27156593344434,37.56418831121178],[-6.267880913727601,37.56556338033438],[-6.261198458978836,37.56805477597238],[-6.25654107907454,37.56977550855524],[-6.251966219443236,37.5715168492071],[-6.245717122418308,37.57385136565131],[-6.239512675902596,37.576175230074185],[-6.235110856558166,37.57781621087461],[-6.229959706941914,37.57973659207102],[-6.223875207721813,37.581318905203595],[-6.217873517785171,37.58286125773581],[-6.212789318781908,37.58417757296462],[-6.208658633935866,37.58524761685124],[-6.200248878160815,37.58741319790758],[-6.196026344513346,37.5885071924868],[-6.19216274468435,37.58950374395259],[-6.186742476282559,37.59090264840281],[-6.183987540316507,37.591616778513774],[-6.179070686903249,37.592884610511774],[-6.175195290866106,37.59388102025617],[-6.172243779148109,37.5946403571529],[-6.166808534713087,37.59535201889359],[-6.16277661367316,37.5958656898554],[-6.158137153142013,37.596476497065645],[-6.153688373841357,37.597046072529274],[-6.1492398945616396,37.59762448341964],[-6.146007367271027,37.59803504896389],[-6.140421713895106,37.59876951455191],[-6.136943732302571,37.59921078707145],[-6.134676317425631,37.60158126574475],[-6.131659637534093,37.604715834904596],[-6.128548095469287,37.607962680893955],[-6.125745071513087,37.61086438174886],[-6.1229776953282755,37.61374876721633],[-6.119906105971603,37.61694748443926],[-6.117626387877767,37.61931436936509],[-6.1139459784814845,37.62313261976235],[-6.111894504596132,37.625277128353076],[-6.108538904086904,37.628753449511116],[-6.1059189799236755,37.63148003126278],[-6.105295657231865,37.63145805842269],[-6.100375375693485,37.63155298710515],[-6.096726258013949,37.632485590326894],[-6.095505554593245,37.63343662943893],[-6.094122221099549,37.63383691254934],[-6.093842139389288,37.63486890071997],[-6.0950614593375425,37.63536615136728],[-6.095455854991904,37.63569929676379]]},"properties":{"id_dera":11010400001713,"ident":817,"nombre":"GUILLENA - PUEBLA DE GUZMAN 1","tension_kV":400}},{"type":"Feature","geometry":{"bbox":[-5.907654012659385,37.29823628303138,-5.864351166725874,37.35654258726697],"type":"MultiLineString","coordinates":[[[-5.90792233386285,37.306497493283835],[-5.908056785223423,37.30868802113951],[-5.906074465118767,37.311382907776455],[-5.904587331333985,37.313284784319855],[-5.904584343390371,37.313288605447475]],[[-5.907782832916268,37.30422824503892],[-5.90792205723408,37.306492993526305],[-5.90792233386285,37.306497493283835]],[[-5.906494046994827,37.29826479882569],[-5.90669425224524,37.2985443660887],[-5.907332907442263,37.29943535920577],[-5.9073963766445186,37.29952390427116],[-5.907668773558971,37.30237628668251],[-5.9077825557772465,37.30422374530033],[-5.907782832916268,37.30422824503892]],[[-5.904584343390371,37.313288605447475],[-5.904581499266614,37.31329249596126],[-5.902665311955216,37.31591356648974],[-5.9003638037916035,37.319420429516285],[-5.898564466120818,37.321821325218224],[-5.897624831503217,37.32287733532296],[-5.897622526755976,37.32287992547177]],[[-5.897622526755976,37.32287992547177],[-5.897620100801271,37.32288322043667],[-5.896561199200049,37.32432140279896],[-5.895956456472142,37.325142725281246],[-5.894475974807109,37.32715333101325],[-5.893138761895959,37.328969258638224],[-5.891378879592273,37.331359012213845],[-5.8896264876891715,37.33373841758023],[-5.888586931966918,37.33454728177894],[-5.8885828910903815,37.33455042587834]],[[-5.8885828910903815,37.33455042587834],[-5.887327815668279,37.33557821919316],[-5.887323876732074,37.33558144476065]],[[-5.887323876732074,37.33558144476065],[-5.885858054746317,37.33682223784473],[-5.88404059539601,37.33831278724445],[-5.881768993765382,37.34017111005159],[-5.8797538884489855,37.34181869263638],[-5.877576319138113,37.34360310318774],[-5.875881931533017,37.34499096893857],[-5.873360338412019,37.34705534299282],[-5.872889692873214,37.34744063175683],[-5.872887758866055,37.34744228664654],[-5.871354731837733,37.348754033127086],[-5.871350882081612,37.34875732711818]],[[-5.873504169790819,37.35293463717253],[-5.873502550450082,37.352930321320315],[-5.873465359784323,37.352831200952615],[-5.873577147197418,37.35002331302657],[-5.87143290793577,37.34880397336402],[-5.871350882081612,37.34875732711818]],[[-5.869666302707765,37.35014906789],[-5.8709214976758926,37.349123783228585],[-5.871347027072588,37.34876061718038],[-5.871350882081612,37.34875732711818]],[[-5.865904280864352,37.35504650927215],[-5.866128848528374,37.3536128199677],[-5.866184349990591,37.35359518317886],[-5.868130776596945,37.3529766424253],[-5.868706709967681,37.350979104271005],[-5.868712920246088,37.35095756426119],[-5.869662434602183,37.350152348208006],[-5.869666302707765,37.35014906789]],[[-5.865904280864352,37.35504650927215],[-5.865903909028631,37.355050316006654],[-5.865770798655231,37.356413032322145],[-5.864359034234275,37.3564689146162],[-5.864351646120161,37.35653809814369],[-5.864351166725874,37.35654258726697]]]},"properties":{"id_dera":11010400001603,"ident":624,"nombre":"DOSHMNAS_GIRALT_POLO","tension_kV":66}},{"type":"Feature","geometry":{"bbox":[-5.8856212332325875,37.54073551035554,-5.809752458848443,37.59126440192578],"type":"MultiLineString","coordinates":[[[-5.809347947790123,37.58051036843193],[-5.8103777095507905,37.580227782024146],[-5.812399480993548,37.57967997180837],[-5.8151762663644355,37.578924443013555],[-5.817339158191543,37.57832884990971],[-5.819927260881562,37.57762835511117],[-5.822546741998333,37.576920656071316],[-5.825692879825057,37.57606116531268],[-5.828036597865876,37.5754168960542],[-5.830545443807418,37.574730595163764],[-5.832819024785087,37.57412584897793],[-5.835154585172311,37.573481725875624],[-5.837404090814455,37.57287107325186],[-5.8386900969239335,37.57252002085579],[-5.838740141613206,37.57250635936799],[-5.840376801205153,37.57205969744629],[-5.843176603154909,37.57129656558058],[-5.845882206033156,37.57056735704783],[-5.84872110586884,37.56979053739296],[-5.851426108433655,37.56904851283597],[-5.854383013494383,37.568243479416914],[-5.85671073672209,37.56761156018145],[-5.859037939376242,37.56696708351756],[-5.861331371762074,37.56634933066329],[-5.862921856925081,37.56546376609495],[-5.864876430757071,37.56346969699871],[-5.866474642515716,37.56183755597717],[-5.868056881243082,37.55993384450405],[-5.869572712352918,37.5582955557517],[-5.8711835584487675,37.55662646360042],[-5.87271999512363,37.55502863268091],[-5.873608716305264,37.55410720682563],[-5.874459349000831,37.55323184632199],[-5.87569608677222,37.552723622116616],[-5.876456243097546,37.55115042600047],[-5.8778968059656584,37.54965488666727],[-5.8796639037400205,37.54782662564462],[-5.88136491467739,37.5460652785811],[-5.882873616532553,37.54450458341115],[-5.884582548638521,37.54274119611926],[-5.885649391721946,37.54155456396021],[-5.885652684982802,37.5415509008465]],[[-5.88499007469651,37.540750944873835],[-5.884993189658262,37.54075470555285],[-5.885642788464197,37.54153895313359],[-5.885652684982802,37.5415509008465]],[[-5.812292777321476,37.59120385429051],[-5.812318561086976,37.59114973982504],[-5.813016888272446,37.58968407224998],[-5.813738415562732,37.58816858256659],[-5.8138132361850605,37.58801154535151],[-5.814311902823831,37.58696441838531],[-5.81432960929444,37.586927236807966],[-5.813059512510726,37.585291461906415],[-5.811792343727166,37.58365974710049],[-5.8105030569391305,37.581998358576215],[-5.8093509228937386,37.580514200996056],[-5.809347947790123,37.58051036843193]],[[-5.811661265852729,37.591199082152805],[-5.811666926955872,37.591199124946996],[-5.8122220919746255,37.59120332031043],[-5.812292777321476,37.59120385429051]]]},"properties":{"id_dera":11010400001230,"ident":568,"nombre":"AGRIBETI_CANTILLA","tension_kV":66}},{"type":"Feature","geometry":{"bbox":[-5.930439438336252,37.38386066632475,-5.857738869803589,37.39409037222912],"type":"MultiLineString","coordinates":[[[-5.930401972568689,37.38975710351505],[-5.930403096047737,37.38976151854406],[-5.930717437971182,37.39099679329551],[-5.930694501899904,37.39102459584295],[-5.929857490720361,37.39203918328543],[-5.929833886924104,37.392067794265785]],[[-5.929833886924104,37.392067794265785],[-5.929791722273962,37.3920742646992],[-5.927838080424951,37.39237404581071],[-5.925536111568017,37.39138221161523],[-5.92335798591177,37.39046043440975],[-5.9209425866453,37.390444905479846],[-5.917157100015837,37.390420345662505],[-5.913716681995331,37.390400404779605]],[[-5.913716681995331,37.390400404779605],[-5.911557864233504,37.3901164208963],[-5.908412812317805,37.39050669075174],[-5.905464412110355,37.39091043335866],[-5.902023493662723,37.39048848968891],[-5.901355596185215,37.39040650471544],[-5.897839615062796,37.38997491509436],[-5.894960821787226,37.38949996365266],[-5.8918223067799405,37.38897452965861],[-5.888465522583749,37.38845443620693],[-5.884643334978096,37.38781161840065],[-5.882021094299098,37.38776268756099],[-5.878923685692879,37.38772040803587],[-5.875041453575445,37.38763136335929],[-5.87182844300212,37.38760765829617],[-5.868443462934754,37.387581200339525],[-5.865203968732862,37.387572293312516],[-5.861974177103895,37.38759111243296]],[[-5.858186571335203,37.387070827764504],[-5.858192135456803,37.3870715921743],[-5.861974177103895,37.38759111243296]],[[-5.857420128885591,37.385699808769715],[-5.8576712625504825,37.38564298011814],[-5.857686853735408,37.38568618191358],[-5.857963400765767,37.386452460680445],[-5.8581850089083805,37.38706649858669],[-5.858186571335203,37.387070827764504]]]},"properties":{"id_dera":11010400001030,"ident":619,"nombre":"ALCORES_S_ELVIRA_1","tension_kV":132}},{"type":"Feature","geometry":{"bbox":[-6.0644618169443305,36.689390095261686,-5.898683535279287,37.29967132868264],"type":"LineString","coordinates":[[-5.906690379999937,37.29867993000003],[-5.907249147999957,37.29946105300006],[-5.909120478999979,37.29803677200004],[-5.907830358999952,37.29508333400002],[-5.904976843999987,37.293342346000024],[-5.904493363999967,37.29135017800007],[-5.903865850999985,37.28860335200004],[-5.903061896999937,37.284981318000064],[-5.902233480999943,37.28137867700007],[-5.901691476999937,37.27905885900004],[-5.900893079999955,37.27555501900008],[-5.90001508399997,37.27175601300008],[-5.899258841999946,37.26847412400008],[-5.8984930159999776,37.265111567000076],[-5.897741082999984,37.26184588800004],[-5.897127912999971,37.259129488000035],[-5.897063516999941,37.255058385000034],[-5.897011187999973,37.25128678500003],[-5.896947096999957,37.247501492000026],[-5.896899061999943,37.243834861000046],[-5.896842857999967,37.23999154200004],[-5.896784148999938,37.236194268000084],[-5.896728350999984,37.23207104100003],[-5.896667196999954,37.228178213000035],[-5.896607342999982,37.22403360800007],[-5.896544284999957,37.21997293400005],[-5.896481060999982,37.21615326800003],[-5.896421097999975,37.211650546000044],[-5.896381885999981,37.20768844500004],[-5.896329917999944,37.20386122300004],[-5.896270627999973,37.19995400100003],[-5.896191511999981,37.19579998400007],[-5.896133797999949,37.192049933000064],[-5.8960769989999555,37.188007407000036],[-5.8960153779999676,37.18422558900005],[-5.89595360799996,37.18020687100006],[-5.895885450999977,37.176126213000025],[-5.896132894999948,37.17219044900002],[-5.896388913999953,37.16827529400006],[-5.896591622999961,37.16497975900007],[-5.8968467799999855,37.16096512300003],[-5.897091642999955,37.157125939000025],[-5.897330635999941,37.15334666400003],[-5.897567893999969,37.14961557400005],[-5.897791530999947,37.145997579000024],[-5.898003179999936,37.142623225000065],[-5.898217906999955,37.13926750200004],[-5.898454273999972,37.13550900300004],[-5.898691875999936,37.13161751600006],[-5.898901228999941,37.12827372500004],[-5.899128050999944,37.12459891400003],[-5.899357332999957,37.120853076000046],[-5.899592996999966,37.11707541100003],[-5.899801256999988,37.11368955300003],[-5.899995811999934,37.110338686000034],[-5.900234822999959,37.10653906700002],[-5.9004703289999805,37.10267438300008],[-5.900696038999972,37.09884594800006],[-5.900920031999936,37.09500285500007],[-5.901146964999967,37.09123203900002],[-5.901383345999938,37.08732115500003],[-5.901593092999985,37.083837747000075],[-5.901768485999991,37.08085567400008],[-5.901972618999945,37.07744865400009],[-5.90219097799997,37.07369816100004],[-5.902416387999956,37.06989395700003],[-5.902635747999979,37.06617020400005],[-5.902851917999965,37.06246554100004],[-5.903076237999938,37.05873309800005],[-5.903219989999981,37.05623720900007],[-5.903366549999931,37.05373608300005],[-5.903539175999986,37.050846216000025],[-5.903723299999977,37.04766533600008],[-5.904511002999928,37.04542635800004],[-5.905821979999936,37.04170037300001],[-5.907120191999989,37.03799720300003],[-5.908371302999975,37.034430640000046],[-5.909674753999993,37.030710244000026],[-5.910932621999972,37.027127660000055],[-5.912213559999954,37.02345370400008],[-5.913356737999961,37.020203276000075],[-5.914386296999978,37.01725329100002],[-5.915557182999985,37.013926950000034],[-5.916867504999986,37.010188857000045],[-5.91813457999996,37.00653996700003],[-5.919351466999961,37.00307280800006],[-5.920212983999944,37.00061079200002],[-5.921073612999981,36.99813760100005],[-5.922328988999942,36.99455621900005],[-5.923398370999977,36.99149427900004],[-5.924442777999962,36.98844839200006],[-5.925657391999956,36.98488874300005],[-5.927013968999983,36.98095806800007],[-5.928401632999976,36.97691116300006],[-5.929557433999953,36.97350942700007],[-5.930925524999966,36.96954324300003],[-5.932142096999947,36.96602187700005],[-5.933230508999949,36.96284471700004],[-5.9339611839999495,36.95944530000002],[-5.934710759999973,36.95589381900004],[-5.935346074999941,36.95296173100007],[-5.936274506999955,36.94863845600003],[-5.937248680999981,36.944081293000075],[-5.937789860999951,36.94154883000003],[-5.9385664739999715,36.93789303900007],[-5.939543324999937,36.93334070700008],[-5.94044224599998,36.929127636000025],[-5.941131153999961,36.92593067400002],[-5.941950399999949,36.922079015000065],[-5.942757109999952,36.91830468000006],[-5.943411018999951,36.915212501000035],[-5.944231786999981,36.91131814200001],[-5.94485240299998,36.90841650600002],[-5.945480787999953,36.90546343700002],[-5.9468142369999635,36.90252695500003],[-5.948728041999979,36.89834472900002],[-5.950105218999977,36.895324943000055],[-5.952426929999956,36.89021997600002],[-5.953779408999947,36.88724465400003],[-5.955551837999969,36.883356141000036],[-5.957783222999986,36.87845572800007],[-5.958911554999936,36.87595188300003],[-5.960425115999966,36.872661669000024],[-5.961569565999994,36.87012497100005],[-5.963146956999942,36.86664756600005],[-5.965237810999958,36.862054429000054],[-5.9666879079999315,36.85885727300006],[-5.9683490989999735,36.85519784900003],[-5.969718154999957,36.85217725600006],[-5.9714892569999805,36.84826645000005],[-5.972960274999946,36.845016549000036],[-5.974772487999936,36.84103586900005],[-5.976669611999973,36.83682733000006],[-5.978256536999941,36.83332952100006],[-5.979530835999993,36.83052249200006],[-5.9811612469999424,36.82688775200006],[-5.9826380309999765,36.823596713000036],[-5.9844046989999935,36.819641125000025],[-5.986098184999949,36.81588057700002],[-5.98772492899998,36.81224923500002],[-5.989267353999941,36.80880938200003],[-5.990821327999991,36.80533679800003],[-5.99240584999996,36.801810597000035],[-5.994204405999946,36.797794357000036],[-5.995716163999938,36.794426914000034],[-5.996966311999938,36.79017294800008],[-5.997861452999936,36.787135238000076],[-5.9989785079999445,36.78331535900003],[-6.000012077999953,36.77979717000003],[-6.000807460999973,36.777089979000046],[-6.001747215999964,36.77387153700004],[-6.0028258589999375,36.77019644100006],[-6.0040305259999585,36.76611052600004],[-6.0049239919999415,36.763042398000046],[-6.006151530999947,36.75885003500007],[-6.008503200999952,36.754483206000025],[-6.009996649999963,36.75170510700008],[-6.011828991999958,36.74830107400004],[-6.011895452999978,36.74523335400005],[-6.011944361999957,36.74241340000003],[-6.012004336999958,36.73956178900004],[-6.013059444999963,36.73600278100002],[-6.014373197999934,36.73156973400006],[-6.015604967999937,36.72740066600004],[-6.01676980299994,36.72349887900003],[-6.017729911999946,36.72027666000001],[-6.018951500999951,36.71615058200006],[-6.019880274999939,36.712987897000055],[-6.020835436999969,36.70977683900002],[-6.021527603999977,36.70743961500004],[-6.022621362999933,36.70372989400005],[-6.024152820999984,36.698547400000045],[-6.024812722999978,36.69633402500006],[-6.025581102999988,36.69373494100007],[-6.026394455999941,36.69199053100003],[-6.027171796999944,36.69034486900005],[-6.032848243999991,36.69049378100004],[-6.0374343429999815,36.690717395000036],[-6.043303768999985,36.69094116900003],[-6.049220644999949,36.691139014000036],[-6.05466929399996,36.69135724000006],[-6.058574086999963,36.69398360200006],[-6.06232551299997,36.69656493700006],[-6.064546659999971,36.697489682000025],[-6.064795345999935,36.69778592800003]]},"properties":{"id_dera":11010400001661,"ident":690,"nombre":"DOS HERMANAS - MIRABAL 1","tension_kV":220}},{"type":"Feature","geometry":{"bbox":[-6.079319640388211,37.46150746877377,-6.061469552379537,37.51560753973304],"type":"MultiLineString","coordinates":[[[-6.081330681732515,37.51509058683383],[-6.0813358316325985,37.515088724800044],[-6.081515688114979,37.51502369443536],[-6.081519230710948,37.515022413541864]],[[-6.081519230710948,37.515022413541864],[-6.081141026555643,37.51429163719459],[-6.08043379487064,37.51292430421812],[-6.079624185537111,37.51135896404843],[-6.0783101738470515,37.50882039817361],[-6.076974301677079,37.50623742478904],[-6.075568804235567,37.50352082574204],[-6.075016665105316,37.50080351573903],[-6.074475603631037,37.498140062598075],[-6.073814117502593,37.49488290209439],[-6.073143925566205,37.491582801501146],[-6.072472935622187,37.488278119220894],[-6.071841734791513,37.48517016943408],[-6.071262687322406,37.4823181889449],[-6.070383401259718,37.479181719917726],[-6.069473354375317,37.47592971984544],[-6.068611175726475,37.472850813947424],[-6.067873910600191,37.47021772358279],[-6.067111163772212,37.467493564748956],[-6.066200243791303,37.46424002136526],[-6.0655360094663,37.46187060498951],[-6.065534776970543,37.46186620836241]],[[-6.065534776970543,37.46186620836241],[-6.06250883331274,37.46293121279707],[-6.0625036631299505,37.462933032391156]],[[-6.0625036631299505,37.462933032391156],[-6.06249424075882,37.46293548675037],[-6.059352008632041,37.463753931311544],[-6.059516468804524,37.46397475357689],[-6.059519353924083,37.463978627441215]]]},"properties":{"id_dera":11010400001234,"ident":714,"nombre":"FUNDICIO_ITALICA","tension_kV":132}},{"type":"Feature","geometry":{"bbox":[-6.050169045313894,37.40935903942112,-5.986420804152675,37.45338389187684],"type":"MultiLineString","coordinates":[[[-6.049195909911633,37.45177945430699],[-6.049200809666695,37.451692552716786],[-6.049279963868019,37.450288653317685],[-6.049368733878145,37.4488338614731],[-6.049506616418794,37.44644272460884],[-6.049627149445632,37.444411112328716],[-6.050369441521638,37.4408712271325],[-6.050739676732535,37.438922654955505],[-6.051264157702807,37.4363264031628],[-6.051260594200885,37.436312193114766],[-6.050480639659109,37.43320186410823],[-6.050469906609563,37.433159060652585]],[[-6.050313023580828,37.43143110095421],[-6.050313415320847,37.431463677395044],[-6.050333500994583,37.43313393021344],[-6.050465887167122,37.433141324086165],[-6.050469906609563,37.433159060652585]],[[-6.050313023580828,37.43143110095421],[-6.050286757861797,37.431408965190904],[-6.047986762249835,37.4294705418081],[-6.045404030238346,37.42732873574901],[-6.045372313282573,37.42732392969438],[-6.042552381664786,37.42689659051463],[-6.040864866848705,37.426625128998936],[-6.0408589409393745,37.42662445758921],[-6.039904586603167,37.426516324549034],[-6.039892046834274,37.426514903678424],[-6.039886724887119,37.426514300652634],[-6.039558041083121,37.42644571677074],[-6.03954955777437,37.42644394661126]],[[-6.049195909911633,37.45177945430699],[-6.049087480858402,37.451769454538976],[-6.047348345086027,37.4516090504679],[-6.04611125491385,37.45149573395358],[-6.0461056410229705,37.45149521969529]],[[-6.0461056410229705,37.45149521969529],[-6.046112280693062,37.45145051069463],[-6.044916580124531,37.451345195231426],[-6.044889920028324,37.4513198608223],[-6.044878394795604,37.45131323803509],[-6.044859828338004,37.4513116262642],[-6.044848800002998,37.45131391083579],[-6.044823186965597,37.451333618809024],[-6.0432171204815965,37.45119428086038],[-6.043184067160718,37.45119801574027],[-6.043167388904817,37.45124298323661]],[[-6.042196750657428,37.451163953982835],[-6.042245823678036,37.45116794969704],[-6.043161767334718,37.45124252555231],[-6.043167388904817,37.45124298323661]],[[-6.0351687770749365,37.44570361640885],[-6.035185042949323,37.445709163429065],[-6.037750096111254,37.44658386467201],[-6.039027948799767,37.44805534401079],[-6.039036617984728,37.448061501593386],[-6.04063749363018,37.44919854958113],[-6.042170118390821,37.451130385717185],[-6.042196750657428,37.451163953982835]],[[-6.033242744073248,37.44429407880705],[-6.033246906650355,37.44429712521595],[-6.035156190311614,37.445694405253754],[-6.0351687770749365,37.44570361640885]],[[-6.033242744073248,37.44429407880705],[-6.033238580978244,37.44429103284715],[-6.031411936685422,37.44295451672162],[-6.029631478413844,37.4416452156109],[-6.027678425723528,37.44021840084806],[-6.025952749046328,37.43893216399069],[-6.024218981186356,37.4376637862573],[-6.023942542854526,37.43746176491181],[-6.022521337561757,37.43642311961008],[-6.0207655904064845,37.4351346178449],[-6.019032033608295,37.4338583345166],[-6.017279731844316,37.43256657113643],[-6.01559507165023,37.43134449425558],[-6.013893578904042,37.43008925810957],[-6.011991480977473,37.428683753955944],[-6.010152527129728,37.42732885112668],[-6.00681751297482,37.42493370234891],[-6.004935785379642,37.42355316847041],[-6.00464207444647,37.42333510656238],[-6.003484634657729,37.42247576082614],[-6.00117536489634,37.42131048583379],[-6.001163786860469,37.421297966850474],[-5.999634447213354,37.4196442909923],[-5.9977739038492075,37.4182771832666],[-5.995960908542039,37.41694519630819],[-5.99322405665201,37.41657286463607],[-5.993101733114694,37.41655622172057]],[[-5.997517731755431,37.41070688901222],[-5.997228037444491,37.41094862445727],[-5.997165874177304,37.41098683739122],[-5.99661564071906,37.41108580478614],[-5.995999345639465,37.41125987025282],[-5.99562326323735,37.41139695573707],[-5.994691108570518,37.41176627518718],[-5.994580296454779,37.41181539681052],[-5.994396045876206,37.41194614833308],[-5.99420922006932,37.41212997300958],[-5.994148896248135,37.41225217777621],[-5.994129024459979,37.412471426755644],[-5.994091531745754,37.41296021777218],[-5.9940593776430156,37.41352947150528],[-5.994042986228876,37.4137260612135],[-5.994032419144066,37.41387828031026],[-5.9939983812794235,37.41431881410905],[-5.994014975108998,37.41445270266189],[-5.994061770398259,37.41458759997531],[-5.994063276604398,37.414591941924535]],[[-5.994063276604398,37.414591941924535],[-5.994061222384198,37.414596138486445],[-5.993146144624759,37.416465498538784],[-5.993101733114694,37.41655622172057]],[[-5.993101733114694,37.41655622172057],[-5.9906062005717216,37.41618050963327],[-5.98803748720363,37.416204404263894],[-5.985364856807582,37.4166421725434],[-5.985352996370026,37.41664411509949]],[[-5.985352996370026,37.41664411509949],[-5.985332276779283,37.41664211586678],[-5.984964156335063,37.41660659531605],[-5.984958548960388,37.41660605424213]]]},"properties":{"id_dera":11010400001671,"ident":708,"nombre":"ALAMILLO_EMPALME_SANTIPON","tension_kV":66}},{"type":"Feature","geometry":{"bbox":[-6.136852218608402,37.63601382534774,-6.040186615341186,37.97187289266074],"type":"LineString","coordinates":[[-6.099019964621753,37.63701459443253],[-6.099338974588513,37.637310498521494],[-6.098269858979847,37.638692258460914],[-6.095838352256368,37.64006351105752],[-6.09295614224751,37.64175162400489],[-6.089369739661566,37.64326864714713],[-6.08629864051008,37.64449825398002],[-6.082816762082998,37.64581754505282],[-6.076232975477703,37.64845735070388],[-6.071446027215749,37.65037196873388],[-6.069884307029532,37.65099246023271],[-6.067098087936234,37.65210801418544],[-6.062566295341385,37.65392806002429],[-6.059658077248974,37.65501723855687],[-6.054716602690717,37.65688231178847],[-6.052812593713584,37.65759749924166],[-6.050116531668066,37.658613374064004],[-6.044083135370491,37.660886042227595],[-6.041900511657902,37.66170826634353],[-6.039177114617974,37.662736584335924],[-6.033659760143476,37.66481683601184],[-6.031785028739119,37.665517871142434],[-6.029404025553549,37.66641876399779],[-6.027700547744769,37.66710749348326],[-6.028221908132522,37.66900182610768],[-6.031644633474228,37.67540980219652],[-6.032308208514046,37.6766556843995],[-6.035787160854087,37.68295350337508],[-6.03696690838127,37.68516212566374],[-6.038029723950597,37.687156964842174],[-6.040379988669353,37.69156158844782],[-6.041441578508778,37.69354110673071],[-6.044393547267701,37.69906637094701],[-6.045971120860057,37.70206245435051],[-6.049322541853583,37.70841707947288],[-6.050615543279538,37.71086354172314],[-6.0525267500572095,37.714508439316845],[-6.054067997595905,37.717459206592785],[-6.05543794163208,37.72007228232775],[-6.057577627333689,37.72415490452796],[-6.059332915490155,37.72750810113891],[-6.06117307211199,37.73101998084013],[-6.062520618224778,37.733591466599655],[-6.064380041291644,37.73713630396482],[-6.0672203649025205,37.742479735787484],[-6.069095193982014,37.74591362338484],[-6.071599204341199,37.75049714245429],[-6.073768964138249,37.75445772519803],[-6.075401181168661,37.757463007540416],[-6.076957399704533,37.760312574803145],[-6.07828613992713,37.762742344924334],[-6.079932867702453,37.765759790074355],[-6.08122295590599,37.76812295798732],[-6.083951297811249,37.77311962646893],[-6.085356128833746,37.77568867757669],[-6.086261180934385,37.77735314929703],[-6.088057058336575,37.78064261708825],[-6.089485102358697,37.78325749438924],[-6.091449437214314,37.78685233323588],[-6.093429348681486,37.79048636975457],[-6.095643298053069,37.79454848909688],[-6.097324481789918,37.79763178150553],[-6.1004510990193594,37.803317958640434],[-6.102497972603073,37.80702096304728],[-6.104024887153214,37.809779710126556],[-6.106344429292031,37.81396621401429],[-6.107168909304179,37.81930342622231],[-6.107742087848536,37.82300431720399],[-6.108122664910579,37.82549522121046],[-6.1089479810856995,37.83082049458926],[-6.109454862279487,37.83409272042942],[-6.10991970198955,37.837095848609664],[-6.110504200750725,37.840874169019685],[-6.111021657644571,37.84421827057479],[-6.111502174248047,37.847325666876564],[-6.112255667005763,37.85219905900201],[-6.112950621955325,37.85669125479626],[-6.1135025687933675,37.86024885604104],[-6.113748200088628,37.861855739905714],[-6.1142402016924775,37.86500515555496],[-6.114870431357448,37.86910603528676],[-6.115455037615373,37.87289376500151],[-6.115620639009299,37.87392361240938],[-6.116295665877387,37.87821709099015],[-6.117374555200715,37.88500502534038],[-6.117829787630885,37.887896535425334],[-6.118880721742118,37.894515080441344],[-6.119472150880787,37.898253306721806],[-6.1202123263441335,37.90291306207674],[-6.121272183751916,37.909517814784415],[-6.122244155582635,37.91505867150608],[-6.124202541693724,37.918699014216465],[-6.126089779091636,37.92220417468331],[-6.127328640469467,37.924501768762646],[-6.128274066006452,37.92627234011092],[-6.129493064868808,37.92852466655164],[-6.131149255424093,37.93159350699932],[-6.1321976125383735,37.933543926405214],[-6.13295340376828,37.9349498391508],[-6.136161518001406,37.940902490335496],[-6.137853847233569,37.9440473792947],[-6.139283896346783,37.94669110174556],[-6.141816772238838,37.951456203324284],[-6.143692961566808,37.95502331917113],[-6.14604021085865,37.95948569067791],[-6.147687386777752,37.96264730262726],[-6.149293986278432,37.96572140933747],[-6.150979344748171,37.96895456123195]]},"properties":{"id_dera":11010400001675,"ident":712,"nombre":"GUILLENA - MERIDA","tension_kV":220}},{"type":"Feature","geometry":{"bbox":[-5.930680580899581,37.3767947251227,-5.853976025440879,37.39348834735091],"type":"MultiLineString","coordinates":[[[-5.931056025013909,37.39003128232733],[-5.931163151609745,37.39029928487673],[-5.931195288877138,37.39038725301246],[-5.931208418156752,37.39042486688966],[-5.93121237787156,37.39044588615751],[-5.931210229629322,37.390471351465386],[-5.9312037565271085,37.39048940823483],[-5.931188795511638,37.390508391934155],[-5.931177252709468,37.39052299452119],[-5.931144208084651,37.39056139620379],[-5.931112482424171,37.39058759618866],[-5.9310895273976,37.39059711420637],[-5.931048813247338,37.390611367295634],[-5.930987636348983,37.39063006478319],[-5.9309135760358105,37.390651945442286],[-5.930826825121583,37.39068201622456],[-5.930768279989503,37.39071067003119],[-5.930729761391134,37.39073524889161],[-5.93064462957362,37.39079534362517],[-5.930374949387678,37.39100631723381],[-5.9302241539273295,37.39110812803631],[-5.930212989631819,37.391115205308964],[-5.930199782471512,37.39112161779492],[-5.930070275680474,37.39117690703785],[-5.929938111851561,37.391215798556615],[-5.929697141072637,37.39126561932322],[-5.9292469565305925,37.391362861834395],[-5.928896187726453,37.39144421671151],[-5.928562581731657,37.391522818574096],[-5.928171608329007,37.39161429392626],[-5.927892478794484,37.391669172856055],[-5.927774098513477,37.39168194974833],[-5.927754855990616,37.39168314203746],[-5.927736201304073,37.3916821734036],[-5.927717919059978,37.391679225794576],[-5.927697102023048,37.391674551465805],[-5.9276851155243895,37.39166625857093],[-5.927669797666731,37.39165303736403],[-5.927658072298352,37.39163990554713],[-5.927648314393987,37.39162547248644],[-5.92762273134808,37.391579039828486],[-5.927440839285516,37.39127967023011],[-5.927257804174673,37.3909969714346],[-5.927123197668974,37.39080022691778],[-5.927037584516437,37.39066937942778],[-5.926901750256791,37.39045834881124],[-5.926809516048597,37.39031871751123],[-5.9267583426233195,37.39020831258638],[-5.92673692735441,37.39016517711388],[-5.926728324934223,37.39015161010961],[-5.926717698292807,37.39013791393369],[-5.926691020412965,37.39010940436197],[-5.9266366406018065,37.390054914645084],[-5.9265746281559615,37.390000257137025],[-5.926523049887971,37.38997164795116],[-5.926498158306711,37.389966001147236],[-5.926482753667542,37.38996208729666],[-5.926468449637751,37.38995761004495],[-5.926434939871953,37.389943765181286],[-5.926373000946366,37.38993133990264],[-5.926347534330993,37.38992821229013],[-5.926322004342229,37.389929203241245],[-5.9262943646865365,37.38993364528307],[-5.926271550242485,37.389941011633205],[-5.926246828674838,37.389951287919914],[-5.926175277370311,37.38998580949649],[-5.926137229361546,37.39000518504649],[-5.926119706505489,37.39001599847332],[-5.926103632834772,37.39002946120282],[-5.926091416696201,37.3900440808858],[-5.92608050364655,37.390057594217225],[-5.926018106329871,37.39016025245603],[-5.925911880844642,37.39028359257222],[-5.925769944475608,37.39038267339451],[-5.925648478932749,37.39043713244607],[-5.925520654836821,37.39047233161004],[-5.925377774695497,37.390489471086184],[-5.925234535779393,37.39048585856235],[-5.925094013312592,37.39045980948574],[-5.9249746838342,37.390419275260285],[-5.924897441511174,37.39039398590408],[-5.924812399549408,37.39036423553726],[-5.924730935086252,37.390334218136644],[-5.924672074092204,37.39030865202177],[-5.924410421682452,37.39022457444473],[-5.9240429902103084,37.390125396403946],[-5.9231073120141815,37.389953928386404],[-5.922295644604215,37.38989723164935],[-5.921948835931226,37.389895787247475],[-5.92147015919197,37.38989473894315],[-5.921324921990116,37.3898858475135],[-5.921307499160225,37.38988771010462],[-5.921285281382976,37.389887364677165],[-5.92115204420522,37.389881352615554],[-5.921115743725256,37.38988225010127],[-5.92085181105631,37.3898664051324],[-5.920637361100728,37.389859895168954],[-5.920379687417332,37.38984926301655],[-5.920228944172835,37.389842967159545],[-5.919925637198069,37.38982970350282],[-5.919719946209609,37.3898235124414],[-5.919397655128735,37.38981232677173],[-5.919271622663799,37.38980703022487],[-5.919202616554012,37.389803187295186],[-5.919185796707178,37.38980324514243],[-5.918937937779628,37.389820105994524],[-5.9188741141174175,37.389822667625154],[-5.9186818611780785,37.3898159634538],[-5.918291003991908,37.38982382861562],[-5.917746653319506,37.38982966668079],[-5.91691865295843,37.38982595079373],[-5.916823337555107,37.389826156646016],[-5.9167329721594335,37.38982677726346],[-5.9166423209587595,37.3898257937459],[-5.916491412907926,37.38982683371879],[-5.916082268198685,37.38982583758012],[-5.915886014824639,37.38982584867453],[-5.915628666968174,37.38982360961197],[-5.915333932769459,37.389823187253704],[-5.915098074808008,37.38981987973495],[-5.914818080795526,37.38981783901159],[-5.9147537390135865,37.389812805223166],[-5.91467761948627,37.389787480495585],[-5.91463156687899,37.3897508552167],[-5.914572120380618,37.38967536807072],[-5.914526098243681,37.389599012703854],[-5.9145122922218905,37.389561055781115],[-5.914514351766663,37.38949264132611],[-5.914534265469772,37.38942772324646],[-5.914577434054509,37.38936097991931],[-5.914621418712629,37.389303700259184],[-5.914681002279477,37.38923225653868],[-5.914813674640053,37.38909637238951],[-5.915066175874548,37.3888404911116],[-5.91525692438097,37.38865216916799],[-5.915470228288095,37.38843823598044],[-5.91570452429184,37.38820463565409],[-5.916032614564172,37.387879596564304],[-5.916190491430319,37.38772286695697],[-5.916349249696678,37.387568295091164],[-5.916508348653683,37.38741964368201],[-5.916590313612799,37.38734578945821],[-5.916601310046031,37.38733404192683],[-5.9166100003231366,37.387321182627716],[-5.916612560265844,37.38731506331285],[-5.9166139951447745,37.387300576456994],[-5.916612576022632,37.38728456605064],[-5.916608549050947,37.387270002267144],[-5.916602201004764,37.3872574078592],[-5.916594285372605,37.387245595532875],[-5.916574609242152,37.38722238566877],[-5.916562283295202,37.387210151473525],[-5.916547769436937,37.387199884265605],[-5.916478796198514,37.3871588704518],[-5.916468188684336,37.38715318158638],[-5.91645602185512,37.3871484881507],[-5.916378653495748,37.387121070566934],[-5.91610160475448,37.38703705682046],[-5.915723939603775,37.38691674222417],[-5.915319059731729,37.3867882772644],[-5.91501686244916,37.38668756186399],[-5.914909061321796,37.38664798350048],[-5.914895785551647,37.38664214856372],[-5.914882555382016,37.386634080537306],[-5.914871288034544,37.38662511347171],[-5.9148623829186455,37.38661523841524],[-5.914855531172219,37.386606801277956],[-5.91473525465088,37.3865201916305],[-5.9146783310700055,37.38649109986234],[-5.914622600410652,37.38646187231214],[-5.914502648989616,37.386400809792626],[-5.914487472546088,37.386394065650954],[-5.914472130656885,37.386389900861346],[-5.914455776259189,37.38638711716288],[-5.914337311241947,37.38637473714459],[-5.914035558570153,37.38635072756215],[-5.913914072605277,37.386335977904736],[-5.913455567314583,37.38633219605419],[-5.913302632870024,37.38633065425231],[-5.91311728469744,37.38632427969483],[-5.912857397103343,37.38631878553209],[-5.912816423403398,37.386316395883114],[-5.9127997148659315,37.38631478847788],[-5.912784005590275,37.38631145700769],[-5.912767581338704,37.38630686723792],[-5.912760240938369,37.386303010473604],[-5.912748887127242,37.38629521492712],[-5.912738264039997,37.386285701036094],[-5.912729328425893,37.38627503001334],[-5.9127205172430815,37.38626068944564],[-5.912714458330095,37.38624521866125],[-5.912710709139665,37.38623436661984],[-5.912706026483877,37.38619596287255],[-5.912699188657283,37.38612942750729],[-5.912690687274619,37.38602677838947],[-5.912682806324042,37.385947066174765],[-5.912674037733171,37.385913173912975],[-5.912652801740191,37.38588405111127],[-5.912619894148383,37.385859572719795],[-5.912576126007715,37.385840036815836],[-5.9125340798242245,37.385834060187214],[-5.912466122217271,37.38583637328069],[-5.912235100370419,37.38583346052199],[-5.912068787904697,37.38583373450983],[-5.91187007264791,37.38583289382808],[-5.911739033186048,37.3858362294604],[-5.911573481281832,37.38583552706419],[-5.911407298278967,37.38583228994097],[-5.911294800639628,37.3858329902998],[-5.9109479185873814,37.38583335499897],[-5.910771064762957,37.385829635580514],[-5.910603544144527,37.38583312527108],[-5.910360625182147,37.385835920977165],[-5.910347159943716,37.38583550925786],[-5.910328314467528,37.3858337414812],[-5.910310057733729,37.38582994078945],[-5.910292660825963,37.385824313159844],[-5.910283836808271,37.385819961145934],[-5.9102689410672875,37.38581012695621],[-5.910256130148243,37.38579907271822],[-5.9102447320653875,37.38578670865705],[-5.910239808058141,37.38577992318862],[-5.910233573088331,37.38577065871012],[-5.910227502476891,37.385759337531375],[-5.910216821484992,37.38573433352921],[-5.910213927474765,37.385724793930365],[-5.910209512268582,37.38571110629971],[-5.910201326356149,37.38569534175033],[-5.910152820822254,37.38561654970156],[-5.910133864352075,37.38559856975914],[-5.910010664927462,37.38555246474597],[-5.9097690024754215,37.38546711381721],[-5.909717508191053,37.38544668040262],[-5.909702443479781,37.38543387494513],[-5.909693659985881,37.38541269969262],[-5.909693846810977,37.38540246427071],[-5.90969557639206,37.3853869204615],[-5.90970003569657,37.38537161940091],[-5.9097070475158615,37.38535703040795],[-5.909717565231989,37.385342665048846],[-5.909725520934801,37.385332393295734],[-5.909745507139412,37.38531670986675],[-5.909758237213144,37.38530430573009],[-5.909769402918867,37.38529162924552],[-5.9097767345573615,37.385280287961585],[-5.909795382770588,37.38524510574296],[-5.909831380763333,37.3851763240261],[-5.909867315285458,37.38512598979638],[-5.909934475462085,37.38499396988537],[-5.909982882679812,37.3849044974624],[-5.910045101084439,37.38477531233891],[-5.910086304030267,37.38469043528403],[-5.910131115830014,37.38460345452527],[-5.91021459995914,37.38444269896881],[-5.9102196226036545,37.38442199737995],[-5.910215432436625,37.384385370007145],[-5.910216253450083,37.38437074604066],[-5.910218999421297,37.38434855157575],[-5.910216951015697,37.384324263053585],[-5.910209895170569,37.38430673519277],[-5.910190884461818,37.384288395255226],[-5.910131899777259,37.38426174704797],[-5.909883484740785,37.38417670224681],[-5.90965076289579,37.38409591731764],[-5.909630751744166,37.38408755971879],[-5.909613149421617,37.38407692975558],[-5.909596437263164,37.38406782682029],[-5.9095800656306405,37.384060375280285],[-5.90956402705205,37.384054352753786],[-5.909372571025939,37.38397941100697],[-5.909294723465508,37.38395256273046],[-5.909246411334803,37.38392941238204],[-5.909104196242679,37.38387294991493],[-5.908848853383231,37.38378077202674],[-5.9086093549634855,37.383718295905666],[-5.908149576972975,37.38355967889653],[-5.908032902944757,37.38351829675845],[-5.908015998989269,37.38351141045716],[-5.9079269763908675,37.383468020389735],[-5.907908939017494,37.3834604987738],[-5.907889610270132,37.383455442744705],[-5.907784689884734,37.38343119612432],[-5.907764769920915,37.38342515893367],[-5.907405400835701,37.38329593004172],[-5.907035714394453,37.38316518415008],[-5.906661797409254,37.38303254976283],[-5.906320929000202,37.382908394097186],[-5.906296013293164,37.38289506726907],[-5.906266290581277,37.38288650552543],[-5.905918919359761,37.38276986591305],[-5.905881016592072,37.38275656193249],[-5.905541462725425,37.3826424042331],[-5.905173628920109,37.38250917301022],[-5.904801290263916,37.38237416990946],[-5.904382034933792,37.38222951220138],[-5.904052143015729,37.38211636242657],[-5.903787694744235,37.38201885008898],[-5.903408476667203,37.38186817150265],[-5.903177326016837,37.38178045338035],[-5.903099465343945,37.38175317954347],[-5.903034100087865,37.38173090511115],[-5.90274348844185,37.381644646970436],[-5.901548984946992,37.38122689512637],[-5.901026683198611,37.381047351798195],[-5.90072978487065,37.380961772778775],[-5.900701462170778,37.380951589338075],[-5.900522578392992,37.38087399227077],[-5.89878073451352,37.380281788229276],[-5.898759903932277,37.38027619623479],[-5.8987198780670695,37.38027293315362],[-5.89867319371562,37.38027805845102],[-5.898636688302185,37.380288506306876],[-5.89860334703007,37.3803033864353],[-5.8985734902683795,37.38032242696407],[-5.897696793605236,37.38096401889229],[-5.897651323500814,37.381000688740166],[-5.897600245736765,37.38103855755515],[-5.897240440767458,37.38132253295776],[-5.896415140241517,37.382004373605746],[-5.896394654829631,37.38201937321989],[-5.896379142564177,37.3820298897033],[-5.896357451174976,37.38204697243256],[-5.8947647276517,37.38287377147762],[-5.894702748133093,37.38290518409806],[-5.8944114563508885,37.38307359420793],[-5.894123553707454,37.38324653954184],[-5.89410105189767,37.383259279590455],[-5.893800411817166,37.38344389064338],[-5.893461574153045,37.383655418070575],[-5.8931378336179225,37.38384566083074],[-5.892981058759816,37.38392904581417],[-5.89286213508149,37.383980712190834],[-5.892639876849466,37.38405043292463],[-5.892411480407378,37.38409015155864],[-5.892245251376098,37.384111669971404],[-5.892173773651729,37.38411354750225],[-5.891970317573377,37.384107750388814],[-5.891520288367897,37.384078733596304],[-5.890837812643247,37.38402589366735],[-5.889668069023376,37.383937238790985],[-5.889534766894185,37.38392439729399],[-5.889519569102389,37.38392220266964],[-5.8895043319323195,37.383918982675276],[-5.889067489220631,37.38380623897794],[-5.889055163270468,37.38380346135992],[-5.889041260340575,37.383801491821316],[-5.888906320004561,37.38378785526103],[-5.8885216389405555,37.38376056504185],[-5.888278538641344,37.383727247493646],[-5.8879276197683135,37.38367475309607],[-5.88703364960161,37.38350697012659],[-5.886243955404647,37.38335818712495],[-5.886080981434822,37.383326243574714],[-5.885995993475362,37.38330702141927],[-5.885429662723927,37.38315482983201],[-5.885029097165225,37.38304862623115],[-5.884633419819269,37.38294409867078],[-5.884049134186803,37.38279310909928],[-5.883421715437343,37.38262417974089],[-5.8833584099974585,37.38260853278067],[-5.882695387145315,37.382425072404416],[-5.88246493585513,37.38235242989771],[-5.882186202838673,37.38226172020311],[-5.881732468599246,37.382118825065675],[-5.8809932783880265,37.38188151206548],[-5.880911324709482,37.38184936006423],[-5.880891642999872,37.3818439071918],[-5.880737526486428,37.38180415578448],[-5.880723547860355,37.38179969290215],[-5.880473686904228,37.38170972593837],[-5.880460073366314,37.381705537064406],[-5.879049259102697,37.38133703863658],[-5.877937318520566,37.38105306463225],[-5.8763440594284715,37.38062540889188],[-5.876280375796377,37.380608029086616],[-5.8761914279928025,37.38058731023883],[-5.876147222326569,37.380579344748206],[-5.875682968649877,37.380456161599355],[-5.875554893570815,37.38042142025556],[-5.8753905118504415,37.38037230509782],[-5.875207179442116,37.38031828396352],[-5.874830536537014,37.3802178274191],[-5.874629562398112,37.380165363635015],[-5.874249405862213,37.38006555656326],[-5.874060276503461,37.38001732442071],[-5.8738695832901815,37.37997449776489],[-5.873801410310064,37.37996005158509],[-5.873714531928916,37.37993786761202],[-5.87360437149928,37.37990862118003],[-5.8733318690201335,37.37983727057033],[-5.873015698150471,37.37975341973694],[-5.872609112399426,37.37964746921757],[-5.872522888089108,37.3796238546504],[-5.872437068382186,37.379592320460944],[-5.872379866922295,37.37954991910997],[-5.8723271333167855,37.3795040192456],[-5.872284210267688,37.379473985078384],[-5.872229250783787,37.37944396052188],[-5.87217376846044,37.37942807495567],[-5.872122308703721,37.379424804998465],[-5.872053583710975,37.379432974024645],[-5.871982985722848,37.37945700888243],[-5.871916141084183,37.37949592760808],[-5.871863198529254,37.3795280098005],[-5.871825234156544,37.37953514725261],[-5.8717683718919735,37.379529466480285],[-5.871627931909304,37.37949530334901],[-5.871443274373487,37.37944356839513],[-5.871138242203984,37.37935463809967],[-5.870827488671764,37.3792734754899],[-5.87066323061352,37.37922745847462],[-5.87060306442797,37.379209426025454],[-5.870239185839348,37.37909988686193],[-5.870123399306012,37.37906229727576],[-5.869638234630747,37.37890089173672],[-5.8696292074418315,37.3788869846412],[-5.869623188486354,37.378849837582315],[-5.869626480186174,37.378787601665714],[-5.869651085488435,37.37869942132275],[-5.869659997855587,37.378663888641974],[-5.869681653891573,37.37862832942194],[-5.869720897330386,37.37858047758909],[-5.869775218469944,37.378519545254065],[-5.869824426831343,37.37845449925975],[-5.869845794216224,37.37842064196315],[-5.869869976965501,37.378367787183585],[-5.8698606139675755,37.37833580617659],[-5.869827189187452,37.378304127499796],[-5.8697848490455335,37.37828933451176],[-5.869748160916601,37.378292768370336],[-5.869724636155267,37.37830718305615],[-5.869710930975486,37.37832842287724],[-5.869718849411858,37.37834567919723],[-5.869720874802121,37.37838197349424],[-5.869723021520144,37.37839367512066]],[[-5.869723021520144,37.37839367512066],[-5.869658166754359,37.378337263461496],[-5.867509809605164,37.37993518588579],[-5.863154722006581,37.383086823040195],[-5.857356352870132,37.38386415793465],[-5.853703549577714,37.3863062548652],[-5.853877083396747,37.386754860349754],[-5.85529705308666,37.386496310785034]]]},"properties":{"id_dera":11010400001624,"ident":620,"nombre":"ALCORES - SANTA ELVIRA 1","tension_kV":220}}]}