{"type":"FeatureCollection","crs":{"type":"name","properties":{"name":"EPSG:4326"}},"features":[{"type":"Feature","id":1704,"geometry":{"type":"MultiPolygon","coordinates":[[[[-6.096278,37.359402],[-6.096059,37.358996],[-6.095635,37.358563],[-6.095439,37.358182],[-6.095269,37.358034],[-6.095099,37.357277],[-6.095176,37.357122],[-6.095081,37.357177],[-6.095042,37.357099],[-6.095113,37.356855],[-6.094827,37.356644],[-6.094901,37.356568],[-6.094804,37.356464],[-6.094951,37.356428],[-6.09449,37.356126],[-6.094339,37.355899],[-6.094347,37.355531],[-6.0945,37.354913],[-6.09434,37.353773],[-6.094483,37.353533],[-6.094483,37.353382],[-6.094344,37.352845],[-6.094531,37.35255],[-6.094557,37.35224],[-6.09474,37.352064],[-6.094676,37.351913],[-6.094923,37.351626],[-6.094933,37.351449],[-6.094834,37.351056],[-6.094874,37.350531],[-6.094646,37.350369],[-6.094504,37.350054],[-6.094729,37.349811],[-6.094757,37.349608],[-6.094476,37.349318],[-6.094478,37.348649],[-6.0937,37.348229],[-6.093344,37.347826],[-6.093287,37.347426],[-6.09317,37.347298],[-6.09324,37.34683],[-6.093017,37.346461],[-6.092515,37.346382],[-6.092346,37.346254],[-6.092326,37.345826],[-6.092554,37.345467],[-6.092511,37.345085],[-6.092361,37.34479],[-6.092013,37.344638],[-6.091281,37.344879],[-6.091237,37.344791],[-6.090977,37.34484],[-6.091132,37.344731],[-6.091109,37.344632],[-6.091436,37.344532],[-6.091767,37.344145],[-6.09177,37.343869],[-6.091969,37.343382],[-6.091929,37.342276],[-6.092201,37.340872],[-6.092041,37.340641],[-6.092103,37.339967],[-6.091932,37.339626],[-6.091977,37.339247],[-6.091851,37.339119],[-6.091922,37.339005],[-6.091773,37.338522],[-6.09181,37.338166],[-6.091949,37.337878],[-6.092888,37.336945],[-6.093238,37.336436],[-6.093173,37.336012],[-6.092802,37.335373],[-6.092754,37.335032],[-6.092572,37.334835],[-6.0925,37.334608],[-6.092527,37.334259],[-6.092709,37.333876],[-6.092651,37.333033],[-6.092202,37.332429],[-6.092352,37.332101],[-6.092343,37.331869],[-6.092487,37.331799],[-6.092652,37.331546],[-6.092813,37.330597],[-6.093185,37.330162],[-6.09312,37.329722],[-6.092721,37.329108],[-6.092712,37.328282],[-6.09305,37.327423],[-6.093063,37.32646],[-6.093174,37.32613],[-6.093193,37.325677],[-6.093271,37.325495],[-6.093588,37.325258],[-6.09384,37.324894],[-6.092977,37.324085],[-6.092491,37.323282],[-6.092339,37.323209],[-6.09184,37.323277],[-6.091655,37.323219],[-6.091456,37.322987],[-6.091417,37.322631],[-6.091668,37.321649],[-6.091387,37.320886],[-6.091323,37.320897],[-6.091329,37.320606],[-6.091153,37.32005],[-6.091122,37.319374],[-6.091005,37.31917],[-6.091061,37.318988],[-6.091016,37.318807],[-6.091302,37.318561],[-6.091352,37.318425],[-6.091213,37.318245],[-6.091242,37.317957],[-6.091115,37.317527],[-6.09111,37.316907],[-6.090641,37.316723],[-6.09034,37.316695],[-6.090218,37.316858],[-6.089986,37.316776],[-6.089851,37.316452],[-6.089964,37.316115],[-6.089926,37.315648],[-6.089682,37.315208],[-6.089707,37.314609],[-6.089511,37.313485],[-6.089374,37.313362],[-6.089173,37.312935],[-6.08855,37.312352],[-6.088434,37.312111],[-6.088246,37.312106],[-6.08811,37.311998],[-6.087811,37.312039],[-6.087298,37.311437],[-6.087283,37.310988],[-6.087343,37.310905],[-6.087226,37.310808],[-6.087375,37.310611],[-6.087296,37.310503],[-6.087388,37.310279],[-6.087274,37.310127],[-6.087322,37.310025],[-6.087109,37.309457],[-6.087163,37.309216],[-6.08651,37.30867],[-6.086175,37.308192],[-6.086188,37.308076],[-6.086334,37.308011],[-6.086249,37.307797],[-6.086192,37.306869],[-6.085838,37.306561],[-6.085527,37.306544],[-6.085331,37.306294],[-6.08519,37.306355],[-6.084823,37.30625],[-6.084545,37.305995],[-6.084418,37.305724],[-6.084237,37.305811],[-6.084251,37.305656],[-6.083742,37.305307],[-6.083647,37.30516],[-6.083862,37.305115],[-6.083979,37.304982],[-6.083827,37.304648],[-6.083426,37.304221],[-6.083271,37.304156],[-6.083158,37.303916],[-6.082712,37.303737],[-6.082585,37.303566],[-6.081806,37.303478],[-6.081941,37.303369],[-6.081785,37.302989],[-6.081503,37.302892],[-6.081241,37.302939],[-6.081243,37.302841],[-6.080894,37.302729],[-6.080589,37.30244],[-6.080608,37.302351],[-6.080491,37.302325],[-6.08056,37.30221],[-6.080135,37.302063],[-6.079708,37.301784],[-6.079652,37.301677],[-6.07912,37.301362],[-6.076112,37.299139],[-6.075769,37.299333],[-6.075738,37.299211],[-6.075043,37.29882],[-6.074723,37.298835],[-6.07465,37.298714],[-6.074827,37.298652],[-6.073799,37.297757],[-6.073699,37.297691],[-6.073645,37.297736],[-6.073827,37.298019],[-6.073269,37.297736],[-6.073536,37.297553],[-6.073345,37.297567],[-6.073149,37.297163],[-6.072878,37.297117],[-6.073034,37.297063],[-6.072928,37.296909],[-6.073065,37.296818],[-6.072715,37.296513],[-6.072197,37.295692],[-6.070108,37.294015],[-6.069999,37.293997],[-6.069985,37.294177],[-6.069848,37.294179],[-6.069934,37.293826],[-6.069714,37.293571],[-6.069103,37.293127],[-6.069341,37.292953],[-6.069645,37.293193],[-6.069849,37.293183],[-6.069952,37.29296],[-6.070229,37.292914],[-6.070046,37.292807],[-6.06985,37.292891],[-6.069771,37.292804],[-6.069569,37.292806],[-6.07334,37.290378],[-6.073612,37.290422],[-6.073904,37.290776],[-6.074285,37.290934],[-6.074815,37.291584],[-6.074854,37.291802],[-6.074689,37.291915],[-6.074054,37.291958],[-6.073743,37.29185],[-6.073408,37.29189],[-6.073322,37.292109],[-6.07315,37.292248],[-6.073298,37.292696],[-6.073441,37.292764],[-6.07347,37.292987],[-6.07366,37.293005],[-6.073982,37.293273],[-6.074223,37.293776],[-6.074346,37.29375],[-6.074372,37.29396],[-6.074609,37.294185],[-6.074591,37.294411],[-6.074921,37.294688],[-6.074957,37.295221],[-6.07503,37.295296],[-6.075149,37.295269],[-6.075203,37.295615],[-6.075011,37.29583],[-6.075109,37.295931],[-6.075093,37.296088],[-6.07523,37.296187],[-6.075359,37.296177],[-6.075417,37.296386],[-6.075646,37.296562],[-6.076048,37.29652],[-6.076821,37.296158],[-6.07687,37.296223],[-6.076783,37.296311],[-6.076034,37.296619],[-6.076956,37.296515],[-6.077456,37.296638],[-6.0768,37.296925],[-6.076668,37.297106],[-6.076545,37.297787],[-6.076834,37.29783],[-6.076792,37.298067],[-6.07685,37.298138],[-6.076735,37.298278],[-6.076815,37.298447],[-6.07673,37.298671],[-6.076598,37.298738],[-6.076493,37.298962],[-6.076674,37.299004],[-6.07698,37.299289],[-6.078586,37.3004],[-6.078626,37.30032],[-6.078713,37.300353],[-6.078835,37.300608],[-6.079303,37.30099],[-6.07999,37.301391],[-6.081656,37.302601],[-6.081923,37.302703],[-6.082473,37.303171],[-6.083149,37.303532],[-6.084077,37.304326],[-6.085045,37.305698],[-6.086353,37.306708],[-6.086491,37.307106],[-6.086445,37.307574],[-6.08658,37.307882],[-6.087124,37.308635],[-6.087925,37.309237],[-6.088259,37.30974],[-6.088292,37.30995],[-6.088093,37.310353],[-6.088427,37.31094],[-6.088633,37.312076],[-6.08945,37.312957],[-6.090062,37.312942],[-6.090299,37.313048],[-6.090572,37.31336],[-6.090764,37.313462],[-6.091178,37.313502],[-6.090737,37.313622],[-6.09078,37.31452],[-6.090672,37.314495],[-6.090249,37.314783],[-6.09016,37.315156],[-6.090229,37.315218],[-6.090286,37.315953],[-6.090639,37.316113],[-6.090601,37.316411],[-6.091224,37.316523],[-6.091509,37.316751],[-6.091449,37.317448],[-6.091551,37.317534],[-6.091421,37.317605],[-6.091623,37.318397],[-6.09139,37.319115],[-6.091587,37.319114],[-6.091724,37.319224],[-6.091557,37.319359],[-6.091513,37.319535],[-6.091576,37.319699],[-6.091702,37.319765],[-6.091813,37.321244],[-6.091918,37.321352],[-6.091938,37.32192],[-6.092047,37.322062],[-6.091952,37.322246],[-6.091965,37.32252],[-6.091719,37.322767],[-6.09186,37.323042],[-6.09205,37.322942],[-6.092394,37.322947],[-6.092759,37.323156],[-6.093193,37.323964],[-6.093923,37.324606],[-6.094081,37.324938],[-6.093975,37.325227],[-6.093652,37.325535],[-6.093556,37.325746],[-6.093369,37.326538],[-6.093264,37.327659],[-6.092965,37.328482],[-6.092989,37.329018],[-6.093428,37.329645],[-6.093518,37.33005],[-6.093421,37.330297],[-6.093111,37.330646],[-6.092946,37.331569],[-6.092594,37.33194],[-6.092535,37.332287],[-6.09255,37.332486],[-6.092915,37.332944],[-6.09301,37.333752],[-6.093295,37.333862],[-6.093044,37.333876],[-6.092815,37.334059],[-6.092786,37.334622],[-6.09337,37.335862],[-6.093519,37.336505],[-6.092075,37.338119],[-6.092022,37.338526],[-6.092289,37.339069],[-6.092362,37.339633],[-6.09248,37.339901],[-6.092434,37.34037],[-6.092531,37.341026],[-6.092342,37.341241],[-6.092259,37.342098],[-6.092391,37.342617],[-6.092209,37.343036],[-6.092299,37.343544],[-6.092428,37.343786],[-6.092723,37.343702],[-6.092792,37.343584],[-6.092954,37.343577],[-6.093165,37.343395],[-6.09317,37.343557],[-6.093032,37.343843],[-6.093094,37.34398],[-6.092934,37.344223],[-6.093011,37.344574],[-6.092822,37.344491],[-6.092742,37.344581],[-6.092911,37.344972],[-6.093096,37.345083],[-6.093184,37.345487],[-6.092934,37.345829],[-6.092765,37.345872],[-6.093166,37.34582],[-6.093194,37.346049],[-6.093393,37.346131],[-6.093551,37.346327],[-6.093594,37.347733],[-6.093872,37.347995],[-6.094723,37.348533],[-6.094687,37.349237],[-6.094934,37.349393],[-6.095019,37.349577],[-6.094893,37.350218],[-6.09511,37.350565],[-6.095066,37.350988],[-6.095211,37.351363],[-6.095135,37.351716],[-6.09522,37.351944],[-6.094891,37.352279],[-6.094601,37.352843],[-6.094778,37.353437],[-6.094596,37.353912],[-6.094734,37.355114],[-6.094556,37.355521],[-6.094558,37.355729],[-6.094717,37.356027],[-6.094933,37.35617],[-6.095173,37.356265],[-6.095692,37.356216],[-6.095465,37.356349],[-6.09568,37.356721],[-6.095594,37.356996],[-6.095674,37.357116],[-6.095555,37.357715],[-6.095724,37.358203],[-6.095915,37.358332],[-6.095995,37.358562],[-6.096394,37.358922],[-6.096426,37.359266],[-6.096876,37.359365],[-6.097094,37.359688],[-6.097366,37.359903],[-6.097199,37.360388],[-6.096923,37.360485],[-6.096678,37.360118],[-6.096592,37.359826],[-6.096381,37.359675],[-6.096422,37.359588],[-6.096278,37.359402]]],[[[-6.076308,37.298758],[-6.075989,37.298734],[-6.075431,37.298434],[-6.074717,37.297755],[-6.074087,37.297309],[-6.075313,37.29844],[-6.076088,37.298871],[-6.076291,37.298837],[-6.076308,37.298758]]],[[[-6.07356,37.296824],[-6.073062,37.296381],[-6.072464,37.295513],[-6.069802,37.293323],[-6.070394,37.293961],[-6.071935,37.295155],[-6.072643,37.295855],[-6.072988,37.29643],[-6.073595,37.296949],[-6.073641,37.29689],[-6.07356,37.296824]]],[[[-6.07096,37.293284],[-6.071415,37.293315],[-6.071662,37.293223],[-6.071786,37.293334],[-6.071879,37.293714],[-6.072007,37.293877],[-6.0721,37.293822],[-6.072105,37.293663],[-6.07224,37.293582],[-6.072316,37.293311],[-6.071959,37.29312],[-6.071964,37.293032],[-6.072235,37.293006],[-6.072215,37.292846],[-6.071599,37.292784],[-6.071274,37.292787],[-6.071124,37.292894],[-6.071168,37.292997],[-6.070983,37.293121],[-6.07096,37.293284]]],[[[-6.0978,37.370626],[-6.097394,37.370649],[-6.097235,37.369908],[-6.097035,37.369735],[-6.097034,37.369506],[-6.096879,37.369452],[-6.096841,37.369282],[-6.096742,37.369224],[-6.096848,37.368974],[-6.096642,37.368891],[-6.09599,37.367781],[-6.095594,37.367526],[-6.095576,37.367382],[-6.095752,37.366694],[-6.096021,37.366566],[-6.096027,37.366345],[-6.095865,37.366069],[-6.095859,37.365465],[-6.096047,37.365124],[-6.096026,37.364868],[-6.09578,37.364692],[-6.095706,37.364498],[-6.096003,37.364108],[-6.095957,37.363951],[-6.096035,37.363565],[-6.095975,37.363327],[-6.096099,37.362741],[-6.096026,37.362609],[-6.096099,37.362512],[-6.096063,37.362135],[-6.096243,37.361659],[-6.096177,37.360992],[-6.096547,37.360724],[-6.097249,37.360484],[-6.097371,37.360577],[-6.097428,37.36045],[-6.097559,37.360412],[-6.097385,37.360686],[-6.097552,37.360771],[-6.097451,37.361014],[-6.097316,37.361136],[-6.097238,37.36136],[-6.097056,37.361434],[-6.097295,37.361582],[-6.097057,37.361892],[-6.097058,37.362039],[-6.097159,37.362123],[-6.097061,37.362164],[-6.09708,37.362399],[-6.096944,37.362449],[-6.096898,37.362636],[-6.096724,37.362807],[-6.096771,37.362886],[-6.09686,37.362795],[-6.096892,37.362889],[-6.096615,37.363094],[-6.096635,37.363168],[-6.096457,37.36337],[-6.096631,37.363751],[-6.096525,37.363859],[-6.096316,37.364442],[-6.096493,37.36491],[-6.096596,37.36491],[-6.096752,37.365148],[-6.096878,37.365174],[-6.096928,37.36535],[-6.096834,37.365495],[-6.09689,37.365677],[-6.096718,37.365985],[-6.096786,37.366124],[-6.096665,37.366244],[-6.096793,37.366765],[-6.09668,37.367069],[-6.096821,37.367214],[-6.096533,37.367565],[-6.096683,37.367513],[-6.096709,37.367651],[-6.096837,37.367674],[-6.096792,37.367763],[-6.096898,37.368045],[-6.09707,37.368069],[-6.097188,37.36829],[-6.097628,37.368316],[-6.097817,37.368602],[-6.097895,37.368888],[-6.097721,37.36956],[-6.098029,37.37028],[-6.098283,37.370253],[-6.098258,37.3699],[-6.098589,37.369915],[-6.098904,37.370085],[-6.098865,37.370392],[-6.09858,37.370341],[-6.097964,37.370548],[-6.09791,37.370585],[-6.098039,37.370794],[-6.097961,37.370825],[-6.0978,37.370626]]],[[[-6.09825,37.371269],[-6.098415,37.371288],[-6.098251,37.371364],[-6.09825,37.371269]]],[[[-6.101542,37.379965],[-6.101564,37.379516],[-6.101818,37.379245],[-6.101873,37.378954],[-6.10133,37.378144],[-6.101085,37.37743],[-6.101008,37.376752],[-6.100834,37.376534],[-6.100706,37.375604],[-6.100356,37.375315],[-6.099991,37.375234],[-6.09925,37.374103],[-6.099153,37.374155],[-6.099317,37.374358],[-6.098731,37.374009],[-6.098126,37.373996],[-6.098082,37.373906],[-6.098309,37.373703],[-6.098306,37.373612],[-6.098026,37.373721],[-6.097715,37.373574],[-6.097281,37.373595],[-6.09658,37.373253],[-6.096232,37.372798],[-6.095847,37.372575],[-6.096233,37.372501],[-6.096209,37.372362],[-6.096098,37.372351],[-6.096066,37.372441],[-6.09577,37.372396],[-6.095703,37.372482],[-6.095631,37.37242],[-6.095698,37.372256],[-6.096637,37.371946],[-6.096039,37.371984],[-6.097971,37.371441],[-6.098058,37.371453],[-6.097925,37.371521],[-6.097941,37.371579],[-6.098535,37.371344],[-6.098863,37.371427],[-6.098918,37.371277],[-6.099177,37.371105],[-6.099363,37.371205],[-6.099525,37.371621],[-6.099527,37.372076],[-6.099681,37.37254],[-6.09954,37.372845],[-6.09957,37.373013],[-6.09941,37.373176],[-6.099415,37.373325],[-6.09959,37.3735],[-6.100137,37.37367],[-6.100254,37.373776],[-6.100398,37.374212],[-6.100131,37.37437],[-6.100174,37.374497],[-6.100102,37.37469],[-6.100339,37.37503],[-6.100215,37.375115],[-6.100802,37.375309],[-6.10104,37.375853],[-6.101184,37.375905],[-6.101245,37.376483],[-6.101403,37.376854],[-6.101469,37.377792],[-6.101657,37.3782],[-6.101944,37.378209],[-6.10212,37.378376],[-6.10199,37.37829],[-6.101746,37.378385],[-6.101994,37.37874],[-6.102161,37.378799],[-6.102245,37.379084],[-6.102041,37.379181],[-6.102113,37.379384],[-6.101957,37.379402],[-6.101852,37.379661],[-6.101915,37.379714],[-6.101982,37.379559],[-6.101995,37.37979],[-6.101858,37.379798],[-6.101988,37.380233],[-6.102269,37.380306],[-6.102323,37.380396],[-6.102471,37.382433],[-6.102692,37.382847],[-6.10277,37.38342],[-6.102596,37.383429],[-6.102535,37.383099],[-6.102225,37.382372],[-6.102093,37.380944],[-6.101764,37.380455],[-6.101842,37.380251],[-6.101542,37.379965]]]]},"properties":{"OBJECTID":1704,"ID_ZONA":"ES050_APSFR_BG008-01_T500","ZONA":"Arroyo Riopudio","TIPO_ZONA":"Q Periodo de retorno T500","RIO":"Arroyo del Repudio; Arroyo Sequillo; Sin nombre","LONG_KM":12.03,"HIPOTESIS":"Q500 régimen natural","HIDROLOGIA":"Método racional","PRECISION_":"MDT 2x2 procedente de LIDAR IGN PNOA","HIDRAUL":"IBER","ESTUDIO":"SNCZI. Zonas inundables del sistema bajo del Guadalquivir","TIPO_EST":"Estudio de Desarrollo del SNCZI","DOCUMENTO":"Elaboración de cartografía de dominio público hidráulico y mapas de peligrosidad y riesgo de la directiva 2007/60 en el marco del SNCZI en las demarcaciones hidrográficas del Guadalquivir, Ceuta y Melilla. Cofinanciado con fondos FEDER","FECHA_APRO":1443139200000,"FECHA_GEO":"05/2014","ORGANISMO":"Ministerio de agricultura, alimentación y medio ambiente","CLAVE_EXPE":"CU(CO)-4615","DEMARCACIO":"Guadalquivir","ID_DEMAR":51,"Q_M3_S":"63; 16; 8","ZI_DIRECTI":"ES050_APSFR_BG008","CICLO":1,"Shape_Leng":30182.8129732,"Fecha_Lim":1745107200000,"Shape__Area":762658.28759765625,"Shape__Length":30387.295060096392}},{"type":"Feature","id":1787,"geometry":{"type":"MultiPolygon","coordinates":[[[[-6.061594,37.285345],[-6.061614,37.285188],[-6.061711,37.285196],[-6.061686,37.28535],[-6.061594,37.285345]]],[[[-6.07068,37.292091],[-6.070216,37.29239],[-6.069684,37.292526],[-6.069544,37.292747],[-6.069758,37.292685],[-6.069569,37.292806],[-6.069413,37.292696],[-6.069311,37.292836],[-6.069342,37.292953],[-6.069098,37.293109],[-6.068906,37.292812],[-6.068674,37.292149],[-6.068515,37.292053],[-6.068472,37.292131],[-6.068593,37.292203],[-6.06851,37.292301],[-6.068425,37.292283],[-6.068183,37.292064],[-6.068011,37.292107],[-6.067963,37.291931],[-6.067482,37.291645],[-6.067704,37.291522],[-6.06792,37.291633],[-6.067801,37.291488],[-6.067669,37.291488],[-6.067578,37.291331],[-6.067709,37.291407],[-6.068113,37.291156],[-6.068151,37.291028],[-6.067896,37.290683],[-6.067052,37.290466],[-6.066859,37.290521],[-6.066708,37.290429],[-6.066673,37.290485],[-6.066464,37.29044],[-6.065904,37.289998],[-6.065783,37.290021],[-6.065664,37.289863],[-6.065399,37.28991],[-6.065361,37.290014],[-6.065086,37.290137],[-6.064779,37.289954],[-6.064573,37.290073],[-6.064366,37.28993],[-6.064509,37.289806],[-6.064101,37.289658],[-6.064199,37.289794],[-6.064055,37.289729],[-6.063377,37.289258],[-6.062268,37.288642],[-6.061785,37.288469],[-6.061605,37.288578],[-6.061682,37.288339],[-6.061639,37.288236],[-6.061451,37.288327],[-6.06122,37.288315],[-6.061221,37.288223],[-6.061369,37.288222],[-6.061362,37.288135],[-6.060839,37.287984],[-6.061248,37.288058],[-6.061433,37.28785],[-6.061405,37.287727],[-6.06127,37.287682],[-6.061216,37.287553],[-6.061365,37.287432],[-6.061396,37.287636],[-6.061449,37.287469],[-6.061311,37.287265],[-6.061344,37.286826],[-6.061251,37.286656],[-6.061315,37.286599],[-6.061417,37.28546],[-6.060395,37.285118],[-6.057802,37.283453],[-6.057526,37.283388],[-6.057103,37.28297],[-6.05684,37.28323],[-6.056849,37.283342],[-6.057024,37.283461],[-6.056981,37.283528],[-6.057137,37.283684],[-6.057117,37.283745],[-6.057298,37.283919],[-6.057069,37.284181],[-6.056441,37.283631],[-6.056301,37.283773],[-6.056819,37.284164],[-6.056767,37.284216],[-6.056214,37.283853],[-6.056175,37.283739],[-6.055823,37.283472],[-6.055688,37.283528],[-6.055735,37.283428],[-6.055674,37.283369],[-6.055361,37.283535],[-6.055561,37.283321],[-6.055056,37.282952],[-6.055042,37.282787],[-6.054948,37.282832],[-6.054419,37.282458],[-6.054635,37.282287],[-6.054484,37.2821],[-6.054683,37.282232],[-6.054782,37.282173],[-6.054689,37.281986],[-6.054741,37.281949],[-6.054945,37.282212],[-6.054616,37.28249],[-6.054832,37.282646],[-6.055034,37.282672],[-6.055236,37.282108],[-6.054873,37.28163],[-6.053775,37.2826],[-6.055124,37.283474],[-6.053712,37.28265],[-6.053634,37.282726],[-6.053818,37.282963],[-6.053867,37.283195],[-6.054479,37.283667],[-6.05447,37.283774],[-6.054402,37.283816],[-6.053722,37.28317],[-6.053757,37.282967],[-6.05358,37.282796],[-6.053208,37.283117],[-6.052998,37.283416],[-6.053908,37.283947],[-6.052968,37.283464],[-6.05277,37.283819],[-6.053172,37.283971],[-6.053289,37.284136],[-6.054001,37.284502],[-6.054383,37.284289],[-6.054047,37.284565],[-6.053971,37.284723],[-6.054446,37.284975],[-6.054633,37.284805],[-6.054817,37.284875],[-6.054825,37.285089],[-6.054675,37.285292],[-6.054923,37.285266],[-6.055094,37.28559],[-6.054967,37.285565],[-6.054902,37.285639],[-6.055147,37.285784],[-6.055028,37.285886],[-6.055322,37.286029],[-6.055519,37.285999],[-6.055977,37.286415],[-6.05553,37.286273],[-6.055453,37.286336],[-6.055396,37.28625],[-6.054817,37.286125],[-6.054866,37.285905],[-6.054127,37.285546],[-6.053945,37.285365],[-6.05433,37.285606],[-6.054591,37.28567],[-6.053624,37.284963],[-6.0535,37.284985],[-6.053493,37.284896],[-6.052795,37.284186],[-6.05271,37.283879],[-6.052559,37.28411],[-6.052443,37.284013],[-6.05259,37.283614],[-6.05195,37.283269],[-6.051784,37.283388],[-6.051797,37.283266],[-6.051336,37.282974],[-6.05528,37.272731],[-6.059647,37.2723],[-6.059396,37.273793],[-6.059271,37.273892],[-6.05908,37.273866],[-6.059073,37.274143],[-6.058866,37.274157],[-6.059058,37.27421],[-6.059149,37.274357],[-6.05899,37.274603],[-6.058991,37.274799],[-6.058832,37.275104],[-6.058583,37.275433],[-6.058703,37.275622],[-6.058723,37.275834],[-6.058638,37.275994],[-6.058728,37.276161],[-6.058643,37.27625],[-6.058738,37.276284],[-6.058512,37.276618],[-6.05871,37.276632],[-6.058684,37.276708],[-6.059192,37.277039],[-6.059373,37.276899],[-6.059476,37.276988],[-6.058222,37.27831],[-6.05846,37.278637],[-6.058027,37.27849],[-6.057445,37.279063],[-6.05785,37.27943],[-6.058098,37.279237],[-6.057989,37.279094],[-6.058184,37.279161],[-6.058388,37.279009],[-6.058486,37.279046],[-6.058438,37.279228],[-6.058299,37.279357],[-6.058174,37.279299],[-6.057918,37.279509],[-6.058155,37.279776],[-6.058011,37.279751],[-6.057863,37.279864],[-6.057957,37.279686],[-6.057702,37.279454],[-6.057049,37.280257],[-6.057293,37.280398],[-6.057701,37.279992],[-6.057369,37.280434],[-6.057464,37.280517],[-6.057736,37.280275],[-6.057988,37.280288],[-6.058127,37.280201],[-6.058656,37.28057],[-6.058561,37.280714],[-6.05841,37.280702],[-6.058496,37.280841],[-6.058235,37.280785],[-6.058146,37.280899],[-6.057949,37.280949],[-6.057788,37.281128],[-6.057848,37.281268],[-6.057617,37.281256],[-6.057553,37.281383],[-6.057465,37.281386],[-6.057556,37.281526],[-6.057441,37.281458],[-6.057422,37.281572],[-6.057305,37.281536],[-6.057194,37.281639],[-6.057265,37.281812],[-6.057358,37.281735],[-6.057351,37.281834],[-6.0576,37.281851],[-6.057874,37.282056],[-6.057873,37.281912],[-6.057948,37.28198],[-6.058268,37.281835],[-6.058416,37.281892],[-6.058341,37.281797],[-6.058489,37.281734],[-6.058555,37.281751],[-6.058489,37.28185],[-6.058908,37.281795],[-6.059183,37.281538],[-6.059206,37.28135],[-6.059336,37.281444],[-6.059201,37.281684],[-6.059543,37.281569],[-6.05979,37.281717],[-6.059747,37.281814],[-6.059831,37.281784],[-6.059848,37.281976],[-6.060113,37.281948],[-6.060085,37.282008],[-6.06032,37.282041],[-6.060656,37.282319],[-6.059486,37.2835],[-6.059354,37.283439],[-6.059365,37.283341],[-6.059247,37.283317],[-6.059258,37.283189],[-6.059132,37.283183],[-6.058996,37.283037],[-6.0591,37.283006],[-6.05892,37.282997],[-6.058837,37.282836],[-6.058674,37.282823],[-6.058533,37.283083],[-6.058712,37.283161],[-6.058706,37.283268],[-6.058878,37.283485],[-6.057762,37.282813],[-6.057602,37.282842],[-6.057702,37.283059],[-6.060601,37.284923],[-6.061177,37.285136],[-6.061485,37.285168],[-6.061428,37.285378],[-6.061662,37.285417],[-6.061616,37.286219],[-6.061833,37.28545],[-6.061918,37.285389],[-6.061849,37.285362],[-6.062106,37.283861],[-6.062084,37.283754],[-6.062033,37.283833],[-6.061764,37.284837],[-6.061699,37.284858],[-6.061939,37.283602],[-6.061758,37.283328],[-6.061823,37.283333],[-6.061844,37.283038],[-6.061823,37.283255],[-6.061713,37.283318],[-6.061764,37.283274],[-6.061706,37.283202],[-6.061568,37.283209],[-6.061558,37.283105],[-6.06135,37.282985],[-6.061265,37.283054],[-6.060919,37.282792],[-6.061273,37.282691],[-6.061728,37.283039],[-6.061815,37.283013],[-6.061792,37.282938],[-6.061468,37.282702],[-6.06176,37.282836],[-6.061938,37.282624],[-6.061733,37.282785],[-6.061017,37.28233],[-6.061125,37.282162],[-6.061049,37.282052],[-6.061133,37.281897],[-6.061057,37.281801],[-6.061229,37.281845],[-6.061545,37.281605],[-6.061307,37.281905],[-6.061597,37.282131],[-6.061686,37.282102],[-6.061668,37.282157],[-6.062123,37.282355],[-6.062203,37.282321],[-6.062285,37.282462],[-6.062261,37.2826],[-6.062392,37.282701],[-6.062473,37.282576],[-6.062384,37.282537],[-6.06237,37.282428],[-6.06246,37.282454],[-6.062427,37.282383],[-6.062554,37.282368],[-6.062498,37.282175],[-6.062705,37.281868],[-6.062602,37.282396],[-6.062712,37.282657],[-6.062738,37.282548],[-6.063181,37.282922],[-6.063908,37.283007],[-6.06402,37.28308],[-6.064679,37.283106],[-6.06475,37.283316],[-6.06485,37.283358],[-6.064832,37.283442],[-6.065136,37.283545],[-6.065165,37.28363],[-6.065094,37.283693],[-6.065253,37.283647],[-6.065676,37.284232],[-6.065844,37.284347],[-6.065697,37.284537],[-6.065485,37.284584],[-6.065534,37.284623],[-6.065275,37.284774],[-6.06547,37.284902],[-6.065519,37.285148],[-6.066278,37.285653],[-6.066759,37.285635],[-6.066518,37.285835],[-6.066584,37.285918],[-6.066987,37.285711],[-6.066623,37.285972],[-6.066689,37.286055],[-6.067224,37.285757],[-6.067408,37.285992],[-6.067616,37.286009],[-6.067635,37.286128],[-6.067828,37.286183],[-6.067833,37.286296],[-6.067953,37.286304],[-6.067785,37.286496],[-6.067992,37.286827],[-6.067928,37.28698],[-6.068016,37.287],[-6.06789,37.287001],[-6.067727,37.286795],[-6.067645,37.286803],[-6.067719,37.28698],[-6.06781,37.286929],[-6.067871,37.287061],[-6.067759,37.287097],[-6.067811,37.287166],[-6.067707,37.287386],[-6.067898,37.287497],[-6.067965,37.287613],[-6.067917,37.2877],[-6.068294,37.288043],[-6.068307,37.28815],[-6.068697,37.288315],[-6.068644,37.288495],[-6.069027,37.288913],[-6.069121,37.288911],[-6.069163,37.289105],[-6.070553,37.289656],[-6.07055,37.289752],[-6.070473,37.289763],[-6.070777,37.289983],[-6.071701,37.290409],[-6.071638,37.290529],[-6.071132,37.290329],[-6.070974,37.290366],[-6.070931,37.290538],[-6.071167,37.290684],[-6.071072,37.290804],[-6.070904,37.290814],[-6.070923,37.290887],[-6.07077,37.290987],[-6.070663,37.290965],[-6.07057,37.290822],[-6.070407,37.290946],[-6.070345,37.290908],[-6.070375,37.290821],[-6.069979,37.290598],[-6.069573,37.290889],[-6.069636,37.290892],[-6.069678,37.291102],[-6.069407,37.291159],[-6.069296,37.291354],[-6.069397,37.291423],[-6.069151,37.291698],[-6.068904,37.291705],[-6.069075,37.291921],[-6.069079,37.292208],[-6.069168,37.292377],[-6.069261,37.292406],[-6.069303,37.292333],[-6.069314,37.291947],[-6.069401,37.292015],[-6.06935,37.292339],[-6.069477,37.292463],[-6.069392,37.292509],[-6.069441,37.292565],[-6.069675,37.292499],[-6.069653,37.292449],[-6.070231,37.291914],[-6.070041,37.291928],[-6.069474,37.292426],[-6.06946,37.292324],[-6.069563,37.29231],[-6.069694,37.292027],[-6.069486,37.292055],[-6.069686,37.291885],[-6.069748,37.292037],[-6.070001,37.291855],[-6.070418,37.291839],[-6.07068,37.292091]]],[[[-6.068463,37.290927],[-6.068841,37.2907],[-6.068809,37.290584],[-6.068966,37.290618],[-6.069361,37.290515],[-6.069428,37.290398],[-6.069575,37.290458],[-6.069437,37.290278],[-6.06986,37.289915],[-6.069675,37.289703],[-6.069868,37.289632],[-6.069762,37.289485],[-6.069495,37.289439],[-6.069458,37.289562],[-6.069297,37.289603],[-6.069166,37.289475],[-6.069261,37.28938],[-6.06891,37.289285],[-6.069034,37.289475],[-6.068623,37.289552],[-6.068758,37.289551],[-6.068758,37.28966],[-6.068893,37.289759],[-6.068753,37.289759],[-6.068693,37.289971],[-6.068813,37.289997],[-6.068737,37.290041],[-6.068813,37.290097],[-6.068659,37.290097],[-6.068656,37.290189],[-6.068252,37.290551],[-6.068249,37.290763],[-6.068355,37.290939],[-6.068463,37.290927]]],[[[-6.066628,37.28968],[-6.067263,37.289524],[-6.0675,37.289557],[-6.067456,37.289472],[-6.068371,37.288946],[-6.068432,37.288846],[-6.068645,37.28885],[-6.068583,37.28881],[-6.068615,37.288715],[-6.068531,37.28868],[-6.068036,37.288736],[-6.068413,37.288523],[-6.068281,37.28833],[-6.06814,37.288301],[-6.068121,37.288179],[-6.068081,37.288261],[-6.067692,37.288172],[-6.067745,37.288394],[-6.067514,37.288139],[-6.067818,37.288012],[-6.067719,37.28779],[-6.067609,37.287745],[-6.067609,37.287494],[-6.067388,37.287485],[-6.067442,37.287256],[-6.067192,37.287448],[-6.067051,37.287256],[-6.066871,37.28728],[-6.066953,37.287122],[-6.066919,37.287008],[-6.067063,37.287062],[-6.067201,37.286933],[-6.066963,37.28672],[-6.066874,37.286502],[-6.066771,37.286407],[-6.066363,37.286384],[-6.06603,37.286644],[-6.06601,37.28675],[-6.066206,37.286803],[-6.066201,37.286931],[-6.066324,37.287091],[-6.066182,37.287122],[-6.066153,37.287015],[-6.066012,37.286954],[-6.065816,37.287045],[-6.065805,37.287226],[-6.066193,37.28789],[-6.065933,37.287997],[-6.064797,37.286255],[-6.064508,37.285959],[-6.06405,37.285674],[-6.064164,37.285481],[-6.064653,37.285721],[-6.065202,37.286228],[-6.065445,37.286608],[-6.065413,37.286504],[-6.065535,37.286573],[-6.065741,37.286554],[-6.065792,37.286463],[-6.066145,37.286316],[-6.066175,37.286213],[-6.066317,37.286211],[-6.06628,37.28605],[-6.066467,37.286133],[-6.066238,37.285879],[-6.065804,37.285579],[-6.065714,37.285625],[-6.065685,37.285503],[-6.064978,37.284926],[-6.064806,37.284626],[-6.064195,37.284047],[-6.063913,37.28412],[-6.064017,37.283916],[-6.063922,37.283833],[-6.063651,37.284018],[-6.063103,37.284215],[-6.062975,37.284155],[-6.062232,37.284563],[-6.062059,37.28481],[-6.062088,37.285449],[-6.061928,37.285412],[-6.061837,37.285535],[-6.061771,37.288037],[-6.061967,37.288108],[-6.062046,37.288209],[-6.062001,37.288293],[-6.062284,37.288407],[-6.062263,37.288509],[-6.063623,37.289266],[-6.063773,37.289205],[-6.064034,37.289474],[-6.064611,37.289591],[-6.064823,37.289455],[-6.064861,37.289139],[-6.065008,37.289419],[-6.065343,37.289697],[-6.066628,37.28968]]],[[[-6.063722,37.285563],[-6.062222,37.285459],[-6.062256,37.285214],[-6.063969,37.285403],[-6.064043,37.285438],[-6.063924,37.285634],[-6.063722,37.285563]]],[[[-6.065979,37.288098],[-6.066254,37.287986],[-6.066299,37.288039],[-6.066575,37.288583],[-6.066855,37.289537],[-6.066548,37.289549],[-6.065979,37.288098]]]]},"properties":{"OBJECTID":1787,"ID_ZONA":"ES050_APSFR_BG008-02_T500","ZONA":"Arroyo Repudio","TIPO_ZONA":"Q Periodo de retorno T500","RIO":"Arroyo del Repudio; Río Guadalquivir","LONG_KM":2.6,"HIPOTESIS":"Q500 régimen natural","HIDROLOGIA":"CAUMAX","PRECISION_":"MDT 1x1 procedente de LIDAR IGN PNOA","HIDRAUL":"IBER","ESTUDIO":"SNCZI. Zonas inundables del sistema bajo del Guadalquivir","TIPO_EST":"Estudio de Desarrollo del SNCZI","DOCUMENTO":"Implantación y seguimiento del plan de gestión del riesgo de inundación de las demarcaciones hidrográficas del Guadalquivir, Ceuta y Melilla. Fase 1. Revisión de la EPRI y mapas de peligrosidad y riesgo de inundación","FECHA_APRO":1587340800000,"FECHA_GEO":"05/2014","ORGANISMO":"Ministerio para la transición ecológica","CLAVE_EXPE":"05.840-0015/0411","DEMARCACIO":"Guadalquivir","ID_DEMAR":51,"Q_M3_S":"103; 3978","ZI_DIRECTI":"ES050_APSFR_BG008","CICLO":2,"Shape_Leng":21881.4037941,"Fecha_Lim":1745107200000,"Shape__Area":823880.7431640625,"Shape__Length":22031.252277349413}},{"type":"Feature","id":1707,"geometry":{"type":"MultiPolygon","coordinates":[[[[-6.15204,37.358185],[-6.151837,37.358282],[-6.151121,37.357913],[-6.150748,37.357534],[-6.150522,37.357473],[-6.150573,37.357409],[-6.150725,37.357466],[-6.150671,37.357308],[-6.150781,37.357241],[-6.150758,37.357137],[-6.150116,37.35673],[-6.149874,37.356718],[-6.149797,37.356635],[-6.149548,37.356677],[-6.149464,37.356604],[-6.149463,37.356446],[-6.149158,37.356107],[-6.148664,37.355978],[-6.148617,37.35585],[-6.148401,37.355872],[-6.14817,37.355704],[-6.147731,37.355755],[-6.147705,37.355619],[-6.147807,37.355417],[-6.147671,37.355263],[-6.148037,37.355107],[-6.14746,37.354559],[-6.147217,37.354632],[-6.146847,37.354576],[-6.146604,37.354662],[-6.146574,37.354492],[-6.146317,37.354358],[-6.146203,37.354436],[-6.14579,37.35424],[-6.1457,37.354048],[-6.145553,37.354093],[-6.145293,37.353967],[-6.145251,37.35393],[-6.145409,37.353762],[-6.145346,37.35373],[-6.144992,37.353746],[-6.144266,37.353483],[-6.144268,37.35335],[-6.144608,37.352864],[-6.144595,37.352744],[-6.144139,37.352622],[-6.143963,37.352472],[-6.143482,37.352433],[-6.143391,37.352325],[-6.143223,37.352352],[-6.142955,37.352188],[-6.142707,37.35216],[-6.142278,37.351713],[-6.14208,37.351718],[-6.141668,37.351435],[-6.141375,37.351388],[-6.141341,37.351262],[-6.141057,37.351007],[-6.14087,37.350968],[-6.140804,37.350702],[-6.140364,37.350623],[-6.139871,37.350293],[-6.139837,37.350188],[-6.139376,37.35011],[-6.138801,37.349826],[-6.138386,37.349461],[-6.138029,37.349006],[-6.137417,37.348891],[-6.137387,37.34866],[-6.136456,37.348524],[-6.135895,37.348127],[-6.136011,37.348093],[-6.135924,37.347958],[-6.135227,37.347432],[-6.135157,37.347527],[-6.135264,37.347639],[-6.135227,37.347705],[-6.134915,37.347666],[-6.134416,37.347763],[-6.133773,37.347646],[-6.133909,37.347389],[-6.134217,37.347173],[-6.134265,37.347051],[-6.133956,37.346628],[-6.133222,37.346411],[-6.132835,37.346603],[-6.132733,37.346754],[-6.131191,37.345778],[-6.131314,37.345754],[-6.131112,37.345611],[-6.131136,37.345506],[-6.131011,37.345307],[-6.130895,37.345308],[-6.130738,37.345469],[-6.13081,37.345147],[-6.130663,37.3448],[-6.130821,37.344619],[-6.130925,37.344262],[-6.130773,37.343956],[-6.131735,37.343879],[-6.131799,37.343708],[-6.131493,37.343619],[-6.131461,37.343441],[-6.131727,37.343366],[-6.132191,37.343488],[-6.132348,37.343286],[-6.132239,37.343032],[-6.131462,37.342568],[-6.130619,37.341305],[-6.130511,37.341419],[-6.131038,37.342066],[-6.131107,37.342389],[-6.131188,37.342447],[-6.131126,37.342554],[-6.131208,37.342822],[-6.131055,37.34314],[-6.130473,37.343447],[-6.130473,37.344099],[-6.13058,37.344336],[-6.130752,37.344445],[-6.130717,37.344626],[-6.130594,37.344695],[-6.13035,37.344668],[-6.130371,37.344421],[-6.130234,37.344188],[-6.130302,37.344064],[-6.129886,37.34383],[-6.129925,37.343693],[-6.130381,37.343539],[-6.129969,37.341729],[-6.130283,37.341033],[-6.130253,37.340778],[-6.130631,37.34065],[-6.130792,37.340337],[-6.130564,37.339871],[-6.13035,37.339763],[-6.130361,37.339438],[-6.130231,37.339348],[-6.130263,37.338945],[-6.130422,37.338484],[-6.130179,37.338426],[-6.130416,37.338319],[-6.130469,37.338213],[-6.130406,37.338077],[-6.130416,37.337121],[-6.130559,37.33698],[-6.130623,37.337005],[-6.130522,37.338116],[-6.130702,37.338116],[-6.130919,37.337288],[-6.131057,37.337132],[-6.130869,37.336793],[-6.130999,37.33643],[-6.130902,37.336363],[-6.13108,37.335704],[-6.131477,37.335385],[-6.131636,37.335021],[-6.131751,37.334945],[-6.131837,37.334609],[-6.132372,37.334037],[-6.132424,37.333793],[-6.132544,37.333843],[-6.132631,37.333586],[-6.13307,37.333135],[-6.133433,37.33305],[-6.133774,37.333059],[-6.133857,37.333131],[-6.133803,37.333226],[-6.133943,37.333482],[-6.133899,37.333759],[-6.133693,37.334008],[-6.134184,37.333965],[-6.134441,37.333788],[-6.134918,37.333981],[-6.134791,37.333637],[-6.134927,37.333393],[-6.134701,37.332994],[-6.13441,37.332938],[-6.134442,37.332727],[-6.134218,37.332761],[-6.133944,37.33308],[-6.133843,37.333013],[-6.13399,37.3327],[-6.134316,37.332549],[-6.134434,37.332347],[-6.134858,37.332023],[-6.13513,37.331675],[-6.135587,37.33151],[-6.135953,37.331472],[-6.136042,37.331192],[-6.136286,37.331108],[-6.136605,37.330791],[-6.136729,37.330897],[-6.136491,37.331317],[-6.136684,37.331426],[-6.136818,37.331759],[-6.136811,37.332051],[-6.136981,37.332068],[-6.137038,37.332398],[-6.137185,37.33246],[-6.137323,37.332734],[-6.13718,37.332696],[-6.136831,37.332868],[-6.13668,37.332766],[-6.136628,37.332914],[-6.136731,37.333072],[-6.136708,37.33318],[-6.136922,37.333358],[-6.137114,37.333782],[-6.137383,37.33389],[-6.137341,37.33395],[-6.136963,37.333971],[-6.136843,37.334162],[-6.136582,37.333958],[-6.136056,37.333968],[-6.135684,37.334127],[-6.135058,37.334552],[-6.135147,37.33462],[-6.135105,37.33467],[-6.13457,37.334756],[-6.134428,37.334893],[-6.134296,37.335593],[-6.135055,37.335593],[-6.135078,37.335688],[-6.135394,37.335767],[-6.135398,37.335694],[-6.135926,37.336144],[-6.135539,37.336444],[-6.135619,37.336511],[-6.135601,37.336654],[-6.135919,37.336894],[-6.135825,37.336986],[-6.135978,37.336986],[-6.135756,37.337054],[-6.134683,37.337931],[-6.134656,37.338061],[-6.134774,37.338171],[-6.134369,37.338384],[-6.1343,37.33832],[-6.133529,37.338965],[-6.133678,37.339033],[-6.133411,37.339057],[-6.133129,37.339315],[-6.133715,37.339337],[-6.133717,37.339251],[-6.13389,37.339219],[-6.133903,37.339358],[-6.134398,37.339407],[-6.134156,37.339733],[-6.133659,37.340025],[-6.133475,37.340055],[-6.133489,37.340245],[-6.133375,37.34044],[-6.133023,37.340632],[-6.133075,37.340746],[-6.132891,37.341011],[-6.132795,37.341445],[-6.132845,37.341661],[-6.132963,37.341782],[-6.132873,37.342659],[-6.133027,37.343132],[-6.133532,37.343765],[-6.133937,37.343915],[-6.133986,37.344148],[-6.134156,37.344103],[-6.13452,37.344392],[-6.134574,37.344631],[-6.134472,37.344775],[-6.134335,37.344817],[-6.134356,37.344991],[-6.13446,37.345034],[-6.134341,37.345127],[-6.1346,37.345738],[-6.134629,37.346165],[-6.134886,37.346478],[-6.135418,37.346292],[-6.135664,37.346856],[-6.135889,37.347049],[-6.135717,37.347191],[-6.135996,37.347384],[-6.136276,37.347803],[-6.136594,37.348073],[-6.136912,37.348087],[-6.137231,37.348382],[-6.137366,37.348371],[-6.13754,37.348575],[-6.138141,37.34888],[-6.13835,37.349136],[-6.138564,37.349129],[-6.138746,37.349019],[-6.139128,37.349033],[-6.13994,37.349491],[-6.140101,37.349511],[-6.140169,37.349623],[-6.141172,37.350246],[-6.141197,37.350428],[-6.141503,37.350664],[-6.141484,37.35081],[-6.141681,37.350904],[-6.14211,37.350827],[-6.14224,37.350992],[-6.142537,37.351092],[-6.142639,37.351264],[-6.142912,37.351327],[-6.143207,37.351904],[-6.143831,37.351895],[-6.144012,37.351785],[-6.144209,37.351779],[-6.144684,37.352113],[-6.145021,37.35222],[-6.14517,37.352339],[-6.145198,37.352521],[-6.145431,37.352641],[-6.14563,37.352514],[-6.145893,37.352697],[-6.146328,37.352565],[-6.146577,37.352618],[-6.14663,37.352754],[-6.147224,37.353324],[-6.147319,37.353539],[-6.147573,37.353569],[-6.147887,37.353858],[-6.148044,37.353864],[-6.148163,37.353967],[-6.14819,37.354176],[-6.14852,37.354436],[-6.148686,37.354452],[-6.148729,37.354615],[-6.148907,37.354624],[-6.149677,37.355039],[-6.149727,37.355221],[-6.149496,37.355267],[-6.149915,37.355362],[-6.150084,37.355551],[-6.150092,37.355966],[-6.150425,37.356397],[-6.150847,37.35665],[-6.15105,37.356646],[-6.151118,37.356773],[-6.15147,37.356869],[-6.151813,37.357284],[-6.152037,37.357391],[-6.152233,37.357698],[-6.152377,37.357691],[-6.152638,37.35785],[-6.152761,37.357788],[-6.153002,37.357951],[-6.15303,37.358127],[-6.152885,37.358284],[-6.152656,37.358199],[-6.15204,37.358185]]],[[[-6.141249,37.350564],[-6.141092,37.350551],[-6.141092,37.35029],[-6.139534,37.349397],[-6.139266,37.34933],[-6.139103,37.349506],[-6.138653,37.349346],[-6.138561,37.349214],[-6.138432,37.349238],[-6.139011,37.349769],[-6.139987,37.350147],[-6.140303,37.350421],[-6.141248,37.350751],[-6.141359,37.350662],[-6.141249,37.350564]]],[[[-6.132875,37.346389],[-6.133546,37.345968],[-6.133557,37.345874],[-6.133308,37.345553],[-6.133097,37.345451],[-6.132664,37.345499],[-6.132488,37.345413],[-6.132308,37.345446],[-6.132243,37.345564],[-6.13157,37.34567],[-6.131696,37.345868],[-6.13189,37.345818],[-6.132312,37.346389],[-6.132588,37.346609],[-6.132875,37.346389]]],[[[-6.133293,37.345148],[-6.13372,37.345052],[-6.133839,37.345095],[-6.134193,37.344932],[-6.134216,37.344849],[-6.133991,37.344527],[-6.133694,37.344371],[-6.132905,37.344546],[-6.132842,37.344575],[-6.133016,37.345027],[-6.133293,37.345148]]],[[[-6.133126,37.34441],[-6.133743,37.344212],[-6.13285,37.343908],[-6.132606,37.343979],[-6.132581,37.344158],[-6.132751,37.344469],[-6.133126,37.34441]]],[[[-6.133054,37.340085],[-6.133081,37.339845],[-6.132901,37.339808],[-6.132881,37.339663],[-6.132786,37.339653],[-6.132019,37.340321],[-6.132131,37.340404],[-6.13279,37.340518],[-6.133045,37.340285],[-6.132998,37.34017],[-6.133054,37.340085]]],[[[-6.132416,37.339725],[-6.133194,37.339048],[-6.132354,37.33861],[-6.13233,37.338468],[-6.132117,37.33852],[-6.13176,37.338792],[-6.131847,37.338873],[-6.131692,37.338999],[-6.131726,37.339187],[-6.131471,37.339327],[-6.131549,37.339491],[-6.132416,37.339725]]],[[[-6.134101,37.33584],[-6.134157,37.335521],[-6.134042,37.335366],[-6.134207,37.335223],[-6.134158,37.33494],[-6.134433,37.334697],[-6.134218,37.334407],[-6.13389,37.334353],[-6.133222,37.334766],[-6.133314,37.334939],[-6.132985,37.334978],[-6.133227,37.335531],[-6.133607,37.335897],[-6.134028,37.335899],[-6.134101,37.33584]]],[[[-6.168798,37.394726],[-6.16888,37.394457],[-6.169038,37.394285],[-6.169144,37.393675],[-6.169289,37.393504],[-6.169199,37.393188],[-6.169526,37.3928],[-6.169464,37.392668],[-6.169687,37.392523],[-6.169613,37.392298],[-6.169675,37.392056],[-6.169876,37.391871],[-6.16989,37.391715],[-6.170024,37.391583],[-6.170006,37.391377],[-6.170253,37.390701],[-6.170563,37.390315],[-6.170396,37.389897],[-6.170471,37.38979],[-6.170439,37.389519],[-6.170329,37.389231],[-6.170187,37.389127],[-6.170133,37.38886],[-6.170991,37.387832],[-6.171005,37.387464],[-6.171271,37.386529],[-6.171632,37.386384],[-6.171568,37.386146],[-6.171654,37.386116],[-6.1717,37.385875],[-6.171795,37.385784],[-6.171897,37.385275],[-6.171853,37.385201],[-6.17201,37.384944],[-6.171969,37.384809],[-6.172048,37.384652],[-6.172353,37.384639],[-6.172225,37.384155],[-6.172283,37.383999],[-6.172227,37.383728],[-6.171877,37.383435],[-6.171924,37.38298],[-6.171832,37.382877],[-6.171857,37.382645],[-6.17174,37.382564],[-6.171786,37.382097],[-6.17164,37.38181],[-6.171668,37.381659],[-6.171805,37.381581],[-6.171792,37.381481],[-6.171617,37.381396],[-6.171671,37.381277],[-6.171585,37.381183],[-6.171659,37.381073],[-6.171539,37.380768],[-6.171564,37.380675],[-6.171737,37.380618],[-6.171677,37.38044],[-6.171481,37.380494],[-6.171397,37.380347],[-6.171051,37.38017],[-6.170309,37.379162],[-6.170291,37.378991],[-6.170084,37.378813],[-6.169507,37.377975],[-6.169508,37.377792],[-6.169254,37.377653],[-6.169042,37.377386],[-6.168949,37.377107],[-6.168985,37.376991],[-6.168755,37.37668],[-6.168774,37.376482],[-6.168354,37.37533],[-6.168266,37.374731],[-6.167575,37.374337],[-6.167488,37.373917],[-6.167343,37.373772],[-6.167398,37.373609],[-6.167187,37.373506],[-6.167075,37.373311],[-6.166547,37.372877],[-6.166566,37.372652],[-6.165915,37.3721],[-6.165874,37.371895],[-6.165714,37.371705],[-6.165227,37.371299],[-6.16493,37.371283],[-6.164867,37.371105],[-6.164654,37.371064],[-6.164447,37.370879],[-6.164319,37.370596],[-6.164575,37.37041],[-6.164334,37.370007],[-6.164247,37.3701],[-6.164347,37.370407],[-6.16421,37.370392],[-6.164126,37.37015],[-6.163899,37.370187],[-6.164282,37.369941],[-6.164081,37.369623],[-6.163648,37.369682],[-6.16345,37.369583],[-6.163287,37.369691],[-6.163131,37.369651],[-6.16297,37.369569],[-6.162579,37.368767],[-6.162173,37.368922],[-6.162175,37.36884],[-6.162408,37.368762],[-6.162362,37.368673],[-6.162653,37.368619],[-6.16273,37.3685],[-6.163182,37.368315],[-6.163221,37.36819],[-6.162821,37.367808],[-6.162664,37.367877],[-6.162782,37.367769],[-6.161386,37.36655],[-6.160804,37.366952],[-6.160561,37.367021],[-6.160706,37.366844],[-6.160674,37.366753],[-6.159509,37.365656],[-6.159522,37.36557],[-6.159756,37.365498],[-6.159611,37.365345],[-6.159772,37.365461],[-6.159854,37.365336],[-6.160004,37.365503],[-6.159695,37.365722],[-6.160827,37.366771],[-6.16092,37.366712],[-6.160664,37.366461],[-6.160762,37.366395],[-6.160536,37.366188],[-6.160864,37.365993],[-6.160115,37.365371],[-6.160108,37.365237],[-6.15916,37.364752],[-6.158631,37.364647],[-6.157717,37.364199],[-6.157388,37.363854],[-6.15713,37.363727],[-6.156745,37.363297],[-6.156928,37.363051],[-6.156317,37.362797],[-6.155785,37.362334],[-6.155665,37.361959],[-6.155246,37.361343],[-6.154808,37.361004],[-6.154077,37.360776],[-6.153845,37.360839],[-6.153959,37.360729],[-6.153623,37.360379],[-6.152962,37.360109],[-6.152907,37.360049],[-6.152989,37.359926],[-6.152635,37.359912],[-6.152575,37.35978],[-6.152696,37.359663],[-6.152691,37.359529],[-6.152597,37.359341],[-6.152254,37.359072],[-6.152116,37.359208],[-6.151905,37.359233],[-6.151816,37.359743],[-6.151818,37.358946],[-6.151758,37.358864],[-6.151488,37.358873],[-6.151443,37.358987],[-6.151075,37.358888],[-6.150268,37.359056],[-6.149945,37.359056],[-6.149968,37.358957],[-6.149396,37.35895],[-6.149358,37.35889],[-6.15208,37.358755],[-6.152299,37.358655],[-6.152464,37.358726],[-6.152922,37.358632],[-6.152981,37.358685],[-6.153771,37.358663],[-6.153914,37.359015],[-6.15439,37.359238],[-6.154347,37.359429],[-6.154435,37.359698],[-6.154682,37.359732],[-6.155418,37.36029],[-6.155863,37.36109],[-6.156004,37.361135],[-6.15616,37.361637],[-6.1564,37.361965],[-6.15678,37.362024],[-6.15714,37.362541],[-6.157364,37.362513],[-6.157613,37.362673],[-6.158015,37.362531],[-6.158152,37.362609],[-6.158334,37.362941],[-6.158947,37.363505],[-6.159064,37.363842],[-6.159381,37.364171],[-6.159304,37.364365],[-6.159549,37.364381],[-6.159669,37.36454],[-6.159951,37.364624],[-6.160232,37.364894],[-6.160473,37.364946],[-6.161055,37.36549],[-6.161314,37.365949],[-6.161165,37.366097],[-6.161163,37.366199],[-6.161387,37.366421],[-6.162401,37.365662],[-6.162311,37.365908],[-6.161757,37.366347],[-6.161923,37.36638],[-6.162189,37.366164],[-6.162162,37.366342],[-6.162366,37.366377],[-6.163055,37.367092],[-6.162916,37.367355],[-6.16271,37.367483],[-6.163059,37.36774],[-6.163229,37.367737],[-6.163519,37.368091],[-6.164108,37.367971],[-6.164155,37.368211],[-6.16442,37.368409],[-6.164551,37.369112],[-6.164708,37.369414],[-6.165004,37.369571],[-6.165107,37.369715],[-6.165102,37.369871],[-6.165356,37.370156],[-6.165615,37.370318],[-6.165697,37.370503],[-6.165859,37.370508],[-6.166312,37.370881],[-6.166732,37.371073],[-6.166912,37.371482],[-6.167094,37.371502],[-6.167168,37.371704],[-6.167322,37.371826],[-6.167422,37.371798],[-6.167862,37.372341],[-6.168594,37.372692],[-6.169008,37.373367],[-6.169286,37.373408],[-6.169588,37.373759],[-6.169764,37.373831],[-6.169549,37.374008],[-6.169699,37.374044],[-6.169897,37.374235],[-6.169845,37.374532],[-6.170112,37.374578],[-6.170013,37.374738],[-6.170087,37.374878],[-6.17006,37.375247],[-6.169921,37.375657],[-6.169984,37.375782],[-6.170437,37.375869],[-6.170638,37.376108],[-6.170545,37.376295],[-6.170577,37.376413],[-6.170764,37.376492],[-6.170794,37.376667],[-6.17114,37.376872],[-6.171397,37.377177],[-6.171433,37.377452],[-6.171619,37.377488],[-6.17184,37.377672],[-6.171745,37.377807],[-6.17191,37.378036],[-6.171867,37.378205],[-6.172168,37.378405],[-6.172235,37.378547],[-6.172449,37.37855],[-6.172183,37.378777],[-6.172177,37.379228],[-6.172581,37.379387],[-6.172577,37.379509],[-6.172859,37.379722],[-6.172829,37.379982],[-6.172726,37.380067],[-6.173054,37.380495],[-6.172984,37.380545],[-6.173011,37.380729],[-6.173139,37.380843],[-6.173028,37.381234],[-6.173134,37.381303],[-6.173274,37.381674],[-6.173606,37.381733],[-6.173505,37.381793],[-6.173691,37.38224],[-6.173691,37.382523],[-6.173547,37.38263],[-6.173551,37.382865],[-6.173293,37.382941],[-6.173722,37.383201],[-6.17424,37.383039],[-6.174375,37.383319],[-6.17439,37.383701],[-6.17412,37.38387],[-6.174006,37.384183],[-6.173979,37.384434],[-6.174075,37.384644],[-6.173551,37.384841],[-6.173669,37.384983],[-6.173657,37.385117],[-6.173874,37.38512],[-6.174004,37.385209],[-6.173883,37.385347],[-6.173806,37.385706],[-6.173578,37.385828],[-6.173479,37.386226],[-6.173107,37.386232],[-6.173063,37.386722],[-6.172785,37.38679],[-6.172609,37.387285],[-6.172251,37.387427],[-6.171892,37.387854],[-6.171765,37.388332],[-6.171897,37.388411],[-6.171804,37.388616],[-6.171961,37.388703],[-6.171687,37.389119],[-6.171736,37.389294],[-6.171593,37.389484],[-6.171647,37.389856],[-6.17137,37.390002],[-6.171426,37.390143],[-6.171233,37.390436],[-6.171291,37.390626],[-6.171164,37.390977],[-6.170944,37.391219],[-6.171033,37.391483],[-6.170826,37.391601],[-6.17081,37.392492],[-6.170661,37.392972],[-6.170811,37.393361],[-6.171079,37.393446],[-6.17112,37.393686],[-6.170927,37.393869],[-6.170953,37.394142],[-6.170738,37.394607],[-6.170641,37.394694],[-6.170293,37.394714],[-6.170275,37.394605],[-6.17016,37.394692],[-6.169893,37.395699],[-6.168755,37.395653],[-6.168485,37.395517],[-6.168798,37.394726]]],[[[-6.173792,37.383752],[-6.17358,37.383796],[-6.173585,37.383682],[-6.174099,37.383554],[-6.174308,37.38336],[-6.174256,37.383239],[-6.173772,37.383281],[-6.173068,37.383174],[-6.172959,37.383991],[-6.17312,37.384184],[-6.173252,37.384177],[-6.173382,37.384316],[-6.173843,37.384267],[-6.173902,37.38397],[-6.173792,37.383752]]]]},"properties":{"OBJECTID":1707,"ID_ZONA":"ES050_APSFR_BG031-01_T500","ZONA":"Urbanización El Capricho","TIPO_ZONA":"Q Periodo de retorno T500","RIO":"Arroyo de Majalberraque; Sin nombre","LONG_KM":8.89,"HIPOTESIS":"Q500 régimen natural","HIDROLOGIA":"Método racional","PRECISION_":"MDT 2x2 procedente de LIDAR IGN PNOA","HIDRAUL":"IBER","ESTUDIO":"SNCZI. Zonas inundables del sistema bajo del Guadalquivir","TIPO_EST":"Estudio de Desarrollo del SNCZI","DOCUMENTO":"Elaboración de cartografía de dominio público hidráulico y mapas de peligrosidad y riesgo de la directiva 2007/60 en el marco del SNCZI en las demarcaciones hidrográficas del Guadalquivir, Ceuta y Melilla. Cofinanciado con fondos FEDER","FECHA_APRO":1443139200000,"FECHA_GEO":"05/2014","ORGANISMO":"Ministerio de agricultura, alimentación y medio ambiente","CLAVE_EXPE":"CU(CO)-4615","DEMARCACIO":"Guadalquivir","ID_DEMAR":51,"Q_M3_S":"42; 13","ZI_DIRECTI":"ES050_APSFR_BG031","CICLO":1,"Shape_Leng":29449.9775524,"Fecha_Lim":1745107200000,"Shape__Area":1187929.9575195313,"Shape__Length":29645.157506909811}},{"type":"Feature","id":1776,"geometry":{"type":"MultiPolygon","coordinates":[[[[-6.015687,37.369035],[-6.015524,37.368895],[-6.015209,37.368921],[-6.015038,37.368601],[-6.014783,37.368445],[-6.014684,37.368545],[-6.014199,37.368516],[-6.014057,37.368396],[-6.014503,37.368268],[-6.024586,37.367139],[-6.024552,37.367691],[-6.024842,37.367834],[-6.024129,37.368055],[-6.021128,37.368005],[-6.016656,37.368806],[-6.016191,37.368842],[-6.015722,37.368763],[-6.015687,37.369035]]],[[[-6.013176,37.370594],[-6.013355,37.370572],[-6.013391,37.370895],[-6.013291,37.371222],[-6.013098,37.371479],[-6.013028,37.371427],[-6.013042,37.37121],[-6.013108,37.371155],[-6.013176,37.370594]]],[[[-6.01527,37.371027],[-6.015073,37.3706],[-6.014669,37.370106],[-6.014601,37.370107],[-6.014429,37.369751],[-6.014237,37.370585],[-6.014021,37.370284],[-6.014023,37.370897],[-6.01389,37.370955],[-6.013817,37.37083],[-6.013746,37.370183],[-6.013795,37.369714],[-6.013918,37.369386],[-6.013885,37.369135],[-6.013982,37.368736],[-6.014149,37.368656],[-6.014556,37.36866],[-6.014803,37.368931],[-6.014808,37.369057],[-6.014632,37.369188],[-6.014697,37.369673],[-6.015292,37.37045],[-6.01537,37.370124],[-6.015552,37.370173],[-6.015602,37.370298],[-6.01574,37.370349],[-6.016163,37.370212],[-6.016263,37.369885],[-6.016354,37.369883],[-6.016372,37.369792],[-6.016017,37.369369],[-6.015983,37.369081],[-6.016047,37.368989],[-6.021099,37.368092],[-6.024278,37.36811],[-6.024944,37.367886],[-6.025666,37.36732],[-6.025728,37.367174],[-6.025932,37.367187],[-6.026118,37.367326],[-6.026211,37.366837],[-6.026162,37.366748],[-6.026343,37.366744],[-6.026326,37.366888],[-6.026602,37.367007],[-6.026702,37.367239],[-6.027096,37.367499],[-6.027129,37.367751],[-6.027433,37.368013],[-6.027721,37.368456],[-6.028304,37.36891],[-6.028077,37.368969],[-6.02832,37.369306],[-6.028481,37.369213],[-6.029126,37.370034],[-6.029347,37.370145],[-6.029581,37.370433],[-6.02964,37.370685],[-6.029525,37.370795],[-6.028553,37.371071],[-6.026685,37.371336],[-6.019557,37.371237],[-6.018325,37.371352],[-6.016465,37.371658],[-6.01649,37.371591],[-6.016282,37.371488],[-6.016206,37.371274],[-6.015956,37.371226],[-6.015631,37.371018],[-6.015779,37.371778],[-6.015312,37.371704],[-6.01527,37.371027]]],[[[-6.026761,37.371529],[-6.02681,37.371616],[-6.026755,37.371672],[-6.026435,37.371578],[-6.026761,37.371529]]],[[[-6.026238,37.372405],[-6.026165,37.37234],[-6.026162,37.372077],[-6.026414,37.371878],[-6.027276,37.371982],[-6.026926,37.371703],[-6.026942,37.371522],[-6.028302,37.371342],[-6.027496,37.372264],[-6.027264,37.372406],[-6.026497,37.372522],[-6.026238,37.372405]]],[[[-6.021465,37.372204],[-6.019275,37.372309],[-6.016762,37.372612],[-6.016572,37.372089],[-6.016707,37.371925],[-6.016663,37.371856],[-6.0191,37.371458],[-6.020496,37.371418],[-6.025493,37.371545],[-6.026179,37.371596],[-6.02655,37.37173],[-6.026244,37.371796],[-6.025995,37.371984],[-6.025959,37.372362],[-6.026016,37.372489],[-6.026168,37.372554],[-6.026116,37.372592],[-6.023335,37.372249],[-6.021465,37.372204]]],[[[-6.027406,37.37254],[-6.027708,37.372334],[-6.027798,37.372689],[-6.027701,37.373251],[-6.027435,37.37369],[-6.027251,37.37331],[-6.026836,37.372826],[-6.027359,37.372646],[-6.027406,37.37254]]],[[[-6.027151,37.374477],[-6.027132,37.374465],[-6.027291,37.374542],[-6.027151,37.374477]]],[[[-6.014777,37.374482],[-6.014855,37.374192],[-6.014791,37.373725],[-6.015127,37.373644],[-6.015138,37.373356],[-6.015324,37.372936],[-6.015252,37.372812],[-6.015882,37.372841],[-6.015724,37.373323],[-6.015714,37.373647],[-6.015626,37.373704],[-6.015634,37.37446],[-6.015546,37.374517],[-6.015552,37.374679],[-6.015247,37.374947],[-6.014987,37.374959],[-6.014767,37.374862],[-6.014777,37.374482]]],[[[-6.014692,37.375187],[-6.014757,37.375025],[-6.015299,37.375136],[-6.014884,37.376047],[-6.014698,37.375908],[-6.014599,37.375694],[-6.014692,37.375187]]],[[[-6.026498,37.37566],[-6.02636,37.375592],[-6.0263,37.375406],[-6.0268,37.37531],[-6.026619,37.376055],[-6.026488,37.375967],[-6.026498,37.37566]]],[[[-6.014354,37.389306],[-6.014421,37.389287],[-6.014306,37.389217],[-6.0143,37.389091],[-6.014364,37.388982],[-6.01452,37.388942],[-6.014668,37.388686],[-6.014838,37.388792],[-6.015141,37.388637],[-6.014301,37.388533],[-6.014097,37.387961],[-6.014008,37.388],[-6.014104,37.388123],[-6.014013,37.388108],[-6.013973,37.388235],[-6.01391,37.388933],[-6.013591,37.388905],[-6.013681,37.388126],[-6.013636,37.387739],[-6.014015,37.387603],[-6.014086,37.387115],[-6.014155,37.387149],[-6.014177,37.387707],[-6.014239,37.385867],[-6.014192,37.385832],[-6.014173,37.385905],[-6.013852,37.385787],[-6.014167,37.385761],[-6.01414,37.385653],[-6.014302,37.385757],[-6.014316,37.385541],[-6.014246,37.385489],[-6.014355,37.385378],[-6.014298,37.383833],[-6.014443,37.381818],[-6.014544,37.381642],[-6.014529,37.381264],[-6.014654,37.381009],[-6.014547,37.380579],[-6.014613,37.380541],[-6.014574,37.380146],[-6.014798,37.37841],[-6.014815,37.377689],[-6.01488,37.377633],[-6.01482,37.377256],[-6.014884,37.377165],[-6.014814,37.377112],[-6.015029,37.376836],[-6.014937,37.376244],[-6.015124,37.375825],[-6.015817,37.375086],[-6.015964,37.374812],[-6.0159,37.373787],[-6.016012,37.373766],[-6.015935,37.373533],[-6.016292,37.373416],[-6.016424,37.373323],[-6.016395,37.373179],[-6.01662,37.373156],[-6.016751,37.373044],[-6.016677,37.372884],[-6.016767,37.372882],[-6.016788,37.372736],[-6.019849,37.372384],[-6.021698,37.372319],[-6.023638,37.372383],[-6.026088,37.372746],[-6.026268,37.372877],[-6.026308,37.373131],[-6.026527,37.373569],[-6.027092,37.373591],[-6.027192,37.373822],[-6.027177,37.374197],[-6.026837,37.375111],[-6.026706,37.375222],[-6.02629,37.375196],[-6.026156,37.37502],[-6.026143,37.374678],[-6.025989,37.374714],[-6.025997,37.375078],[-6.026414,37.375807],[-6.026447,37.376595],[-6.026009,37.379782],[-6.026064,37.380014],[-6.025976,37.380071],[-6.026013,37.380448],[-6.025905,37.380559],[-6.025683,37.382331],[-6.025401,37.383744],[-6.025349,37.385277],[-6.025512,37.385399],[-6.025564,37.38556],[-6.025625,37.384819],[-6.025681,37.384803],[-6.025675,37.384962],[-6.026077,37.385961],[-6.026945,37.387326],[-6.027219,37.387968],[-6.027373,37.38806],[-6.027448,37.388431],[-6.027119,37.388277],[-6.02707,37.388188],[-6.027177,37.388041],[-6.02678,37.387709],[-6.02646,37.387068],[-6.026136,37.386879],[-6.026116,37.386933],[-6.026349,37.387107],[-6.02657,37.387665],[-6.026766,37.387926],[-6.026677,37.387964],[-6.026041,37.38782],[-6.025107,37.387837],[-6.024977,37.387964],[-6.024579,37.38803],[-6.024495,37.387838],[-6.024976,37.387233],[-6.025101,37.386959],[-6.02505,37.386816],[-6.02446,37.387484],[-6.023212,37.38843],[-6.022071,37.38881],[-6.020658,37.389007],[-6.015967,37.389137],[-6.014354,37.389306]]],[[[-6.013564,37.389247],[-6.013911,37.389256],[-6.013872,37.389383],[-6.013557,37.38936],[-6.013564,37.389247]]],[[[-6.013445,37.389726],[-6.013832,37.38974],[-6.013856,37.389842],[-6.013481,37.389854],[-6.013445,37.389726]]],[[[-5.972102,37.393963],[-5.971754,37.393711],[-5.971882,37.39359],[-5.971955,37.393714],[-5.972297,37.393814],[-5.972102,37.393963]]],[[[-6.033267,37.40972],[-6.03366,37.409694],[-6.033292,37.409764],[-6.033267,37.40972]]],[[[-6.034198,37.409748],[-6.033967,37.409704],[-6.034417,37.409719],[-6.034447,37.409812],[-6.034198,37.409748]]],[[[-6.033689,37.412976],[-6.033809,37.412989],[-6.033637,37.413185],[-6.033528,37.413193],[-6.033689,37.412976]]],[[[-6.033848,37.413284],[-6.03382,37.413224],[-6.033973,37.413038],[-6.034085,37.413074],[-6.034062,37.41329],[-6.033846,37.413388],[-6.03385,37.413496],[-6.033515,37.413595],[-6.033848,37.413284]]],[[[-6.034204,37.413202],[-6.034215,37.413116],[-6.034537,37.413154],[-6.034511,37.413082],[-6.034624,37.41308],[-6.034619,37.412954],[-6.034482,37.412921],[-6.034546,37.412811],[-6.034496,37.412704],[-6.034742,37.412644],[-6.034471,37.412633],[-6.034534,37.412523],[-6.034497,37.411979],[-6.034348,37.41119],[-6.034659,37.410678],[-6.034776,37.410697],[-6.034689,37.410771],[-6.034715,37.410843],[-6.034827,37.41084],[-6.034728,37.411167],[-6.034875,37.412587],[-6.034725,37.412789],[-6.034758,37.41304],[-6.034606,37.413188],[-6.034747,37.413329],[-6.034787,37.41376],[-6.034583,37.413729],[-6.034187,37.413338],[-6.034204,37.413202]]],[[[-6.032293,37.412558],[-6.032256,37.41199],[-6.032407,37.411334],[-6.032393,37.410974],[-6.032481,37.410918],[-6.032408,37.410751],[-6.032508,37.410364],[-6.032728,37.410317],[-6.033341,37.409889],[-6.033676,37.409824],[-6.03432,37.409935],[-6.034712,37.410212],[-6.03474,37.410355],[-6.034606,37.410395],[-6.034573,37.41063],[-6.034286,37.411112],[-6.034157,37.41068],[-6.033996,37.410698],[-6.033978,37.411078],[-6.033738,37.411282],[-6.033466,37.411253],[-6.033075,37.411083],[-6.033087,37.411371],[-6.033251,37.411529],[-6.033195,37.411819],[-6.03325,37.412052],[-6.033028,37.412165],[-6.033039,37.412417],[-6.032974,37.412491],[-6.033298,37.412681],[-6.033502,37.412712],[-6.033489,37.412947],[-6.033581,37.412959],[-6.033399,37.413202],[-6.03328,37.41321],[-6.033104,37.413479],[-6.033202,37.413675],[-6.033293,37.41369],[-6.033128,37.414073],[-6.032949,37.414126],[-6.032487,37.413607],[-6.032221,37.413004],[-6.032293,37.412558]]],[[[-6.034002,37.415006],[-6.033663,37.415014],[-6.033465,37.415146],[-6.03324,37.41517],[-6.033418,37.415111],[-6.03337,37.41504],[-6.033482,37.415019],[-6.033476,37.414857],[-6.033312,37.414717],[-6.033084,37.414669],[-6.032501,37.415333],[-6.032247,37.415769],[-6.032084,37.416296],[-6.03155,37.416311],[-6.031982,37.414358],[-6.031857,37.414338],[-6.032052,37.413136],[-6.032148,37.413171],[-6.032489,37.41383],[-6.032877,37.414208],[-6.032758,37.414425],[-6.033586,37.414782],[-6.033789,37.414777],[-6.034089,37.414931],[-6.034268,37.414891],[-6.034317,37.41498],[-6.034475,37.414994],[-6.034596,37.415189],[-6.034824,37.415237],[-6.034764,37.415437],[-6.03489,37.415758],[-6.034758,37.415833],[-6.035062,37.416096],[-6.034996,37.416134],[-6.035008,37.416433],[-6.032354,37.416296],[-6.03261,37.415888],[-6.03292,37.415646],[-6.034148,37.415272],[-6.034002,37.415006]]],[[[-6.031293,37.41731],[-6.031286,37.41713],[-6.031374,37.417092],[-6.031367,37.416912],[-6.031433,37.416874],[-6.031362,37.416786],[-6.031453,37.416801],[-6.031536,37.416375],[-6.03206,37.416361],[-6.031961,37.4165],[-6.031848,37.417061],[-6.031739,37.417172],[-6.031875,37.417187],[-6.031813,37.417333],[-6.031723,37.417335],[-6.031697,37.417245],[-6.03138,37.417776],[-6.031267,37.417797],[-6.030682,37.418407],[-6.030678,37.418299],[-6.031293,37.41731]]],[[[-5.950206,37.424593],[-5.950442,37.424547],[-5.950506,37.424456],[-5.950924,37.424409],[-5.950984,37.424564],[-5.950252,37.424711],[-5.950206,37.424593]]],[[[-5.959696,37.424838],[-5.958466,37.424599],[-5.957756,37.424648],[-5.957891,37.424426],[-5.959437,37.424575],[-5.960514,37.424902],[-5.960539,37.425173],[-5.959696,37.424838]]],[[[-5.949843,37.424833],[-5.949948,37.424614],[-5.950124,37.42475],[-5.9499,37.42512],[-5.949631,37.42518],[-5.948662,37.425835],[-5.948571,37.425801],[-5.948565,37.425657],[-5.949447,37.425095],[-5.949574,37.424875],[-5.949843,37.424833]]],[[[-5.960596,37.425139],[-5.960575,37.424927],[-5.96143,37.425282],[-5.962193,37.425713],[-5.963101,37.426393],[-5.964071,37.427486],[-5.964532,37.428303],[-5.964769,37.429144],[-5.964862,37.429214],[-5.965026,37.430881],[-5.964735,37.4309],[-5.964495,37.429079],[-5.964144,37.428205],[-5.963668,37.427586],[-5.963098,37.42688],[-5.962446,37.426256],[-5.960616,37.425213],[-5.960596,37.425139]]],[[[-5.965551,37.434431],[-5.96554,37.434369],[-5.965336,37.434356],[-5.965398,37.434193],[-5.965165,37.434036],[-5.965156,37.433802],[-5.965022,37.433842],[-5.964974,37.433771],[-5.965077,37.433516],[-5.964736,37.430922],[-5.96503,37.430902],[-5.965073,37.431119],[-5.965141,37.431135],[-5.965075,37.431173],[-5.965186,37.431693],[-5.965151,37.431946],[-5.965271,37.432141],[-5.965306,37.433023],[-5.965416,37.433525],[-5.965923,37.434342],[-5.966164,37.434588],[-5.966052,37.434861],[-5.965551,37.434431]]],[[[-5.973409,37.435977],[-5.973954,37.435888],[-5.973742,37.436255],[-5.973213,37.436274],[-5.973409,37.435977]]],[[[-5.972545,37.436277],[-5.972575,37.435982],[-5.973039,37.435964],[-5.972825,37.436288],[-5.972545,37.436277]]],[[[-5.967557,37.435652],[-5.966731,37.435348],[-5.966568,37.435208],[-5.966458,37.435283],[-5.966317,37.435161],[-5.966358,37.435065],[-5.96617,37.434936],[-5.966277,37.434711],[-5.966643,37.434828],[-5.967083,37.435105],[-5.967701,37.435288],[-5.971681,37.435927],[-5.972376,37.435946],[-5.972375,37.436304],[-5.971199,37.436299],[-5.967557,37.435652]]],[[[-6.044876,37.456723],[-6.044725,37.456771],[-6.044676,37.456554],[-6.044785,37.45641],[-6.04475,37.456105],[-6.044654,37.455981],[-6.044544,37.455498],[-6.044692,37.455242],[-6.044937,37.455145],[-6.045278,37.45519],[-6.045293,37.45501],[-6.045041,37.454926],[-6.044702,37.454935],[-6.04463,37.454811],[-6.044829,37.454717],[-6.043987,37.454097],[-6.042818,37.451959],[-6.04249,37.451846],[-6.040142,37.449308],[-6.040005,37.449264],[-6.037581,37.446974],[-6.035988,37.44528],[-6.03493,37.443815],[-6.034498,37.443039],[-6.034035,37.442043],[-6.033693,37.441053],[-6.033271,37.439278],[-6.032779,37.436182],[-6.032492,37.43401],[-6.032494,37.432606],[-6.032454,37.432406],[-6.032342,37.432373],[-6.032153,37.432076],[-6.031782,37.429689],[-6.032165,37.429631],[-6.032096,37.429368],[-6.031352,37.427814],[-6.031168,37.427699],[-6.02955,37.424849],[-6.029144,37.423973],[-6.028969,37.423238],[-6.029008,37.42173],[-6.029142,37.421113],[-6.029387,37.420476],[-6.030325,37.419083],[-6.03154,37.417826],[-6.032114,37.416928],[-6.032323,37.416358],[-6.035011,37.416505],[-6.034976,37.416765],[-6.035166,37.416976],[-6.034971,37.417197],[-6.034499,37.417264],[-6.034734,37.417474],[-6.034692,37.417565],[-6.034819,37.417904],[-6.034822,37.417976],[-6.034619,37.417981],[-6.034602,37.418126],[-6.034444,37.41813],[-6.034607,37.418252],[-6.034523,37.418398],[-6.034654,37.418305],[-6.034601,37.418667],[-6.034708,37.420196],[-6.034934,37.42019],[-6.034938,37.420298],[-6.035096,37.420294],[-6.035037,37.420494],[-6.035275,37.420812],[-6.035503,37.42086],[-6.035625,37.421196],[-6.035543,37.421223],[-6.035686,37.421468],[-6.036109,37.421313],[-6.036201,37.421365],[-6.03601,37.421658],[-6.035607,37.421758],[-6.035673,37.423379],[-6.035586,37.423471],[-6.035793,37.423556],[-6.035802,37.424348],[-6.036479,37.424313],[-6.036391,37.424369],[-6.036755,37.424432],[-6.036852,37.424592],[-6.036875,37.425168],[-6.036812,37.425296],[-6.036953,37.425418],[-6.036485,37.426133],[-6.036583,37.426329],[-6.036769,37.42645],[-6.036476,37.426476],[-6.036322,37.426588],[-6.036439,37.426675],[-6.036551,37.426654],[-6.036448,37.426909],[-6.036639,37.427156],[-6.036455,37.427071],[-6.036419,37.427306],[-6.036629,37.427463],[-6.036452,37.427575],[-6.035797,37.427574],[-6.035889,37.428167],[-6.036452,37.428134],[-6.036479,37.428242],[-6.036187,37.428267],[-6.036192,37.428393],[-6.036589,37.428707],[-6.036546,37.42878],[-6.036616,37.428833],[-6.036774,37.428811],[-6.036663,37.428868],[-6.037278,37.429392],[-6.037362,37.42939],[-6.037366,37.429462],[-6.037548,37.42953],[-6.037551,37.429602],[-6.038364,37.429581],[-6.038322,37.429672],[-6.03742,37.429713],[-6.037312,37.429824],[-6.03661,37.429788],[-6.036366,37.429902],[-6.036438,37.430009],[-6.036618,37.429986],[-6.036734,37.430055],[-6.036933,37.42996],[-6.037094,37.430028],[-6.037318,37.429986],[-6.037435,37.430073],[-6.037513,37.430323],[-6.037023,37.430516],[-6.036674,37.430814],[-6.03642,37.431253],[-6.036457,37.431594],[-6.036627,37.431896],[-6.036685,37.432219],[-6.037013,37.432499],[-6.036769,37.432613],[-6.035902,37.432401],[-6.03573,37.432622],[-6.035881,37.433555],[-6.036148,37.434017],[-6.036041,37.434483],[-6.03613,37.435092],[-6.036241,37.435204],[-6.036399,37.4352],[-6.036426,37.435307],[-6.036292,37.435347],[-6.036393,37.435596],[-6.036554,37.435581],[-6.0366,37.435699],[-6.036466,37.435739],[-6.036543,37.435971],[-6.036697,37.435936],[-6.036726,37.43602],[-6.03657,37.43606],[-6.036745,37.436488],[-6.037394,37.436327],[-6.037409,37.436129],[-6.037265,37.435934],[-6.037468,37.435929],[-6.037541,37.436053],[-6.03784,37.435939],[-6.038257,37.435923],[-6.038281,37.436209],[-6.038494,37.436137],[-6.038588,37.436225],[-6.038789,37.436183],[-6.038818,37.436327],[-6.038683,37.436348],[-6.038687,37.436438],[-6.038978,37.436377],[-6.038875,37.436073],[-6.038693,37.436042],[-6.038791,37.435943],[-6.039205,37.435848],[-6.039078,37.435509],[-6.039122,37.435472],[-6.039303,37.435843],[-6.039462,37.435803],[-6.039376,37.43561],[-6.039521,37.43579],[-6.039625,37.435767],[-6.039601,37.435586],[-6.039714,37.435746],[-6.040035,37.435683],[-6.040062,37.435808],[-6.039816,37.435869],[-6.039956,37.436099],[-6.040207,37.436039],[-6.040149,37.435716],[-6.040246,37.435767],[-6.040342,37.436017],[-6.041148,37.435834],[-6.041176,37.435978],[-6.042307,37.436003],[-6.042824,37.435917],[-6.042917,37.435987],[-6.042477,37.436287],[-6.042031,37.436442],[-6.041328,37.43637],[-6.041218,37.436445],[-6.041223,37.436571],[-6.041088,37.436593],[-6.041062,37.436503],[-6.040538,37.436428],[-6.039971,37.436436],[-6.039888,37.436534],[-6.039772,37.436464],[-6.038501,37.436876],[-6.038217,37.437117],[-6.037583,37.437079],[-6.037157,37.437162],[-6.037069,37.437237],[-6.03717,37.437505],[-6.037013,37.437342],[-6.036434,37.437541],[-6.036553,37.437973],[-6.036499,37.437992],[-6.036718,37.438615],[-6.037345,37.438473],[-6.037392,37.438508],[-6.037124,37.438605],[-6.037367,37.439013],[-6.03855,37.43864],[-6.038571,37.438712],[-6.037451,37.439115],[-6.038059,37.439914],[-6.038459,37.439742],[-6.038386,37.439618],[-6.038526,37.439722],[-6.038684,37.439718],[-6.038688,37.439826],[-6.038897,37.439965],[-6.038905,37.440163],[-6.038773,37.440257],[-6.038802,37.440418],[-6.039046,37.440286],[-6.039104,37.44005],[-6.039172,37.440048],[-6.039246,37.440208],[-6.039742,37.440178],[-6.039772,37.440357],[-6.03959,37.440344],[-6.039593,37.440398],[-6.039435,37.440402],[-6.039386,37.440273],[-6.039301,37.440264],[-6.039422,37.440476],[-6.04025,37.440445],[-6.040232,37.440324],[-6.040446,37.44025],[-6.040614,37.440515],[-6.040904,37.440418],[-6.040944,37.440291],[-6.041196,37.440374],[-6.041489,37.440349],[-6.041823,37.440232],[-6.041952,37.440067],[-6.042068,37.440136],[-6.042075,37.440298],[-6.041869,37.440249],[-6.041693,37.440362],[-6.041282,37.440823],[-6.041222,37.441004],[-6.041282,37.441381],[-6.041901,37.44214],[-6.04244,37.442613],[-6.043164,37.443189],[-6.043277,37.443186],[-6.043281,37.443294],[-6.04407,37.443796],[-6.044572,37.44391],[-6.0452,37.443803],[-6.04522,37.443731],[-6.045451,37.443851],[-6.045897,37.443713],[-6.045971,37.443873],[-6.046333,37.443864],[-6.046529,37.443697],[-6.046709,37.443656],[-6.046981,37.443685],[-6.047143,37.443789],[-6.047572,37.44376],[-6.047521,37.443635],[-6.0477,37.443577],[-6.047708,37.443775],[-6.047776,37.443773],[-6.047783,37.443953],[-6.047714,37.443919],[-6.047717,37.443991],[-6.047604,37.443994],[-6.047575,37.443832],[-6.047192,37.443878],[-6.047037,37.443954],[-6.047018,37.444045],[-6.046816,37.444086],[-6.046521,37.444057],[-6.046358,37.443936],[-6.04602,37.443944],[-6.046047,37.44407],[-6.045982,37.444125],[-6.045682,37.443989],[-6.045367,37.444015],[-6.045212,37.444091],[-6.045154,37.444327],[-6.045256,37.444631],[-6.045324,37.444629],[-6.045217,37.444776],[-6.045363,37.445042],[-6.045903,37.445789],[-6.0466,37.44656],[-6.04654,37.446705],[-6.047195,37.447886],[-6.047577,37.448337],[-6.047563,37.448419],[-6.048298,37.448301],[-6.048082,37.447982],[-6.048762,37.448018],[-6.04888,37.448141],[-6.049014,37.44812],[-6.049056,37.448029],[-6.049128,37.448135],[-6.049219,37.448151],[-6.049261,37.448059],[-6.049353,37.448111],[-6.049288,37.448185],[-6.048793,37.448232],[-6.047596,37.448547],[-6.047725,37.44864],[-6.047622,37.448895],[-6.047117,37.449231],[-6.046622,37.452651],[-6.047072,37.452603],[-6.04714,37.452619],[-6.047076,37.452711],[-6.047278,37.45267],[-6.047333,37.452921],[-6.047221,37.452942],[-6.047225,37.453032],[-6.047362,37.453064],[-6.047832,37.452962],[-6.047861,37.453123],[-6.048352,37.452967],[-6.048428,37.453163],[-6.048634,37.45323],[-6.048526,37.453341],[-6.0486,37.453501],[-6.048856,37.453674],[-6.048977,37.453888],[-6.048788,37.453118],[-6.048692,37.452994],[-6.048443,37.452964],[-6.048363,37.452678],[-6.048835,37.452612],[-6.049412,37.452345],[-6.049771,37.452281],[-6.050448,37.451687],[-6.050922,37.451675],[-6.050999,37.451907],[-6.051578,37.452235],[-6.051899,37.452352],[-6.052511,37.452409],[-6.052766,37.452564],[-6.052747,37.452655],[-6.052952,37.452686],[-6.053062,37.452611],[-6.053156,37.452698],[-6.053088,37.4527],[-6.052984,37.452919],[-6.052763,37.453033],[-6.052552,37.453399],[-6.051918,37.453379],[-6.051792,37.453617],[-6.052013,37.453485],[-6.052329,37.453477],[-6.052244,37.453623],[-6.051061,37.454537],[-6.05118,37.454678],[-6.05107,37.454771],[-6.050663,37.454763],[-6.050271,37.454557],[-6.049935,37.454638],[-6.04996,37.454709],[-6.049686,37.454644],[-6.049567,37.454485],[-6.049273,37.454493],[-6.04927,37.454421],[-6.049018,37.454337],[-6.049013,37.454211],[-6.048901,37.454232],[-6.048837,37.454324],[-6.047465,37.454857],[-6.046617,37.455318],[-6.046231,37.455274],[-6.04604,37.455585],[-6.046138,37.455781],[-6.046237,37.456535],[-6.04582,37.456294],[-6.045803,37.456438],[-6.045973,37.456722],[-6.045982,37.456938],[-6.045787,37.45716],[-6.045201,37.457193],[-6.045021,37.457091],[-6.044876,37.456723]]],[[[-5.96685,37.406313],[-5.966831,37.406386],[-5.966048,37.406586],[-5.966147,37.4068],[-5.9663,37.406688],[-5.966265,37.406941],[-5.966396,37.406829],[-5.966367,37.406668],[-5.966457,37.406648],[-5.96641,37.406595],[-5.966903,37.406492],[-5.966928,37.406564],[-5.967062,37.406524],[-5.967087,37.406596],[-5.967,37.40667],[-5.967115,37.406721],[-5.967145,37.406919],[-5.967213,37.406917],[-5.967199,37.406575],[-5.96685,37.406313],[-5.966936,37.406185],[-5.967253,37.406213],[-5.96799,37.405996],[-5.968328,37.405988],[-5.968369,37.405861],[-5.968754,37.405905],[-5.968842,37.405831],[-5.968792,37.405724],[-5.969041,37.405718],[-5.969118,37.405968],[-5.969467,37.406212],[-5.969298,37.406522],[-5.969327,37.406666],[-5.96949,37.406806],[-5.969851,37.406797],[-5.969583,37.406299],[-5.969739,37.406241],[-5.969838,37.405878],[-5.969462,37.406086],[-5.969205,37.405876],[-5.969241,37.405641],[-5.968995,37.405142],[-5.968881,37.405109],[-5.968941,37.404909],[-5.968755,37.40477],[-5.968745,37.404536],[-5.968853,37.404389],[-5.968599,37.404251],[-5.968568,37.404036],[-5.968655,37.403961],[-5.968747,37.404013],[-5.968786,37.40385],[-5.968558,37.403802],[-5.968599,37.403692],[-5.968756,37.403652],[-5.96885,37.403181],[-5.967814,37.403262],[-5.967845,37.403459],[-5.967757,37.403533],[-5.967572,37.403412],[-5.967592,37.403357],[-5.967433,37.403325],[-5.967323,37.4034],[-5.967486,37.40354],[-5.967402,37.403686],[-5.967263,37.4036],[-5.967244,37.40369],[-5.967041,37.403695],[-5.967015,37.403624],[-5.967123,37.403495],[-5.967032,37.403479],[-5.967029,37.403389],[-5.966713,37.403415],[-5.96653,37.403348],[-5.966373,37.40337],[-5.966309,37.403462],[-5.966304,37.403354],[-5.965921,37.403363],[-5.96585,37.403293],[-5.965784,37.403349],[-5.965236,37.4032],[-5.965264,37.403326],[-5.965488,37.403284],[-5.965436,37.403682],[-5.965574,37.403732],[-5.965656,37.404091],[-5.965845,37.404302],[-5.965805,37.404447],[-5.965966,37.404515],[-5.966009,37.40446],[-5.966103,37.404548],[-5.965884,37.404716],[-5.966094,37.404891],[-5.965784,37.405043],[-5.965942,37.405039],[-5.965902,37.405184],[-5.966179,37.405321],[-5.966254,37.404941],[-5.966369,37.404992],[-5.966427,37.405315],[-5.966663,37.405579],[-5.966671,37.405777],[-5.966807,37.405792],[-5.966816,37.406026],[-5.966706,37.406101],[-5.966713,37.406263],[-5.966486,37.40625],[-5.966471,37.405872],[-5.966334,37.405822],[-5.966486,37.405674],[-5.966478,37.405476],[-5.966184,37.405465],[-5.966009,37.405596],[-5.966093,37.405431],[-5.965698,37.405171],[-5.965089,37.405186],[-5.964759,37.405411],[-5.964594,37.405235],[-5.9647,37.40507],[-5.964599,37.404802],[-5.964751,37.404636],[-5.964911,37.404686],[-5.964668,37.404836],[-5.964719,37.404961],[-5.965592,37.404759],[-5.965611,37.404668],[-5.96577,37.404701],[-5.965696,37.40454],[-5.96576,37.404448],[-5.965621,37.404362],[-5.96564,37.404271],[-5.965479,37.404203],[-5.965302,37.404298],[-5.965276,37.404208],[-5.96559,37.404146],[-5.965391,37.403683],[-5.965078,37.403763],[-5.965252,37.404173],[-5.965185,37.404193],[-5.96501,37.403746],[-5.965278,37.403686],[-5.965273,37.403542],[-5.965122,37.403167],[-5.965029,37.403097],[-5.964758,37.403104],[-5.964742,37.40269],[-5.965054,37.402574],[-5.965023,37.402359],[-5.965383,37.402331],[-5.965558,37.402183],[-5.965413,37.401952],[-5.965568,37.401876],[-5.965421,37.401574],[-5.965745,37.401205],[-5.966141,37.400925],[-5.965885,37.400733],[-5.965512,37.401013],[-5.965615,37.400776],[-5.965812,37.400609],[-5.966016,37.40064],[-5.966212,37.400436],[-5.966346,37.400415],[-5.96647,37.400124],[-5.966645,37.399975],[-5.966461,37.399872],[-5.96634,37.399676],[-5.966329,37.399406],[-5.966439,37.399313],[-5.966321,37.399208],[-5.96619,37.399302],[-5.965671,37.399315],[-5.9656,37.399244],[-5.967153,37.397962],[-5.968139,37.398698],[-5.96815,37.398834],[-5.968475,37.399112],[-5.968796,37.398906],[-5.968654,37.398635],[-5.968755,37.398475],[-5.968437,37.398452],[-5.968314,37.398596],[-5.967324,37.397819],[-5.968688,37.396788],[-5.968813,37.396515],[-5.968414,37.396146],[-5.970317,37.394566],[-5.970241,37.39437],[-5.970469,37.394418],[-5.970646,37.394324],[-5.970643,37.394252],[-5.971233,37.39375],[-5.970953,37.393523],[-5.97104,37.393431],[-5.973484,37.39533],[-5.973644,37.395224],[-5.972928,37.394645],[-5.973095,37.394569],[-5.973324,37.394635],[-5.973697,37.394932],[-5.973943,37.394872],[-5.974421,37.394391],[-5.974798,37.394219],[-5.974857,37.394002],[-5.975141,37.39376],[-5.975364,37.393683],[-5.976585,37.392571],[-5.976902,37.392581],[-5.977027,37.392325],[-5.97731,37.392048],[-5.977643,37.391913],[-5.977854,37.391547],[-5.977845,37.391313],[-5.977542,37.391069],[-5.977081,37.390846],[-5.977052,37.390667],[-5.976531,37.390626],[-5.976228,37.390399],[-5.976797,37.389375],[-5.976686,37.389414],[-5.976478,37.389293],[-5.976284,37.389533],[-5.976216,37.389516],[-5.97591,37.389776],[-5.975894,37.389939],[-5.975784,37.390032],[-5.975399,37.390005],[-5.975002,37.39025],[-5.975307,37.389954],[-5.975189,37.38983],[-5.975278,37.389774],[-5.975108,37.389635],[-5.975026,37.389708],[-5.974678,37.389694],[-5.975506,37.389065],[-5.975297,37.388908],[-5.975122,37.389027],[-5.974783,37.388764],[-5.974178,37.389259],[-5.9738,37.388982],[-5.973796,37.388874],[-5.973659,37.388842],[-5.973652,37.388662],[-5.973292,37.38813],[-5.973474,37.388144],[-5.973569,37.388267],[-5.973682,37.388283],[-5.97372,37.388101],[-5.973581,37.387997],[-5.973491,37.387999],[-5.97345,37.388108],[-5.973423,37.388001],[-5.973285,37.38795],[-5.973711,37.387867],[-5.97493,37.387837],[-5.974981,37.387421],[-5.975069,37.387365],[-5.974954,37.387313],[-5.97502,37.387276],[-5.974885,37.387279],[-5.974876,37.387045],[-5.974733,37.38685],[-5.974601,37.386962],[-5.974106,37.386992],[-5.974358,37.385959],[-5.974063,37.385912],[-5.973948,37.38642],[-5.973912,37.386096],[-5.973278,37.38604],[-5.973008,37.386065],[-5.97301,37.386137],[-5.972671,37.386127],[-5.972676,37.386253],[-5.972524,37.386401],[-5.972616,37.386453],[-5.972621,37.386561],[-5.972531,37.386581],[-5.972521,37.386888],[-5.972426,37.386782],[-5.972203,37.38686],[-5.97222,37.386697],[-5.972287,37.386678],[-5.972272,37.3863],[-5.971949,37.386128],[-5.972263,37.386084],[-5.972355,37.385541],[-5.97224,37.385507],[-5.972352,37.385469],[-5.97228,37.385362],[-5.971895,37.385354],[-5.971824,37.385266],[-5.972161,37.385203],[-5.972113,37.385132],[-5.972407,37.385161],[-5.972626,37.383263],[-5.972809,37.383331],[-5.972895,37.38322],[-5.973101,37.383287],[-5.973188,37.383213],[-5.97328,37.383247],[-5.973246,37.383536],[-5.974494,37.383685],[-5.974551,37.383413],[-5.974664,37.383392],[-5.974765,37.383678],[-5.974834,37.383694],[-5.974767,37.383915],[-5.97484,37.383988],[-5.975303,37.384133],[-5.975298,37.384025],[-5.975475,37.38393],[-5.975485,37.384182],[-5.975733,37.384176],[-5.975714,37.384249],[-5.975829,37.3843],[-5.976253,37.384181],[-5.976664,37.384297],[-5.976684,37.384224],[-5.977129,37.384069],[-5.97697,37.384595],[-5.977309,37.384605],[-5.977607,37.384724],[-5.977625,37.384597],[-5.977556,37.384581],[-5.977922,37.384121],[-5.978084,37.384225],[-5.977972,37.384246],[-5.977677,37.385194],[-5.977958,37.385333],[-5.978298,37.384357],[-5.978495,37.384341],[-5.978329,37.384705],[-5.978367,37.384774],[-5.978849,37.384883],[-5.979002,37.384598],[-5.979119,37.384685],[-5.979044,37.384507],[-5.979247,37.384502],[-5.979333,37.384392],[-5.979218,37.384917],[-5.979427,37.385117],[-5.979416,37.385345],[-5.979349,37.385364],[-5.9794,37.385507],[-5.979133,37.385992],[-5.979548,37.38619],[-5.979699,37.38585],[-5.979934,37.385847],[-5.979987,37.385511],[-5.980122,37.385489],[-5.980141,37.385399],[-5.980102,37.38603],[-5.981265,37.386153],[-5.981376,37.385289],[-5.980767,37.385239],[-5.980672,37.385133],[-5.981485,37.38513],[-5.981491,37.385274],[-5.981604,37.38529],[-5.981737,37.385214],[-5.981715,37.38514],[-5.982064,37.385096],[-5.982133,37.384849],[-5.983046,37.384929],[-5.983089,37.384585],[-5.982946,37.384391],[-5.982764,37.384359],[-5.982716,37.384288],[-5.98278,37.384197],[-5.982713,37.384198],[-5.98273,37.384072],[-5.983137,37.384079],[-5.983244,37.383356],[-5.981886,37.383282],[-5.981915,37.382867],[-5.981215,37.382867],[-5.98133,37.381782],[-5.98099,37.381755],[-5.980854,37.382919],[-5.980696,37.382898],[-5.98068,37.383042],[-5.980538,37.382902],[-5.980481,37.382579],[-5.97972,37.382183],[-5.979703,37.382328],[-5.97955,37.382458],[-5.979493,37.38273],[-5.979394,37.382516],[-5.979007,37.382436],[-5.978761,37.382496],[-5.97881,37.382585],[-5.978745,37.382659],[-5.97827,37.382634],[-5.978273,37.382724],[-5.977983,37.382822],[-5.977998,37.3832],[-5.977896,37.383473],[-5.977693,37.383478],[-5.977622,37.38339],[-5.977535,37.383482],[-5.977331,37.383469],[-5.977188,37.383274],[-5.977227,37.383111],[-5.977068,37.383097],[-5.977225,37.383057],[-5.977244,37.382967],[-5.977175,37.382932],[-5.977255,37.382678],[-5.976663,37.382567],[-5.976861,37.381928],[-5.976796,37.381915],[-5.976684,37.381954],[-5.976428,37.382897],[-5.976475,37.38295],[-5.976225,37.382902],[-5.976138,37.382995],[-5.975975,37.382872],[-5.975996,37.382818],[-5.975766,37.382716],[-5.975371,37.382996],[-5.975097,37.382931],[-5.975116,37.38284],[-5.974976,37.382735],[-5.974385,37.382642],[-5.974295,37.382644],[-5.974254,37.382754],[-5.973732,37.382677],[-5.973652,37.382372],[-5.973715,37.382245],[-5.973645,37.382192],[-5.973754,37.382081],[-5.973749,37.381973],[-5.973654,37.38185],[-5.97245,37.381664],[-5.972429,37.381741],[-5.972332,37.381726],[-5.972351,37.381645],[-5.972131,37.381604],[-5.972128,37.38151],[-5.972355,37.38154],[-5.972416,37.381376],[-5.972279,37.381344],[-5.972447,37.38133],[-5.972538,37.381031],[-5.972677,37.380959],[-5.97268,37.380862],[-5.973527,37.380916],[-5.973525,37.380862],[-5.972642,37.380812],[-5.972684,37.380739],[-5.973114,37.380746],[-5.973177,37.380636],[-5.973147,37.380457],[-5.973638,37.3803],[-5.973562,37.380086],[-5.97327,37.380129],[-5.973263,37.379949],[-5.973168,37.379843],[-5.973032,37.379829],[-5.972991,37.37992],[-5.9729,37.379922],[-5.972807,37.379835],[-5.97358,37.379267],[-5.973547,37.379149],[-5.973245,37.378922],[-5.973328,37.37874],[-5.973188,37.378636],[-5.973224,37.3784],[-5.973063,37.378314],[-5.973175,37.378311],[-5.973173,37.378239],[-5.973281,37.378341],[-5.974494,37.377669],[-5.974306,37.377472],[-5.9731,37.378115],[-5.973026,37.377955],[-5.973182,37.377897],[-5.973015,37.377685],[-5.973077,37.377521],[-5.972938,37.377434],[-5.972816,37.377203],[-5.973016,37.377144],[-5.973253,37.376832],[-5.973181,37.376725],[-5.972932,37.376714],[-5.972541,37.376543],[-5.972515,37.376454],[-5.972335,37.376476],[-5.972355,37.376404],[-5.971969,37.376359],[-5.971916,37.376163],[-5.973035,37.376477],[-5.973096,37.376295],[-5.971751,37.375914],[-5.971596,37.376045],[-5.971404,37.375761],[-5.97154,37.375794],[-5.971581,37.375666],[-5.970526,37.375408],[-5.970443,37.375461],[-5.970492,37.37555],[-5.970336,37.375608],[-5.97031,37.375518],[-5.969913,37.375418],[-5.969912,37.37515],[-5.970022,37.375075],[-5.969996,37.375003],[-5.969678,37.374939],[-5.969719,37.374807],[-5.969959,37.374835],[-5.970122,37.374171],[-5.969666,37.374075],[-5.970164,37.374098],[-5.970381,37.3733],[-5.969971,37.37322],[-5.969841,37.373349],[-5.969911,37.37342],[-5.969868,37.373475],[-5.969662,37.373408],[-5.969529,37.373465],[-5.969254,37.373364],[-5.969145,37.373457],[-5.969134,37.373764],[-5.96885,37.373987],[-5.968898,37.374058],[-5.968809,37.374096],[-5.968738,37.374026],[-5.968974,37.373696],[-5.968926,37.373625],[-5.968501,37.374302],[-5.968326,37.374451],[-5.968234,37.374417],[-5.96858,37.373867],[-5.968351,37.373753],[-5.967738,37.374429],[-5.967575,37.374289],[-5.967636,37.374126],[-5.967153,37.373903],[-5.967127,37.373814],[-5.967374,37.37379],[-5.967425,37.373933],[-5.967632,37.374018],[-5.967721,37.373997],[-5.967715,37.373835],[-5.967418,37.373753],[-5.967461,37.373698],[-5.967347,37.373664],[-5.967297,37.373539],[-5.967024,37.373492],[-5.967043,37.37342],[-5.966951,37.373368],[-5.966704,37.37341],[-5.966663,37.373501],[-5.96657,37.37345],[-5.966856,37.372993],[-5.966647,37.372895],[-5.966281,37.373376],[-5.966162,37.373406],[-5.966137,37.373334],[-5.966268,37.373223],[-5.96622,37.373152],[-5.966288,37.37315],[-5.966261,37.373043],[-5.966078,37.372993],[-5.965949,37.373159],[-5.965852,37.372981],[-5.965691,37.372913],[-5.965605,37.373005],[-5.965558,37.37297],[-5.965554,37.37288],[-5.965688,37.372823],[-5.965749,37.372659],[-5.966369,37.372522],[-5.966462,37.372425],[-5.966415,37.372372],[-5.966142,37.372307],[-5.966182,37.37218],[-5.966384,37.372157],[-5.968431,37.373096],[-5.968849,37.372816],[-5.968882,37.372526],[-5.968992,37.372434],[-5.969236,37.372319],[-5.96982,37.372251],[-5.970138,37.372297],[-5.970249,37.37224],[-5.970256,37.372438],[-5.970053,37.372425],[-5.97001,37.372498],[-5.969806,37.372467],[-5.969803,37.372395],[-5.969085,37.372503],[-5.969138,37.372718],[-5.969857,37.37261],[-5.96991,37.372807],[-5.970404,37.372759],[-5.970513,37.372648],[-5.970978,37.372996],[-5.971182,37.373009],[-5.97127,37.372935],[-5.970476,37.37227],[-5.970692,37.37203],[-5.970501,37.371765],[-5.969963,37.37131],[-5.969958,37.371184],[-5.969798,37.371134],[-5.969795,37.371044],[-5.970489,37.371477],[-5.97062,37.371347],[-5.9702,37.371016],[-5.970191,37.370782],[-5.97051,37.370846],[-5.971085,37.37112],[-5.971149,37.371028],[-5.97112,37.370866],[-5.971207,37.370774],[-5.971413,37.370841],[-5.971417,37.370949],[-5.971639,37.370853],[-5.971678,37.37069],[-5.971541,37.370658],[-5.971717,37.370606],[-5.971759,37.370454],[-5.971324,37.370303],[-5.971427,37.370048],[-5.971377,37.369941],[-5.971216,37.369873],[-5.971187,37.369711],[-5.970911,37.369574],[-5.970861,37.369449],[-5.970539,37.369313],[-5.970754,37.369019],[-5.970595,37.369005],[-5.970699,37.368768],[-5.970766,37.368767],[-5.970785,37.368658],[-5.970716,37.368642],[-5.970851,37.36862],[-5.970804,37.368568],[-5.970981,37.368473],[-5.971776,37.367515],[-5.971481,37.367415],[-5.971218,37.36778],[-5.971088,37.367767],[-5.97122,37.367674],[-5.971297,37.367348],[-5.971431,37.36729],[-5.97117,37.366972],[-5.971488,37.367037],[-5.971619,37.366925],[-5.97153,37.366387],[-5.971822,37.366343],[-5.971834,37.366073],[-5.972162,37.365794],[-5.972131,37.365579],[-5.972196,37.365523],[-5.972264,37.365521],[-5.972251,37.365774],[-5.972695,37.365583],[-5.973279,37.364937],[-5.973349,37.364413],[-5.973572,37.364335],[-5.973538,37.364048],[-5.97364,37.363775],[-5.97345,37.363527],[-5.97344,37.363275],[-5.973212,37.363227],[-5.97316,37.363066],[-5.972627,37.362719],[-5.972536,37.362685],[-5.972448,37.362759],[-5.972395,37.362544],[-5.97219,37.362496],[-5.971831,37.362559],[-5.971709,37.362327],[-5.971555,37.362439],[-5.971326,37.362355],[-5.971175,37.362521],[-5.971158,37.362666],[-5.970936,37.362761],[-5.970852,37.362926],[-5.970738,37.362893],[-5.970747,37.363086],[-5.971204,37.363259],[-5.971484,37.363504],[-5.971238,37.363547],[-5.971112,37.363784],[-5.970722,37.363632],[-5.970729,37.363812],[-5.970956,37.363842],[-5.970823,37.363918],[-5.970711,37.36392],[-5.970615,37.363779],[-5.970433,37.363765],[-5.970476,37.363692],[-5.970318,37.363696],[-5.970277,37.363805],[-5.970143,37.363845],[-5.970322,37.363804],[-5.970342,37.363894],[-5.970813,37.364224],[-5.970551,37.364465],[-5.97039,37.364379],[-5.9701,37.364476],[-5.970208,37.364348],[-5.970181,37.36424],[-5.970023,37.364226],[-5.970109,37.364116],[-5.969577,37.363805],[-5.969396,37.363791],[-5.969461,37.363718],[-5.969296,37.363559],[-5.969206,37.363544],[-5.969096,37.363637],[-5.969079,37.363781],[-5.968967,37.363802],[-5.968941,37.363713],[-5.969031,37.363692],[-5.969115,37.363528],[-5.968822,37.363553],[-5.968639,37.363486],[-5.968668,37.363665],[-5.968803,37.363644],[-5.968765,37.363825],[-5.968611,37.363919],[-5.968638,37.364027],[-5.96855,37.364101],[-5.968346,37.364088],[-5.968094,37.363986],[-5.967393,37.363373],[-5.966949,37.363582],[-5.967159,37.363181],[-5.966925,37.36297],[-5.966699,37.362958],[-5.966373,37.363272],[-5.966037,37.363353],[-5.966225,37.363528],[-5.966139,37.363639],[-5.966263,37.363924],[-5.966224,37.364087],[-5.965752,37.364135],[-5.965378,37.364397],[-5.965316,37.364524],[-5.965113,37.364548],[-5.964938,37.364678],[-5.965022,37.364514],[-5.96535,37.364253],[-5.965253,37.364075],[-5.964933,37.363975],[-5.964537,37.363679],[-5.964276,37.363361],[-5.96386,37.363101],[-5.963831,37.362958],[-5.963534,37.362857],[-5.96346,37.362697],[-5.963301,37.362665],[-5.963249,37.362504],[-5.963066,37.362436],[-5.962842,37.362478],[-5.962181,37.362891],[-5.962417,37.362579],[-5.962813,37.362317],[-5.962759,37.362084],[-5.962128,37.361541],[-5.961878,37.361511],[-5.961569,37.361699],[-5.961567,37.361645],[-5.961658,37.361661],[-5.961619,37.361567],[-5.960862,37.360942],[-5.960882,37.360869],[-5.960973,37.360885],[-5.961372,37.361148],[-5.961849,37.360767],[-5.961616,37.36058],[-5.961565,37.360438],[-5.961769,37.36045],[-5.962019,37.36063],[-5.963011,37.359866],[-5.962872,37.35981],[-5.962564,37.360016],[-5.962669,37.359815],[-5.962783,37.35983],[-5.962666,37.359743],[-5.962662,37.359635],[-5.962526,37.359621],[-5.962684,37.359617],[-5.963012,37.359338],[-5.962891,37.359143],[-5.962578,37.359223],[-5.962776,37.359074],[-5.962654,37.35886],[-5.962716,37.358697],[-5.962561,37.358773],[-5.962355,37.358706],[-5.962245,37.358799],[-5.962129,37.358711],[-5.962053,37.358497],[-5.96161,37.358148],[-5.961388,37.358243],[-5.961436,37.358296],[-5.961128,37.358502],[-5.961047,37.358739],[-5.960781,37.358871],[-5.96083,37.358978],[-5.960671,37.358946],[-5.960691,37.358874],[-5.960367,37.358683],[-5.960149,37.358887],[-5.960316,37.359099],[-5.960229,37.359192],[-5.959824,37.359238],[-5.959693,37.359349],[-5.958948,37.35935],[-5.958719,37.358671],[-5.958483,37.358424],[-5.958439,37.357867],[-5.958085,37.357497],[-5.958546,37.357143],[-5.958627,37.356925],[-5.958578,37.356818],[-5.958712,37.356779],[-5.958773,37.356615],[-5.958949,37.356484],[-5.958853,37.356343],[-5.959021,37.356032],[-5.95983,37.35594],[-5.959893,37.355812],[-5.960185,37.355769],[-5.96028,37.355892],[-5.96041,37.355745],[-5.960338,37.355657],[-5.960359,37.355025],[-5.960485,37.354788],[-5.960747,37.354565],[-5.960512,37.354319],[-5.960497,37.353959],[-5.960302,37.353585],[-5.960315,37.35335],[-5.960497,37.353382],[-5.960514,37.353237],[-5.960645,37.353126],[-5.960819,37.352383],[-5.960992,37.35218],[-5.961239,37.352138],[-5.961582,37.352273],[-5.961724,37.352432],[-5.96227,37.352527],[-5.9625,37.352647],[-5.962404,37.352487],[-5.962816,37.352062],[-5.963622,37.351898],[-5.964459,37.351931],[-5.965172,37.351715],[-5.965428,37.351889],[-5.965746,37.351953],[-5.965932,37.352092],[-5.965893,37.352237],[-5.966074,37.352251],[-5.966218,37.352464],[-5.96672,37.352613],[-5.967093,37.35291],[-5.967849,37.353198],[-5.968105,37.353371],[-5.968855,37.353497],[-5.969316,37.353179],[-5.969551,37.352848],[-5.969821,37.352806],[-5.969925,37.352587],[-5.970236,37.352453],[-5.970618,37.352407],[-5.970787,37.352691],[-5.971056,37.352648],[-5.97102,37.352307],[-5.971129,37.352214],[-5.971619,37.352616],[-5.971625,37.352778],[-5.971719,37.352848],[-5.97196,37.35343],[-5.971836,37.35353],[-5.971078,37.353206],[-5.971035,37.353262],[-5.971127,37.353295],[-5.970903,37.353355],[-5.970884,37.353446],[-5.970751,37.353503],[-5.970506,37.353581],[-5.970053,37.353557],[-5.970016,37.353756],[-5.969554,37.354056],[-5.968772,37.354274],[-5.968501,37.354262],[-5.968369,37.354356],[-5.968353,37.354518],[-5.967991,37.354491],[-5.967749,37.35466],[-5.967189,37.354782],[-5.967103,37.354874],[-5.966623,37.354724],[-5.96638,37.354874],[-5.966153,37.354826],[-5.966022,37.354955],[-5.965122,37.355014],[-5.964545,37.355263],[-5.963974,37.355115],[-5.963683,37.355176],[-5.963543,37.355054],[-5.963159,37.355045],[-5.963108,37.354902],[-5.962881,37.355431],[-5.962276,37.355554],[-5.961852,37.356249],[-5.961127,37.356772],[-5.961039,37.356828],[-5.960249,37.35683],[-5.960274,37.356884],[-5.960098,37.356996],[-5.960195,37.357174],[-5.959976,37.357342],[-5.959881,37.357236],[-5.959475,37.357228],[-5.959503,37.35739],[-5.959236,37.357468],[-5.959029,37.35796],[-5.959439,37.358617],[-5.959249,37.358964],[-5.959677,37.358935],[-5.960094,37.358618],[-5.960035,37.358277],[-5.960138,37.358022],[-5.959905,37.357848],[-5.959902,37.357758],[-5.960533,37.357165],[-5.960481,37.356987],[-5.961042,37.3569],[-5.961304,37.357236],[-5.961829,37.357385],[-5.962114,37.35718],[-5.962694,37.357003],[-5.963025,37.356815],[-5.962811,37.356532],[-5.962678,37.356589],[-5.96254,37.356539],[-5.962554,37.356304],[-5.962777,37.356244],[-5.962793,37.356064],[-5.962957,37.356222],[-5.962898,37.356457],[-5.963189,37.356396],[-5.963446,37.356606],[-5.96413,37.356192],[-5.964554,37.356074],[-5.965162,37.35604],[-5.96531,37.355784],[-5.965784,37.35579],[-5.966028,37.355658],[-5.96644,37.35581],[-5.967498,37.355729],[-5.968101,37.35557],[-5.968238,37.355621],[-5.968792,37.355354],[-5.969675,37.355422],[-5.969729,37.355637],[-5.969678,37.356053],[-5.969968,37.355974],[-5.970397,37.355981],[-5.970551,37.355869],[-5.970546,37.355743],[-5.971149,37.355566],[-5.971401,37.355667],[-5.971497,37.355809],[-5.971624,37.355608],[-5.971693,37.355624],[-5.971775,37.355424],[-5.971313,37.355165],[-5.971379,37.355109],[-5.971295,37.354697],[-5.971443,37.354459],[-5.972035,37.353993],[-5.972032,37.353921],[-5.972169,37.353972],[-5.972343,37.354382],[-5.972184,37.35435],[-5.971737,37.354469],[-5.971887,37.354826],[-5.972022,37.354823],[-5.971971,37.35468],[-5.972105,37.35464],[-5.972196,37.354638],[-5.972223,37.354764],[-5.972425,37.35474],[-5.97242,37.354596],[-5.97264,37.355023],[-5.972751,37.355561],[-5.972996,37.355483],[-5.973047,37.355626],[-5.973252,37.355675],[-5.973335,37.355492],[-5.972564,37.353674],[-5.972562,37.35362],[-5.972875,37.353558],[-5.97287,37.353432],[-5.972286,37.353501],[-5.972168,37.353359],[-5.972092,37.353399],[-5.971954,37.353051],[-5.97202,37.353039],[-5.972057,37.352839],[-5.971964,37.352788],[-5.972122,37.352784],[-5.972102,37.352838],[-5.972194,37.352872],[-5.97244,37.35283],[-5.972764,37.352461],[-5.97326,37.352431],[-5.973511,37.352515],[-5.97359,37.352801],[-5.973683,37.352853],[-5.974159,37.352913],[-5.974428,37.352852],[-5.974591,37.352992],[-5.976443,37.353017],[-5.976665,37.352922],[-5.976704,37.352759],[-5.97702,37.352769],[-5.976751,37.351658],[-5.97684,37.351638],[-5.977159,37.352855],[-5.977631,37.352807],[-5.977189,37.351881],[-5.97728,37.351915],[-5.977835,37.35282],[-5.97849,37.352822],[-5.978651,37.35289],[-5.978653,37.352962],[-5.978993,37.352989],[-5.980028,37.352909],[-5.980111,37.352709],[-5.980082,37.352547],[-5.979713,37.352358],[-5.979754,37.352249],[-5.979618,37.352235],[-5.979454,37.352077],[-5.979447,37.351915],[-5.979331,37.351827],[-5.979039,37.351853],[-5.97842,37.351616],[-5.978125,37.351587],[-5.978121,37.351479],[-5.97821,37.351441],[-5.978094,37.351372],[-5.978431,37.351327],[-5.978347,37.350933],[-5.978297,37.35079],[-5.977937,37.350817],[-5.97826,37.350431],[-5.978073,37.350273],[-5.978226,37.350143],[-5.978157,37.350109],[-5.978175,37.35],[-5.978425,37.350048],[-5.979771,37.349834],[-5.979689,37.349476],[-5.978454,37.349633],[-5.978496,37.349542],[-5.979685,37.349368],[-5.97966,37.349296],[-5.979547,37.349299],[-5.978672,37.349447],[-5.978715,37.349374],[-5.979635,37.349243],[-5.979605,37.349063],[-5.978528,37.349216],[-5.97866,37.349123],[-5.979603,37.348991],[-5.979574,37.348848],[-5.978722,37.348977],[-5.978741,37.348887],[-5.979504,37.348777],[-5.979452,37.348599],[-5.978756,37.348706],[-5.978738,37.348833],[-5.978576,37.348711],[-5.978659,37.348546],[-5.979196,37.348407],[-5.97911,37.34794],[-5.978862,37.347965],[-5.978926,37.347855],[-5.979083,37.347833],[-5.978837,37.346758],[-5.978609,37.346691],[-5.978762,37.346579],[-5.978821,37.346362],[-5.978651,37.346042],[-5.978494,37.346064],[-5.978579,37.345953],[-5.978418,37.345867],[-5.978437,37.345777],[-5.979043,37.345689],[-5.979038,37.345563],[-5.978701,37.345608],[-5.978811,37.345533],[-5.978786,37.34548],[-5.978991,37.34551],[-5.978882,37.345045],[-5.978727,37.345121],[-5.978657,37.345068],[-5.978881,37.345009],[-5.978853,37.344883],[-5.97827,37.34497],[-5.977726,37.344912],[-5.977991,37.344779],[-5.9788,37.344668],[-5.978626,37.343781],[-5.977508,37.343962],[-5.977578,37.344591],[-5.977514,37.344683],[-5.977284,37.344022],[-5.977059,37.344045],[-5.977035,37.343992],[-5.977236,37.343951],[-5.977139,37.343773],[-5.977052,37.343847],[-5.977049,37.343775],[-5.977183,37.343736],[-5.977114,37.343702],[-5.977203,37.343681],[-5.977139,37.343214],[-5.977027,37.343217],[-5.977061,37.342946],[-5.976309,37.343343],[-5.976348,37.34318],[-5.976543,37.342977],[-5.978095,37.342253],[-5.978085,37.342001],[-5.977826,37.341737],[-5.977932,37.341572],[-5.977572,37.341582],[-5.977065,37.341901],[-5.97635,37.342081],[-5.975999,37.342342],[-5.975918,37.342578],[-5.975966,37.342649],[-5.975791,37.342798],[-5.975837,37.343373],[-5.975818,37.343482],[-5.975706,37.343503],[-5.975734,37.343628],[-5.975618,37.343559],[-5.974676,37.343709],[-5.974758,37.344067],[-5.975208,37.34402],[-5.975338,37.344108],[-5.975213,37.344146],[-5.975153,37.344364],[-5.974707,37.344501],[-5.974779,37.344607],[-5.974715,37.344699],[-5.97481,37.344823],[-5.97463,37.344827],[-5.974523,37.344974],[-5.97467,37.345277],[-5.974286,37.34525],[-5.973714,37.345643],[-5.9737,37.345283],[-5.973563,37.345251],[-5.973407,37.345291],[-5.973399,37.34536],[-5.973207,37.345368],[-5.972934,37.345621],[-5.97232,37.345787],[-5.972234,37.345897],[-5.971722,37.345953],[-5.971564,37.345567],[-5.971358,37.345624],[-5.971433,37.345799],[-5.97094,37.345937],[-5.970855,37.345841],[-5.970698,37.345863],[-5.970544,37.345381],[-5.971034,37.345224],[-5.971275,37.345038],[-5.970804,37.345122],[-5.970734,37.345051],[-5.970354,37.345151],[-5.970306,37.34508],[-5.970286,37.345153],[-5.97026,37.345063],[-5.970415,37.344969],[-5.97014,37.344309],[-5.970072,37.344293],[-5.969982,37.344313],[-5.969944,37.344495],[-5.970194,37.345101],[-5.970082,37.345122],[-5.969855,37.344515],[-5.969675,37.344519],[-5.969558,37.344432],[-5.969469,37.344453],[-5.96954,37.344541],[-5.969499,37.34465],[-5.969698,37.345114],[-5.969494,37.345083],[-5.969248,37.345161],[-5.96919,37.344838],[-5.968875,37.344287],[-5.96935,37.343738],[-5.969344,37.343591],[-5.969457,37.343588],[-5.96945,37.343408],[-5.969563,37.343405],[-5.969662,37.343619],[-5.969774,37.343598],[-5.969597,37.343134],[-5.970066,37.341842],[-5.97138,37.340836],[-5.971539,37.340868],[-5.971647,37.340739],[-5.972274,37.340616],[-5.972312,37.340434],[-5.972667,37.340281],[-5.972661,37.340119],[-5.97279,37.339954],[-5.972762,37.339828],[-5.972984,37.339715],[-5.973066,37.339514],[-5.973177,37.339476],[-5.973542,37.339574],[-5.973659,37.339662],[-5.973759,37.339929],[-5.973851,37.339963],[-5.973941,37.339961],[-5.974001,37.339761],[-5.973928,37.339619],[-5.974566,37.339765],[-5.974722,37.339725],[-5.974673,37.339636],[-5.97508,37.339644],[-5.97642,37.339862],[-5.976352,37.339672],[-5.97509,37.339337],[-5.974972,37.339196],[-5.976376,37.337593],[-5.976115,37.337275],[-5.976562,37.337156],[-5.976325,37.336873],[-5.97639,37.3368],[-5.976338,37.336639],[-5.976396,37.336403],[-5.977498,37.33515],[-5.977635,37.335182],[-5.977892,37.334833],[-5.97793,37.334652],[-5.978044,37.334685],[-5.978395,37.334424],[-5.978626,37.333986],[-5.978804,37.333927],[-5.978974,37.333653],[-5.97901,37.333436],[-5.979142,37.333342],[-5.979564,37.332611],[-5.979558,37.332449],[-5.979885,37.33217],[-5.979787,37.331956],[-5.980043,37.331589],[-5.980076,37.331282],[-5.980184,37.331171],[-5.980305,37.33079],[-5.980544,37.330568],[-5.980682,37.330618],[-5.98095,37.330557],[-5.981051,37.330249],[-5.981181,37.330119],[-5.981196,37.329938],[-5.981326,37.329791],[-5.981341,37.32961],[-5.981797,37.329148],[-5.982051,37.328728],[-5.982357,37.327891],[-5.982552,37.327706],[-5.982587,37.327452],[-5.982958,37.327119],[-5.983671,37.326885],[-5.984056,37.326352],[-5.984282,37.325806],[-5.984337,37.325462],[-5.984128,37.324746],[-5.984144,37.324025],[-5.98395,37.323688],[-5.983974,37.323146],[-5.984104,37.322999],[-5.984665,37.322931],[-5.984496,37.32207],[-5.987396,37.31668],[-5.989812,37.312727],[-5.989966,37.312633],[-5.990372,37.312641],[-5.996279,37.315356],[-5.998456,37.312049],[-5.999143,37.310778],[-5.999041,37.310673],[-5.998991,37.310944],[-5.998858,37.311002],[-5.998689,37.311295],[-5.998447,37.311435],[-5.992109,37.30892],[-5.997886,37.299601],[-5.998019,37.299526],[-5.998184,37.29972],[-5.998507,37.299892],[-5.998982,37.299934],[-5.999113,37.299804],[-5.999014,37.29959],[-5.999527,37.299451],[-5.999612,37.299305],[-6.000239,37.299199],[-6.000271,37.298874],[-5.999805,37.29793],[-5.999618,37.297773],[-5.999637,37.297664],[-6.001236,37.294758],[-6.00182,37.294708],[-6.001971,37.294542],[-6.001972,37.294001],[-6.002206,37.293635],[-6.002298,37.29311],[-6.002635,37.292506],[-6.002416,37.292115],[-6.002408,37.291917],[-6.001988,37.29155],[-6.002047,37.291332],[-6.001951,37.291208],[-6.002932,37.287094],[-6.003895,37.28428],[-6.00507,37.281211],[-6.00647,37.278352],[-6.007097,37.278264],[-6.007425,37.277986],[-6.007539,37.278019],[-6.007749,37.277058],[-6.007959,37.276674],[-6.008414,37.276212],[-6.008729,37.275628],[-6.009517,37.275031],[-6.009854,37.274446],[-6.009797,37.273564],[-6.00965,37.273279],[-6.01008,37.272746],[-6.010218,37.272238],[-6.010438,37.272106],[-6.010472,37.271835],[-6.010752,37.271503],[-6.010625,37.271146],[-6.010687,37.271],[-6.010927,37.270796],[-6.011084,37.270774],[-6.011286,37.270769],[-6.011589,37.271013],[-6.011676,37.270921],[-6.01147,37.270854],[-6.01121,37.270555],[-6.01135,37.2701],[-6.011434,37.269936],[-6.011589,37.269878],[-6.011646,37.269606],[-6.012452,37.268901],[-6.012665,37.268571],[-6.013157,37.268487],[-6.013575,37.268206],[-6.014267,37.268044],[-6.014331,37.267952],[-6.014256,37.267756],[-6.014265,37.267431],[-6.014915,37.266766],[-6.015291,37.266576],[-6.015475,37.266103],[-6.016144,37.265365],[-6.016651,37.265064],[-6.016754,37.264809],[-6.017023,37.264784],[-6.01724,37.264562],[-6.017205,37.264256],[-6.016918,37.263849],[-6.016964,37.263307],[-6.017298,37.263209],[-6.017493,37.263006],[-6.018102,37.263242],[-6.018227,37.263156],[-6.018725,37.262348],[-6.05528,37.272731],[-6.051313,37.283033],[-6.050723,37.283544],[-6.050731,37.283724],[-6.050464,37.283821],[-6.050539,37.284],[-6.050359,37.284022],[-6.050273,37.284133],[-6.05046,37.284272],[-6.05044,37.284345],[-6.050375,37.284418],[-6.050127,37.284407],[-6.049892,37.284737],[-6.049534,37.285359],[-6.049563,37.285521],[-6.049449,37.285488],[-6.048898,37.286385],[-6.048967,37.286419],[-6.048834,37.286458],[-6.048728,37.286623],[-6.048776,37.286712],[-6.048685,37.286697],[-6.04843,37.287064],[-6.048388,37.287155],[-6.048549,37.287223],[-6.048552,37.287295],[-6.04844,37.287316],[-6.048228,37.287663],[-6.048094,37.288244],[-6.047891,37.288249],[-6.047828,37.288359],[-6.047768,37.288558],[-6.047903,37.288537],[-6.047906,37.288627],[-6.047781,37.288926],[-6.047946,37.28904],[-6.047625,37.289315],[-6.047463,37.290495],[-6.047649,37.290634],[-6.047563,37.290726],[-6.047448,37.290693],[-6.047313,37.291255],[-6.047265,37.291725],[-6.04733,37.292228],[-6.047634,37.29249],[-6.047616,37.292599],[-6.048287,37.293032],[-6.048313,37.293104],[-6.048137,37.293216],[-6.048276,37.293321],[-6.048473,37.293712],[-6.048813,37.293758],[-6.048795,37.293866],[-6.048935,37.293989],[-6.049066,37.293895],[-6.049191,37.29418],[-6.049179,37.294451],[-6.049019,37.294403],[-6.049001,37.29451],[-6.049074,37.294652],[-6.048991,37.294816],[-6.049088,37.294994],[-6.048997,37.29496],[-6.048825,37.295181],[-6.04883,37.295289],[-6.048674,37.295347],[-6.04859,37.295511],[-6.048731,37.295634],[-6.048384,37.295876],[-6.04811,37.296461],[-6.048723,37.296674],[-6.048518,37.296658],[-6.04842,37.296859],[-6.048717,37.296923],[-6.048802,37.296747],[-6.049101,37.296847],[-6.049033,37.296978],[-6.049146,37.296975],[-6.049178,37.297208],[-6.049362,37.297294],[-6.049382,37.297798],[-6.049545,37.29792],[-6.049366,37.29796],[-6.049331,37.298213],[-6.049179,37.298362],[-6.049079,37.29867],[-6.048734,37.299076],[-6.049825,37.298723],[-6.050053,37.298772],[-6.050043,37.299078],[-6.050448,37.299626],[-6.050644,37.300558],[-6.05094,37.300623],[-6.050955,37.301001],[-6.051049,37.301089],[-6.05097,37.301361],[-6.051123,37.301807],[-6.050549,37.302011],[-6.049268,37.302731],[-6.049424,37.30331],[-6.049556,37.30338],[-6.04992,37.303118],[-6.050467,37.30287],[-6.051647,37.302497],[-6.052202,37.304008],[-6.052311,37.304144],[-6.052593,37.30413],[-6.052732,37.304217],[-6.052912,37.304753],[-6.052947,37.305058],[-6.052859,37.305115],[-6.052821,37.305296],[-6.05271,37.305353],[-6.052787,37.305585],[-6.05275,37.305784],[-6.052961,37.305977],[-6.052895,37.306015],[-6.052883,37.306285],[-6.05275,37.306325],[-6.052689,37.306489],[-6.052681,37.306849],[-6.052307,37.307093],[-6.052229,37.307402],[-6.051619,37.308499],[-6.051567,37.308878],[-6.0514,37.309207],[-6.051465,37.30971],[-6.051388,37.310018],[-6.051505,37.310123],[-6.051466,37.310287],[-6.051015,37.311416],[-6.050799,37.311655],[-6.050808,37.311853],[-6.050613,37.312075],[-6.050596,37.312201],[-6.050329,37.312298],[-6.05036,37.313054],[-6.050184,37.313167],[-6.050192,37.313365],[-6.049912,37.313697],[-6.049778,37.313736],[-6.049607,37.313975],[-6.049493,37.313942],[-6.049461,37.314267],[-6.049292,37.31456],[-6.049281,37.31483],[-6.049055,37.314836],[-6.048958,37.315217],[-6.049016,37.31554],[-6.048865,37.315706],[-6.048688,37.316341],[-6.048525,37.316237],[-6.048075,37.316249],[-6.047539,37.316389],[-6.047389,37.316591],[-6.047614,37.316585],[-6.047665,37.316728],[-6.047851,37.316867],[-6.047235,37.316685],[-6.046896,37.316676],[-6.046446,37.316705],[-6.046247,37.316819],[-6.045907,37.316773],[-6.045663,37.31687],[-6.045621,37.316943],[-6.045719,37.317139],[-6.046047,37.317437],[-6.046183,37.317451],[-6.046327,37.317664],[-6.046577,37.317711],[-6.04656,37.317856],[-6.045178,37.318957],[-6.044162,37.319377],[-6.043825,37.319422],[-6.043695,37.319551],[-6.043312,37.319561],[-6.04281,37.319971],[-6.042442,37.320359],[-6.042389,37.320738],[-6.041966,37.321434],[-6.041704,37.321639],[-6.04169,37.321874],[-6.041804,37.321889],[-6.041807,37.321961],[-6.041674,37.322018],[-6.04164,37.32229],[-6.041339,37.322349],[-6.041314,37.322604],[-6.040353,37.323963],[-6.040293,37.324162],[-6.039364,37.325177],[-6.038898,37.32537],[-6.038752,37.325662],[-6.038556,37.325847],[-6.038008,37.326239],[-6.037555,37.326197],[-6.037309,37.326257],[-6.037145,37.326658],[-6.036839,37.326918],[-6.03661,37.326834],[-6.03663,37.326761],[-6.036058,37.327137],[-6.035545,37.327294],[-6.035408,37.327243],[-6.035335,37.327101],[-6.035105,37.327017],[-6.035093,37.326711],[-6.035002,37.326677],[-6.035082,37.326441],[-6.035028,37.326226],[-6.0356,37.325851],[-6.03568,37.325596],[-6.036063,37.325587],[-6.036346,37.325327],[-6.036151,37.324954],[-6.036239,37.324915],[-6.036227,37.324609],[-6.036536,37.323584],[-6.036728,37.322477],[-6.035348,37.321262],[-6.034935,37.32111],[-6.035132,37.320961],[-6.03499,37.320725],[-6.034897,37.320918],[-6.034707,37.320926],[-6.034614,37.321022],[-6.034711,37.321088],[-6.034866,37.321058],[-6.034914,37.321129],[-6.034787,37.321223],[-6.034576,37.321702],[-6.034583,37.321876],[-6.034321,37.32225],[-6.034354,37.322369],[-6.034164,37.322698],[-6.034191,37.322805],[-6.033808,37.322815],[-6.03361,37.322928],[-6.033614,37.323036],[-6.03346,37.323148],[-6.033578,37.323272],[-6.033537,37.323363],[-6.032931,37.32345],[-6.033052,37.323664],[-6.03306,37.323862],[-6.033466,37.323851],[-6.033539,37.323975],[-6.033435,37.324194],[-6.033576,37.324335],[-6.033422,37.324447],[-6.033563,37.324588],[-6.033523,37.324697],[-6.033686,37.324819],[-6.033888,37.324795],[-6.034331,37.325163],[-6.034337,37.325307],[-6.034028,37.325477],[-6.033948,37.325731],[-6.033448,37.325636],[-6.033427,37.32569],[-6.03354,37.325687],[-6.033797,37.325897],[-6.033555,37.326047],[-6.033539,37.326228],[-6.033295,37.326324],[-6.033368,37.326467],[-6.033306,37.326612],[-6.032602,37.326486],[-6.032855,37.326606],[-6.032907,37.326785],[-6.033138,37.326923],[-6.033385,37.326881],[-6.033703,37.327485],[-6.033573,37.327633],[-6.03317,37.327697],[-6.032805,37.327616],[-6.032225,37.32785],[-6.032042,37.327761],[-6.03188,37.327782],[-6.031505,37.328079],[-6.03124,37.328126],[-6.031252,37.328269],[-6.031445,37.328382],[-6.029716,37.330323],[-6.029312,37.331094],[-6.029028,37.331336],[-6.029033,37.331462],[-6.028759,37.331863],[-6.028379,37.332037],[-6.028359,37.332092],[-6.028663,37.33223],[-6.028371,37.332759],[-6.028255,37.332887],[-6.027962,37.332877],[-6.027767,37.33308],[-6.027761,37.332936],[-6.027579,37.332905],[-6.027475,37.333123],[-6.027384,37.333108],[-6.027367,37.333252],[-6.027437,37.333305],[-6.027345,37.333388],[-6.027486,37.333424],[-6.027161,37.334285],[-6.027322,37.334371],[-6.027091,37.334412],[-6.026613,37.335657],[-6.02677,37.335791],[-6.026587,37.335767],[-6.026523,37.33596],[-6.026756,37.336016],[-6.026643,37.33638],[-6.026683,37.336595],[-6.026031,37.336512],[-6.026065,37.336906],[-6.026322,37.337568],[-6.026377,37.338053],[-6.02637,37.338216],[-6.026032,37.338211],[-6.02604,37.338422],[-6.026274,37.338633],[-6.026364,37.338612],[-6.026257,37.338759],[-6.026342,37.33919],[-6.026434,37.339241],[-6.026495,37.339636],[-6.026768,37.340242],[-6.026955,37.340399],[-6.027222,37.340861],[-6.027516,37.340889],[-6.027635,37.341049],[-6.027617,37.341157],[-6.028064,37.341596],[-6.028096,37.34183],[-6.028312,37.342167],[-6.028502,37.342955],[-6.02908,37.3433],[-6.029245,37.343476],[-6.02925,37.343602],[-6.029481,37.343723],[-6.029106,37.343948],[-6.028555,37.344036],[-6.028762,37.344205],[-6.029294,37.344124],[-6.029387,37.344193],[-6.028913,37.3443],[-6.029093,37.344494],[-6.029464,37.344426],[-6.02958,37.344513],[-6.029183,37.344607],[-6.029302,37.344804],[-6.02959,37.344765],[-6.029661,37.344835],[-6.029352,37.344903],[-6.02941,37.345016],[-6.030051,37.344987],[-6.030077,37.345077],[-6.029985,37.345043],[-6.029898,37.345117],[-6.030091,37.345419],[-6.030162,37.345507],[-6.030252,37.345505],[-6.030271,37.345414],[-6.030388,37.345501],[-6.029728,37.345662],[-6.029746,37.345721],[-6.030101,37.345671],[-6.030149,37.345889],[-6.030334,37.345863],[-6.030417,37.346221],[-6.030755,37.346213],[-6.030759,37.346321],[-6.030627,37.346414],[-6.030632,37.346522],[-6.030767,37.346519],[-6.030771,37.346609],[-6.030616,37.346703],[-6.03059,37.346556],[-6.030422,37.346567],[-6.030454,37.346762],[-6.030573,37.34674],[-6.030516,37.347012],[-6.030569,37.347209],[-6.031164,37.347968],[-6.03076,37.348033],[-6.030762,37.348087],[-6.030922,37.348137],[-6.03097,37.348766],[-6.030882,37.348823],[-6.030893,37.349093],[-6.031074,37.349088],[-6.031262,37.349281],[-6.031466,37.349871],[-6.031646,37.350966],[-6.031663,37.351956],[-6.031334,37.352181],[-6.031389,37.35245],[-6.031243,37.352742],[-6.031347,37.353082],[-6.03097,37.353254],[-6.030247,37.353218],[-6.029824,37.353373],[-6.029751,37.353807],[-6.029938,37.353965],[-6.029624,37.354027],[-6.029352,37.354538],[-6.029042,37.354691],[-6.029127,37.355139],[-6.029004,37.355448],[-6.0291,37.355572],[-6.029307,37.355675],[-6.029333,37.355764],[-6.029444,37.355725],[-6.029584,37.35583],[-6.030127,37.355852],[-6.030132,37.355978],[-6.030043,37.356017],[-6.030007,37.356234],[-6.029748,37.356529],[-6.029666,37.356747],[-6.029577,37.356785],[-6.028991,37.357918],[-6.028879,37.357957],[-6.028885,37.358083],[-6.02873,37.358159],[-6.028537,37.358416],[-6.028332,37.358367],[-6.028297,37.35862],[-6.028351,37.358853],[-6.028465,37.358886],[-6.028472,37.359048],[-6.028015,37.358916],[-6.028055,37.358789],[-6.027835,37.35892],[-6.027773,37.359066],[-6.027501,37.359118],[-6.027247,37.359608],[-6.026727,37.359453],[-6.026574,37.359839],[-6.026858,37.359901],[-6.026862,37.359991],[-6.026612,37.359961],[-6.026198,37.360332],[-6.025839,37.360395],[-6.025575,37.360546],[-6.025649,37.360724],[-6.025542,37.360871],[-6.02566,37.360994],[-6.025501,37.360963],[-6.025382,37.361362],[-6.025629,37.361338],[-6.025793,37.361478],[-6.0257,37.361426],[-6.025321,37.361544],[-6.025098,37.362162],[-6.025004,37.36321],[-6.02513,37.363223],[-6.02527,37.362735],[-6.02532,37.362781],[-6.025106,37.363673],[-6.025109,37.364703],[-6.025299,37.364714],[-6.025264,37.364609],[-6.025331,37.364589],[-6.025638,37.364942],[-6.025605,37.365231],[-6.02596,37.365654],[-6.025871,37.365675],[-6.025792,37.365965],[-6.025658,37.366004],[-6.025517,37.365864],[-6.025363,37.365958],[-6.02486,37.365791],[-6.024657,37.365814],[-6.024585,37.366825],[-6.024725,37.366929],[-6.024591,37.367057],[-6.014076,37.368259],[-6.013748,37.368432],[-6.013422,37.368858],[-6.013468,37.369434],[-6.013383,37.369807],[-6.013255,37.369763],[-6.013298,37.369708],[-6.013186,37.369729],[-6.013103,37.369911],[-6.01288,37.369971],[-6.012776,37.370208],[-6.01233,37.370328],[-6.012124,37.370279],[-6.011973,37.370445],[-6.01141,37.370477],[-6.011322,37.370551],[-6.011933,37.371131],[-6.012127,37.372027],[-6.012489,37.372054],[-6.012564,37.372232],[-6.012678,37.372265],[-6.012554,37.372556],[-6.012814,37.372838],[-6.012843,37.373],[-6.013023,37.372995],[-6.013133,37.372902],[-6.013473,37.372948],[-6.013378,37.372824],[-6.013488,37.372749],[-6.013625,37.372781],[-6.013529,37.372658],[-6.012897,37.372656],[-6.012622,37.372555],[-6.012931,37.372367],[-6.013048,37.372472],[-6.013182,37.372432],[-6.013179,37.37236],[-6.012971,37.372258],[-6.013241,37.372215],[-6.013392,37.372049],[-6.013377,37.37167],[-6.013573,37.371503],[-6.013526,37.37145],[-6.013592,37.371395],[-6.013522,37.371342],[-6.013513,37.371126],[-6.01378,37.371029],[-6.013963,37.371079],[-6.01392,37.371134],[-6.013625,37.371106],[-6.013654,37.371249],[-6.013745,37.371283],[-6.013822,37.371497],[-6.013901,37.371801],[-6.01386,37.371892],[-6.014313,37.372494],[-6.014731,37.373348],[-6.014653,37.373656],[-6.014789,37.373671],[-6.014631,37.373675],[-6.014639,37.373873],[-6.014441,37.374004],[-6.014094,37.373238],[-6.014063,37.373005],[-6.013854,37.372884],[-6.013771,37.373048],[-6.013841,37.3731],[-6.013877,37.373442],[-6.014312,37.374728],[-6.014503,37.376111],[-6.014439,37.376203],[-6.014383,37.377051],[-6.014222,37.376983],[-6.014076,37.376717],[-6.013849,37.376704],[-6.013786,37.376814],[-6.013814,37.37694],[-6.014184,37.377164],[-6.014355,37.377484],[-6.014392,37.377844],[-6.014246,37.379289],[-6.014254,37.380028],[-6.014123,37.380716],[-6.014164,37.381184],[-6.014084,37.381438],[-6.014148,37.381905],[-6.013947,37.38364],[-6.014003,37.383927],[-6.013915,37.383983],[-6.013791,37.385969],[-6.013523,37.388282],[-6.012905,37.389217],[-6.012464,37.389481],[-6.012282,37.389449],[-6.012037,37.389528],[-6.011944,37.389458],[-6.011969,37.389529],[-6.011252,37.389674],[-6.011241,37.389386],[-6.010518,37.389386],[-6.010508,37.389711],[-6.010805,37.389775],[-6.010728,37.39012],[-6.010843,37.390729],[-6.011215,37.39099],[-6.011487,37.391037],[-6.01223,37.390964],[-6.012407,37.39087],[-6.012971,37.390855],[-6.01321,37.390633],[-6.013395,37.390669],[-6.013448,37.390178],[-6.013792,37.3902],[-6.013726,37.390548],[-6.013754,37.390673],[-6.013821,37.390653],[-6.013951,37.390506],[-6.013924,37.390398],[-6.013991,37.390379],[-6.014048,37.390107],[-6.014439,37.389618],[-6.015762,37.389476],[-6.021004,37.389252],[-6.022042,37.3893],[-6.022642,37.38941],[-6.022681,37.389277],[-6.021978,37.389162],[-6.020936,37.389125],[-6.022446,37.388893],[-6.023422,37.388547],[-6.024256,37.388404],[-6.024499,37.388272],[-6.024379,37.388672],[-6.024352,37.389681],[-6.024771,37.389995],[-6.024987,37.390314],[-6.02478,37.390211],[-6.024623,37.390233],[-6.024584,37.390396],[-6.024486,37.390201],[-6.024278,37.390098],[-6.024168,37.390155],[-6.024977,37.391179],[-6.025408,37.39234],[-6.025402,37.393331],[-6.025182,37.393481],[-6.025232,37.393588],[-6.025169,37.393715],[-6.0253,37.394162],[-6.025224,37.395026],[-6.02534,37.395153],[-6.025318,37.395487],[-6.025515,37.396608],[-6.025647,37.396604],[-6.025653,37.396748],[-6.025565,37.396805],[-6.02568,37.396874],[-6.025586,37.396938],[-6.026091,37.398647],[-6.026659,37.399858],[-6.028017,37.402184],[-6.030531,37.405706],[-6.030613,37.405715],[-6.031387,37.406747],[-6.032091,37.407516],[-6.032365,37.407479],[-6.031201,37.40588],[-6.029054,37.403239],[-6.027684,37.401081],[-6.026088,37.398035],[-6.025841,37.397259],[-6.025761,37.396638],[-6.025691,37.396585],[-6.025744,37.396363],[-6.0256,37.394867],[-6.025662,37.394171],[-6.025611,37.39347],[-6.025717,37.393305],[-6.025714,37.392656],[-6.025595,37.392497],[-6.025633,37.392334],[-6.025513,37.391598],[-6.025152,37.39049],[-6.02529,37.39054],[-6.025251,37.390686],[-6.02534,37.390665],[-6.025784,37.391032],[-6.025474,37.390626],[-6.025488,37.390409],[-6.026601,37.390561],[-6.026685,37.390268],[-6.025566,37.390058],[-6.024975,37.389603],[-6.02478,37.389248],[-6.024663,37.388159],[-6.026008,37.388179],[-6.026599,37.388272],[-6.026921,37.388408],[-6.027178,37.388618],[-6.027323,37.388867],[-6.027362,37.389839],[-6.027474,37.3898],[-6.027557,37.389635],[-6.027759,37.389036],[-6.027766,37.388657],[-6.027739,37.388549],[-6.027622,37.388505],[-6.027573,37.388103],[-6.027982,37.38784],[-6.027669,37.387362],[-6.026614,37.386398],[-6.025986,37.38557],[-6.025753,37.38496],[-6.025716,37.384294],[-6.026086,37.381589],[-6.026221,37.38111],[-6.026243,37.379992],[-6.026758,37.376415],[-6.026989,37.375521],[-6.02696,37.37536],[-6.027286,37.375015],[-6.027969,37.373416],[-6.028034,37.372267],[-6.027984,37.372141],[-6.028266,37.371731],[-6.028709,37.371377],[-6.029654,37.37104],[-6.030127,37.371203],[-6.030827,37.371008],[-6.030853,37.371079],[-6.030252,37.371293],[-6.030401,37.371632],[-6.029974,37.371808],[-6.030202,37.372239],[-6.030601,37.372131],[-6.030773,37.372469],[-6.031048,37.37257],[-6.031194,37.37287],[-6.03191,37.372674],[-6.031839,37.372809],[-6.031625,37.372881],[-6.031717,37.372913],[-6.031707,37.373238],[-6.031814,37.373568],[-6.032505,37.373434],[-6.032706,37.373933],[-6.03261,37.373791],[-6.03232,37.373871],[-6.032245,37.373693],[-6.031976,37.373754],[-6.031928,37.373665],[-6.031816,37.373704],[-6.032208,37.374469],[-6.031472,37.374686],[-6.031535,37.374919],[-6.031043,37.375086],[-6.031224,37.375463],[-6.032994,37.37493],[-6.03299,37.374863],[-6.033087,37.374969],[-6.03309,37.375041],[-6.032667,37.375214],[-6.032547,37.375577],[-6.032328,37.375763],[-6.032314,37.37598],[-6.032094,37.376111],[-6.032211,37.376217],[-6.032216,37.376343],[-6.03259,37.37639],[-6.032557,37.376579],[-6.032657,37.376638],[-6.032208,37.376703],[-6.032103,37.376886],[-6.032089,37.377121],[-6.031734,37.377256],[-6.03192,37.377395],[-6.032089,37.377679],[-6.03217,37.378002],[-6.032062,37.378131],[-6.032204,37.378289],[-6.032235,37.378487],[-6.032351,37.378556],[-6.032364,37.378898],[-6.032321,37.378953],[-6.031982,37.378926],[-6.031696,37.379113],[-6.031568,37.379315],[-6.031647,37.379583],[-6.032013,37.379718],[-6.032259,37.379657],[-6.032201,37.379893],[-6.032275,37.380053],[-6.03213,37.380363],[-6.032371,37.380195],[-6.032598,37.380225],[-6.032494,37.380444],[-6.032547,37.380623],[-6.032808,37.380941],[-6.032982,37.383027],[-6.033288,37.383325],[-6.033723,37.385554],[-6.033757,37.385998],[-6.033617,37.386993],[-6.033692,37.387171],[-6.033586,37.387354],[-6.033578,37.387715],[-6.033511,37.387735],[-6.033553,37.38822],[-6.033492,37.388384],[-6.033238,37.388246],[-6.03329,37.387848],[-6.032861,37.387859],[-6.032868,37.388598],[-6.033183,37.388572],[-6.033327,37.388767],[-6.033287,37.388912],[-6.032845,37.389293],[-6.031139,37.389958],[-6.031591,37.389992],[-6.032309,37.389874],[-6.032644,37.389757],[-6.032618,37.389698],[-6.03302,37.389493],[-6.033463,37.389898],[-6.033204,37.390211],[-6.033166,37.390375],[-6.03326,37.390462],[-6.033205,37.390788],[-6.033387,37.390819],[-6.033482,37.390925],[-6.033508,37.391591],[-6.033439,37.392098],[-6.033679,37.39247],[-6.033476,37.392475],[-6.033484,37.392655],[-6.033353,37.392673],[-6.033404,37.393301],[-6.033773,37.393301],[-6.03377,37.394161],[-6.033945,37.394537],[-6.034067,37.395356],[-6.034454,37.396559],[-6.034467,37.396865],[-6.034664,37.397274],[-6.034654,37.397581],[-6.034746,37.397632],[-6.034636,37.397707],[-6.034643,37.397869],[-6.034938,37.397916],[-6.035793,37.398939],[-6.035635,37.398943],[-6.035178,37.398581],[-6.034758,37.398841],[-6.034753,37.39893],[-6.03488,37.398955],[-6.035148,37.398802],[-6.035434,37.398977],[-6.035256,37.399079],[-6.034736,37.399074],[-6.034703,37.399364],[-6.03511,37.399371],[-6.035598,37.399142],[-6.035604,37.399304],[-6.035423,37.399291],[-6.035305,37.399727],[-6.035214,37.399711],[-6.035252,37.39953],[-6.034685,37.39949],[-6.034586,37.400394],[-6.035169,37.400674],[-6.035339,37.400626],[-6.035161,37.400773],[-6.035426,37.401039],[-6.035082,37.400843],[-6.034653,37.401309],[-6.034872,37.401864],[-6.035116,37.401768],[-6.035091,37.401696],[-6.035158,37.401677],[-6.035363,37.401725],[-6.035281,37.401926],[-6.035165,37.401857],[-6.035145,37.401929],[-6.034893,37.401922],[-6.035037,37.402291],[-6.035456,37.402354],[-6.035111,37.402331],[-6.035081,37.40258],[-6.035625,37.40262],[-6.035131,37.402615],[-6.035182,37.402847],[-6.035479,37.40293],[-6.035232,37.402923],[-6.035265,37.403163],[-6.035514,37.403217],[-6.035342,37.403438],[-6.035461,37.403597],[-6.035352,37.40369],[-6.035427,37.403868],[-6.035318,37.403857],[-6.035167,37.403392],[-6.034737,37.40412],[-6.035432,37.404551],[-6.035436,37.404661],[-6.035528,37.404695],[-6.03552,37.405055],[-6.035673,37.405484],[-6.035496,37.40547],[-6.035173,37.405932],[-6.035631,37.406116],[-6.035151,37.405976],[-6.035045,37.406167],[-6.035481,37.406336],[-6.035502,37.406281],[-6.035639,37.406314],[-6.035553,37.406424],[-6.035256,37.406342],[-6.035045,37.406721],[-6.034816,37.406641],[-6.034617,37.406736],[-6.034619,37.406568],[-6.033435,37.406089],[-6.033311,37.406283],[-6.033198,37.406286],[-6.033031,37.406441],[-6.035604,37.407126],[-6.035608,37.407195],[-6.034896,37.407005],[-6.034793,37.407182],[-6.034785,37.406995],[-6.0341,37.406804],[-6.033989,37.407084],[-6.035598,37.40754],[-6.032487,37.406725],[-6.032491,37.406806],[-6.032818,37.406961],[-6.035537,37.407722],[-6.035387,37.407906],[-6.035023,37.407843],[-6.034795,37.40893],[-6.034958,37.409034],[-6.034354,37.409194],[-6.03418,37.409361],[-6.033885,37.409314],[-6.034027,37.409473],[-6.034352,37.409613],[-6.033197,37.409581],[-6.032998,37.40944],[-6.032662,37.409435],[-6.032625,37.409556],[-6.032328,37.409547],[-6.032285,37.409427],[-6.03172,37.409424],[-6.031346,37.409211],[-6.031346,37.408898],[-6.031688,37.408614],[-6.031506,37.408582],[-6.031555,37.408689],[-6.031352,37.408694],[-6.031179,37.408879],[-6.031119,37.409079],[-6.031192,37.409341],[-6.031431,37.409568],[-6.03226,37.409747],[-6.032325,37.409653],[-6.032619,37.409661],[-6.032614,37.409743],[-6.032979,37.409824],[-6.032561,37.410105],[-6.032464,37.410252],[-6.032201,37.411826],[-6.032048,37.411938],[-6.032056,37.412136],[-6.031968,37.412211],[-6.031719,37.413117],[-6.031287,37.413593],[-6.031576,37.413451],[-6.031918,37.413144],[-6.031736,37.414249],[-6.03172,37.414317],[-6.031579,37.414329],[-6.031512,37.414908],[-6.031295,37.414553],[-6.03106,37.414342],[-6.031042,37.414451],[-6.031159,37.414556],[-6.031369,37.415272],[-6.031334,37.416318],[-6.028874,37.416498],[-6.025723,37.417013],[-6.025002,37.417057],[-6.022139,37.417797],[-6.018151,37.419196],[-6.005354,37.424195],[-6.017722,37.419461],[-6.018361,37.419353],[-6.018561,37.419276],[-6.018489,37.41917],[-6.018807,37.419198],[-6.019182,37.41899],[-6.020033,37.418746],[-6.020928,37.418567],[-6.021986,37.418467],[-6.022901,37.418192],[-6.024,37.417983],[-6.024087,37.417909],[-6.024076,37.417639],[-6.024209,37.417564],[-6.025725,37.417073],[-6.02888,37.416558],[-6.031329,37.416381],[-6.031324,37.416949],[-6.03116,37.417367],[-6.029179,37.419799],[-6.028737,37.420601],[-6.028389,37.421836],[-6.0284,37.422881],[-6.028892,37.424306],[-6.030718,37.427843],[-6.031193,37.429653],[-6.031405,37.429706],[-6.031784,37.432073],[-6.031652,37.432566],[-6.031673,37.432849],[-6.032032,37.434008],[-6.03299,37.439748],[-6.033271,37.440928],[-6.033775,37.442374],[-6.034514,37.443802],[-6.035416,37.445114],[-6.036007,37.44583],[-6.036998,37.446894],[-6.039761,37.449566],[-6.039996,37.449636],[-6.041435,37.451289],[-6.041614,37.451248],[-6.041728,37.451649],[-6.042097,37.452121],[-6.043082,37.453841],[-6.043476,37.4548],[-6.043729,37.456023],[-6.043842,37.456002],[-6.043936,37.456108],[-6.044105,37.456915],[-6.04426,37.456973],[-6.044316,37.457251],[-6.044214,37.45738],[-6.044264,37.458046],[-6.044158,37.458229],[-6.044303,37.459577],[-6.044313,37.461032],[-6.044448,37.461153],[-6.044933,37.461182],[-6.044367,37.461228],[-6.044294,37.461328],[-6.044062,37.463673],[-6.043601,37.465109],[-6.043612,37.465397],[-6.04351,37.46567],[-6.043599,37.46619],[-6.043785,37.466312],[-6.044216,37.466337],[-6.044538,37.467447],[-5.967628,37.469723],[-5.96755,37.469208],[-5.967301,37.469196],[-5.967525,37.469154],[-5.967494,37.468939],[-5.967335,37.468907],[-5.96749,37.468831],[-5.967461,37.468669],[-5.967257,37.468656],[-5.967192,37.46873],[-5.967211,37.469216],[-5.967283,37.469304],[-5.9673,37.469732],[-5.962797,37.469864],[-5.962917,37.469829],[-5.962935,37.46972],[-5.963089,37.469608],[-5.963085,37.4695],[-5.963302,37.469278],[-5.963362,37.469079],[-5.963538,37.468948],[-5.963556,37.468821],[-5.964383,37.468026],[-5.964518,37.467428],[-5.964605,37.467353],[-5.965125,37.46734],[-5.965726,37.467091],[-5.966018,37.467066],[-5.965335,37.466939],[-5.965323,37.466633],[-5.965448,37.466359],[-5.965714,37.466226],[-5.965776,37.46608],[-5.966,37.466039],[-5.965995,37.465895],[-5.966152,37.465873],[-5.96617,37.465746],[-5.96635,37.465742],[-5.96672,37.465372],[-5.96712,37.465182],[-5.967404,37.46494],[-5.967648,37.465385],[-5.96754,37.465514],[-5.967593,37.465728],[-5.96749,37.465983],[-5.967603,37.465981],[-5.967819,37.465705],[-5.967876,37.465433],[-5.968007,37.465322],[-5.968041,37.46505],[-5.968193,37.464884],[-5.968247,37.464541],[-5.96829,37.464468],[-5.968427,37.4645],[-5.96846,37.464211],[-5.96859,37.464063],[-5.968538,37.463885],[-5.968603,37.463811],[-5.968592,37.463541],[-5.968722,37.463393],[-5.968672,37.463269],[-5.968931,37.462974],[-5.968835,37.462814],[-5.968825,37.46258],[-5.968891,37.462524],[-5.968919,37.462091],[-5.969216,37.46102],[-5.969363,37.460189],[-5.969309,37.459937],[-5.969494,37.459481],[-5.969657,37.45845],[-5.969781,37.458177],[-5.969993,37.456676],[-5.970144,37.456492],[-5.970098,37.455898],[-5.970276,37.455821],[-5.970157,37.45568],[-5.970145,37.455374],[-5.970324,37.455316],[-5.970794,37.454843],[-5.971403,37.454604],[-5.972347,37.454454],[-5.972372,37.454525],[-5.97224,37.454601],[-5.972247,37.454799],[-5.97282,37.454424],[-5.973048,37.454472],[-5.972925,37.454223],[-5.972722,37.454228],[-5.972717,37.454102],[-5.972534,37.454035],[-5.972553,37.453944],[-5.972395,37.453948],[-5.972421,37.454037],[-5.972266,37.454131],[-5.972082,37.454046],[-5.972005,37.453814],[-5.971802,37.453837],[-5.97127,37.453526],[-5.970961,37.453137],[-5.970734,37.452548],[-5.971178,37.449221],[-5.971511,37.445851],[-5.97166,37.442829],[-5.971934,37.441165],[-5.972123,37.441376],[-5.972165,37.441303],[-5.972058,37.440873],[-5.97219,37.44078],[-5.972215,37.440562],[-5.975563,37.439693],[-5.976979,37.439568],[-5.97605,37.439538],[-5.972278,37.440397],[-5.972307,37.440326],[-5.972122,37.440205],[-5.972206,37.439482],[-5.972388,37.438937],[-5.972644,37.43857],[-5.972575,37.438439],[-5.972182,37.438799],[-5.972273,37.438327],[-5.972464,37.437998],[-5.973839,37.436774],[-5.974042,37.436755],[-5.974147,37.436568],[-5.974237,37.436547],[-5.974277,37.43642],[-5.974157,37.436243],[-5.973927,37.436257],[-5.974128,37.435845],[-5.975972,37.43532],[-5.979272,37.434117],[-5.979218,37.433935],[-5.974772,37.435389],[-5.974165,37.435306],[-5.975395,37.433256],[-5.97538,37.432896],[-5.975332,37.432825],[-5.975174,37.432829],[-5.97502,37.432941],[-5.974994,37.432834],[-5.974954,37.432979],[-5.974645,37.433149],[-5.974078,37.433109],[-5.97369,37.433011],[-5.973339,37.432713],[-5.97318,37.432681],[-5.973173,37.432501],[-5.973372,37.432406],[-5.973332,37.432533],[-5.973626,37.432544],[-5.973597,37.432383],[-5.973688,37.432398],[-5.974927,37.432872],[-5.975035,37.432743],[-5.974967,37.432669],[-5.975513,37.431837],[-5.975424,37.431728],[-5.975613,37.431769],[-5.97592,37.431294],[-5.974873,37.430829],[-5.974759,37.430912],[-5.974414,37.430758],[-5.974329,37.430886],[-5.97405,37.430695],[-5.973799,37.430629],[-5.973748,37.430487],[-5.973359,37.43037],[-5.97338,37.430316],[-5.974028,37.42956],[-5.974096,37.429559],[-5.974058,37.42974],[-5.974604,37.429834],[-5.97504,37.430003],[-5.97521,37.429747],[-5.974865,37.429593],[-5.974935,37.429549],[-5.975298,37.429673],[-5.97545,37.429525],[-5.975415,37.429778],[-5.975058,37.430472],[-5.975231,37.430484],[-5.975316,37.430321],[-5.975391,37.430319],[-5.975304,37.430393],[-5.975422,37.430534],[-5.975534,37.430514],[-5.975491,37.430569],[-5.976158,37.43084],[-5.976375,37.430637],[-5.976297,37.430368],[-5.976133,37.430228],[-5.976363,37.430313],[-5.976368,37.430439],[-5.976435,37.430419],[-5.976486,37.430562],[-5.976598,37.430559],[-5.976726,37.430357],[-5.976904,37.430281],[-5.976852,37.43012],[-5.97698,37.429937],[-5.977071,37.429952],[-5.977112,37.429825],[-5.977342,37.429927],[-5.977302,37.430073],[-5.977147,37.430149],[-5.977156,37.430383],[-5.97725,37.43047],[-5.977429,37.430412],[-5.977432,37.430484],[-5.97752,37.430446],[-5.978416,37.430801],[-5.978484,37.4308],[-5.978433,37.430675],[-5.978498,37.430601],[-5.97868,37.430633],[-5.97884,37.430683],[-5.978759,37.430919],[-5.978966,37.430986],[-5.97907,37.430767],[-5.979776,37.430911],[-5.980051,37.430436],[-5.980299,37.430411],[-5.980223,37.430215],[-5.980357,37.430176],[-5.980265,37.430124],[-5.980177,37.429622],[-5.980515,37.429613],[-5.98054,37.429667],[-5.980532,37.429468],[-5.980623,37.429484],[-5.98062,37.429394],[-5.980347,37.429347],[-5.980339,37.429149],[-5.980518,37.429108],[-5.980568,37.429233],[-5.980659,37.429231],[-5.980719,37.429049],[-5.980788,37.429066],[-5.980826,37.428884],[-5.980757,37.428868],[-5.980868,37.428811],[-5.980862,37.428667],[-5.980725,37.428617],[-5.980685,37.428762],[-5.980481,37.428749],[-5.980634,37.428601],[-5.98065,37.428456],[-5.98056,37.428459],[-5.980441,37.428317],[-5.980262,37.42834],[-5.98021,37.428179],[-5.980359,37.427959],[-5.980128,37.427821],[-5.980215,37.427746],[-5.980489,37.427812],[-5.980957,37.427079],[-5.979921,37.426601],[-5.979309,37.42754],[-5.979127,37.427648],[-5.979275,37.427392],[-5.979048,37.427361],[-5.978804,37.427494],[-5.978888,37.427329],[-5.978471,37.42707],[-5.978734,37.426865],[-5.978913,37.426824],[-5.978985,37.426912],[-5.979023,37.426749],[-5.978955,37.426733],[-5.97895,37.426607],[-5.979142,37.426332],[-5.979138,37.426224],[-5.978907,37.426085],[-5.978876,37.425888],[-5.979049,37.425685],[-5.97891,37.425599],[-5.979134,37.425539],[-5.979107,37.42545],[-5.979218,37.425393],[-5.979192,37.425303],[-5.979102,37.425306],[-5.97921,37.425177],[-5.979184,37.425105],[-5.979295,37.425048],[-5.97927,37.424977],[-5.979379,37.424884],[-5.979332,37.424831],[-5.979629,37.424355],[-5.979721,37.424389],[-5.979692,37.424246],[-5.979139,37.423971],[-5.978981,37.423957],[-5.978833,37.424231],[-5.978765,37.424233],[-5.978936,37.423976],[-5.978844,37.423943],[-5.978864,37.42387],[-5.978751,37.423873],[-5.978556,37.424076],[-5.978616,37.423876],[-5.97843,37.423755],[-5.978469,37.423592],[-5.978376,37.42354],[-5.978557,37.423535],[-5.978518,37.42368],[-5.978657,37.423785],[-5.978606,37.423642],[-5.978718,37.423603],[-5.978787,37.423638],[-5.978743,37.423675],[-5.979823,37.424116],[-5.979925,37.423843],[-5.979512,37.423691],[-5.979615,37.423437],[-5.979835,37.423287],[-5.979661,37.423453],[-5.979601,37.423653],[-5.980014,37.423805],[-5.980313,37.423365],[-5.980307,37.423221],[-5.979985,37.423067],[-5.979834,37.423269],[-5.979829,37.423143],[-5.979962,37.423067],[-5.979824,37.422999],[-5.97991,37.422906],[-5.979037,37.422532],[-5.978797,37.422178],[-5.979477,37.421674],[-5.979681,37.421669],[-5.979812,37.421557],[-5.97967,37.421399],[-5.979443,37.421386],[-5.978976,37.42156],[-5.978782,37.4218],[-5.978463,37.421736],[-5.97804,37.42189],[-5.977294,37.421315],[-5.977104,37.421067],[-5.976978,37.420746],[-5.977199,37.420614],[-5.977079,37.420437],[-5.977091,37.420184],[-5.977181,37.420182],[-5.977196,37.419983],[-5.977056,37.419861],[-5.976922,37.419918],[-5.976883,37.420063],[-5.976786,37.419904],[-5.9768,37.419669],[-5.976508,37.419712],[-5.976504,37.419622],[-5.97718,37.419587],[-5.977187,37.419749],[-5.977255,37.419748],[-5.977248,37.419586],[-5.977577,37.419325],[-5.977638,37.419161],[-5.977586,37.418982],[-5.977866,37.418651],[-5.977904,37.41847],[-5.977808,37.41831],[-5.977892,37.418146],[-5.977496,37.417867],[-5.977508,37.417597],[-5.977953,37.416847],[-5.977856,37.416687],[-5.977379,37.416627],[-5.976983,37.416889],[-5.97686,37.417199],[-5.976956,37.41734],[-5.97683,37.417596],[-5.976865,37.417901],[-5.976984,37.418042],[-5.976831,37.418172],[-5.976695,37.418176],[-5.976425,37.417624],[-5.976547,37.417297],[-5.97611,37.416533],[-5.97603,37.41621],[-5.976405,37.415985],[-5.976574,37.415692],[-5.976349,37.415698],[-5.976344,37.41559],[-5.976028,37.41558],[-5.974948,37.415932],[-5.974842,37.415682],[-5.976108,37.415325],[-5.976149,37.415234],[-5.976081,37.415218],[-5.976262,37.415231],[-5.976326,37.415122],[-5.976574,37.415115],[-5.976714,37.41522],[-5.976845,37.415109],[-5.976743,37.414823],[-5.976854,37.414766],[-5.976903,37.414855],[-5.977154,37.414939],[-5.977381,37.414951],[-5.977401,37.414878],[-5.97758,37.414838],[-5.977684,37.415195],[-5.977552,37.415271],[-5.977823,37.415282],[-5.977917,37.414793],[-5.977844,37.414669],[-5.97811,37.414536],[-5.978383,37.414583],[-5.978466,37.414401],[-5.978826,37.414356],[-5.978799,37.414248],[-5.978663,37.414234],[-5.978645,37.41436],[-5.978462,37.414293],[-5.978398,37.414385],[-5.978217,37.414389],[-5.978436,37.414221],[-5.978275,37.414135],[-5.978314,37.41399],[-5.978147,37.41376],[-5.978057,37.413762],[-5.978093,37.413527],[-5.977908,37.413424],[-5.978064,37.413366],[-5.977923,37.413243],[-5.977156,37.413027],[-5.977691,37.413087],[-5.977642,37.412998],[-5.977776,37.412959],[-5.977581,37.412585],[-5.977305,37.412466],[-5.977505,37.412371],[-5.977324,37.412375],[-5.977336,37.412105],[-5.977122,37.41184],[-5.977154,37.411497],[-5.977039,37.411463],[-5.976907,37.411557],[-5.977253,37.410767],[-5.976985,37.410654],[-5.977297,37.410556],[-5.977291,37.410412],[-5.977425,37.410354],[-5.975941,37.409977],[-5.975974,37.40967],[-5.976086,37.409631],[-5.976036,37.409524],[-5.975853,37.409457],[-5.976234,37.409393],[-5.97653,37.40944],[-5.976612,37.409239],[-5.975633,37.409048],[-5.975288,37.408894],[-5.974995,37.408902],[-5.974921,37.408741],[-5.97498,37.408524],[-5.975151,37.408285],[-5.975419,37.408188],[-5.975349,37.408136],[-5.975306,37.408191],[-5.975325,37.408101],[-5.975162,37.407978],[-5.975151,37.408267],[-5.974975,37.408398],[-5.974943,37.408146],[-5.974594,37.407903],[-5.974337,37.40827],[-5.97462,37.408551],[-5.973909,37.408298],[-5.973741,37.40805],[-5.97365,37.408035],[-5.973655,37.408161],[-5.973368,37.408312],[-5.973308,37.408512],[-5.973469,37.40858],[-5.973617,37.4089],[-5.973504,37.408903],[-5.973499,37.408777],[-5.973156,37.408678],[-5.973025,37.408789],[-5.973052,37.408897],[-5.972898,37.408991],[-5.972949,37.409152],[-5.973288,37.409161],[-5.973283,37.409035],[-5.973424,37.409176],[-5.973199,37.409181],[-5.973134,37.409255],[-5.97304,37.409167],[-5.972734,37.40921],[-5.972491,37.409578],[-5.972607,37.409647],[-5.972539,37.409648],[-5.972588,37.409737],[-5.972787,37.409624],[-5.972814,37.409732],[-5.973067,37.409851],[-5.972798,37.409912],[-5.972341,37.409762],[-5.972346,37.409894],[-5.97276,37.410093],[-5.972515,37.410172],[-5.972236,37.40998],[-5.972128,37.410091],[-5.972177,37.410198],[-5.972267,37.410196],[-5.972181,37.410306],[-5.972155,37.410199],[-5.972064,37.410183],[-5.972044,37.410256],[-5.971884,37.410224],[-5.971619,37.410356],[-5.971379,37.410002],[-5.971153,37.410008],[-5.971088,37.410081],[-5.97105,37.410263],[-5.971389,37.410272],[-5.971379,37.410579],[-5.971221,37.410583],[-5.971343,37.410814],[-5.971255,37.41087],[-5.971239,37.411051],[-5.971104,37.411054],[-5.970866,37.411312],[-5.970943,37.411545],[-5.970857,37.411655],[-5.970948,37.411689],[-5.970837,37.411728],[-5.970798,37.411891],[-5.970549,37.411879],[-5.97051,37.412042],[-5.970399,37.412081],[-5.970383,37.412244],[-5.970295,37.4123],[-5.970321,37.412389],[-5.970434,37.412405],[-5.97043,37.412297],[-5.97063,37.412201],[-5.970634,37.412309],[-5.970774,37.412414],[-5.970614,37.412364],[-5.970463,37.412548],[-5.970899,37.412735],[-5.970765,37.412757],[-5.970648,37.412651],[-5.970397,37.412604],[-5.97027,37.412823],[-5.970729,37.41301],[-5.970709,37.413064],[-5.970189,37.412886],[-5.969879,37.413211],[-5.970015,37.413226],[-5.970042,37.413333],[-5.970133,37.413349],[-5.969807,37.413285],[-5.969552,37.413528],[-5.970014,37.413767],[-5.969994,37.413839],[-5.96942,37.413601],[-5.96922,37.413888],[-5.970929,37.414627],[-5.970909,37.414699],[-5.970753,37.414757],[-5.970477,37.41462],[-5.970427,37.414513],[-5.970157,37.41452],[-5.970037,37.414361],[-5.969832,37.414312],[-5.969806,37.414222],[-5.969786,37.414295],[-5.969422,37.414232],[-5.969049,37.413935],[-5.969041,37.414296],[-5.96888,37.414228],[-5.96877,37.414321],[-5.968888,37.414426],[-5.969065,37.414331],[-5.96894,37.414605],[-5.969064,37.41489],[-5.968796,37.414969],[-5.968613,37.414919],[-5.968702,37.414881],[-5.968647,37.41463],[-5.968554,37.41456],[-5.968375,37.414601],[-5.968101,37.414536],[-5.968164,37.414408],[-5.968279,37.414459],[-5.96841,37.414348],[-5.968246,37.414208],[-5.968114,37.414283],[-5.968244,37.414154],[-5.968173,37.414065],[-5.96838,37.41415],[-5.968398,37.414042],[-5.968509,37.414003],[-5.968674,37.414161],[-5.968739,37.414105],[-5.968854,37.414156],[-5.968852,37.414084],[-5.968761,37.414087],[-5.968871,37.413994],[-5.968801,37.413959],[-5.968843,37.413868],[-5.968724,37.413727],[-5.969091,37.413844],[-5.969222,37.413751],[-5.969323,37.413442],[-5.969074,37.41343],[-5.968515,37.412993],[-5.968339,37.412547],[-5.968332,37.412367],[-5.968443,37.41231],[-5.968169,37.412245],[-5.967868,37.412055],[-5.967748,37.411877],[-5.967611,37.411845],[-5.967501,37.41192],[-5.967408,37.41185],[-5.967077,37.412056],[-5.967185,37.412504],[-5.967323,37.412555],[-5.967234,37.412611],[-5.967282,37.412682],[-5.966998,37.412905],[-5.967027,37.413085],[-5.967207,37.413062],[-5.967182,37.412991],[-5.967292,37.412934],[-5.967478,37.413056],[-5.967635,37.413034],[-5.967744,37.412941],[-5.967738,37.412779],[-5.967907,37.412468],[-5.968273,37.412585],[-5.968208,37.412677],[-5.968029,37.412699],[-5.968172,37.412894],[-5.96811,37.41304],[-5.967975,37.413061],[-5.967948,37.412954],[-5.96779,37.41294],[-5.967837,37.412992],[-5.967706,37.413104],[-5.967754,37.413193],[-5.967576,37.413251],[-5.967335,37.413438],[-5.96736,37.413491],[-5.967159,37.413568],[-5.967043,37.413481],[-5.966934,37.413574],[-5.967029,37.413716],[-5.966898,37.413827],[-5.967064,37.414021],[-5.966909,37.414097],[-5.966935,37.414186],[-5.966843,37.414135],[-5.966689,37.414247],[-5.966806,37.414352],[-5.96672,37.414462],[-5.966884,37.414602],[-5.96682,37.414694],[-5.966959,37.414799],[-5.966872,37.414873],[-5.966966,37.414979],[-5.967166,37.414884],[-5.967026,37.414761],[-5.967089,37.414651],[-5.966973,37.414564],[-5.967058,37.414436],[-5.967112,37.414651],[-5.96747,37.41457],[-5.96754,37.41464],[-5.967502,37.414803],[-5.96737,37.414896],[-5.967463,37.414966],[-5.967374,37.415004],[-5.967399,37.415058],[-5.967534,37.415036],[-5.967641,37.414908],[-5.967783,37.415066],[-5.96789,37.414919],[-5.967851,37.415065],[-5.967964,37.415062],[-5.967936,37.414936],[-5.968072,37.414951],[-5.968159,37.414859],[-5.968112,37.414806],[-5.968314,37.414783],[-5.968152,37.414679],[-5.968376,37.414637],[-5.968386,37.414871],[-5.968275,37.414928],[-5.968236,37.415091],[-5.968014,37.415187],[-5.967932,37.415405],[-5.968004,37.415511],[-5.967806,37.415642],[-5.967809,37.415714],[-5.968016,37.415817],[-5.968049,37.416069],[-5.967709,37.416059],[-5.967523,37.415902],[-5.967215,37.416126],[-5.967281,37.41607],[-5.967211,37.416018],[-5.967345,37.415996],[-5.967269,37.415782],[-5.966782,37.41547],[-5.966535,37.415494],[-5.966383,37.41566],[-5.966431,37.415713],[-5.966696,37.41558],[-5.967137,37.415875],[-5.966986,37.416041],[-5.966824,37.415937],[-5.966711,37.415958],[-5.966692,37.416049],[-5.966922,37.416151],[-5.966953,37.416367],[-5.96675,37.416372],[-5.966723,37.416246],[-5.966469,37.416108],[-5.966429,37.416254],[-5.966589,37.416304],[-5.966592,37.416376],[-5.966393,37.416471],[-5.966444,37.416614],[-5.966332,37.416653],[-5.966259,37.416528],[-5.966222,37.416727],[-5.966111,37.416784],[-5.965951,37.416734],[-5.966023,37.41684],[-5.965982,37.41695],[-5.966253,37.416943],[-5.966305,37.417122],[-5.965807,37.417098],[-5.965848,37.416989],[-5.965621,37.416959],[-5.965314,37.416624],[-5.965318,37.416732],[-5.965183,37.416735],[-5.965076,37.416882],[-5.965287,37.417075],[-5.965446,37.417107],[-5.96545,37.417197],[-5.965202,37.417222],[-5.964895,37.417463],[-5.964856,37.417609],[-5.964933,37.417841],[-5.96522,37.417672],[-5.965937,37.417509],[-5.966117,37.417505],[-5.966145,37.41763],[-5.966375,37.417751],[-5.966396,37.417696],[-5.96621,37.417575],[-5.966274,37.417465],[-5.96659,37.417475],[-5.967344,37.417114],[-5.967502,37.41711],[-5.967389,37.417095],[-5.967404,37.416896],[-5.968311,37.416785],[-5.968163,37.416102],[-5.968226,37.415992],[-5.968345,37.416128],[-5.968527,37.416068],[-5.968292,37.415925],[-5.968404,37.415804],[-5.968786,37.4158],[-5.96895,37.415952],[-5.969246,37.415931],[-5.96922,37.415768],[-5.969463,37.415724],[-5.969496,37.415776],[-5.969341,37.415805],[-5.96958,37.416499],[-5.970454,37.416333],[-5.970399,37.416082],[-5.970466,37.416062],[-5.970483,37.415917],[-5.970574,37.415933],[-5.970558,37.416096],[-5.970897,37.416105],[-5.970606,37.416167],[-5.970635,37.416328],[-5.971375,37.416201],[-5.971691,37.416193],[-5.971693,37.416247],[-5.973536,37.41593],[-5.973613,37.416212],[-5.972101,37.416451],[-5.971724,37.416445],[-5.971615,37.416538],[-5.971475,37.416433],[-5.971342,37.416509],[-5.971281,37.416672],[-5.969979,37.416885],[-5.969818,37.416817],[-5.969822,37.416907],[-5.969554,37.416986],[-5.969506,37.416933],[-5.969168,37.416942],[-5.969013,37.417036],[-5.968808,37.416987],[-5.968633,37.417135],[-5.968447,37.416996],[-5.968362,37.417142],[-5.968091,37.417131],[-5.967846,37.417227],[-5.968281,37.417378],[-5.968688,37.417368],[-5.968579,37.417479],[-5.968675,37.417621],[-5.968443,37.418041],[-5.968741,37.418142],[-5.968703,37.418341],[-5.968631,37.418235],[-5.968675,37.418198],[-5.968517,37.418202],[-5.968445,37.418095],[-5.968361,37.418241],[-5.968501,37.418364],[-5.968293,37.418243],[-5.96814,37.418391],[-5.967983,37.418413],[-5.967946,37.418612],[-5.967772,37.418797],[-5.96782,37.418868],[-5.967567,37.419307],[-5.967296,37.419313],[-5.966541,37.41908],[-5.966634,37.419327],[-5.96622,37.420115],[-5.965972,37.420122],[-5.96549,37.419935],[-5.965358,37.420011],[-5.965037,37.419911],[-5.964996,37.42002],[-5.965133,37.420053],[-5.965113,37.420107],[-5.964963,37.420327],[-5.964734,37.420243],[-5.964652,37.420443],[-5.964497,37.420537],[-5.964463,37.420808],[-5.96431,37.420956],[-5.964252,37.42121],[-5.964164,37.421266],[-5.964171,37.421428],[-5.96404,37.421558],[-5.964292,37.421642],[-5.964296,37.421732],[-5.964545,37.421743],[-5.964664,37.421903],[-5.964822,37.421899],[-5.96485,37.422042],[-5.96467,37.422065],[-5.964644,37.421975],[-5.964437,37.421872],[-5.963942,37.421939],[-5.964319,37.422326],[-5.964502,37.422375],[-5.964345,37.422415],[-5.96375,37.422232],[-5.963396,37.42298],[-5.963239,37.423002],[-5.962437,37.422733],[-5.962228,37.422576],[-5.962269,37.422485],[-5.962158,37.422542],[-5.962086,37.422418],[-5.961811,37.422335],[-5.961677,37.422356],[-5.961593,37.422538],[-5.961327,37.422653],[-5.961199,37.422854],[-5.961217,37.422746],[-5.960556,37.4226],[-5.960508,37.422529],[-5.960285,37.422589],[-5.959646,37.422443],[-5.959713,37.422405],[-5.959643,37.422353],[-5.95949,37.422483],[-5.959628,37.422551],[-5.959608,37.422624],[-5.95947,37.422555],[-5.959089,37.422637],[-5.959249,37.422669],[-5.959276,37.422795],[-5.95903,37.422855],[-5.958947,37.423037],[-5.958899,37.422966],[-5.958742,37.423006],[-5.958745,37.423078],[-5.958395,37.423375],[-5.958537,37.423534],[-5.95777,37.42413],[-5.956433,37.424037],[-5.956314,37.423896],[-5.95645,37.423911],[-5.956515,37.423819],[-5.956466,37.42373],[-5.956075,37.423559],[-5.955563,37.423753],[-5.955544,37.423843],[-5.955272,37.423832],[-5.955141,37.423943],[-5.955027,37.42391],[-5.955001,37.423821],[-5.954779,37.423916],[-5.95464,37.42383],[-5.954347,37.423873],[-5.954277,37.423803],[-5.954145,37.423896],[-5.954143,37.423842],[-5.953148,37.423831],[-5.951977,37.423914],[-5.951485,37.424053],[-5.951447,37.424234],[-5.951583,37.424249],[-5.954698,37.424171],[-5.957791,37.424389],[-5.957611,37.424635],[-5.9572,37.424577],[-5.957181,37.424685],[-5.957048,37.424743],[-5.957142,37.42483],[-5.957207,37.424775],[-5.957234,37.424882],[-5.957167,37.424902],[-5.956487,37.424847],[-5.956241,37.424907],[-5.955717,37.424794],[-5.955223,37.424878],[-5.955035,37.424685],[-5.954947,37.424759],[-5.954583,37.424696],[-5.953627,37.42508],[-5.952769,37.425102],[-5.952394,37.425346],[-5.952147,37.42537],[-5.952028,37.425229],[-5.951736,37.425272],[-5.952058,37.425408],[-5.951837,37.42554],[-5.9517,37.425507],[-5.951694,37.425345],[-5.951601,37.425293],[-5.951397,37.424704],[-5.951685,37.424534],[-5.951153,37.42459],[-5.951007,37.424192],[-5.951194,37.424132],[-5.9509,37.423545],[-5.950868,37.423311],[-5.950935,37.423292],[-5.950973,37.42311],[-5.952529,37.423017],[-5.952804,37.423119],[-5.953476,37.422976],[-5.953839,37.423003],[-5.954038,37.42289],[-5.954606,37.422966],[-5.954716,37.422909],[-5.95462,37.422767],[-5.954706,37.422657],[-5.954926,37.422489],[-5.955106,37.422484],[-5.955163,37.422771],[-5.954781,37.422835],[-5.954832,37.422978],[-5.955259,37.422913],[-5.955407,37.423234],[-5.95626,37.423086],[-5.956155,37.422711],[-5.956581,37.422646],[-5.956579,37.422592],[-5.95653,37.422485],[-5.956148,37.422548],[-5.956113,37.422225],[-5.956384,37.422218],[-5.956594,37.422393],[-5.956707,37.42239],[-5.957714,37.422149],[-5.957893,37.421514],[-5.95792,37.421062],[-5.958504,37.420976],[-5.958918,37.420587],[-5.959166,37.420563],[-5.959185,37.42049],[-5.95869,37.420539],[-5.958469,37.42067],[-5.958522,37.42029],[-5.958691,37.41998],[-5.959132,37.419716],[-5.959368,37.419386],[-5.959383,37.419188],[-5.959647,37.419019],[-5.959641,37.418875],[-5.960409,37.418279],[-5.961372,37.418056],[-5.961387,37.417876],[-5.961229,37.41788],[-5.961088,37.417739],[-5.960908,37.417762],[-5.960177,37.417564],[-5.960053,37.417279],[-5.960185,37.417185],[-5.960389,37.417198],[-5.96055,37.417284],[-5.96053,37.417339],[-5.960732,37.417316],[-5.960734,37.41737],[-5.961213,37.417484],[-5.961394,37.417479],[-5.961297,37.417301],[-5.96166,37.417346],[-5.961654,37.417184],[-5.961336,37.417156],[-5.961331,37.41703],[-5.961553,37.416935],[-5.96127,37.416635],[-5.961332,37.41649],[-5.961291,37.416004],[-5.961357,37.415966],[-5.961287,37.415337],[-5.961092,37.414964],[-5.960724,37.414811],[-5.960926,37.414788],[-5.9609,37.414698],[-5.961189,37.414565],[-5.961118,37.414495],[-5.961183,37.414421],[-5.961115,37.414405],[-5.9611,37.414045],[-5.96119,37.414024],[-5.961193,37.41352],[-5.96126,37.413518],[-5.961269,37.413157],[-5.961358,37.413119],[-5.961053,37.412838],[-5.961121,37.412837],[-5.961149,37.412403],[-5.961217,37.412402],[-5.961251,37.412131],[-5.961424,37.411946],[-5.961583,37.41196],[-5.961666,37.41176],[-5.962089,37.411605],[-5.962077,37.411299],[-5.962229,37.411151],[-5.962996,37.411114],[-5.963779,37.410355],[-5.964036,37.409988],[-5.964343,37.409764],[-5.964928,37.409696],[-5.965095,37.409926],[-5.965185,37.409923],[-5.9652,37.410301],[-5.96511,37.410304],[-5.965096,37.41052],[-5.965129,37.41079],[-5.965535,37.41078],[-5.965745,37.410937],[-5.965481,37.411105],[-5.965046,37.412107],[-5.965056,37.412377],[-5.965398,37.412441],[-5.965793,37.412143],[-5.966105,37.412045],[-5.966323,37.411841],[-5.966503,37.411837],[-5.96661,37.411672],[-5.966702,37.411705],[-5.966569,37.411204],[-5.966408,37.411136],[-5.966378,37.410939],[-5.966214,37.410799],[-5.96616,37.410566],[-5.965926,37.410373],[-5.965918,37.410157],[-5.965801,37.41007],[-5.965763,37.409675],[-5.965625,37.409606],[-5.965555,37.408977],[-5.965391,37.408837],[-5.965324,37.40828],[-5.965102,37.407799],[-5.965115,37.407564],[-5.964994,37.407369],[-5.964936,37.407046],[-5.965157,37.406915],[-5.964786,37.406672],[-5.964762,37.406059],[-5.964623,37.405973],[-5.964686,37.405845],[-5.964505,37.40585],[-5.964522,37.405705],[-5.964376,37.405438],[-5.964762,37.405483],[-5.964901,37.405587],[-5.964977,37.405784],[-5.965112,37.40578],[-5.964897,37.406056],[-5.964998,37.406324],[-5.965067,37.40634],[-5.964982,37.406486],[-5.965249,37.40639],[-5.965797,37.406538],[-5.965838,37.406429],[-5.966357,37.406398],[-5.966398,37.406307],[-5.966692,37.406317],[-5.966694,37.406371],[-5.96685,37.406313]]],[[[-5.991334,37.409048],[-5.991094,37.409252],[-5.991055,37.409397],[-5.990784,37.409404],[-5.990592,37.409697],[-5.99035,37.409848],[-5.990376,37.409937],[-5.990289,37.410029],[-5.990339,37.410154],[-5.990137,37.410177],[-5.989867,37.410779],[-5.989666,37.410838],[-5.989721,37.411089],[-5.989586,37.411092],[-5.989612,37.411182],[-5.989452,37.411132],[-5.98941,37.411223],[-5.989505,37.411329],[-5.989321,37.411243],[-5.989105,37.411501],[-5.989088,37.411646],[-5.989182,37.411733],[-5.989096,37.411844],[-5.988959,37.411811],[-5.98894,37.411884],[-5.989124,37.411969],[-5.989212,37.411913],[-5.989217,37.412039],[-5.989128,37.412077],[-5.98908,37.412006],[-5.988785,37.411978],[-5.988744,37.412069],[-5.988859,37.412138],[-5.98868,37.412179],[-5.988441,37.412401],[-5.988598,37.412379],[-5.988601,37.412469],[-5.98851,37.412453],[-5.98838,37.412583],[-5.988499,37.412742],[-5.988305,37.412963],[-5.988193,37.412984],[-5.988,37.413259],[-5.988199,37.413723],[-5.988291,37.413756],[-5.988272,37.413847],[-5.98841,37.413915],[-5.988857,37.413796],[-5.989129,37.413487],[-5.991462,37.413519],[-5.991967,37.41359],[-5.992089,37.413822],[-5.992658,37.413916],[-5.993353,37.414349],[-5.993509,37.414309],[-5.993592,37.414109],[-5.993905,37.413847],[-5.994235,37.413715],[-5.994906,37.413625],[-5.998523,37.413695],[-5.998562,37.41357],[-6.004628,37.413634],[-6.004688,37.414187],[-6.004601,37.41428],[-6.004617,37.414658],[-6.004489,37.414859],[-6.004457,37.415184],[-6.004552,37.415308],[-6.005126,37.415528],[-6.005094,37.415853],[-6.004214,37.415893],[-6.004348,37.415854],[-6.004433,37.415726],[-6.004366,37.415727],[-6.004339,37.41562],[-6.004134,37.415589],[-6.004024,37.415664],[-6.003616,37.41562],[-6.003463,37.41575],[-6.003149,37.415812],[-6.002941,37.41625],[-6.002959,37.4167],[-6.003121,37.416804],[-6.0033,37.416764],[-6.003308,37.417538],[-6.003292,37.417683],[-6.003198,37.417613],[-6.002997,37.417672],[-6.002846,37.418415],[-6.002992,37.418664],[-6.003224,37.41882],[-6.003721,37.418825],[-6.003777,37.419094],[-6.003712,37.41915],[-6.003809,37.419328],[-6.003945,37.419324],[-6.003979,37.419053],[-6.004226,37.419029],[-6.004215,37.419299],[-6.004288,37.419442],[-6.004199,37.41948],[-6.004205,37.419624],[-6.004346,37.419746],[-6.004887,37.419715],[-6.004844,37.420347],[-6.004996,37.420757],[-6.004846,37.420959],[-6.004852,37.421103],[-6.004968,37.42119],[-6.004886,37.421391],[-6.004935,37.421498],[-6.004652,37.421757],[-6.004613,37.42192],[-6.00419,37.422075],[-6.00432,37.422504],[-6.003534,37.423173],[-6.003543,37.423407],[-6.003011,37.423673],[-6.002708,37.424005],[-6.002399,37.424175],[-6.002247,37.424341],[-6.002313,37.42449],[-6.002714,37.424149],[-6.002829,37.4242],[-6.002824,37.424074],[-6.002983,37.424088],[-6.003225,37.423938],[-6.003243,37.423829],[-6.003379,37.423826],[-6.003351,37.423682],[-6.003415,37.423591],[-6.003506,37.423606],[-6.003604,37.423243],[-6.003846,37.423075],[-6.003754,37.423041],[-6.003887,37.422966],[-6.004137,37.422996],[-6.00549,37.421819],[-6.0059,37.421567],[-6.006527,37.42078],[-6.006788,37.420199],[-6.007355,37.418156],[-6.007174,37.418161],[-6.007171,37.418071],[-6.007375,37.418102],[-6.007461,37.418001],[-6.007616,37.41707],[-6.007737,37.416924],[-6.007936,37.416198],[-6.007829,37.415891],[-6.007526,37.415665],[-6.007678,37.415517],[-6.007691,37.415264],[-6.00778,37.415226],[-6.007751,37.415064],[-6.00761,37.414942],[-6.007384,37.41493],[-6.007585,37.41487],[-6.007559,37.414799],[-6.007754,37.414578],[-6.007705,37.414489],[-6.007975,37.413706],[-6.013163,37.41378],[-6.013518,37.413878],[-6.01516,37.41383],[-6.015269,37.413744],[-6.015307,37.41357],[-6.015206,37.413477],[-6.013461,37.413373],[-6.013315,37.413466],[-6.012972,37.413492],[-6.00805,37.413442],[-6.008064,37.412732],[-6.007877,37.412574],[-6.007512,37.412494],[-6.007379,37.412551],[-6.007308,37.412481],[-6.006974,37.412597],[-6.006679,37.412569],[-6.006661,37.412677],[-6.005666,37.412893],[-6.00515,37.413145],[-6.00463,37.413288],[-6.004629,37.413403],[-5.998538,37.41331],[-5.998526,37.413191],[-5.994888,37.413175],[-5.994409,37.413061],[-5.99426,37.413097],[-5.993928,37.412963],[-5.993478,37.412381],[-5.991949,37.413142],[-5.991257,37.413209],[-5.989124,37.413161],[-5.989089,37.412799],[-5.989474,37.412267],[-5.989589,37.4123],[-5.98974,37.412116],[-5.989781,37.412025],[-5.989624,37.412047],[-5.989617,37.411885],[-5.989814,37.411717],[-5.989788,37.411628],[-5.989941,37.411498],[-5.989935,37.411354],[-5.990091,37.411296],[-5.990798,37.410323],[-5.990794,37.410233],[-5.991056,37.409992],[-5.991028,37.409867],[-5.991249,37.409735],[-5.99148,37.409296],[-5.991677,37.409129],[-5.991708,37.408786],[-5.991334,37.409048]]],[[[-6.029182,37.390098],[-6.029357,37.390022],[-6.029351,37.389878],[-6.027334,37.390254],[-6.027209,37.390509],[-6.027414,37.390558],[-6.027019,37.390857],[-6.027067,37.390927],[-6.027319,37.390849],[-6.028396,37.390337],[-6.029182,37.390098]]],[[[-5.985242,37.398984],[-5.984533,37.398768],[-5.984621,37.398711],[-5.984965,37.398829],[-5.985029,37.398755],[-5.985146,37.39886],[-5.985486,37.398888],[-5.985524,37.398688],[-5.985275,37.398677],[-5.985308,37.398388],[-5.985082,37.398375],[-5.985144,37.39823],[-5.98507,37.398069],[-5.985229,37.398083],[-5.985944,37.396768],[-5.985919,37.396696],[-5.985575,37.396579],[-5.985814,37.396338],[-5.985996,37.396352],[-5.985991,37.396244],[-5.985808,37.396176],[-5.985849,37.396085],[-5.985663,37.395928],[-5.985962,37.396082],[-5.986058,37.396224],[-5.986599,37.396192],[-5.986585,37.396409],[-5.986247,37.396418],[-5.986264,37.396273],[-5.986105,37.396259],[-5.986035,37.396765],[-5.985319,37.398081],[-5.985458,37.398168],[-5.985977,37.398154],[-5.98597,37.397974],[-5.98581,37.397924],[-5.985977,37.397596],[-5.986474,37.397583],[-5.986569,37.39713],[-5.987064,37.3971],[-5.987118,37.396756],[-5.987027,37.39674],[-5.987025,37.396668],[-5.987181,37.396628],[-5.987199,37.39652],[-5.986767,37.39644],[-5.986734,37.396171],[-5.987591,37.396149],[-5.987256,37.395671],[-5.987631,37.396022],[-5.987921,37.395925],[-5.987847,37.396323],[-5.988231,37.396331],[-5.988218,37.396007],[-5.988354,37.396022],[-5.988366,37.396328],[-5.989716,37.396186],[-5.990237,37.396227],[-5.990222,37.395848],[-5.989727,37.395897],[-5.989702,37.395844],[-5.990195,37.395741],[-5.990367,37.394962],[-5.98914,37.394777],[-5.989137,37.394687],[-5.989023,37.394653],[-5.988579,37.394863],[-5.98854,37.395026],[-5.98845,37.395028],[-5.988445,37.394902],[-5.988081,37.394821],[-5.988167,37.394711],[-5.988346,37.394688],[-5.988509,37.394811],[-5.989016,37.394491],[-5.989117,37.394182],[-5.988885,37.394044],[-5.98888,37.393918],[-5.989204,37.394108],[-5.989537,37.393379],[-5.989628,37.393413],[-5.989319,37.394159],[-5.990336,37.394728],[-5.990362,37.394836],[-5.990567,37.394867],[-5.99057,37.394939],[-5.991215,37.395247],[-5.991282,37.395227],[-5.991528,37.394608],[-5.990328,37.394548],[-5.990326,37.394476],[-5.991525,37.394536],[-5.991607,37.394336],[-5.991542,37.393833],[-5.99179,37.393808],[-5.991726,37.393918],[-5.991808,37.394276],[-5.991674,37.394316],[-5.991594,37.394552],[-5.992512,37.394367],[-5.992552,37.39424],[-5.992587,37.394545],[-5.99297,37.394517],[-5.992974,37.394607],[-5.992634,37.394598],[-5.992745,37.3951],[-5.993193,37.395016],[-5.993497,37.394702],[-5.993763,37.394587],[-5.993734,37.394426],[-5.993805,37.394496],[-5.994142,37.394452],[-5.994063,37.394183],[-5.99377,37.394191],[-5.993795,37.393686],[-5.993652,37.393491],[-5.993651,37.392896],[-5.992294,37.392859],[-5.992224,37.393365],[-5.992168,37.393096],[-5.99187,37.392995],[-5.991933,37.392868],[-5.992045,37.392847],[-5.991975,37.392795],[-5.992013,37.392613],[-5.991936,37.392363],[-5.991526,37.392283],[-5.991612,37.392173],[-5.991952,37.392218],[-5.992058,37.391459],[-5.992143,37.391331],[-5.992043,37.392216],[-5.99245,37.392224],[-5.992497,37.391718],[-5.992676,37.391677],[-5.992719,37.391046],[-5.992787,37.391062],[-5.992768,37.391711],[-5.992657,37.39175],[-5.992638,37.391859],[-5.993328,37.392166],[-5.993011,37.392156],[-5.992916,37.392032],[-5.992619,37.391931],[-5.992541,37.392258],[-5.992316,37.392281],[-5.992401,37.392712],[-5.993373,37.392723],[-5.993571,37.392592],[-5.993578,37.392213],[-5.993351,37.392183],[-5.99353,37.392124],[-5.993518,37.391836],[-5.993257,37.390383],[-5.992448,37.390476],[-5.992387,37.390658],[-5.992376,37.39037],[-5.992285,37.390372],[-5.992371,37.390262],[-5.992345,37.390154],[-5.992412,37.390134],[-5.992467,37.390403],[-5.992986,37.390372],[-5.992952,37.390103],[-5.993036,37.389938],[-5.992967,37.389904],[-5.992983,37.389741],[-5.993252,37.389681],[-5.993294,37.390166],[-5.994282,37.390033],[-5.994245,37.389673],[-5.99435,37.390031],[-5.994663,37.389951],[-5.994529,37.389432],[-5.994911,37.389386],[-5.994899,37.38908],[-5.994539,37.389107],[-5.994473,37.389163],[-5.994524,37.389306],[-5.994457,37.389308],[-5.994381,37.389111],[-5.994179,37.389134],[-5.994235,37.389421],[-5.993556,37.389385],[-5.993619,37.389257],[-5.993822,37.389252],[-5.994042,37.389102],[-5.993852,37.388296],[-5.993632,37.387887],[-5.993768,37.387901],[-5.993638,37.386896],[-5.99384,37.386872],[-5.993847,37.387034],[-5.993756,37.387037],[-5.993821,37.387522],[-5.994113,37.387496],[-5.994039,37.386759],[-5.993386,37.386812],[-5.993455,37.387405],[-5.993554,37.387619],[-5.993485,37.387602],[-5.993362,37.387353],[-5.993318,37.386814],[-5.993092,37.386801],[-5.993131,37.387215],[-5.993081,37.38709],[-5.992945,37.387075],[-5.993002,37.386822],[-5.992461,37.386835],[-5.992419,37.38635],[-5.992281,37.386281],[-5.992314,37.385974],[-5.992427,37.385989],[-5.992461,37.386277],[-5.992641,37.386254],[-5.992628,37.386489],[-5.992726,37.386684],[-5.993987,37.38658],[-5.993826,37.385377],[-5.993646,37.3854],[-5.993613,37.385148],[-5.993163,37.385178],[-5.993146,37.385322],[-5.992961,37.385201],[-5.993534,37.384862],[-5.993197,37.38433],[-5.993083,37.384297],[-5.993145,37.384169],[-5.993612,37.383977],[-5.993421,37.383729],[-5.993533,37.38369],[-5.993528,37.383564],[-5.993341,37.382848],[-5.993136,37.382799],[-5.99302,37.383066],[-5.993196,37.383158],[-5.993134,37.383322],[-5.992906,37.383256],[-5.99274,37.38362],[-5.992626,37.383605],[-5.993111,37.382728],[-5.993108,37.382656],[-5.992994,37.382623],[-5.993055,37.382477],[-5.989402,37.38147],[-5.989299,37.381707],[-5.992561,37.382544],[-5.992544,37.38267],[-5.99268,37.382685],[-5.992576,37.382904],[-5.992394,37.38289],[-5.992375,37.382981],[-5.991809,37.382923],[-5.991813,37.383031],[-5.991744,37.383015],[-5.991703,37.383106],[-5.991954,37.383336],[-5.991762,37.383469],[-5.991436,37.383239],[-5.990756,37.383707],[-5.990524,37.383568],[-5.990235,37.383684],[-5.990186,37.383577],[-5.989913,37.38353],[-5.990068,37.384012],[-5.989493,37.384333],[-5.989519,37.384405],[-5.989204,37.384449],[-5.989033,37.384687],[-5.988878,37.384763],[-5.988673,37.384715],[-5.98825,37.384869],[-5.987909,37.384824],[-5.987959,37.384949],[-5.987694,37.3851],[-5.987578,37.385013],[-5.987292,37.3852],[-5.987134,37.385204],[-5.987109,37.385133],[-5.986814,37.385104],[-5.986757,37.384799],[-5.986932,37.384668],[-5.986928,37.38456],[-5.986789,37.384474],[-5.986785,37.384384],[-5.986629,37.384424],[-5.986503,37.384679],[-5.986413,37.384682],[-5.985123,37.38413],[-5.984617,37.38489],[-5.98505,37.38504],[-5.984916,37.385098],[-5.984921,37.385224],[-5.985057,37.38522],[-5.985086,37.385382],[-5.984766,37.385282],[-5.984597,37.385574],[-5.984758,37.38566],[-5.984695,37.385788],[-5.984969,37.385853],[-5.985224,37.38545],[-5.985317,37.38552],[-5.985166,37.385704],[-5.985169,37.385776],[-5.985307,37.385827],[-5.985103,37.385814],[-5.98504,37.385942],[-5.985229,37.386135],[-5.984521,37.385937],[-5.984185,37.386576],[-5.984779,37.386759],[-5.984737,37.386832],[-5.984831,37.38692],[-5.984236,37.386737],[-5.984146,37.386739],[-5.984104,37.38683],[-5.984239,37.387368],[-5.984442,37.387362],[-5.984819,37.387767],[-5.985024,37.387816],[-5.985043,37.387726],[-5.985155,37.387687],[-5.985129,37.387615],[-5.985221,37.387649],[-5.985139,37.387849],[-5.985187,37.38792],[-5.985053,37.38796],[-5.984594,37.389167],[-5.985084,37.389329],[-5.985277,37.389071],[-5.985133,37.389417],[-5.985317,37.389503],[-5.986282,37.388776],[-5.986307,37.388829],[-5.985581,37.389334],[-5.985363,37.38952],[-5.985388,37.389573],[-5.986003,37.38972],[-5.986773,37.389754],[-5.986985,37.389407],[-5.987145,37.389457],[-5.987249,37.389796],[-5.98854,37.389908],[-5.98843,37.389983],[-5.98741,37.389882],[-5.987391,37.389973],[-5.987275,37.389904],[-5.987121,37.389998],[-5.986957,37.38984],[-5.986412,37.389782],[-5.986419,37.389962],[-5.986334,37.390072],[-5.986449,37.390141],[-5.986666,37.389901],[-5.986895,37.390004],[-5.986741,37.390098],[-5.986791,37.390223],[-5.986705,37.390315],[-5.986846,37.390473],[-5.986734,37.390476],[-5.986552,37.390463],[-5.986547,37.390337],[-5.986152,37.390058],[-5.986328,37.389928],[-5.986322,37.389784],[-5.98596,37.389775],[-5.985942,37.389884],[-5.985847,37.38976],[-5.98484,37.389425],[-5.984896,37.389694],[-5.984702,37.389356],[-5.984587,37.389305],[-5.984544,37.389378],[-5.984715,37.389698],[-5.984354,37.389707],[-5.984293,37.389871],[-5.984298,37.389997],[-5.98482,37.390056],[-5.984824,37.390164],[-5.984257,37.390106],[-5.984225,37.39045],[-5.985408,37.390654],[-5.985518,37.390579],[-5.985522,37.390669],[-5.985787,37.390536],[-5.98559,37.390685],[-5.985618,37.390829],[-5.985526,37.390777],[-5.985483,37.390832],[-5.98534,37.391791],[-5.98543,37.391789],[-5.985461,37.391428],[-5.985664,37.391422],[-5.985705,37.391313],[-5.985819,37.391328],[-5.985779,37.391456],[-5.986033,37.391611],[-5.985993,37.391738],[-5.985514,37.391624],[-5.985474,37.391752],[-5.985747,37.391799],[-5.985648,37.392144],[-5.985659,37.392432],[-5.98502,37.392826],[-5.985036,37.393222],[-5.985351,37.393196],[-5.986154,37.392942],[-5.986394,37.393314],[-5.986531,37.393329],[-5.985724,37.393493],[-5.985682,37.393566],[-5.985232,37.393614],[-5.985444,37.393825],[-5.985617,37.394217],[-5.985152,37.393645],[-5.98502,37.393691],[-5.985017,37.39407],[-5.985134,37.394307],[-5.985764,37.395078],[-5.983601,37.396258],[-5.983807,37.396425],[-5.984186,37.396289],[-5.984293,37.396143],[-5.984714,37.395934],[-5.984854,37.396038],[-5.984728,37.396276],[-5.984819,37.396309],[-5.985226,37.395741],[-5.985535,37.395552],[-5.984979,37.39622],[-5.985231,37.396425],[-5.985078,37.396573],[-5.984767,37.396422],[-5.984029,37.397447],[-5.984374,37.397618],[-5.984522,37.397362],[-5.984656,37.397323],[-5.984739,37.397122],[-5.98545,37.397393],[-5.984787,37.397193],[-5.984704,37.397394],[-5.985115,37.397509],[-5.985119,37.397599],[-5.984548,37.397434],[-5.984408,37.397888],[-5.984205,37.397834],[-5.98393,37.398386],[-5.984002,37.398493],[-5.983989,37.398727],[-5.984183,37.398857],[-5.985156,37.399112],[-5.985224,37.399111],[-5.985242,37.398984]]],[[[-6.003389,37.360175],[-6.003696,37.359933],[-6.004035,37.359942],[-6.004177,37.360101],[-6.004652,37.360143],[-6.004831,37.360084],[-6.004666,37.359908],[-6.004344,37.359772],[-6.00381,37.359389],[-6.003782,37.359264],[-6.004252,37.359162],[-6.003778,37.359156],[-6.004261,37.358819],[-6.004258,37.358747],[-6.00398,37.358556],[-6.003801,37.358615],[-6.003741,37.358238],[-6.0039,37.358252],[-6.004714,37.358862],[-6.004839,37.358606],[-6.002805,37.356838],[-6.003059,37.350199],[-6.003003,37.349913],[-6.002938,37.349986],[-6.003008,37.350039],[-6.002896,37.350078],[-6.002811,37.351323],[-6.002805,37.352873],[-6.002619,37.355581],[-6.002631,37.355869],[-6.002789,37.355883],[-6.00261,37.355906],[-6.002579,37.356826],[-5.992088,37.347888],[-5.992244,37.347861],[-5.992196,37.34779],[-5.992335,37.347877],[-5.992329,37.347733],[-5.992195,37.347772],[-5.992255,37.347572],[-5.992409,37.34746],[-5.992271,37.34741],[-5.992289,37.347301],[-5.992379,37.347281],[-5.992287,37.347247],[-5.992278,37.347013],[-5.992455,37.346936],[-5.992385,37.346866],[-5.992349,37.346525],[-5.992425,37.346162],[-5.992578,37.346032],[-5.992574,37.345942],[-5.992303,37.345931],[-5.992138,37.345755],[-5.992079,37.345414],[-5.992164,37.345286],[-5.992169,37.344835],[-5.992437,37.344774],[-5.992388,37.344667],[-5.992519,37.344556],[-5.992564,37.343978],[-5.992405,37.343964],[-5.992492,37.343872],[-5.992309,37.343804],[-5.992299,37.343552],[-5.992335,37.343335],[-5.992492,37.343313],[-5.992532,37.343186],[-5.992457,37.343008],[-5.99198,37.342912],[-5.99186,37.342753],[-5.991797,37.342286],[-5.991661,37.342271],[-5.991635,37.3422],[-5.991806,37.341961],[-5.991711,37.341837],[-5.99187,37.341851],[-5.991906,37.341634],[-5.991858,37.341563],[-5.991746,37.341584],[-5.991687,37.341802],[-5.991529,37.341788],[-5.99161,37.341551],[-5.991536,37.341409],[-5.991672,37.341424],[-5.992067,37.341143],[-5.992385,37.341171],[-5.992605,37.34104],[-5.992398,37.340937],[-5.992617,37.340769],[-5.992435,37.340738],[-5.992408,37.34063],[-5.992633,37.340606],[-5.992674,37.340515],[-5.992706,37.339613],[-5.992795,37.339575],[-5.992721,37.339415],[-5.992745,37.338874],[-5.992463,37.338592],[-5.992452,37.338322],[-5.992296,37.33838],[-5.992337,37.337713],[-5.992284,37.337516],[-5.992361,37.337171],[-5.992587,37.337184],[-5.992672,37.337055],[-5.992663,37.336821],[-5.992474,37.33661],[-5.992219,37.335877],[-5.992079,37.335755],[-5.991608,37.334685],[-5.991359,37.334674],[-5.990936,37.334829],[-5.990971,37.335134],[-5.990686,37.335339],[-5.990732,37.33651],[-5.990633,37.336837],[-5.99064,37.337035],[-5.990732,37.337068],[-5.99071,37.337664],[-5.990628,37.337864],[-5.99034,37.337997],[-5.990485,37.338246],[-5.990118,37.338652],[-5.9902,37.339028],[-5.989931,37.339071],[-5.989781,37.339255],[-5.989578,37.33926],[-5.989759,37.339274],[-5.989674,37.33942],[-5.989933,37.339684],[-5.99012,37.340418],[-5.990304,37.340503],[-5.990366,37.340357],[-5.990437,37.340446],[-5.990269,37.340756],[-5.9902,37.341299],[-5.990033,37.341627],[-5.990041,37.341825],[-5.990082,37.341734],[-5.990511,37.341741],[-5.990425,37.341852],[-5.990543,37.341975],[-5.990478,37.342031],[-5.990571,37.342118],[-5.990506,37.342174],[-5.990583,37.342406],[-5.990521,37.34257],[-5.990623,37.342856],[-5.990498,37.343111],[-5.990722,37.34307],[-5.990666,37.343359],[-5.990537,37.343525],[-5.990608,37.343613],[-5.990616,37.344388],[-5.990527,37.344426],[-5.99052,37.344246],[-5.990454,37.344284],[-5.990461,37.344446],[-5.990576,37.344515],[-5.990555,37.34511],[-5.990276,37.345478],[-5.990309,37.345747],[-5.990404,37.345853],[-5.990298,37.346036],[-5.990437,37.34614],[-5.9904,37.34634],[-5.990475,37.346518],[-5.987234,37.343841],[-5.987269,37.343644],[-5.98585,37.34258],[-5.98525,37.342253],[-5.985136,37.34222],[-5.985117,37.342328],[-5.985233,37.342397],[-5.985264,37.342613],[-5.985501,37.342895],[-5.985591,37.342893],[-5.986152,37.343365],[-5.986647,37.343894],[-5.986902,37.344067],[-5.987072,37.344029],[-5.990291,37.346697],[-5.990297,37.347153],[-5.990366,37.347188],[-5.990276,37.347766],[-5.990353,37.347981],[-5.990998,37.348325],[-5.991195,37.348158],[-5.99189,37.348022],[-6.002588,37.357109],[-6.002525,37.357169],[-6.002583,37.358069],[-6.00268,37.358229],[-6.002607,37.358681],[-6.002668,37.359058],[-6.002781,37.359073],[-6.002777,37.358965],[-6.002686,37.358949],[-6.002698,37.358679],[-6.002938,37.358492],[-6.002845,37.358405],[-6.00291,37.358349],[-6.002902,37.358151],[-6.002832,37.358099],[-6.002921,37.358042],[-6.002937,37.35788],[-6.002718,37.357489],[-6.00276,37.357416],[-6.002989,37.3575],[-6.003202,37.357729],[-6.003118,37.357893],[-6.003115,37.358398],[-6.003049,37.358436],[-6.00315,37.358703],[-6.00309,37.358903],[-6.003363,37.35895],[-6.003381,37.358824],[-6.003387,37.358986],[-6.003256,37.359097],[-6.00337,37.359112],[-6.003262,37.359241],[-6.003268,37.359385],[-6.003473,37.359452],[-6.0035,37.359559],[-6.003345,37.359617],[-6.003349,37.359725],[-6.003112,37.36002],[-6.0031,37.360272],[-6.003154,37.360487],[-6.003267,37.360502],[-6.003389,37.360175]]],[[[-5.98965,37.359493],[-5.989651,37.359068],[-5.989779,37.358965],[-5.989797,37.358683],[-5.989689,37.357226],[-5.989956,37.357085],[-5.990125,37.35673],[-5.990232,37.355746],[-5.990623,37.355731],[-5.990744,37.355391],[-5.990564,37.355285],[-5.990244,37.355385],[-5.990178,37.355325],[-5.990225,37.353859],[-5.990354,37.353712],[-5.990418,37.354178],[-5.990633,37.354479],[-5.990928,37.354508],[-5.991052,37.354234],[-5.991004,37.354146],[-5.991119,37.354197],[-5.991104,37.354395],[-5.991277,37.354769],[-5.991246,37.355131],[-5.991343,37.355308],[-5.991333,37.356192],[-5.991583,37.356221],[-5.991891,37.356033],[-5.991887,37.355925],[-5.991614,37.35586],[-5.991631,37.355175],[-5.991698,37.355137],[-5.991474,37.355179],[-5.991311,37.355075],[-5.9913,37.354787],[-5.991453,37.354657],[-5.991636,37.354724],[-5.991792,37.354666],[-5.991819,37.354774],[-5.991976,37.354752],[-5.992017,37.354661],[-5.992,37.354211],[-5.992064,37.354119],[-5.991947,37.354032],[-5.992059,37.353993],[-5.991987,37.353904],[-5.992097,37.35383],[-5.99213,37.353522],[-5.991971,37.35349],[-5.991967,37.3534],[-5.991652,37.353408],[-5.991581,37.353338],[-5.991596,37.353139],[-5.992138,37.353144],[-5.992096,37.352658],[-5.992258,37.352204],[-5.992204,37.351412],[-5.992309,37.351193],[-5.992267,37.350726],[-5.992327,37.350526],[-5.992247,37.350222],[-5.992335,37.350147],[-5.992347,37.349877],[-5.990583,37.349813],[-5.990552,37.350156],[-5.990891,37.350166],[-5.990893,37.35022],[-5.990647,37.35028],[-5.990417,37.350178],[-5.990395,37.34962],[-5.990484,37.349581],[-5.990412,37.349475],[-5.990478,37.349437],[-5.990452,37.349348],[-5.990656,37.349379],[-5.990688,37.349036],[-5.990484,37.349023],[-5.990481,37.348933],[-5.990345,37.348918],[-5.990325,37.348991],[-5.990322,37.348919],[-5.99003,37.348944],[-5.990045,37.34934],[-5.989931,37.349307],[-5.989879,37.349128],[-5.989967,37.349072],[-5.989959,37.348874],[-5.989776,37.347671],[-5.989585,37.347406],[-5.989098,37.347075],[-5.988986,37.346538],[-5.988284,37.345907],[-5.988031,37.345805],[-5.987674,37.345886],[-5.98709,37.346549],[-5.986564,37.346941],[-5.986295,37.347561],[-5.986261,37.347832],[-5.986429,37.348098],[-5.986412,37.348225],[-5.98704,37.348119],[-5.987034,37.347975],[-5.986942,37.347923],[-5.987006,37.347849],[-5.987285,37.34804],[-5.987576,37.347979],[-5.987423,37.348109],[-5.98759,37.348339],[-5.988299,37.348555],[-5.988398,37.348787],[-5.98867,37.348816],[-5.988655,37.348997],[-5.98823,37.349098],[-5.988232,37.349152],[-5.987984,37.349158],[-5.98801,37.349824],[-5.988125,37.349857],[-5.987967,37.349879],[-5.987881,37.34999],[-5.988113,37.350128],[-5.988282,37.350412],[-5.988627,37.350583],[-5.988955,37.350882],[-5.9892,37.350785],[-5.989296,37.350945],[-5.98912,37.351058],[-5.989073,37.351563],[-5.988984,37.351602],[-5.988999,37.35425],[-5.989095,37.354392],[-5.989223,37.354209],[-5.989555,37.354056],[-5.989654,37.353711],[-5.989772,37.353834],[-5.989797,37.355094],[-5.989652,37.355396],[-5.989552,37.355333],[-5.989481,37.355406],[-5.989518,37.355792],[-5.989418,37.355902],[-5.988905,37.355963],[-5.988829,37.356114],[-5.98882,37.357549],[-5.988736,37.358119],[-5.988867,37.358263],[-5.989119,37.358309],[-5.989214,37.358445],[-5.989226,37.35948],[-5.98965,37.359493]]],[[[-5.981404,37.342044],[-5.981516,37.342023],[-5.981503,37.341681],[-5.981,37.341531],[-5.980143,37.342111],[-5.979787,37.342247],[-5.980331,37.342305],[-5.981317,37.342118],[-5.981404,37.342044]]],[[[-5.983526,37.341467],[-5.983985,37.341654],[-5.983745,37.3413],[-5.983733,37.341012],[-5.983836,37.340739],[-5.983566,37.340782],[-5.983529,37.340981],[-5.983393,37.340966],[-5.983152,37.341152],[-5.983178,37.341242],[-5.983526,37.341467]]],[[[-5.982288,37.340994],[-5.982352,37.340902],[-5.982756,37.340838],[-5.98319,37.340971],[-5.98339,37.340876],[-5.983402,37.340624],[-5.983511,37.340513],[-5.983869,37.340432],[-5.983757,37.339894],[-5.984019,37.339112],[-5.983174,37.338863],[-5.982615,37.339562],[-5.98145,37.340348],[-5.981408,37.340422],[-5.98159,37.340471],[-5.981802,37.340682],[-5.981715,37.340774],[-5.981721,37.340918],[-5.982044,37.341108],[-5.982224,37.341086],[-5.982288,37.340994]]],[[[-5.985472,37.335904],[-5.985462,37.335634],[-5.985762,37.335806],[-5.986101,37.335816],[-5.986562,37.335498],[-5.986559,37.335426],[-5.986286,37.335379],[-5.986318,37.335035],[-5.986181,37.334985],[-5.985688,37.335087],[-5.985623,37.335161],[-5.985606,37.334729],[-5.985715,37.334618],[-5.985691,37.334024],[-5.985812,37.333661],[-5.98578,37.333427],[-5.985963,37.332341],[-5.98591,37.332144],[-5.985962,37.33117],[-5.985893,37.331136],[-5.98596,37.331116],[-5.985942,37.330666],[-5.986164,37.33057],[-5.985994,37.330268],[-5.986003,37.329943],[-5.985911,37.329892],[-5.985712,37.329987],[-5.985762,37.330112],[-5.985615,37.330404],[-5.985454,37.330318],[-5.985115,37.330308],[-5.984421,37.330452],[-5.984993,37.330636],[-5.985401,37.330679],[-5.985601,37.330602],[-5.985611,37.331431],[-5.985535,37.331793],[-5.985586,37.331936],[-5.985494,37.331902],[-5.985451,37.332516],[-5.985545,37.332604],[-5.985354,37.332915],[-5.985305,37.333403],[-5.985195,37.33346],[-5.985122,37.333318],[-5.985298,37.331493],[-5.985176,37.331262],[-5.985018,37.331284],[-5.984922,37.332259],[-5.984932,37.332529],[-5.985046,37.332563],[-5.985051,37.332671],[-5.984963,37.332727],[-5.984915,37.332656],[-5.98498,37.3326],[-5.984888,37.332549],[-5.984868,37.332603],[-5.984987,37.332762],[-5.984875,37.332801],[-5.984734,37.333219],[-5.984711,37.333778],[-5.984607,37.333997],[-5.984682,37.334194],[-5.984592,37.334196],[-5.984599,37.334376],[-5.984711,37.334355],[-5.984739,37.334481],[-5.98483,37.334514],[-5.984793,37.334713],[-5.984995,37.33469],[-5.984964,37.335034],[-5.984739,37.335634],[-5.984624,37.335565],[-5.984632,37.335204],[-5.984559,37.335062],[-5.984733,37.334913],[-5.984529,37.334882],[-5.984537,37.33508],[-5.984239,37.335538],[-5.984286,37.335591],[-5.98422,37.335629],[-5.984188,37.335972],[-5.984039,37.336192],[-5.984006,37.336499],[-5.983897,37.336592],[-5.983952,37.336843],[-5.983778,37.33701],[-5.983894,37.337097],[-5.984006,37.337076],[-5.984199,37.336819],[-5.984216,37.336674],[-5.984284,37.336673],[-5.98429,37.336817],[-5.983684,37.338057],[-5.984417,37.338327],[-5.984572,37.338251],[-5.985092,37.337139],[-5.985215,37.336811],[-5.985244,37.336414],[-5.985434,37.336067],[-5.985384,37.33596],[-5.985472,37.335904]]],[[[-5.977423,37.33726],[-5.976695,37.337116],[-5.976723,37.337242],[-5.977564,37.337383],[-5.977423,37.33726]]],[[[-5.997393,37.330322],[-5.997395,37.330376],[-5.997126,37.330419],[-5.997077,37.330889],[-5.996971,37.331071],[-5.996975,37.331179],[-5.997353,37.331602],[-5.998238,37.331724],[-5.998992,37.331957],[-5.999301,37.332346],[-5.999696,37.332624],[-5.99982,37.332909],[-6.000076,37.333101],[-6.000223,37.333386],[-6.000358,37.333382],[-6.000362,37.33349],[-6.000611,37.333502],[-6.000572,37.333665],[-6.00089,37.333711],[-6.00126,37.333936],[-6.00136,37.334168],[-6.001322,37.334349],[-6.001251,37.334261],[-6.001073,37.334337],[-6.001305,37.334494],[-6.001309,37.334602],[-6.001831,37.33466],[-6.001886,37.334911],[-6.001514,37.33465],[-6.001334,37.334655],[-6.001593,37.334937],[-6.001684,37.334935],[-6.001688,37.335043],[-6.002065,37.334889],[-6.00235,37.335242],[-6.002137,37.335554],[-6.002437,37.335726],[-6.002549,37.335705],[-6.002632,37.335505],[-6.002707,37.335701],[-6.002912,37.33575],[-6.002817,37.33505],[-6.002929,37.335029],[-6.003122,37.334772],[-6.002997,37.334469],[-6.003202,37.334518],[-6.003144,37.334771],[-6.003285,37.334912],[-6.003316,37.335127],[-6.003335,37.335037],[-6.003474,37.335123],[-6.003364,37.335198],[-6.003617,37.3353],[-6.003614,37.333534],[-6.003765,37.330521],[-6.003888,37.330179],[-6.007443,37.326552],[-6.007516,37.326118],[-6.007334,37.326087],[-6.006572,37.326791],[-6.006297,37.326672],[-6.006204,37.32662],[-6.00634,37.326058],[-6.006204,37.326043],[-6.006167,37.326261],[-6.006034,37.3263],[-6.005917,37.326195],[-6.005936,37.326104],[-6.005797,37.326036],[-6.0059,37.325781],[-6.006144,37.325684],[-6.006046,37.325489],[-6.006129,37.325288],[-6.006076,37.325091],[-6.00589,37.32497],[-6.005459,37.324909],[-6.005146,37.324989],[-6.005052,37.324883],[-6.005255,37.324878],[-6.005244,37.324608],[-6.004813,37.324547],[-6.004684,37.324712],[-6.004715,37.32491],[-6.004541,37.325076],[-6.004229,37.325174],[-6.004222,37.325012],[-6.004133,37.325033],[-6.004095,37.325232],[-6.004191,37.325356],[-6.00435,37.325388],[-6.004312,37.325569],[-6.004131,37.325555],[-6.003943,37.325362],[-6.004004,37.325198],[-6.003861,37.325004],[-6.003725,37.325007],[-6.003675,37.324864],[-6.00345,37.324888],[-6.003219,37.324768],[-6.002589,37.324225],[-6.002296,37.32425],[-6.002384,37.324194],[-6.002359,37.324123],[-6.002019,37.324095],[-6.001857,37.323991],[-6.001786,37.323903],[-6.001799,37.323668],[-6.001659,37.323546],[-6.001679,37.323473],[-6.001316,37.323446],[-6.000989,37.323166],[-6.000855,37.323188],[-6.000576,37.322997],[-6.000617,37.322887],[-6.0005,37.322782],[-6.000439,37.322946],[-6.000035,37.322992],[-6.000062,37.3231],[-5.999938,37.323409],[-5.999781,37.323431],[-5.999453,37.323692],[-5.999252,37.323733],[-5.999078,37.323323],[-5.998902,37.323453],[-5.998696,37.323387],[-5.9987,37.323477],[-5.99888,37.323472],[-5.998885,37.323598],[-5.998706,37.323621],[-5.998623,37.323821],[-5.998488,37.323824],[-5.998469,37.323915],[-5.998292,37.32401],[-5.998298,37.324136],[-5.997803,37.324743],[-5.99745,37.325527],[-5.997341,37.32562],[-5.997274,37.326198],[-5.997146,37.326399],[-5.997241,37.326505],[-5.997235,37.326938],[-5.997139,37.327913],[-5.997015,37.328205],[-5.99705,37.328528],[-5.997604,37.328821],[-5.997395,37.329241],[-5.997391,37.329709],[-5.997292,37.330072],[-5.997324,37.330288],[-5.997393,37.330322]]],[[[-5.995895,37.323872],[-5.995887,37.323674],[-5.996022,37.323653],[-5.996144,37.323325],[-5.996686,37.322771],[-5.997107,37.322003],[-5.997543,37.321614],[-5.997642,37.321269],[-5.997911,37.321226],[-5.998096,37.320771],[-5.998273,37.320694],[-5.998337,37.320584],[-5.998176,37.320516],[-5.998063,37.320501],[-5.997865,37.320632],[-5.996594,37.32216],[-5.99566,37.323626],[-5.995156,37.324594],[-5.994937,37.324761],[-5.99462,37.324733],[-5.994451,37.325008],[-5.994064,37.324928],[-5.993875,37.325293],[-5.993659,37.325515],[-5.993694,37.325838],[-5.993602,37.325804],[-5.993538,37.325878],[-5.99348,37.326132],[-5.993212,37.326193],[-5.993105,37.32634],[-5.993159,37.326573],[-5.992897,37.326795],[-5.992949,37.326956],[-5.992886,37.327084],[-5.993458,37.327286],[-5.994086,37.32718],[-5.994231,37.326852],[-5.994429,37.326721],[-5.994555,37.326501],[-5.994631,37.326139],[-5.994823,37.325864],[-5.99486,37.325646],[-5.995016,37.325606],[-5.995552,37.324331],[-5.995663,37.324275],[-5.995895,37.323872]]],[[[-5.985152,37.324973],[-5.985189,37.324756],[-5.9851,37.324217],[-5.984762,37.323091],[-5.984245,37.323158],[-5.984229,37.323302],[-5.984659,37.324481],[-5.984728,37.324515],[-5.98471,37.324624],[-5.984802,37.324675],[-5.984861,37.325034],[-5.985152,37.324973]]],[[[-6.005979,37.32039],[-6.005984,37.320534],[-6.005803,37.320521],[-6.005629,37.320688],[-6.005636,37.32085],[-6.005549,37.320942],[-6.00566,37.320885],[-6.005676,37.320722],[-6.005807,37.320611],[-6.006143,37.320548],[-6.006069,37.320388],[-6.006157,37.320332],[-6.006249,37.320384],[-6.006209,37.320511],[-6.006632,37.320356],[-6.006678,37.320391],[-6.006479,37.320486],[-6.006286,37.320743],[-6.006536,37.320791],[-6.006548,37.321097],[-6.006584,37.320862],[-6.006723,37.320948],[-6.006734,37.321236],[-6.006577,37.32124],[-6.00655,37.321151],[-6.00656,37.321403],[-6.006321,37.321625],[-6.006177,37.321413],[-6.005881,37.32133],[-6.005609,37.321319],[-6.005479,37.321448],[-6.005677,37.321876],[-6.005862,37.321997],[-6.006222,37.32197],[-6.006235,37.321717],[-6.006482,37.321693],[-6.006454,37.32155],[-6.006589,37.321546],[-6.006686,37.321724],[-6.006612,37.322122],[-6.006794,37.322172],[-6.00678,37.322388],[-6.006349,37.322327],[-6.00642,37.322416],[-6.006243,37.322492],[-6.00615,37.322422],[-6.006191,37.322313],[-6.006012,37.322372],[-6.005994,37.32248],[-6.006088,37.322568],[-6.005931,37.32259],[-6.005873,37.322826],[-6.005648,37.32285],[-6.005609,37.323013],[-6.005838,37.323079],[-6.005854,37.322935],[-6.006152,37.323053],[-6.006111,37.323144],[-6.006233,37.323375],[-6.006123,37.32345],[-6.006353,37.323553],[-6.006476,37.323802],[-6.006614,37.32387],[-6.006641,37.323996],[-6.006465,37.32409],[-6.006622,37.324086],[-6.006731,37.323994],[-6.006727,37.323885],[-6.006841,37.323901],[-6.006981,37.324023],[-6.006985,37.324131],[-6.007167,37.324163],[-6.007222,37.324414],[-6.007596,37.324746],[-6.00778,37.324814],[-6.007786,37.324976],[-6.008158,37.325237],[-6.00816,37.325309],[-6.007978,37.325259],[-6.007939,37.325404],[-6.00803,37.32542],[-6.008173,37.325633],[-6.008333,37.325683],[-6.007884,37.32573],[-6.007956,37.325837],[-6.007919,37.326054],[-6.007764,37.326112],[-6.007614,37.326314],[-6.009349,37.327387],[-6.009625,37.327506],[-6.009895,37.327499],[-6.010063,37.32736],[-6.010515,37.326618],[-6.010607,37.326111],[-6.010365,37.326262],[-6.01032,37.326583],[-6.009887,37.327301],[-6.009664,37.327361],[-6.009135,37.327104],[-6.009132,37.327032],[-6.009442,37.326898],[-6.009608,37.326515],[-6.009559,37.326427],[-6.009728,37.326134],[-6.009841,37.326149],[-6.010193,37.325924],[-6.010116,37.325673],[-6.009979,37.325641],[-6.009696,37.325342],[-6.009807,37.325285],[-6.010127,37.325385],[-6.010189,37.325257],[-6.008934,37.324893],[-6.008642,37.324936],[-6.008488,37.32503],[-6.00834,37.325286],[-6.008203,37.325254],[-6.007897,37.324937],[-6.007674,37.324438],[-6.007438,37.324174],[-6.00743,37.323958],[-6.007174,37.323784],[-6.007045,37.323373],[-6.006602,37.323006],[-6.006387,37.322705],[-6.006425,37.322524],[-6.006789,37.322604],[-6.007035,37.322562],[-6.007031,37.322454],[-6.006747,37.322119],[-6.006656,37.321545],[-6.00678,37.321253],[-6.006783,37.320766],[-6.006714,37.320732],[-6.006672,37.320805],[-6.006667,37.320679],[-6.006774,37.320532],[-6.007293,37.320537],[-6.007468,37.320389],[-6.007783,37.320363],[-6.007779,37.320273],[-6.007827,37.320343],[-6.008315,37.320133],[-6.008495,37.320128],[-6.008623,37.319945],[-6.008488,37.319948],[-6.008438,37.319823],[-6.008324,37.31979],[-6.008306,37.319917],[-6.007941,37.319818],[-6.007573,37.320188],[-6.007258,37.320214],[-6.007009,37.319643],[-6.006756,37.319506],[-6.006713,37.319579],[-6.006488,37.319584],[-6.006491,37.319657],[-6.005999,37.319777],[-6.005802,37.319926],[-6.005688,37.319893],[-6.005762,37.320053],[-6.005945,37.320103],[-6.005812,37.320178],[-6.005979,37.32039]]],[[[-6.008062,37.319454],[-6.008137,37.319633],[-6.0083,37.319755],[-6.008524,37.319713],[-6.008719,37.31951],[-6.008786,37.319508],[-6.008815,37.319651],[-6.008949,37.319612],[-6.008922,37.319505],[-6.009283,37.319513],[-6.009628,37.320243],[-6.009463,37.321203],[-6.008904,37.321884],[-6.008465,37.322201],[-6.008511,37.322777],[-6.0083,37.323143],[-6.008312,37.323449],[-6.00841,37.323644],[-6.008359,37.32406],[-6.009021,37.324242],[-6.009495,37.324248],[-6.010838,37.324538],[-6.011038,37.324479],[-6.011087,37.324567],[-6.011293,37.324634],[-6.012112,37.324794],[-6.012161,37.324901],[-6.012052,37.324993],[-6.012143,37.325027],[-6.012126,37.325154],[-6.013194,37.325391],[-6.012887,37.322529],[-6.013032,37.320427],[-6.012983,37.320377],[-6.013291,37.319111],[-6.013947,37.31757],[-6.013984,37.317091],[-6.010446,37.318132],[-6.009911,37.317887],[-6.008205,37.318496],[-6.00827,37.318999],[-6.008519,37.319028],[-6.008639,37.319205],[-6.008843,37.319236],[-6.009166,37.318832],[-6.009278,37.318829],[-6.009376,37.319024],[-6.008957,37.319269],[-6.008852,37.319452],[-6.008672,37.319457],[-6.008668,37.319367],[-6.008329,37.319357],[-6.008037,37.319383],[-6.008062,37.319454]]],[[[-6.033694,37.319989],[-6.033856,37.320093],[-6.033878,37.320212],[-6.034154,37.320193],[-6.034248,37.320281],[-6.034255,37.320461],[-6.034872,37.320661],[-6.033763,37.319759],[-6.033639,37.319855],[-6.033625,37.319954],[-6.033694,37.319989]]],[[[-5.989603,37.333655],[-5.989389,37.333372],[-5.989087,37.333163],[-5.988053,37.332685],[-5.988108,37.332936],[-5.988372,37.333326],[-5.989152,37.333648],[-5.989425,37.333713],[-5.989603,37.333655]]],[[[-5.987923,37.332832],[-5.987708,37.332531],[-5.987293,37.33229],[-5.98728,37.331965],[-5.987182,37.33177],[-5.986765,37.33151],[-5.986432,37.331068],[-5.986273,37.331054],[-5.986321,37.331683],[-5.986246,37.332082],[-5.986365,37.332241],[-5.98643,37.332744],[-5.986545,37.332795],[-5.986621,37.332991],[-5.986774,37.332861],[-5.986713,37.332466],[-5.986801,37.33241],[-5.987292,37.332848],[-5.988029,37.333226],[-5.988119,37.333206],[-5.987923,37.332832]]],[[[-6.003343,37.340317],[-6.003339,37.340803],[-6.003276,37.340913],[-6.003351,37.341091],[-6.003264,37.341166],[-6.003323,37.341525],[-6.003208,37.342032],[-6.003257,37.342698],[-6.003063,37.346884],[-6.003161,37.347079],[-6.003276,37.347131],[-6.003242,37.346843],[-6.00333,37.346787],[-6.004528,37.346846],[-6.004545,37.34726],[-6.004662,37.347366],[-6.004529,37.347441],[-6.00444,37.348038],[-6.004371,37.348004],[-6.004307,37.348077],[-6.004213,37.34799],[-6.004013,37.348067],[-6.003919,37.347979],[-6.003856,37.348107],[-6.003718,37.348038],[-6.003654,37.34813],[-6.00345,37.348117],[-6.003343,37.348246],[-6.003515,37.348602],[-6.003298,37.348824],[-6.003093,37.348775],[-6.00296,37.348833],[-6.002985,37.348904],[-6.003323,37.348877],[-6.003264,37.349113],[-6.003001,37.3493],[-6.00302,37.349768],[-6.003036,37.349624],[-6.003461,37.349523],[-6.003922,37.349187],[-6.005607,37.348712],[-6.007276,37.34838],[-6.007366,37.348475],[-6.008241,37.348598],[-6.009533,37.348582],[-6.010672,37.348319],[-6.011284,37.347866],[-6.011437,37.347561],[-6.011477,37.347188],[-6.011357,37.346833],[-6.011017,37.346328],[-6.010549,37.346135],[-6.009695,37.34621],[-6.009211,37.346085],[-6.009971,37.344077],[-6.010517,37.34363],[-6.010441,37.343434],[-6.010261,37.343439],[-6.010027,37.343805],[-6.00996,37.343807],[-6.009453,37.343677],[-6.009408,37.343551],[-6.00927,37.3435],[-6.0088,37.343584],[-6.008905,37.343383],[-6.008746,37.343369],[-6.008603,37.343175],[-6.00815,37.343132],[-6.007886,37.343319],[-6.00784,37.343861],[-6.007688,37.344009],[-6.007672,37.344171],[-6.005259,37.344233],[-6.004962,37.344132],[-6.00336,37.344155],[-6.003502,37.340076],[-6.00349,37.339521],[-6.003403,37.339558],[-6.003392,37.339865],[-6.003327,37.339921],[-6.003454,37.340278],[-6.003343,37.340317]]],[[[-6.004835,37.358498],[-6.004815,37.358553],[-6.005762,37.358529],[-6.006014,37.358612],[-6.006222,37.358751],[-6.006393,37.359071],[-6.006532,37.359158],[-6.006339,37.359415],[-6.006634,37.359444],[-6.006809,37.359313],[-6.006588,37.358721],[-6.006234,37.358386],[-6.005737,37.35813],[-6.00506,37.358093],[-6.004709,37.358159],[-6.004621,37.358215],[-6.004835,37.358498]]],[[[-6.011907,37.314026],[-6.012127,37.31389],[-6.01238,37.31401],[-6.012713,37.313857],[-6.013073,37.31383],[-6.014112,37.313317],[-6.01437,37.312986],[-6.01229,37.311306],[-6.011673,37.310983],[-6.011564,37.311093],[-6.01122,37.312652],[-6.010865,37.313364],[-6.010712,37.313476],[-6.010633,37.313766],[-6.010907,37.313831],[-6.010963,37.314118],[-6.011348,37.314145],[-6.011464,37.314232],[-6.011907,37.314026]]],[[[-6.012125,37.311007],[-6.012174,37.311114],[-6.012285,37.311057],[-6.0124,37.311126],[-6.01463,37.312727],[-6.016489,37.311256],[-6.013841,37.309341],[-6.013054,37.308857],[-6.013036,37.308965],[-6.012688,37.309281],[-6.012551,37.309248],[-6.012622,37.309318],[-6.011996,37.309479],[-6.01191,37.309571],[-6.011828,37.310348],[-6.012125,37.311007]]],[[[-6.033123,37.308608],[-6.033592,37.308984],[-6.034191,37.309114],[-6.035898,37.308808],[-6.037442,37.308387],[-6.037386,37.308319],[-6.034589,37.308975],[-6.03399,37.30901],[-6.033676,37.30893],[-6.033362,37.308757],[-6.033244,37.308578],[-6.033131,37.308217],[-6.033121,37.307558],[-6.033368,37.307015],[-6.033758,37.306797],[-6.034455,37.306769],[-6.03622,37.307057],[-6.037553,37.307113],[-6.037534,37.307185],[-6.037624,37.307201],[-6.038122,37.307224],[-6.038186,37.30715],[-6.037955,37.307012],[-6.03583,37.306905],[-6.035056,37.306726],[-6.034627,37.306719],[-6.034465,37.306615],[-6.033723,37.30667],[-6.033614,37.306781],[-6.033434,37.306786],[-6.03321,37.306991],[-6.032931,37.307616],[-6.032106,37.307373],[-6.031506,37.307374],[-6.031139,37.307504],[-6.031105,37.307918],[-6.032543,37.308178],[-6.032969,37.308113],[-6.033028,37.308472],[-6.033123,37.308608]]],[[[-6.042188,37.306325],[-6.042054,37.307046],[-6.042148,37.30711],[-6.042403,37.307096],[-6.042914,37.306903],[-6.042837,37.30667],[-6.04327,37.306785],[-6.04367,37.306631],[-6.04372,37.306756],[-6.0436,37.307137],[-6.043807,37.307222],[-6.044005,37.30705],[-6.043839,37.306897],[-6.043841,37.306379],[-6.04359,37.305768],[-6.043555,37.305463],[-6.042921,37.305389],[-6.042113,37.305121],[-6.041975,37.305341],[-6.042111,37.305446],[-6.042543,37.305543],[-6.042696,37.305413],[-6.04281,37.305428],[-6.043384,37.305683],[-6.043434,37.305808],[-6.043326,37.305937],[-6.043205,37.305903],[-6.042188,37.306325]]],[[[-6.045263,37.305072],[-6.044319,37.305473],[-6.044398,37.306216],[-6.044538,37.30632],[-6.044712,37.306316],[-6.047218,37.304934],[-6.047454,37.304786],[-6.047493,37.30464],[-6.046402,37.304565],[-6.045263,37.305072]]],[[[-6.041156,37.307331],[-6.041194,37.306701],[-6.040566,37.306607],[-6.040403,37.307063],[-6.040369,37.307563],[-6.040918,37.307476],[-6.041156,37.307331]]],[[[-6.048065,37.304344],[-6.04923,37.303532],[-6.048945,37.30298],[-6.047028,37.304189],[-6.048065,37.304344]]],[[[-6.043926,37.301238],[-6.047893,37.299312],[-6.048031,37.299146],[-6.048004,37.29886],[-6.048366,37.298887],[-6.048624,37.298574],[-6.048399,37.298598],[-6.048273,37.298817],[-6.047817,37.298703],[-6.047687,37.298833],[-6.047372,37.298859],[-6.047384,37.298588],[-6.047472,37.298532],[-6.047422,37.298407],[-6.047914,37.298304],[-6.047754,37.298272],[-6.047541,37.298025],[-6.047429,37.298028],[-6.047416,37.298281],[-6.04725,37.298628],[-6.047068,37.298596],[-6.047049,37.298128],[-6.046913,37.298114],[-6.046876,37.298313],[-6.046763,37.298298],[-6.046617,37.29859],[-6.046504,37.298593],[-6.046556,37.298754],[-6.04649,37.298809],[-6.046389,37.298524],[-6.04625,37.298455],[-6.046176,37.298277],[-6.046332,37.298237],[-6.046417,37.298108],[-6.046233,37.298023],[-6.046336,37.297768],[-6.04606,37.297649],[-6.04586,37.297726],[-6.045968,37.298156],[-6.045771,37.298305],[-6.045561,37.298148],[-6.045605,37.297553],[-6.045168,37.297348],[-6.04501,37.297352],[-6.044907,37.297589],[-6.045097,37.297818],[-6.045082,37.297999],[-6.044878,37.297986],[-6.044544,37.297544],[-6.044275,37.297587],[-6.044198,37.297895],[-6.044087,37.297952],[-6.044182,37.298076],[-6.043919,37.298245],[-6.043913,37.298659],[-6.04378,37.298735],[-6.043785,37.298843],[-6.04352,37.298994],[-6.043523,37.299625],[-6.043407,37.299555],[-6.043277,37.299685],[-6.042566,37.300922],[-6.04353,37.301379],[-6.043926,37.301238]]],[[[-5.993919,37.413235],[-5.99392,37.413184],[-5.994246,37.413254],[-5.994239,37.413335],[-5.994377,37.413404],[-5.994225,37.413548],[-5.9939,37.413611],[-5.993747,37.413474],[-5.993784,37.413257],[-5.993919,37.413235]]]]},"properties":{"OBJECTID":1776,"ID_ZONA":"ES050_APSFR_BG013-01_T500","ZONA":"Río Guadalquivir entre Alcalá del Río y La Puebla","TIPO_ZONA":"Q Periodo de retorno T500","RIO":"Río Guadalquivir","LONG_KM":24.38,"HIPOTESIS":"Q500 régimen alterado","HIDROLOGIA":"Procedente de otros estudios","PRECISION_":"MDT 2x2 procedente de LIDAR IGN PNOA","HIDRAUL":"IBER","ESTUDIO":"SNCZI. Zonas inundables del sistema bajo del Guadalquivir","TIPO_EST":"Estudio de Desarrollo del SNCZI","DOCUMENTO":"Elaboración de cartografía de dominio público hidráulico y mapas de peligrosidad y riesgo de la directiva 2007/60 en el marco del SNCZI en las demarcaciones hidrográficas del Guadalquivir, Ceuta y Melilla. Cofinanciado con fondos FEDER","FECHA_APRO":1443139200000,"FECHA_GEO":"05/2014","ORGANISMO":"Ministerio de agricultura, alimentación y medio ambiente","CLAVE_EXPE":"CU(CO)-4615","DEMARCACIO":"Guadalquivir","ID_DEMAR":51,"Q_M3_S":"10304","ZI_DIRECTI":"ES050_APSFR_BG013","CICLO":1,"Shape_Leng":284342.659291,"Fecha_Lim":1745107200000,"Shape__Area":114239645.32177734,"Shape__Length":286324.11050368595}},{"type":"Feature","id":1705,"geometry":{"type":"MultiPolygon","coordinates":[[[[-6.039066,37.398492],[-6.039014,37.398505],[-6.039073,37.398358],[-6.039005,37.398163],[-6.039081,37.397651],[-6.039274,37.397488],[-6.038987,37.397312],[-6.039047,37.39707],[-6.039194,37.396949],[-6.039172,37.396839],[-6.039082,37.396811],[-6.039352,37.396595],[-6.039371,37.396165],[-6.039772,37.396071],[-6.039684,37.395939],[-6.039902,37.39576],[-6.039942,37.395561],[-6.03982,37.395331],[-6.039893,37.394956],[-6.040173,37.394802],[-6.040234,37.394688],[-6.04017,37.394258],[-6.040082,37.39419],[-6.040216,37.394019],[-6.040107,37.39362],[-6.040176,37.393398],[-6.03986,37.392951],[-6.039926,37.392538],[-6.040268,37.392051],[-6.040654,37.391986],[-6.040949,37.391607],[-6.041271,37.391504],[-6.041576,37.39125],[-6.041605,37.391163],[-6.041478,37.390945],[-6.041708,37.391004],[-6.041655,37.391018],[-6.041745,37.391256],[-6.041225,37.391656],[-6.040995,37.391665],[-6.040718,37.392044],[-6.040377,37.3921],[-6.040089,37.392558],[-6.040027,37.393108],[-6.040266,37.393372],[-6.040227,37.393728],[-6.040352,37.394223],[-6.040268,37.394478],[-6.040321,37.394826],[-6.039978,37.395005],[-6.040101,37.395111],[-6.039988,37.395159],[-6.040107,37.395615],[-6.039889,37.396094],[-6.039464,37.396291],[-6.039521,37.396528],[-6.039218,37.397224],[-6.039385,37.397517],[-6.039207,37.397757],[-6.039131,37.398153],[-6.039205,37.398278],[-6.039159,37.398606],[-6.03906,37.398743],[-6.038987,37.398711],[-6.039066,37.398492]]],[[[-6.043581,37.399382],[-6.043169,37.39936],[-6.042605,37.399202],[-6.042347,37.39929],[-6.04161,37.39927],[-6.041603,37.399026],[-6.04132,37.399153],[-6.041346,37.399229],[-6.041233,37.399287],[-6.041042,37.399222],[-6.040664,37.399331],[-6.040389,37.399214],[-6.040246,37.399243],[-6.040206,37.399158],[-6.040261,37.399026],[-6.040504,37.399175],[-6.040657,37.399028],[-6.041249,37.399],[-6.041327,37.399097],[-6.041427,37.398953],[-6.041608,37.398917],[-6.04178,37.399053],[-6.042416,37.39917],[-6.042612,37.399023],[-6.043207,37.399183],[-6.043475,37.39918],[-6.04359,37.399299],[-6.043678,37.399243],[-6.043581,37.399382]]],[[[-6.044937,37.399556],[-6.044375,37.39941],[-6.043594,37.399384],[-6.043737,37.399248],[-6.044398,37.399344],[-6.044558,37.399456],[-6.044991,37.399454],[-6.045168,37.399548],[-6.045245,37.39949],[-6.045262,37.399303],[-6.045488,37.399193],[-6.045651,37.399437],[-6.045806,37.399329],[-6.045735,37.399238],[-6.045944,37.399281],[-6.046757,37.39895],[-6.048209,37.399009],[-6.048174,37.399073],[-6.047996,37.399053],[-6.048032,37.399146],[-6.047788,37.399373],[-6.047579,37.399263],[-6.047495,37.39905],[-6.047448,37.399122],[-6.04726,37.399069],[-6.047187,37.399212],[-6.046949,37.399138],[-6.046797,37.399229],[-6.04671,37.399123],[-6.046532,37.399133],[-6.046558,37.399259],[-6.046486,37.399235],[-6.046211,37.399435],[-6.045802,37.399451],[-6.045577,37.399668],[-6.044937,37.399556]]],[[[-6.058047,37.400618],[-6.058034,37.400412],[-6.057897,37.400473],[-6.057864,37.40039],[-6.057754,37.400434],[-6.057579,37.400339],[-6.055913,37.400317],[-6.055724,37.400421],[-6.053953,37.399965],[-6.051886,37.399815],[-6.052365,37.399766],[-6.052447,37.398959],[-6.052565,37.398877],[-6.052621,37.399015],[-6.052592,37.39966],[-6.052837,37.399803],[-6.052775,37.398789],[-6.052867,37.398702],[-6.053214,37.398722],[-6.053346,37.399611],[-6.053284,37.399839],[-6.053512,37.399835],[-6.053552,37.399082],[-6.054085,37.399381],[-6.054246,37.399584],[-6.054543,37.399697],[-6.054383,37.399979],[-6.055338,37.400236],[-6.055767,37.400169],[-6.056281,37.400288],[-6.056391,37.400278],[-6.056323,37.400236],[-6.056367,37.400208],[-6.058242,37.400182],[-6.058883,37.400242],[-6.059151,37.400141],[-6.059197,37.400398],[-6.05891,37.400353],[-6.058915,37.400523],[-6.058712,37.40049],[-6.058298,37.40066],[-6.058047,37.400618]]]]},"properties":{"OBJECTID":1705,"ID_ZONA":"ES050_APSFR_BG014-01_T500","ZONA":"Camas, Castilleja de Guzmán, Valencina, Santiponce","TIPO_ZONA":"Q Periodo de retorno T500","RIO":"Sin nombre; Sin nombre","LONG_KM":2.81,"HIPOTESIS":"Q500 régimen natural","HIDROLOGIA":"Método racional","PRECISION_":"MDT 2x2 procedente de LIDAR IGN PNOA","HIDRAUL":"HEC-RAS 1D","ESTUDIO":"SNCZI. Zonas inundables del sistema bajo del Guadalquivir","TIPO_EST":"Estudio de Desarrollo del SNCZI","DOCUMENTO":"Elaboración de cartografía de dominio público hidráulico y mapas de peligrosidad y riesgo de la directiva 2007/60 en el marco del SNCZI en las demarcaciones hidrográficas del Guadalquivir, Ceuta y Melilla. Cofinanciado con fondos FEDER","FECHA_APRO":1443139200000,"FECHA_GEO":"05/2014","ORGANISMO":"Ministerio de agricultura, alimentación y medio ambiente","CLAVE_EXPE":"CU(CO)-4615","DEMARCACIO":"Guadalquivir","ID_DEMAR":51,"Q_M3_S":"10,56; 39,5","ZI_DIRECTI":"ES050_APSFR_BG014","CICLO":1,"Shape_Leng":6070.55116068,"Fecha_Lim":1745107200000,"Shape__Area":48913.4404296875,"Shape__Length":6112.2126370671476}},{"type":"Feature","id":1789,"geometry":{"type":"MultiPolygon","coordinates":[[[[-5.928171,37.306846],[-5.927893,37.306462],[-5.927964,37.306376],[-5.927859,37.306056],[-5.927742,37.306022],[-5.927709,37.305771],[-5.927554,37.305661],[-5.927469,37.305373],[-5.927601,37.305126],[-5.927751,37.305229],[-5.928335,37.306059],[-5.928961,37.306099],[-5.929266,37.305995],[-5.929528,37.306033],[-5.929573,37.305706],[-5.930302,37.30377],[-5.930306,37.303683],[-5.930129,37.303566],[-5.930482,37.303508],[-5.930443,37.303239],[-5.930633,37.303053],[-5.930571,37.302956],[-5.930988,37.302823],[-5.931002,37.302494],[-5.93083,37.302314],[-5.930307,37.30237],[-5.930243,37.302261],[-5.930391,37.302101],[-5.930368,37.302006],[-5.930061,37.301912],[-5.929906,37.301967],[-5.929927,37.301801],[-5.929861,37.301751],[-5.92956,37.301818],[-5.929734,37.301654],[-5.929688,37.301498],[-5.929508,37.301537],[-5.930147,37.301227],[-5.930641,37.30125],[-5.931049,37.301464],[-5.931527,37.301414],[-5.931601,37.301509],[-5.931977,37.301503],[-5.932881,37.301672],[-5.933017,37.301829],[-5.933208,37.301727],[-5.933659,37.301829],[-5.933998,37.301684],[-5.934175,37.301818],[-5.93449,37.301818],[-5.93453,37.301739],[-5.935166,37.302169],[-5.935378,37.3021],[-5.935715,37.30229],[-5.936662,37.302475],[-5.93686,37.302449],[-5.936925,37.30221],[-5.937028,37.302163],[-5.937093,37.302271],[-5.937401,37.302307],[-5.937589,37.302516],[-5.938188,37.302378],[-5.938605,37.302489],[-5.939045,37.302446],[-5.939449,37.302509],[-5.939618,37.302633],[-5.939645,37.302573],[-5.939667,37.302655],[-5.939888,37.302736],[-5.940455,37.302546],[-5.940197,37.302659],[-5.94029,37.30286],[-5.940555,37.302856],[-5.940702,37.303042],[-5.940911,37.303049],[-5.941133,37.303199],[-5.941211,37.303083],[-5.941128,37.302956],[-5.941276,37.302815],[-5.941608,37.30287],[-5.94169,37.302767],[-5.941769,37.302922],[-5.942015,37.303006],[-5.941999,37.302926],[-5.942178,37.302824],[-5.942444,37.302785],[-5.942427,37.302608],[-5.942514,37.302468],[-5.94232,37.302389],[-5.942195,37.302198],[-5.942009,37.302207],[-5.942493,37.302026],[-5.942812,37.302162],[-5.942953,37.301939],[-5.943371,37.301825],[-5.943507,37.301928],[-5.943676,37.302505],[-5.943753,37.302551],[-5.943682,37.302942],[-5.943262,37.303231],[-5.943251,37.303311],[-5.943105,37.303289],[-5.943006,37.30342],[-5.94272,37.303339],[-5.942621,37.303492],[-5.942138,37.303587],[-5.942104,37.303691],[-5.943581,37.303321],[-5.943958,37.302843],[-5.944512,37.302964],[-5.944638,37.303134],[-5.944179,37.304155],[-5.944069,37.303938],[-5.944048,37.303577],[-5.943798,37.303486],[-5.943403,37.303606],[-5.943037,37.303588],[-5.942294,37.303779],[-5.940773,37.304002],[-5.93792,37.303936],[-5.93764,37.304076],[-5.937522,37.304285],[-5.937432,37.304132],[-5.937218,37.304174],[-5.936858,37.30411],[-5.936637,37.304217],[-5.936672,37.303838],[-5.936609,37.303722],[-5.93646,37.303672],[-5.934195,37.30326],[-5.934142,37.303358],[-5.934104,37.303274],[-5.933903,37.303273],[-5.93373,37.303593],[-5.932809,37.303582],[-5.932809,37.303692],[-5.932495,37.304085],[-5.932555,37.303755],[-5.9324,37.303868],[-5.932322,37.303762],[-5.93218,37.30376],[-5.932106,37.303848],[-5.931969,37.303732],[-5.931695,37.30375],[-5.931697,37.303947],[-5.931514,37.303959],[-5.931175,37.303752],[-5.931171,37.303607],[-5.931237,37.303534],[-5.931646,37.303566],[-5.931168,37.303501],[-5.931,37.303787],[-5.930991,37.303529],[-5.930974,37.303671],[-5.930578,37.303855],[-5.93056,37.304023],[-5.930327,37.304374],[-5.92998,37.305341],[-5.92963,37.306037],[-5.929805,37.306185],[-5.928611,37.306519],[-5.928359,37.30665],[-5.928396,37.306806],[-5.928171,37.306846]]],[[[-5.935321,37.303261],[-5.936184,37.30342],[-5.936273,37.303365],[-5.936183,37.30328],[-5.936455,37.303276],[-5.936565,37.303324],[-5.936232,37.303414],[-5.936416,37.30344],[-5.936886,37.30333],[-5.936868,37.30382],[-5.937201,37.304016],[-5.937439,37.304008],[-5.937687,37.303834],[-5.93797,37.303839],[-5.937997,37.303735],[-5.938954,37.303853],[-5.938849,37.303736],[-5.938593,37.303677],[-5.938537,37.303571],[-5.938336,37.303665],[-5.938136,37.303603],[-5.937797,37.303065],[-5.937553,37.30298],[-5.936994,37.302975],[-5.936606,37.303201],[-5.936422,37.303026],[-5.936349,37.303098],[-5.936431,37.303208],[-5.936393,37.303276],[-5.936263,37.303106],[-5.93599,37.303043],[-5.935959,37.303124],[-5.935687,37.303098],[-5.935783,37.303135],[-5.935733,37.303154],[-5.935476,37.303094],[-5.93544,37.303241],[-5.935145,37.303192],[-5.935148,37.303097],[-5.935241,37.303122],[-5.935173,37.303036],[-5.935298,37.303041],[-5.935247,37.302998],[-5.9349,37.302883],[-5.934736,37.302908],[-5.933697,37.302482],[-5.932556,37.30248],[-5.932355,37.302409],[-5.931099,37.302517],[-5.9311,37.302739],[-5.932954,37.302844],[-5.935321,37.303261]]],[[[-5.939205,37.302714],[-5.938935,37.302785],[-5.938818,37.302997],[-5.938889,37.303095],[-5.939246,37.30316],[-5.939249,37.303275],[-5.939352,37.303296],[-5.939425,37.303232],[-5.939345,37.303109],[-5.939426,37.303035],[-5.939303,37.302849],[-5.939385,37.30277],[-5.939205,37.302714]]],[[[-5.927527,37.306573],[-5.92768,37.306556],[-5.92796,37.306943],[-5.927532,37.307143],[-5.927251,37.306755],[-5.927527,37.306573]]],[[[-5.976199,37.307174],[-5.975999,37.307327],[-5.976003,37.307104],[-5.975871,37.307143],[-5.975758,37.307094],[-5.975778,37.307008],[-5.975495,37.307029],[-5.975273,37.306901],[-5.975026,37.306136],[-5.974128,37.30621],[-5.975018,37.305936],[-5.97521,37.305976],[-5.975742,37.305858],[-5.975774,37.305779],[-5.975706,37.305741],[-5.975849,37.305692],[-5.975824,37.305565],[-5.974367,37.305865],[-5.974112,37.305164],[-5.974238,37.305179],[-5.974437,37.30574],[-5.974814,37.305647],[-5.974589,37.305002],[-5.974656,37.304827],[-5.974463,37.304743],[-5.975576,37.304471],[-5.975465,37.304165],[-5.975071,37.304209],[-5.975544,37.304011],[-5.975361,37.303724],[-5.974556,37.303847],[-5.974559,37.303608],[-5.974963,37.303508],[-5.974954,37.303396],[-5.97374,37.302678],[-5.973702,37.302555],[-5.973424,37.30238],[-5.972136,37.301668],[-5.970705,37.302229],[-5.970042,37.302423],[-5.969799,37.302416],[-5.969593,37.30222],[-5.969366,37.301816],[-5.969322,37.301579],[-5.969475,37.301414],[-5.969452,37.301221],[-5.969536,37.301083],[-5.969495,37.30087],[-5.96933,37.300771],[-5.969377,37.300672],[-5.968582,37.300278],[-5.968627,37.300222],[-5.96835,37.300147],[-5.968279,37.300016],[-5.967729,37.299783],[-5.96599,37.298734],[-5.96612,37.298854],[-5.96599,37.298875],[-5.965977,37.299173],[-5.965913,37.299127],[-5.96591,37.298732],[-5.965816,37.298747],[-5.965886,37.298988],[-5.965578,37.298881],[-5.965464,37.298966],[-5.96531,37.300101],[-5.965212,37.300214],[-5.965145,37.300117],[-5.96488,37.300207],[-5.964497,37.299949],[-5.964679,37.299513],[-5.964567,37.29933],[-5.964356,37.299363],[-5.964432,37.298766],[-5.964327,37.298737],[-5.964035,37.300176],[-5.963955,37.300269],[-5.963578,37.300255],[-5.963534,37.300167],[-5.963355,37.300196],[-5.962659,37.299984],[-5.96211,37.299934],[-5.962124,37.299794],[-5.961895,37.299762],[-5.96146,37.299478],[-5.961542,37.29928],[-5.961995,37.298774],[-5.961961,37.298685],[-5.961418,37.29862],[-5.961515,37.298722],[-5.961641,37.298701],[-5.961553,37.298751],[-5.961633,37.298816],[-5.96162,37.298964],[-5.96126,37.298722],[-5.96093,37.298815],[-5.961046,37.298614],[-5.960703,37.298533],[-5.960348,37.298688],[-5.960386,37.298508],[-5.960072,37.298566],[-5.959985,37.298475],[-5.959535,37.298533],[-5.959366,37.298454],[-5.959435,37.298519],[-5.959284,37.298504],[-5.959019,37.298731],[-5.958658,37.298394],[-5.958005,37.298342],[-5.958076,37.298435],[-5.957906,37.298428],[-5.957784,37.298551],[-5.958074,37.298546],[-5.958083,37.298638],[-5.957861,37.298692],[-5.958344,37.299097],[-5.957898,37.298895],[-5.958185,37.299077],[-5.95815,37.299153],[-5.958686,37.299473],[-5.958378,37.299351],[-5.958339,37.299484],[-5.957924,37.299309],[-5.95798,37.299268],[-5.95782,37.299157],[-5.957614,37.299089],[-5.957524,37.299164],[-5.957435,37.298981],[-5.957268,37.298876],[-5.955185,37.297765],[-5.955048,37.297713],[-5.955022,37.29785],[-5.954081,37.297429],[-5.953162,37.297974],[-5.953239,37.298092],[-5.953316,37.298033],[-5.953262,37.297959],[-5.953497,37.297898],[-5.953548,37.297962],[-5.95348,37.298133],[-5.953689,37.298303],[-5.953435,37.29827],[-5.953495,37.298215],[-5.953405,37.298098],[-5.953186,37.298204],[-5.95314,37.298302],[-5.95329,37.298425],[-5.953449,37.298301],[-5.95348,37.298369],[-5.953316,37.298601],[-5.953254,37.298502],[-5.953184,37.29853],[-5.953229,37.298591],[-5.953076,37.298556],[-5.95299,37.29869],[-5.953116,37.298749],[-5.952932,37.298827],[-5.953054,37.298973],[-5.953204,37.298896],[-5.953155,37.298739],[-5.953506,37.298803],[-5.953477,37.298941],[-5.953883,37.298957],[-5.953969,37.298824],[-5.95412,37.298924],[-5.95407,37.298747],[-5.954217,37.298718],[-5.954294,37.2988],[-5.954146,37.2988],[-5.954169,37.298896],[-5.953962,37.299006],[-5.953159,37.298987],[-5.95327,37.299003],[-5.953288,37.299131],[-5.953665,37.299157],[-5.953773,37.299024],[-5.953855,37.299077],[-5.953818,37.299159],[-5.953981,37.299114],[-5.954333,37.299192],[-5.954195,37.299234],[-5.954173,37.299353],[-5.953557,37.29935],[-5.952835,37.299204],[-5.95184,37.299129],[-5.951284,37.299256],[-5.951269,37.299333],[-5.950936,37.299284],[-5.950821,37.299342],[-5.949932,37.298912],[-5.949334,37.299033],[-5.949193,37.299156],[-5.949255,37.299256],[-5.950505,37.299946],[-5.950341,37.299995],[-5.950447,37.300069],[-5.950396,37.300163],[-5.950069,37.30023],[-5.949964,37.300786],[-5.949633,37.300825],[-5.949169,37.300649],[-5.948747,37.300801],[-5.948292,37.301087],[-5.947832,37.301088],[-5.947874,37.300992],[-5.947743,37.301004],[-5.947466,37.301288],[-5.946963,37.301548],[-5.947022,37.301595],[-5.946912,37.301588],[-5.945933,37.302135],[-5.945895,37.301997],[-5.945786,37.301963],[-5.945473,37.302249],[-5.945106,37.302224],[-5.945178,37.302507],[-5.94498,37.302639],[-5.944827,37.302618],[-5.944781,37.302793],[-5.944559,37.30278],[-5.944302,37.302386],[-5.944638,37.302204],[-5.944481,37.301905],[-5.944548,37.30177],[-5.945839,37.301649],[-5.946138,37.301542],[-5.946419,37.301317],[-5.94663,37.300952],[-5.946734,37.299969],[-5.946516,37.299826],[-5.946494,37.29969],[-5.946656,37.299269],[-5.946867,37.299047],[-5.9472,37.299012],[-5.947746,37.299309],[-5.947724,37.299145],[-5.948139,37.299259],[-5.948114,37.299144],[-5.948284,37.299007],[-5.948168,37.298885],[-5.948006,37.298411],[-5.948051,37.298356],[-5.949044,37.299113],[-5.949239,37.299021],[-5.949227,37.298872],[-5.949429,37.298765],[-5.949761,37.298263],[-5.949584,37.297691],[-5.949121,37.297004],[-5.949278,37.29698],[-5.949499,37.297233],[-5.94958,37.297141],[-5.949512,37.297004],[-5.949642,37.297054],[-5.949924,37.296746],[-5.950177,37.296679],[-5.949618,37.297253],[-5.9496,37.297373],[-5.949879,37.297764],[-5.950804,37.296895],[-5.950844,37.297055],[-5.950987,37.296907],[-5.951181,37.296933],[-5.9513,37.296866],[-5.95164,37.297004],[-5.951828,37.297206],[-5.951897,37.297039],[-5.951984,37.297044],[-5.951944,37.297125],[-5.952015,37.297176],[-5.952101,37.297096],[-5.951807,37.296766],[-5.952314,37.29686],[-5.952416,37.296749],[-5.952369,37.29666],[-5.952425,37.296591],[-5.951959,37.296304],[-5.952484,37.296012],[-5.952768,37.296083],[-5.952588,37.295946],[-5.952733,37.295956],[-5.952693,37.295897],[-5.952887,37.295824],[-5.953052,37.295918],[-5.95301,37.295853],[-5.953172,37.295652],[-5.953563,37.295454],[-5.954161,37.295356],[-5.954419,37.295636],[-5.954896,37.295773],[-5.955082,37.295957],[-5.955199,37.295963],[-5.95531,37.296124],[-5.955174,37.29619],[-5.955562,37.296126],[-5.955601,37.296074],[-5.955451,37.296024],[-5.955483,37.295939],[-5.956025,37.295874],[-5.956153,37.296113],[-5.956943,37.296272],[-5.956982,37.296526],[-5.957446,37.296634],[-5.958036,37.297013],[-5.959004,37.296992],[-5.959774,37.296856],[-5.960204,37.296893],[-5.960587,37.297114],[-5.961093,37.297149],[-5.961471,37.297458],[-5.961878,37.29764],[-5.963801,37.297977],[-5.964434,37.297949],[-5.964493,37.298303],[-5.964636,37.298359],[-5.964789,37.298262],[-5.965296,37.298209],[-5.965322,37.298114],[-5.965714,37.298028],[-5.965141,37.297923],[-5.965183,37.297747],[-5.965477,37.297628],[-5.965526,37.297889],[-5.965676,37.297889],[-5.96574,37.297683],[-5.965848,37.297654],[-5.965892,37.297895],[-5.965985,37.297949],[-5.96601,37.297656],[-5.966128,37.297581],[-5.967801,37.297834],[-5.967867,37.29778],[-5.967722,37.298058],[-5.967819,37.298233],[-5.967985,37.298249],[-5.968008,37.298358],[-5.968133,37.298354],[-5.968189,37.298454],[-5.968469,37.298505],[-5.968551,37.298568],[-5.968464,37.298619],[-5.968734,37.298563],[-5.96823,37.298849],[-5.968454,37.298791],[-5.968561,37.298941],[-5.968806,37.299054],[-5.968902,37.298981],[-5.969007,37.299116],[-5.969131,37.299088],[-5.969092,37.299232],[-5.969279,37.299323],[-5.969271,37.299413],[-5.969764,37.299312],[-5.969879,37.299412],[-5.969951,37.299321],[-5.970365,37.299248],[-5.97085,37.299359],[-5.970969,37.299806],[-5.970876,37.299875],[-5.970918,37.300028],[-5.970796,37.300247],[-5.971143,37.300724],[-5.971153,37.300874],[-5.971454,37.301066],[-5.97192,37.300624],[-5.97247,37.300806],[-5.972674,37.300687],[-5.972965,37.300902],[-5.972983,37.300779],[-5.973181,37.30089],[-5.974121,37.300978],[-5.974422,37.301192],[-5.974658,37.301584],[-5.975764,37.302176],[-5.975567,37.301931],[-5.975703,37.301945],[-5.97588,37.302104],[-5.976002,37.302097],[-5.975947,37.301939],[-5.976087,37.302021],[-5.976203,37.301934],[-5.976118,37.301837],[-5.976393,37.301717],[-5.976442,37.301778],[-5.976672,37.301736],[-5.976661,37.30213],[-5.976731,37.302344],[-5.976895,37.302459],[-5.976838,37.302664],[-5.97696,37.303146],[-5.977619,37.303699],[-5.977876,37.303742],[-5.978151,37.303979],[-5.978295,37.303947],[-5.978317,37.304202],[-5.978244,37.304315],[-5.978298,37.304585],[-5.977793,37.306111],[-5.977777,37.306661],[-5.977645,37.306836],[-5.977599,37.306694],[-5.976924,37.306505],[-5.976239,37.306053],[-5.976223,37.305974],[-5.976093,37.306058],[-5.97625,37.306763],[-5.976472,37.306823],[-5.976751,37.307164],[-5.977201,37.30737],[-5.977245,37.307454],[-5.976954,37.30744],[-5.976199,37.307174]]],[[[-5.951941,37.29825],[-5.951571,37.298336],[-5.951369,37.298494],[-5.951187,37.298439],[-5.950204,37.2988],[-5.950406,37.29901],[-5.950846,37.299119],[-5.950788,37.298945],[-5.951053,37.29896],[-5.951345,37.298713],[-5.951423,37.298596],[-5.951319,37.298615],[-5.951346,37.298525],[-5.951491,37.298564],[-5.951433,37.298482],[-5.951519,37.298429],[-5.951581,37.298494],[-5.951443,37.298761],[-5.951049,37.299047],[-5.951443,37.299096],[-5.95178,37.29865],[-5.951737,37.298455],[-5.951878,37.29851],[-5.952013,37.298355],[-5.951868,37.298363],[-5.951836,37.298292],[-5.951941,37.29825]]],[[[-5.947033,37.30037],[-5.947225,37.300266],[-5.94727,37.30003],[-5.947463,37.299854],[-5.947468,37.299702],[-5.946819,37.299835],[-5.94684,37.300149],[-5.947033,37.30037]]],[[[-5.919384,37.30914],[-5.918671,37.309169],[-5.918262,37.308982],[-5.918033,37.309082],[-5.917828,37.308028],[-5.91902,37.308167],[-5.919598,37.308043],[-5.920085,37.307838],[-5.920405,37.307828],[-5.920619,37.307869],[-5.920545,37.308192],[-5.921127,37.308102],[-5.921373,37.307817],[-5.921391,37.307949],[-5.921491,37.307958],[-5.921438,37.308016],[-5.921563,37.307964],[-5.921729,37.307876],[-5.921852,37.307549],[-5.922009,37.307437],[-5.922515,37.30743],[-5.923156,37.307632],[-5.9245,37.307535],[-5.925225,37.307364],[-5.925689,37.307167],[-5.925915,37.306982],[-5.925992,37.306727],[-5.926274,37.3064],[-5.926378,37.306502],[-5.926487,37.306476],[-5.926931,37.30686],[-5.927041,37.306854],[-5.927322,37.307239],[-5.926384,37.307728],[-5.926261,37.307949],[-5.925867,37.30822],[-5.925811,37.308508],[-5.925621,37.308301],[-5.925292,37.308179],[-5.924557,37.308314],[-5.923828,37.308346],[-5.923559,37.308182],[-5.922105,37.308193],[-5.921749,37.30823],[-5.921675,37.308309],[-5.921819,37.30832],[-5.921493,37.308394],[-5.921126,37.308328],[-5.921084,37.308194],[-5.92054,37.308281],[-5.920164,37.308861],[-5.920199,37.308585],[-5.920005,37.308574],[-5.920142,37.308691],[-5.919917,37.308815],[-5.919851,37.308975],[-5.919917,37.309034],[-5.91974,37.309024],[-5.919591,37.30915],[-5.919384,37.30914]]],[[[-5.97797,37.306689],[-5.978064,37.306563],[-5.978323,37.306554],[-5.979574,37.306771],[-5.980214,37.306998],[-5.982515,37.308439],[-5.982699,37.308579],[-5.982747,37.308904],[-5.980204,37.307305],[-5.979477,37.307027],[-5.978137,37.306796],[-5.97797,37.306689]]],[[[-5.98712,37.311656],[-5.986782,37.311506],[-5.983234,37.30922],[-5.983146,37.309152],[-5.9831,37.308805],[-5.986784,37.311203],[-5.987563,37.311541],[-5.98743,37.311807],[-5.98712,37.311656]]]]},"properties":{"OBJECTID":1789,"ID_ZONA":"ES050_APSFR_BG061-01_T500","ZONA":"Arroyo de las Culebras en Dos Hermanas","TIPO_ZONA":"Q Periodo de retorno T500","RIO":"Arroyo de Baena; Río Guadaira","LONG_KM":7.65,"HIPOTESIS":"Q500 régimen natural","HIDROLOGIA":"CAUMAX","PRECISION_":"MDT 1x1 procedente de LIDAR IGN PNOA","HIDRAUL":"IBER","ESTUDIO":"SNCZI. Zonas inundables del sistema bajo del Guadalquivir","TIPO_EST":"Estudio de Desarrollo del SNCZI","DOCUMENTO":"Implantación y seguimiento del plan de gestión del riesgo de inundación de las demarcaciones hidrográficas del Guadalquivir, Ceuta y Melilla. Fase 1. Revisión de la EPRI y mapas de peligrosidad y riesgo de inundación","FECHA_APRO":1587340800000,"FECHA_GEO":"05/2014","ORGANISMO":"Ministerio para la transición ecológica","CLAVE_EXPE":"05.840-0015/0411","DEMARCACIO":"Guadalquivir","ID_DEMAR":51,"Q_M3_S":"60; 1486","ZI_DIRECTI":"ES050_APSFR_BG061","CICLO":2,"Shape_Leng":28618.4895891,"Fecha_Lim":1745107200000,"Shape__Area":992185.537109375,"Shape__Length":28821.721969941958}},{"type":"Feature","id":1786,"geometry":{"type":"Polygon","coordinates":[[[-5.994667,37.505962],[-5.995024,37.50553],[-5.995023,37.505422],[-5.994611,37.505928],[-5.994667,37.505962],[-5.993896,37.506749],[-5.993723,37.506692],[-5.993687,37.50608],[-5.993597,37.505959],[-5.993227,37.5059],[-5.992985,37.505538],[-5.992608,37.505191],[-5.992321,37.505048],[-5.991716,37.505257],[-5.990319,37.505838],[-5.988928,37.506684],[-5.988273,37.507295],[-5.988291,37.507365],[-5.987798,37.507866],[-5.987569,37.508224],[-5.987431,37.50829],[-5.987216,37.508663],[-5.953017,37.485746],[-5.95314,37.484526],[-5.953021,37.484437],[-5.95256,37.484623],[-5.952457,37.484423],[-5.952577,37.483937],[-5.952541,37.483795],[-5.952247,37.483674],[-5.952166,37.48353],[-5.951827,37.483443],[-5.951791,37.483359],[-5.951736,37.483445],[-5.951787,37.483517],[-5.951433,37.483371],[-5.95137,37.483451],[-5.951223,37.483395],[-5.951137,37.483183],[-5.951379,37.482676],[-5.951286,37.482628],[-5.951301,37.482429],[-5.951047,37.482927],[-5.951045,37.483084],[-5.951115,37.483108],[-5.950793,37.48345],[-5.950774,37.482926],[-5.950717,37.482648],[-5.950595,37.482592],[-5.950615,37.482382],[-5.950101,37.482341],[-5.949827,37.482336],[-5.949694,37.483011],[-5.949539,37.483265],[-5.949472,37.48285],[-5.948754,37.482857],[-5.948795,37.483005],[-5.948655,37.483044],[-5.948642,37.483161],[-5.948563,37.482956],[-5.948486,37.482942],[-5.948648,37.48291],[-5.948662,37.482767],[-5.94832,37.482831],[-5.948312,37.482951],[-5.948383,37.48299],[-5.948216,37.483051],[-5.948125,37.48303],[-5.948054,37.482872],[-5.948221,37.482869],[-5.948231,37.482722],[-5.947892,37.482786],[-5.947854,37.482901],[-5.947921,37.482949],[-5.947807,37.482948],[-5.947781,37.483088],[-5.948015,37.483036],[-5.948019,37.483166],[-5.948184,37.483181],[-5.948449,37.483087],[-5.948444,37.483216],[-5.948811,37.483174],[-5.948865,37.483258],[-5.949363,37.483339],[-5.949362,37.483425],[-5.948478,37.483364],[-5.948144,37.48351],[-5.948151,37.483584],[-5.948078,37.4835],[-5.947948,37.483546],[-5.947997,37.483766],[-5.947714,37.483887],[-5.947504,37.483528],[-5.947376,37.48358],[-5.94755,37.483892],[-5.947316,37.483813],[-5.947167,37.483551],[-5.947185,37.483237],[-5.947025,37.48322],[-5.946996,37.483302],[-5.947067,37.483311],[-5.947028,37.483538],[-5.947123,37.483547],[-5.947022,37.48359],[-5.947104,37.483734],[-5.946592,37.483567],[-5.946675,37.483504],[-5.946625,37.48346],[-5.946419,37.48349],[-5.946454,37.483315],[-5.946346,37.483331],[-5.946496,37.483259],[-5.946626,37.48341],[-5.94672,37.483357],[-5.946578,37.483175],[-5.946077,37.483343],[-5.945949,37.483316],[-5.94584,37.483089],[-5.945567,37.482951],[-5.945586,37.482839],[-5.945693,37.482798],[-5.945509,37.482418],[-5.945541,37.482213],[-5.945871,37.482096],[-5.945567,37.482058],[-5.945579,37.481924],[-5.946907,37.481987],[-5.946932,37.481764],[-5.945588,37.4817],[-5.945607,37.481631],[-5.946139,37.481647],[-5.946153,37.48159],[-5.946159,37.481277],[-5.945638,37.48124],[-5.945655,37.481126],[-5.945766,37.481081],[-5.945652,37.481035],[-5.945685,37.480877],[-5.94801,37.481024],[-5.948049,37.480953],[-5.948423,37.481029],[-5.948396,37.480448],[-5.949134,37.480376],[-5.949111,37.480272],[-5.949815,37.480206],[-5.949821,37.479854],[-5.949994,37.479885],[-5.950064,37.479757],[-5.95001,37.47993],[-5.950062,37.479973],[-5.950549,37.480042],[-5.950616,37.479577],[-5.950689,37.479663],[-5.95073,37.479576],[-5.950866,37.479611],[-5.950918,37.480143],[-5.951283,37.480185],[-5.951365,37.480012],[-5.951124,37.479982],[-5.951084,37.479532],[-5.951198,37.479475],[-5.951469,37.479553],[-5.95158,37.479412],[-5.951728,37.479389],[-5.951776,37.479192],[-5.951613,37.479092],[-5.952371,37.479024],[-5.952526,37.478746],[-5.952365,37.478725],[-5.952364,37.478633],[-5.952597,37.478629],[-5.953484,37.477026],[-5.953149,37.476873],[-5.95252,37.478001],[-5.952377,37.478076],[-5.952484,37.477764],[-5.952418,37.477716],[-5.95257,37.477666],[-5.952621,37.477532],[-5.952334,37.477408],[-5.952304,37.477139],[-5.952593,37.476623],[-5.952532,37.476578],[-5.952791,37.476588],[-5.953588,37.476947],[-5.953672,37.476805],[-5.95296,37.476479],[-5.952885,37.476369],[-5.953473,37.476386],[-5.953583,37.476539],[-5.953723,37.476416],[-5.953539,37.476305],[-5.953731,37.476316],[-5.953673,37.476222],[-5.953581,37.476229],[-5.9536,37.476153],[-5.953685,37.476187],[-5.953944,37.475974],[-5.953865,37.475933],[-5.953923,37.475918],[-5.953948,37.475973],[-5.954059,37.475938],[-5.954139,37.476055],[-5.954146,37.475908],[-5.954221,37.47588],[-5.953878,37.475898],[-5.953939,37.475828],[-5.953655,37.475783],[-5.954148,37.475576],[-5.95432,37.475589],[-5.954715,37.475254],[-5.95461,37.475158],[-5.95485,37.475256],[-5.954904,37.475203],[-5.954964,37.47529],[-5.955128,37.475232],[-5.954733,37.475025],[-5.954501,37.475],[-5.954454,37.474883],[-5.954249,37.474765],[-5.954213,37.474495],[-5.954383,37.474508],[-5.954504,37.474313],[-5.954411,37.474226],[-5.954561,37.474207],[-5.954751,37.47434],[-5.954742,37.474422],[-5.955333,37.474706],[-5.955508,37.474412],[-5.95574,37.47422],[-5.955486,37.47407],[-5.955672,37.474048],[-5.956023,37.474228],[-5.956418,37.474003],[-5.956563,37.474063],[-5.956678,37.473932],[-5.957058,37.473796],[-5.957569,37.473938],[-5.957556,37.474086],[-5.957769,37.474087],[-5.957765,37.474221],[-5.958139,37.474199],[-5.95807,37.474276],[-5.958301,37.474345],[-5.958258,37.474451],[-5.958338,37.474485],[-5.958807,37.474037],[-5.959371,37.473655],[-5.959747,37.473813],[-5.959839,37.473693],[-5.9601,37.473692],[-5.96044,37.473465],[-5.960141,37.474005],[-5.960279,37.474022],[-5.959926,37.474338],[-5.959938,37.474445],[-5.960026,37.474361],[-5.960066,37.474422],[-5.959956,37.474588],[-5.96007,37.474513],[-5.96014,37.474573],[-5.960092,37.474691],[-5.960007,37.474713],[-5.959939,37.474597],[-5.959797,37.474576],[-5.959693,37.474675],[-5.959804,37.474728],[-5.959746,37.47482],[-5.96028,37.474856],[-5.960527,37.4747],[-5.960712,37.474715],[-5.960844,37.474636],[-5.960893,37.474784],[-5.961138,37.474648],[-5.961207,37.474684],[-5.961246,37.475085],[-5.961449,37.474901],[-5.961593,37.474989],[-5.961396,37.475178],[-5.961466,37.475227],[-5.961581,37.475127],[-5.961688,37.475233],[-5.961885,37.475196],[-5.961963,37.475277],[-5.962029,37.475192],[-5.962103,37.475301],[-5.962312,37.47518],[-5.96234,37.475341],[-5.962475,37.475368],[-5.962493,37.475533],[-5.962778,37.475042],[-5.962933,37.475154],[-5.962917,37.475073],[-5.963038,37.474954],[-5.962949,37.474826],[-5.962819,37.474845],[-5.962745,37.47477],[-5.962865,37.474571],[-5.962884,37.474805],[-5.963017,37.474691],[-5.963588,37.474853],[-5.963304,37.474886],[-5.963298,37.475068],[-5.96342,37.47517],[-5.963587,37.475049],[-5.963778,37.475091],[-5.96363,37.475129],[-5.963569,37.475363],[-5.963267,37.475278],[-5.963403,37.475394],[-5.963228,37.475435],[-5.963252,37.475499],[-5.963698,37.47549],[-5.96376,37.475443],[-5.963782,37.475106],[-5.963962,37.475193],[-5.96426,37.475163],[-5.964453,37.475283],[-5.964383,37.475665],[-5.964458,37.475667],[-5.964698,37.474769],[-5.965166,37.473854],[-5.965311,37.473311],[-5.965712,37.472813],[-5.966288,37.472319],[-5.967266,37.471795],[-5.967088,37.471541],[-5.967161,37.471434],[-5.967278,37.471531],[-5.967249,37.470982],[-5.967334,37.471511],[-5.967494,37.471543],[-5.96753,37.471903],[-5.967526,37.472074],[-5.967417,37.472166],[-5.967441,37.473076],[-5.967363,37.473012],[-5.96735,37.472351],[-5.96706,37.472235],[-5.967072,37.472134],[-5.96648,37.472425],[-5.965851,37.472958],[-5.965934,37.472987],[-5.965871,37.473075],[-5.96583,37.472982],[-5.965695,37.473142],[-5.965748,37.47326],[-5.965632,37.473458],[-5.96555,37.473903],[-5.965401,37.473859],[-5.965396,37.473674],[-5.96489,37.474644],[-5.964686,37.47538],[-5.964633,37.476509],[-5.964705,37.476727],[-5.965193,37.477055],[-5.965455,37.477424],[-5.965494,37.477646],[-5.965437,37.477774],[-5.965134,37.477979],[-5.964849,37.478069],[-5.964492,37.47798],[-5.963633,37.477272],[-5.962993,37.476945],[-5.962512,37.476868],[-5.962425,37.476941],[-5.962349,37.477416],[-5.962363,37.47763],[-5.96249,37.477697],[-5.962421,37.477915],[-5.962137,37.478157],[-5.961673,37.478332],[-5.961412,37.478335],[-5.961443,37.478256],[-5.961325,37.478212],[-5.960743,37.478147],[-5.959533,37.478229],[-5.959197,37.478352],[-5.958787,37.478376],[-5.958047,37.477938],[-5.957449,37.477894],[-5.956694,37.478068],[-5.956643,37.477907],[-5.956482,37.477904],[-5.95644,37.477832],[-5.955971,37.477918],[-5.955951,37.478192],[-5.955865,37.478146],[-5.955898,37.477951],[-5.955776,37.478012],[-5.955533,37.477938],[-5.954634,37.477406],[-5.953987,37.478095],[-5.953888,37.478358],[-5.953919,37.478585],[-5.953816,37.478665],[-5.953862,37.478819],[-5.953795,37.478868],[-5.953918,37.478902],[-5.953984,37.478836],[-5.954137,37.478926],[-5.954259,37.479165],[-5.954193,37.479301],[-5.954359,37.479355],[-5.954628,37.478888],[-5.954658,37.479046],[-5.954481,37.479387],[-5.954811,37.479493],[-5.955052,37.479128],[-5.955051,37.479001],[-5.955141,37.479109],[-5.954937,37.479541],[-5.955264,37.479654],[-5.955534,37.479173],[-5.955511,37.479351],[-5.955627,37.479407],[-5.95583,37.479188],[-5.955977,37.479199],[-5.955939,37.479881],[-5.956015,37.479896],[-5.955709,37.480021],[-5.955882,37.480084],[-5.956013,37.480001],[-5.956061,37.480149],[-5.95616,37.480181],[-5.956022,37.480241],[-5.955939,37.480146],[-5.955705,37.480183],[-5.955879,37.480219],[-5.955825,37.481035],[-5.955917,37.480782],[-5.956084,37.480814],[-5.956148,37.48056],[-5.956208,37.480823],[-5.95614,37.481388],[-5.956188,37.481225],[-5.956256,37.481286],[-5.956276,37.481232],[-5.956415,37.480462],[-5.956643,37.480328],[-5.956842,37.480451],[-5.957182,37.480424],[-5.956996,37.481402],[-5.956818,37.481498],[-5.956833,37.48159],[-5.956458,37.481547],[-5.956522,37.481434],[-5.956233,37.481546],[-5.956408,37.481472],[-5.956429,37.481701],[-5.956921,37.481735],[-5.95692,37.481834],[-5.956285,37.481779],[-5.95632,37.481851],[-5.956948,37.481925],[-5.956973,37.482002],[-5.956663,37.48197],[-5.956637,37.482037],[-5.957076,37.482133],[-5.956906,37.483667],[-5.957143,37.483625],[-5.957341,37.482151],[-5.958313,37.482205],[-5.958015,37.48394],[-5.95802,37.484422],[-5.975082,37.485742],[-5.975071,37.48562],[-5.975363,37.485528],[-5.975085,37.485474],[-5.975549,37.485361],[-5.974651,37.485248],[-5.965907,37.484594],[-5.963885,37.484413],[-5.963816,37.484335],[-5.963241,37.484364],[-5.963106,37.484349],[-5.96319,37.484267],[-5.96313,37.484229],[-5.962951,37.484264],[-5.963058,37.484341],[-5.962899,37.484338],[-5.958875,37.483989],[-5.959053,37.483007],[-5.959075,37.482289],[-5.960107,37.482343],[-5.960353,37.482472],[-5.960403,37.48238],[-5.96078,37.482392],[-5.964204,37.482709],[-5.964297,37.482648],[-5.964296,37.48248],[-5.964472,37.482421],[-5.964468,37.482349],[-5.966197,37.48247],[-5.966525,37.48224],[-5.966383,37.482005],[-5.966474,37.481406],[-5.966618,37.48136],[-5.967366,37.481364],[-5.967918,37.48112],[-5.969098,37.481216],[-5.969505,37.481368],[-5.969904,37.481268],[-5.972528,37.481443],[-5.972723,37.481297],[-5.975158,37.480715],[-5.975771,37.480762],[-5.976169,37.480205],[-5.975211,37.480412],[-5.975065,37.480383],[-5.974971,37.480474],[-5.973278,37.480832],[-5.97233,37.480941],[-5.971942,37.481084],[-5.970189,37.480938],[-5.969909,37.480881],[-5.969706,37.480744],[-5.969038,37.480813],[-5.968553,37.480762],[-5.96823,37.480684],[-5.96787,37.480436],[-5.967861,37.480554],[-5.968049,37.480725],[-5.967959,37.480732],[-5.967642,37.480535],[-5.967545,37.480264],[-5.967782,37.478988],[-5.967734,37.477349],[-5.967771,37.477132],[-5.967862,37.477154],[-5.967847,37.4769],[-5.967907,37.476849],[-5.967758,37.476727],[-5.967907,37.476435],[-5.967809,37.476461],[-5.967856,37.475553],[-5.967937,37.475475],[-5.968109,37.47347],[-5.968252,37.47329],[-5.968223,37.473178],[-5.968117,37.473269],[-5.968112,37.472598],[-5.968278,37.472739],[-5.968202,37.471971],[-5.967979,37.471819],[-5.967938,37.471334],[-5.968064,37.471096],[-5.968112,37.470724],[-5.968055,37.470565],[-5.9679,37.470568],[-5.967957,37.470235],[-5.967854,37.470139],[-5.967854,37.469716],[-6.03777,37.46765],[-6.037758,37.467732],[-6.037843,37.467743],[-6.037649,37.468114],[-6.037696,37.468436],[-6.037444,37.468737],[-6.038073,37.46901],[-6.038088,37.469119],[-6.03795,37.469166],[-6.038036,37.469194],[-6.037757,37.469706],[-6.037613,37.469756],[-6.0376,37.469932],[-6.037413,37.470078],[-6.037367,37.470319],[-6.03706,37.470631],[-6.036827,37.471031],[-6.036601,37.471064],[-6.036706,37.471134],[-6.036117,37.471879],[-6.035935,37.47265],[-6.03582,37.472692],[-6.03573,37.472869],[-6.035658,37.472776],[-6.035588,37.472811],[-6.035239,37.473335],[-6.035187,37.474291],[-6.035258,37.474362],[-6.035275,37.474794],[-6.035516,37.475826],[-6.035497,37.476356],[-6.034946,37.477164],[-6.034028,37.477772],[-6.03357,37.477896],[-6.033415,37.478137],[-6.03324,37.478579],[-6.033019,37.480224],[-6.033202,37.48081],[-6.033319,37.480874],[-6.033123,37.481817],[-6.033415,37.4825],[-6.033801,37.483086],[-6.034056,37.483765],[-6.03455,37.484536],[-6.035637,37.485369],[-6.037036,37.486267],[-6.037491,37.486719],[-6.038115,37.487119],[-6.038431,37.48759],[-6.038278,37.487603],[-6.038399,37.487706],[-6.038188,37.487782],[-6.038379,37.487859],[-6.038457,37.487767],[-6.038732,37.487959],[-6.039386,37.488008],[-6.040202,37.488356],[-6.040453,37.48832],[-6.040677,37.488429],[-6.039939,37.489225],[-6.039816,37.488993],[-6.039562,37.48904],[-6.039853,37.489315],[-6.039162,37.490057],[-6.039013,37.489959],[-6.038898,37.489735],[-6.038539,37.489658],[-6.038416,37.489951],[-6.038163,37.490202],[-6.038143,37.490339],[-6.038414,37.490608],[-6.038588,37.490672],[-6.038288,37.490996],[-6.037537,37.491594],[-6.036814,37.491242],[-6.036212,37.491087],[-6.035522,37.491082],[-6.035431,37.491159],[-6.035111,37.491188],[-6.034594,37.491111],[-6.034343,37.491209],[-6.034132,37.491493],[-6.034017,37.491888],[-6.034051,37.49235],[-6.035007,37.493594],[-6.034877,37.493609],[-6.034929,37.493691],[-6.031839,37.496132],[-6.028018,37.498335],[-6.024125,37.500787],[-6.024052,37.50037],[-6.02407,37.50005],[-6.024138,37.499995],[-6.024094,37.499497],[-6.024017,37.499412],[-6.024153,37.499246],[-6.024106,37.499185],[-6.024284,37.499126],[-6.024283,37.499037],[-6.023905,37.498381],[-6.024055,37.498243],[-6.023959,37.498123],[-6.023791,37.498074],[-6.023773,37.498219],[-6.023014,37.497914],[-6.022829,37.497802],[-6.022919,37.497564],[-6.022839,37.497539],[-6.021921,37.498005],[-6.021896,37.497892],[-6.02166,37.497837],[-6.021575,37.497616],[-6.021347,37.497524],[-6.020876,37.496989],[-6.021002,37.496831],[-6.021023,37.496642],[-6.020904,37.496436],[-6.020805,37.496457],[-6.020811,37.496538],[-6.020697,37.496496],[-6.020677,37.496586],[-6.020458,37.496474],[-6.020274,37.496606],[-6.019582,37.496211],[-6.019443,37.496311],[-6.019255,37.496219],[-6.018991,37.495968],[-6.019125,37.495714],[-6.018961,37.495548],[-6.018536,37.49565],[-6.01823,37.495387],[-6.017943,37.495318],[-6.017784,37.495066],[-6.017781,37.494895],[-6.017517,37.494468],[-6.017312,37.494308],[-6.017107,37.493888],[-6.017196,37.493771],[-6.017076,37.493704],[-6.017162,37.493472],[-6.017116,37.493436],[-6.014877,37.493437],[-6.014708,37.493419],[-6.014496,37.493243],[-6.014315,37.493298],[-6.014017,37.493196],[-6.013423,37.493208],[-6.01311,37.493082],[-6.012801,37.493112],[-6.012485,37.49303],[-6.012463,37.49312],[-6.0124,37.49305],[-6.012269,37.49318],[-6.01181,37.493206],[-6.011614,37.493382],[-6.011885,37.493835],[-6.011812,37.493893],[-6.011744,37.493784],[-6.011668,37.493845],[-6.011818,37.49399],[-6.011681,37.494225],[-6.011784,37.49438],[-6.011168,37.494107],[-6.010864,37.494081],[-6.010866,37.494197],[-6.010723,37.494287],[-6.010924,37.494457],[-6.011002,37.494372],[-6.011126,37.494422],[-6.011586,37.494873],[-6.011596,37.495198],[-6.011669,37.495195],[-6.011768,37.495749],[-6.011451,37.495198],[-6.011384,37.495203],[-6.011422,37.495279],[-6.011216,37.495311],[-6.011276,37.495265],[-6.011199,37.495153],[-6.010942,37.495246],[-6.011005,37.495161],[-6.010859,37.495137],[-6.010876,37.495025],[-6.010649,37.494984],[-6.010526,37.494521],[-6.010453,37.494841],[-6.010278,37.494977],[-6.009447,37.494749],[-6.009129,37.494779],[-6.008969,37.495008],[-6.008968,37.495151],[-6.00938,37.495707],[-6.009356,37.49583],[-6.009162,37.495942],[-6.009286,37.496174],[-6.008553,37.495524],[-6.008141,37.495942],[-6.007999,37.49596],[-6.008039,37.496018],[-6.007675,37.496408],[-6.00736,37.496588],[-6.006518,37.496605],[-6.005479,37.497485],[-6.003976,37.498561],[-6.002738,37.499277],[-6.00221,37.499495],[-6.001998,37.499682],[-6.001895,37.499926],[-6.001929,37.500335],[-6.001482,37.500224],[-6.001272,37.500049],[-6.000869,37.500208],[-6.000075,37.500661],[-5.999379,37.501431],[-5.998658,37.501939],[-5.998556,37.50266],[-5.998646,37.503101],[-5.998842,37.503245],[-5.999138,37.503733],[-5.999256,37.504296],[-5.999252,37.504762],[-5.999534,37.505181],[-5.999449,37.505327],[-5.999314,37.505351],[-5.999195,37.505487],[-5.99915,37.505767],[-5.998943,37.505957],[-5.998758,37.50629],[-5.998731,37.506548],[-5.994448,37.507048],[-5.994051,37.507175],[-5.993995,37.507047],[-5.994098,37.506759],[-5.994667,37.505962]],[[-5.958542,37.477765],[-5.958922,37.478038],[-5.959543,37.477939],[-5.959505,37.478027],[-5.959291,37.478015],[-5.959228,37.478103],[-5.958873,37.478202],[-5.960304,37.478007],[-5.961737,37.478067],[-5.961937,37.477972],[-5.961759,37.477898],[-5.961722,37.47797],[-5.961623,37.477918],[-5.961612,37.477988],[-5.961475,37.478012],[-5.961135,37.47792],[-5.961465,37.477953],[-5.961613,37.477538],[-5.961834,37.477396],[-5.961289,37.477046],[-5.960606,37.476898],[-5.96047,37.476924],[-5.96033,37.47721],[-5.960267,37.477186],[-5.960383,37.477035],[-5.960239,37.47704],[-5.960341,37.476821],[-5.960176,37.476665],[-5.960193,37.476443],[-5.960277,37.476377],[-5.960271,37.476097],[-5.959093,37.475548],[-5.959043,37.47562],[-5.958604,37.475461],[-5.957087,37.474746],[-5.95694,37.474792],[-5.955017,37.476846],[-5.955166,37.476758],[-5.955385,37.476792],[-5.955687,37.476917],[-5.9558,37.477044],[-5.956776,37.476993],[-5.95716,37.477091],[-5.957321,37.477033],[-5.957778,37.47706],[-5.958076,37.477299],[-5.958362,37.477397],[-5.958467,37.477503],[-5.95837,37.477629],[-5.958542,37.477765]]]},"properties":{"OBJECTID":1786,"ID_ZONA":"ES050_APSFR_BG004-03_T500","ZONA":"Guadalquivir en Rinconada","TIPO_ZONA":"Q Periodo de retorno T500","RIO":"Río Guadalquivir","LONG_KM":7.52,"HIPOTESIS":"Q500 régimen alterado","HIDROLOGIA":"CAUMAX","PRECISION_":"MDT 1x1 procedente de LIDAR IGN PNOA","HIDRAUL":"IBER","ESTUDIO":"SNCZI. Zonas inundables del sistema bajo del Guadalquivir","TIPO_EST":"Estudio de Desarrollo del SNCZI","DOCUMENTO":"Implantación y seguimiento del plan de gestión del riesgo de inundación de las demarcaciones hidrográficas del Guadalquivir, Ceuta y Melilla. Fase 1. Revisión de la EPRI y mapas de peligrosidad y riesgo de inundación","FECHA_APRO":1587340800000,"FECHA_GEO":"05/2014","ORGANISMO":"Ministerio para la transición ecológica","CLAVE_EXPE":"05.840-0015/0411","DEMARCACIO":"Guadalquivir","ID_DEMAR":51,"Q_M3_S":"10835","ZI_DIRECTI":"ES050_APSFR_BG004","CICLO":2,"Shape_Leng":46255.2401177,"Fecha_Lim":1745107200000,"Shape__Area":22865021.465332031,"Shape__Length":46578.81133573415}},{"type":"Feature","id":1703,"geometry":{"type":"Polygon","coordinates":[[[-6.117001,37.321022],[-6.116911,37.321066],[-6.116235,37.320819],[-6.116027,37.321003],[-6.115988,37.320648],[-6.115702,37.320132],[-6.115638,37.319819],[-6.115494,37.319589],[-6.115255,37.319541],[-6.11502,37.319321],[-6.114705,37.318441],[-6.114366,37.317866],[-6.114085,37.316782],[-6.114009,37.316715],[-6.114112,37.31664],[-6.114129,37.316464],[-6.113747,37.315141],[-6.113267,37.315072],[-6.113097,37.314963],[-6.112543,37.315198],[-6.112708,37.314633],[-6.112834,37.314471],[-6.112845,37.314116],[-6.113012,37.313468],[-6.1126,37.312798],[-6.112581,37.312531],[-6.112335,37.312113],[-6.112371,37.311928],[-6.112012,37.311639],[-6.112303,37.31157],[-6.112297,37.311518],[-6.111917,37.311497],[-6.111963,37.311432],[-6.112398,37.311383],[-6.112397,37.311239],[-6.112032,37.311261],[-6.111931,37.31089],[-6.111831,37.310781],[-6.111923,37.310745],[-6.111976,37.309912],[-6.111838,37.309853],[-6.112309,37.309609],[-6.112301,37.309508],[-6.111654,37.309496],[-6.112152,37.309403],[-6.111923,37.309107],[-6.111709,37.309023],[-6.111598,37.308649],[-6.110841,37.307675],[-6.110665,37.307494],[-6.110419,37.307432],[-6.110302,37.307209],[-6.110056,37.307066],[-6.110015,37.306808],[-6.109892,37.306852],[-6.109966,37.306026],[-6.110109,37.305959],[-6.110149,37.305721],[-6.11012,37.305094],[-6.109505,37.304216],[-6.10854,37.30354],[-6.108496,37.303253],[-6.108341,37.303056],[-6.10836,37.302917],[-6.108166,37.302685],[-6.10784,37.301936],[-6.107903,37.301241],[-6.107816,37.300516],[-6.107342,37.299716],[-6.10805,37.299558],[-6.108352,37.300469],[-6.108524,37.300738],[-6.108675,37.301614],[-6.109245,37.302491],[-6.10931,37.302965],[-6.109433,37.303222],[-6.110103,37.303784],[-6.110668,37.304721],[-6.111047,37.306098],[-6.110965,37.306168],[-6.11135,37.306334],[-6.111345,37.306506],[-6.111211,37.306673],[-6.111434,37.306881],[-6.111494,37.307066],[-6.111737,37.307072],[-6.111714,37.307464],[-6.111828,37.307543],[-6.112043,37.308054],[-6.112275,37.308164],[-6.112782,37.308622],[-6.112958,37.309167],[-6.112687,37.309327],[-6.112732,37.309367],[-6.113287,37.309136],[-6.113374,37.309168],[-6.113639,37.309815],[-6.113633,37.309959],[-6.113224,37.309274],[-6.112557,37.309505],[-6.112714,37.309655],[-6.112786,37.30963],[-6.113009,37.309964],[-6.113079,37.31023],[-6.112901,37.310298],[-6.113012,37.310493],[-6.113051,37.310549],[-6.1134,37.310454],[-6.113386,37.310712],[-6.113504,37.31072],[-6.113406,37.310928],[-6.11353,37.311239],[-6.113804,37.311256],[-6.113882,37.311473],[-6.113786,37.311545],[-6.11402,37.311673],[-6.113656,37.311916],[-6.113798,37.312059],[-6.113947,37.31197],[-6.114111,37.312097],[-6.113958,37.312275],[-6.114133,37.3124],[-6.114302,37.312341],[-6.114171,37.312494],[-6.114457,37.312782],[-6.114496,37.312966],[-6.114852,37.313391],[-6.115034,37.313421],[-6.115161,37.313787],[-6.115355,37.313917],[-6.115654,37.315624],[-6.115857,37.315755],[-6.115691,37.315852],[-6.115743,37.316308],[-6.115952,37.316786],[-6.116042,37.317371],[-6.116363,37.318346],[-6.116644,37.318761],[-6.117038,37.318997],[-6.117167,37.31917],[-6.117291,37.319109],[-6.11735,37.319156],[-6.117523,37.319738],[-6.117696,37.319746],[-6.117686,37.319813],[-6.117855,37.319862],[-6.118,37.320121],[-6.118567,37.320714],[-6.118876,37.320803],[-6.118837,37.321038],[-6.118899,37.321226],[-6.117654,37.321683],[-6.117561,37.321517],[-6.117001,37.321022]],[[-6.116442,37.319205],[-6.116611,37.31904],[-6.116618,37.318922],[-6.116113,37.318319],[-6.11591,37.317595],[-6.115759,37.317548],[-6.115102,37.317657],[-6.114962,37.317893],[-6.115101,37.318019],[-6.115489,37.318798],[-6.115796,37.319097],[-6.116298,37.319236],[-6.116442,37.319205]]]},"properties":{"OBJECTID":1703,"ID_ZONA":"ES050_APSFR_BG007-01_T500","ZONA":"Almensilla","TIPO_ZONA":"Q Periodo de retorno T500","RIO":"Arroyo de Cañada Fría","LONG_KM":2.77,"HIPOTESIS":"Q500 régimen natural","HIDROLOGIA":"Método racional","PRECISION_":"MDT 2x2 procedente de LIDAR IGN PNOA","HIDRAUL":"SOBEK","ESTUDIO":"SNCZI. Zonas inundables del sistema bajo del Guadalquivir","TIPO_EST":"Estudio de Desarrollo del SNCZI","DOCUMENTO":"Elaboración de cartografía de dominio público hidráulico y mapas de peligrosidad y riesgo de la directiva 2007/60 en el marco del SNCZI en las demarcaciones hidrográficas del Guadalquivir, Ceuta y Melilla. Cofinanciado con fondos FEDER","FECHA_APRO":1443139200000,"FECHA_GEO":"05/2014","ORGANISMO":"Ministerio de agricultura, alimentación y medio ambiente","CLAVE_EXPE":"CU(CO)-4615","DEMARCACIO":"Guadalquivir","ID_DEMAR":51,"Q_M3_S":"46","ZI_DIRECTI":"ES050_APSFR_BG007","CICLO":1,"Shape_Leng":7331.62413108,"Fecha_Lim":1745107200000,"Shape__Area":305595.37353515625,"Shape__Length":7380.9152666456384}}]}