{"type":"FeatureCollection","crs":{"type":"name","properties":{"name":"EPSG:4326"}},"features":[{"type":"Feature","id":2823,"geometry":{"type":"MultiPolygon","coordinates":[[[[-6.058292,37.400255],[-6.058463,37.400255],[-6.058634,37.400255],[-6.058804,37.400255],[-6.058975,37.400255],[-6.058804,37.400391],[-6.058634,37.400391],[-6.058463,37.400391],[-6.058292,37.400391],[-6.058292,37.400255]]],[[[-6.057609,37.400255],[-6.05778,37.400255],[-6.057951,37.400255],[-6.057951,37.400391],[-6.05778,37.400391],[-6.057609,37.400255]]],[[[-6.056927,37.400255],[-6.057097,37.400255],[-6.057268,37.400255],[-6.057439,37.400255],[-6.057268,37.400391],[-6.056927,37.400255]]],[[[-6.056244,37.400255],[-6.056415,37.400255],[-6.056585,37.400255],[-6.056415,37.400391],[-6.056244,37.400391],[-6.056244,37.400255]]],[[[-6.055391,37.400255],[-6.055561,37.400255],[-6.055732,37.400255],[-6.055903,37.400255],[-6.055732,37.400391],[-6.055561,37.400391],[-6.055391,37.400391],[-6.055391,37.400255]]],[[[-6.059146,37.400119],[-6.059146,37.400255],[-6.058975,37.400255],[-6.059146,37.400119]]],[[[-6.054879,37.400119],[-6.055049,37.400119],[-6.05522,37.400119],[-6.05522,37.400255],[-6.055049,37.400255],[-6.054879,37.400119]]],[[[-6.054367,37.399984],[-6.054537,37.399984],[-6.054879,37.400119],[-6.054708,37.400119],[-6.054537,37.400119],[-6.054367,37.399984]]],[[[-6.05266,37.399713],[-6.05283,37.399848],[-6.05266,37.399848],[-6.05266,37.399713]]],[[[-6.054025,37.399442],[-6.054196,37.399442],[-6.054196,37.399577],[-6.054025,37.399713],[-6.054025,37.399848],[-6.054196,37.399713],[-6.054196,37.399984],[-6.054025,37.399984],[-6.053854,37.399984],[-6.053513,37.399848],[-6.053684,37.399848],[-6.053854,37.399848],[-6.054025,37.399442]]],[[[-6.045321,37.399442],[-6.045491,37.399442],[-6.045662,37.399442],[-6.045662,37.399577],[-6.045491,37.399713],[-6.04515,37.399577],[-6.045321,37.399577],[-6.045321,37.399442]]],[[[-6.044638,37.399442],[-6.044808,37.399442],[-6.044979,37.399442],[-6.044979,37.399577],[-6.044808,37.399577],[-6.044638,37.399442]]],[[[-6.045833,37.399306],[-6.046003,37.399306],[-6.046003,37.399442],[-6.045833,37.399442],[-6.045662,37.399442],[-6.045833,37.399306]]],[[[-6.043784,37.399306],[-6.043955,37.399306],[-6.044126,37.399306],[-6.044296,37.399306],[-6.044467,37.399306],[-6.044467,37.399442],[-6.044296,37.399442],[-6.044126,37.399442],[-6.043955,37.399442],[-6.043784,37.399306]]],[[[-6.043443,37.399306],[-6.043614,37.399306],[-6.043784,37.399306],[-6.043614,37.399442],[-6.043443,37.399306]]],[[[-6.046515,37.399035],[-6.046686,37.399035],[-6.046515,37.39917],[-6.046515,37.399306],[-6.046345,37.399306],[-6.046174,37.399442],[-6.046003,37.399306],[-6.046345,37.39917],[-6.046515,37.399035]]],[[[-6.040371,37.39917],[-6.040541,37.39917],[-6.040541,37.399306],[-6.040371,37.39917]]],[[[-6.042931,37.399035],[-6.043102,37.39917],[-6.043272,37.39917],[-6.043443,37.39917],[-6.043443,37.399306],[-6.043272,37.399306],[-6.043102,37.399306],[-6.042931,37.399306],[-6.04276,37.39917],[-6.042931,37.399035]]],[[[-6.04771,37.398899],[-6.047881,37.398899],[-6.048051,37.398899],[-6.048051,37.399035],[-6.048051,37.39917],[-6.047881,37.39917],[-6.047881,37.399306],[-6.04771,37.399306],[-6.047539,37.39917],[-6.047539,37.399035],[-6.04771,37.398899]]],[[[-6.042419,37.399035],[-6.04259,37.399035],[-6.04276,37.399035],[-6.04276,37.39917],[-6.04259,37.39917],[-6.042419,37.39917],[-6.042419,37.399035]]],[[[-6.05283,37.398764],[-6.053001,37.398764],[-6.053001,37.398899],[-6.053172,37.398899],[-6.053172,37.399035],[-6.053342,37.399577],[-6.053172,37.399713],[-6.053001,37.399713],[-6.053001,37.399848],[-6.053172,37.399848],[-6.053342,37.399848],[-6.053001,37.399984],[-6.05283,37.399848],[-6.05283,37.399713],[-6.05283,37.399306],[-6.05283,37.398764]]],[[[-6.041566,37.398899],[-6.041736,37.399035],[-6.041907,37.399035],[-6.042078,37.399035],[-6.042078,37.39917],[-6.042419,37.39917],[-6.042419,37.399306],[-6.042248,37.399306],[-6.041907,37.39917],[-6.041736,37.39917],[-6.041566,37.399035],[-6.041395,37.39917],[-6.041224,37.39917],[-6.040883,37.39917],[-6.040712,37.39917],[-6.040541,37.39917],[-6.040541,37.399035],[-6.040712,37.399035],[-6.040883,37.399035],[-6.041054,37.399035],[-6.041224,37.399035],[-6.041395,37.399035],[-6.041566,37.398899]]],[[[-6.039176,37.397814],[-6.039176,37.39795],[-6.039176,37.398086],[-6.039176,37.398221],[-6.039176,37.398357],[-6.039176,37.398492],[-6.039176,37.398628],[-6.039005,37.398764],[-6.039005,37.398628],[-6.039005,37.398492],[-6.039005,37.398357],[-6.039005,37.398221],[-6.039005,37.398086],[-6.039005,37.39795],[-6.039176,37.397814]]],[[[-6.039005,37.397679],[-6.039176,37.397679],[-6.039176,37.397814],[-6.039005,37.397679]]],[[[-6.039176,37.397543],[-6.039347,37.397543],[-6.039347,37.397679],[-6.039176,37.397679],[-6.039176,37.397543]]],[[[-6.039176,37.39673],[-6.039347,37.39673],[-6.039347,37.396865],[-6.039347,37.397001],[-6.039176,37.397136],[-6.039176,37.397272],[-6.039347,37.397408],[-6.039176,37.397408],[-6.039005,37.397408],[-6.039005,37.397272],[-6.039005,37.397136],[-6.039176,37.397001],[-6.039176,37.396865],[-6.039176,37.39673]]],[[[-6.039347,37.396187],[-6.039517,37.396187],[-6.039517,37.396323],[-6.039517,37.396458],[-6.039517,37.396594],[-6.039347,37.39673],[-6.039347,37.396594],[-6.039347,37.396458],[-6.039347,37.396323],[-6.039347,37.396187]]],[[[-6.039688,37.395916],[-6.039859,37.395916],[-6.039859,37.396052],[-6.039859,37.396187],[-6.039688,37.396187],[-6.039517,37.396187],[-6.039517,37.396052],[-6.039688,37.396052],[-6.039688,37.395916]]],[[[-6.040029,37.394831],[-6.0402,37.394831],[-6.040029,37.394967],[-6.040029,37.395102],[-6.040029,37.395238],[-6.040029,37.395374],[-6.040029,37.395509],[-6.040029,37.395645],[-6.039859,37.395916],[-6.039859,37.39578],[-6.039859,37.395645],[-6.039859,37.395509],[-6.039859,37.395374],[-6.039859,37.395238],[-6.039859,37.395102],[-6.039859,37.394967],[-6.040029,37.394831]]],[[[-6.0402,37.39456],[-6.040371,37.39456],[-6.040371,37.394696],[-6.040371,37.394831],[-6.0402,37.394831],[-6.0402,37.394696],[-6.0402,37.39456]]],[[[-6.0402,37.393882],[-6.040371,37.394018],[-6.0402,37.394153],[-6.0402,37.394018],[-6.0402,37.393882]]],[[[-6.040029,37.393204],[-6.0402,37.393204],[-6.0402,37.39334],[-6.040029,37.393204]]],[[[-6.040029,37.392526],[-6.040029,37.392662],[-6.040029,37.392797],[-6.040029,37.392933],[-6.040029,37.393068],[-6.040029,37.393204],[-6.039859,37.393068],[-6.039859,37.392933],[-6.039859,37.392797],[-6.039859,37.392662],[-6.040029,37.392526]]],[[[-6.040029,37.39239],[-6.0402,37.39239],[-6.0402,37.392526],[-6.040029,37.392526],[-6.040029,37.39239]]],[[[-6.040371,37.391984],[-6.040541,37.391984],[-6.040712,37.391984],[-6.040541,37.392119],[-6.040371,37.392119],[-6.040371,37.392255],[-6.0402,37.392255],[-6.0402,37.392119],[-6.040371,37.391984]]],[[[-6.040883,37.391712],[-6.040883,37.391848],[-6.040883,37.391984],[-6.040712,37.391984],[-6.040883,37.391712]]],[[[-6.040883,37.391577],[-6.041054,37.391577],[-6.041224,37.391577],[-6.041224,37.391712],[-6.041054,37.391712],[-6.040883,37.391712],[-6.040883,37.391577]]],[[[-6.041224,37.391441],[-6.041395,37.391441],[-6.041395,37.391577],[-6.041224,37.391577],[-6.041224,37.391441]]],[[[-6.041395,37.391306],[-6.041566,37.391306],[-6.041566,37.391441],[-6.041395,37.391441],[-6.041395,37.391306]]],[[[-6.041395,37.390899],[-6.041736,37.391034],[-6.041736,37.39117],[-6.041736,37.391306],[-6.041566,37.391306],[-6.041566,37.39117],[-6.041566,37.391034],[-6.041395,37.391034],[-6.041395,37.390899]]]]},"properties":{"OBJECTID":2823,"ID_ZONA":"ES050_APSFR_BG014-01_ZFP","ZONA":"Camas, Castilleja de Guzmán, Valencina, Santiponce","TIPO_ZONA":"Zona de Flujo Preferente","RIO":"Sin nombre; Sin nombre","LONG_KM":2.81,"HIDROLOGIA":"Método racional","PRECISION_":"MDT 2x2 procedente de LIDAR IGN PNOA","HIDRAUL":"HEC-RAS 1D","ESTUDIO":"SNCZI. Zonas inundables del sistema bajo del Guadalquivir","TIPO_EST":"Estudio de Desarrollo del SNCZI","ESCALA_REP":"Planos digitales sin escala","DOCUMENTO":"Elaboración de cartografía de dominio público hidráulico y mapas de peligrosidad y riesgo de la directiva 2007/60 en el marco del SNCZI en las demarcaciones hidrográficas del Guadalquivir, Ceuta y Melilla. Cofinanciado con fondos FEDER","FECHA":1454284800000,"ORGANISMO":"Ministerio de agricultura, alimentación y medio ambiente","CLAVE_EXPE":"CU(CO)-4615","DEMARCACIO":"Guadalquivir","ID_DEMAR":51,"Q_M3_S":"7,07; 27,49","Fecha_Lim":1745107200000,"Shape__Area":28143.540832519531,"Shape__Length":5602.4975242306973}},{"type":"Feature","id":2821,"geometry":{"type":"MultiPolygon","coordinates":[[[[-6.114446,37.316821],[-6.114446,37.316956],[-6.114617,37.316956],[-6.114617,37.317092],[-6.114617,37.317228],[-6.114617,37.317364],[-6.114617,37.317499],[-6.114787,37.317635],[-6.114787,37.317771],[-6.114958,37.317907],[-6.114958,37.318042],[-6.115129,37.318178],[-6.115129,37.318314],[-6.115129,37.31845],[-6.115299,37.31845],[-6.115299,37.318585],[-6.115299,37.318721],[-6.11547,37.318857],[-6.115641,37.318857],[-6.115641,37.318993],[-6.115811,37.319128],[-6.115982,37.319128],[-6.116153,37.319264],[-6.116323,37.319264],[-6.116494,37.319264],[-6.116665,37.319264],[-6.116835,37.319536],[-6.116835,37.319807],[-6.117006,37.320078],[-6.117347,37.32035],[-6.117689,37.320893],[-6.11803,37.3213],[-6.11803,37.321572],[-6.117859,37.321572],[-6.117347,37.321029],[-6.117177,37.320893],[-6.117006,37.320757],[-6.117006,37.320621],[-6.116835,37.320621],[-6.116665,37.320486],[-6.116494,37.320486],[-6.116494,37.32035],[-6.116323,37.320078],[-6.115982,37.319943],[-6.115811,37.319807],[-6.115982,37.319807],[-6.115982,37.319671],[-6.115982,37.319536],[-6.115811,37.319536],[-6.115641,37.3194],[-6.115641,37.319264],[-6.11547,37.319264],[-6.11547,37.319128],[-6.115299,37.319128],[-6.115129,37.318993],[-6.115129,37.318857],[-6.114958,37.318721],[-6.114958,37.318585],[-6.114958,37.31845],[-6.114787,37.318314],[-6.114787,37.318178],[-6.114787,37.318042],[-6.114617,37.318042],[-6.114617,37.317907],[-6.114617,37.317771],[-6.114446,37.317635],[-6.114446,37.317499],[-6.114446,37.317364],[-6.114275,37.317228],[-6.114275,37.317092],[-6.114275,37.316956],[-6.114446,37.316821]]],[[[-6.113251,37.310441],[-6.113422,37.310441],[-6.113422,37.310576],[-6.113422,37.310712],[-6.113422,37.310848],[-6.113251,37.310848],[-6.113251,37.310984],[-6.113422,37.310984],[-6.113422,37.311119],[-6.113422,37.311527],[-6.113251,37.311798],[-6.113251,37.311934],[-6.113251,37.31207],[-6.113422,37.312205],[-6.113251,37.312613],[-6.113422,37.312884],[-6.113592,37.313156],[-6.114105,37.313427],[-6.114275,37.313563],[-6.114446,37.313834],[-6.114617,37.314106],[-6.114787,37.314377],[-6.114787,37.314649],[-6.114787,37.314785],[-6.114617,37.314785],[-6.114446,37.31492],[-6.114275,37.315056],[-6.114275,37.315192],[-6.114275,37.315463],[-6.114275,37.315599],[-6.114275,37.315735],[-6.114275,37.315871],[-6.114446,37.315871],[-6.114617,37.316006],[-6.114617,37.316142],[-6.114617,37.316278],[-6.114446,37.316414],[-6.114446,37.316549],[-6.114446,37.316685],[-6.114446,37.316821],[-6.114275,37.316821],[-6.114275,37.316685],[-6.114105,37.316549],[-6.114105,37.316414],[-6.114105,37.316278],[-6.114105,37.316142],[-6.114105,37.315871],[-6.113934,37.315463],[-6.114105,37.315192],[-6.114105,37.31492],[-6.114275,37.31492],[-6.114275,37.314785],[-6.114105,37.314649],[-6.114105,37.314513],[-6.114105,37.314377],[-6.114105,37.314242],[-6.114105,37.314106],[-6.114105,37.31397],[-6.113934,37.313834],[-6.113934,37.313699],[-6.113763,37.313699],[-6.113592,37.313563],[-6.113422,37.313427],[-6.113251,37.313291],[-6.11308,37.313291],[-6.11291,37.313156],[-6.11291,37.31302],[-6.11291,37.312884],[-6.11291,37.312613],[-6.112739,37.312613],[-6.112739,37.312477],[-6.112739,37.312205],[-6.11291,37.312205],[-6.11291,37.311934],[-6.11291,37.311798],[-6.11291,37.311662],[-6.11291,37.311391],[-6.112739,37.311255],[-6.112739,37.311119],[-6.112568,37.311119],[-6.112568,37.310984],[-6.112398,37.310984],[-6.112398,37.310848],[-6.112568,37.310848],[-6.112739,37.310848],[-6.11291,37.310984],[-6.11308,37.310848],[-6.11308,37.310712],[-6.11308,37.310576],[-6.113251,37.310576],[-6.113251,37.310441]]],[[[-6.11291,37.310305],[-6.11308,37.310441],[-6.11308,37.310576],[-6.11291,37.310576],[-6.11291,37.310441],[-6.11291,37.310305]]],[[[-6.112398,37.310169],[-6.112568,37.310305],[-6.112568,37.310441],[-6.112568,37.310576],[-6.112568,37.310712],[-6.112398,37.310712],[-6.112398,37.310576],[-6.112398,37.310441],[-6.112398,37.310305],[-6.112398,37.310169]]],[[[-6.112568,37.309762],[-6.112739,37.310169],[-6.112568,37.309898],[-6.112568,37.309762]]],[[[-6.112227,37.30949],[-6.112398,37.30949],[-6.112568,37.309626],[-6.112568,37.309762],[-6.112398,37.309626],[-6.112398,37.309762],[-6.112227,37.309626],[-6.112227,37.30949]]],[[[-6.112227,37.308947],[-6.112398,37.309083],[-6.112398,37.309219],[-6.112398,37.309355],[-6.112227,37.309355],[-6.112227,37.309083],[-6.112227,37.308947]]],[[[-6.112056,37.308812],[-6.112227,37.308812],[-6.112227,37.308947],[-6.112056,37.308812]]],[[[-6.111886,37.30854],[-6.112056,37.308812],[-6.111886,37.308676],[-6.111886,37.30854]]],[[[-6.111634,37.308269],[-6.111715,37.308269],[-6.111715,37.308404],[-6.111634,37.308269]]],[[[-6.111544,37.308133],[-6.111634,37.308269],[-6.111544,37.308269],[-6.111544,37.308133]]],[[[-6.111374,37.307997],[-6.111544,37.307997],[-6.111544,37.308133],[-6.111374,37.307997]]],[[[-6.110862,37.307318],[-6.111032,37.307454],[-6.111203,37.30759],[-6.111203,37.307726],[-6.111374,37.307861],[-6.111203,37.307861],[-6.111032,37.30759],[-6.110862,37.307454],[-6.110862,37.307318]]],[[[-6.11035,37.306639],[-6.11052,37.306775],[-6.110691,37.306775],[-6.110691,37.307047],[-6.110862,37.307183],[-6.110862,37.307318],[-6.110691,37.307454],[-6.110691,37.307318],[-6.11052,37.307318],[-6.11035,37.307183],[-6.11035,37.307047],[-6.11035,37.306639]]],[[[-6.11052,37.305282],[-6.110691,37.305282],[-6.110691,37.305418],[-6.110691,37.305553],[-6.110691,37.305689],[-6.110691,37.305825],[-6.110691,37.305961],[-6.110862,37.306096],[-6.110862,37.306232],[-6.110862,37.306368],[-6.110691,37.306504],[-6.11052,37.306368],[-6.11052,37.306096],[-6.11035,37.305961],[-6.110179,37.305961],[-6.110179,37.305825],[-6.11035,37.305825],[-6.11052,37.305825],[-6.11052,37.305689],[-6.11052,37.305553],[-6.11052,37.305418],[-6.11052,37.305282]]],[[[-6.108472,37.302024],[-6.108643,37.302024],[-6.108643,37.302159],[-6.108813,37.302295],[-6.108813,37.302431],[-6.108984,37.302431],[-6.108984,37.302567],[-6.109155,37.302702],[-6.109155,37.302838],[-6.109155,37.302974],[-6.109325,37.303381],[-6.109838,37.303924],[-6.109838,37.30406],[-6.110008,37.304196],[-6.110179,37.304467],[-6.11035,37.304467],[-6.11035,37.304603],[-6.11052,37.304875],[-6.11052,37.30501],[-6.11052,37.305146],[-6.11052,37.305282],[-6.11035,37.305146],[-6.11035,37.30501],[-6.110179,37.304875],[-6.110008,37.304739],[-6.109838,37.304467],[-6.109667,37.304196],[-6.109496,37.30406],[-6.109325,37.303924],[-6.109155,37.303788],[-6.108984,37.303653],[-6.108813,37.303517],[-6.108813,37.303381],[-6.108643,37.30311],[-6.108643,37.302974],[-6.108643,37.302702],[-6.108472,37.302159],[-6.108472,37.302024]]],[[[-6.108301,37.301752],[-6.108472,37.301888],[-6.108472,37.302024],[-6.108301,37.301888],[-6.108301,37.301752]]],[[[-6.10796,37.301345],[-6.108131,37.301345],[-6.108131,37.30148],[-6.108301,37.301616],[-6.108301,37.301752],[-6.108131,37.301752],[-6.108131,37.301616],[-6.10796,37.301616],[-6.10796,37.30148],[-6.10796,37.301345]]],[[[-6.107619,37.29958],[-6.107789,37.299715],[-6.10796,37.299987],[-6.10796,37.300123],[-6.108131,37.300259],[-6.108131,37.30053],[-6.108301,37.300666],[-6.108301,37.300802],[-6.108301,37.301073],[-6.108301,37.301209],[-6.108131,37.301345],[-6.10796,37.301209],[-6.108131,37.301209],[-6.108131,37.301073],[-6.10796,37.300937],[-6.10796,37.300802],[-6.10796,37.300666],[-6.107789,37.300394],[-6.107619,37.299851],[-6.107448,37.299715],[-6.107619,37.299715],[-6.107619,37.29958]]]]},"properties":{"OBJECTID":2821,"ID_ZONA":"ES050_APSFR_BG007-01_ZFP","ZONA":"Almensilla","TIPO_ZONA":"Zona de Flujo Preferente","RIO":"Arroyo de Cañada Fría","LONG_KM":2.77,"HIDROLOGIA":"Método racional","PRECISION_":"MDT 2x2 procedente de LIDAR IGN PNOA","HIDRAUL":"SOBEK","ESTUDIO":"SNCZI. Zonas inundables del sistema bajo del Guadalquivir","TIPO_EST":"Estudio de Desarrollo del SNCZI","ESCALA_REP":"Planos digitales sin escala","DOCUMENTO":"Elaboración de cartografía de dominio público hidráulico y mapas de peligrosidad y riesgo de la directiva 2007/60 en el marco del SNCZI en las demarcaciones hidrográficas del Guadalquivir, Ceuta y Melilla. Cofinanciado con fondos FEDER","FECHA":1454284800000,"ORGANISMO":"Ministerio de agricultura, alimentación y medio ambiente","CLAVE_EXPE":"CU(CO)-4615","DEMARCACIO":"Guadalquivir","ID_DEMAR":51,"Q_M3_S":"30","Fecha_Lim":1745107200000,"Shape__Area":78208.312316894531,"Shape__Length":6362.9736357635638}},{"type":"Feature","id":2893,"geometry":{"type":"MultiPolygon","coordinates":[[[[-5.97483,37.455013],[-5.975,37.455013],[-5.975171,37.455691],[-5.975342,37.455962],[-5.975171,37.455962],[-5.975,37.456097],[-5.97483,37.456097],[-5.974659,37.456097],[-5.973976,37.456368],[-5.973976,37.455826],[-5.973806,37.455284],[-5.973806,37.455149],[-5.973976,37.455149],[-5.974659,37.45542],[-5.974659,37.455555],[-5.97483,37.455284],[-5.974488,37.455149],[-5.97483,37.455013]]],[[[-6.046345,37.447019],[-6.046515,37.447019],[-6.046515,37.447155],[-6.046345,37.447155],[-6.046345,37.447019]]],[[[-5.97739,37.442412],[-5.977561,37.442412],[-5.977561,37.442547],[-5.97739,37.442412]]],[[[-5.977561,37.442141],[-5.977561,37.442276],[-5.97739,37.442412],[-5.977219,37.442412],[-5.97739,37.442276],[-5.977561,37.442141]]],[[[-5.974318,37.436584],[-5.974488,37.436584],[-5.974488,37.43672],[-5.974318,37.43672],[-5.974147,37.436855],[-5.973976,37.436991],[-5.973806,37.436991],[-5.973976,37.436855],[-5.974147,37.43672],[-5.974318,37.436584]]],[[[-5.974659,37.436449],[-5.974659,37.436584],[-5.974488,37.436584],[-5.974659,37.436449]]],[[[-5.958615,37.424522],[-5.958786,37.424522],[-5.958956,37.424522],[-5.959298,37.424522],[-5.959298,37.424657],[-5.959127,37.424657],[-5.958956,37.424657],[-5.958615,37.424657],[-5.958615,37.424522]]],[[[-5.956738,37.424386],[-5.956908,37.424386],[-5.957079,37.424386],[-5.95725,37.424386],[-5.95742,37.424386],[-5.957591,37.424386],[-5.957762,37.424386],[-5.957932,37.424386],[-5.958444,37.424522],[-5.957762,37.424522],[-5.957591,37.424522],[-5.95742,37.424522],[-5.95725,37.424522],[-5.957079,37.424522],[-5.956908,37.424522],[-5.956738,37.424522],[-5.956738,37.424386]]],[[[-5.954177,37.424251],[-5.954348,37.424251],[-5.954519,37.424251],[-5.954689,37.424251],[-5.95486,37.424251],[-5.955031,37.424251],[-5.955202,37.424251],[-5.955372,37.424251],[-5.956055,37.424251],[-5.956226,37.424251],[-5.956396,37.424386],[-5.956226,37.424386],[-5.956055,37.424386],[-5.955884,37.424386],[-5.955714,37.424386],[-5.955372,37.424386],[-5.955202,37.424386],[-5.955031,37.424386],[-5.95486,37.424386],[-5.954689,37.424386],[-5.954519,37.424386],[-5.954177,37.424251]]],[[[-6.031154,37.417744],[-6.031154,37.41788],[-6.030983,37.418015],[-6.030983,37.418151],[-6.030813,37.418151],[-6.030983,37.41788],[-6.031154,37.417744]]],[[[-6.034226,37.413271],[-6.034397,37.413406],[-6.034226,37.413406],[-6.034226,37.413271]]],[[[-6.034568,37.411779],[-6.034738,37.411915],[-6.034568,37.411915],[-6.034568,37.411779]]],[[[-6.032861,37.408932],[-6.033032,37.409068],[-6.032861,37.409068],[-6.032861,37.408932]]],[[[-6.009478,37.409203],[-6.009307,37.409746],[-6.009307,37.40961],[-6.009307,37.409475],[-6.009307,37.409339],[-6.009478,37.409203]]],[[[-6.010035,37.406863],[-6.00999,37.407034],[-6.00999,37.406899],[-6.010035,37.406863]]],[[[-6.034397,37.40595],[-6.034568,37.40595],[-6.034738,37.406085],[-6.034568,37.406085],[-6.034397,37.406085],[-6.034397,37.40595]]],[[[-6.034226,37.404729],[-6.034397,37.404729],[-6.034226,37.404865],[-6.034226,37.404729]]],[[[-6.033373,37.402967],[-6.033544,37.402967],[-6.033544,37.403102],[-6.033544,37.403238],[-6.033373,37.403238],[-6.033373,37.403102],[-6.033373,37.402967]]],[[[-6.033714,37.402696],[-6.033714,37.402831],[-6.033714,37.402967],[-6.033544,37.402967],[-6.033544,37.402831],[-6.033714,37.402696]]],[[[-6.033885,37.402289],[-6.033885,37.40256],[-6.033885,37.402696],[-6.033714,37.402696],[-6.033544,37.402696],[-6.033544,37.40256],[-6.033714,37.40256],[-6.033885,37.402289]]],[[[-6.034056,37.402153],[-6.034056,37.402289],[-6.033885,37.402289],[-6.034056,37.402153]]],[[[-6.004357,37.398492],[-6.004528,37.398492],[-6.004528,37.398628],[-6.004699,37.398628],[-6.004528,37.398899],[-6.004528,37.399035],[-6.004528,37.39917],[-6.004528,37.399306],[-6.004528,37.399442],[-6.004357,37.399442],[-6.004357,37.399306],[-6.004187,37.399306],[-6.004016,37.39917],[-6.004016,37.399035],[-6.004016,37.398899],[-6.004357,37.398628],[-6.004357,37.398492]]],[[[-6.004187,37.398357],[-6.004357,37.398492],[-6.004187,37.398492],[-6.004187,37.398357]]],[[[-6.034056,37.397408],[-6.034226,37.397408],[-6.034226,37.397543],[-6.034056,37.397408]]],[[[-6.030983,37.375302],[-6.031154,37.375438],[-6.031154,37.375574],[-6.030983,37.375302]]],[[[-6.024327,37.36323],[-6.024498,37.36323],[-6.024498,37.363365],[-6.024327,37.36323]]],[[[-6.024839,37.35604],[-6.02501,37.35604],[-6.02518,37.35604],[-6.02518,37.356175],[-6.02501,37.356175],[-6.024839,37.35604]]],[[[-6.024156,37.355497],[-6.024327,37.355497],[-6.024327,37.355633],[-6.024156,37.355633],[-6.024156,37.355497]]],[[[-6.028423,37.346271],[-6.028594,37.346271],[-6.028765,37.346271],[-6.028935,37.346271],[-6.029106,37.346271],[-6.028935,37.346406],[-6.028765,37.346406],[-6.028594,37.346406],[-6.028423,37.346406],[-6.028423,37.346271]]],[[[-6.029959,37.345728],[-6.03013,37.345728],[-6.029959,37.345864],[-6.029959,37.345728]]],[[[-6.029106,37.345457],[-6.029277,37.345457],[-6.029277,37.345592],[-6.029277,37.345728],[-6.029106,37.345728],[-6.029106,37.345592],[-6.029106,37.345457]]],[[[-6.025863,37.342336],[-6.025863,37.342471],[-6.026034,37.342607],[-6.025863,37.342607],[-6.025692,37.342607],[-6.025692,37.342471],[-6.025863,37.342336]]],[[[-6.025692,37.341929],[-6.025863,37.342064],[-6.025692,37.342064],[-6.025863,37.3422],[-6.025863,37.342336],[-6.025692,37.342336],[-6.025692,37.3422],[-6.025522,37.3422],[-6.025522,37.342064],[-6.025692,37.341929]]],[[[-6.025522,37.341793],[-6.025692,37.341793],[-6.025692,37.341929],[-6.025522,37.341929],[-6.025522,37.341793]]],[[[-6.025863,37.337451],[-6.025863,37.337586],[-6.025863,37.337722],[-6.025863,37.337858],[-6.025692,37.337858],[-6.025692,37.337586],[-6.025863,37.337451]]],[[[-6.003504,37.337043],[-6.003675,37.337043],[-6.003675,37.337179],[-6.003675,37.337315],[-6.003675,37.337451],[-6.003675,37.337586],[-6.003675,37.337722],[-6.003504,37.337043]]],[[[-6.026204,37.335008],[-6.026204,37.335144],[-6.026204,37.335279],[-6.026204,37.335415],[-6.026204,37.335686],[-6.026034,37.335686],[-6.026034,37.335551],[-6.026204,37.335008]]],[[[-6.025863,37.335008],[-6.026034,37.335008],[-6.025863,37.335144],[-6.025863,37.335008]]],[[[-6.024327,37.333651],[-6.024498,37.333786],[-6.024327,37.333786],[-6.024327,37.333651]]],[[[-6.025692,37.332294],[-6.025863,37.332294],[-6.025863,37.332429],[-6.025863,37.332565],[-6.025692,37.332429],[-6.025692,37.332294]]],[[[-6.026204,37.331751],[-6.026034,37.332158],[-6.025863,37.332158],[-6.025863,37.332022],[-6.026034,37.332022],[-6.026034,37.331886],[-6.026204,37.331751]]],[[[-6.028594,37.330394],[-6.028765,37.330394],[-6.028594,37.330529],[-6.028594,37.330394]]],[[[-6.038493,37.323743],[-6.039005,37.323879],[-6.039176,37.324286],[-6.038493,37.324286],[-6.038323,37.324286],[-6.038152,37.324286],[-6.038323,37.324015],[-6.038323,37.323879],[-6.038493,37.323743]]],[[[-6.009819,37.324422],[-6.00999,37.324422],[-6.00999,37.324693],[-6.009819,37.324558],[-6.009819,37.324422]]],[[[-6.025351,37.323743],[-6.025692,37.323743],[-6.025692,37.323879],[-6.025351,37.323879],[-6.025351,37.323743]]],[[[-6.036616,37.28573],[-6.036957,37.28573],[-6.037299,37.285865],[-6.037128,37.285865],[-6.036787,37.286001],[-6.036616,37.286001],[-6.036104,37.285865],[-6.036616,37.28573]]],[[[-6.051465,37.271741],[-6.051636,37.271741],[-6.05522,37.272692],[-6.055049,37.272828],[-6.054879,37.272828],[-6.054708,37.272828],[-6.054708,37.272964],[-6.054708,37.273099],[-6.054537,37.273099],[-6.054367,37.273235],[-6.054367,37.273371],[-6.054367,37.273507],[-6.054367,37.273643],[-6.054367,37.273779],[-6.054367,37.273914],[-6.054367,37.27405],[-6.054196,37.274322],[-6.054196,37.274458],[-6.054025,37.274593],[-6.054025,37.274729],[-6.054025,37.274865],[-6.053854,37.274865],[-6.053684,37.275001],[-6.053684,37.275137],[-6.053684,37.275273],[-6.053684,37.275408],[-6.053513,37.275544],[-6.053513,37.27568],[-6.053513,37.275816],[-6.053342,37.275816],[-6.053342,37.275952],[-6.053342,37.276087],[-6.053172,37.276087],[-6.053172,37.276223],[-6.053001,37.276359],[-6.05283,37.276359],[-6.05266,37.276495],[-6.05266,37.276631],[-6.05266,37.276766],[-6.052489,37.276766],[-6.052489,37.276902],[-6.052489,37.277038],[-6.052318,37.277038],[-6.052318,37.277174],[-6.052148,37.277174],[-6.051977,37.277446],[-6.051977,37.277581],[-6.051806,37.277717],[-6.051806,37.277853],[-6.051806,37.277989],[-6.051636,37.278125],[-6.051636,37.27826],[-6.051636,37.278396],[-6.051636,37.278532],[-6.051636,37.278668],[-6.051806,37.278668],[-6.051977,37.278804],[-6.052148,37.278939],[-6.052318,37.278939],[-6.052489,37.278939],[-6.05266,37.279075],[-6.05283,37.279075],[-6.05283,37.279211],[-6.05266,37.279211],[-6.052489,37.279211],[-6.052318,37.279075],[-6.051977,37.278939],[-6.051806,37.278939],[-6.051636,37.278939],[-6.051636,37.278804],[-6.051465,37.278804],[-6.051465,37.278939],[-6.051294,37.278939],[-6.051124,37.279211],[-6.050953,37.279347],[-6.050953,37.279483],[-6.050782,37.279483],[-6.050782,37.279619],[-6.050612,37.279754],[-6.050612,37.27989],[-6.050441,37.27989],[-6.050441,37.280026],[-6.050441,37.280162],[-6.05027,37.280298],[-6.05027,37.280433],[-6.0501,37.280569],[-6.0501,37.280705],[-6.0501,37.280841],[-6.049929,37.280977],[-6.049929,37.281112],[-6.049929,37.281248],[-6.049758,37.281248],[-6.049758,37.28152],[-6.049587,37.281656],[-6.049587,37.281791],[-6.049587,37.281927],[-6.049417,37.282063],[-6.049417,37.282199],[-6.049417,37.282335],[-6.049246,37.28247],[-6.049246,37.282606],[-6.049075,37.282742],[-6.049075,37.282878],[-6.049075,37.283014],[-6.049075,37.283149],[-6.049075,37.283285],[-6.049075,37.283421],[-6.049075,37.283557],[-6.048905,37.283557],[-6.048905,37.283693],[-6.048905,37.283828],[-6.048734,37.283828],[-6.048734,37.283964],[-6.048734,37.2841],[-6.048734,37.284236],[-6.048563,37.284236],[-6.048563,37.284372],[-6.048563,37.284507],[-6.048563,37.284643],[-6.048563,37.285051],[-6.048563,37.285186],[-6.048563,37.285322],[-6.048563,37.285458],[-6.048393,37.285458],[-6.048563,37.285594],[-6.048393,37.286001],[-6.048393,37.286137],[-6.048393,37.286273],[-6.048393,37.286409],[-6.048222,37.286544],[-6.048222,37.286952],[-6.048222,37.287088],[-6.048222,37.287223],[-6.048051,37.287359],[-6.048051,37.287495],[-6.048051,37.287631],[-6.048051,37.287767],[-6.047881,37.287902],[-6.047881,37.288038],[-6.047881,37.288174],[-6.04771,37.288446],[-6.04771,37.288581],[-6.04771,37.288717],[-6.047539,37.288853],[-6.047539,37.288989],[-6.047369,37.28926],[-6.047369,37.289396],[-6.047369,37.289668],[-6.047198,37.289803],[-6.047198,37.289939],[-6.047198,37.290075],[-6.047369,37.290075],[-6.047198,37.291161],[-6.047198,37.291297],[-6.047198,37.291433],[-6.047027,37.29184],[-6.047027,37.292112],[-6.047027,37.292248],[-6.046857,37.292383],[-6.046857,37.292519],[-6.046857,37.292655],[-6.046686,37.292791],[-6.046515,37.292927],[-6.046515,37.293198],[-6.046345,37.29347],[-6.046174,37.293605],[-6.046174,37.293741],[-6.046174,37.293877],[-6.046003,37.294013],[-6.046003,37.294149],[-6.045833,37.294284],[-6.045491,37.294827],[-6.045321,37.294963],[-6.04515,37.294963],[-6.044979,37.295235],[-6.044808,37.295371],[-6.044808,37.295506],[-6.044808,37.295642],[-6.044638,37.295642],[-6.044638,37.295778],[-6.044808,37.295914],[-6.044808,37.295642],[-6.044979,37.295642],[-6.04515,37.295642],[-6.044979,37.295914],[-6.044979,37.29605],[-6.044808,37.29605],[-6.044467,37.296185],[-6.044467,37.296321],[-6.044296,37.296593],[-6.044126,37.296593],[-6.043955,37.296593],[-6.043784,37.296593],[-6.043784,37.296728],[-6.043614,37.296728],[-6.043443,37.297],[-6.043272,37.297],[-6.043272,37.297136],[-6.043102,37.297271],[-6.042931,37.297407],[-6.043102,37.297407],[-6.043272,37.297407],[-6.043272,37.297543],[-6.042931,37.297543],[-6.043102,37.298086],[-6.043102,37.298222],[-6.043272,37.298493],[-6.043443,37.298629],[-6.043443,37.298765],[-6.043272,37.299037],[-6.043272,37.299172],[-6.04259,37.300123],[-6.042078,37.301209],[-6.042078,37.301345],[-6.042078,37.30148],[-6.041907,37.301616],[-6.041907,37.301752],[-6.041907,37.301888],[-6.041907,37.302024],[-6.041736,37.302024],[-6.041736,37.302159],[-6.041736,37.302295],[-6.041907,37.302431],[-6.042078,37.302431],[-6.042078,37.302567],[-6.042248,37.302567],[-6.042248,37.302702],[-6.042419,37.302567],[-6.04259,37.302567],[-6.04259,37.302431],[-6.04276,37.302431],[-6.042931,37.302159],[-6.043102,37.302295],[-6.043102,37.302431],[-6.042931,37.302567],[-6.042931,37.302702],[-6.042931,37.302838],[-6.043102,37.302974],[-6.042931,37.302974],[-6.04276,37.30311],[-6.042931,37.30311],[-6.042931,37.303245],[-6.043102,37.303245],[-6.043102,37.303381],[-6.043272,37.303381],[-6.043272,37.303517],[-6.043443,37.303517],[-6.043443,37.303653],[-6.043614,37.303653],[-6.043614,37.303788],[-6.043784,37.303788],[-6.043784,37.303924],[-6.043784,37.30406],[-6.043784,37.304196],[-6.043784,37.304332],[-6.043955,37.304603],[-6.044126,37.304467],[-6.044296,37.304467],[-6.044638,37.304467],[-6.044808,37.304332],[-6.04515,37.304196],[-6.045321,37.304196],[-6.045321,37.30406],[-6.04515,37.303924],[-6.04515,37.303788],[-6.044979,37.303653],[-6.044808,37.303517],[-6.044638,37.303381],[-6.044638,37.303245],[-6.044808,37.303245],[-6.044979,37.303245],[-6.04515,37.303245],[-6.04515,37.303381],[-6.045321,37.303517],[-6.045491,37.303517],[-6.045662,37.303381],[-6.045833,37.303517],[-6.046003,37.303517],[-6.046003,37.303653],[-6.046174,37.303653],[-6.046345,37.303517],[-6.046345,37.303381],[-6.046515,37.30311],[-6.046515,37.302974],[-6.046515,37.302838],[-6.046686,37.302838],[-6.046686,37.302974],[-6.046857,37.302974],[-6.047027,37.302974],[-6.047027,37.30311],[-6.047369,37.303245],[-6.047539,37.303245],[-6.04771,37.303381],[-6.047881,37.303381],[-6.048051,37.303381],[-6.048051,37.303245],[-6.048393,37.30311],[-6.048563,37.302974],[-6.048563,37.302838],[-6.048734,37.302838],[-6.048905,37.302838],[-6.048905,37.302702],[-6.049075,37.302702],[-6.048905,37.302567],[-6.048905,37.302431],[-6.048734,37.302431],[-6.048734,37.302567],[-6.048563,37.302431],[-6.048393,37.302567],[-6.048393,37.302431],[-6.048222,37.302431],[-6.048051,37.302431],[-6.048051,37.302295],[-6.047881,37.302295],[-6.04771,37.302295],[-6.047539,37.302159],[-6.047369,37.302159],[-6.047369,37.302024],[-6.047027,37.302024],[-6.046857,37.302024],[-6.046515,37.301888],[-6.046345,37.301752],[-6.046174,37.301752],[-6.046003,37.301752],[-6.046003,37.301616],[-6.045833,37.301616],[-6.045662,37.301616],[-6.045491,37.301616],[-6.045321,37.30148],[-6.04515,37.30148],[-6.044979,37.30148],[-6.044979,37.301345],[-6.044979,37.301209],[-6.04515,37.301209],[-6.045321,37.301345],[-6.045491,37.30148],[-6.045662,37.301345],[-6.045662,37.30148],[-6.045833,37.30148],[-6.046003,37.30148],[-6.046174,37.30148],[-6.046345,37.30148],[-6.046345,37.301616],[-6.046515,37.301752],[-6.046515,37.301616],[-6.046686,37.301616],[-6.046857,37.301616],[-6.046857,37.301752],[-6.047027,37.301616],[-6.047198,37.301752],[-6.047539,37.301752],[-6.04771,37.301752],[-6.04771,37.301888],[-6.047881,37.301888],[-6.048051,37.301888],[-6.048222,37.302024],[-6.048393,37.302024],[-6.048563,37.301888],[-6.048563,37.302024],[-6.048734,37.302159],[-6.048905,37.302295],[-6.049075,37.302431],[-6.049075,37.302295],[-6.049246,37.302295],[-6.049246,37.302431],[-6.049246,37.302567],[-6.049246,37.302702],[-6.049075,37.302838],[-6.049246,37.302838],[-6.049246,37.302974],[-6.049246,37.30311],[-6.049417,37.30311],[-6.049417,37.303245],[-6.049417,37.303381],[-6.049417,37.303517],[-6.049587,37.303381],[-6.049758,37.303381],[-6.049929,37.303245],[-6.05027,37.30311],[-6.050441,37.302974],[-6.050612,37.302974],[-6.050612,37.302838],[-6.050782,37.302838],[-6.050953,37.302702],[-6.051294,37.302567],[-6.051636,37.302567],[-6.051806,37.302838],[-6.051806,37.30311],[-6.051977,37.303517],[-6.051977,37.303653],[-6.052148,37.303653],[-6.052148,37.303788],[-6.051977,37.303924],[-6.051806,37.30406],[-6.051806,37.304196],[-6.051806,37.304332],[-6.051977,37.304332],[-6.052148,37.304332],[-6.052318,37.304332],[-6.052148,37.304467],[-6.052148,37.304739],[-6.051977,37.304739],[-6.051977,37.304603],[-6.051977,37.304467],[-6.051806,37.304467],[-6.051636,37.304467],[-6.051465,37.304603],[-6.051124,37.30501],[-6.051124,37.305282],[-6.051124,37.305418],[-6.051294,37.305553],[-6.051465,37.305553],[-6.051806,37.306096],[-6.051294,37.306504],[-6.051294,37.307318],[-6.051294,37.30759],[-6.051294,37.308133],[-6.051124,37.308404],[-6.050953,37.30854],[-6.050782,37.308676],[-6.050612,37.308812],[-6.05027,37.309355],[-6.049417,37.310305],[-6.048905,37.310712],[-6.049075,37.310848],[-6.049075,37.311119],[-6.048734,37.311255],[-6.048734,37.311527],[-6.048734,37.311662],[-6.048734,37.311798],[-6.048734,37.311934],[-6.048563,37.312205],[-6.048734,37.312205],[-6.049075,37.312341],[-6.049246,37.312205],[-6.049417,37.312477],[-6.049417,37.312613],[-6.049587,37.312884],[-6.049246,37.31302],[-6.049417,37.313291],[-6.049246,37.313291],[-6.049246,37.313427],[-6.049075,37.313427],[-6.048905,37.313427],[-6.048734,37.313427],[-6.048734,37.313156],[-6.048222,37.313156],[-6.048222,37.313563],[-6.048222,37.313834],[-6.048051,37.313834],[-6.048051,37.31397],[-6.047198,37.314242],[-6.046857,37.314377],[-6.046686,37.315192],[-6.046686,37.315328],[-6.046515,37.315328],[-6.046174,37.315328],[-6.045833,37.315328],[-6.045491,37.315463],[-6.045321,37.315463],[-6.044638,37.315463],[-6.044296,37.315192],[-6.044126,37.315463],[-6.043955,37.315463],[-6.043784,37.315463],[-6.043784,37.315599],[-6.043955,37.315599],[-6.043955,37.315735],[-6.044126,37.315735],[-6.044296,37.315735],[-6.044467,37.316006],[-6.044638,37.316142],[-6.044467,37.316142],[-6.044467,37.316278],[-6.044638,37.316278],[-6.044808,37.316278],[-6.044808,37.316414],[-6.045321,37.316549],[-6.045491,37.316549],[-6.045491,37.316956],[-6.045491,37.317228],[-6.045662,37.317364],[-6.045833,37.317364],[-6.046003,37.317499],[-6.045833,37.317499],[-6.045833,37.317635],[-6.045833,37.317771],[-6.045833,37.317907],[-6.045662,37.318042],[-6.045491,37.317907],[-6.04515,37.318042],[-6.044808,37.318042],[-6.044467,37.318178],[-6.044467,37.318314],[-6.044467,37.318721],[-6.044467,37.318857],[-6.044296,37.318993],[-6.044296,37.319128],[-6.044126,37.319264],[-6.043784,37.319264],[-6.043614,37.3194],[-6.043272,37.319128],[-6.043272,37.319264],[-6.043102,37.3194],[-6.043102,37.319671],[-6.042931,37.319807],[-6.04259,37.320078],[-6.042419,37.320214],[-6.042419,37.320486],[-6.042248,37.320757],[-6.042078,37.321029],[-6.042078,37.321164],[-6.041907,37.321164],[-6.041907,37.3213],[-6.041736,37.321572],[-6.041224,37.321843],[-6.041054,37.321979],[-6.041054,37.322114],[-6.041224,37.32225],[-6.041224,37.322386],[-6.041224,37.322522],[-6.041224,37.322657],[-6.041224,37.322793],[-6.041054,37.322793],[-6.041054,37.322929],[-6.040883,37.3232],[-6.040883,37.323336],[-6.040541,37.323472],[-6.040541,37.323607],[-6.040371,37.323743],[-6.0402,37.323607],[-6.040029,37.323743],[-6.040029,37.323879],[-6.0402,37.324015],[-6.039859,37.32415],[-6.039859,37.324286],[-6.039688,37.324422],[-6.039688,37.324558],[-6.039347,37.324829],[-6.039347,37.324693],[-6.039347,37.324558],[-6.039176,37.324286],[-6.039176,37.323743],[-6.039176,37.323607],[-6.038835,37.323472],[-6.038493,37.323472],[-6.038493,37.323743],[-6.038323,37.323743],[-6.038323,37.323879],[-6.03764,37.3251],[-6.037469,37.325236],[-6.037469,37.325372],[-6.037128,37.325372],[-6.036787,37.325508],[-6.036787,37.325779],[-6.036445,37.325779],[-6.036445,37.325643],[-6.036616,37.325508],[-6.036445,37.325372],[-6.036445,37.3251],[-6.036616,37.324693],[-6.036616,37.324286],[-6.036787,37.3232],[-6.036957,37.323065],[-6.036957,37.322522],[-6.036787,37.322386],[-6.036616,37.322386],[-6.036616,37.32225],[-6.036445,37.32225],[-6.036445,37.322114],[-6.036274,37.322114],[-6.036445,37.321979],[-6.036274,37.321979],[-6.036104,37.321843],[-6.035933,37.321707],[-6.035933,37.321572],[-6.035762,37.321436],[-6.035592,37.321436],[-6.035592,37.3213],[-6.035421,37.321164],[-6.03525,37.321029],[-6.03508,37.320893],[-6.03508,37.320757],[-6.034909,37.320757],[-6.034909,37.320621],[-6.034738,37.320621],[-6.034738,37.320486],[-6.034568,37.320486],[-6.034568,37.32035],[-6.034397,37.32035],[-6.034397,37.320214],[-6.034226,37.320214],[-6.033714,37.319671],[-6.033714,37.319807],[-6.033544,37.319807],[-6.033373,37.319807],[-6.033202,37.319807],[-6.033032,37.319943],[-6.033032,37.320078],[-6.033202,37.320078],[-6.032007,37.321979],[-6.031837,37.322114],[-6.031325,37.322114],[-6.030813,37.322114],[-6.030642,37.322114],[-6.030642,37.321979],[-6.03013,37.321843],[-6.029277,37.321572],[-6.028935,37.321436],[-6.028594,37.321436],[-6.028423,37.321572],[-6.027399,37.322386],[-6.026887,37.322929],[-6.026546,37.323065],[-6.025863,37.323336],[-6.025522,37.323472],[-6.025351,37.323472],[-6.025351,37.323607],[-6.025351,37.323743],[-6.02518,37.323743],[-6.02518,37.323879],[-6.02518,37.324015],[-6.02518,37.32415],[-6.025351,37.32415],[-6.025522,37.32415],[-6.025692,37.324015],[-6.025863,37.323879],[-6.025863,37.324015],[-6.025692,37.32415],[-6.025692,37.324422],[-6.025863,37.324558],[-6.026034,37.324558],[-6.026375,37.324693],[-6.026716,37.324693],[-6.026887,37.324829],[-6.027058,37.324829],[-6.02757,37.3251],[-6.02757,37.325236],[-6.027911,37.325236],[-6.028082,37.3251],[-6.028082,37.324965],[-6.028253,37.324965],[-6.028423,37.3251],[-6.029106,37.325236],[-6.029447,37.325372],[-6.029618,37.325508],[-6.029789,37.325643],[-6.029447,37.325915],[-6.029447,37.326051],[-6.029277,37.326322],[-6.029106,37.326322],[-6.029106,37.326458],[-6.028765,37.327272],[-6.028594,37.327408],[-6.028765,37.327679],[-6.028594,37.327815],[-6.028423,37.327951],[-6.028423,37.328086],[-6.028253,37.328086],[-6.028082,37.328358],[-6.02757,37.329036],[-6.027058,37.329308],[-6.026887,37.329308],[-6.027058,37.329715],[-6.026716,37.329715],[-6.026375,37.329715],[-6.026204,37.329715],[-6.026034,37.329715],[-6.025863,37.329715],[-6.025692,37.329851],[-6.025522,37.330122],[-6.024498,37.332158],[-6.024327,37.332565],[-6.024327,37.332701],[-6.024327,37.332836],[-6.024156,37.332836],[-6.023303,37.332565],[-6.022961,37.332836],[-6.022791,37.332701],[-6.022791,37.332429],[-6.02262,37.332429],[-6.022449,37.332294],[-6.022279,37.332294],[-6.021937,37.332294],[-6.021596,37.332294],[-6.021425,37.332429],[-6.021084,37.332429],[-6.020401,37.332701],[-6.020572,37.332701],[-6.020572,37.332836],[-6.020401,37.332836],[-6.020913,37.333922],[-6.021084,37.333922],[-6.021084,37.334058],[-6.021084,37.334194],[-6.021084,37.334465],[-6.021255,37.334736],[-6.021596,37.334872],[-6.021596,37.335008],[-6.021767,37.335144],[-6.021767,37.335279],[-6.021937,37.335279],[-6.022108,37.335551],[-6.022279,37.335686],[-6.022449,37.335822],[-6.022449,37.335958],[-6.022449,37.336229],[-6.02262,37.336365],[-6.02262,37.336501],[-6.02262,37.336636],[-6.022791,37.336636],[-6.022961,37.336636],[-6.022791,37.336772],[-6.022791,37.336908],[-6.022961,37.337043],[-6.022961,37.337179],[-6.022961,37.337315],[-6.023132,37.337451],[-6.023132,37.337586],[-6.023303,37.337722],[-6.023303,37.337858],[-6.023473,37.337993],[-6.023644,37.337993],[-6.023644,37.337858],[-6.023815,37.337858],[-6.023815,37.338265],[-6.023986,37.338265],[-6.024156,37.338265],[-6.024156,37.338129],[-6.024156,37.337993],[-6.024156,37.337858],[-6.024156,37.337722],[-6.024327,37.337586],[-6.024156,37.337586],[-6.024156,37.337451],[-6.024327,37.337451],[-6.024156,37.337315],[-6.024327,37.337315],[-6.024156,37.337179],[-6.024327,37.337179],[-6.024156,37.337043],[-6.024327,37.337043],[-6.024156,37.336501],[-6.024327,37.336501],[-6.024327,37.336365],[-6.024327,37.336229],[-6.024327,37.336093],[-6.024156,37.335822],[-6.023986,37.335822],[-6.023986,37.335686],[-6.023815,37.335551],[-6.023644,37.335415],[-6.023644,37.335144],[-6.023473,37.335144],[-6.023473,37.335008],[-6.023303,37.335008],[-6.023132,37.335008],[-6.023132,37.334872],[-6.022961,37.334736],[-6.022791,37.334601],[-6.022791,37.334465],[-6.022961,37.334329],[-6.022961,37.334465],[-6.022961,37.334601],[-6.023132,37.334601],[-6.023132,37.334736],[-6.023303,37.334736],[-6.023303,37.334872],[-6.023473,37.334872],[-6.023473,37.334736],[-6.023473,37.334601],[-6.023473,37.334465],[-6.023644,37.334329],[-6.023644,37.334194],[-6.023815,37.334329],[-6.023644,37.335008],[-6.023815,37.335144],[-6.024156,37.334465],[-6.024156,37.334329],[-6.024327,37.334058],[-6.024498,37.333922],[-6.024668,37.333922],[-6.024668,37.333786],[-6.024668,37.333651],[-6.024839,37.333651],[-6.024839,37.333786],[-6.02518,37.333922],[-6.025522,37.333379],[-6.025522,37.333244],[-6.02518,37.333244],[-6.02518,37.333108],[-6.02518,37.332972],[-6.02501,37.332836],[-6.02501,37.332701],[-6.02518,37.332701],[-6.02518,37.332836],[-6.025351,37.332701],[-6.025522,37.332565],[-6.025522,37.332429],[-6.025692,37.332429],[-6.025692,37.332565],[-6.025863,37.332565],[-6.025863,37.332701],[-6.026375,37.331615],[-6.026204,37.331615],[-6.026204,37.331479],[-6.026375,37.331479],[-6.026716,37.331072],[-6.026716,37.330936],[-6.026887,37.330801],[-6.027058,37.330529],[-6.027058,37.330394],[-6.027228,37.330258],[-6.027228,37.330394],[-6.027399,37.330394],[-6.027399,37.330529],[-6.027399,37.330665],[-6.02757,37.330665],[-6.02774,37.330665],[-6.027911,37.330665],[-6.028082,37.330529],[-6.028253,37.330529],[-6.028423,37.330529],[-6.028423,37.330665],[-6.028253,37.330665],[-6.028253,37.330801],[-6.028082,37.330801],[-6.027911,37.330801],[-6.02757,37.330801],[-6.027399,37.330801],[-6.027228,37.330801],[-6.027399,37.330936],[-6.027399,37.331208],[-6.027228,37.331208],[-6.027228,37.331344],[-6.026887,37.331344],[-6.026887,37.331479],[-6.027058,37.331479],[-6.027058,37.331615],[-6.026887,37.331615],[-6.026887,37.331751],[-6.026887,37.332022],[-6.026716,37.332158],[-6.026716,37.332294],[-6.026546,37.332294],[-6.026546,37.332429],[-6.026375,37.332429],[-6.026546,37.332565],[-6.026546,37.332701],[-6.026375,37.332836],[-6.026204,37.333108],[-6.026204,37.333244],[-6.026034,37.333244],[-6.026204,37.333379],[-6.026375,37.333515],[-6.026546,37.333651],[-6.026716,37.333651],[-6.026716,37.333786],[-6.026546,37.333922],[-6.026375,37.334194],[-6.026375,37.334329],[-6.026546,37.334465],[-6.026546,37.334601],[-6.026546,37.334736],[-6.026375,37.334872],[-6.026375,37.334736],[-6.026375,37.334465],[-6.025863,37.334358],[-6.025863,37.334329],[-6.025692,37.334329],[-6.025863,37.334358],[-6.025863,37.334465],[-6.026034,37.334465],[-6.026204,37.334465],[-6.026034,37.334736],[-6.026034,37.334872],[-6.025863,37.334872],[-6.025863,37.335008],[-6.025692,37.335008],[-6.025692,37.335144],[-6.025692,37.335279],[-6.025692,37.335551],[-6.025692,37.335686],[-6.025863,37.335686],[-6.025863,37.335822],[-6.026034,37.335822],[-6.026204,37.335822],[-6.026204,37.335958],[-6.026375,37.335958],[-6.026375,37.336093],[-6.026034,37.335958],[-6.026034,37.336365],[-6.026204,37.336501],[-6.026034,37.336501],[-6.026034,37.336636],[-6.026034,37.336908],[-6.025863,37.336365],[-6.025863,37.336229],[-6.025351,37.336229],[-6.025351,37.336365],[-6.025351,37.336501],[-6.025863,37.336501],[-6.025692,37.336636],[-6.025692,37.337043],[-6.025692,37.337179],[-6.025692,37.337315],[-6.025863,37.337315],[-6.025863,37.337451],[-6.025692,37.337451],[-6.025522,37.337451],[-6.025522,37.337858],[-6.025351,37.337858],[-6.025351,37.337451],[-6.02518,37.337315],[-6.02518,37.338129],[-6.025522,37.338129],[-6.025692,37.338129],[-6.025692,37.338265],[-6.025351,37.3384],[-6.02501,37.3384],[-6.02501,37.338265],[-6.024839,37.338265],[-6.024839,37.338536],[-6.024839,37.338672],[-6.02501,37.338672],[-6.024839,37.339079],[-6.02501,37.339215],[-6.02501,37.33935],[-6.02501,37.339486],[-6.02501,37.339622],[-6.02501,37.339757],[-6.02501,37.339893],[-6.02501,37.3403],[-6.02501,37.340436],[-6.02501,37.340572],[-6.02501,37.340707],[-6.02501,37.340843],[-6.02518,37.340979],[-6.02518,37.341114],[-6.02518,37.34125],[-6.02518,37.341386],[-6.02518,37.341522],[-6.025351,37.341522],[-6.025351,37.341657],[-6.025351,37.341793],[-6.025522,37.341929],[-6.025351,37.341929],[-6.025351,37.342064],[-6.025522,37.3422],[-6.025522,37.342336],[-6.025522,37.342471],[-6.025522,37.342607],[-6.025522,37.342743],[-6.025522,37.342878],[-6.025692,37.342878],[-6.025863,37.342878],[-6.025863,37.342743],[-6.026034,37.342743],[-6.026204,37.342607],[-6.026375,37.342607],[-6.026375,37.342743],[-6.026716,37.342878],[-6.026716,37.343014],[-6.026546,37.343014],[-6.026546,37.34315],[-6.026716,37.343286],[-6.026716,37.343421],[-6.026716,37.343557],[-6.026716,37.343693],[-6.026887,37.343693],[-6.026887,37.343828],[-6.026887,37.343964],[-6.026887,37.3441],[-6.027058,37.3441],[-6.027058,37.344371],[-6.026375,37.344371],[-6.026375,37.344507],[-6.026546,37.344507],[-6.026546,37.344914],[-6.027228,37.344778],[-6.027228,37.344914],[-6.027228,37.34505],[-6.027228,37.345185],[-6.027058,37.345321],[-6.026887,37.345321],[-6.026887,37.345457],[-6.026716,37.345457],[-6.026716,37.345592],[-6.026716,37.345999],[-6.026887,37.345999],[-6.026716,37.345592],[-6.026887,37.345592],[-6.026887,37.345457],[-6.027058,37.345457],[-6.027058,37.345592],[-6.027228,37.345592],[-6.027228,37.345864],[-6.027399,37.345864],[-6.027399,37.345999],[-6.027399,37.346135],[-6.02757,37.346135],[-6.02757,37.345999],[-6.027399,37.345999],[-6.02757,37.345864],[-6.02774,37.345728],[-6.02774,37.345999],[-6.02774,37.346135],[-6.02774,37.346271],[-6.02774,37.346406],[-6.027911,37.346406],[-6.027911,37.346542],[-6.027911,37.346678],[-6.028082,37.346814],[-6.028082,37.346949],[-6.028253,37.346949],[-6.028423,37.346814],[-6.028423,37.346678],[-6.028423,37.346542],[-6.028594,37.346678],[-6.028594,37.346814],[-6.028765,37.346814],[-6.028935,37.346814],[-6.028935,37.346949],[-6.029106,37.346949],[-6.029277,37.346949],[-6.029277,37.347085],[-6.029277,37.347221],[-6.029447,37.347085],[-6.029277,37.346406],[-6.029277,37.346271],[-6.029277,37.346135],[-6.029277,37.345999],[-6.029277,37.345864],[-6.029447,37.345864],[-6.029447,37.345999],[-6.029618,37.345864],[-6.029447,37.345728],[-6.029618,37.345728],[-6.029618,37.345592],[-6.029789,37.345592],[-6.029789,37.345728],[-6.029789,37.345864],[-6.029959,37.345864],[-6.03013,37.345864],[-6.03013,37.345999],[-6.029959,37.345999],[-6.029789,37.345999],[-6.029959,37.346135],[-6.029959,37.346271],[-6.03013,37.346271],[-6.030301,37.346406],[-6.030301,37.346542],[-6.030301,37.346678],[-6.030301,37.346814],[-6.03013,37.346814],[-6.03013,37.346949],[-6.030301,37.346949],[-6.030301,37.347085],[-6.030301,37.347221],[-6.030471,37.347356],[-6.030642,37.347356],[-6.030642,37.347628],[-6.030471,37.347899],[-6.030301,37.348035],[-6.030301,37.34817],[-6.03013,37.34817],[-6.030301,37.348306],[-6.030301,37.348442],[-6.030301,37.348577],[-6.030301,37.348713],[-6.030471,37.348849],[-6.030642,37.348849],[-6.030642,37.348984],[-6.030642,37.34912],[-6.030813,37.349256],[-6.030983,37.349663],[-6.030983,37.349934],[-6.030983,37.350341],[-6.031154,37.350613],[-6.030983,37.35102],[-6.030983,37.351155],[-6.031154,37.351291],[-6.030983,37.351427],[-6.031325,37.351562],[-6.030983,37.351698],[-6.030983,37.351969],[-6.030983,37.352105],[-6.030813,37.351969],[-6.030642,37.352105],[-6.030642,37.352241],[-6.030642,37.352376],[-6.030642,37.352512],[-6.030813,37.352512],[-6.030813,37.352648],[-6.030642,37.352783],[-6.030471,37.352648],[-6.030471,37.352512],[-6.030471,37.352241],[-6.030471,37.352105],[-6.030301,37.352105],[-6.030301,37.351969],[-6.030301,37.351834],[-6.030301,37.351698],[-6.030301,37.351562],[-6.030301,37.351427],[-6.030301,37.351291],[-6.03013,37.351291],[-6.029959,37.351291],[-6.03013,37.350884],[-6.03013,37.350206],[-6.03013,37.349934],[-6.03013,37.349663],[-6.03013,37.349392],[-6.03013,37.349256],[-6.029789,37.34912],[-6.029789,37.348849],[-6.029789,37.348713],[-6.029789,37.348577],[-6.029789,37.348442],[-6.029789,37.34817],[-6.029618,37.34817],[-6.029618,37.348035],[-6.029447,37.348035],[-6.029618,37.348306],[-6.029277,37.348577],[-6.029106,37.348306],[-6.028765,37.34817],[-6.028935,37.348035],[-6.029106,37.348035],[-6.029106,37.347899],[-6.029277,37.347899],[-6.029618,37.347899],[-6.029618,37.347763],[-6.029618,37.347492],[-6.029447,37.347492],[-6.029447,37.347356],[-6.029277,37.347356],[-6.029106,37.347492],[-6.028765,37.347628],[-6.028423,37.347628],[-6.028253,37.347763],[-6.028082,37.347763],[-6.027911,37.347763],[-6.02774,37.347899],[-6.02757,37.347899],[-6.027228,37.347899],[-6.026887,37.348035],[-6.026716,37.34817],[-6.026546,37.34817],[-6.026716,37.348306],[-6.026716,37.348442],[-6.026716,37.348577],[-6.026716,37.348849],[-6.026716,37.34912],[-6.026716,37.349256],[-6.026716,37.349527],[-6.026887,37.349663],[-6.026887,37.349527],[-6.026887,37.349392],[-6.026887,37.349256],[-6.027228,37.34912],[-6.027228,37.349256],[-6.027228,37.349392],[-6.027399,37.349527],[-6.027399,37.349799],[-6.027228,37.349934],[-6.026887,37.35007],[-6.026716,37.350206],[-6.026716,37.350477],[-6.026716,37.350613],[-6.026716,37.350748],[-6.026716,37.35102],[-6.026887,37.35102],[-6.027058,37.351155],[-6.027228,37.351291],[-6.027399,37.351155],[-6.02757,37.351155],[-6.02757,37.351291],[-6.027399,37.351427],[-6.027399,37.351562],[-6.02757,37.351698],[-6.02757,37.351834],[-6.027399,37.352105],[-6.027399,37.352241],[-6.027399,37.352376],[-6.027399,37.352512],[-6.027058,37.352512],[-6.026546,37.351969],[-6.026204,37.352512],[-6.025863,37.352648],[-6.025692,37.352512],[-6.025522,37.352376],[-6.025692,37.352241],[-6.026375,37.351698],[-6.026034,37.351155],[-6.026034,37.35102],[-6.026375,37.350613],[-6.026375,37.350477],[-6.026375,37.35007],[-6.026204,37.35007],[-6.026034,37.350206],[-6.025863,37.350206],[-6.025692,37.350206],[-6.025522,37.350206],[-6.025351,37.350206],[-6.025351,37.35007],[-6.02518,37.350206],[-6.024839,37.350206],[-6.024839,37.35007],[-6.024498,37.35007],[-6.024327,37.350206],[-6.024327,37.350341],[-6.024156,37.35102],[-6.024156,37.351155],[-6.023644,37.351969],[-6.023644,37.352105],[-6.023644,37.352241],[-6.023644,37.352783],[-6.023644,37.352919],[-6.023644,37.353055],[-6.023644,37.353733],[-6.023644,37.354412],[-6.023815,37.354819],[-6.023815,37.354954],[-6.023815,37.355633],[-6.023986,37.355768],[-6.024156,37.355633],[-6.024156,37.355768],[-6.024327,37.355768],[-6.024327,37.355904],[-6.024498,37.355904],[-6.024668,37.355904],[-6.024839,37.355904],[-6.024839,37.35604],[-6.024839,37.356175],[-6.024668,37.356175],[-6.024668,37.35604],[-6.024498,37.35604],[-6.024156,37.35604],[-6.024156,37.356175],[-6.023986,37.356175],[-6.023986,37.35604],[-6.023815,37.356175],[-6.023986,37.356175],[-6.023986,37.356311],[-6.023815,37.356447],[-6.023815,37.356989],[-6.023986,37.357668],[-6.023986,37.35821],[-6.024156,37.35821],[-6.024156,37.358346],[-6.023986,37.358346],[-6.023986,37.358482],[-6.023815,37.358617],[-6.023815,37.358889],[-6.023815,37.359296],[-6.023644,37.359431],[-6.023644,37.359703],[-6.023815,37.359703],[-6.023986,37.359703],[-6.023986,37.359838],[-6.023986,37.360517],[-6.023815,37.360517],[-6.023986,37.360652],[-6.023986,37.360788],[-6.023986,37.360924],[-6.023986,37.361195],[-6.023815,37.361602],[-6.023815,37.361738],[-6.024327,37.361738],[-6.024327,37.361873],[-6.023986,37.361873],[-6.023986,37.362009],[-6.023815,37.362009],[-6.023815,37.362145],[-6.023986,37.362145],[-6.023986,37.36228],[-6.023986,37.362416],[-6.023986,37.362552],[-6.024156,37.362823],[-6.023986,37.362958],[-6.023986,37.363094],[-6.023986,37.36323],[-6.023986,37.363637],[-6.024327,37.363501],[-6.024327,37.363365],[-6.024498,37.363365],[-6.024839,37.363365],[-6.024839,37.362823],[-6.024839,37.362687],[-6.02501,37.362687],[-6.02501,37.362823],[-6.02501,37.362958],[-6.02501,37.36323],[-6.02518,37.363365],[-6.02518,37.363637],[-6.02501,37.363637],[-6.02501,37.363908],[-6.02501,37.364044],[-6.02501,37.364179],[-6.02501,37.364315],[-6.02501,37.364722],[-6.02518,37.364722],[-6.02518,37.364858],[-6.025351,37.364858],[-6.025351,37.364993],[-6.025522,37.365129],[-6.025522,37.365265],[-6.025522,37.3654],[-6.025692,37.365536],[-6.025692,37.365672],[-6.025692,37.365807],[-6.025692,37.365943],[-6.025522,37.365807],[-6.025522,37.365672],[-6.025351,37.365672],[-6.025351,37.365536],[-6.025351,37.3654],[-6.02518,37.365265],[-6.02518,37.3654],[-6.02518,37.365536],[-6.025351,37.365672],[-6.025351,37.365807],[-6.02518,37.365807],[-6.02501,37.365807],[-6.024839,37.365672],[-6.024668,37.365672],[-6.024668,37.365807],[-6.024668,37.366079],[-6.024668,37.366214],[-6.024498,37.366486],[-6.024498,37.366621],[-6.024498,37.366757],[-6.024498,37.366892],[-6.024668,37.366892],[-6.024498,37.367028],[-6.024498,37.367164],[-6.024498,37.367299],[-6.024498,37.367435],[-6.024498,37.367706],[-6.024668,37.367706],[-6.024668,37.367842],[-6.024839,37.367842],[-6.02501,37.367842],[-6.02518,37.367842],[-6.025351,37.367978],[-6.025351,37.368113],[-6.025522,37.368113],[-6.025692,37.368113],[-6.025863,37.368113],[-6.026034,37.368113],[-6.026204,37.367978],[-6.026204,37.367842],[-6.026204,37.367571],[-6.026204,37.367435],[-6.026546,37.367299],[-6.026716,37.367435],[-6.026887,37.367571],[-6.027058,37.367706],[-6.027058,37.367842],[-6.027228,37.367842],[-6.027228,37.367978],[-6.027399,37.367978],[-6.027399,37.368113],[-6.02757,37.368249],[-6.02757,37.368385],[-6.02774,37.36852],[-6.028082,37.368792],[-6.027911,37.368927],[-6.028082,37.368927],[-6.028253,37.369198],[-6.028253,37.369334],[-6.028423,37.369198],[-6.028594,37.369334],[-6.028594,37.36947],[-6.028765,37.369605],[-6.028765,37.369741],[-6.028935,37.369877],[-6.028935,37.370012],[-6.029106,37.370148],[-6.029277,37.370148],[-6.029447,37.370284],[-6.029447,37.370419],[-6.029618,37.370555],[-6.029618,37.370691],[-6.029447,37.370826],[-6.028935,37.370962],[-6.028594,37.371098],[-6.028253,37.371098],[-6.028423,37.371504],[-6.028423,37.37164],[-6.028423,37.371911],[-6.028253,37.372047],[-6.028423,37.372183],[-6.028423,37.372318],[-6.028423,37.372454],[-6.028423,37.37259],[-6.028594,37.372725],[-6.028594,37.372861],[-6.028765,37.372996],[-6.029106,37.372996],[-6.029277,37.373268],[-6.029106,37.373268],[-6.029106,37.373403],[-6.029277,37.373539],[-6.029447,37.373539],[-6.029447,37.373675],[-6.029789,37.373539],[-6.029789,37.373403],[-6.030642,37.373132],[-6.030813,37.373132],[-6.030813,37.372996],[-6.030813,37.372861],[-6.030813,37.372725],[-6.030983,37.372725],[-6.030983,37.372861],[-6.031154,37.372861],[-6.031154,37.373132],[-6.031325,37.373268],[-6.031495,37.373539],[-6.031666,37.37381],[-6.031666,37.373946],[-6.031666,37.374082],[-6.031666,37.374353],[-6.031666,37.374489],[-6.031495,37.374489],[-6.031325,37.374624],[-6.031154,37.37476],[-6.031154,37.374895],[-6.030983,37.375031],[-6.030813,37.375031],[-6.030642,37.374489],[-6.030301,37.374489],[-6.030813,37.375574],[-6.030983,37.375574],[-6.031154,37.375574],[-6.031325,37.375574],[-6.030983,37.375709],[-6.031154,37.376252],[-6.031154,37.376387],[-6.031325,37.376387],[-6.031495,37.376387],[-6.031154,37.375845],[-6.031325,37.375709],[-6.031495,37.375709],[-6.031325,37.375845],[-6.031666,37.376252],[-6.031837,37.376252],[-6.031666,37.376387],[-6.031495,37.376523],[-6.031495,37.376659],[-6.031666,37.376659],[-6.031837,37.376523],[-6.031837,37.376659],[-6.031837,37.376794],[-6.032007,37.376794],[-6.032007,37.37693],[-6.031837,37.377201],[-6.031666,37.377201],[-6.031837,37.377337],[-6.031837,37.377472],[-6.031666,37.377608],[-6.031154,37.377744],[-6.031154,37.377608],[-6.030983,37.377608],[-6.030983,37.377744],[-6.031154,37.377879],[-6.031154,37.378015],[-6.030813,37.378151],[-6.030813,37.378422],[-6.030471,37.378557],[-6.030471,37.378693],[-6.030471,37.3791],[-6.030471,37.379236],[-6.030301,37.379371],[-6.030301,37.379507],[-6.03013,37.379914],[-6.029959,37.380049],[-6.029959,37.380321],[-6.030301,37.380456],[-6.03013,37.380456],[-6.03013,37.380592],[-6.03013,37.380728],[-6.03013,37.380863],[-6.030301,37.380863],[-6.030471,37.380728],[-6.030471,37.380863],[-6.030642,37.380863],[-6.030642,37.380999],[-6.030471,37.380999],[-6.030301,37.380999],[-6.029959,37.380999],[-6.029959,37.381406],[-6.030983,37.38127],[-6.031154,37.38127],[-6.031154,37.381406],[-6.031325,37.381541],[-6.031495,37.381541],[-6.032007,37.381677],[-6.031837,37.381948],[-6.031837,37.382084],[-6.032178,37.382626],[-6.032349,37.382491],[-6.032349,37.382898],[-6.032349,37.383033],[-6.03252,37.383169],[-6.03252,37.383033],[-6.03269,37.383033],[-6.032861,37.383169],[-6.032861,37.383304],[-6.033032,37.383304],[-6.033032,37.38344],[-6.033202,37.383576],[-6.033202,37.383711],[-6.033373,37.383847],[-6.033202,37.383982],[-6.033202,37.384118],[-6.033202,37.384254],[-6.033373,37.384254],[-6.033373,37.384389],[-6.033544,37.384661],[-6.033373,37.384796],[-6.033373,37.385067],[-6.033373,37.385203],[-6.033544,37.385203],[-6.033544,37.385339],[-6.033714,37.385339],[-6.033714,37.38561],[-6.033544,37.385746],[-6.033714,37.385746],[-6.033714,37.385881],[-6.033544,37.386017],[-6.033544,37.386288],[-6.033544,37.386424],[-6.033544,37.386695],[-6.033373,37.38683],[-6.033373,37.386966],[-6.033373,37.387237],[-6.033202,37.387237],[-6.033202,37.387644],[-6.033032,37.387644],[-6.033032,37.387237],[-6.032861,37.387237],[-6.032861,37.38778],[-6.032861,37.387915],[-6.032861,37.388051],[-6.03269,37.388051],[-6.03269,37.387915],[-6.031495,37.388051],[-6.031837,37.388322],[-6.031666,37.388458],[-6.031495,37.388458],[-6.031666,37.388593],[-6.031837,37.388593],[-6.031837,37.388729],[-6.031666,37.388729],[-6.031495,37.388729],[-6.031325,37.388593],[-6.030983,37.388322],[-6.030301,37.387644],[-6.03013,37.387644],[-6.03013,37.387915],[-6.030642,37.388187],[-6.030642,37.388322],[-6.030301,37.388322],[-6.030301,37.388729],[-6.03013,37.388729],[-6.029789,37.388729],[-6.029618,37.388729],[-6.029447,37.388593],[-6.029106,37.388593],[-6.029106,37.388729],[-6.028935,37.388729],[-6.029106,37.388865],[-6.028935,37.389],[-6.029106,37.389136],[-6.029106,37.389271],[-6.029447,37.389407],[-6.029618,37.389543],[-6.029789,37.389543],[-6.029789,37.389678],[-6.029789,37.389814],[-6.029447,37.389814],[-6.029277,37.389814],[-6.028935,37.38995],[-6.028765,37.38995],[-6.028594,37.38995],[-6.028423,37.390085],[-6.027911,37.390085],[-6.02757,37.390221],[-6.027228,37.390628],[-6.027058,37.390763],[-6.026716,37.391034],[-6.026887,37.391034],[-6.027058,37.391034],[-6.027058,37.390899],[-6.027228,37.390899],[-6.027399,37.390763],[-6.02774,37.390763],[-6.028253,37.390492],[-6.028423,37.390356],[-6.028594,37.390356],[-6.028765,37.390221],[-6.028935,37.390221],[-6.029277,37.390085],[-6.029618,37.390085],[-6.029789,37.390085],[-6.029959,37.38995],[-6.030301,37.38995],[-6.030301,37.390085],[-6.030471,37.390085],[-6.030642,37.390085],[-6.030642,37.390221],[-6.030813,37.390221],[-6.030983,37.390221],[-6.030813,37.390085],[-6.030983,37.390085],[-6.031325,37.390085],[-6.031666,37.390085],[-6.031837,37.38995],[-6.032007,37.38995],[-6.032178,37.38995],[-6.032349,37.38995],[-6.032349,37.389814],[-6.03252,37.389814],[-6.03269,37.389814],[-6.03269,37.389678],[-6.032349,37.389543],[-6.032349,37.389407],[-6.032178,37.389407],[-6.032007,37.389407],[-6.031666,37.389407],[-6.031495,37.389407],[-6.031325,37.389271],[-6.031325,37.389407],[-6.031325,37.389678],[-6.030813,37.389678],[-6.030471,37.389678],[-6.030301,37.389678],[-6.03013,37.389678],[-6.03013,37.389543],[-6.029789,37.389407],[-6.029618,37.389407],[-6.029618,37.389271],[-6.029447,37.389271],[-6.029277,37.389136],[-6.029447,37.389],[-6.029618,37.389],[-6.029618,37.388865],[-6.029789,37.388865],[-6.029959,37.388865],[-6.029959,37.389],[-6.03013,37.389],[-6.03013,37.388865],[-6.030301,37.389],[-6.030301,37.389136],[-6.030301,37.389271],[-6.030471,37.389271],[-6.030471,37.389136],[-6.030471,37.389],[-6.030642,37.389],[-6.030813,37.389],[-6.030983,37.388865],[-6.031154,37.389],[-6.031325,37.389136],[-6.031495,37.389136],[-6.031495,37.389271],[-6.031666,37.389271],[-6.031837,37.389271],[-6.031837,37.389136],[-6.032007,37.389136],[-6.032007,37.389],[-6.032007,37.388865],[-6.03269,37.389271],[-6.033032,37.389],[-6.033032,37.389136],[-6.032861,37.389271],[-6.033032,37.389543],[-6.033032,37.389678],[-6.033032,37.389814],[-6.032861,37.389814],[-6.032861,37.38995],[-6.03269,37.38995],[-6.03269,37.390085],[-6.03252,37.390085],[-6.03252,37.390221],[-6.03269,37.390221],[-6.03269,37.390356],[-6.032861,37.390356],[-6.032861,37.390492],[-6.032861,37.390628],[-6.032861,37.390763],[-6.03269,37.390763],[-6.032861,37.390899],[-6.032861,37.391034],[-6.033032,37.391034],[-6.033032,37.39117],[-6.032861,37.391306],[-6.03269,37.391306],[-6.03269,37.391441],[-6.032861,37.391577],[-6.033032,37.391712],[-6.033032,37.391848],[-6.033032,37.391984],[-6.033032,37.392119],[-6.033202,37.392255],[-6.033373,37.39239],[-6.033373,37.392526],[-6.033544,37.392662],[-6.033373,37.392662],[-6.033373,37.392797],[-6.033373,37.393204],[-6.033373,37.39334],[-6.033544,37.39334],[-6.033544,37.393475],[-6.033373,37.393475],[-6.033544,37.393611],[-6.033714,37.393611],[-6.033544,37.393746],[-6.033544,37.394018],[-6.033544,37.394289],[-6.033544,37.394424],[-6.033714,37.394424],[-6.033714,37.39456],[-6.033714,37.394831],[-6.033885,37.394831],[-6.033714,37.394967],[-6.033885,37.394967],[-6.033885,37.395102],[-6.033885,37.395238],[-6.033885,37.395374],[-6.034056,37.395374],[-6.033885,37.395509],[-6.034056,37.395509],[-6.034056,37.39578],[-6.034056,37.395916],[-6.034056,37.396052],[-6.034056,37.396187],[-6.033885,37.396052],[-6.033714,37.396187],[-6.033714,37.396458],[-6.033714,37.396594],[-6.033544,37.39673],[-6.033544,37.396865],[-6.033373,37.397001],[-6.033373,37.397136],[-6.033714,37.397272],[-6.033885,37.397272],[-6.034056,37.397272],[-6.034056,37.397408],[-6.033885,37.397408],[-6.033885,37.397543],[-6.034226,37.397679],[-6.034056,37.397679],[-6.033885,37.397814],[-6.034056,37.397814],[-6.034226,37.39795],[-6.034056,37.39795],[-6.034056,37.398086],[-6.034056,37.398221],[-6.034056,37.398628],[-6.034056,37.398764],[-6.033885,37.39917],[-6.034397,37.39917],[-6.034397,37.399306],[-6.034397,37.399442],[-6.034397,37.399577],[-6.034226,37.399577],[-6.034226,37.399713],[-6.034226,37.399848],[-6.034226,37.399984],[-6.033885,37.399984],[-6.033885,37.400119],[-6.033714,37.400119],[-6.033714,37.400255],[-6.033373,37.400255],[-6.033202,37.400255],[-6.033032,37.400255],[-6.033032,37.400391],[-6.033714,37.400391],[-6.033714,37.400526],[-6.033714,37.400662],[-6.033885,37.400662],[-6.033885,37.400797],[-6.033714,37.400933],[-6.033544,37.401069],[-6.032861,37.400933],[-6.032861,37.400797],[-6.032861,37.400662],[-6.03269,37.400662],[-6.03269,37.400797],[-6.03269,37.401069],[-6.033032,37.401069],[-6.033032,37.401204],[-6.033373,37.401204],[-6.033373,37.401069],[-6.033544,37.401069],[-6.033714,37.401069],[-6.033714,37.401204],[-6.033714,37.40134],[-6.033544,37.40134],[-6.033544,37.401475],[-6.033544,37.401611],[-6.033544,37.401747],[-6.033373,37.401611],[-6.033373,37.401747],[-6.033373,37.401882],[-6.033544,37.401882],[-6.033885,37.402018],[-6.033714,37.402018],[-6.033544,37.402018],[-6.033373,37.402018],[-6.033202,37.402018],[-6.033032,37.402289],[-6.033032,37.402424],[-6.032861,37.402696],[-6.033032,37.402831],[-6.032861,37.402967],[-6.033032,37.403102],[-6.033373,37.403238],[-6.033544,37.403374],[-6.033714,37.403374],[-6.034226,37.40378],[-6.034226,37.403916],[-6.034056,37.40378],[-6.033373,37.403374],[-6.033373,37.403509],[-6.033202,37.403645],[-6.034056,37.403916],[-6.034056,37.404051],[-6.033885,37.404051],[-6.033202,37.40378],[-6.033032,37.403916],[-6.034056,37.404323],[-6.034056,37.404458],[-6.033885,37.404458],[-6.033032,37.404051],[-6.03269,37.404323],[-6.033544,37.404594],[-6.033714,37.404594],[-6.033714,37.404458],[-6.033032,37.404323],[-6.033032,37.404187],[-6.033885,37.404458],[-6.033714,37.404729],[-6.034056,37.404865],[-6.034226,37.404865],[-6.034397,37.404865],[-6.034397,37.405001],[-6.034226,37.405001],[-6.034056,37.405272],[-6.034568,37.405407],[-6.034738,37.405407],[-6.034738,37.405543],[-6.034568,37.405678],[-6.034397,37.40595],[-6.034226,37.406221],[-6.034226,37.406356],[-6.034568,37.406492],[-6.034738,37.406492],[-6.034909,37.406628],[-6.034738,37.406628],[-6.034568,37.406628],[-6.033373,37.406085],[-6.033373,37.406221],[-6.033202,37.406221],[-6.033032,37.406356],[-6.033032,37.406492],[-6.034909,37.406899],[-6.03508,37.407034],[-6.034909,37.407034],[-6.034738,37.407034],[-6.034738,37.406899],[-6.034568,37.406899],[-6.034397,37.406899],[-6.034226,37.406899],[-6.034226,37.406763],[-6.034056,37.406763],[-6.034056,37.406899],[-6.034056,37.407034],[-6.034568,37.40717],[-6.034738,37.407305],[-6.03508,37.407441],[-6.034568,37.407305],[-6.034226,37.40717],[-6.033373,37.406899],[-6.033202,37.406899],[-6.033032,37.406899],[-6.03252,37.406763],[-6.03269,37.406899],[-6.032861,37.406899],[-6.033373,37.40717],[-6.033714,37.40717],[-6.034397,37.407441],[-6.034738,37.407441],[-6.034909,37.407577],[-6.03508,37.407577],[-6.03508,37.407712],[-6.034909,37.407712],[-6.034738,37.407712],[-6.034568,37.407712],[-6.034738,37.407983],[-6.034568,37.408254],[-6.034568,37.40839],[-6.034568,37.408526],[-6.034397,37.408526],[-6.034397,37.408661],[-6.034226,37.408932],[-6.033885,37.408797],[-6.033714,37.408661],[-6.033373,37.408526],[-6.033202,37.40839],[-6.032178,37.408254],[-6.031837,37.408254],[-6.031495,37.408254],[-6.031325,37.408254],[-6.031154,37.408254],[-6.030983,37.408254],[-6.03013,37.407983],[-6.03013,37.408119],[-6.030301,37.408119],[-6.030301,37.408254],[-6.031154,37.408661],[-6.031325,37.408661],[-6.031154,37.408797],[-6.031154,37.408932],[-6.031154,37.409068],[-6.031154,37.409339],[-6.031325,37.40961],[-6.031495,37.40961],[-6.031666,37.40961],[-6.031837,37.409746],[-6.032178,37.409746],[-6.032349,37.409746],[-6.032349,37.410017],[-6.032349,37.410288],[-6.032178,37.410424],[-6.032178,37.410559],[-6.032178,37.410695],[-6.032178,37.410966],[-6.032178,37.411101],[-6.032178,37.411237],[-6.032007,37.411779],[-6.032007,37.411915],[-6.032007,37.412186],[-6.031837,37.412457],[-6.031837,37.412593],[-6.031837,37.412728],[-6.031837,37.412864],[-6.031666,37.413135],[-6.031666,37.413271],[-6.031325,37.413542],[-6.031154,37.413542],[-6.030983,37.413677],[-6.030813,37.413677],[-6.03013,37.413677],[-6.029959,37.413677],[-6.029618,37.413677],[-6.029447,37.413677],[-6.028935,37.413677],[-6.028935,37.413948],[-6.029106,37.413948],[-6.03013,37.413948],[-6.030471,37.414084],[-6.030642,37.413948],[-6.030813,37.413948],[-6.030813,37.413813],[-6.030983,37.413813],[-6.031154,37.413813],[-6.031325,37.413813],[-6.031325,37.413677],[-6.031495,37.413542],[-6.031666,37.413406],[-6.031837,37.413271],[-6.031837,37.413135],[-6.032007,37.413135],[-6.032178,37.412999],[-6.032349,37.412999],[-6.032349,37.412864],[-6.03252,37.412999],[-6.03252,37.412864],[-6.03269,37.412864],[-6.03269,37.412999],[-6.032861,37.412864],[-6.033032,37.412864],[-6.03269,37.412593],[-6.03252,37.412457],[-6.032349,37.412322],[-6.032349,37.412186],[-6.032349,37.41205],[-6.032349,37.411644],[-6.032349,37.411508],[-6.03252,37.411237],[-6.03252,37.41083],[-6.03252,37.410695],[-6.03269,37.410559],[-6.032861,37.410559],[-6.032861,37.410424],[-6.032861,37.410288],[-6.033032,37.410152],[-6.033202,37.410017],[-6.033373,37.409881],[-6.033373,37.409746],[-6.033202,37.409746],[-6.033202,37.40961],[-6.033202,37.409475],[-6.033032,37.409475],[-6.033032,37.409339],[-6.032861,37.409339],[-6.03269,37.409339],[-6.03269,37.409203],[-6.032861,37.409203],[-6.033032,37.409068],[-6.033544,37.408932],[-6.033544,37.409068],[-6.033544,37.409203],[-6.033544,37.409339],[-6.033714,37.409475],[-6.033885,37.409475],[-6.034056,37.40961],[-6.034226,37.40961],[-6.034397,37.40961],[-6.034226,37.409746],[-6.034397,37.409746],[-6.034397,37.410017],[-6.034226,37.410017],[-6.034226,37.410152],[-6.034397,37.410152],[-6.034568,37.410152],[-6.034568,37.410288],[-6.034397,37.410288],[-6.034397,37.410695],[-6.034568,37.410695],[-6.034568,37.41083],[-6.034568,37.410966],[-6.034568,37.411101],[-6.034738,37.411101],[-6.034738,37.411237],[-6.034738,37.411373],[-6.034738,37.411508],[-6.034738,37.411644],[-6.034738,37.411779],[-6.034568,37.411779],[-6.034397,37.411644],[-6.034397,37.411237],[-6.034397,37.411101],[-6.034397,37.410966],[-6.034226,37.41083],[-6.034226,37.410695],[-6.034226,37.410559],[-6.034056,37.410424],[-6.034056,37.410288],[-6.034056,37.410152],[-6.033885,37.410152],[-6.033885,37.410288],[-6.033885,37.410424],[-6.033885,37.410695],[-6.033885,37.410966],[-6.033885,37.411101],[-6.033544,37.411101],[-6.033373,37.411101],[-6.033202,37.411101],[-6.032861,37.411101],[-6.03269,37.411237],[-6.032861,37.411508],[-6.032861,37.411779],[-6.032861,37.411915],[-6.032861,37.41205],[-6.03269,37.41205],[-6.032861,37.412186],[-6.032861,37.412457],[-6.033032,37.412728],[-6.033202,37.412728],[-6.033202,37.412864],[-6.033373,37.412864],[-6.033373,37.412999],[-6.033544,37.412999],[-6.033714,37.412999],[-6.033885,37.412999],[-6.034056,37.413135],[-6.034226,37.413135],[-6.034226,37.413271],[-6.034056,37.413271],[-6.033885,37.413271],[-6.033885,37.413135],[-6.033714,37.413135],[-6.033544,37.413135],[-6.033373,37.413135],[-6.033202,37.413135],[-6.033202,37.413271],[-6.033032,37.413406],[-6.032861,37.413542],[-6.032861,37.413677],[-6.032861,37.413813],[-6.032861,37.413948],[-6.032861,37.414084],[-6.032861,37.41422],[-6.03252,37.41422],[-6.032349,37.41422],[-6.032178,37.41422],[-6.032349,37.414355],[-6.03252,37.414355],[-6.03269,37.414355],[-6.03269,37.414491],[-6.032861,37.414491],[-6.033032,37.414491],[-6.033032,37.414626],[-6.032861,37.414762],[-6.03269,37.415033],[-6.03252,37.415168],[-6.03252,37.415304],[-6.032349,37.415304],[-6.032349,37.41544],[-6.032349,37.415575],[-6.032178,37.415575],[-6.032178,37.415711],[-6.032178,37.415846],[-6.03252,37.415846],[-6.03269,37.415846],[-6.032861,37.415982],[-6.032861,37.416117],[-6.03269,37.416117],[-6.03252,37.416117],[-6.03252,37.416253],[-6.03252,37.416389],[-6.032349,37.416389],[-6.032007,37.416389],[-6.032007,37.416524],[-6.031837,37.41666],[-6.031837,37.416795],[-6.031837,37.416931],[-6.031666,37.417202],[-6.031666,37.417337],[-6.031495,37.417473],[-6.031325,37.417609],[-6.031325,37.417744],[-6.031154,37.417744],[-6.031154,37.417609],[-6.031154,37.417473],[-6.031325,37.417337],[-6.031325,37.417066],[-6.031495,37.416931],[-6.031495,37.416795],[-6.031495,37.41666],[-6.031495,37.416389],[-6.031325,37.416524],[-6.031325,37.416795],[-6.031154,37.417066],[-6.030983,37.417473],[-6.030983,37.417609],[-6.029106,37.419778],[-6.029106,37.419913],[-6.028935,37.420184],[-6.028765,37.420455],[-6.028594,37.420726],[-6.028423,37.421404],[-6.028423,37.421675],[-6.028423,37.422624],[-6.028423,37.423031],[-6.028935,37.423031],[-6.029106,37.422624],[-6.029277,37.422624],[-6.029277,37.42276],[-6.029447,37.42276],[-6.029447,37.422895],[-6.029447,37.423031],[-6.029618,37.423031],[-6.029447,37.423166],[-6.029618,37.423302],[-6.029618,37.423437],[-6.029789,37.423573],[-6.029959,37.423573],[-6.030301,37.423573],[-6.030813,37.423437],[-6.030983,37.423437],[-6.031154,37.423437],[-6.031325,37.423437],[-6.031495,37.423437],[-6.031666,37.423302],[-6.031837,37.423302],[-6.032007,37.423302],[-6.032178,37.423302],[-6.032349,37.423302],[-6.03252,37.423166],[-6.03269,37.423166],[-6.033032,37.423166],[-6.033202,37.423166],[-6.033373,37.423166],[-6.033373,37.423031],[-6.033544,37.423031],[-6.033714,37.423031],[-6.033885,37.423031],[-6.034056,37.423031],[-6.034226,37.423031],[-6.034397,37.423031],[-6.034397,37.423166],[-6.034397,37.423302],[-6.034056,37.423302],[-6.034056,37.423437],[-6.034056,37.423573],[-6.033885,37.423573],[-6.033885,37.423708],[-6.033885,37.423844],[-6.034056,37.423708],[-6.034226,37.423844],[-6.034397,37.423844],[-6.034568,37.423844],[-6.034738,37.423844],[-6.034909,37.423844],[-6.03508,37.423844],[-6.03525,37.423844],[-6.03508,37.42398],[-6.03508,37.424115],[-6.03508,37.424251],[-6.03525,37.424522],[-6.03525,37.424928],[-6.03525,37.425064],[-6.035421,37.425199],[-6.035421,37.425335],[-6.035421,37.425606],[-6.035421,37.425877],[-6.035421,37.426013],[-6.035421,37.426148],[-6.035421,37.426284],[-6.035421,37.426419],[-6.03525,37.426555],[-6.03508,37.42669],[-6.034909,37.42669],[-6.034909,37.426555],[-6.034738,37.42669],[-6.034568,37.42669],[-6.034397,37.42669],[-6.034226,37.42669],[-6.033544,37.42669],[-6.033373,37.42669],[-6.033202,37.426826],[-6.033373,37.426962],[-6.033544,37.426962],[-6.033544,37.427097],[-6.033373,37.427097],[-6.033373,37.427233],[-6.033544,37.427368],[-6.033544,37.427504],[-6.033373,37.427504],[-6.033202,37.427504],[-6.033032,37.427504],[-6.032861,37.427504],[-6.032861,37.427639],[-6.033032,37.427639],[-6.033032,37.427775],[-6.033202,37.42791],[-6.033202,37.428046],[-6.033373,37.428181],[-6.033544,37.428046],[-6.033714,37.428046],[-6.033714,37.42791],[-6.033885,37.42791],[-6.033885,37.427775],[-6.034056,37.427775],[-6.034056,37.42791],[-6.034226,37.42791],[-6.034397,37.42791],[-6.034738,37.42791],[-6.034909,37.42791],[-6.03508,37.42791],[-6.03525,37.42791],[-6.03525,37.428046],[-6.03525,37.428181],[-6.03525,37.428317],[-6.03508,37.428453],[-6.03525,37.428588],[-6.03525,37.428724],[-6.03525,37.428859],[-6.03508,37.428995],[-6.03508,37.42913],[-6.03525,37.429266],[-6.03525,37.429401],[-6.03525,37.429537],[-6.03525,37.429672],[-6.035421,37.429672],[-6.035421,37.429808],[-6.03525,37.429943],[-6.03525,37.430079],[-6.03525,37.430214],[-6.035421,37.430214],[-6.035592,37.430214],[-6.035592,37.430079],[-6.035592,37.429401],[-6.035592,37.429266],[-6.035762,37.42913],[-6.035933,37.42913],[-6.035933,37.429266],[-6.035933,37.429537],[-6.035933,37.429672],[-6.036104,37.429808],[-6.036104,37.429943],[-6.036104,37.430079],[-6.036274,37.430079],[-6.036274,37.430214],[-6.036445,37.430214],[-6.036616,37.430214],[-6.036787,37.430214],[-6.036957,37.430214],[-6.036787,37.43035],[-6.036445,37.430486],[-6.036274,37.430486],[-6.036104,37.430486],[-6.036104,37.430621],[-6.036104,37.430757],[-6.036104,37.430892],[-6.035933,37.431028],[-6.035933,37.431163],[-6.035933,37.431299],[-6.035933,37.431434],[-6.036104,37.431705],[-6.036274,37.431976],[-6.036104,37.431976],[-6.036104,37.432112],[-6.035933,37.432112],[-6.035592,37.431976],[-6.035762,37.432112],[-6.035762,37.432248],[-6.035762,37.432383],[-6.035762,37.432654],[-6.035762,37.43279],[-6.035762,37.432925],[-6.035762,37.433061],[-6.035762,37.433196],[-6.035762,37.433467],[-6.035762,37.433603],[-6.035933,37.433738],[-6.035933,37.433874],[-6.035933,37.434009],[-6.036104,37.434145],[-6.036104,37.434416],[-6.036104,37.434552],[-6.035933,37.434552],[-6.036104,37.434687],[-6.036104,37.434823],[-6.036104,37.434958],[-6.036104,37.435094],[-6.036104,37.435229],[-6.036104,37.435365],[-6.036104,37.4355],[-6.036104,37.435636],[-6.036274,37.435771],[-6.036445,37.435771],[-6.036445,37.435907],[-6.036616,37.435907],[-6.036616,37.436042],[-6.036787,37.436449],[-6.037469,37.436313],[-6.037469,37.436449],[-6.037299,37.436449],[-6.037128,37.436449],[-6.037299,37.436584],[-6.037299,37.43672],[-6.037128,37.43672],[-6.037128,37.436584],[-6.036957,37.436584],[-6.036787,37.436584],[-6.036787,37.43672],[-6.036787,37.436855],[-6.036957,37.436855],[-6.037128,37.436855],[-6.037469,37.43672],[-6.037469,37.436584],[-6.03764,37.436584],[-6.03764,37.43672],[-6.03764,37.436855],[-6.037811,37.436855],[-6.037811,37.436991],[-6.037811,37.437127],[-6.03764,37.437127],[-6.037299,37.437127],[-6.037128,37.437127],[-6.037128,37.437262],[-6.037128,37.437398],[-6.036957,37.437398],[-6.036616,37.437533],[-6.036445,37.437533],[-6.036445,37.437669],[-6.036445,37.43794],[-6.036445,37.438075],[-6.036616,37.438346],[-6.036787,37.438617],[-6.036957,37.438617],[-6.037128,37.438482],[-6.037128,37.438617],[-6.037299,37.438753],[-6.037299,37.439024],[-6.037469,37.439024],[-6.037981,37.438888],[-6.037469,37.439159],[-6.03764,37.43943],[-6.037811,37.439566],[-6.037981,37.439972],[-6.038152,37.439972],[-6.038152,37.439837],[-6.038323,37.439837],[-6.038323,37.439701],[-6.038493,37.439837],[-6.038493,37.439701],[-6.038664,37.439701],[-6.038664,37.439837],[-6.038835,37.439972],[-6.038835,37.440108],[-6.038835,37.440243],[-6.038835,37.440379],[-6.039005,37.440243],[-6.039176,37.440243],[-6.039347,37.440243],[-6.039347,37.440379],[-6.039176,37.440379],[-6.039005,37.440379],[-6.039005,37.440515],[-6.038152,37.440786],[-6.038323,37.440786],[-6.039347,37.440515],[-6.039688,37.440515],[-6.039859,37.440515],[-6.040029,37.440515],[-6.0402,37.440515],[-6.0402,37.440379],[-6.040371,37.440379],[-6.040541,37.440515],[-6.040541,37.44065],[-6.040371,37.44065],[-6.040029,37.44065],[-6.039859,37.44065],[-6.039859,37.440786],[-6.0402,37.441057],[-6.040371,37.441192],[-6.040371,37.441057],[-6.0402,37.441057],[-6.0402,37.440921],[-6.040371,37.440921],[-6.040541,37.440921],[-6.040541,37.441057],[-6.040712,37.441057],[-6.040883,37.441057],[-6.040883,37.441192],[-6.040712,37.441328],[-6.040541,37.441328],[-6.040712,37.441463],[-6.041054,37.442005],[-6.041395,37.442412],[-6.041736,37.442818],[-6.042419,37.44336],[-6.04259,37.443225],[-6.042248,37.442954],[-6.042078,37.442818],[-6.041395,37.442005],[-6.041224,37.442005],[-6.041224,37.44187],[-6.041054,37.441599],[-6.041054,37.441463],[-6.041054,37.441192],[-6.041224,37.441328],[-6.041224,37.441463],[-6.041395,37.441599],[-6.041395,37.441734],[-6.041566,37.441734],[-6.041566,37.44187],[-6.041736,37.442005],[-6.041907,37.442141],[-6.041907,37.442276],[-6.042078,37.442412],[-6.042419,37.442683],[-6.042931,37.443089],[-6.043102,37.443225],[-6.043443,37.44336],[-6.043443,37.443496],[-6.043614,37.443631],[-6.043784,37.443631],[-6.043955,37.443767],[-6.044126,37.443767],[-6.044296,37.443902],[-6.044467,37.443902],[-6.044467,37.444038],[-6.044638,37.444038],[-6.044808,37.443902],[-6.044979,37.443902],[-6.044979,37.444038],[-6.044808,37.444173],[-6.044979,37.444309],[-6.044979,37.444444],[-6.04515,37.444444],[-6.04515,37.44458],[-6.045321,37.44458],[-6.04515,37.444715],[-6.04515,37.444851],[-6.045321,37.444986],[-6.045321,37.445122],[-6.045491,37.445257],[-6.045491,37.445393],[-6.045662,37.445528],[-6.045662,37.445664],[-6.045833,37.4458],[-6.045833,37.445935],[-6.046003,37.445935],[-6.046003,37.446071],[-6.046174,37.446206],[-6.046174,37.446342],[-6.046345,37.446477],[-6.046345,37.446613],[-6.046345,37.446884],[-6.046345,37.447019],[-6.046174,37.447019],[-6.046003,37.447155],[-6.045833,37.447155],[-6.045662,37.44729],[-6.045662,37.447426],[-6.045833,37.447426],[-6.046003,37.447426],[-6.046174,37.447426],[-6.046174,37.447561],[-6.046345,37.447426],[-6.046515,37.447561],[-6.046515,37.447697],[-6.046345,37.447561],[-6.046174,37.447832],[-6.046345,37.447968],[-6.046686,37.447832],[-6.046686,37.448103],[-6.046686,37.448239],[-6.046857,37.448239],[-6.046857,37.448374],[-6.046857,37.44851],[-6.047027,37.448645],[-6.046857,37.448781],[-6.046857,37.448916],[-6.046857,37.449052],[-6.047027,37.449052],[-6.047027,37.449187],[-6.047027,37.449323],[-6.047027,37.449458],[-6.047027,37.449594],[-6.047027,37.449729],[-6.047027,37.449865],[-6.047027,37.45],[-6.047027,37.450136],[-6.046857,37.450136],[-6.046857,37.450271],[-6.046857,37.450407],[-6.046857,37.450542],[-6.046857,37.450678],[-6.046857,37.450813],[-6.046857,37.450949],[-6.046857,37.451084],[-6.046686,37.451084],[-6.046686,37.45122],[-6.046686,37.451355],[-6.046686,37.451491],[-6.046686,37.451626],[-6.046686,37.451762],[-6.046686,37.451897],[-6.046515,37.452033],[-6.046515,37.452168],[-6.046515,37.452304],[-6.046515,37.452439],[-6.046515,37.452846],[-6.046515,37.452981],[-6.046515,37.453252],[-6.046515,37.453388],[-6.046345,37.453388],[-6.046345,37.453659],[-6.046345,37.453794],[-6.046515,37.453794],[-6.046686,37.453794],[-6.046857,37.453659],[-6.047198,37.453659],[-6.047539,37.453659],[-6.04771,37.453659],[-6.04771,37.453523],[-6.047881,37.453523],[-6.047881,37.453388],[-6.048051,37.453388],[-6.048222,37.453252],[-6.048222,37.453388],[-6.048222,37.453523],[-6.048222,37.453659],[-6.048393,37.453659],[-6.048563,37.453659],[-6.048563,37.453794],[-6.048393,37.45393],[-6.048563,37.454065],[-6.048563,37.454201],[-6.048393,37.454201],[-6.048393,37.454336],[-6.048563,37.454336],[-6.048734,37.454201],[-6.048734,37.454336],[-6.048563,37.454471],[-6.048393,37.454471],[-6.048051,37.454607],[-6.047881,37.454607],[-6.04771,37.454607],[-6.04771,37.454742],[-6.047539,37.454742],[-6.047369,37.454742],[-6.047198,37.454607],[-6.047198,37.454742],[-6.047198,37.454878],[-6.047027,37.455013],[-6.046857,37.454878],[-6.046515,37.454742],[-6.046515,37.454878],[-6.046345,37.454742],[-6.046174,37.454742],[-6.046174,37.454878],[-6.046003,37.454878],[-6.045833,37.455013],[-6.045833,37.455149],[-6.045662,37.455149],[-6.045491,37.455555],[-6.045491,37.455691],[-6.045321,37.455826],[-6.045491,37.455826],[-6.045662,37.455691],[-6.045662,37.455555],[-6.045833,37.455555],[-6.045833,37.455691],[-6.046003,37.455691],[-6.046003,37.455826],[-6.045833,37.455826],[-6.046003,37.455962],[-6.046003,37.456097],[-6.046003,37.456368],[-6.045833,37.456368],[-6.045833,37.456233],[-6.045662,37.456233],[-6.045491,37.456097],[-6.045491,37.455962],[-6.045321,37.456233],[-6.045491,37.456368],[-6.045662,37.456368],[-6.045833,37.456504],[-6.045833,37.456639],[-6.045833,37.456775],[-6.045833,37.45691],[-6.045662,37.45691],[-6.045662,37.457046],[-6.045491,37.457181],[-6.045321,37.457181],[-6.04515,37.457046],[-6.044979,37.457046],[-6.044979,37.45691],[-6.044979,37.456775],[-6.044808,37.456639],[-6.044808,37.456775],[-6.044638,37.456775],[-6.044296,37.457181],[-6.044296,37.457317],[-6.044126,37.457317],[-6.044126,37.457452],[-6.044126,37.457723],[-6.044126,37.457859],[-6.044126,37.457994],[-6.044126,37.45813],[-6.044126,37.458401],[-6.044126,37.458672],[-6.044126,37.458943],[-6.044126,37.459078],[-6.044296,37.459214],[-6.044296,37.459485],[-6.044296,37.459755],[-6.044296,37.459891],[-6.044296,37.460433],[-6.044296,37.460704],[-6.044296,37.460975],[-6.044467,37.46111],[-6.044467,37.461246],[-6.044296,37.461246],[-6.044296,37.461381],[-6.044296,37.461517],[-6.044126,37.461652],[-6.044126,37.461788],[-6.044126,37.462059],[-6.044126,37.462194],[-6.044126,37.46233],[-6.044126,37.462465],[-6.044126,37.462601],[-6.044126,37.462736],[-6.044126,37.462872],[-6.044126,37.463007],[-6.044126,37.463142],[-6.044126,37.463278],[-6.044126,37.463413],[-6.043955,37.463413],[-6.043955,37.463549],[-6.043955,37.463684],[-6.043784,37.46382],[-6.043784,37.463955],[-6.043784,37.464091],[-6.043614,37.464362],[-6.043614,37.464633],[-6.043614,37.464768],[-6.043443,37.464904],[-6.043443,37.465039],[-6.043443,37.465175],[-6.043443,37.46531],[-6.043443,37.465446],[-6.043443,37.465581],[-6.043443,37.465987],[-6.043443,37.466258],[-6.043784,37.466529],[-6.044126,37.466529],[-6.044296,37.4668],[-6.044296,37.467071],[-6.044467,37.467207],[-6.044467,37.467342],[-6.044467,37.467478],[-5.967661,37.469781],[-5.96732,37.469781],[-5.963053,37.469916],[-5.963053,37.469781],[-5.963053,37.469645],[-5.963223,37.469645],[-5.963223,37.46951],[-5.963223,37.469374],[-5.963394,37.469239],[-5.963565,37.469239],[-5.963565,37.468968],[-5.963736,37.468968],[-5.963906,37.468968],[-5.964077,37.468968],[-5.964248,37.468968],[-5.964248,37.469103],[-5.964418,37.469103],[-5.964589,37.469103],[-5.96476,37.469239],[-5.96493,37.469239],[-5.965101,37.469103],[-5.965101,37.468968],[-5.965272,37.468832],[-5.965272,37.468697],[-5.965442,37.468697],[-5.965442,37.468561],[-5.965442,37.468426],[-5.965272,37.46829],[-5.965101,37.46829],[-5.96493,37.46829],[-5.96493,37.468155],[-5.96476,37.468155],[-5.96493,37.468019],[-5.965101,37.467884],[-5.965272,37.467749],[-5.965442,37.467478],[-5.965954,37.467478],[-5.966296,37.467478],[-5.966466,37.467478],[-5.966808,37.467342],[-5.966978,37.467342],[-5.966978,37.467478],[-5.967149,37.467613],[-5.96732,37.467613],[-5.96749,37.467613],[-5.967661,37.467613],[-5.967832,37.467342],[-5.968003,37.467342],[-5.968344,37.467342],[-5.968344,37.467207],[-5.968173,37.467207],[-5.968003,37.467207],[-5.968003,37.467071],[-5.967832,37.466936],[-5.967832,37.4668],[-5.967661,37.466665],[-5.967661,37.466529],[-5.967832,37.466394],[-5.967832,37.466123],[-5.968003,37.465852],[-5.968173,37.465716],[-5.968173,37.465446],[-5.968344,37.46531],[-5.968515,37.465175],[-5.969197,37.465039],[-5.970051,37.464497],[-5.970221,37.464226],[-5.970392,37.46382],[-5.970563,37.463549],[-5.970904,37.463007],[-5.971075,37.462736],[-5.971245,37.462194],[-5.971416,37.461652],[-5.971245,37.460975],[-5.971245,37.460704],[-5.971416,37.460568],[-5.971587,37.460433],[-5.971416,37.460297],[-5.971416,37.460162],[-5.971587,37.460026],[-5.971928,37.460026],[-5.972099,37.460026],[-5.97244,37.459891],[-5.972611,37.459755],[-5.972611,37.459214],[-5.972952,37.458943],[-5.973123,37.45813],[-5.973294,37.45813],[-5.973123,37.457994],[-5.973294,37.457723],[-5.973806,37.457317],[-5.974147,37.457452],[-5.974659,37.457181],[-5.97483,37.457317],[-5.975171,37.457317],[-5.975342,37.45691],[-5.975171,37.45691],[-5.975342,37.456775],[-5.975342,37.456639],[-5.975342,37.456504],[-5.975342,37.456368],[-5.975512,37.456368],[-5.975683,37.456368],[-5.975854,37.456233],[-5.975683,37.456233],[-5.975512,37.456233],[-5.975342,37.456233],[-5.975512,37.456097],[-5.975342,37.455962],[-5.975512,37.455962],[-5.975683,37.455826],[-5.975683,37.455691],[-5.975512,37.455555],[-5.975512,37.455284],[-5.975683,37.455284],[-5.975683,37.455149],[-5.975683,37.455013],[-5.975512,37.455013],[-5.975512,37.454878],[-5.975512,37.454742],[-5.975512,37.454607],[-5.975512,37.454471],[-5.975683,37.454471],[-5.975683,37.454336],[-5.975683,37.454201],[-5.975854,37.454065],[-5.975854,37.453794],[-5.975854,37.453659],[-5.976024,37.453523],[-5.976195,37.453523],[-5.976537,37.453523],[-5.977049,37.453523],[-5.977219,37.453523],[-5.977561,37.453523],[-5.977731,37.453659],[-5.977731,37.453523],[-5.977902,37.453523],[-5.978073,37.453523],[-5.978243,37.453388],[-5.978243,37.453523],[-5.978414,37.453388],[-5.978585,37.453388],[-5.978585,37.452981],[-5.978585,37.452846],[-5.978585,37.452575],[-5.978585,37.452439],[-5.978755,37.452439],[-5.978926,37.452439],[-5.979097,37.452439],[-5.979097,37.452304],[-5.979267,37.452304],[-5.979267,37.452168],[-5.979438,37.452168],[-5.979438,37.452033],[-5.979438,37.451897],[-5.979438,37.451762],[-5.979438,37.451626],[-5.979609,37.451626],[-5.979609,37.451355],[-5.979438,37.45122],[-5.979438,37.451084],[-5.979438,37.450949],[-5.979609,37.450542],[-5.979609,37.449865],[-5.979779,37.449729],[-5.97995,37.449729],[-5.97995,37.449594],[-5.97995,37.449458],[-5.980121,37.449458],[-5.980291,37.449458],[-5.980291,37.449323],[-5.980291,37.449187],[-5.980291,37.448916],[-5.980291,37.448781],[-5.980291,37.448645],[-5.980462,37.448374],[-5.980291,37.448374],[-5.980121,37.448239],[-5.97995,37.447697],[-5.979609,37.447561],[-5.97995,37.447426],[-5.980462,37.44729],[-5.980803,37.44729],[-5.980803,37.447155],[-5.980974,37.447019],[-5.981145,37.446748],[-5.981316,37.446613],[-5.981486,37.446477],[-5.981486,37.446342],[-5.981486,37.446206],[-5.981657,37.446071],[-5.981657,37.445935],[-5.981657,37.4458],[-5.981828,37.4458],[-5.981828,37.445664],[-5.981998,37.445664],[-5.982169,37.445664],[-5.982169,37.445528],[-5.982169,37.445393],[-5.98251,37.445257],[-5.982681,37.445257],[-5.982681,37.445122],[-5.983364,37.445122],[-5.983364,37.444986],[-5.983534,37.444986],[-5.983705,37.444851],[-5.983705,37.444715],[-5.983705,37.444444],[-5.983876,37.444038],[-5.983705,37.444038],[-5.983534,37.444038],[-5.983193,37.443767],[-5.982852,37.443767],[-5.983022,37.443631],[-5.983364,37.443225],[-5.983534,37.443089],[-5.983876,37.442683],[-5.983534,37.442276],[-5.983876,37.442412],[-5.984046,37.442412],[-5.984217,37.44187],[-5.985241,37.441734],[-5.985412,37.441734],[-5.985753,37.441599],[-5.985924,37.441192],[-5.985753,37.440786],[-5.985924,37.440379],[-5.986265,37.440108],[-5.986436,37.440108],[-5.986436,37.439972],[-5.986607,37.439837],[-5.986777,37.439701],[-5.986777,37.439566],[-5.986777,37.43943],[-5.986607,37.43943],[-5.986607,37.439295],[-5.986607,37.439159],[-5.986607,37.439024],[-5.986948,37.439024],[-5.987119,37.439024],[-5.987119,37.438888],[-5.987119,37.438753],[-5.987119,37.438617],[-5.987119,37.438482],[-5.986948,37.438482],[-5.986607,37.438482],[-5.986095,37.438075],[-5.985753,37.43794],[-5.985412,37.43794],[-5.98507,37.437804],[-5.98507,37.437669],[-5.984729,37.437669],[-5.984558,37.437398],[-5.984046,37.436991],[-5.984217,37.43672],[-5.984217,37.436449],[-5.984388,37.436313],[-5.984388,37.436178],[-5.984388,37.436042],[-5.984388,37.435907],[-5.984217,37.435907],[-5.984217,37.435771],[-5.984217,37.435365],[-5.983705,37.435365],[-5.983534,37.4355],[-5.983364,37.435636],[-5.983364,37.4355],[-5.983364,37.435365],[-5.983364,37.435229],[-5.983193,37.435229],[-5.983022,37.435365],[-5.983022,37.4355],[-5.983193,37.435636],[-5.983193,37.435771],[-5.983193,37.435907],[-5.983193,37.436042],[-5.983022,37.435907],[-5.982852,37.435771],[-5.982852,37.435636],[-5.982681,37.435636],[-5.982681,37.4355],[-5.98251,37.435365],[-5.982681,37.435365],[-5.98251,37.435229],[-5.98251,37.435094],[-5.982169,37.434958],[-5.981828,37.434958],[-5.981486,37.434823],[-5.981998,37.434687],[-5.98234,37.434687],[-5.982681,37.434552],[-5.982681,37.434416],[-5.98234,37.43428],[-5.982169,37.43428],[-5.981486,37.43428],[-5.981316,37.434552],[-5.981145,37.434552],[-5.980803,37.434552],[-5.980803,37.434823],[-5.981316,37.434823],[-5.981145,37.435094],[-5.980803,37.434958],[-5.980462,37.435229],[-5.980291,37.435229],[-5.97995,37.435229],[-5.97995,37.435365],[-5.979779,37.435365],[-5.979779,37.435229],[-5.979779,37.435094],[-5.979779,37.434958],[-5.97995,37.434823],[-5.97995,37.434958],[-5.980121,37.434823],[-5.979779,37.434687],[-5.979779,37.434552],[-5.979609,37.434552],[-5.979438,37.434687],[-5.979438,37.434823],[-5.979267,37.434823],[-5.979267,37.434958],[-5.979267,37.435636],[-5.979267,37.435771],[-5.979097,37.435907],[-5.978926,37.436042],[-5.979097,37.436042],[-5.979097,37.436178],[-5.979267,37.436178],[-5.979267,37.436313],[-5.979267,37.436449],[-5.979267,37.436584],[-5.979267,37.43672],[-5.979438,37.43672],[-5.979438,37.436584],[-5.979438,37.436449],[-5.979609,37.436449],[-5.979779,37.436449],[-5.97995,37.436449],[-5.980121,37.436449],[-5.980291,37.436449],[-5.980291,37.436584],[-5.980462,37.436584],[-5.980633,37.436584],[-5.980803,37.436584],[-5.980974,37.436584],[-5.980803,37.43672],[-5.980803,37.436855],[-5.980803,37.436991],[-5.980633,37.437262],[-5.980803,37.437262],[-5.980974,37.437533],[-5.980974,37.437669],[-5.981316,37.437804],[-5.981657,37.438211],[-5.981998,37.438482],[-5.98234,37.438617],[-5.983193,37.438888],[-5.983705,37.439159],[-5.984046,37.439159],[-5.984217,37.439295],[-5.984046,37.43943],[-5.984046,37.439566],[-5.983876,37.43943],[-5.983364,37.440108],[-5.982852,37.440243],[-5.982852,37.440515],[-5.982681,37.440921],[-5.98234,37.440921],[-5.982681,37.440515],[-5.98234,37.440515],[-5.981828,37.440515],[-5.981657,37.440379],[-5.981486,37.440243],[-5.981316,37.440379],[-5.981486,37.440515],[-5.981316,37.44065],[-5.981486,37.440786],[-5.981657,37.44065],[-5.982169,37.44065],[-5.98234,37.44065],[-5.982169,37.441463],[-5.981657,37.441192],[-5.981486,37.441192],[-5.981316,37.441192],[-5.981145,37.440921],[-5.980974,37.440921],[-5.980803,37.440921],[-5.980633,37.440921],[-5.980633,37.441057],[-5.980974,37.441057],[-5.981145,37.441057],[-5.981145,37.441192],[-5.980803,37.441192],[-5.980633,37.441192],[-5.980291,37.441192],[-5.980121,37.441192],[-5.97995,37.441192],[-5.97995,37.441057],[-5.979779,37.441057],[-5.979609,37.441057],[-5.979779,37.441192],[-5.979609,37.441192],[-5.979438,37.441192],[-5.979438,37.441328],[-5.979438,37.441463],[-5.979267,37.441463],[-5.979097,37.441734],[-5.978926,37.44187],[-5.978755,37.44187],[-5.978243,37.441734],[-5.978073,37.441599],[-5.978073,37.441734],[-5.978073,37.44187],[-5.977731,37.442412],[-5.977561,37.442141],[-5.977561,37.442005],[-5.97739,37.44187],[-5.97739,37.441599],[-5.977219,37.441734],[-5.977219,37.44187],[-5.97739,37.44187],[-5.97739,37.442005],[-5.97739,37.442141],[-5.977219,37.442141],[-5.977049,37.442141],[-5.976878,37.442141],[-5.976707,37.442141],[-5.976537,37.442141],[-5.976366,37.442141],[-5.976195,37.442005],[-5.976024,37.442005],[-5.975683,37.44187],[-5.975683,37.441734],[-5.975854,37.441599],[-5.976024,37.441599],[-5.976195,37.441463],[-5.976024,37.441328],[-5.976024,37.441192],[-5.976195,37.441192],[-5.976195,37.441057],[-5.976366,37.441057],[-5.976366,37.440921],[-5.976366,37.440786],[-5.976366,37.44065],[-5.976366,37.440379],[-5.976537,37.440108],[-5.976707,37.439972],[-5.976707,37.439837],[-5.976878,37.439701],[-5.976878,37.439566],[-5.976707,37.43943],[-5.976537,37.43943],[-5.976366,37.43943],[-5.976024,37.43943],[-5.975854,37.439566],[-5.975683,37.439566],[-5.975512,37.439566],[-5.975171,37.439701],[-5.975,37.439701],[-5.974659,37.439701],[-5.974488,37.439837],[-5.974318,37.439837],[-5.974147,37.439837],[-5.973976,37.439972],[-5.973806,37.439972],[-5.973635,37.439972],[-5.973635,37.440108],[-5.973464,37.440108],[-5.973123,37.440108],[-5.972952,37.439972],[-5.972782,37.439837],[-5.972782,37.439566],[-5.972611,37.439295],[-5.97244,37.439159],[-5.97244,37.439024],[-5.97244,37.438888],[-5.972611,37.438888],[-5.972782,37.438753],[-5.972611,37.438617],[-5.972782,37.438617],[-5.972782,37.438346],[-5.972782,37.438075],[-5.972782,37.43794],[-5.972952,37.43794],[-5.972952,37.437804],[-5.973123,37.437804],[-5.973464,37.437533],[-5.973635,37.437262],[-5.973976,37.437127],[-5.974147,37.436991],[-5.974318,37.436855],[-5.974488,37.43672],[-5.974659,37.43672],[-5.97483,37.436584],[-5.975,37.436449],[-5.975171,37.436313],[-5.975,37.436313],[-5.97483,37.436449],[-5.974659,37.436449],[-5.974488,37.436449],[-5.974488,37.436313],[-5.974488,37.436178],[-5.974318,37.436178],[-5.974147,37.436178],[-5.973976,37.436178],[-5.973806,37.436178],[-5.973635,37.436178],[-5.973464,37.436178],[-5.973294,37.436313],[-5.972782,37.436313],[-5.972611,37.436313],[-5.97244,37.436313],[-5.97227,37.436313],[-5.972099,37.436313],[-5.971928,37.436178],[-5.971757,37.436178],[-5.971416,37.436178],[-5.971245,37.436178],[-5.971075,37.436178],[-5.970904,37.436178],[-5.970733,37.436042],[-5.970563,37.436042],[-5.970392,37.436042],[-5.970221,37.436042],[-5.970051,37.436042],[-5.96988,37.435907],[-5.969709,37.435907],[-5.969539,37.435907],[-5.969368,37.435907],[-5.969027,37.435771],[-5.968856,37.435771],[-5.968685,37.435771],[-5.968173,37.435636],[-5.968003,37.435636],[-5.967832,37.435636],[-5.967661,37.4355],[-5.96749,37.4355],[-5.96732,37.4355],[-5.967149,37.4355],[-5.966978,37.435365],[-5.966637,37.435229],[-5.966466,37.435094],[-5.966296,37.435094],[-5.966125,37.434958],[-5.966125,37.434823],[-5.965954,37.434823],[-5.965954,37.434687],[-5.965784,37.434552],[-5.965613,37.434416],[-5.965613,37.43428],[-5.965442,37.434145],[-5.965272,37.434009],[-5.965272,37.433874],[-5.965272,37.433738],[-5.965101,37.433738],[-5.965101,37.433603],[-5.965101,37.433332],[-5.965101,37.433196],[-5.965101,37.433061],[-5.96493,37.432925],[-5.96493,37.43279],[-5.96493,37.432654],[-5.96493,37.432519],[-5.96493,37.432383],[-5.96493,37.432248],[-5.96493,37.431976],[-5.96493,37.431841],[-5.96476,37.43157],[-5.96476,37.431434],[-5.96476,37.431299],[-5.96476,37.431163],[-5.96476,37.431028],[-5.96476,37.430892],[-5.96476,37.430757],[-5.96476,37.430621],[-5.96476,37.430486],[-5.96476,37.43035],[-5.96476,37.430079],[-5.964589,37.429672],[-5.964589,37.429537],[-5.964589,37.42913],[-5.964589,37.428995],[-5.964418,37.428859],[-5.964418,37.428724],[-5.964248,37.428588],[-5.964248,37.428453],[-5.964248,37.428317],[-5.964077,37.428181],[-5.964077,37.428046],[-5.964077,37.42791],[-5.963906,37.427775],[-5.963736,37.427504],[-5.963736,37.427368],[-5.963565,37.427368],[-5.963565,37.427233],[-5.963394,37.427097],[-5.963394,37.426962],[-5.963223,37.426826],[-5.963053,37.426826],[-5.963053,37.42669],[-5.963053,37.426555],[-5.962882,37.426555],[-5.962882,37.426419],[-5.962711,37.426284],[-5.962541,37.426148],[-5.96237,37.426013],[-5.962029,37.425877],[-5.961858,37.425742],[-5.961687,37.425742],[-5.961687,37.425606],[-5.961517,37.425606],[-5.961346,37.425471],[-5.961175,37.425335],[-5.961005,37.425335],[-5.960834,37.425199],[-5.960663,37.425199],[-5.960493,37.425199],[-5.960322,37.425064],[-5.959981,37.424928],[-5.95981,37.424928],[-5.959639,37.424793],[-5.959469,37.424793],[-5.959298,37.424657],[-5.959469,37.424657],[-5.959639,37.424657],[-5.95981,37.424657],[-5.959981,37.424793],[-5.960151,37.424793],[-5.960493,37.424928],[-5.960663,37.424928],[-5.960834,37.425064],[-5.961005,37.425199],[-5.961175,37.425199],[-5.961346,37.425335],[-5.961687,37.425471],[-5.961858,37.425471],[-5.961858,37.425606],[-5.962029,37.425742],[-5.962199,37.425742],[-5.962541,37.426013],[-5.962711,37.426148],[-5.962882,37.426284],[-5.963053,37.426284],[-5.963053,37.426419],[-5.963223,37.426555],[-5.963394,37.42669],[-5.963394,37.426826],[-5.963565,37.426962],[-5.963736,37.427097],[-5.963736,37.427233],[-5.963906,37.427233],[-5.963906,37.427368],[-5.964077,37.427504],[-5.964077,37.427639],[-5.964248,37.427775],[-5.964248,37.42791],[-5.964248,37.428046],[-5.964418,37.428181],[-5.964418,37.428317],[-5.964589,37.428453],[-5.964589,37.428588],[-5.964589,37.428724],[-5.964589,37.428859],[-5.96476,37.428859],[-5.96476,37.42913],[-5.96476,37.429266],[-5.96476,37.429401],[-5.96493,37.429943],[-5.96493,37.430079],[-5.96493,37.430892],[-5.965101,37.430892],[-5.965101,37.431028],[-5.965101,37.431163],[-5.965101,37.431299],[-5.965101,37.431434],[-5.965101,37.43157],[-5.965101,37.431705],[-5.965101,37.431841],[-5.965101,37.431976],[-5.965101,37.432112],[-5.965272,37.432248],[-5.965272,37.432519],[-5.965272,37.433196],[-5.965442,37.433603],[-5.965442,37.433738],[-5.965613,37.433874],[-5.965613,37.434009],[-5.965784,37.434009],[-5.965784,37.434145],[-5.965954,37.43428],[-5.966125,37.434552],[-5.966296,37.434687],[-5.966466,37.434823],[-5.966637,37.434823],[-5.966637,37.434958],[-5.966808,37.434958],[-5.966978,37.435094],[-5.967149,37.435094],[-5.967149,37.435229],[-5.96732,37.435229],[-5.96749,37.435229],[-5.967661,37.435365],[-5.967832,37.435365],[-5.968344,37.4355],[-5.968685,37.4355],[-5.968856,37.4355],[-5.969027,37.4355],[-5.969197,37.4355],[-5.969197,37.435636],[-5.969368,37.435636],[-5.969539,37.435636],[-5.969709,37.435636],[-5.96988,37.435636],[-5.970051,37.435771],[-5.970221,37.435771],[-5.970392,37.435771],[-5.970563,37.435771],[-5.970904,37.435771],[-5.971075,37.435907],[-5.971416,37.435907],[-5.971587,37.435907],[-5.971757,37.435907],[-5.971928,37.435907],[-5.972099,37.435907],[-5.97227,37.436042],[-5.97244,37.436042],[-5.972611,37.436042],[-5.972952,37.436042],[-5.973464,37.436042],[-5.973464,37.435907],[-5.973635,37.435907],[-5.973806,37.435907],[-5.973976,37.435907],[-5.974147,37.435907],[-5.974488,37.435771],[-5.97483,37.435771],[-5.97483,37.435636],[-5.975,37.435636],[-5.975171,37.435636],[-5.975342,37.435636],[-5.975512,37.4355],[-5.975683,37.4355],[-5.975854,37.435365],[-5.976024,37.435365],[-5.976195,37.435365],[-5.976366,37.435229],[-5.976537,37.435229],[-5.976707,37.435094],[-5.976878,37.435094],[-5.976878,37.434958],[-5.977049,37.434958],[-5.977219,37.434958],[-5.97739,37.434958],[-5.977561,37.434823],[-5.977731,37.434687],[-5.977902,37.434687],[-5.978073,37.434552],[-5.978414,37.434552],[-5.978414,37.434416],[-5.978585,37.434416],[-5.978755,37.434416],[-5.978755,37.43428],[-5.978926,37.43428],[-5.979097,37.43428],[-5.979097,37.434145],[-5.979267,37.434145],[-5.979438,37.434145],[-5.979609,37.434145],[-5.979779,37.434009],[-5.97995,37.434009],[-5.97995,37.433874],[-5.980121,37.433874],[-5.980291,37.433874],[-5.980291,37.433738],[-5.980462,37.433738],[-5.980633,37.433603],[-5.980803,37.433603],[-5.980974,37.433467],[-5.981145,37.433332],[-5.981316,37.433196],[-5.981486,37.433196],[-5.981486,37.433061],[-5.981657,37.433061],[-5.981998,37.43279],[-5.982169,37.432654],[-5.98234,37.432519],[-5.982681,37.432383],[-5.982852,37.432248],[-5.983193,37.432112],[-5.983364,37.432112],[-5.983534,37.431976],[-5.983705,37.431976],[-5.984046,37.431841],[-5.984217,37.431841],[-5.984217,37.431705],[-5.984729,37.43157],[-5.98507,37.431434],[-5.985241,37.431299],[-5.985412,37.431299],[-5.985583,37.431299],[-5.986095,37.431028],[-5.986777,37.430757],[-5.987119,37.430621],[-5.987289,37.430621],[-5.98746,37.430486],[-5.987631,37.430486],[-5.987801,37.43035],[-5.988484,37.430079],[-5.988655,37.43035],[-5.988825,37.430621],[-5.988825,37.430757],[-5.988825,37.430892],[-5.989167,37.431299],[-5.989508,37.431976],[-5.989508,37.432112],[-5.989679,37.432248],[-5.98985,37.432248],[-5.98985,37.432112],[-5.989679,37.431976],[-5.989508,37.43157],[-5.989337,37.430892],[-5.989167,37.430621],[-5.988996,37.430621],[-5.988996,37.430486],[-5.988655,37.430079],[-5.988825,37.429943],[-5.988996,37.429943],[-5.989167,37.429808],[-5.989337,37.429808],[-5.989508,37.429672],[-5.989679,37.429672],[-5.990191,37.429401],[-5.990362,37.429401],[-5.990532,37.429401],[-5.990532,37.429266],[-5.990703,37.429266],[-5.990874,37.42913],[-5.991044,37.42913],[-5.991215,37.428995],[-5.991386,37.428995],[-5.991556,37.428995],[-5.991727,37.428859],[-5.992068,37.428724],[-5.992239,37.428724],[-5.992239,37.428588],[-5.99241,37.428588],[-5.99258,37.428588],[-5.992922,37.428453],[-5.993092,37.428317],[-5.993263,37.428181],[-5.993434,37.428181],[-5.993604,37.428181],[-5.993775,37.428046],[-5.993946,37.428046],[-5.993946,37.42791],[-5.994117,37.42791],[-5.994287,37.42791],[-5.994287,37.427775],[-5.994629,37.427775],[-5.994799,37.427639],[-5.99497,37.427639],[-5.995141,37.427504],[-5.995823,37.427233],[-5.995994,37.427233],[-5.996165,37.427233],[-5.996165,37.427097],[-5.996335,37.427097],[-5.996506,37.427097],[-5.996677,37.426962],[-5.997189,37.426826],[-5.997359,37.42669],[-5.99753,37.42669],[-5.997701,37.42669],[-5.997701,37.426555],[-5.997871,37.426555],[-5.998042,37.426555],[-5.998042,37.426419],[-5.998042,37.426284],[-5.998384,37.426148],[-5.998725,37.426013],[-5.998896,37.426013],[-5.999066,37.425877],[-5.999408,37.425742],[-5.999578,37.425742],[-5.999749,37.425742],[-5.999749,37.425606],[-5.99992,37.425606],[-6.00009,37.425471],[-6.000261,37.425471],[-6.000432,37.425335],[-6.000602,37.425335],[-6.000773,37.425199],[-6.001114,37.425064],[-6.001285,37.425064],[-6.001626,37.424793],[-6.001797,37.424793],[-6.002138,37.424657],[-6.002309,37.424657],[-6.00248,37.424522],[-6.00248,37.424386],[-6.002651,37.424386],[-6.003163,37.42398],[-6.003504,37.423844],[-6.003675,37.423708],[-6.003675,37.423573],[-6.004016,37.423437],[-6.004016,37.423302],[-6.004357,37.423031],[-6.004528,37.422895],[-6.004699,37.422624],[-6.005552,37.421946],[-6.005723,37.421675],[-6.006064,37.421404],[-6.006576,37.420726],[-6.006576,37.420591],[-6.006747,37.420455],[-6.006747,37.42032],[-6.006747,37.420184],[-6.007259,37.418151],[-6.00743,37.418151],[-6.00743,37.418015],[-6.00743,37.41788],[-6.0076,37.417744],[-6.0076,37.417609],[-6.0076,37.417473],[-6.0076,37.417337],[-6.0076,37.417202],[-6.0076,37.417066],[-6.007771,37.416931],[-6.007771,37.416795],[-6.007942,37.416389],[-6.007942,37.416253],[-6.007942,37.416117],[-6.007771,37.415846],[-6.008112,37.414626],[-6.008283,37.413948],[-6.008283,37.413813],[-6.008283,37.413677],[-6.008454,37.413677],[-6.009819,37.413677],[-6.012721,37.413813],[-6.013062,37.413813],[-6.013233,37.413813],[-6.013403,37.413813],[-6.013574,37.413813],[-6.01511,37.413813],[-6.015793,37.413813],[-6.015793,37.413542],[-6.014427,37.413406],[-6.013745,37.413406],[-6.013403,37.413406],[-6.013233,37.413406],[-6.013062,37.413542],[-6.012891,37.413542],[-6.012721,37.413542],[-6.009819,37.413406],[-6.008454,37.413406],[-6.008454,37.413271],[-6.008454,37.413135],[-6.008454,37.412999],[-6.008624,37.412457],[-6.008624,37.412186],[-6.008624,37.41205],[-6.008624,37.411915],[-6.008795,37.411508],[-6.008795,37.411237],[-6.008795,37.411101],[-6.008966,37.410966],[-6.008966,37.410559],[-6.009136,37.410424],[-6.009136,37.410288],[-6.009307,37.409746],[-6.009648,37.409746],[-6.010502,37.406763],[-6.010502,37.406628],[-6.010331,37.406628],[-6.01016,37.406628],[-6.01016,37.406763],[-6.010035,37.406863],[-6.010672,37.404458],[-6.010672,37.404323],[-6.010843,37.404051],[-6.010672,37.403916],[-6.010843,37.40378],[-6.010843,37.403645],[-6.011014,37.403374],[-6.011014,37.403238],[-6.011014,37.403102],[-6.011014,37.402967],[-6.011185,37.40256],[-6.011355,37.402153],[-6.011355,37.402018],[-6.011526,37.401611],[-6.011526,37.401475],[-6.011526,37.40134],[-6.011526,37.401069],[-6.011697,37.400933],[-6.011697,37.400662],[-6.011697,37.400526],[-6.011867,37.400255],[-6.011867,37.400119],[-6.011867,37.399984],[-6.011867,37.399848],[-6.011867,37.399713],[-6.012038,37.399577],[-6.012038,37.399306],[-6.012038,37.39917],[-6.012038,37.399035],[-6.012209,37.399035],[-6.012209,37.398628],[-6.012209,37.398492],[-6.012379,37.398357],[-6.012379,37.398221],[-6.012379,37.398086],[-6.012379,37.39795],[-6.01255,37.397814],[-6.01255,37.397543],[-6.01255,37.397408],[-6.01255,37.397272],[-6.012721,37.39673],[-6.012891,37.396323],[-6.013403,37.394153],[-6.013403,37.393882],[-6.013403,37.393746],[-6.013574,37.393611],[-6.013403,37.393611],[-6.013574,37.393475],[-6.013574,37.39334],[-6.013574,37.393204],[-6.013574,37.393068],[-6.013574,37.392933],[-6.013574,37.392797],[-6.013574,37.392662],[-6.013574,37.392526],[-6.013574,37.39239],[-6.013745,37.392255],[-6.013745,37.392119],[-6.013745,37.391848],[-6.013745,37.391306],[-6.013915,37.391034],[-6.014086,37.390356],[-6.014086,37.390221],[-6.014086,37.390085],[-6.014257,37.38995],[-6.014257,37.389814],[-6.014427,37.389814],[-6.014427,37.389678],[-6.014427,37.389271],[-6.014427,37.389136],[-6.014427,37.389],[-6.01511,37.388729],[-6.015281,37.388729],[-6.015281,37.388593],[-6.015281,37.388458],[-6.01511,37.388458],[-6.01511,37.388593],[-6.014939,37.388593],[-6.014769,37.388593],[-6.014769,37.388458],[-6.014598,37.388458],[-6.014427,37.388458],[-6.014257,37.388458],[-6.014257,37.388322],[-6.014257,37.388051],[-6.014257,37.387644],[-6.014257,37.387509],[-6.014257,37.387373],[-6.014257,37.387102],[-6.014257,37.38683],[-6.014257,37.386695],[-6.014257,37.386424],[-6.014257,37.386288],[-6.014257,37.386152],[-6.014257,37.385881],[-6.014257,37.385746],[-6.014257,37.38561],[-6.014257,37.385474],[-6.014427,37.385474],[-6.014427,37.385339],[-6.014427,37.385203],[-6.014598,37.385203],[-6.014427,37.385067],[-6.014427,37.384932],[-6.014427,37.384661],[-6.014427,37.384389],[-6.014427,37.384254],[-6.014257,37.383982],[-6.014257,37.383847],[-6.014257,37.383711],[-6.014257,37.383576],[-6.014427,37.38344],[-6.014427,37.383304],[-6.014427,37.383033],[-6.014427,37.382898],[-6.014427,37.382762],[-6.014427,37.382626],[-6.014427,37.382491],[-6.014427,37.382219],[-6.014427,37.382084],[-6.014427,37.381948],[-6.014598,37.381677],[-6.014598,37.381541],[-6.014598,37.381406],[-6.014769,37.380999],[-6.014598,37.380728],[-6.014598,37.380592],[-6.014598,37.380321],[-6.014598,37.380185],[-6.014598,37.380049],[-6.014598,37.379914],[-6.014598,37.379643],[-6.014598,37.379371],[-6.014769,37.379371],[-6.014769,37.379236],[-6.014769,37.378964],[-6.014769,37.378829],[-6.014769,37.378693],[-6.014769,37.378557],[-6.014769,37.378422],[-6.014939,37.378422],[-6.014939,37.378151],[-6.014939,37.378015],[-6.014939,37.377744],[-6.014939,37.377608],[-6.014939,37.377337],[-6.014939,37.377201],[-6.014939,37.377066],[-6.01511,37.37693],[-6.01511,37.376794],[-6.01511,37.376659],[-6.014939,37.376659],[-6.014939,37.376387],[-6.01511,37.376252],[-6.01511,37.376116],[-6.01511,37.37598],[-6.01511,37.375845],[-6.015281,37.375845],[-6.015281,37.375709],[-6.015281,37.375574],[-6.015452,37.375574],[-6.015452,37.375438],[-6.015622,37.375438],[-6.015622,37.375302],[-6.015622,37.375167],[-6.015793,37.375167],[-6.015793,37.375031],[-6.015964,37.375031],[-6.015964,37.374895],[-6.015964,37.37476],[-6.015964,37.374489],[-6.015964,37.374353],[-6.015964,37.374217],[-6.015964,37.374082],[-6.016134,37.374082],[-6.016646,37.37381],[-6.016817,37.373539],[-6.017158,37.373403],[-6.017329,37.373268],[-6.017329,37.372861],[-6.017158,37.372861],[-6.016817,37.372861],[-6.016817,37.372725],[-6.016817,37.37259],[-6.016817,37.372454],[-6.016817,37.372047],[-6.016817,37.371911],[-6.016646,37.371911],[-6.016476,37.37164],[-6.016476,37.371504],[-6.016646,37.371233],[-6.016646,37.371098],[-6.016646,37.370826],[-6.016646,37.370555],[-6.016817,37.370419],[-6.016817,37.370284],[-6.016646,37.370012],[-6.016476,37.369877],[-6.016305,37.369605],[-6.016134,37.36947],[-6.016134,37.369334],[-6.015964,37.369198],[-6.015964,37.369063],[-6.016134,37.369063],[-6.016134,37.368927],[-6.016134,37.368792],[-6.015964,37.368792],[-6.015793,37.368656],[-6.015622,37.36852],[-6.015452,37.36852],[-6.01511,37.368249],[-6.01511,37.368113],[-6.014769,37.367706],[-6.014598,37.366757],[-6.014257,37.366214],[-6.014086,37.366214],[-6.014086,37.366079],[-6.014086,37.365943],[-6.013915,37.365807],[-6.013403,37.365265],[-6.013062,37.365129],[-6.013062,37.364993],[-6.012891,37.364993],[-6.012721,37.364722],[-6.010843,37.36323],[-6.010502,37.362958],[-6.010331,37.362823],[-6.009648,37.362416],[-6.009307,37.362009],[-6.008283,37.361331],[-6.008112,37.361195],[-6.007942,37.361059],[-6.007771,37.360924],[-6.006918,37.359838],[-6.006918,37.359703],[-6.006918,37.359567],[-6.006918,37.359296],[-6.006918,37.359024],[-6.006747,37.358889],[-6.006576,37.358617],[-6.006235,37.358482],[-6.005893,37.358075],[-6.005211,37.357939],[-6.004357,37.358075],[-6.004187,37.357939],[-6.004016,37.357939],[-6.003845,37.357803],[-6.003163,37.357125],[-6.002821,37.356854],[-6.002821,37.355904],[-6.002821,37.355633],[-6.002821,37.35414],[-6.002992,37.352648],[-6.002992,37.352105],[-6.002992,37.351562],[-6.002992,37.351155],[-6.002992,37.350748],[-6.002992,37.350477],[-6.002992,37.350206],[-6.003163,37.349799],[-6.003163,37.349663],[-6.003333,37.349527],[-6.003504,37.349527],[-6.003675,37.349392],[-6.003845,37.349256],[-6.00504,37.348849],[-6.005723,37.348713],[-6.006235,37.348577],[-6.006405,37.348577],[-6.006576,37.348577],[-6.006747,37.348577],[-6.006918,37.348577],[-6.007088,37.348442],[-6.007088,37.348577],[-6.00743,37.348442],[-6.00743,37.348577],[-6.008112,37.348577],[-6.008283,37.348577],[-6.008624,37.348577],[-6.008966,37.348577],[-6.009136,37.348577],[-6.009307,37.348577],[-6.009478,37.348577],[-6.009819,37.348577],[-6.01016,37.348442],[-6.010331,37.348442],[-6.010502,37.348306],[-6.010843,37.348306],[-6.010843,37.34817],[-6.011014,37.34817],[-6.011185,37.348035],[-6.011355,37.347899],[-6.011355,37.347628],[-6.011526,37.347492],[-6.011526,37.347356],[-6.011526,37.347221],[-6.011526,37.347085],[-6.011355,37.346814],[-6.011355,37.346678],[-6.011185,37.346678],[-6.011185,37.346542],[-6.011014,37.346406],[-6.011014,37.346271],[-6.010672,37.346135],[-6.010502,37.346135],[-6.01016,37.346135],[-6.00999,37.346135],[-6.009819,37.346135],[-6.009478,37.346135],[-6.009307,37.346135],[-6.009136,37.346135],[-6.009478,37.345457],[-6.009819,37.344778],[-6.009819,37.344642],[-6.009819,37.344507],[-6.00999,37.3441],[-6.01016,37.343964],[-6.010331,37.343828],[-6.010502,37.343693],[-6.010672,37.343693],[-6.010672,37.343557],[-6.011185,37.343421],[-6.011697,37.34315],[-6.011697,37.342743],[-6.011526,37.342607],[-6.011526,37.342471],[-6.011355,37.342471],[-6.011185,37.342336],[-6.011014,37.3422],[-6.010502,37.341793],[-6.010502,37.341657],[-6.010843,37.341657],[-6.010843,37.341386],[-6.010843,37.34125],[-6.010672,37.34125],[-6.010672,37.341114],[-6.010843,37.341114],[-6.010843,37.340843],[-6.010502,37.340707],[-6.010331,37.340707],[-6.01016,37.340979],[-6.00999,37.340707],[-6.00999,37.340572],[-6.009819,37.340436],[-6.009648,37.340572],[-6.009648,37.340436],[-6.009648,37.3403],[-6.009819,37.3403],[-6.009819,37.340165],[-6.00999,37.340165],[-6.01016,37.340165],[-6.010331,37.340165],[-6.010502,37.3403],[-6.010502,37.340436],[-6.010672,37.340572],[-6.010843,37.340572],[-6.011014,37.340707],[-6.011185,37.340572],[-6.011355,37.340707],[-6.011355,37.340572],[-6.011014,37.3403],[-6.011014,37.340165],[-6.008283,37.339893],[-6.006918,37.339757],[-6.006918,37.339486],[-6.007088,37.337993],[-6.007088,37.337722],[-6.007088,37.337586],[-6.007259,37.335958],[-6.00743,37.335686],[-6.00743,37.335551],[-6.006405,37.335686],[-6.006235,37.335551],[-6.005723,37.334872],[-6.005552,37.334736],[-6.005381,37.334601],[-6.004699,37.334329],[-6.004357,37.334329],[-6.004357,37.334194],[-6.004187,37.334058],[-6.004016,37.333922],[-6.004016,37.334058],[-6.004016,37.334194],[-6.003845,37.334194],[-6.004016,37.334329],[-6.004016,37.334465],[-6.003845,37.334465],[-6.003845,37.335008],[-6.003845,37.335144],[-6.003845,37.335279],[-6.003845,37.335551],[-6.004187,37.335551],[-6.004187,37.335415],[-6.004699,37.335279],[-6.004869,37.335008],[-6.005552,37.335144],[-6.005211,37.335822],[-6.00504,37.335822],[-6.004699,37.335822],[-6.004187,37.335822],[-6.003845,37.335686],[-6.003845,37.335822],[-6.003845,37.335958],[-6.003845,37.336093],[-6.003845,37.336229],[-6.003845,37.336365],[-6.003675,37.336636],[-6.003675,37.335958],[-6.003675,37.335822],[-6.003675,37.334872],[-6.003675,37.334736],[-6.003675,37.334601],[-6.003675,37.334465],[-6.003675,37.334329],[-6.003675,37.334194],[-6.003675,37.333786],[-6.003675,37.333651],[-6.003675,37.333515],[-6.003675,37.333108],[-6.003675,37.332972],[-6.003675,37.332565],[-6.003675,37.332158],[-6.003675,37.331751],[-6.003675,37.331479],[-6.003845,37.330529],[-6.004016,37.330258],[-6.004187,37.330122],[-6.004187,37.329986],[-6.004357,37.329851],[-6.004528,37.329715],[-6.004528,37.329579],[-6.004699,37.329579],[-6.004699,37.329444],[-6.004869,37.329444],[-6.004869,37.329308],[-6.00504,37.329172],[-6.00504,37.329036],[-6.005211,37.329036],[-6.005211,37.328901],[-6.005893,37.328086],[-6.00743,37.326593],[-6.0076,37.326458],[-6.007771,37.326458],[-6.008283,37.326729],[-6.009307,37.327408],[-6.009478,37.327544],[-6.009648,37.327544],[-6.009819,37.327544],[-6.00999,37.327544],[-6.00999,37.327408],[-6.01016,37.327272],[-6.010331,37.327136],[-6.010331,37.327001],[-6.010331,37.326865],[-6.010502,37.326865],[-6.010502,37.326729],[-6.010502,37.326593],[-6.010502,37.326458],[-6.010672,37.326322],[-6.010672,37.326186],[-6.010843,37.326186],[-6.011014,37.325779],[-6.011014,37.325643],[-6.010843,37.325508],[-6.010843,37.325372],[-6.010672,37.325372],[-6.010502,37.325236],[-6.010331,37.325236],[-6.01016,37.325236],[-6.00999,37.3251],[-6.009819,37.3251],[-6.009648,37.3251],[-6.009648,37.324965],[-6.009478,37.324965],[-6.009307,37.324965],[-6.009136,37.324965],[-6.008966,37.324829],[-6.008795,37.324829],[-6.008624,37.324965],[-6.008454,37.324965],[-6.008454,37.3251],[-6.008283,37.325236],[-6.008112,37.325236],[-6.008112,37.3251],[-6.007942,37.324965],[-6.007942,37.324829],[-6.007771,37.324693],[-6.007771,37.324558],[-6.007771,37.324422],[-6.0076,37.324422],[-6.0076,37.324286],[-6.00743,37.32415],[-6.00743,37.323879],[-6.00743,37.323743],[-6.007259,37.323607],[-6.00743,37.323607],[-6.0076,37.323472],[-6.007771,37.323336],[-6.007771,37.323607],[-6.008112,37.323607],[-6.007942,37.323879],[-6.007942,37.324015],[-6.008112,37.324015],[-6.008112,37.323879],[-6.008283,37.323879],[-6.008283,37.324015],[-6.008454,37.32415],[-6.008624,37.32415],[-6.008795,37.324286],[-6.008966,37.324286],[-6.008966,37.324558],[-6.008795,37.324558],[-6.008795,37.324693],[-6.008966,37.324693],[-6.009136,37.324693],[-6.009307,37.324693],[-6.009478,37.324829],[-6.009648,37.324829],[-6.00999,37.324693],[-6.009819,37.324965],[-6.00999,37.324965],[-6.01016,37.324965],[-6.010331,37.324965],[-6.010331,37.3251],[-6.010502,37.3251],[-6.010672,37.3251],[-6.011014,37.3251],[-6.011185,37.325236],[-6.011355,37.325236],[-6.011526,37.325236],[-6.01255,37.325508],[-6.01255,37.325372],[-6.012721,37.325372],[-6.012891,37.325372],[-6.013062,37.325372],[-6.013233,37.325372],[-6.013233,37.325236],[-6.013233,37.3251],[-6.013062,37.324829],[-6.013062,37.324558],[-6.013062,37.324286],[-6.013062,37.32415],[-6.013062,37.323065],[-6.012891,37.322929],[-6.012891,37.322657],[-6.012891,37.322522],[-6.012891,37.322386],[-6.012891,37.321707],[-6.012891,37.321029],[-6.013062,37.320757],[-6.013062,37.320486],[-6.013062,37.32035],[-6.013062,37.319943],[-6.013062,37.319807],[-6.013233,37.319671],[-6.013233,37.319536],[-6.013233,37.3194],[-6.013233,37.319264],[-6.013233,37.319128],[-6.013403,37.318993],[-6.013403,37.318857],[-6.013574,37.318721],[-6.013574,37.318585],[-6.013574,37.31845],[-6.013745,37.318314],[-6.013745,37.318178],[-6.013745,37.318042],[-6.013915,37.318042],[-6.013915,37.317907],[-6.013915,37.317771],[-6.013915,37.317364],[-6.014086,37.317364],[-6.014086,37.317228],[-6.014086,37.317092],[-6.014086,37.316956],[-6.013403,37.317228],[-6.013233,37.317228],[-6.013062,37.317228],[-6.013062,37.317364],[-6.012891,37.317364],[-6.012721,37.317364],[-6.012721,37.317499],[-6.01255,37.317499],[-6.012379,37.317499],[-6.012209,37.317635],[-6.012038,37.317635],[-6.011867,37.317635],[-6.011867,37.317771],[-6.011697,37.317771],[-6.011185,37.317907],[-6.011014,37.317907],[-6.010843,37.318042],[-6.010672,37.318042],[-6.010502,37.318042],[-6.010331,37.318042],[-6.01016,37.318042],[-6.01016,37.317907],[-6.00999,37.317907],[-6.009819,37.317907],[-6.009648,37.317907],[-6.009478,37.318042],[-6.009307,37.318042],[-6.009136,37.318042],[-6.009136,37.318178],[-6.008966,37.318178],[-6.008795,37.318178],[-6.008795,37.318314],[-6.008624,37.318314],[-6.008454,37.318314],[-6.008454,37.31845],[-6.008283,37.31845],[-6.008112,37.31845],[-6.008112,37.318585],[-6.007771,37.318585],[-6.0076,37.318585],[-6.0076,37.31845],[-6.00743,37.31845],[-6.00743,37.318314],[-6.007259,37.318314],[-6.007259,37.31845],[-6.007088,37.31845],[-6.007088,37.318314],[-6.006918,37.318314],[-6.006747,37.31845],[-6.006747,37.318314],[-6.006576,37.318314],[-6.006405,37.318314],[-6.006235,37.318585],[-6.006064,37.318585],[-6.005723,37.318314],[-6.005381,37.318585],[-6.005381,37.318857],[-6.00504,37.318857],[-6.004699,37.319128],[-6.004528,37.319128],[-6.003845,37.319264],[-6.003675,37.319536],[-6.003333,37.319807],[-6.003504,37.319807],[-6.003675,37.319807],[-6.003675,37.319943],[-6.003675,37.320078],[-6.003504,37.320078],[-6.003333,37.320078],[-6.003163,37.320214],[-6.002992,37.320214],[-6.002821,37.320214],[-6.002651,37.32035],[-6.00248,37.32035],[-6.002309,37.320486],[-6.002138,37.320486],[-6.001968,37.320621],[-6.001797,37.320621],[-6.001626,37.320757],[-6.001456,37.320757],[-6.001456,37.320893],[-6.001285,37.320893],[-6.001285,37.321029],[-6.001285,37.321164],[-6.001285,37.3213],[-6.001456,37.3213],[-6.001456,37.321436],[-6.001285,37.321436],[-6.001285,37.321572],[-6.001114,37.321572],[-6.000944,37.321572],[-6.000773,37.321572],[-6.000773,37.321707],[-6.000602,37.321707],[-6.000432,37.321843],[-6.000261,37.321843],[-6.00009,37.321979],[-5.999749,37.321979],[-5.999578,37.322114],[-5.999408,37.32225],[-5.999237,37.322386],[-5.999237,37.322522],[-5.999066,37.322657],[-5.998896,37.322657],[-5.998896,37.322793],[-5.998725,37.322929],[-5.998725,37.323065],[-5.998554,37.3232],[-5.998554,37.323336],[-5.998384,37.323472],[-5.998384,37.323607],[-5.998213,37.323607],[-5.998213,37.323743],[-5.998213,37.323879],[-5.998042,37.323879],[-5.998042,37.324015],[-5.997871,37.32415],[-5.997871,37.324286],[-5.997701,37.324286],[-5.997701,37.324422],[-5.99753,37.324558],[-5.99753,37.324693],[-5.99753,37.324829],[-5.997359,37.324965],[-5.997359,37.3251],[-5.997189,37.325236],[-5.997189,37.325372],[-5.997189,37.325643],[-5.997018,37.325643],[-5.997018,37.325779],[-5.997018,37.325915],[-5.997018,37.326051],[-5.996847,37.326051],[-5.996847,37.326186],[-5.996847,37.326322],[-5.996847,37.326458],[-5.996847,37.326593],[-5.996847,37.326729],[-5.996847,37.326865],[-5.996677,37.326865],[-5.996677,37.327001],[-5.996677,37.327136],[-5.996677,37.327272],[-5.996677,37.327408],[-5.996677,37.327544],[-5.996677,37.327815],[-5.996506,37.327815],[-5.996506,37.327951],[-5.996506,37.328086],[-5.996506,37.328222],[-5.996506,37.328358],[-5.996506,37.328629],[-5.996506,37.328765],[-5.996335,37.329172],[-5.996165,37.329444],[-5.996165,37.329579],[-5.996335,37.329715],[-5.996335,37.329851],[-5.996165,37.329851],[-5.996165,37.330122],[-5.996165,37.330258],[-5.996165,37.330394],[-5.996165,37.330529],[-5.996165,37.330665],[-5.995994,37.330665],[-5.995823,37.330665],[-5.995823,37.330801],[-5.995823,37.330936],[-5.995823,37.331072],[-5.995653,37.331208],[-5.995653,37.331344],[-5.995653,37.331615],[-5.995653,37.331751],[-5.995653,37.331886],[-5.995653,37.332022],[-5.995482,37.332158],[-5.995482,37.332294],[-5.995482,37.332429],[-5.995482,37.332565],[-5.995482,37.332701],[-5.995482,37.332836],[-5.995482,37.332972],[-5.995482,37.333108],[-5.995311,37.333108],[-5.995311,37.333244],[-5.995311,37.333379],[-5.995482,37.333515],[-5.995482,37.333379],[-5.995653,37.333379],[-5.995823,37.333379],[-5.995994,37.333651],[-5.995823,37.333651],[-5.995823,37.333786],[-5.995653,37.334194],[-5.995653,37.334329],[-5.995653,37.334465],[-5.995482,37.334465],[-5.995482,37.334601],[-5.995482,37.334736],[-5.995482,37.334872],[-5.995482,37.335008],[-5.995653,37.335144],[-5.995653,37.335279],[-5.995823,37.335415],[-5.995823,37.335551],[-5.995823,37.335686],[-5.995994,37.335686],[-5.995994,37.335822],[-5.995994,37.335958],[-5.996165,37.335958],[-5.996165,37.336093],[-5.996165,37.336229],[-5.996335,37.336229],[-5.996335,37.336365],[-5.996335,37.336501],[-5.996506,37.336501],[-5.996506,37.336636],[-5.996677,37.336772],[-5.996677,37.336908],[-5.996677,37.337043],[-5.996847,37.337179],[-5.996335,37.337586],[-5.996165,37.337586],[-5.995994,37.337586],[-5.995994,37.337722],[-5.995823,37.337722],[-5.995653,37.337858],[-5.995482,37.337858],[-5.995482,37.337993],[-5.995311,37.337993],[-5.995311,37.338129],[-5.995482,37.338129],[-5.995482,37.338265],[-5.995311,37.338265],[-5.995311,37.3384],[-5.995482,37.3384],[-5.995653,37.3384],[-5.995653,37.338536],[-5.995823,37.338536],[-5.995823,37.338672],[-5.995823,37.338808],[-5.995994,37.338808],[-5.995994,37.338943],[-5.996165,37.339079],[-5.996165,37.339215],[-5.995994,37.339215],[-5.995823,37.339079],[-5.995653,37.339079],[-5.995653,37.338943],[-5.995482,37.338943],[-5.995482,37.339079],[-5.995311,37.339079],[-5.995141,37.339215],[-5.995141,37.339486],[-5.995141,37.339893],[-5.995141,37.340436],[-5.995141,37.340707],[-5.995141,37.340979],[-5.995141,37.34125],[-5.995141,37.341522],[-5.995141,37.341929],[-5.99497,37.341929],[-5.995141,37.3422],[-5.99497,37.3422],[-5.99497,37.342471],[-5.99497,37.342743],[-5.99497,37.343014],[-5.99497,37.343557],[-5.99497,37.344235],[-5.99497,37.344507],[-5.99497,37.344778],[-5.99497,37.34505],[-5.99497,37.345321],[-5.99497,37.345457],[-5.99497,37.345592],[-5.99497,37.345728],[-5.995141,37.345864],[-5.995141,37.345999],[-5.99497,37.345999],[-5.99497,37.346135],[-5.99497,37.346271],[-5.99497,37.346542],[-5.99497,37.346678],[-5.995141,37.346678],[-5.995141,37.346814],[-5.995141,37.346949],[-5.995141,37.347356],[-5.99497,37.347492],[-5.995141,37.347492],[-5.995141,37.347763],[-5.99497,37.347899],[-5.99497,37.348035],[-5.99497,37.34817],[-5.994799,37.34817],[-5.994799,37.348306],[-5.994799,37.348442],[-5.994629,37.348577],[-5.994458,37.348713],[-5.994287,37.348713],[-5.994287,37.348849],[-5.994117,37.348849],[-5.994117,37.348984],[-5.994117,37.34912],[-5.994117,37.349256],[-5.994117,37.349527],[-5.993946,37.349799],[-5.993946,37.349934],[-5.993946,37.35007],[-5.993946,37.350206],[-5.993946,37.350341],[-5.993946,37.350477],[-5.993946,37.350613],[-5.993946,37.350884],[-5.993946,37.35102],[-5.994117,37.351155],[-5.994287,37.351155],[-5.994287,37.351291],[-5.994458,37.351291],[-5.994458,37.351427],[-5.994458,37.351562],[-5.994458,37.351698],[-5.994458,37.351834],[-5.994458,37.351969],[-5.994287,37.351969],[-5.994287,37.352105],[-5.994287,37.352241],[-5.994458,37.352376],[-5.994458,37.352512],[-5.994458,37.352648],[-5.994629,37.352783],[-5.994629,37.352919],[-5.994629,37.353055],[-5.995482,37.353733],[-5.995994,37.35414],[-5.996165,37.354276],[-5.996677,37.354819],[-5.997359,37.355361],[-5.997871,37.355768],[-5.998042,37.355904],[-5.998554,37.356311],[-5.999237,37.356989],[-5.999408,37.357125],[-6.00009,37.357668],[-6.00009,37.357939],[-6.00009,37.358075],[-6.00009,37.35821],[-6.00009,37.358346],[-6.00009,37.358482],[-6.00009,37.358617],[-6.00009,37.359024],[-6.00009,37.35916],[-6.00009,37.359296],[-5.99992,37.359296],[-5.99992,37.359567],[-6.00009,37.359703],[-5.99992,37.359703],[-5.999749,37.359703],[-5.999749,37.359838],[-5.999578,37.359838],[-5.999578,37.359703],[-5.999408,37.359703],[-5.999408,37.359567],[-5.999237,37.359567],[-5.999237,37.359431],[-5.999066,37.359296],[-5.998896,37.359296],[-5.998896,37.35916],[-5.998725,37.35916],[-5.998554,37.359024],[-5.997871,37.358482],[-5.997871,37.358346],[-5.997701,37.358346],[-5.997359,37.357939],[-5.996677,37.357396],[-5.995994,37.356718],[-5.995823,37.356718],[-5.995823,37.356582],[-5.995653,37.356582],[-5.994799,37.355768],[-5.994629,37.355633],[-5.994458,37.355768],[-5.994287,37.355633],[-5.994117,37.355497],[-5.993946,37.355497],[-5.993946,37.355361],[-5.993775,37.355497],[-5.993775,37.355633],[-5.993946,37.355768],[-5.994117,37.355904],[-5.994287,37.35604],[-5.994287,37.356175],[-5.994117,37.356311],[-5.994117,37.356854],[-5.994117,37.356989],[-5.994117,37.357125],[-5.994287,37.357668],[-5.994287,37.357803],[-5.994117,37.357803],[-5.994117,37.358075],[-5.994117,37.35821],[-5.994117,37.359024],[-5.994117,37.35916],[-5.994117,37.359296],[-5.994117,37.359431],[-5.994117,37.359567],[-5.994117,37.360381],[-5.993946,37.360517],[-5.993946,37.360652],[-5.994117,37.360788],[-5.994117,37.360924],[-5.994117,37.361059],[-5.994117,37.361195],[-5.994287,37.361195],[-5.994287,37.361331],[-5.994287,37.361466],[-5.994287,37.361602],[-5.994117,37.361738],[-5.993946,37.361738],[-5.993946,37.361873],[-5.993775,37.361873],[-5.993775,37.362009],[-5.993604,37.362009],[-5.993604,37.362145],[-5.993604,37.36228],[-5.993604,37.362416],[-5.993604,37.362552],[-5.993604,37.362687],[-5.993604,37.362823],[-5.993604,37.362958],[-5.993604,37.363094],[-5.993604,37.36323],[-5.993604,37.363365],[-5.993434,37.363365],[-5.993434,37.363772],[-5.993434,37.363908],[-5.993434,37.364044],[-5.993434,37.364179],[-5.993434,37.364315],[-5.993434,37.364451],[-5.993434,37.364586],[-5.993434,37.364858],[-5.993434,37.364993],[-5.993434,37.365265],[-5.993434,37.3654],[-5.993434,37.365536],[-5.993434,37.365943],[-5.993434,37.366079],[-5.993263,37.366621],[-5.993263,37.366757],[-5.993263,37.366892],[-5.993263,37.367028],[-5.993263,37.367164],[-5.993263,37.367299],[-5.993263,37.367435],[-5.993263,37.367571],[-5.993263,37.367842],[-5.993263,37.367978],[-5.993263,37.368385],[-5.993263,37.36852],[-5.993434,37.36852],[-5.993604,37.36852],[-5.993604,37.368656],[-5.993434,37.368656],[-5.993434,37.368792],[-5.993434,37.368927],[-5.993434,37.369198],[-5.993434,37.369605],[-5.993434,37.370012],[-5.993434,37.370148],[-5.993434,37.370419],[-5.993434,37.370691],[-5.993434,37.370962],[-5.993263,37.371098],[-5.993434,37.371233],[-5.993434,37.37164],[-5.993434,37.372047],[-5.993434,37.372318],[-5.993434,37.373132],[-5.993604,37.374082],[-5.993604,37.374895],[-5.993604,37.375167],[-5.993604,37.375574],[-5.993775,37.375574],[-5.993775,37.375709],[-5.993775,37.375845],[-5.994287,37.376659],[-5.994287,37.376794],[-5.994287,37.37693],[-5.994458,37.37693],[-5.994458,37.377066],[-5.994458,37.377201],[-5.994629,37.377201],[-5.994629,37.377337],[-5.994629,37.377472],[-5.994799,37.377472],[-5.994799,37.377608],[-5.994799,37.377744],[-5.99497,37.377879],[-5.99497,37.378015],[-5.99497,37.378151],[-5.995141,37.378151],[-5.995141,37.378286],[-5.995141,37.378422],[-5.995311,37.378422],[-5.995311,37.378557],[-5.995311,37.378693],[-5.995311,37.378829],[-5.995482,37.378829],[-5.995482,37.378964],[-5.995653,37.3791],[-5.995823,37.3791],[-5.995823,37.379236],[-5.995994,37.379371],[-5.995994,37.379507],[-5.996165,37.379507],[-5.996165,37.379643],[-5.996335,37.379643],[-5.996335,37.379778],[-5.996506,37.379914],[-5.996506,37.380049],[-5.996677,37.380049],[-5.996677,37.380185],[-5.996847,37.380185],[-5.996847,37.380321],[-5.997018,37.380321],[-5.997189,37.380456],[-5.997189,37.380592],[-5.997359,37.380728],[-5.997359,37.380863],[-5.997359,37.380999],[-5.99753,37.381134],[-5.99753,37.38127],[-5.997701,37.381406],[-5.997701,37.381541],[-5.997871,37.381541],[-5.997871,37.381677],[-5.998384,37.382084],[-5.998554,37.382219],[-5.998554,37.382355],[-5.998725,37.382355],[-5.998725,37.382491],[-5.998896,37.382491],[-5.998896,37.382626],[-5.999408,37.383033],[-5.999237,37.383169],[-5.999408,37.383304],[-5.999578,37.383169],[-5.999578,37.383304],[-5.999749,37.38344],[-5.99992,37.38344],[-5.99992,37.383576],[-6.00009,37.383576],[-6.00009,37.383711],[-6.000602,37.384118],[-6.000773,37.384254],[-6.001285,37.384661],[-6.001456,37.384661],[-6.001626,37.384796],[-6.001797,37.384796],[-6.001797,37.384932],[-6.002651,37.385339],[-6.002651,37.385474],[-6.002821,37.385474],[-6.002821,37.38561],[-6.002992,37.385881],[-6.003163,37.385881],[-6.003163,37.386017],[-6.003333,37.386017],[-6.003675,37.386288],[-6.003845,37.386424],[-6.004016,37.386559],[-6.004187,37.386695],[-6.004187,37.38683],[-6.004357,37.386966],[-6.004528,37.387102],[-6.004699,37.387102],[-6.004699,37.387237],[-6.004869,37.387237],[-6.00504,37.387373],[-6.00504,37.387509],[-6.005211,37.387509],[-6.005211,37.387644],[-6.005381,37.387644],[-6.005381,37.38778],[-6.005552,37.38778],[-6.005552,37.387915],[-6.005723,37.387915],[-6.005723,37.388051],[-6.005893,37.388187],[-6.005893,37.388322],[-6.006064,37.388322],[-6.006064,37.388458],[-6.006235,37.388458],[-6.006235,37.388593],[-6.006576,37.388729],[-6.006576,37.388865],[-6.006747,37.388865],[-6.006747,37.389],[-6.006747,37.389136],[-6.006747,37.389271],[-6.006918,37.389271],[-6.006918,37.389407],[-6.006918,37.389543],[-6.006918,37.389678],[-6.007088,37.389678],[-6.007088,37.389814],[-6.007088,37.390085],[-6.007088,37.390492],[-6.007088,37.390628],[-6.007088,37.390763],[-6.007259,37.390763],[-6.007259,37.390899],[-6.007259,37.391034],[-6.007259,37.39117],[-6.007259,37.391306],[-6.007259,37.391441],[-6.007259,37.391577],[-6.00743,37.391577],[-6.00743,37.391712],[-6.007259,37.391712],[-6.00743,37.391848],[-6.0076,37.391984],[-6.0076,37.391848],[-6.007771,37.391848],[-6.007771,37.391984],[-6.007942,37.391984],[-6.007942,37.392119],[-6.007942,37.392255],[-6.007771,37.39239],[-6.007771,37.392526],[-6.007771,37.392662],[-6.007771,37.392797],[-6.007771,37.392933],[-6.007771,37.393068],[-6.0076,37.393204],[-6.0076,37.39334],[-6.00743,37.39334],[-6.007259,37.393204],[-6.007088,37.393204],[-6.007088,37.39334],[-6.007259,37.393475],[-6.00743,37.393475],[-6.00743,37.393611],[-6.007259,37.393746],[-6.00743,37.393746],[-6.00743,37.393882],[-6.007259,37.393882],[-6.007259,37.394018],[-6.007259,37.394153],[-6.007259,37.394289],[-6.007088,37.394424],[-6.007088,37.394696],[-6.006918,37.394967],[-6.006747,37.394967],[-6.006747,37.395238],[-6.006747,37.395374],[-6.006576,37.395374],[-6.006405,37.395374],[-6.006235,37.395509],[-6.006405,37.395645],[-6.006405,37.39578],[-6.006405,37.395916],[-6.006064,37.396052],[-6.005893,37.396187],[-6.005723,37.396323],[-6.005723,37.396458],[-6.005552,37.396594],[-6.005381,37.39673],[-6.005381,37.396865],[-6.005211,37.396865],[-6.005211,37.397001],[-6.00504,37.397136],[-6.004869,37.397272],[-6.00504,37.397272],[-6.004869,37.397408],[-6.00504,37.397543],[-6.004869,37.397543],[-6.004869,37.397679],[-6.004699,37.397679],[-6.004528,37.397679],[-6.004528,37.397814],[-6.004357,37.39795],[-6.004187,37.39795],[-6.004187,37.398086],[-6.004357,37.398221],[-6.004187,37.398221],[-6.004187,37.398357],[-6.004016,37.398357],[-6.003845,37.398357],[-6.003845,37.398492],[-6.003675,37.398492],[-6.003504,37.398492],[-6.003504,37.398628],[-6.003333,37.398764],[-6.003333,37.398899],[-6.003163,37.398899],[-6.002992,37.39917],[-6.002821,37.399306],[-6.002821,37.399442],[-6.002651,37.399442],[-6.002651,37.399577],[-6.00248,37.399713],[-6.002651,37.399713],[-6.002651,37.399848],[-6.00248,37.399848],[-6.00248,37.399984],[-6.00248,37.400119],[-6.002309,37.400119],[-6.002309,37.400255],[-6.002138,37.400391],[-6.002138,37.400526],[-6.001968,37.400526],[-6.001968,37.400662],[-6.001797,37.400797],[-6.001797,37.400933],[-6.001626,37.401069],[-6.001626,37.401204],[-6.001456,37.401204],[-6.001456,37.40134],[-6.001285,37.40134],[-6.001285,37.401475],[-6.001114,37.401611],[-6.000944,37.401747],[-6.000944,37.401882],[-6.000773,37.401882],[-6.000773,37.402018],[-6.000602,37.402153],[-6.000602,37.402289],[-6.000432,37.402289],[-6.000261,37.402289],[-6.000261,37.402424],[-6.000261,37.40256],[-6.000261,37.402696],[-6.00009,37.402696],[-5.99992,37.402696],[-5.99992,37.402831],[-5.999749,37.402831],[-5.999749,37.402967],[-5.999578,37.402967],[-5.999578,37.403102],[-5.999408,37.403238],[-5.999408,37.403374],[-5.999237,37.403374],[-5.999066,37.403509],[-5.998896,37.403645],[-5.998896,37.40378],[-5.998896,37.403916],[-5.998725,37.403916],[-5.998725,37.404051],[-5.998725,37.404187],[-5.998554,37.404323],[-5.998384,37.404323],[-5.998384,37.404458],[-5.998213,37.404458],[-5.998042,37.404594],[-5.997871,37.404865],[-5.997701,37.404865],[-5.997701,37.405001],[-5.99753,37.405136],[-5.99753,37.405272],[-5.997359,37.405272],[-5.997359,37.405407],[-5.997359,37.405543],[-5.997189,37.405543],[-5.997189,37.405678],[-5.997018,37.405678],[-5.997018,37.405814],[-5.997018,37.40595],[-5.996847,37.406085],[-5.996847,37.406221],[-5.996677,37.406221],[-5.996677,37.406356],[-5.996506,37.406492],[-5.996677,37.406492],[-5.996677,37.406628],[-5.996506,37.406628],[-5.996335,37.406763],[-5.996165,37.406899],[-5.996165,37.407034],[-5.995994,37.40717],[-5.995823,37.407305],[-5.995823,37.407441],[-5.995653,37.407577],[-5.995482,37.407712],[-5.995482,37.407848],[-5.995311,37.407848],[-5.995311,37.407983],[-5.995141,37.408119],[-5.995141,37.408254],[-5.995141,37.40839],[-5.994799,37.408526],[-5.994799,37.408661],[-5.994629,37.408797],[-5.994629,37.408932],[-5.994117,37.409203],[-5.994117,37.409339],[-5.993946,37.409475],[-5.993946,37.40961],[-5.993604,37.409881],[-5.993434,37.410017],[-5.993434,37.410152],[-5.993263,37.410152],[-5.993263,37.410288],[-5.993092,37.410424],[-5.992922,37.410559],[-5.992922,37.410695],[-5.992751,37.41083],[-5.992751,37.410966],[-5.99258,37.411101],[-5.99258,37.411237],[-5.99241,37.411237],[-5.992239,37.411508],[-5.992239,37.411779],[-5.992068,37.411915],[-5.992068,37.41205],[-5.992068,37.412186],[-5.991898,37.412322],[-5.991727,37.412457],[-5.991727,37.412593],[-5.991556,37.412728],[-5.991556,37.412864],[-5.991556,37.412999],[-5.991556,37.413135],[-5.991386,37.413542],[-5.991386,37.413677],[-5.991386,37.413813],[-5.991215,37.413948],[-5.991215,37.414084],[-5.991215,37.41422],[-5.991215,37.414355],[-5.991044,37.414355],[-5.991044,37.414491],[-5.991044,37.414626],[-5.991044,37.414762],[-5.990874,37.414897],[-5.990874,37.415033],[-5.990191,37.416117],[-5.990191,37.416253],[-5.990191,37.416389],[-5.99002,37.416389],[-5.99002,37.416524],[-5.989679,37.417337],[-5.989679,37.417473],[-5.989679,37.417609],[-5.989508,37.417744],[-5.989508,37.41788],[-5.989508,37.418015],[-5.989508,37.418151],[-5.989337,37.418286],[-5.989508,37.418422],[-5.989337,37.418422],[-5.989337,37.418829],[-5.989337,37.418964],[-5.989337,37.4191],[-5.989337,37.419371],[-5.989337,37.419506],[-5.989337,37.419913],[-5.989337,37.420049],[-5.989337,37.420184],[-5.989337,37.42032],[-5.989337,37.420455],[-5.989508,37.420591],[-5.989508,37.420726],[-5.989508,37.420862],[-5.989679,37.420997],[-5.989508,37.420997],[-5.989508,37.421133],[-5.989508,37.421269],[-5.989679,37.421404],[-5.989679,37.42154],[-5.98985,37.421811],[-5.98985,37.421946],[-5.990362,37.42276],[-5.990532,37.42276],[-5.990532,37.422895],[-5.990532,37.423031],[-5.990703,37.423031],[-5.990703,37.423166],[-5.990874,37.423166],[-5.991727,37.423844],[-5.991898,37.42398],[-5.992068,37.424115],[-5.992239,37.424115],[-5.99241,37.424115],[-5.99241,37.424251],[-5.99258,37.424251],[-5.993092,37.424522],[-5.993263,37.424522],[-5.993263,37.424657],[-5.993604,37.424793],[-5.993775,37.424793],[-5.995311,37.425606],[-5.995311,37.425742],[-5.995311,37.425877],[-5.995311,37.426013],[-5.995311,37.426148],[-5.995141,37.426284],[-5.99497,37.426284],[-5.99497,37.426148],[-5.994799,37.426148],[-5.994799,37.426284],[-5.994287,37.426826],[-5.994117,37.426826],[-5.993946,37.426826],[-5.993775,37.42669],[-5.993604,37.42669],[-5.993434,37.426555],[-5.993263,37.426555],[-5.993092,37.426555],[-5.992922,37.426419],[-5.99258,37.426284],[-5.99241,37.426284],[-5.99241,37.426148],[-5.992239,37.426148],[-5.992239,37.426013],[-5.991898,37.425877],[-5.991727,37.425877],[-5.991727,37.425742],[-5.991556,37.425742],[-5.991386,37.425606],[-5.991215,37.425606],[-5.990874,37.425335],[-5.990703,37.425199],[-5.990532,37.425064],[-5.990362,37.424928],[-5.98985,37.424522],[-5.989679,37.424522],[-5.989679,37.424386],[-5.989508,37.424115],[-5.989337,37.42398],[-5.989337,37.423844],[-5.989167,37.423844],[-5.989167,37.423708],[-5.989167,37.423573],[-5.988996,37.423573],[-5.988996,37.423437],[-5.988996,37.423302],[-5.988825,37.423302],[-5.988825,37.423166],[-5.988825,37.423031],[-5.988655,37.422895],[-5.988655,37.42276],[-5.988484,37.422624],[-5.988484,37.422489],[-5.988313,37.422353],[-5.988313,37.422217],[-5.988143,37.422082],[-5.988313,37.422082],[-5.988143,37.421946],[-5.988143,37.421811],[-5.987972,37.421675],[-5.987972,37.42154],[-5.987972,37.421404],[-5.987972,37.421269],[-5.987972,37.421133],[-5.987972,37.420726],[-5.987801,37.420726],[-5.987801,37.420591],[-5.987801,37.420455],[-5.987801,37.42032],[-5.987801,37.419913],[-5.987801,37.419778],[-5.987801,37.419642],[-5.987801,37.419506],[-5.987631,37.419506],[-5.987801,37.418557],[-5.987801,37.418286],[-5.987801,37.418151],[-5.987972,37.41788],[-5.987972,37.417609],[-5.987972,37.417473],[-5.987972,37.417337],[-5.987972,37.417202],[-5.988143,37.417202],[-5.988143,37.417066],[-5.988143,37.416931],[-5.988143,37.416795],[-5.988143,37.41666],[-5.988143,37.416524],[-5.988313,37.416524],[-5.988313,37.416389],[-5.988313,37.416253],[-5.988313,37.416117],[-5.988313,37.415982],[-5.988484,37.415982],[-5.988484,37.415846],[-5.988484,37.415711],[-5.988484,37.415575],[-5.988655,37.415575],[-5.988655,37.41544],[-5.988655,37.415304],[-5.988655,37.415168],[-5.988655,37.415033],[-5.988825,37.415033],[-5.988825,37.414897],[-5.988825,37.414762],[-5.988825,37.414626],[-5.988825,37.414491],[-5.988996,37.414491],[-5.988996,37.414355],[-5.988996,37.41422],[-5.989167,37.414084],[-5.989337,37.414084],[-5.989337,37.413948],[-5.989508,37.413948],[-5.989508,37.413813],[-5.989508,37.413677],[-5.989679,37.413677],[-5.989679,37.413542],[-5.989679,37.413135],[-5.989679,37.412864],[-5.989679,37.412728],[-5.989679,37.412457],[-5.989679,37.412322],[-5.98985,37.412322],[-5.98985,37.412186],[-5.99002,37.412186],[-5.99002,37.41205],[-5.99002,37.411915],[-5.990191,37.411779],[-5.990362,37.411644],[-5.990362,37.411508],[-5.990703,37.411237],[-5.990703,37.411101],[-5.990703,37.410966],[-5.990874,37.41083],[-5.991044,37.410695],[-5.991044,37.410559],[-5.991215,37.410424],[-5.991386,37.410288],[-5.991386,37.410152],[-5.991556,37.410017],[-5.991556,37.409881],[-5.991727,37.409881],[-5.991727,37.409746],[-5.991898,37.409475],[-5.991898,37.409339],[-5.992239,37.409068],[-5.992239,37.408932],[-5.99258,37.408797],[-5.99258,37.408661],[-5.99258,37.408526],[-5.992751,37.40839],[-5.992922,37.408254],[-5.992922,37.408119],[-5.993092,37.407983],[-5.993092,37.407848],[-5.993263,37.407848],[-5.993263,37.407712],[-5.993434,37.407441],[-5.993604,37.407305],[-5.993604,37.40717],[-5.993775,37.40717],[-5.993775,37.406899],[-5.993946,37.406763],[-5.994287,37.406492],[-5.994287,37.406356],[-5.994458,37.406221],[-5.994458,37.406085],[-5.994629,37.406085],[-5.994629,37.40595],[-5.994799,37.405678],[-5.99497,37.405543],[-5.99497,37.405407],[-5.995141,37.405407],[-5.995141,37.405272],[-5.995653,37.404865],[-5.995823,37.404594],[-5.996335,37.404187],[-5.996335,37.404051],[-5.996506,37.403916],[-5.996506,37.40378],[-5.996677,37.40378],[-5.996847,37.403645],[-5.997018,37.403509],[-5.997018,37.403374],[-5.997189,37.403374],[-5.997189,37.403102],[-5.997359,37.403102],[-5.99753,37.402831],[-5.997701,37.402696],[-5.997701,37.40256],[-5.997871,37.40256],[-5.997871,37.402424],[-5.998042,37.402289],[-5.998213,37.402153],[-5.998384,37.402153],[-5.998384,37.402018],[-5.998384,37.401882],[-5.998554,37.401747],[-5.998725,37.401611],[-5.998725,37.401475],[-5.998896,37.401475],[-5.999066,37.40134],[-5.999066,37.401204],[-5.999578,37.400797],[-5.999578,37.400662],[-5.999749,37.400526],[-5.999749,37.400391],[-5.99992,37.400255],[-5.99992,37.400119],[-6.00009,37.400119],[-6.00009,37.399984],[-6.000261,37.399984],[-6.000432,37.399848],[-6.000432,37.399713],[-6.000602,37.399713],[-6.000602,37.399577],[-6.000602,37.399442],[-6.000773,37.399442],[-6.000773,37.399306],[-6.000944,37.399306],[-6.000944,37.39917],[-6.001114,37.39917],[-6.001114,37.399035],[-6.001114,37.398899],[-6.001285,37.398899],[-6.001285,37.398764],[-6.001626,37.398492],[-6.001968,37.398221],[-6.001968,37.398086],[-6.002138,37.39795],[-6.002309,37.397679],[-6.00248,37.397679],[-6.00248,37.397543],[-6.002651,37.397543],[-6.002651,37.397408],[-6.002651,37.397272],[-6.002821,37.397272],[-6.002821,37.397136],[-6.002992,37.397001],[-6.003163,37.396865],[-6.003163,37.39673],[-6.003333,37.39673],[-6.003333,37.396594],[-6.003675,37.396323],[-6.003675,37.396187],[-6.003845,37.396052],[-6.004016,37.395916],[-6.004187,37.395916],[-6.004187,37.395645],[-6.004528,37.395374],[-6.004528,37.395238],[-6.004699,37.395102],[-6.004699,37.394967],[-6.004869,37.394831],[-6.004869,37.394696],[-6.00504,37.39456],[-6.00504,37.394424],[-6.00504,37.394289],[-6.005211,37.394289],[-6.005211,37.394153],[-6.005211,37.394018],[-6.005211,37.393882],[-6.005381,37.393882],[-6.005381,37.393746],[-6.005381,37.393611],[-6.005381,37.393475],[-6.005552,37.39334],[-6.005552,37.393204],[-6.005552,37.393068],[-6.005723,37.392933],[-6.005723,37.392797],[-6.005552,37.392797],[-6.005552,37.392662],[-6.005723,37.392662],[-6.005723,37.392526],[-6.005723,37.39239],[-6.005723,37.392255],[-6.005723,37.392119],[-6.005723,37.391984],[-6.005723,37.391848],[-6.005723,37.391712],[-6.005723,37.391577],[-6.005893,37.391441],[-6.005893,37.391306],[-6.005893,37.39117],[-6.005893,37.391034],[-6.005893,37.390899],[-6.005723,37.390899],[-6.005723,37.390628],[-6.005552,37.390356],[-6.005552,37.390221],[-6.005552,37.390085],[-6.005552,37.38995],[-6.005381,37.38995],[-6.005381,37.389814],[-6.005381,37.389678],[-6.005381,37.389543],[-6.005211,37.389543],[-6.005211,37.389407],[-6.005211,37.389271],[-6.00504,37.389271],[-6.004869,37.389136],[-6.004528,37.388865],[-6.004528,37.388729],[-6.004357,37.388593],[-6.004187,37.388458],[-6.004016,37.388322],[-6.003675,37.388051],[-6.003504,37.387915],[-6.003504,37.38778],[-6.003333,37.38778],[-6.003163,37.387509],[-6.002992,37.387373],[-6.002821,37.387237],[-6.00248,37.386966],[-6.002138,37.38683],[-6.001968,37.386695],[-6.001797,37.386559],[-6.001626,37.386559],[-6.001114,37.386152],[-6.000944,37.386017],[-6.000773,37.385881],[-6.000602,37.385881],[-6.000602,37.385746],[-6.000432,37.385746],[-6.000432,37.38561],[-6.000261,37.38561],[-6.000261,37.385474],[-6.00009,37.385474],[-6.00009,37.385339],[-5.99992,37.385339],[-5.99992,37.385203],[-5.999749,37.385203],[-5.999749,37.385067],[-5.999578,37.385067],[-5.999578,37.384932],[-5.999408,37.384932],[-5.999408,37.384796],[-5.999237,37.384661],[-5.999066,37.384661],[-5.999066,37.384525],[-5.998896,37.384389],[-5.998725,37.384389],[-5.998725,37.384254],[-5.998554,37.384254],[-5.998554,37.384118],[-5.998213,37.383847],[-5.998042,37.383711],[-5.998042,37.383576],[-5.997871,37.383576],[-5.997871,37.38344],[-5.997701,37.383304],[-5.997701,37.383169],[-5.99753,37.383169],[-5.99753,37.383033],[-5.997359,37.383033],[-5.997359,37.382898],[-5.997189,37.382898],[-5.997189,37.382762],[-5.997018,37.382626],[-5.997018,37.382491],[-5.996847,37.382491],[-5.996847,37.382355],[-5.996677,37.382084],[-5.996506,37.382084],[-5.996506,37.381948],[-5.996335,37.381948],[-5.996335,37.381813],[-5.996165,37.381541],[-5.995994,37.381541],[-5.995653,37.381134],[-5.995653,37.380999],[-5.995482,37.380999],[-5.995482,37.380863],[-5.995311,37.380728],[-5.995311,37.380592],[-5.995141,37.380592],[-5.995141,37.380456],[-5.995141,37.380321],[-5.99497,37.380321],[-5.994799,37.379914],[-5.994629,37.379914],[-5.994629,37.379778],[-5.994629,37.379643],[-5.994458,37.379643],[-5.994458,37.379507],[-5.994458,37.379371],[-5.994287,37.379371],[-5.994287,37.379236],[-5.994287,37.3791],[-5.994117,37.378964],[-5.994117,37.378829],[-5.993946,37.378693],[-5.993946,37.378557],[-5.993775,37.378422],[-5.993775,37.378286],[-5.993775,37.378151],[-5.993604,37.378151],[-5.993604,37.378015],[-5.993434,37.377879],[-5.993263,37.377608],[-5.993263,37.377472],[-5.993263,37.377337],[-5.993092,37.377201],[-5.993092,37.377066],[-5.993092,37.37693],[-5.992922,37.376794],[-5.992751,37.376116],[-5.99258,37.376116],[-5.99258,37.37598],[-5.99258,37.375845],[-5.99258,37.375709],[-5.99241,37.375709],[-5.99241,37.375574],[-5.99241,37.375438],[-5.99241,37.375167],[-5.99241,37.375031],[-5.992239,37.375031],[-5.992239,37.37476],[-5.992239,37.374624],[-5.992239,37.374353],[-5.992239,37.374217],[-5.992239,37.373946],[-5.992239,37.37381],[-5.992068,37.373675],[-5.992068,37.373539],[-5.992068,37.373403],[-5.992068,37.373268],[-5.992068,37.373132],[-5.992068,37.372996],[-5.992068,37.372861],[-5.992068,37.372725],[-5.991898,37.37259],[-5.991898,37.372318],[-5.991898,37.372183],[-5.991898,37.371911],[-5.991898,37.371776],[-5.991898,37.37164],[-5.991898,37.371504],[-5.991727,37.371233],[-5.991727,37.370962],[-5.991727,37.370826],[-5.991727,37.370555],[-5.991727,37.370419],[-5.991727,37.370148],[-5.991556,37.370148],[-5.991556,37.369877],[-5.991556,37.369741],[-5.991556,37.36947],[-5.991556,37.369198],[-5.991556,37.369063],[-5.991556,37.368927],[-5.991556,37.368792],[-5.991556,37.36852],[-5.991556,37.368385],[-5.991556,37.368249],[-5.991727,37.368113],[-5.991556,37.368113],[-5.991727,37.367842],[-5.991727,37.367706],[-5.991727,37.367571],[-5.991727,37.367435],[-5.991727,37.367299],[-5.991727,37.367028],[-5.991727,37.366757],[-5.991727,37.366486],[-5.991727,37.366214],[-5.991727,37.365943],[-5.991727,37.365672],[-5.991727,37.3654],[-5.991727,37.364993],[-5.991727,37.364858],[-5.991727,37.364315],[-5.991898,37.364044],[-5.991898,37.363772],[-5.991898,37.363501],[-5.991898,37.363365],[-5.991898,37.36323],[-5.991898,37.362958],[-5.991898,37.362687],[-5.991898,37.362145],[-5.991898,37.361466],[-5.991898,37.360381],[-5.991898,37.360245],[-5.992068,37.359974],[-5.992068,37.359703],[-5.992068,37.359431],[-5.992068,37.35916],[-5.992068,37.358889],[-5.992068,37.358753],[-5.992068,37.358617],[-5.992068,37.35821],[-5.992068,37.357668],[-5.992068,37.357396],[-5.992068,37.357125],[-5.992068,37.356854],[-5.992068,37.356718],[-5.992068,37.356311],[-5.992068,37.356175],[-5.992068,37.355904],[-5.992068,37.355633],[-5.992068,37.355361],[-5.992068,37.355226],[-5.992239,37.35509],[-5.992239,37.354819],[-5.992239,37.354683],[-5.992239,37.354547],[-5.992239,37.354412],[-5.992239,37.354276],[-5.992239,37.353869],[-5.992239,37.353733],[-5.992239,37.353598],[-5.992239,37.353326],[-5.992239,37.353191],[-5.992239,37.352919],[-5.992239,37.352783],[-5.992239,37.352648],[-5.99241,37.352376],[-5.99241,37.352105],[-5.99241,37.351969],[-5.99241,37.351834],[-5.99241,37.351698],[-5.99258,37.351698],[-5.99258,37.351562],[-5.99258,37.351291],[-5.99258,37.350884],[-5.99258,37.350748],[-5.99258,37.350613],[-5.99241,37.350341],[-5.99241,37.350206],[-5.99241,37.349663],[-5.99241,37.349392],[-5.99241,37.349256],[-5.99241,37.34912],[-5.99241,37.348849],[-5.99241,37.348577],[-5.99241,37.348442],[-5.99241,37.34817],[-5.99241,37.348035],[-5.99241,37.347899],[-5.99258,37.347763],[-5.99258,37.347628],[-5.99258,37.347492],[-5.99258,37.347356],[-5.99258,37.347221],[-5.99258,37.347085],[-5.992751,37.346949],[-5.992751,37.346814],[-5.992751,37.346678],[-5.992751,37.346542],[-5.992751,37.346406],[-5.992751,37.346271],[-5.992751,37.346135],[-5.992751,37.345999],[-5.992751,37.345864],[-5.992751,37.345728],[-5.992922,37.345592],[-5.992922,37.345457],[-5.992922,37.345321],[-5.992922,37.345185],[-5.992751,37.345185],[-5.992751,37.344914],[-5.992751,37.344778],[-5.992751,37.344642],[-5.992751,37.344235],[-5.992922,37.3441],[-5.992922,37.343964],[-5.992922,37.343693],[-5.992922,37.343557],[-5.992922,37.343421],[-5.992922,37.343286],[-5.992922,37.34315],[-5.992751,37.343014],[-5.992751,37.342878],[-5.992751,37.342743],[-5.992751,37.342607],[-5.992751,37.342471],[-5.992751,37.342336],[-5.992751,37.3422],[-5.992751,37.342064],[-5.992751,37.341929],[-5.992751,37.341793],[-5.992922,37.341793],[-5.992922,37.341657],[-5.992922,37.341522],[-5.993092,37.341522],[-5.993092,37.341386],[-5.992922,37.341386],[-5.992922,37.34125],[-5.993092,37.34125],[-5.992922,37.340979],[-5.992922,37.340843],[-5.993092,37.340843],[-5.993263,37.340843],[-5.993092,37.340707],[-5.992922,37.340707],[-5.992922,37.340572],[-5.992922,37.3403],[-5.992922,37.340165],[-5.992922,37.340029],[-5.992922,37.339893],[-5.993092,37.339757],[-5.992922,37.339622],[-5.992922,37.339486],[-5.992922,37.33935],[-5.993092,37.339215],[-5.992922,37.338943],[-5.992922,37.338808],[-5.992922,37.338672],[-5.992922,37.338536],[-5.992922,37.3384],[-5.992922,37.338265],[-5.993092,37.338265],[-5.993092,37.338129],[-5.993092,37.337993],[-5.993092,37.337858],[-5.993092,37.337722],[-5.993092,37.337586],[-5.993092,37.337451],[-5.993092,37.337315],[-5.993263,37.337179],[-5.993092,37.337179],[-5.993092,37.337043],[-5.993092,37.336908],[-5.993092,37.336636],[-5.992922,37.336501],[-5.993092,37.336365],[-5.993092,37.336229],[-5.993092,37.336093],[-5.992922,37.335958],[-5.992922,37.335822],[-5.992751,37.335551],[-5.992751,37.335415],[-5.992751,37.335279],[-5.99258,37.335279],[-5.99258,37.335144],[-5.99258,37.335008],[-5.99241,37.334872],[-5.99241,37.334736],[-5.99241,37.334601],[-5.99241,37.334465],[-5.99241,37.334329],[-5.992239,37.334194],[-5.992068,37.334058],[-5.992068,37.333786],[-5.991898,37.333651],[-5.991898,37.333515],[-5.991727,37.333379],[-5.991898,37.333244],[-5.991727,37.333108],[-5.991727,37.332972],[-5.991727,37.332836],[-5.991556,37.332836],[-5.991556,37.332701],[-5.991386,37.332701],[-5.991386,37.332565],[-5.991386,37.332429],[-5.991386,37.332294],[-5.991215,37.332158],[-5.991215,37.331886],[-5.991215,37.331751],[-5.991044,37.331615],[-5.991215,37.331615],[-5.991044,37.331479],[-5.991044,37.331344],[-5.991044,37.331208],[-5.990874,37.331072],[-5.990874,37.330936],[-5.990874,37.330801],[-5.990874,37.330665],[-5.990874,37.330394],[-5.990703,37.330394],[-5.990703,37.330258],[-5.990703,37.329851],[-5.990532,37.329851],[-5.990532,37.329715],[-5.990532,37.329579],[-5.990532,37.329444],[-5.990532,37.329308],[-5.990362,37.329172],[-5.990362,37.328901],[-5.990362,37.328765],[-5.990362,37.328629],[-5.990362,37.328358],[-5.990191,37.328222],[-5.990191,37.327951],[-5.99002,37.327951],[-5.990191,37.327815],[-5.99002,37.327815],[-5.99002,37.327679],[-5.99002,37.327544],[-5.99002,37.327408],[-5.99002,37.327136],[-5.99002,37.327001],[-5.98985,37.327001],[-5.98985,37.326865],[-5.98985,37.326729],[-5.98985,37.326593],[-5.989679,37.326458],[-5.989679,37.326322],[-5.989679,37.326051],[-5.989508,37.325915],[-5.989508,37.325779],[-5.989508,37.325508],[-5.989508,37.325236],[-5.989337,37.325236],[-5.989508,37.3251],[-5.989337,37.3251],[-5.989337,37.324693],[-5.989167,37.324558],[-5.989167,37.324422],[-5.989167,37.324286],[-5.989167,37.32415],[-5.989167,37.324015],[-5.989167,37.323879],[-5.988996,37.323743],[-5.988996,37.323607],[-5.988996,37.323472],[-5.988996,37.323336],[-5.988825,37.322793],[-5.988825,37.322657],[-5.988825,37.322522],[-5.988825,37.32225],[-5.988825,37.322114],[-5.988996,37.321979],[-5.988996,37.321843],[-5.988996,37.321707],[-5.989167,37.321707],[-5.989167,37.321572],[-5.989167,37.321436],[-5.989337,37.321436],[-5.989337,37.3213],[-5.989508,37.321164],[-5.989508,37.321029],[-5.989679,37.320893],[-5.989679,37.320757],[-5.989679,37.320621],[-5.98985,37.320621],[-5.98985,37.320486],[-5.98985,37.32035],[-5.99002,37.32035],[-5.99002,37.320214],[-5.990191,37.320078],[-5.990191,37.319943],[-5.990191,37.319807],[-5.990362,37.319807],[-5.990362,37.319671],[-5.990362,37.319536],[-5.990532,37.3194],[-5.990703,37.319128],[-5.990703,37.318993],[-5.990874,37.318993],[-5.990874,37.318857],[-5.990874,37.318721],[-5.991044,37.318585],[-5.991215,37.31845],[-5.991386,37.318178],[-5.991386,37.318042],[-5.991556,37.317907],[-5.991556,37.317771],[-5.991556,37.317635],[-5.991727,37.317635],[-5.991727,37.317499],[-5.991898,37.317228],[-5.992068,37.317228],[-5.992068,37.317092],[-5.992068,37.316956],[-5.992068,37.316821],[-5.992239,37.316685],[-5.99241,37.316549],[-5.99241,37.316414],[-5.99258,37.316278],[-5.99258,37.316142],[-5.992751,37.316006],[-5.992751,37.315871],[-5.992922,37.315735],[-5.992922,37.315599],[-5.993092,37.315599],[-5.993092,37.315463],[-5.993263,37.315463],[-5.993434,37.315463],[-5.993604,37.315599],[-5.993775,37.315599],[-5.993946,37.315599],[-5.994117,37.315735],[-5.994117,37.315871],[-5.994287,37.315871],[-5.994287,37.316006],[-5.994458,37.316006],[-5.994629,37.316006],[-5.994799,37.316142],[-5.994799,37.316278],[-5.99497,37.316549],[-5.994799,37.316549],[-5.994629,37.316685],[-5.994629,37.316821],[-5.994629,37.316956],[-5.994458,37.317092],[-5.994458,37.317228],[-5.994287,37.317364],[-5.994287,37.317499],[-5.994287,37.317635],[-5.994117,37.317635],[-5.994117,37.317771],[-5.994117,37.317907],[-5.993946,37.317907],[-5.993946,37.318042],[-5.993946,37.318178],[-5.993946,37.318314],[-5.993775,37.31845],[-5.993775,37.318585],[-5.993775,37.318721],[-5.993604,37.318857],[-5.993604,37.318993],[-5.993604,37.319128],[-5.993434,37.319264],[-5.993434,37.3194],[-5.993434,37.319536],[-5.993263,37.319807],[-5.993263,37.319943],[-5.993092,37.320078],[-5.993092,37.320214],[-5.993092,37.32035],[-5.993092,37.320486],[-5.993092,37.320621],[-5.992922,37.320757],[-5.992922,37.321029],[-5.992922,37.3213],[-5.992751,37.3213],[-5.992751,37.321436],[-5.992751,37.321572],[-5.992751,37.321707],[-5.992751,37.321979],[-5.992751,37.322114],[-5.99258,37.322114],[-5.99258,37.322386],[-5.99258,37.322522],[-5.99258,37.322657],[-5.99258,37.322793],[-5.99241,37.323065],[-5.99241,37.3232],[-5.99241,37.323336],[-5.99241,37.323743],[-5.99241,37.323879],[-5.99241,37.324015],[-5.99241,37.32415],[-5.99241,37.324422],[-5.992239,37.324693],[-5.992239,37.325372],[-5.992239,37.325508],[-5.992239,37.325779],[-5.992239,37.326186],[-5.992239,37.326458],[-5.992239,37.326593],[-5.992239,37.326729],[-5.99241,37.326865],[-5.99241,37.327001],[-5.99258,37.327136],[-5.992751,37.327272],[-5.992922,37.327272],[-5.993092,37.327408],[-5.993263,37.327408],[-5.993434,37.327408],[-5.993775,37.327408],[-5.993946,37.327408],[-5.994117,37.327408],[-5.994287,37.327272],[-5.994287,37.327136],[-5.994458,37.327136],[-5.994458,37.327001],[-5.994458,37.326865],[-5.994629,37.326729],[-5.994629,37.326593],[-5.994799,37.326593],[-5.994799,37.326458],[-5.994799,37.326322],[-5.99497,37.326186],[-5.99497,37.326051],[-5.995141,37.325915],[-5.995141,37.325779],[-5.995141,37.325643],[-5.995311,37.325508],[-5.995482,37.325372],[-5.995482,37.325236],[-5.995482,37.3251],[-5.995482,37.324965],[-5.995653,37.324829],[-5.995653,37.324693],[-5.995653,37.324558],[-5.995823,37.324558],[-5.995823,37.324422],[-5.995823,37.324286],[-5.995994,37.324286],[-5.995994,37.32415],[-5.995994,37.324015],[-5.996165,37.323879],[-5.996165,37.323743],[-5.996165,37.323607],[-5.996165,37.323472],[-5.996335,37.323336],[-5.996506,37.3232],[-5.996506,37.323065],[-5.996677,37.323065],[-5.996677,37.322929],[-5.996847,37.322793],[-5.997018,37.322657],[-5.997018,37.322522],[-5.997018,37.322386],[-5.997018,37.32225],[-5.997189,37.32225],[-5.997189,37.322114],[-5.997189,37.321979],[-5.997359,37.321979],[-5.997359,37.321843],[-5.997359,37.321707],[-5.99753,37.321572],[-5.997701,37.321572],[-5.997701,37.321436],[-5.997871,37.321436],[-5.997871,37.3213],[-5.998042,37.3213],[-5.998042,37.321164],[-5.998042,37.321029],[-5.998213,37.320893],[-5.998213,37.320757],[-5.998384,37.320757],[-5.998384,37.320621],[-5.998554,37.320486],[-5.998725,37.32035],[-5.998725,37.320214],[-5.998896,37.320078],[-5.999066,37.319943],[-5.999066,37.319807],[-5.999237,37.319671],[-5.999237,37.319536],[-5.999408,37.319536],[-5.999578,37.3194],[-5.999408,37.3194],[-5.999578,37.319264],[-5.999578,37.319128],[-5.999749,37.319128],[-5.999749,37.318993],[-5.99992,37.318857],[-5.99992,37.318721],[-6.00009,37.318585],[-6.00009,37.31845],[-6.00009,37.318314],[-6.00009,37.318178],[-5.999578,37.318178],[-5.998725,37.318178],[-5.998554,37.318178],[-5.998384,37.318178],[-5.998384,37.318314],[-5.998213,37.318314],[-5.998042,37.318314],[-5.998042,37.31845],[-5.997871,37.31845],[-5.997701,37.31845],[-5.997701,37.318314],[-5.997871,37.318314],[-5.997871,37.318178],[-5.998042,37.318178],[-5.998042,37.318042],[-5.997871,37.318042],[-5.996847,37.317635],[-5.996847,37.317499],[-5.996677,37.317499],[-5.996506,37.317499],[-5.996506,37.317364],[-5.996335,37.317364],[-5.996165,37.317364],[-5.996165,37.317228],[-5.995994,37.317228],[-5.995823,37.317228],[-5.995823,37.317092],[-5.995653,37.317092],[-5.995653,37.316956],[-5.995653,37.316821],[-5.995823,37.316821],[-5.995823,37.316685],[-5.995994,37.316685],[-5.996165,37.316685],[-5.996335,37.316821],[-5.996335,37.316685],[-5.996506,37.316685],[-5.996506,37.316821],[-5.996506,37.316956],[-5.996677,37.316956],[-5.996847,37.316956],[-5.996847,37.317092],[-5.997018,37.317092],[-5.997189,37.317092],[-5.997189,37.317228],[-5.997359,37.317228],[-5.997359,37.317364],[-5.99753,37.317364],[-5.997701,37.317364],[-5.997701,37.317499],[-5.997871,37.317499],[-5.998042,37.317499],[-5.998042,37.317635],[-5.998213,37.317635],[-5.998384,37.317635],[-5.998554,37.317635],[-5.998725,37.317635],[-5.998896,37.317635],[-5.999066,37.317771],[-5.999408,37.317771],[-5.999578,37.317771],[-5.999749,37.317771],[-6.00009,37.317771],[-6.000261,37.317771],[-6.000432,37.317635],[-6.000602,37.317635],[-6.000773,37.317635],[-6.000773,37.317499],[-6.000944,37.317499],[-6.000944,37.317364],[-6.000773,37.317364],[-6.000602,37.317364],[-6.000602,37.317228],[-6.00009,37.317228],[-6.00009,37.317364],[-5.99992,37.317364],[-5.999749,37.317364],[-5.999578,37.317364],[-5.999578,37.317228],[-5.999749,37.317228],[-5.99992,37.317228],[-5.99992,37.317092],[-6.00009,37.317092],[-6.000261,37.317092],[-6.000432,37.317092],[-6.000773,37.317092],[-6.000773,37.316956],[-6.000944,37.316956],[-6.001114,37.316956],[-6.001285,37.316956],[-6.001456,37.316956],[-6.001626,37.316956],[-6.001797,37.317092],[-6.001968,37.317092],[-6.001968,37.316956],[-6.001968,37.316821],[-6.002138,37.316821],[-6.002138,37.316685],[-6.002309,37.316549],[-6.00248,37.316549],[-6.002651,37.316549],[-6.002992,37.316549],[-6.003163,37.316549],[-6.003333,37.316549],[-6.003504,37.316549],[-6.003845,37.316549],[-6.003845,37.316414],[-6.004016,37.316414],[-6.004187,37.316549],[-6.004528,37.316414],[-6.004699,37.316414],[-6.004869,37.316414],[-6.004869,37.316278],[-6.00504,37.316278],[-6.005211,37.316278],[-6.005381,37.316278],[-6.005552,37.316278],[-6.005723,37.316278],[-6.006235,37.316278],[-6.006405,37.316278],[-6.006235,37.316142],[-6.006235,37.316006],[-6.006405,37.316006],[-6.006405,37.316142],[-6.008112,37.315735],[-6.009136,37.315328],[-6.009307,37.315192],[-6.009478,37.315192],[-6.009648,37.315056],[-6.009819,37.315192],[-6.00999,37.315056],[-6.010331,37.31492],[-6.010672,37.314785],[-6.010672,37.314649],[-6.011014,37.314513],[-6.011185,37.314513],[-6.011355,37.314377],[-6.011526,37.314242],[-6.011697,37.314242],[-6.011697,37.314106],[-6.011867,37.314106],[-6.012038,37.31397],[-6.012209,37.31397],[-6.012379,37.31397],[-6.01255,37.31397],[-6.012891,37.313834],[-6.013062,37.313834],[-6.013233,37.313834],[-6.013233,37.313699],[-6.013403,37.313699],[-6.013574,37.313563],[-6.013745,37.313563],[-6.013915,37.313427],[-6.014086,37.313291],[-6.014257,37.313291],[-6.014257,37.313156],[-6.014427,37.31302],[-6.014427,37.312884],[-6.014427,37.312748],[-6.014257,37.312748],[-6.014257,37.312613],[-6.014257,37.312477],[-6.014427,37.312613],[-6.014598,37.312748],[-6.015452,37.31207],[-6.015964,37.311662],[-6.016305,37.311391],[-6.016476,37.311255],[-6.016305,37.311119],[-6.016476,37.311119],[-6.016476,37.310984],[-6.016646,37.310848],[-6.016817,37.310848],[-6.016817,37.310712],[-6.016988,37.310576],[-6.016988,37.310441],[-6.017329,37.310441],[-6.01767,37.310441],[-6.017841,37.310441],[-6.018012,37.310441],[-6.018182,37.310305],[-6.017841,37.310169],[-6.01767,37.310305],[-6.01767,37.310169],[-6.013574,37.309219],[-6.013574,37.309083],[-6.013745,37.309083],[-6.013915,37.309219],[-6.014086,37.309219],[-6.014257,37.309219],[-6.014427,37.309219],[-6.014427,37.309355],[-6.014598,37.309355],[-6.014769,37.309355],[-6.014939,37.309355],[-6.014939,37.30949],[-6.01511,37.30949],[-6.015281,37.30949],[-6.015452,37.30949],[-6.015622,37.309626],[-6.015793,37.309626],[-6.015964,37.309626],[-6.016134,37.309762],[-6.016305,37.309762],[-6.016476,37.309762],[-6.016646,37.309762],[-6.016817,37.309762],[-6.016817,37.309898],[-6.016988,37.309898],[-6.017158,37.309762],[-6.017158,37.309898],[-6.017329,37.309898],[-6.017329,37.310033],[-6.0175,37.309898],[-6.01767,37.309762],[-6.018182,37.309898],[-6.017841,37.310033],[-6.018012,37.310033],[-6.018012,37.310169],[-6.018182,37.310169],[-6.018353,37.309898],[-6.018524,37.309762],[-6.018353,37.309762],[-6.018012,37.309219],[-6.018182,37.308812],[-6.0175,37.308676],[-6.016988,37.30854],[-6.016817,37.308133],[-6.016305,37.307997],[-6.016134,37.307861],[-6.015964,37.308133],[-6.015793,37.308269],[-6.01511,37.30854],[-6.014427,37.30854],[-6.014086,37.308269],[-6.014257,37.307861],[-6.014598,37.307861],[-6.01511,37.307454],[-6.015452,37.307183],[-6.015964,37.306911],[-6.016134,37.306911],[-6.016305,37.306639],[-6.016646,37.306368],[-6.016817,37.306368],[-6.016988,37.306368],[-6.016988,37.306504],[-6.017158,37.306504],[-6.017158,37.306368],[-6.017329,37.306504],[-6.017329,37.306639],[-6.017158,37.306639],[-6.017329,37.306775],[-6.0175,37.306775],[-6.0175,37.306911],[-6.0175,37.307047],[-6.01767,37.307047],[-6.018012,37.307318],[-6.018182,37.307318],[-6.018353,37.307318],[-6.018524,37.307183],[-6.018694,37.306911],[-6.018865,37.306911],[-6.018865,37.306775],[-6.018865,37.306639],[-6.018694,37.306639],[-6.018694,37.306504],[-6.018524,37.306504],[-6.018524,37.306368],[-6.018353,37.306504],[-6.018353,37.306368],[-6.018182,37.306368],[-6.018012,37.306368],[-6.01767,37.306504],[-6.0175,37.306368],[-6.017329,37.306368],[-6.017329,37.306096],[-6.0175,37.306096],[-6.017841,37.306096],[-6.018012,37.305825],[-6.018182,37.305553],[-6.018694,37.305553],[-6.019036,37.305282],[-6.019206,37.304875],[-6.019719,37.304875],[-6.019889,37.304603],[-6.019889,37.304332],[-6.019548,37.304332],[-6.019377,37.304196],[-6.018865,37.303788],[-6.018353,37.303517],[-6.018865,37.302838],[-6.019206,37.302702],[-6.020401,37.302702],[-6.021255,37.302702],[-6.021767,37.303245],[-6.021767,37.303381],[-6.022791,37.303653],[-6.023132,37.303517],[-6.023303,37.303517],[-6.023473,37.303517],[-6.023303,37.303381],[-6.023815,37.302974],[-6.024156,37.30311],[-6.024327,37.302974],[-6.024498,37.302974],[-6.024498,37.302838],[-6.024668,37.302838],[-6.024839,37.302838],[-6.024839,37.302702],[-6.02501,37.302702],[-6.02518,37.302702],[-6.02518,37.302567],[-6.025351,37.302567],[-6.025522,37.302567],[-6.025522,37.302431],[-6.025692,37.302431],[-6.025863,37.302295],[-6.026034,37.302295],[-6.026204,37.302159],[-6.026546,37.302159],[-6.026546,37.302024],[-6.026716,37.302024],[-6.026887,37.301888],[-6.027058,37.301888],[-6.027058,37.301752],[-6.027228,37.301616],[-6.028765,37.300394],[-6.029959,37.300123],[-6.03013,37.299987],[-6.030983,37.29958],[-6.031495,37.299172],[-6.032178,37.298901],[-6.032178,37.298765],[-6.032349,37.298765],[-6.032349,37.298629],[-6.03252,37.298493],[-6.03252,37.298358],[-6.032349,37.298358],[-6.032349,37.298222],[-6.032349,37.298086],[-6.032349,37.29795],[-6.03252,37.29795],[-6.03269,37.297815],[-6.032861,37.297815],[-6.032861,37.297679],[-6.033032,37.297679],[-6.033202,37.297543],[-6.033202,37.297407],[-6.033202,37.297271],[-6.033373,37.297136],[-6.033373,37.297],[-6.033373,37.296728],[-6.033544,37.296728],[-6.033544,37.296593],[-6.033714,37.296457],[-6.033885,37.296457],[-6.034056,37.296321],[-6.034226,37.296321],[-6.034397,37.296185],[-6.034568,37.296321],[-6.034568,37.296457],[-6.034568,37.296593],[-6.034738,37.296728],[-6.034568,37.296864],[-6.034738,37.297],[-6.034738,37.297136],[-6.034738,37.297271],[-6.034909,37.297407],[-6.03508,37.297407],[-6.03525,37.297271],[-6.03525,37.297407],[-6.03525,37.297543],[-6.03525,37.297679],[-6.03525,37.297815],[-6.03508,37.297815],[-6.03508,37.29795],[-6.03508,37.298086],[-6.034909,37.298222],[-6.03508,37.298358],[-6.035421,37.298358],[-6.035933,37.298222],[-6.035933,37.298086],[-6.036104,37.298086],[-6.036274,37.298086],[-6.036616,37.297679],[-6.036616,37.297543],[-6.036787,37.297543],[-6.036957,37.297543],[-6.036957,37.297407],[-6.037128,37.297407],[-6.036957,37.297271],[-6.036616,37.297271],[-6.036616,37.296728],[-6.037299,37.296728],[-6.037299,37.296593],[-6.037469,37.296593],[-6.03764,37.296593],[-6.037811,37.296593],[-6.037981,37.296593],[-6.037981,37.296457],[-6.038152,37.296457],[-6.038323,37.296457],[-6.038493,37.296457],[-6.038664,37.296321],[-6.038835,37.296321],[-6.039005,37.296457],[-6.039176,37.296593],[-6.039347,37.296593],[-6.039688,37.296457],[-6.039859,37.296457],[-6.040029,37.296457],[-6.0402,37.296321],[-6.040883,37.295778],[-6.041224,37.295506],[-6.041224,37.295371],[-6.041395,37.295371],[-6.041395,37.295235],[-6.041566,37.295099],[-6.041736,37.295099],[-6.042419,37.29442],[-6.042419,37.294284],[-6.04259,37.294284],[-6.04259,37.294149],[-6.04276,37.294149],[-6.04276,37.294013],[-6.04259,37.293605],[-6.04259,37.293334],[-6.04276,37.293334],[-6.042931,37.293198],[-6.043102,37.293062],[-6.043102,37.292927],[-6.042931,37.292519],[-6.043102,37.29184],[-6.043272,37.291704],[-6.043443,37.291569],[-6.043443,37.291297],[-6.043102,37.291026],[-6.04276,37.291026],[-6.04259,37.291026],[-6.04259,37.29089],[-6.042419,37.29089],[-6.042248,37.29089],[-6.042078,37.29089],[-6.041907,37.290754],[-6.041736,37.290754],[-6.041566,37.290754],[-6.041566,37.290618],[-6.041395,37.290482],[-6.041224,37.290482],[-6.040712,37.290347],[-6.040712,37.290211],[-6.040883,37.290211],[-6.041224,37.290211],[-6.041054,37.290075],[-6.040883,37.290075],[-6.040883,37.289939],[-6.040712,37.289803],[-6.040541,37.289803],[-6.040371,37.289668],[-6.040541,37.289668],[-6.040712,37.289668],[-6.040883,37.289803],[-6.041224,37.289939],[-6.041224,37.290075],[-6.041395,37.290075],[-6.041566,37.290211],[-6.044808,37.290075],[-6.044808,37.289803],[-6.044808,37.289668],[-6.044808,37.289396],[-6.044979,37.289396],[-6.044979,37.289124],[-6.044979,37.288989],[-6.044979,37.288853],[-6.044979,37.288717],[-6.044979,37.288446],[-6.044979,37.288174],[-6.044979,37.288038],[-6.04515,37.287902],[-6.04515,37.287767],[-6.045321,37.287631],[-6.045321,37.287495],[-6.045321,37.287359],[-6.045321,37.287223],[-6.045321,37.287088],[-6.045321,37.286816],[-6.045321,37.28668],[-6.045491,37.286544],[-6.045491,37.286409],[-6.045662,37.286137],[-6.045662,37.286001],[-6.045662,37.285865],[-6.045662,37.28573],[-6.045662,37.285594],[-6.045662,37.285458],[-6.045662,37.285322],[-6.045833,37.285322],[-6.045833,37.285051],[-6.045833,37.284915],[-6.045833,37.284779],[-6.045833,37.284643],[-6.046003,37.284507],[-6.046003,37.284372],[-6.046003,37.284236],[-6.046003,37.2841],[-6.045833,37.2841],[-6.045833,37.283964],[-6.046003,37.283964],[-6.046003,37.283828],[-6.046003,37.283693],[-6.046174,37.283557],[-6.046174,37.283285],[-6.046003,37.283285],[-6.045833,37.283285],[-6.045662,37.283014],[-6.04515,37.282878],[-6.044808,37.282606],[-6.044638,37.282606],[-6.044638,37.28247],[-6.044467,37.28247],[-6.044126,37.282335],[-6.044126,37.282199],[-6.043955,37.281927],[-6.043784,37.281791],[-6.043784,37.281656],[-6.043955,37.281656],[-6.044126,37.28152],[-6.044296,37.28152],[-6.044467,37.281656],[-6.044638,37.281791],[-6.044808,37.281791],[-6.044979,37.281791],[-6.044979,37.281927],[-6.04515,37.281927],[-6.04515,37.282063],[-6.045321,37.282063],[-6.045491,37.282063],[-6.045662,37.282199],[-6.045833,37.282335],[-6.046003,37.28247],[-6.046345,37.282606],[-6.046345,37.282742],[-6.046345,37.282878],[-6.046515,37.282878],[-6.046515,37.282742],[-6.046686,37.282606],[-6.046857,37.282335],[-6.046857,37.282199],[-6.046857,37.281927],[-6.046857,37.281656],[-6.046857,37.28152],[-6.047027,37.281384],[-6.047027,37.281248],[-6.047027,37.281112],[-6.047027,37.280977],[-6.047198,37.280977],[-6.047198,37.280841],[-6.047198,37.280705],[-6.047198,37.280569],[-6.047198,37.280433],[-6.047369,37.280162],[-6.047539,37.280162],[-6.047539,37.280026],[-6.047539,37.27989],[-6.047539,37.279754],[-6.04771,37.279619],[-6.04771,37.279483],[-6.04771,37.279347],[-6.047539,37.279211],[-6.047539,37.279075],[-6.047369,37.279075],[-6.047027,37.278804],[-6.046857,37.278668],[-6.046857,37.278532],[-6.046857,37.278396],[-6.046686,37.27826],[-6.046686,37.278125],[-6.046686,37.277989],[-6.046515,37.277989],[-6.046515,37.277853],[-6.046515,37.277717],[-6.047027,37.277989],[-6.047198,37.277989],[-6.047369,37.278125],[-6.047369,37.27826],[-6.047539,37.27826],[-6.047539,37.278125],[-6.04771,37.27826],[-6.04771,37.278125],[-6.047881,37.278125],[-6.048051,37.277989],[-6.048051,37.277853],[-6.047881,37.277717],[-6.04771,37.277581],[-6.047369,37.277581],[-6.047027,37.27731],[-6.046857,37.277038],[-6.046857,37.276902],[-6.046686,37.276902],[-6.046686,37.276766],[-6.046515,37.276631],[-6.046345,37.276631],[-6.046174,37.276495],[-6.046003,37.276495],[-6.046003,37.276359],[-6.045833,37.276359],[-6.045662,37.276223],[-6.045662,37.276087],[-6.045662,37.275952],[-6.045833,37.275816],[-6.046003,37.275544],[-6.046174,37.275408],[-6.046345,37.275544],[-6.046515,37.275544],[-6.046515,37.27568],[-6.046686,37.27568],[-6.046857,37.275816],[-6.047027,37.275816],[-6.047369,37.275952],[-6.047539,37.276087],[-6.04771,37.276087],[-6.04771,37.276223],[-6.047881,37.276223],[-6.048051,37.276359],[-6.048222,37.276359],[-6.048222,37.276495],[-6.048222,37.276631],[-6.048222,37.276766],[-6.048051,37.276902],[-6.048051,37.277038],[-6.048051,37.277174],[-6.047881,37.277174],[-6.047881,37.27731],[-6.047881,37.277446],[-6.048051,37.277446],[-6.048222,37.277446],[-6.048222,37.277581],[-6.048393,37.277717],[-6.048563,37.277853],[-6.048734,37.277853],[-6.048905,37.277581],[-6.048905,37.277446],[-6.049075,37.27731],[-6.049075,37.277174],[-6.049075,37.277038],[-6.049246,37.277038],[-6.049246,37.276766],[-6.049075,37.276766],[-6.049075,37.276631],[-6.049075,37.276495],[-6.049246,37.276495],[-6.049246,37.276359],[-6.049246,37.276223],[-6.049417,37.276087],[-6.049587,37.275952],[-6.049929,37.27568],[-6.049929,37.275544],[-6.049929,37.275408],[-6.0501,37.275408],[-6.0501,37.275273],[-6.0501,37.275137],[-6.0501,37.275001],[-6.05027,37.275001],[-6.05027,37.274865],[-6.050441,37.274729],[-6.050441,37.274593],[-6.050441,37.274458],[-6.050441,37.274322],[-6.050441,37.274186],[-6.050612,37.274186],[-6.050612,37.27405],[-6.050782,37.273779],[-6.050782,37.273643],[-6.050953,37.273507],[-6.050953,37.273371],[-6.051124,37.273371],[-6.051294,37.273235],[-6.051294,37.273099],[-6.051465,37.272964],[-6.051465,37.272828],[-6.051465,37.272692],[-6.051465,37.272556],[-6.051465,37.27242],[-6.051465,37.272285],[-6.051465,37.272149],[-6.051465,37.272013],[-6.051465,37.271877],[-6.051465,37.271741]]],[[[-6.033885,37.26658],[-6.037299,37.267666],[-6.037299,37.267938],[-6.037469,37.268074],[-6.03764,37.268074],[-6.037981,37.267938],[-6.038152,37.268074],[-6.038152,37.26821],[-6.038323,37.268346],[-6.038323,37.268481],[-6.038323,37.268617],[-6.038323,37.268753],[-6.038323,37.268889],[-6.038493,37.268889],[-6.038323,37.269025],[-6.038493,37.269025],[-6.038493,37.269161],[-6.038493,37.269296],[-6.038323,37.269296],[-6.038493,37.269432],[-6.038493,37.269568],[-6.038835,37.269704],[-6.038664,37.269704],[-6.038664,37.26984],[-6.038835,37.269976],[-6.038835,37.270111],[-6.039005,37.270247],[-6.038835,37.270247],[-6.038835,37.270383],[-6.038835,37.270519],[-6.038835,37.270655],[-6.038835,37.27079],[-6.038835,37.270926],[-6.038835,37.271198],[-6.039005,37.271198],[-6.039005,37.271334],[-6.039176,37.271334],[-6.039176,37.27147],[-6.039176,37.271605],[-6.039176,37.271741],[-6.039176,37.271877],[-6.039176,37.272013],[-6.039347,37.272149],[-6.039347,37.272285],[-6.039517,37.272285],[-6.039347,37.27242],[-6.039517,37.272556],[-6.039517,37.272692],[-6.039517,37.272828],[-6.039688,37.272964],[-6.039517,37.272964],[-6.039517,37.273235],[-6.039517,37.273371],[-6.039517,37.273507],[-6.039176,37.273643],[-6.039176,37.273779],[-6.039005,37.273779],[-6.038664,37.273779],[-6.038664,37.27405],[-6.038493,37.274186],[-6.038493,37.274322],[-6.038493,37.274458],[-6.038664,37.274593],[-6.038835,37.274865],[-6.039005,37.275001],[-6.038835,37.275273],[-6.038664,37.275408],[-6.039005,37.275544],[-6.039176,37.275816],[-6.039176,37.275952],[-6.039347,37.276223],[-6.039347,37.276495],[-6.039347,37.277446],[-6.039517,37.277717],[-6.039517,37.277989],[-6.039688,37.278804],[-6.039859,37.278939],[-6.039688,37.279075],[-6.039688,37.279754],[-6.039859,37.280026],[-6.039688,37.280298],[-6.039517,37.280841],[-6.039347,37.281248],[-6.039347,37.281791],[-6.039688,37.282335],[-6.039517,37.282878],[-6.039517,37.283014],[-6.038835,37.283557],[-6.038664,37.283964],[-6.038493,37.284236],[-6.038493,37.284372],[-6.038152,37.284643],[-6.038323,37.284915],[-6.038323,37.285322],[-6.038152,37.285322],[-6.037981,37.285594],[-6.037981,37.285865],[-6.037981,37.286001],[-6.037981,37.286137],[-6.038152,37.286137],[-6.038152,37.286409],[-6.037981,37.286544],[-6.038152,37.28668],[-6.038152,37.286816],[-6.038152,37.286952],[-6.038323,37.286952],[-6.038323,37.287088],[-6.038323,37.287223],[-6.038493,37.287359],[-6.038493,37.287495],[-6.038493,37.287631],[-6.038664,37.287767],[-6.038664,37.287902],[-6.038664,37.288038],[-6.038835,37.288174],[-6.038835,37.28831],[-6.039005,37.288446],[-6.039005,37.288581],[-6.039005,37.288717],[-6.039176,37.288717],[-6.039176,37.288853],[-6.039176,37.288989],[-6.039347,37.289124],[-6.039347,37.28926],[-6.039517,37.28926],[-6.039688,37.289124],[-6.039859,37.28926],[-6.040029,37.289396],[-6.0402,37.289396],[-6.0402,37.289532],[-6.040371,37.289532],[-6.040371,37.289668],[-6.0402,37.289668],[-6.040029,37.289668],[-6.040029,37.289532],[-6.039859,37.289668],[-6.039859,37.289532],[-6.039688,37.289532],[-6.039517,37.289396],[-6.039347,37.289396],[-6.039176,37.28926],[-6.039176,37.289396],[-6.039005,37.289396],[-6.039005,37.289532],[-6.038835,37.289532],[-6.038664,37.28926],[-6.038835,37.289124],[-6.038664,37.288989],[-6.038493,37.288853],[-6.038493,37.288717],[-6.038323,37.288446],[-6.038323,37.28831],[-6.038323,37.288038],[-6.038152,37.287902],[-6.038152,37.287767],[-6.037981,37.287631],[-6.037981,37.287495],[-6.037981,37.287359],[-6.037811,37.287223],[-6.037811,37.286952],[-6.03764,37.286952],[-6.03764,37.286816],[-6.03764,37.28668],[-6.03764,37.286409],[-6.037811,37.286409],[-6.037811,37.286273],[-6.03764,37.286409],[-6.037469,37.286273],[-6.037299,37.286137],[-6.037299,37.286001],[-6.037299,37.285865],[-6.037469,37.285594],[-6.037469,37.285458],[-6.037469,37.285322],[-6.037469,37.285186],[-6.037469,37.284915],[-6.037469,37.284779],[-6.037299,37.284643],[-6.037299,37.284507],[-6.037469,37.284507],[-6.037469,37.284372],[-6.037299,37.284372],[-6.037299,37.284236],[-6.037469,37.2841],[-6.037469,37.283828],[-6.037299,37.283828],[-6.037299,37.283421],[-6.037299,37.283285],[-6.037299,37.283149],[-6.037299,37.283014],[-6.037299,37.282878],[-6.037299,37.282742],[-6.037128,37.282199],[-6.037128,37.282063],[-6.037128,37.281927],[-6.036957,37.281791],[-6.036957,37.281656],[-6.036787,37.28152],[-6.036616,37.281248],[-6.036787,37.281248],[-6.036787,37.281112],[-6.036787,37.280977],[-6.036957,37.280977],[-6.036957,37.280841],[-6.036957,37.280705],[-6.037128,37.280705],[-6.037128,37.280569],[-6.037128,37.280433],[-6.037299,37.280298],[-6.037128,37.280162],[-6.037299,37.280162],[-6.037299,37.280026],[-6.037128,37.280162],[-6.037128,37.280026],[-6.037299,37.27989],[-6.037128,37.27989],[-6.036957,37.27989],[-6.036957,37.279754],[-6.036957,37.279619],[-6.036957,37.279483],[-6.036957,37.279347],[-6.036957,37.279075],[-6.036787,37.278939],[-6.036957,37.278668],[-6.036957,37.278532],[-6.036957,37.278396],[-6.036957,37.27826],[-6.037128,37.277853],[-6.037128,37.277717],[-6.037128,37.277581],[-6.037299,37.277446],[-6.037299,37.277174],[-6.037469,37.276902],[-6.03764,37.276766],[-6.03764,37.276631],[-6.03764,37.276495],[-6.03764,37.276359],[-6.03764,37.276223],[-6.03764,37.275952],[-6.037469,37.275816],[-6.037469,37.275544],[-6.037469,37.275408],[-6.03764,37.275273],[-6.037469,37.275273],[-6.037469,37.275137],[-6.03764,37.275137],[-6.03764,37.275001],[-6.03764,37.274865],[-6.03764,37.274729],[-6.03764,37.274593],[-6.037811,37.274458],[-6.037811,37.274322],[-6.03764,37.274322],[-6.03764,37.274186],[-6.037469,37.274186],[-6.037128,37.274322],[-6.036957,37.274458],[-6.036787,37.274458],[-6.036616,37.274322],[-6.036787,37.274186],[-6.036787,37.273779],[-6.036787,37.273235],[-6.036445,37.272013],[-6.036616,37.271877],[-6.036787,37.271741],[-6.037128,37.271198],[-6.037128,37.270926],[-6.036957,37.270655],[-6.036787,37.270519],[-6.035933,37.270383],[-6.03525,37.269976],[-6.03508,37.26984],[-6.03508,37.269704],[-6.034738,37.268889],[-6.034738,37.268617],[-6.034568,37.26821],[-6.034056,37.267531],[-6.033885,37.267395],[-6.033885,37.26658]]]]},"properties":{"OBJECTID":2893,"ID_ZONA":"ES050_APSFR_BG013-01_ZFP","ZONA":"Río Guadalquivir entre Alcalá del Río y La Puebla","TIPO_ZONA":"Zona de Flujo Preferente","RIO":"Río Guadalquivir","LONG_KM":24.38,"HIDROLOGIA":"Procedente de otros estudios","PRECISION_":"MDT 2x2 procedente de LIDAR IGN PNOA","HIDRAUL":"IBER","ESTUDIO":"SNCZI. Zonas inundables del sistema bajo del Guadalquivir","TIPO_EST":"Estudio de Desarrollo del SNCZI","ESCALA_REP":"Planos digitales sin escala","DOCUMENTO":"Elaboración de cartografía de dominio público hidráulico y mapas de peligrosidad y riesgo de la directiva 2007/60 en el marco del SNCZI en las demarcaciones hidrográficas del Guadalquivir, Ceuta y Melilla. Cofinanciado con fondos FEDER","FECHA":1454284800000,"ORGANISMO":"Ministerio de agricultura, alimentación y medio ambiente","CLAVE_EXPE":"CU(CO)-4615","DEMARCACIO":"Guadalquivir","ID_DEMAR":51,"Q_M3_S":"7294","Fecha_Lim":1745107200000,"Shape__Area":57692433.787597656,"Shape__Length":167527.73315967355}},{"type":"Feature","id":2825,"geometry":{"type":"MultiPolygon","coordinates":[[[[-6.172306,37.384525],[-6.172477,37.384525],[-6.172477,37.384661],[-6.172306,37.384661],[-6.172306,37.384525]]],[[[-6.172306,37.384389],[-6.172477,37.384389],[-6.172477,37.384525],[-6.172306,37.384389]]],[[[-6.161383,37.36635],[-6.161895,37.366757],[-6.162066,37.366757],[-6.162236,37.366892],[-6.162066,37.366892],[-6.162407,37.367028],[-6.162578,37.367028],[-6.162919,37.367164],[-6.162919,37.367435],[-6.162748,37.367435],[-6.162748,37.367571],[-6.163431,37.367978],[-6.163431,37.368113],[-6.163431,37.368249],[-6.163602,37.368249],[-6.163602,37.368385],[-6.163772,37.36852],[-6.163943,37.36852],[-6.164114,37.368656],[-6.164114,37.368792],[-6.164284,37.369063],[-6.164114,37.369063],[-6.164284,37.369198],[-6.164284,37.36947],[-6.164455,37.369605],[-6.164626,37.369877],[-6.164796,37.370012],[-6.164796,37.370148],[-6.164967,37.370148],[-6.165479,37.370555],[-6.16565,37.370691],[-6.165821,37.370826],[-6.166162,37.371233],[-6.166503,37.371369],[-6.167015,37.371776],[-6.167357,37.372183],[-6.167698,37.372454],[-6.168039,37.372725],[-6.168381,37.372861],[-6.168551,37.372861],[-6.168551,37.372996],[-6.168893,37.373268],[-6.169063,37.373675],[-6.169063,37.37381],[-6.169234,37.37381],[-6.169234,37.374082],[-6.169405,37.374217],[-6.169405,37.374353],[-6.169575,37.374624],[-6.169575,37.37476],[-6.169746,37.374895],[-6.169746,37.375031],[-6.169746,37.375167],[-6.169746,37.375302],[-6.169746,37.375438],[-6.169575,37.375438],[-6.169575,37.375574],[-6.169575,37.375845],[-6.169575,37.37598],[-6.169575,37.376116],[-6.169575,37.376252],[-6.169746,37.376387],[-6.169746,37.376523],[-6.169746,37.376659],[-6.169746,37.37693],[-6.169746,37.377066],[-6.169746,37.377201],[-6.169917,37.377201],[-6.169917,37.377337],[-6.169917,37.377472],[-6.170088,37.377472],[-6.170088,37.377608],[-6.170258,37.377744],[-6.170258,37.377879],[-6.170258,37.378015],[-6.170429,37.378151],[-6.170429,37.378286],[-6.1706,37.378286],[-6.17077,37.378422],[-6.170941,37.378422],[-6.170941,37.378557],[-6.171112,37.378557],[-6.171453,37.378557],[-6.171624,37.378693],[-6.171624,37.378964],[-6.171624,37.3791],[-6.171965,37.379236],[-6.171965,37.379507],[-6.171794,37.379778],[-6.171794,37.379914],[-6.171965,37.379914],[-6.172136,37.379914],[-6.172306,37.379914],[-6.172477,37.379914],[-6.172648,37.380049],[-6.172648,37.380321],[-6.172818,37.380321],[-6.172818,37.380456],[-6.172648,37.380592],[-6.172648,37.380728],[-6.172818,37.380863],[-6.172989,37.380863],[-6.172989,37.380999],[-6.172989,37.381134],[-6.172989,37.381406],[-6.17316,37.381677],[-6.173501,37.381948],[-6.173501,37.382084],[-6.173501,37.382355],[-6.173501,37.382491],[-6.17333,37.382762],[-6.17316,37.382898],[-6.172989,37.382898],[-6.172818,37.382898],[-6.172648,37.383033],[-6.172648,37.383169],[-6.172818,37.383304],[-6.172818,37.38344],[-6.172818,37.383576],[-6.172818,37.383711],[-6.172818,37.383847],[-6.172818,37.383982],[-6.172818,37.384118],[-6.172818,37.384254],[-6.172818,37.384389],[-6.172818,37.384796],[-6.172818,37.384932],[-6.172818,37.385067],[-6.172818,37.385203],[-6.172818,37.385339],[-6.172648,37.385474],[-6.172648,37.38561],[-6.172648,37.385746],[-6.172648,37.385881],[-6.172648,37.386017],[-6.172648,37.386152],[-6.172648,37.386288],[-6.172477,37.386424],[-6.172477,37.386559],[-6.172648,37.386966],[-6.172477,37.387102],[-6.172136,37.387237],[-6.171965,37.387373],[-6.171794,37.387509],[-6.171624,37.38778],[-6.171624,37.387915],[-6.171624,37.388051],[-6.171453,37.388187],[-6.171453,37.388322],[-6.171453,37.388458],[-6.171282,37.388865],[-6.171282,37.389],[-6.171282,37.389136],[-6.171282,37.389271],[-6.171282,37.389407],[-6.171112,37.389543],[-6.171112,37.389678],[-6.171112,37.389814],[-6.171112,37.38995],[-6.171112,37.390085],[-6.171112,37.390356],[-6.171112,37.390492],[-6.171112,37.390628],[-6.170941,37.390628],[-6.170941,37.390763],[-6.170941,37.390899],[-6.170941,37.391034],[-6.17077,37.391034],[-6.1706,37.39117],[-6.1706,37.391306],[-6.1706,37.391441],[-6.1706,37.391577],[-6.1706,37.391712],[-6.170429,37.391712],[-6.170429,37.391848],[-6.170429,37.391984],[-6.170429,37.392119],[-6.170429,37.392255],[-6.170429,37.39239],[-6.1706,37.392526],[-6.170429,37.392662],[-6.170429,37.392797],[-6.170258,37.393068],[-6.170088,37.393204],[-6.170088,37.39334],[-6.170088,37.393475],[-6.170258,37.393746],[-6.170258,37.393882],[-6.170258,37.394018],[-6.170258,37.394153],[-6.170258,37.394289],[-6.170258,37.394424],[-6.170258,37.39456],[-6.170258,37.394696],[-6.170088,37.39456],[-6.169917,37.394696],[-6.169746,37.394696],[-6.169746,37.394831],[-6.169575,37.394967],[-6.169575,37.395102],[-6.169575,37.395238],[-6.169575,37.395374],[-6.169575,37.395509],[-6.169575,37.395645],[-6.168893,37.395645],[-6.168893,37.395509],[-6.168893,37.395102],[-6.168893,37.394967],[-6.168893,37.394831],[-6.169063,37.394696],[-6.169063,37.39456],[-6.169234,37.39456],[-6.169234,37.394424],[-6.169405,37.394289],[-6.169405,37.394153],[-6.169405,37.394018],[-6.169405,37.393882],[-6.169405,37.393611],[-6.169405,37.393475],[-6.169405,37.39334],[-6.169575,37.393204],[-6.169746,37.392933],[-6.169746,37.392797],[-6.169917,37.392526],[-6.169917,37.39239],[-6.170088,37.392255],[-6.170088,37.392119],[-6.170088,37.391848],[-6.170258,37.391712],[-6.170258,37.391441],[-6.170258,37.391306],[-6.170429,37.39117],[-6.170429,37.391034],[-6.1706,37.390899],[-6.1706,37.390763],[-6.1706,37.390628],[-6.1706,37.390492],[-6.17077,37.390492],[-6.17077,37.390356],[-6.17077,37.390221],[-6.17077,37.390085],[-6.17077,37.38995],[-6.17077,37.389678],[-6.1706,37.389678],[-6.1706,37.389407],[-6.1706,37.389271],[-6.1706,37.389136],[-6.1706,37.388865],[-6.17077,37.388593],[-6.17077,37.388458],[-6.170941,37.388458],[-6.171112,37.388322],[-6.171112,37.388187],[-6.171112,37.388051],[-6.171112,37.387915],[-6.171112,37.38778],[-6.171282,37.387509],[-6.171453,37.387237],[-6.171453,37.386966],[-6.171624,37.386695],[-6.171624,37.386424],[-6.171794,37.386288],[-6.171794,37.386017],[-6.171794,37.385881],[-6.171965,37.385746],[-6.171965,37.385474],[-6.171965,37.385339],[-6.172136,37.385203],[-6.172306,37.385067],[-6.172306,37.384932],[-6.172477,37.384796],[-6.172477,37.384661],[-6.172648,37.384525],[-6.172477,37.384389],[-6.172477,37.384118],[-6.172477,37.383982],[-6.172306,37.383711],[-6.172306,37.383576],[-6.172306,37.38344],[-6.172306,37.383304],[-6.172306,37.383169],[-6.172306,37.383033],[-6.172306,37.382898],[-6.172306,37.382762],[-6.172306,37.382626],[-6.172477,37.382355],[-6.172477,37.382084],[-6.172477,37.381813],[-6.172477,37.381677],[-6.172477,37.381541],[-6.172477,37.38127],[-6.172306,37.380999],[-6.172306,37.380863],[-6.172136,37.380728],[-6.172136,37.380456],[-6.171965,37.380321],[-6.171965,37.380185],[-6.171794,37.380185],[-6.171624,37.380185],[-6.171453,37.380185],[-6.171453,37.380049],[-6.171282,37.379914],[-6.171282,37.379778],[-6.171112,37.379778],[-6.170941,37.379643],[-6.17077,37.379371],[-6.1706,37.379371],[-6.1706,37.379236],[-6.170429,37.3791],[-6.170258,37.378964],[-6.170088,37.378693],[-6.169917,37.378557],[-6.169917,37.378422],[-6.169917,37.378286],[-6.169917,37.378151],[-6.169917,37.378015],[-6.169746,37.378015],[-6.169575,37.377744],[-6.169405,37.377608],[-6.169405,37.377472],[-6.169234,37.377337],[-6.169234,37.377066],[-6.169063,37.37693],[-6.168893,37.376794],[-6.168893,37.376523],[-6.168722,37.376387],[-6.168722,37.376116],[-6.168551,37.37598],[-6.168551,37.375845],[-6.168551,37.375709],[-6.168551,37.375574],[-6.168551,37.375438],[-6.168722,37.375438],[-6.168722,37.375302],[-6.168722,37.375167],[-6.168551,37.375031],[-6.168551,37.374895],[-6.168381,37.37476],[-6.16821,37.374489],[-6.16821,37.374353],[-6.16821,37.374217],[-6.168039,37.374082],[-6.167869,37.373946],[-6.167698,37.37381],[-6.167527,37.373539],[-6.167357,37.373268],[-6.167357,37.373132],[-6.167015,37.372996],[-6.167186,37.372861],[-6.167015,37.372725],[-6.166845,37.37259],[-6.166503,37.37259],[-6.166333,37.372318],[-6.166333,37.371911],[-6.165991,37.371776],[-6.165821,37.371504],[-6.165308,37.371233],[-6.164967,37.371098],[-6.164796,37.370826],[-6.164626,37.370419],[-6.164455,37.370284],[-6.164455,37.370148],[-6.164455,37.370012],[-6.164284,37.370012],[-6.164284,37.369877],[-6.164114,37.369741],[-6.164114,37.369605],[-6.163943,37.369605],[-6.163943,37.36947],[-6.163772,37.36947],[-6.163602,37.369334],[-6.163431,37.369198],[-6.163431,37.369063],[-6.163431,37.368927],[-6.163431,37.368792],[-6.16326,37.368656],[-6.16309,37.36852],[-6.16326,37.368385],[-6.16326,37.368249],[-6.16326,37.368113],[-6.162578,37.367571],[-6.162236,37.367299],[-6.162236,37.367164],[-6.161895,37.367028],[-6.161554,37.366757],[-6.161383,37.366486],[-6.161383,37.36635]]],[[[-6.157116,37.362687],[-6.157287,37.362687],[-6.157287,37.362823],[-6.157457,37.362823],[-6.157628,37.362958],[-6.157969,37.362958],[-6.15814,37.36323],[-6.15814,37.363772],[-6.158311,37.363908],[-6.158311,37.364044],[-6.158481,37.364179],[-6.158652,37.364179],[-6.158823,37.364315],[-6.159335,37.364451],[-6.159676,37.364722],[-6.160188,37.364993],[-6.160529,37.3654],[-6.161212,37.366079],[-6.161212,37.366214],[-6.161383,37.366486],[-6.161041,37.366486],[-6.161041,37.36635],[-6.160871,37.366214],[-6.160871,37.366079],[-6.160871,37.365943],[-6.1607,37.365807],[-6.160188,37.3654],[-6.160188,37.365265],[-6.160017,37.365265],[-6.160017,37.365129],[-6.159847,37.365129],[-6.159676,37.364993],[-6.159335,37.364858],[-6.158993,37.364722],[-6.158652,37.364586],[-6.158481,37.364586],[-6.158311,37.364586],[-6.158311,37.364451],[-6.157969,37.364315],[-6.157799,37.364179],[-6.157628,37.364044],[-6.157457,37.363908],[-6.157457,37.363772],[-6.157457,37.363501],[-6.157457,37.363365],[-6.157287,37.36323],[-6.157287,37.363094],[-6.157287,37.362958],[-6.157116,37.362687]]],[[[-6.156092,37.362145],[-6.156262,37.362145],[-6.156262,37.36228],[-6.156433,37.36228],[-6.156604,37.362145],[-6.156774,37.362145],[-6.156945,37.362145],[-6.156945,37.36228],[-6.156945,37.362416],[-6.157116,37.362552],[-6.157116,37.362687],[-6.156945,37.362552],[-6.156774,37.362416],[-6.156433,37.362552],[-6.156433,37.362416],[-6.156262,37.362416],[-6.156092,37.36228],[-6.156092,37.362145]]],[[[-6.150971,37.357261],[-6.151313,37.357396],[-6.151483,37.357396],[-6.151483,37.357532],[-6.151654,37.357668],[-6.151995,37.357803],[-6.152507,37.357803],[-6.152678,37.357939],[-6.152849,37.357939],[-6.15302,37.358075],[-6.152849,37.35821],[-6.152849,37.358346],[-6.152678,37.35821],[-6.151995,37.35821],[-6.152337,37.358617],[-6.152337,37.358753],[-6.152507,37.358753],[-6.152678,37.358753],[-6.152849,37.358617],[-6.15302,37.358753],[-6.15302,37.358889],[-6.15319,37.359024],[-6.153532,37.359024],[-6.153702,37.359296],[-6.153702,37.359431],[-6.153873,37.359838],[-6.154044,37.359974],[-6.154214,37.36011],[-6.154385,37.36011],[-6.154385,37.360245],[-6.154556,37.360245],[-6.154726,37.360381],[-6.154897,37.360381],[-6.154897,37.360517],[-6.155068,37.360517],[-6.155238,37.360652],[-6.155409,37.360788],[-6.15558,37.360924],[-6.15558,37.361059],[-6.15558,37.361195],[-6.15575,37.361331],[-6.155921,37.361466],[-6.155921,37.361602],[-6.156092,37.361738],[-6.156092,37.361873],[-6.156092,37.362009],[-6.156092,37.362145],[-6.155921,37.361873],[-6.15575,37.361738],[-6.15558,37.361466],[-6.155409,37.361331],[-6.155238,37.361195],[-6.155068,37.361195],[-6.155068,37.361059],[-6.154897,37.360924],[-6.154726,37.360924],[-6.154556,37.360788],[-6.154385,37.360652],[-6.154044,37.360245],[-6.153873,37.360245],[-6.153702,37.36011],[-6.153532,37.36011],[-6.153532,37.359974],[-6.153361,37.359974],[-6.153361,37.359838],[-6.15319,37.359838],[-6.15319,37.359703],[-6.15302,37.359703],[-6.152849,37.359567],[-6.152678,37.359431],[-6.152678,37.359296],[-6.152678,37.35916],[-6.152507,37.359024],[-6.152507,37.358889],[-6.152337,37.358889],[-6.152166,37.358889],[-6.152166,37.358753],[-6.152166,37.358617],[-6.151825,37.358346],[-6.151825,37.35821],[-6.151654,37.35821],[-6.151654,37.358075],[-6.151654,37.357939],[-6.151654,37.357803],[-6.151483,37.357803],[-6.151483,37.357668],[-6.151313,37.357532],[-6.151142,37.357532],[-6.151142,37.357396],[-6.150971,37.357396],[-6.150971,37.357261]]],[[[-6.15063,37.356989],[-6.150801,37.356989],[-6.150971,37.357125],[-6.150971,37.357261],[-6.150801,37.357261],[-6.150801,37.357125],[-6.15063,37.356989]]],[[[-6.150289,37.356718],[-6.150459,37.356718],[-6.15063,37.356854],[-6.15063,37.356989],[-6.150459,37.356989],[-6.150459,37.356854],[-6.150289,37.356854],[-6.150289,37.356718]]],[[[-6.149947,37.356447],[-6.150118,37.356582],[-6.150289,37.356582],[-6.150289,37.356718],[-6.150118,37.356718],[-6.149947,37.356582],[-6.149947,37.356447]]],[[[-6.147558,37.354547],[-6.147728,37.354547],[-6.147728,37.354683],[-6.14807,37.354819],[-6.14807,37.354954],[-6.14824,37.354954],[-6.148411,37.354954],[-6.148411,37.35509],[-6.148582,37.355226],[-6.148753,37.355361],[-6.148923,37.355497],[-6.148923,37.355633],[-6.149094,37.355633],[-6.149094,37.355768],[-6.149265,37.355904],[-6.149435,37.355904],[-6.149435,37.35604],[-6.149606,37.356175],[-6.149777,37.356311],[-6.149947,37.356311],[-6.149947,37.356447],[-6.149777,37.356447],[-6.149606,37.356311],[-6.149435,37.356175],[-6.149265,37.356175],[-6.149265,37.35604],[-6.148923,37.355768],[-6.148753,37.355633],[-6.148582,37.355497],[-6.148411,37.355361],[-6.14824,37.355226],[-6.14807,37.355226],[-6.14807,37.35509],[-6.147899,37.354954],[-6.147728,37.354819],[-6.147558,37.354683],[-6.147558,37.354547]]],[[[-6.147387,37.354412],[-6.147558,37.354412],[-6.147558,37.354547],[-6.147387,37.354547],[-6.147387,37.354412]]],[[[-6.146534,37.353733],[-6.146704,37.353733],[-6.146875,37.353869],[-6.147046,37.354005],[-6.147046,37.35414],[-6.147216,37.35414],[-6.147216,37.354276],[-6.147387,37.354276],[-6.147387,37.354412],[-6.147216,37.354412],[-6.147046,37.354412],[-6.147046,37.354276],[-6.146875,37.35414],[-6.146875,37.354005],[-6.146704,37.354005],[-6.146704,37.353869],[-6.146534,37.353869],[-6.146534,37.353733]]],[[[-6.146022,37.353462],[-6.146192,37.353462],[-6.146363,37.353462],[-6.146534,37.353733],[-6.146363,37.353733],[-6.146363,37.353598],[-6.146192,37.353598],[-6.146022,37.353598],[-6.146022,37.353462]]],[[[-6.145851,37.353191],[-6.146022,37.353462],[-6.145851,37.353326],[-6.145851,37.353191]]],[[[-6.145339,37.352783],[-6.14551,37.352783],[-6.14568,37.352919],[-6.145851,37.353055],[-6.145851,37.353191],[-6.14568,37.353191],[-6.14568,37.353055],[-6.14551,37.353055],[-6.14551,37.352919],[-6.145339,37.352919],[-6.145339,37.352783]]],[[[-6.144144,37.352512],[-6.144315,37.352512],[-6.144486,37.352512],[-6.144827,37.352648],[-6.144998,37.352648],[-6.145168,37.352783],[-6.144998,37.352783],[-6.144827,37.352783],[-6.144656,37.352783],[-6.144486,37.352783],[-6.144486,37.352648],[-6.144315,37.352648],[-6.144144,37.352648],[-6.144144,37.352512]]],[[[-6.14312,37.352241],[-6.143291,37.352241],[-6.143461,37.352241],[-6.143632,37.352241],[-6.143803,37.352241],[-6.143973,37.352376],[-6.144144,37.352512],[-6.143973,37.352512],[-6.143803,37.352376],[-6.143632,37.352376],[-6.143461,37.352376],[-6.143291,37.352376],[-6.14312,37.352241]]],[[[-6.142949,37.352105],[-6.14312,37.352105],[-6.14312,37.352241],[-6.142949,37.352241],[-6.142949,37.352105]]],[[[-6.142267,37.351698],[-6.142437,37.351698],[-6.142608,37.351834],[-6.142779,37.351834],[-6.142779,37.351969],[-6.142949,37.352105],[-6.142779,37.352105],[-6.142608,37.351969],[-6.142437,37.351834],[-6.142267,37.351834],[-6.142267,37.351698]]],[[[-6.142096,37.351562],[-6.142267,37.351562],[-6.142267,37.351698],[-6.142096,37.351698],[-6.142096,37.351562]]],[[[-6.141755,37.351427],[-6.141925,37.351427],[-6.142096,37.351427],[-6.142096,37.351562],[-6.141925,37.351562],[-6.141755,37.351427]]],[[[-6.140731,37.350613],[-6.140901,37.350613],[-6.141072,37.350748],[-6.141072,37.350884],[-6.141243,37.35102],[-6.141413,37.351155],[-6.141584,37.351291],[-6.141755,37.351291],[-6.141755,37.351427],[-6.141584,37.351427],[-6.141413,37.351291],[-6.141243,37.351291],[-6.141243,37.351155],[-6.141072,37.35102],[-6.140901,37.35102],[-6.140901,37.350884],[-6.140901,37.350748],[-6.140731,37.350748],[-6.140731,37.350613]]],[[[-6.140219,37.350477],[-6.140389,37.350477],[-6.14056,37.350477],[-6.140731,37.350477],[-6.140731,37.350613],[-6.140389,37.350613],[-6.140219,37.350477]]],[[[-6.139536,37.35007],[-6.139706,37.35007],[-6.139877,37.35007],[-6.140048,37.350206],[-6.140219,37.350206],[-6.140219,37.350341],[-6.140219,37.350477],[-6.140048,37.350341],[-6.139877,37.350341],[-6.139877,37.350206],[-6.139706,37.350206],[-6.139536,37.35007]]],[[[-6.138341,37.349256],[-6.138512,37.349256],[-6.138512,37.349392],[-6.138682,37.349527],[-6.138853,37.349663],[-6.139024,37.349799],[-6.139194,37.349799],[-6.139365,37.349799],[-6.139365,37.349934],[-6.139536,37.349934],[-6.139536,37.35007],[-6.139365,37.35007],[-6.139194,37.349934],[-6.138853,37.349799],[-6.138682,37.349799],[-6.138512,37.349663],[-6.138512,37.349527],[-6.138341,37.349392],[-6.138341,37.349256]]],[[[-6.137829,37.348849],[-6.138,37.348849],[-6.13817,37.348849],[-6.138341,37.348984],[-6.138341,37.34912],[-6.138341,37.349256],[-6.13817,37.349256],[-6.13817,37.34912],[-6.138,37.34912],[-6.138,37.348984],[-6.137829,37.348984],[-6.137829,37.348849]]],[[[-6.137658,37.348713],[-6.137829,37.348713],[-6.137829,37.348849],[-6.137658,37.348849],[-6.137658,37.348713]]],[[[-6.137317,37.348577],[-6.137488,37.348577],[-6.137658,37.348577],[-6.137658,37.348713],[-6.137488,37.348713],[-6.137317,37.348577]]],[[[-6.136464,37.348306],[-6.136634,37.348306],[-6.136805,37.348306],[-6.136805,37.348442],[-6.136976,37.348442],[-6.137146,37.348442],[-6.137146,37.348577],[-6.136976,37.348577],[-6.136634,37.348442],[-6.136464,37.348442],[-6.136464,37.348306]]],[[[-6.136293,37.34817],[-6.136464,37.34817],[-6.136464,37.348306],[-6.136293,37.348306],[-6.136293,37.34817]]],[[[-6.135952,37.347899],[-6.136122,37.347899],[-6.136293,37.348035],[-6.136293,37.34817],[-6.136122,37.34817],[-6.136122,37.348035],[-6.135952,37.348035],[-6.135952,37.347899]]],[[[-6.135781,37.347763],[-6.135952,37.347763],[-6.135952,37.347899],[-6.135781,37.347899],[-6.135781,37.347763]]],[[[-6.135098,37.346406],[-6.135098,37.346542],[-6.135269,37.346814],[-6.135439,37.346949],[-6.135439,37.347085],[-6.13561,37.347221],[-6.13561,37.347356],[-6.135781,37.347492],[-6.135781,37.347628],[-6.135781,37.347763],[-6.13561,37.347763],[-6.13561,37.347628],[-6.135439,37.347628],[-6.135439,37.347492],[-6.135269,37.347492],[-6.135269,37.347356],[-6.135269,37.347221],[-6.134927,37.347085],[-6.134757,37.346949],[-6.134586,37.346814],[-6.134757,37.346678],[-6.134757,37.346542],[-6.134927,37.346542],[-6.135098,37.346406]]],[[[-6.134586,37.346271],[-6.134757,37.346271],[-6.134757,37.346406],[-6.134757,37.346542],[-6.134586,37.346406],[-6.134586,37.346271]]],[[[-6.133903,37.344235],[-6.134074,37.344235],[-6.134074,37.344371],[-6.134074,37.344507],[-6.134245,37.344507],[-6.134245,37.344642],[-6.134245,37.344778],[-6.134074,37.344778],[-6.134074,37.344642],[-6.133903,37.344371],[-6.133903,37.344235]]],[[[-6.133562,37.3441],[-6.133733,37.3441],[-6.133903,37.3441],[-6.133903,37.344235],[-6.133733,37.344235],[-6.133562,37.3441]]],[[[-6.131002,37.337722],[-6.131002,37.337993],[-6.131002,37.338129],[-6.131002,37.338265],[-6.131002,37.3384],[-6.131172,37.3384],[-6.131172,37.338536],[-6.131172,37.338672],[-6.131172,37.338808],[-6.131343,37.338943],[-6.131343,37.339079],[-6.131343,37.339215],[-6.131343,37.33935],[-6.131343,37.339486],[-6.131514,37.339757],[-6.131514,37.340165],[-6.131172,37.340436],[-6.131343,37.340979],[-6.131685,37.341522],[-6.131855,37.341793],[-6.132538,37.3422],[-6.132538,37.342471],[-6.132709,37.343014],[-6.13305,37.343693],[-6.133562,37.343964],[-6.133562,37.3441],[-6.133391,37.3441],[-6.13305,37.343964],[-6.132879,37.343964],[-6.132709,37.343964],[-6.132538,37.343964],[-6.132538,37.3441],[-6.132538,37.344235],[-6.132709,37.344507],[-6.132879,37.344642],[-6.132879,37.344778],[-6.13305,37.34505],[-6.13305,37.345185],[-6.133221,37.345185],[-6.133391,37.345185],[-6.133733,37.345185],[-6.133903,37.345321],[-6.134074,37.345185],[-6.134245,37.345185],[-6.134245,37.34505],[-6.134415,37.345185],[-6.134415,37.345457],[-6.134415,37.345592],[-6.134586,37.345592],[-6.134586,37.345728],[-6.134586,37.345864],[-6.134586,37.345999],[-6.134586,37.346135],[-6.134586,37.346271],[-6.134415,37.346135],[-6.134415,37.345999],[-6.134415,37.345864],[-6.134245,37.345728],[-6.134074,37.345864],[-6.133903,37.345864],[-6.133562,37.346135],[-6.133221,37.346271],[-6.13305,37.346406],[-6.132879,37.346542],[-6.132709,37.346678],[-6.131172,37.345728],[-6.131172,37.345592],[-6.131172,37.345457],[-6.131172,37.345321],[-6.131172,37.34505],[-6.131172,37.344507],[-6.131343,37.3441],[-6.131855,37.343964],[-6.132026,37.343693],[-6.132197,37.343557],[-6.132367,37.343557],[-6.132538,37.343421],[-6.132367,37.343421],[-6.132367,37.343286],[-6.132367,37.34315],[-6.132197,37.343014],[-6.131855,37.342743],[-6.131685,37.342743],[-6.131514,37.342607],[-6.131343,37.342471],[-6.131343,37.342336],[-6.131343,37.3422],[-6.131172,37.342064],[-6.131172,37.341929],[-6.131002,37.341929],[-6.131002,37.341793],[-6.130831,37.341657],[-6.130831,37.341522],[-6.130831,37.341386],[-6.13066,37.341386],[-6.13049,37.34125],[-6.13049,37.341114],[-6.13049,37.340979],[-6.13066,37.340979],[-6.13066,37.340843],[-6.13066,37.340707],[-6.13066,37.340572],[-6.13066,37.340436],[-6.130831,37.340436],[-6.130831,37.3403],[-6.130831,37.339893],[-6.130831,37.33935],[-6.13066,37.338808],[-6.13066,37.3384],[-6.130831,37.338129],[-6.130831,37.337993],[-6.130831,37.337858],[-6.131002,37.337722]]],[[[-6.132538,37.345321],[-6.132367,37.345457],[-6.132197,37.345457],[-6.132026,37.345457],[-6.132026,37.345592],[-6.131855,37.345592],[-6.131685,37.345592],[-6.131514,37.345592],[-6.131514,37.345728],[-6.131685,37.345728],[-6.131685,37.345864],[-6.131855,37.345864],[-6.132197,37.346271],[-6.132367,37.346406],[-6.132538,37.346542],[-6.132879,37.346406],[-6.133562,37.345999],[-6.133562,37.345864],[-6.133391,37.345728],[-6.133391,37.345592],[-6.133221,37.345592],[-6.133221,37.345457],[-6.13305,37.345457],[-6.132879,37.345457],[-6.132879,37.345321],[-6.132709,37.345321],[-6.132538,37.345321]]],[[[-6.131002,37.337315],[-6.131172,37.337315],[-6.131172,37.337451],[-6.131172,37.337586],[-6.131172,37.337722],[-6.131002,37.337722],[-6.131002,37.337586],[-6.131002,37.337451],[-6.131002,37.337315]]],[[[-6.131855,37.335551],[-6.132026,37.335551],[-6.132026,37.335686],[-6.132026,37.335822],[-6.131855,37.335822],[-6.131855,37.335958],[-6.131685,37.336093],[-6.131685,37.336229],[-6.131514,37.336365],[-6.131514,37.336229],[-6.131514,37.336093],[-6.131685,37.335958],[-6.131685,37.335822],[-6.131855,37.335686],[-6.131855,37.335551]]],[[[-6.132367,37.333922],[-6.132538,37.333922],[-6.132538,37.334058],[-6.132538,37.334194],[-6.132538,37.334329],[-6.132538,37.334465],[-6.132367,37.334465],[-6.132367,37.334601],[-6.132367,37.334736],[-6.132367,37.334872],[-6.132367,37.335008],[-6.132367,37.335144],[-6.132367,37.335279],[-6.132197,37.335551],[-6.132026,37.335551],[-6.132026,37.335415],[-6.132197,37.335279],[-6.132197,37.334872],[-6.132026,37.334872],[-6.132026,37.335008],[-6.132026,37.335144],[-6.131855,37.335144],[-6.131855,37.335279],[-6.131855,37.335415],[-6.131685,37.335551],[-6.131514,37.335551],[-6.131514,37.335686],[-6.131514,37.335822],[-6.131514,37.335958],[-6.131514,37.336093],[-6.131343,37.336229],[-6.131343,37.336365],[-6.131514,37.336365],[-6.131514,37.336501],[-6.131343,37.336772],[-6.131343,37.336908],[-6.131343,37.337043],[-6.131343,37.337179],[-6.131172,37.337315],[-6.131172,37.337179],[-6.131172,37.337043],[-6.131002,37.336908],[-6.131002,37.336772],[-6.131002,37.336365],[-6.131172,37.336229],[-6.131172,37.336093],[-6.131172,37.335686],[-6.131343,37.335415],[-6.131514,37.335415],[-6.131514,37.335279],[-6.131685,37.335279],[-6.131685,37.335144],[-6.131685,37.335008],[-6.131685,37.334872],[-6.131855,37.334872],[-6.131855,37.334736],[-6.132026,37.334601],[-6.132026,37.334465],[-6.132197,37.334329],[-6.132367,37.334329],[-6.132367,37.334194],[-6.132367,37.334058],[-6.132367,37.333922]]],[[[-6.13305,37.333244],[-6.133221,37.333244],[-6.13305,37.333379],[-6.13305,37.333515],[-6.132879,37.333651],[-6.132879,37.333786],[-6.132709,37.333786],[-6.132709,37.333922],[-6.132538,37.333922],[-6.132538,37.333786],[-6.132709,37.333651],[-6.132879,37.333515],[-6.132879,37.333379],[-6.13305,37.333244]]],[[[-6.133221,37.333108],[-6.133562,37.333108],[-6.133733,37.333108],[-6.133733,37.333244],[-6.133562,37.333244],[-6.133391,37.333244],[-6.133221,37.333244],[-6.133221,37.333108]]],[[[-6.133903,37.332972],[-6.133903,37.333108],[-6.133733,37.333108],[-6.133903,37.332972]]],[[[-6.134245,37.332565],[-6.134415,37.332565],[-6.134415,37.332701],[-6.134245,37.332701],[-6.134074,37.332836],[-6.133903,37.332972],[-6.133903,37.332836],[-6.133903,37.332701],[-6.134074,37.332701],[-6.134245,37.332565]]],[[[-6.134415,37.332294],[-6.134586,37.332294],[-6.134586,37.332429],[-6.134415,37.332565],[-6.134415,37.332429],[-6.134415,37.332294]]],[[[-6.134586,37.332158],[-6.134757,37.332158],[-6.134586,37.332294],[-6.134586,37.332158]]],[[[-6.135952,37.331344],[-6.136122,37.331344],[-6.136122,37.331479],[-6.136122,37.331615],[-6.135952,37.331615],[-6.135781,37.331615],[-6.13561,37.331615],[-6.135439,37.331751],[-6.135269,37.331751],[-6.135269,37.331886],[-6.135098,37.331886],[-6.135098,37.332022],[-6.134927,37.332158],[-6.134757,37.332158],[-6.134757,37.332022],[-6.134927,37.332022],[-6.134927,37.331886],[-6.135098,37.331751],[-6.135269,37.331615],[-6.135439,37.331615],[-6.13561,37.331479],[-6.135781,37.331479],[-6.135952,37.331479],[-6.135952,37.331344]]],[[[-6.136293,37.331208],[-6.136464,37.331208],[-6.136464,37.331344],[-6.136293,37.331344],[-6.136122,37.331344],[-6.136293,37.331208]]],[[[-6.136464,37.330801],[-6.136634,37.330801],[-6.136634,37.330936],[-6.136634,37.331072],[-6.136634,37.331208],[-6.136464,37.331208],[-6.136464,37.331072],[-6.136464,37.330936],[-6.136464,37.330801]]]]},"properties":{"OBJECTID":2825,"ID_ZONA":"ES050_APSFR_BG031-01_ZFP","ZONA":"Urbanización El Capricho","TIPO_ZONA":"Zona de Flujo Preferente","RIO":"Arroyo de Majalberraque; Sin nombre","LONG_KM":8.89,"HIDROLOGIA":"Método racional","PRECISION_":"MDT 2x2 procedente de LIDAR IGN PNOA","HIDRAUL":"IBER","ESTUDIO":"SNCZI. Zonas inundables del sistema bajo del Guadalquivir","TIPO_EST":"Estudio de Desarrollo del SNCZI","ESCALA_REP":"Planos digitales sin escala","DOCUMENTO":"Elaboración de cartografía de dominio público hidráulico y mapas de peligrosidad y riesgo de la directiva 2007/60 en el marco del SNCZI en las demarcaciones hidrográficas del Guadalquivir, Ceuta y Melilla. Cofinanciado con fondos FEDER","FECHA":1454284800000,"ORGANISMO":"Ministerio de agricultura, alimentación y medio ambiente","CLAVE_EXPE":"CU(CO)-4615","DEMARCACIO":"Guadalquivir","ID_DEMAR":51,"Q_M3_S":"30; 9","Fecha_Lim":1745107200000,"Shape__Area":394341.07879638672,"Shape__Length":21333.994282342661}},{"type":"Feature","id":2822,"geometry":{"type":"MultiPolygon","coordinates":[[[[-6.102328,37.382084],[-6.102498,37.382084],[-6.102498,37.382219],[-6.102498,37.382491],[-6.102498,37.382626],[-6.102669,37.382762],[-6.102669,37.383033],[-6.102669,37.38344],[-6.102498,37.383304],[-6.102498,37.382898],[-6.102498,37.382762],[-6.102328,37.382762],[-6.102328,37.382626],[-6.102328,37.382491],[-6.102328,37.382355],[-6.102328,37.382219],[-6.102328,37.382084]]],[[[-6.101986,37.380321],[-6.102157,37.380321],[-6.102157,37.380456],[-6.102328,37.380863],[-6.102328,37.380999],[-6.102328,37.381134],[-6.102328,37.381677],[-6.102498,37.381948],[-6.102328,37.382084],[-6.102157,37.381948],[-6.102157,37.381813],[-6.102157,37.381677],[-6.102157,37.380999],[-6.102157,37.380863],[-6.101986,37.380321]]],[[[-6.101645,37.378422],[-6.101816,37.378422],[-6.101816,37.378557],[-6.101986,37.378693],[-6.101986,37.378964],[-6.101986,37.3791],[-6.101986,37.379236],[-6.101986,37.379371],[-6.101816,37.379507],[-6.101816,37.379643],[-6.101816,37.379778],[-6.101816,37.379914],[-6.101986,37.380185],[-6.101986,37.380321],[-6.101816,37.380321],[-6.101816,37.380185],[-6.101816,37.380049],[-6.101645,37.380049],[-6.101645,37.379778],[-6.101645,37.379643],[-6.101645,37.379507],[-6.101816,37.379371],[-6.101816,37.379236],[-6.101816,37.378964],[-6.101816,37.378829],[-6.101816,37.378693],[-6.101645,37.378693],[-6.101645,37.378557],[-6.101645,37.378422]]],[[[-6.10045,37.375302],[-6.100621,37.375302],[-6.100791,37.375302],[-6.100962,37.375574],[-6.101133,37.37598],[-6.101133,37.376523],[-6.101304,37.376659],[-6.101304,37.376794],[-6.101304,37.37693],[-6.101304,37.377066],[-6.101304,37.377201],[-6.101304,37.377337],[-6.101304,37.377472],[-6.101304,37.377608],[-6.101474,37.377744],[-6.101474,37.377879],[-6.101645,37.378286],[-6.101645,37.378422],[-6.101474,37.378422],[-6.101474,37.378286],[-6.101474,37.378151],[-6.101304,37.378015],[-6.101304,37.377879],[-6.101133,37.377608],[-6.101133,37.377066],[-6.101133,37.37693],[-6.101133,37.376794],[-6.100962,37.376659],[-6.100962,37.376523],[-6.100962,37.37598],[-6.100791,37.375709],[-6.100791,37.375574],[-6.100621,37.375574],[-6.100621,37.375438],[-6.10045,37.375302]]],[[[-6.098231,37.371233],[-6.098402,37.371233],[-6.098402,37.371369],[-6.098573,37.371369],[-6.098573,37.37164],[-6.098573,37.372318],[-6.098743,37.372454],[-6.099085,37.372725],[-6.099085,37.372861],[-6.099255,37.373403],[-6.099426,37.37381],[-6.099426,37.373946],[-6.099597,37.374082],[-6.099767,37.374353],[-6.099767,37.374489],[-6.099938,37.37476],[-6.100109,37.375031],[-6.100279,37.375167],[-6.10045,37.375167],[-6.10045,37.375302],[-6.100279,37.375302],[-6.100109,37.375302],[-6.099938,37.375167],[-6.099597,37.374624],[-6.099426,37.374489],[-6.099426,37.374353],[-6.099426,37.374217],[-6.099255,37.374082],[-6.099255,37.373946],[-6.099085,37.37381],[-6.099085,37.373675],[-6.099085,37.373539],[-6.099085,37.373403],[-6.098914,37.372996],[-6.098743,37.372725],[-6.098573,37.37259],[-6.098402,37.372454],[-6.098402,37.372047],[-6.098402,37.371911],[-6.098402,37.37164],[-6.098402,37.371504],[-6.098231,37.371504],[-6.098231,37.371369],[-6.098231,37.371233]]],[[[-6.09789,37.370691],[-6.098061,37.370826],[-6.098231,37.371233],[-6.09789,37.370826],[-6.09789,37.370691]]],[[[-6.094476,37.353733],[-6.094476,37.353869],[-6.094476,37.354005],[-6.094647,37.35414],[-6.094647,37.354276],[-6.094647,37.354412],[-6.094647,37.354547],[-6.094647,37.354683],[-6.094647,37.35509],[-6.094647,37.355226],[-6.094647,37.355361],[-6.094476,37.355497],[-6.094476,37.355633],[-6.094476,37.355768],[-6.094476,37.355904],[-6.094647,37.35604],[-6.094818,37.356175],[-6.095159,37.356311],[-6.09533,37.356311],[-6.0955,37.356311],[-6.0955,37.356447],[-6.095671,37.356582],[-6.095671,37.356718],[-6.095671,37.356854],[-6.0955,37.356854],[-6.0955,37.356989],[-6.0955,37.357125],[-6.0955,37.357261],[-6.0955,37.357396],[-6.0955,37.357532],[-6.0955,37.357803],[-6.095671,37.358075],[-6.095671,37.358346],[-6.095842,37.358346],[-6.096012,37.358482],[-6.096012,37.358617],[-6.096183,37.358753],[-6.096354,37.358889],[-6.096354,37.35916],[-6.096354,37.359296],[-6.096524,37.359431],[-6.096695,37.359296],[-6.096866,37.359296],[-6.096866,37.359431],[-6.096866,37.359567],[-6.097037,37.359567],[-6.097378,37.359974],[-6.097378,37.36011],[-6.097207,37.360245],[-6.097207,37.360381],[-6.097207,37.360517],[-6.097207,37.360652],[-6.097207,37.360788],[-6.097207,37.360924],[-6.097037,37.361059],[-6.097037,37.361331],[-6.096866,37.361466],[-6.096866,37.361602],[-6.096866,37.361738],[-6.096866,37.362009],[-6.096695,37.362009],[-6.096695,37.36228],[-6.096524,37.362552],[-6.096524,37.362823],[-6.096354,37.362958],[-6.096354,37.363094],[-6.096524,37.36323],[-6.096354,37.363501],[-6.096354,37.363637],[-6.096524,37.363637],[-6.096354,37.363772],[-6.096354,37.364044],[-6.096354,37.364179],[-6.096354,37.364315],[-6.096183,37.364315],[-6.096012,37.364451],[-6.096012,37.364586],[-6.096183,37.364722],[-6.096183,37.364993],[-6.096183,37.365129],[-6.096354,37.365129],[-6.096524,37.3654],[-6.096524,37.365536],[-6.096524,37.365672],[-6.096524,37.365807],[-6.096524,37.365943],[-6.096524,37.36635],[-6.096524,37.366757],[-6.096354,37.367028],[-6.096354,37.367299],[-6.096354,37.367435],[-6.096524,37.367842],[-6.096695,37.368113],[-6.096866,37.368249],[-6.097207,37.368385],[-6.097378,37.368385],[-6.097549,37.36852],[-6.097719,37.368927],[-6.097549,37.369063],[-6.097549,37.369334],[-6.097549,37.369741],[-6.097719,37.369877],[-6.097719,37.370148],[-6.09789,37.370284],[-6.098061,37.370419],[-6.09789,37.370555],[-6.09789,37.370691],[-6.097719,37.370691],[-6.097719,37.370555],[-6.097549,37.370419],[-6.097549,37.370284],[-6.097549,37.370148],[-6.097378,37.370012],[-6.097378,37.369877],[-6.097378,37.369741],[-6.097207,37.369334],[-6.097207,37.369198],[-6.097207,37.368927],[-6.097207,37.368792],[-6.097037,37.368656],[-6.096524,37.36852],[-6.096354,37.368249],[-6.096183,37.368113],[-6.096183,37.367842],[-6.096012,37.367706],[-6.096012,37.367571],[-6.095842,37.367435],[-6.095842,37.367164],[-6.096012,37.366757],[-6.096012,37.366621],[-6.096183,37.366621],[-6.096183,37.366486],[-6.096183,37.36635],[-6.096183,37.366214],[-6.096012,37.366214],[-6.096012,37.366079],[-6.095842,37.366079],[-6.095842,37.365943],[-6.095842,37.365807],[-6.096012,37.365672],[-6.095842,37.365672],[-6.095842,37.365536],[-6.096012,37.3654],[-6.096012,37.365265],[-6.096012,37.365129],[-6.096012,37.364993],[-6.096012,37.364858],[-6.095842,37.364722],[-6.095842,37.364586],[-6.095671,37.364451],[-6.095842,37.364315],[-6.096012,37.364179],[-6.096012,37.364044],[-6.096183,37.364044],[-6.096012,37.363772],[-6.096183,37.363772],[-6.096183,37.363637],[-6.096183,37.363501],[-6.096183,37.362823],[-6.096183,37.362687],[-6.096183,37.362552],[-6.096183,37.36228],[-6.096183,37.362145],[-6.096354,37.361873],[-6.096354,37.361466],[-6.096524,37.361331],[-6.096524,37.361059],[-6.096695,37.360924],[-6.096695,37.360788],[-6.096866,37.360652],[-6.097037,37.360652],[-6.097037,37.360517],[-6.096866,37.360517],[-6.096866,37.360381],[-6.097037,37.36011],[-6.096866,37.359974],[-6.096866,37.359838],[-6.096524,37.359703],[-6.096524,37.359567],[-6.096354,37.359431],[-6.096183,37.359296],[-6.096183,37.35916],[-6.096183,37.359024],[-6.096012,37.358889],[-6.096012,37.358753],[-6.095842,37.358617],[-6.095671,37.358617],[-6.095671,37.358482],[-6.0955,37.358482],[-6.0955,37.358346],[-6.0955,37.35821],[-6.09533,37.357939],[-6.09533,37.357803],[-6.09533,37.357668],[-6.095159,37.357532],[-6.09533,37.356989],[-6.09533,37.356854],[-6.0955,37.356718],[-6.0955,37.356582],[-6.09533,37.356582],[-6.09533,37.356447],[-6.095159,37.356447],[-6.094988,37.356447],[-6.094647,37.356311],[-6.094476,37.35604],[-6.094306,37.355904],[-6.094306,37.355497],[-6.094306,37.355361],[-6.094476,37.355361],[-6.094476,37.355226],[-6.094476,37.35509],[-6.094476,37.354954],[-6.094476,37.354819],[-6.094476,37.354683],[-6.094476,37.354276],[-6.094476,37.35414],[-6.094306,37.354005],[-6.094306,37.353869],[-6.094476,37.353733]]],[[[-6.094818,37.350341],[-6.094988,37.350341],[-6.094988,37.350477],[-6.094988,37.350748],[-6.094988,37.35102],[-6.095159,37.35102],[-6.095159,37.351155],[-6.095159,37.351291],[-6.095159,37.351427],[-6.095159,37.351562],[-6.095159,37.351698],[-6.095159,37.351834],[-6.095159,37.351969],[-6.095159,37.352105],[-6.094988,37.352105],[-6.094988,37.352241],[-6.094818,37.352241],[-6.094818,37.352376],[-6.094647,37.352648],[-6.094647,37.352783],[-6.094647,37.352919],[-6.094647,37.353326],[-6.094647,37.353462],[-6.094647,37.353598],[-6.094647,37.353733],[-6.094476,37.353733],[-6.094476,37.353598],[-6.094476,37.353462],[-6.094476,37.353326],[-6.094306,37.353055],[-6.094306,37.352919],[-6.094306,37.352783],[-6.094476,37.352648],[-6.094476,37.352512],[-6.094647,37.352512],[-6.094647,37.352376],[-6.094647,37.352241],[-6.094818,37.351969],[-6.094818,37.351834],[-6.094988,37.351834],[-6.094988,37.351698],[-6.094988,37.351562],[-6.094988,37.351427],[-6.094818,37.35102],[-6.094818,37.350884],[-6.094818,37.350748],[-6.094818,37.350613],[-6.094818,37.350477],[-6.094818,37.350341]]],[[[-6.092257,37.337722],[-6.092087,37.337993],[-6.092087,37.338129],[-6.092087,37.338265],[-6.092087,37.3384],[-6.091916,37.3384],[-6.091916,37.338536],[-6.092087,37.338536],[-6.092087,37.338672],[-6.092087,37.338808],[-6.092257,37.338808],[-6.092257,37.338943],[-6.092257,37.339079],[-6.092257,37.339215],[-6.092257,37.339486],[-6.092257,37.339622],[-6.092428,37.339757],[-6.092428,37.339893],[-6.092428,37.340029],[-6.092257,37.3403],[-6.092428,37.340707],[-6.092428,37.340843],[-6.092428,37.341114],[-6.092257,37.341114],[-6.092257,37.34125],[-6.092257,37.341522],[-6.092257,37.341657],[-6.092257,37.341793],[-6.092257,37.341929],[-6.092257,37.3422],[-6.092257,37.342607],[-6.092257,37.342743],[-6.092257,37.343014],[-6.092257,37.34315],[-6.092257,37.343286],[-6.092257,37.343421],[-6.092257,37.343557],[-6.092257,37.343693],[-6.092428,37.343693],[-6.092428,37.343828],[-6.092599,37.343964],[-6.09277,37.343964],[-6.09277,37.3441],[-6.09277,37.344235],[-6.092428,37.344371],[-6.092599,37.344371],[-6.092599,37.344507],[-6.09277,37.344642],[-6.09277,37.344778],[-6.09277,37.344914],[-6.09294,37.34505],[-6.093111,37.34505],[-6.093111,37.345185],[-6.093111,37.345321],[-6.093111,37.345457],[-6.093111,37.345592],[-6.09294,37.345592],[-6.09277,37.345864],[-6.092599,37.345864],[-6.092599,37.345999],[-6.09277,37.345999],[-6.09294,37.345999],[-6.093111,37.345999],[-6.093111,37.346135],[-6.093282,37.346135],[-6.093452,37.346271],[-6.093452,37.346406],[-6.093623,37.346542],[-6.093452,37.346678],[-6.093452,37.346814],[-6.093452,37.347085],[-6.093623,37.347763],[-6.093623,37.347899],[-6.093794,37.347899],[-6.093794,37.348035],[-6.093964,37.348035],[-6.094135,37.34817],[-6.094306,37.34817],[-6.094306,37.348306],[-6.094476,37.348306],[-6.094476,37.348442],[-6.094647,37.348442],[-6.094647,37.348577],[-6.094647,37.348713],[-6.094647,37.34912],[-6.094647,37.349256],[-6.094818,37.349392],[-6.094988,37.349392],[-6.094988,37.349527],[-6.094988,37.349663],[-6.094988,37.349799],[-6.094988,37.349934],[-6.094988,37.35007],[-6.094818,37.35007],[-6.094818,37.350206],[-6.094818,37.350341],[-6.094647,37.350341],[-6.094647,37.350206],[-6.094647,37.35007],[-6.094476,37.35007],[-6.094476,37.349934],[-6.094818,37.349934],[-6.094818,37.349799],[-6.094818,37.349663],[-6.094818,37.349527],[-6.094647,37.349527],[-6.094647,37.349392],[-6.094476,37.349256],[-6.094476,37.348713],[-6.094476,37.348577],[-6.094306,37.348577],[-6.094306,37.348442],[-6.094135,37.348442],[-6.094135,37.348306],[-6.093964,37.348306],[-6.093794,37.348306],[-6.093623,37.34817],[-6.093452,37.347899],[-6.093282,37.347763],[-6.093282,37.347356],[-6.093282,37.347221],[-6.093282,37.347085],[-6.093282,37.346678],[-6.093282,37.346406],[-6.09294,37.346271],[-6.09277,37.346406],[-6.092599,37.346406],[-6.092428,37.346406],[-6.092428,37.346271],[-6.092428,37.346135],[-6.092257,37.345999],[-6.092257,37.345864],[-6.092428,37.345728],[-6.092599,37.345592],[-6.09277,37.345457],[-6.09277,37.345321],[-6.09277,37.345185],[-6.092599,37.345185],[-6.092599,37.34505],[-6.092428,37.344914],[-6.092428,37.344778],[-6.092428,37.344507],[-6.092257,37.344507],[-6.092087,37.344507],[-6.092087,37.344642],[-6.091916,37.344642],[-6.091745,37.344642],[-6.091575,37.344778],[-6.091404,37.344778],[-6.091233,37.344778],[-6.091575,37.344642],[-6.091916,37.344507],[-6.092087,37.344235],[-6.092087,37.3441],[-6.092087,37.343828],[-6.092087,37.343693],[-6.092087,37.343557],[-6.091916,37.343421],[-6.091916,37.343286],[-6.091916,37.34315],[-6.091916,37.343014],[-6.092087,37.342878],[-6.092087,37.342743],[-6.092087,37.342607],[-6.092087,37.342471],[-6.092087,37.342336],[-6.091916,37.342336],[-6.091916,37.3422],[-6.092087,37.3422],[-6.092087,37.342064],[-6.091916,37.342064],[-6.091916,37.341793],[-6.092087,37.341522],[-6.092087,37.341386],[-6.092087,37.34125],[-6.092087,37.341114],[-6.092087,37.340979],[-6.092257,37.340979],[-6.092257,37.340707],[-6.092087,37.340572],[-6.092087,37.340436],[-6.092087,37.3403],[-6.092087,37.340165],[-6.092087,37.340029],[-6.092087,37.339893],[-6.091916,37.339486],[-6.091916,37.33935],[-6.091916,37.339215],[-6.092087,37.339215],[-6.092087,37.339079],[-6.091916,37.339079],[-6.091916,37.338943],[-6.091916,37.338672],[-6.091745,37.338536],[-6.091916,37.338129],[-6.091916,37.337858],[-6.092087,37.337858],[-6.092257,37.337722]]],[[[-6.090039,37.313699],[-6.090209,37.313699],[-6.09038,37.313834],[-6.09038,37.31397],[-6.09038,37.314106],[-6.09038,37.314377],[-6.090209,37.314649],[-6.090209,37.314785],[-6.090039,37.31492],[-6.090039,37.315056],[-6.090039,37.315192],[-6.090209,37.315599],[-6.090209,37.315735],[-6.090209,37.315871],[-6.090209,37.316006],[-6.090209,37.316142],[-6.09038,37.316278],[-6.090551,37.316414],[-6.090721,37.316414],[-6.090721,37.316549],[-6.090892,37.316549],[-6.091063,37.316549],[-6.091233,37.316685],[-6.091404,37.316821],[-6.091404,37.316956],[-6.091404,37.317092],[-6.091404,37.317635],[-6.091404,37.317771],[-6.091575,37.318178],[-6.091575,37.318314],[-6.091575,37.31845],[-6.091575,37.318585],[-6.091575,37.318721],[-6.091404,37.318721],[-6.091404,37.318857],[-6.091404,37.318993],[-6.091404,37.319264],[-6.091404,37.319536],[-6.091404,37.319671],[-6.091404,37.319943],[-6.091575,37.32035],[-6.091575,37.320893],[-6.091745,37.321164],[-6.091745,37.3213],[-6.091916,37.321707],[-6.091916,37.321843],[-6.091745,37.322522],[-6.091745,37.322657],[-6.091745,37.322929],[-6.091745,37.323065],[-6.091916,37.323065],[-6.092087,37.323065],[-6.092257,37.322929],[-6.092428,37.322929],[-6.092428,37.323065],[-6.092599,37.323065],[-6.09277,37.3232],[-6.09277,37.323336],[-6.09294,37.323472],[-6.09294,37.323607],[-6.093111,37.323879],[-6.093111,37.324015],[-6.093282,37.324015],[-6.093623,37.324422],[-6.093794,37.324422],[-6.093794,37.324558],[-6.093964,37.324558],[-6.093964,37.324693],[-6.093964,37.324829],[-6.093964,37.324965],[-6.093964,37.3251],[-6.093794,37.325236],[-6.093794,37.325372],[-6.093623,37.325508],[-6.093452,37.325779],[-6.093452,37.326051],[-6.093452,37.326186],[-6.093452,37.326322],[-6.093452,37.326458],[-6.093282,37.326593],[-6.093282,37.326729],[-6.093282,37.326865],[-6.093282,37.327001],[-6.093282,37.327136],[-6.093282,37.327272],[-6.093282,37.327544],[-6.093111,37.327679],[-6.093111,37.327815],[-6.093111,37.327951],[-6.093111,37.328086],[-6.09294,37.328086],[-6.09294,37.328222],[-6.09294,37.328358],[-6.09294,37.328494],[-6.09294,37.328765],[-6.09294,37.328901],[-6.09294,37.329036],[-6.093111,37.329308],[-6.093282,37.329444],[-6.093282,37.329579],[-6.093452,37.329715],[-6.093452,37.329851],[-6.093452,37.329986],[-6.093452,37.330258],[-6.093282,37.330258],[-6.093282,37.330394],[-6.093111,37.330665],[-6.09294,37.331072],[-6.09294,37.331615],[-6.09277,37.331751],[-6.092599,37.331886],[-6.092599,37.332022],[-6.092599,37.332158],[-6.092428,37.332294],[-6.092428,37.332429],[-6.092599,37.332565],[-6.092599,37.332701],[-6.09277,37.332836],[-6.09294,37.332972],[-6.09294,37.333108],[-6.09294,37.333244],[-6.09294,37.333379],[-6.09294,37.333515],[-6.09294,37.333786],[-6.09294,37.333922],[-6.09277,37.334058],[-6.09277,37.334194],[-6.09277,37.334601],[-6.09277,37.334736],[-6.09294,37.334872],[-6.09294,37.335008],[-6.09294,37.335144],[-6.09294,37.335279],[-6.093111,37.335551],[-6.093282,37.335686],[-6.093282,37.335822],[-6.093282,37.335958],[-6.093452,37.335958],[-6.093452,37.336093],[-6.093452,37.336229],[-6.093452,37.336365],[-6.093452,37.336501],[-6.093452,37.336636],[-6.093282,37.336636],[-6.093282,37.336772],[-6.093111,37.336908],[-6.093111,37.337043],[-6.09294,37.337043],[-6.09294,37.337179],[-6.09277,37.337315],[-6.09277,37.337451],[-6.092599,37.337451],[-6.092428,37.337586],[-6.092428,37.337722],[-6.092257,37.337722],[-6.092257,37.337586],[-6.092257,37.337451],[-6.092428,37.337451],[-6.09277,37.337179],[-6.09277,37.337043],[-6.09294,37.336908],[-6.09294,37.336772],[-6.093111,37.336772],[-6.093111,37.336636],[-6.093282,37.336501],[-6.093282,37.336365],[-6.093282,37.336229],[-6.093282,37.336093],[-6.093111,37.336093],[-6.093111,37.335958],[-6.09294,37.335415],[-6.09277,37.335415],[-6.09277,37.335279],[-6.09277,37.335144],[-6.09277,37.335008],[-6.092599,37.334872],[-6.092599,37.334736],[-6.092599,37.334601],[-6.092599,37.334329],[-6.092599,37.334194],[-6.092599,37.334058],[-6.092599,37.333922],[-6.09277,37.333922],[-6.09277,37.333786],[-6.09277,37.333651],[-6.09277,37.333515],[-6.092599,37.333515],[-6.092599,37.333379],[-6.09277,37.333379],[-6.09277,37.333244],[-6.092599,37.333108],[-6.092599,37.332972],[-6.092599,37.332836],[-6.092428,37.332836],[-6.092428,37.332701],[-6.092257,37.332565],[-6.092257,37.332429],[-6.092428,37.332158],[-6.092428,37.332022],[-6.092428,37.331886],[-6.092428,37.331751],[-6.092599,37.331751],[-6.092599,37.331479],[-6.09277,37.331208],[-6.09277,37.331072],[-6.09277,37.330936],[-6.09277,37.330801],[-6.09277,37.330665],[-6.09277,37.330529],[-6.093111,37.330258],[-6.093111,37.330122],[-6.093282,37.330122],[-6.093282,37.329986],[-6.093111,37.329851],[-6.093111,37.329715],[-6.09294,37.329444],[-6.09294,37.329308],[-6.09277,37.329036],[-6.09277,37.328901],[-6.09277,37.328765],[-6.09277,37.328494],[-6.09277,37.328358],[-6.09277,37.328086],[-6.09277,37.327951],[-6.09294,37.327951],[-6.09294,37.327679],[-6.09294,37.327544],[-6.093111,37.327544],[-6.093111,37.327408],[-6.093111,37.326865],[-6.093111,37.326729],[-6.093111,37.326458],[-6.093111,37.326322],[-6.093111,37.326186],[-6.093282,37.326186],[-6.093282,37.326051],[-6.093282,37.325779],[-6.093282,37.325643],[-6.093282,37.325508],[-6.093452,37.325372],[-6.093623,37.325236],[-6.093794,37.3251],[-6.093794,37.324829],[-6.093794,37.324693],[-6.093452,37.324422],[-6.093282,37.324422],[-6.093282,37.324286],[-6.093111,37.324286],[-6.093111,37.32415],[-6.09294,37.324015],[-6.09294,37.323879],[-6.09277,37.323879],[-6.09277,37.323607],[-6.092599,37.323472],[-6.092428,37.3232],[-6.092257,37.3232],[-6.092087,37.3232],[-6.091916,37.3232],[-6.091745,37.3232],[-6.091575,37.3232],[-6.091575,37.323065],[-6.091404,37.322929],[-6.091404,37.322793],[-6.091404,37.322657],[-6.091404,37.322386],[-6.091575,37.322114],[-6.091745,37.321843],[-6.091745,37.321707],[-6.091575,37.321572],[-6.091575,37.321436],[-6.091575,37.3213],[-6.091404,37.320893],[-6.091404,37.320757],[-6.091404,37.320621],[-6.091233,37.32035],[-6.091233,37.320214],[-6.091233,37.320078],[-6.091233,37.319807],[-6.091063,37.319807],[-6.091063,37.319671],[-6.091063,37.319536],[-6.091063,37.3194],[-6.091063,37.319264],[-6.091063,37.319128],[-6.091063,37.318993],[-6.091233,37.318993],[-6.091233,37.318857],[-6.091233,37.318721],[-6.091233,37.318585],[-6.091404,37.31845],[-6.091404,37.318314],[-6.091404,37.318178],[-6.091233,37.317907],[-6.091233,37.317771],[-6.091233,37.317635],[-6.091063,37.317635],[-6.091063,37.317499],[-6.091233,37.317499],[-6.091233,37.317364],[-6.091233,37.317228],[-6.091063,37.317092],[-6.091233,37.317092],[-6.091233,37.316956],[-6.091063,37.316821],[-6.090892,37.316821],[-6.090892,37.316685],[-6.090721,37.316685],[-6.090551,37.316685],[-6.09038,37.316685],[-6.090209,37.316685],[-6.090209,37.316549],[-6.090209,37.316414],[-6.090039,37.316278],[-6.090039,37.316142],[-6.090039,37.315871],[-6.089868,37.315735],[-6.089697,37.315192],[-6.089697,37.315056],[-6.089697,37.31492],[-6.089697,37.314785],[-6.089697,37.314649],[-6.089697,37.314513],[-6.089697,37.314377],[-6.089697,37.314242],[-6.089697,37.314106],[-6.089697,37.31397],[-6.089697,37.313834],[-6.089868,37.313834],[-6.090039,37.313834],[-6.090039,37.313699]]],[[[-6.072288,37.291026],[-6.072288,37.291161],[-6.072629,37.291297],[-6.0728,37.291433],[-6.0728,37.291704],[-6.0728,37.29184],[-6.072971,37.291976],[-6.073141,37.292112],[-6.073141,37.292248],[-6.073141,37.292383],[-6.073141,37.292519],[-6.073141,37.292655],[-6.073312,37.292791],[-6.073312,37.292927],[-6.073312,37.293062],[-6.073483,37.293198],[-6.073312,37.29347],[-6.073312,37.293605],[-6.073312,37.293741],[-6.073312,37.293877],[-6.073653,37.294013],[-6.073824,37.294013],[-6.073824,37.294149],[-6.073824,37.294284],[-6.073995,37.29442],[-6.074165,37.29442],[-6.074507,37.294556],[-6.074507,37.294692],[-6.074677,37.294963],[-6.074677,37.295099],[-6.074677,37.295235],[-6.074677,37.295371],[-6.074677,37.295506],[-6.074677,37.295642],[-6.074507,37.295642],[-6.074336,37.295506],[-6.074336,37.295371],[-6.074336,37.295235],[-6.074336,37.295099],[-6.074165,37.294963],[-6.074165,37.294827],[-6.073995,37.294692],[-6.073995,37.294963],[-6.073824,37.295099],[-6.073653,37.295235],[-6.073483,37.295371],[-6.073312,37.295506],[-6.072971,37.295778],[-6.073141,37.295914],[-6.073312,37.29605],[-6.073483,37.296185],[-6.073824,37.296321],[-6.074165,37.296457],[-6.074165,37.296728],[-6.074336,37.296864],[-6.074507,37.296864],[-6.074677,37.296728],[-6.074677,37.296593],[-6.074677,37.296321],[-6.074507,37.29605],[-6.074677,37.295914],[-6.074677,37.295778],[-6.074677,37.295642],[-6.074848,37.295642],[-6.074848,37.295778],[-6.074848,37.295914],[-6.075019,37.29605],[-6.075019,37.296321],[-6.075189,37.296321],[-6.07536,37.296457],[-6.07536,37.296593],[-6.075189,37.296593],[-6.075189,37.296728],[-6.075019,37.296728],[-6.075019,37.296864],[-6.075019,37.297],[-6.075019,37.297136],[-6.074677,37.297136],[-6.074165,37.297271],[-6.073995,37.297271],[-6.073995,37.297407],[-6.074165,37.297407],[-6.074507,37.297679],[-6.074507,37.297815],[-6.074677,37.297815],[-6.075019,37.298222],[-6.075189,37.298358],[-6.07536,37.298493],[-6.075531,37.298629],[-6.076043,37.298901],[-6.076214,37.298901],[-6.076384,37.298765],[-6.076384,37.298901],[-6.076555,37.299037],[-6.076726,37.299172],[-6.076896,37.299308],[-6.077067,37.299444],[-6.077238,37.299444],[-6.077408,37.29958],[-6.077579,37.299715],[-6.07792,37.299851],[-6.07792,37.299987],[-6.078774,37.30053],[-6.079286,37.301073],[-6.079456,37.301073],[-6.079627,37.301209],[-6.079798,37.301345],[-6.079969,37.301345],[-6.079969,37.30148],[-6.080139,37.30148],[-6.080139,37.301616],[-6.08031,37.301616],[-6.080481,37.301752],[-6.080651,37.301888],[-6.081505,37.302567],[-6.081675,37.302567],[-6.081846,37.302702],[-6.082017,37.302838],[-6.082529,37.303245],[-6.08287,37.303381],[-6.08287,37.303517],[-6.083211,37.303653],[-6.083723,37.30406],[-6.083894,37.304196],[-6.084065,37.304332],[-6.084236,37.304603],[-6.084406,37.304739],[-6.084406,37.304875],[-6.084406,37.30501],[-6.084577,37.30501],[-6.084577,37.305146],[-6.084748,37.305282],[-6.084748,37.305418],[-6.084918,37.305418],[-6.084918,37.305553],[-6.084918,37.305689],[-6.085089,37.305689],[-6.085089,37.305825],[-6.08526,37.305961],[-6.08543,37.305961],[-6.08543,37.306096],[-6.085601,37.306096],[-6.085601,37.306232],[-6.085772,37.306368],[-6.086113,37.306504],[-6.086113,37.306639],[-6.086284,37.306639],[-6.086284,37.306775],[-6.086454,37.306775],[-6.086454,37.307047],[-6.086454,37.307318],[-6.086454,37.307454],[-6.086454,37.30759],[-6.086454,37.307726],[-6.086454,37.307861],[-6.086625,37.307861],[-6.086625,37.307997],[-6.086796,37.308269],[-6.086796,37.308404],[-6.086966,37.308404],[-6.086966,37.30854],[-6.087137,37.308676],[-6.08782,37.309219],[-6.08799,37.309355],[-6.08799,37.30949],[-6.088161,37.309626],[-6.088161,37.309762],[-6.088332,37.309762],[-6.088332,37.309898],[-6.088161,37.309898],[-6.088161,37.310033],[-6.088161,37.310169],[-6.08799,37.310305],[-6.088161,37.310441],[-6.088161,37.310712],[-6.088332,37.310712],[-6.088332,37.310848],[-6.088332,37.310984],[-6.088503,37.311255],[-6.088503,37.311934],[-6.088673,37.31207],[-6.088673,37.312205],[-6.088844,37.312341],[-6.088844,37.312477],[-6.089015,37.312477],[-6.089015,37.312613],[-6.089185,37.312613],[-6.089185,37.312748],[-6.089356,37.312748],[-6.089527,37.31302],[-6.089527,37.313156],[-6.089697,37.313427],[-6.089697,37.313563],[-6.089697,37.313834],[-6.089527,37.313699],[-6.089527,37.313563],[-6.089527,37.313427],[-6.089356,37.313427],[-6.089356,37.313291],[-6.089356,37.313156],[-6.089185,37.312884],[-6.089015,37.312884],[-6.089015,37.312748],[-6.088844,37.312613],[-6.088673,37.312477],[-6.088673,37.312341],[-6.088503,37.312205],[-6.088503,37.31207],[-6.088332,37.311934],[-6.088332,37.311798],[-6.088332,37.311662],[-6.088161,37.311662],[-6.08799,37.311662],[-6.08782,37.311798],[-6.087478,37.311798],[-6.087308,37.311527],[-6.087308,37.311391],[-6.087478,37.311391],[-6.087649,37.311255],[-6.08799,37.311255],[-6.088161,37.311391],[-6.088332,37.311391],[-6.088161,37.311119],[-6.088161,37.310984],[-6.088161,37.310848],[-6.08799,37.310848],[-6.08799,37.310712],[-6.08782,37.310576],[-6.08782,37.310441],[-6.08782,37.310305],[-6.08782,37.310169],[-6.08799,37.309898],[-6.08799,37.309762],[-6.08799,37.309626],[-6.087649,37.309219],[-6.087478,37.309083],[-6.087137,37.308947],[-6.086796,37.308676],[-6.086454,37.307997],[-6.086284,37.307726],[-6.086284,37.30759],[-6.086284,37.307454],[-6.086284,37.307318],[-6.086284,37.307183],[-6.086284,37.307047],[-6.086284,37.306911],[-6.086113,37.306911],[-6.086113,37.306775],[-6.085942,37.306639],[-6.085601,37.306504],[-6.084918,37.305961],[-6.084577,37.305553],[-6.084406,37.305418],[-6.084406,37.305282],[-6.084406,37.305146],[-6.084236,37.305146],[-6.084236,37.30501],[-6.084236,37.304875],[-6.084065,37.304739],[-6.084065,37.304603],[-6.083894,37.304467],[-6.083723,37.304332],[-6.083382,37.30406],[-6.083041,37.303788],[-6.08287,37.303788],[-6.08287,37.303653],[-6.082699,37.303517],[-6.082358,37.303381],[-6.082017,37.30311],[-6.081846,37.302974],[-6.081675,37.302974],[-6.081505,37.302838],[-6.081505,37.302702],[-6.081334,37.302702],[-6.081163,37.302567],[-6.080822,37.302295],[-6.080651,37.302159],[-6.080481,37.302024],[-6.079456,37.301345],[-6.078262,37.30053],[-6.078262,37.300394],[-6.078091,37.300394],[-6.078091,37.300259],[-6.07792,37.300259],[-6.07775,37.300259],[-6.077067,37.299715],[-6.076214,37.299172],[-6.076043,37.299172],[-6.075872,37.299037],[-6.075702,37.299037],[-6.075702,37.298901],[-6.075531,37.298901],[-6.07536,37.298765],[-6.075019,37.298629],[-6.074336,37.297815],[-6.073995,37.297543],[-6.073824,37.297543],[-6.073824,37.297407],[-6.073653,37.297407],[-6.073653,37.297271],[-6.073312,37.297136],[-6.073141,37.297],[-6.073141,37.296864],[-6.072971,37.296728],[-6.072971,37.296593],[-6.0728,37.296593],[-6.072629,37.296457],[-6.072459,37.296185],[-6.072459,37.29605],[-6.072459,37.295914],[-6.072288,37.295642],[-6.071947,37.295506],[-6.071947,37.295371],[-6.071776,37.295371],[-6.071776,37.295235],[-6.071605,37.295235],[-6.071605,37.295099],[-6.071264,37.294963],[-6.071264,37.294827],[-6.070922,37.294692],[-6.070752,37.294692],[-6.070752,37.294556],[-6.070581,37.294556],[-6.070581,37.29442],[-6.07041,37.29442],[-6.07041,37.294284],[-6.07024,37.294149],[-6.070069,37.294013],[-6.069898,37.293877],[-6.069898,37.293741],[-6.069728,37.293605],[-6.069557,37.29347],[-6.069386,37.293334],[-6.069386,37.293198],[-6.069216,37.293198],[-6.069216,37.293062],[-6.069045,37.293062],[-6.069386,37.292927],[-6.069386,37.293062],[-6.069557,37.293062],[-6.069557,37.293198],[-6.069898,37.293198],[-6.070069,37.293198],[-6.07041,37.293334],[-6.070752,37.293334],[-6.071093,37.293334],[-6.071264,37.293334],[-6.071435,37.293334],[-6.071605,37.293334],[-6.071776,37.293605],[-6.071947,37.293877],[-6.072117,37.293877],[-6.072288,37.293877],[-6.072459,37.293741],[-6.072629,37.293605],[-6.072629,37.29347],[-6.072459,37.293334],[-6.072459,37.293198],[-6.072629,37.293062],[-6.072459,37.293062],[-6.072288,37.293062],[-6.072288,37.292927],[-6.072288,37.292655],[-6.071947,37.292519],[-6.071605,37.292248],[-6.071264,37.29184],[-6.071264,37.291704],[-6.072288,37.291026]]],[[[-6.073483,37.296864],[-6.073653,37.297],[-6.073653,37.296864],[-6.073483,37.296864]]],[[[-6.069728,37.293334],[-6.069898,37.29347],[-6.070069,37.293605],[-6.070069,37.293741],[-6.07024,37.293741],[-6.07024,37.293877],[-6.07041,37.293877],[-6.07041,37.294013],[-6.070581,37.294013],[-6.070581,37.294149],[-6.070752,37.294284],[-6.070922,37.294284],[-6.070922,37.29442],[-6.071093,37.294556],[-6.071264,37.294692],[-6.071776,37.294963],[-6.071776,37.295099],[-6.071947,37.295235],[-6.072117,37.295371],[-6.072288,37.295506],[-6.072459,37.295642],[-6.072459,37.295778],[-6.072629,37.295778],[-6.072629,37.295914],[-6.0728,37.29605],[-6.0728,37.296185],[-6.072971,37.296321],[-6.072971,37.296457],[-6.073141,37.296593],[-6.073312,37.296593],[-6.073312,37.296728],[-6.073483,37.296728],[-6.073312,37.296593],[-6.073141,37.296457],[-6.072971,37.296321],[-6.072971,37.296185],[-6.0728,37.295914],[-6.0728,37.295778],[-6.072629,37.295778],[-6.072629,37.295642],[-6.072459,37.295642],[-6.072459,37.295506],[-6.072288,37.295371],[-6.072117,37.295235],[-6.071947,37.295099],[-6.071776,37.294963],[-6.071776,37.294827],[-6.071605,37.294827],[-6.071605,37.294692],[-6.071435,37.294692],[-6.071264,37.294556],[-6.071264,37.29442],[-6.071093,37.29442],[-6.071093,37.294284],[-6.070922,37.294284],[-6.070752,37.294149],[-6.070581,37.294013],[-6.07041,37.293877],[-6.07024,37.293741],[-6.07024,37.293605],[-6.070069,37.29347],[-6.069898,37.293334],[-6.069728,37.293334]]]]},"properties":{"OBJECTID":2822,"ID_ZONA":"ES050_APSFR_BG008-01_ZFP","ZONA":"Arroyo Riopudio","TIPO_ZONA":"Zona de Flujo Preferente","RIO":"Arroyo del Repudio; Arroyo Sequillo; Sin nombre","LONG_KM":12.03,"HIDROLOGIA":"Método racional","PRECISION_":"MDT 2x2 procedente de LIDAR IGN PNOA","HIDRAUL":"IBER","ESTUDIO":"SNCZI. Zonas inundables del sistema bajo del Guadalquivir","TIPO_EST":"Estudio de Desarrollo del SNCZI","ESCALA_REP":"Planos digitales sin escala","DOCUMENTO":"Elaboración de cartografía de dominio público hidráulico y mapas de peligrosidad y riesgo de la directiva 2007/60 en el marco del SNCZI en las demarcaciones hidrográficas del Guadalquivir, Ceuta y Melilla. Cofinanciado con fondos FEDER","FECHA":1454284800000,"ORGANISMO":"Ministerio de agricultura, alimentación y medio ambiente","CLAVE_EXPE":"CU(CO)-4615","DEMARCACIO":"Guadalquivir","ID_DEMAR":51,"Q_M3_S":"44; 11; 6","Fecha_Lim":1745107200000,"Shape__Area":364795.45916748047,"Shape__Length":26869.214169034916}},{"type":"Feature","id":2905,"geometry":{"type":"MultiPolygon","coordinates":[[[[-5.986436,37.311119],[-5.986607,37.311119],[-5.986777,37.311255],[-5.986948,37.311255],[-5.986948,37.311391],[-5.987119,37.311391],[-5.987289,37.311527],[-5.98746,37.311527],[-5.98746,37.311798],[-5.987289,37.311662],[-5.987119,37.311662],[-5.986948,37.311662],[-5.986948,37.311527],[-5.986777,37.311527],[-5.986777,37.311391],[-5.986607,37.311391],[-5.986607,37.311255],[-5.986436,37.311119]]],[[[-5.985583,37.310576],[-5.985753,37.310576],[-5.985924,37.310576],[-5.985924,37.310712],[-5.986095,37.310712],[-5.986095,37.310848],[-5.986265,37.310848],[-5.986265,37.310984],[-5.986436,37.310984],[-5.986436,37.311119],[-5.986265,37.311119],[-5.986095,37.310984],[-5.985924,37.310984],[-5.985924,37.310848],[-5.985753,37.310848],[-5.985753,37.310712],[-5.985583,37.310712],[-5.985583,37.310576]]],[[[-5.982852,37.308812],[-5.983022,37.308812],[-5.983193,37.308812],[-5.983193,37.308947],[-5.983364,37.308947],[-5.983364,37.309083],[-5.983534,37.309083],[-5.983534,37.309219],[-5.983705,37.309219],[-5.983705,37.309355],[-5.983876,37.309355],[-5.984046,37.30949],[-5.984217,37.30949],[-5.984217,37.309626],[-5.984388,37.309626],[-5.984388,37.309762],[-5.984558,37.309762],[-5.984558,37.309898],[-5.984729,37.309898],[-5.9849,37.310033],[-5.98507,37.310169],[-5.985241,37.310169],[-5.985241,37.310305],[-5.985412,37.310305],[-5.985412,37.310441],[-5.985583,37.310441],[-5.985583,37.310576],[-5.985412,37.310576],[-5.985241,37.310576],[-5.985241,37.310441],[-5.98507,37.310305],[-5.9849,37.310305],[-5.9849,37.310169],[-5.984729,37.310169],[-5.984729,37.310033],[-5.984558,37.310033],[-5.984388,37.310033],[-5.984388,37.309898],[-5.984217,37.309898],[-5.984217,37.309762],[-5.984046,37.309762],[-5.984046,37.309626],[-5.983876,37.309626],[-5.983876,37.30949],[-5.983705,37.30949],[-5.983534,37.30949],[-5.983534,37.309355],[-5.983364,37.309355],[-5.983364,37.309219],[-5.983193,37.309219],[-5.983193,37.309083],[-5.983022,37.308947],[-5.982852,37.308947],[-5.982852,37.308812]]],[[[-5.978073,37.306639],[-5.978243,37.306639],[-5.978414,37.306639],[-5.978585,37.306639],[-5.978755,37.306639],[-5.978926,37.306639],[-5.979097,37.306639],[-5.979097,37.306775],[-5.979267,37.306775],[-5.979438,37.306775],[-5.979609,37.306775],[-5.979609,37.306911],[-5.979779,37.306911],[-5.97995,37.306911],[-5.980121,37.307047],[-5.980291,37.307047],[-5.980291,37.307183],[-5.980462,37.307183],[-5.980633,37.307183],[-5.980633,37.307318],[-5.980803,37.307318],[-5.980803,37.307454],[-5.980974,37.307454],[-5.981145,37.30759],[-5.981145,37.307726],[-5.981316,37.307726],[-5.981486,37.307726],[-5.981486,37.307861],[-5.981657,37.307861],[-5.981657,37.307997],[-5.981828,37.307997],[-5.981828,37.308133],[-5.981998,37.308133],[-5.981998,37.308269],[-5.982169,37.308269],[-5.98234,37.308269],[-5.98234,37.308404],[-5.98251,37.308404],[-5.98251,37.30854],[-5.982681,37.30854],[-5.982681,37.308676],[-5.982852,37.308676],[-5.982852,37.308812],[-5.982681,37.308812],[-5.98251,37.308812],[-5.98251,37.308676],[-5.98234,37.308676],[-5.98234,37.30854],[-5.982169,37.30854],[-5.982169,37.308404],[-5.981998,37.308404],[-5.981828,37.308404],[-5.981828,37.308269],[-5.981657,37.308269],[-5.981657,37.308133],[-5.981486,37.307997],[-5.981316,37.307997],[-5.981316,37.307861],[-5.981145,37.307861],[-5.980974,37.307861],[-5.980974,37.307726],[-5.980803,37.30759],[-5.980633,37.307454],[-5.980462,37.307454],[-5.980462,37.307318],[-5.980291,37.307318],[-5.980121,37.307318],[-5.980121,37.307183],[-5.97995,37.307183],[-5.979779,37.307183],[-5.979779,37.307047],[-5.979609,37.307047],[-5.979438,37.307047],[-5.979438,37.306911],[-5.979267,37.306911],[-5.979097,37.306911],[-5.978926,37.306911],[-5.978755,37.306911],[-5.978755,37.306775],[-5.978585,37.306775],[-5.978414,37.306775],[-5.978243,37.306775],[-5.978073,37.306775],[-5.978073,37.306639]]],[[[-5.920041,37.307861],[-5.920212,37.307861],[-5.920383,37.307861],[-5.920553,37.307861],[-5.920553,37.307997],[-5.920553,37.308133],[-5.920724,37.308133],[-5.920895,37.308133],[-5.921066,37.308133],[-5.920895,37.308269],[-5.920724,37.308269],[-5.920553,37.308269],[-5.920383,37.308269],[-5.920383,37.308404],[-5.920383,37.30854],[-5.920212,37.30854],[-5.920041,37.30854],[-5.919871,37.30854],[-5.9197,37.30854],[-5.919529,37.30854],[-5.919529,37.308676],[-5.919359,37.308676],[-5.919188,37.308676],[-5.919017,37.308676],[-5.919017,37.30854],[-5.918847,37.30854],[-5.918676,37.30854],[-5.918676,37.308404],[-5.918505,37.308404],[-5.918335,37.308404],[-5.918164,37.308404],[-5.918164,37.30854],[-5.917993,37.30854],[-5.917993,37.308404],[-5.917823,37.308404],[-5.917823,37.308133],[-5.917993,37.308133],[-5.918164,37.308133],[-5.918335,37.308133],[-5.918335,37.308269],[-5.918505,37.308269],[-5.918676,37.308269],[-5.918847,37.308269],[-5.919017,37.308269],[-5.919188,37.308269],[-5.919359,37.308269],[-5.919359,37.308133],[-5.919529,37.308133],[-5.9197,37.308133],[-5.9197,37.307997],[-5.919871,37.307997],[-5.920041,37.307997],[-5.920041,37.307861]]],[[[-5.928746,37.306232],[-5.928917,37.306232],[-5.929087,37.306232],[-5.929087,37.306368],[-5.928917,37.306368],[-5.928746,37.306368],[-5.928746,37.306504],[-5.928575,37.306504],[-5.928405,37.306504],[-5.928405,37.306639],[-5.928234,37.306639],[-5.928063,37.306639],[-5.928063,37.306775],[-5.927893,37.306775],[-5.927722,37.306775],[-5.927722,37.306911],[-5.927551,37.306911],[-5.927381,37.306911],[-5.927381,37.307047],[-5.92721,37.307047],[-5.927039,37.307183],[-5.926869,37.307183],[-5.926869,37.307318],[-5.926698,37.307318],[-5.926698,37.307454],[-5.926527,37.307454],[-5.926527,37.30759],[-5.926357,37.30759],[-5.926186,37.30759],[-5.926186,37.307726],[-5.926015,37.307726],[-5.926015,37.307861],[-5.925845,37.307861],[-5.925674,37.307861],[-5.925503,37.307861],[-5.925503,37.307997],[-5.925333,37.307997],[-5.925162,37.307997],[-5.924991,37.307997],[-5.924991,37.308133],[-5.92482,37.308133],[-5.92465,37.308133],[-5.924479,37.308133],[-5.924308,37.308133],[-5.924138,37.308133],[-5.923967,37.308133],[-5.923796,37.308133],[-5.923626,37.308133],[-5.923455,37.308133],[-5.923284,37.308133],[-5.923114,37.308133],[-5.922943,37.308133],[-5.922772,37.308133],[-5.922602,37.308133],[-5.922431,37.308133],[-5.92226,37.308133],[-5.92209,37.308133],[-5.921919,37.308133],[-5.921748,37.308133],[-5.921578,37.308269],[-5.921407,37.308269],[-5.921236,37.308269],[-5.921066,37.308269],[-5.921066,37.308133],[-5.921236,37.308133],[-5.921407,37.308133],[-5.921407,37.307997],[-5.921578,37.307997],[-5.921748,37.307997],[-5.921748,37.307861],[-5.921919,37.307861],[-5.92209,37.307726],[-5.92209,37.307861],[-5.92226,37.307861],[-5.92226,37.307726],[-5.922431,37.307726],[-5.922602,37.307726],[-5.922772,37.307726],[-5.922943,37.307726],[-5.923114,37.307726],[-5.923284,37.307726],[-5.923455,37.307726],[-5.923626,37.307861],[-5.923796,37.307726],[-5.923967,37.307726],[-5.923967,37.307861],[-5.924138,37.307861],[-5.924308,37.307861],[-5.924479,37.307861],[-5.92465,37.307861],[-5.92482,37.307861],[-5.924991,37.307861],[-5.925162,37.307861],[-5.925162,37.307726],[-5.925333,37.307726],[-5.925503,37.307726],[-5.925503,37.30759],[-5.925674,37.30759],[-5.925845,37.30759],[-5.925845,37.307454],[-5.926015,37.307454],[-5.926015,37.307318],[-5.926186,37.307318],[-5.926186,37.307183],[-5.926186,37.307047],[-5.926186,37.306911],[-5.926186,37.306775],[-5.926186,37.306639],[-5.926357,37.306639],[-5.926357,37.306775],[-5.926527,37.306775],[-5.926527,37.306911],[-5.926698,37.306911],[-5.926698,37.307047],[-5.926869,37.307047],[-5.926869,37.306911],[-5.927039,37.306911],[-5.927039,37.306775],[-5.92721,37.306775],[-5.927381,37.306775],[-5.927381,37.306639],[-5.927551,37.306639],[-5.927722,37.306639],[-5.927722,37.306504],[-5.927893,37.306504],[-5.928063,37.306504],[-5.928063,37.306368],[-5.928234,37.306368],[-5.928405,37.306368],[-5.928575,37.306368],[-5.928746,37.306232]]],[[[-5.929087,37.306096],[-5.929258,37.306096],[-5.929429,37.306096],[-5.9296,37.306096],[-5.9296,37.306232],[-5.929429,37.306232],[-5.929258,37.306232],[-5.929087,37.306232],[-5.929087,37.306096]]],[[[-5.930112,37.304196],[-5.930282,37.304196],[-5.930282,37.304332],[-5.930282,37.304467],[-5.930282,37.304603],[-5.930112,37.304739],[-5.930112,37.304875],[-5.930112,37.30501],[-5.929941,37.305146],[-5.929941,37.305282],[-5.929941,37.305418],[-5.92977,37.305553],[-5.92977,37.305689],[-5.92977,37.305825],[-5.9296,37.305825],[-5.9296,37.305689],[-5.9296,37.305553],[-5.92977,37.305418],[-5.92977,37.305282],[-5.92977,37.305146],[-5.92977,37.30501],[-5.929941,37.30501],[-5.929941,37.304875],[-5.929941,37.304739],[-5.929941,37.304603],[-5.930112,37.304603],[-5.930112,37.304467],[-5.930112,37.304332],[-5.930112,37.304196]]],[[[-5.930453,37.30311],[-5.930624,37.30311],[-5.930794,37.30311],[-5.930794,37.303245],[-5.930624,37.303245],[-5.930624,37.303381],[-5.930624,37.303517],[-5.930624,37.303653],[-5.930624,37.303788],[-5.930453,37.303788],[-5.930453,37.303924],[-5.930453,37.30406],[-5.930453,37.304196],[-5.930282,37.304196],[-5.930282,37.30406],[-5.930282,37.303924],[-5.930282,37.303788],[-5.930282,37.303653],[-5.930453,37.303653],[-5.930453,37.303517],[-5.930453,37.303381],[-5.930453,37.303245],[-5.930453,37.30311]]],[[[-5.935403,37.302838],[-5.935573,37.302838],[-5.935573,37.302974],[-5.935403,37.302974],[-5.935403,37.302838]]],[[[-5.944619,37.302567],[-5.94479,37.302567],[-5.94479,37.302702],[-5.944619,37.302702],[-5.944619,37.302567]]],[[[-5.943937,37.302431],[-5.944107,37.302431],[-5.944278,37.302431],[-5.944278,37.302567],[-5.944107,37.302567],[-5.943937,37.302567],[-5.943937,37.302431]]],[[[-5.971757,37.301616],[-5.971928,37.301616],[-5.971928,37.301752],[-5.971757,37.301752],[-5.971757,37.301616]]],[[[-5.943425,37.302159],[-5.943595,37.302159],[-5.943595,37.302295],[-5.943595,37.302431],[-5.943595,37.302567],[-5.943766,37.302567],[-5.943766,37.302702],[-5.943595,37.302702],[-5.943595,37.302838],[-5.943425,37.302838],[-5.943254,37.302838],[-5.943254,37.302974],[-5.943083,37.302974],[-5.942913,37.302974],[-5.942742,37.302974],[-5.942742,37.30311],[-5.942571,37.30311],[-5.942571,37.303245],[-5.942401,37.303245],[-5.94223,37.303245],[-5.94223,37.303381],[-5.942059,37.303381],[-5.941888,37.303381],[-5.941888,37.303245],[-5.941718,37.303245],[-5.941718,37.30311],[-5.941888,37.30311],[-5.941888,37.302974],[-5.942059,37.302974],[-5.94223,37.302974],[-5.94223,37.302838],[-5.942401,37.302838],[-5.942571,37.302838],[-5.942571,37.302702],[-5.942742,37.302567],[-5.942913,37.302567],[-5.943083,37.302567],[-5.943083,37.302431],[-5.943254,37.302431],[-5.943254,37.302295],[-5.943425,37.302295],[-5.943425,37.302159]]],[[[-5.934891,37.302159],[-5.935061,37.302159],[-5.935061,37.302295],[-5.934891,37.302295],[-5.934891,37.302159]]],[[[-5.971075,37.300937],[-5.971245,37.300937],[-5.971245,37.301073],[-5.971416,37.301073],[-5.971587,37.301073],[-5.971757,37.301073],[-5.971928,37.301073],[-5.972099,37.301073],[-5.972099,37.301209],[-5.97227,37.301209],[-5.97244,37.301209],[-5.97244,37.301073],[-5.972611,37.301073],[-5.972782,37.301073],[-5.972952,37.301073],[-5.973123,37.301073],[-5.973294,37.301073],[-5.973294,37.301209],[-5.973464,37.301209],[-5.973635,37.301209],[-5.973806,37.301209],[-5.973806,37.301345],[-5.973976,37.301345],[-5.973976,37.30148],[-5.974147,37.30148],[-5.974147,37.301616],[-5.974318,37.301616],[-5.974488,37.301616],[-5.974488,37.301752],[-5.974659,37.301752],[-5.97483,37.301888],[-5.975,37.301888],[-5.975,37.302024],[-5.975171,37.302024],[-5.975171,37.302159],[-5.975342,37.302159],[-5.975512,37.302159],[-5.975683,37.302159],[-5.975683,37.302295],[-5.975854,37.302431],[-5.976024,37.302431],[-5.976024,37.302567],[-5.976024,37.302702],[-5.976195,37.302702],[-5.976195,37.302838],[-5.976195,37.302974],[-5.976024,37.302974],[-5.976024,37.30311],[-5.976024,37.303245],[-5.976024,37.303381],[-5.976195,37.303381],[-5.976195,37.303517],[-5.976195,37.303653],[-5.976366,37.303653],[-5.976366,37.303517],[-5.976537,37.303517],[-5.976537,37.303381],[-5.976366,37.303381],[-5.976366,37.303245],[-5.976366,37.30311],[-5.976366,37.302974],[-5.976366,37.302838],[-5.976537,37.302838],[-5.976537,37.302974],[-5.976537,37.30311],[-5.976707,37.30311],[-5.976878,37.30311],[-5.976878,37.303245],[-5.976878,37.303381],[-5.977049,37.303381],[-5.977049,37.303517],[-5.977219,37.303517],[-5.977219,37.303653],[-5.97739,37.303788],[-5.977561,37.303788],[-5.977561,37.303924],[-5.977731,37.303924],[-5.977731,37.30406],[-5.977731,37.304196],[-5.977902,37.304196],[-5.977902,37.304332],[-5.977902,37.304467],[-5.977902,37.304603],[-5.978073,37.304603],[-5.978073,37.304739],[-5.978073,37.304875],[-5.978073,37.30501],[-5.977902,37.30501],[-5.977902,37.305146],[-5.978073,37.305146],[-5.977902,37.305282],[-5.977902,37.305418],[-5.977902,37.305553],[-5.977902,37.305689],[-5.977731,37.305689],[-5.977731,37.305825],[-5.977731,37.305961],[-5.977731,37.306096],[-5.977561,37.306096],[-5.977561,37.306232],[-5.977561,37.306368],[-5.977731,37.306368],[-5.977731,37.306504],[-5.977902,37.306504],[-5.977902,37.306639],[-5.977731,37.306639],[-5.977561,37.306639],[-5.97739,37.306639],[-5.977219,37.306639],[-5.977219,37.306504],[-5.977049,37.306504],[-5.976878,37.306504],[-5.976878,37.306368],[-5.976707,37.306368],[-5.976707,37.306232],[-5.976537,37.306232],[-5.976537,37.306096],[-5.976366,37.306096],[-5.976366,37.305961],[-5.976195,37.305961],[-5.976024,37.305961],[-5.976024,37.305825],[-5.976195,37.305825],[-5.976195,37.305689],[-5.976024,37.305689],[-5.976024,37.305553],[-5.976195,37.305553],[-5.976195,37.305418],[-5.976195,37.305282],[-5.976024,37.305282],[-5.976024,37.305146],[-5.976024,37.30501],[-5.976024,37.304875],[-5.976024,37.304739],[-5.976024,37.304603],[-5.975854,37.304603],[-5.975854,37.304467],[-5.975854,37.304332],[-5.975854,37.304196],[-5.975854,37.30406],[-5.975683,37.30406],[-5.975683,37.303924],[-5.975512,37.303788],[-5.975512,37.303653],[-5.975342,37.303653],[-5.975342,37.303517],[-5.975342,37.303381],[-5.975171,37.303381],[-5.975171,37.303245],[-5.975,37.303245],[-5.975,37.30311],[-5.975,37.302974],[-5.97483,37.302974],[-5.974659,37.302974],[-5.974659,37.302838],[-5.974488,37.302838],[-5.974488,37.302702],[-5.974488,37.302567],[-5.974318,37.302567],[-5.974318,37.302431],[-5.974318,37.302295],[-5.974147,37.302295],[-5.974147,37.302159],[-5.973976,37.302159],[-5.973806,37.302159],[-5.973635,37.302159],[-5.973635,37.302024],[-5.973806,37.302024],[-5.973806,37.301888],[-5.973806,37.301752],[-5.973635,37.301752],[-5.973635,37.301616],[-5.973464,37.301616],[-5.973294,37.301616],[-5.973123,37.301616],[-5.973123,37.30148],[-5.972952,37.30148],[-5.972782,37.30148],[-5.972611,37.30148],[-5.97244,37.30148],[-5.97227,37.30148],[-5.97227,37.301616],[-5.972099,37.301616],[-5.971928,37.301616],[-5.971928,37.30148],[-5.971757,37.30148],[-5.971757,37.301345],[-5.971587,37.301345],[-5.971416,37.301209],[-5.971245,37.301209],[-5.971075,37.301209],[-5.971075,37.301073],[-5.971075,37.300937]]],[[[-5.931648,37.301616],[-5.931818,37.301616],[-5.931818,37.301752],[-5.931989,37.301752],[-5.931989,37.301616],[-5.93216,37.301616],[-5.93233,37.301616],[-5.932501,37.301616],[-5.932672,37.301616],[-5.932672,37.301752],[-5.932842,37.301752],[-5.933013,37.301752],[-5.933013,37.301888],[-5.933184,37.301888],[-5.933184,37.301752],[-5.933354,37.301752],[-5.933525,37.301888],[-5.933696,37.301888],[-5.933867,37.301888],[-5.934037,37.301888],[-5.934208,37.301888],[-5.934208,37.302024],[-5.934379,37.302024],[-5.934549,37.302024],[-5.934549,37.302159],[-5.934549,37.302295],[-5.93472,37.302295],[-5.93472,37.302431],[-5.934891,37.302431],[-5.935061,37.302431],[-5.935061,37.302295],[-5.935232,37.302295],[-5.935232,37.302159],[-5.935403,37.302159],[-5.935403,37.302295],[-5.935573,37.302295],[-5.935744,37.302295],[-5.935915,37.302295],[-5.935915,37.302431],[-5.936085,37.302431],[-5.936256,37.302431],[-5.936427,37.302431],[-5.936427,37.302567],[-5.936597,37.302567],[-5.936597,37.302702],[-5.936768,37.302702],[-5.936939,37.302702],[-5.936939,37.302567],[-5.937109,37.302567],[-5.93728,37.302567],[-5.937451,37.302567],[-5.937621,37.302567],[-5.937792,37.302567],[-5.937963,37.302567],[-5.937963,37.302702],[-5.937963,37.302838],[-5.938134,37.302838],[-5.938134,37.302974],[-5.938304,37.302974],[-5.938475,37.302974],[-5.938646,37.302974],[-5.938816,37.302974],[-5.938816,37.30311],[-5.938987,37.30311],[-5.938987,37.303245],[-5.939158,37.303245],[-5.939328,37.303245],[-5.939499,37.303245],[-5.939499,37.303381],[-5.93967,37.303381],[-5.93984,37.303381],[-5.940011,37.303381],[-5.940182,37.303381],[-5.940352,37.303381],[-5.940523,37.303381],[-5.940694,37.303381],[-5.940694,37.303245],[-5.940864,37.303245],[-5.941035,37.303245],[-5.941206,37.303245],[-5.941206,37.30311],[-5.941376,37.30311],[-5.941376,37.303245],[-5.941547,37.303245],[-5.941718,37.303245],[-5.941718,37.303381],[-5.941547,37.303381],[-5.941376,37.303381],[-5.941206,37.303381],[-5.941035,37.303381],[-5.940864,37.303381],[-5.940864,37.303517],[-5.940694,37.303517],[-5.940523,37.303517],[-5.940352,37.303517],[-5.940182,37.303517],[-5.940011,37.303517],[-5.93984,37.303517],[-5.93967,37.303517],[-5.939499,37.303653],[-5.939328,37.303653],[-5.939158,37.303653],[-5.938987,37.303653],[-5.938987,37.303517],[-5.938987,37.303381],[-5.938816,37.303381],[-5.938816,37.303245],[-5.938646,37.303245],[-5.938646,37.30311],[-5.938475,37.30311],[-5.938475,37.303245],[-5.938304,37.303245],[-5.938304,37.30311],[-5.938134,37.30311],[-5.937963,37.30311],[-5.937792,37.30311],[-5.937792,37.302974],[-5.937621,37.302974],[-5.937451,37.302974],[-5.93728,37.302974],[-5.93728,37.302838],[-5.937109,37.302838],[-5.937109,37.302974],[-5.936939,37.302974],[-5.936768,37.302974],[-5.936597,37.302974],[-5.936427,37.302974],[-5.936256,37.302974],[-5.936085,37.302974],[-5.935915,37.302838],[-5.935744,37.302838],[-5.935744,37.302702],[-5.935915,37.302702],[-5.936085,37.302702],[-5.936085,37.302567],[-5.935915,37.302567],[-5.935744,37.302567],[-5.935573,37.302567],[-5.935403,37.302567],[-5.935403,37.302702],[-5.935403,37.302838],[-5.935232,37.302838],[-5.935061,37.302702],[-5.934891,37.302702],[-5.93472,37.302702],[-5.93472,37.302567],[-5.934549,37.302567],[-5.934379,37.302567],[-5.934379,37.302431],[-5.934208,37.302431],[-5.934208,37.302295],[-5.934037,37.302295],[-5.933867,37.302295],[-5.933696,37.302295],[-5.933696,37.302159],[-5.933525,37.302159],[-5.933525,37.302024],[-5.933354,37.302024],[-5.933184,37.302024],[-5.933013,37.302024],[-5.932842,37.302024],[-5.932672,37.302024],[-5.932672,37.302159],[-5.932501,37.302159],[-5.93233,37.302159],[-5.93216,37.302159],[-5.93216,37.302024],[-5.931989,37.302024],[-5.931818,37.302024],[-5.931648,37.302024],[-5.931477,37.302024],[-5.931306,37.302024],[-5.931306,37.302159],[-5.931136,37.302159],[-5.931136,37.302295],[-5.931136,37.302431],[-5.931136,37.302567],[-5.931136,37.302702],[-5.931136,37.302838],[-5.931136,37.302974],[-5.930965,37.302974],[-5.930965,37.30311],[-5.930794,37.30311],[-5.930794,37.302974],[-5.930794,37.302838],[-5.930965,37.302838],[-5.930965,37.302702],[-5.930965,37.302567],[-5.930965,37.302431],[-5.930965,37.302295],[-5.930794,37.302295],[-5.930794,37.302159],[-5.930794,37.302024],[-5.930965,37.302024],[-5.930965,37.301888],[-5.931136,37.301888],[-5.931136,37.301752],[-5.931306,37.301752],[-5.931477,37.301752],[-5.931648,37.301616]]],[[[-5.970392,37.30053],[-5.970563,37.30053],[-5.970733,37.30053],[-5.970733,37.300666],[-5.970904,37.300666],[-5.970904,37.300802],[-5.971075,37.300802],[-5.971075,37.300937],[-5.970904,37.300937],[-5.970733,37.300937],[-5.970733,37.300802],[-5.970563,37.300802],[-5.970563,37.300666],[-5.970392,37.300666],[-5.970392,37.30053]]],[[[-5.970221,37.300394],[-5.970392,37.300394],[-5.970392,37.30053],[-5.970221,37.30053],[-5.970221,37.300394]]],[[[-5.969709,37.300123],[-5.96988,37.300123],[-5.970051,37.300123],[-5.970051,37.300259],[-5.970221,37.300259],[-5.970221,37.300394],[-5.970051,37.300394],[-5.96988,37.300259],[-5.969709,37.300259],[-5.969709,37.300123]]],[[[-5.947521,37.300666],[-5.947692,37.300666],[-5.947692,37.300802],[-5.947521,37.300802],[-5.947521,37.300666]]],[[[-5.969368,37.299851],[-5.969539,37.299851],[-5.969709,37.299987],[-5.969709,37.300123],[-5.969539,37.300123],[-5.969539,37.299987],[-5.969368,37.299987],[-5.969368,37.299851]]],[[[-5.948204,37.299987],[-5.948374,37.299987],[-5.948374,37.300123],[-5.948204,37.299987]]],[[[-5.968685,37.299444],[-5.968856,37.299444],[-5.968856,37.29958],[-5.969027,37.29958],[-5.969197,37.29958],[-5.969197,37.299715],[-5.969368,37.299715],[-5.969368,37.299851],[-5.969197,37.299851],[-5.969027,37.299715],[-5.968856,37.299715],[-5.968856,37.299851],[-5.968685,37.299851],[-5.968685,37.299715],[-5.968685,37.29958],[-5.968685,37.299444]]],[[[-5.968515,37.299308],[-5.968685,37.299308],[-5.968685,37.299444],[-5.968515,37.299444],[-5.968515,37.299308]]],[[[-5.968173,37.299172],[-5.968344,37.299172],[-5.968344,37.299308],[-5.968173,37.299172]]],[[[-5.968003,37.299037],[-5.968173,37.299037],[-5.968173,37.299172],[-5.968003,37.299037]]],[[[-5.967832,37.298901],[-5.968003,37.298901],[-5.968003,37.299037],[-5.967832,37.299037],[-5.967832,37.298901]]],[[[-5.967661,37.298765],[-5.967832,37.298765],[-5.967832,37.298901],[-5.967661,37.298901],[-5.967661,37.298765]]],[[[-5.946838,37.299172],[-5.947009,37.299172],[-5.94718,37.299172],[-5.94735,37.299172],[-5.94735,37.299308],[-5.947521,37.299308],[-5.947521,37.299444],[-5.947692,37.299444],[-5.947692,37.29958],[-5.947862,37.29958],[-5.947862,37.299715],[-5.948033,37.299715],[-5.948204,37.299715],[-5.948204,37.299851],[-5.948033,37.299851],[-5.948033,37.299987],[-5.947862,37.299987],[-5.947862,37.300123],[-5.947862,37.300259],[-5.947862,37.300394],[-5.947692,37.300394],[-5.947692,37.30053],[-5.947521,37.30053],[-5.947521,37.300666],[-5.94735,37.300666],[-5.94718,37.300666],[-5.94718,37.300802],[-5.94718,37.300937],[-5.94718,37.301073],[-5.947009,37.301073],[-5.947009,37.301209],[-5.947009,37.301345],[-5.946838,37.301345],[-5.946838,37.30148],[-5.946838,37.301616],[-5.946668,37.301616],[-5.946668,37.301752],[-5.946497,37.301752],[-5.946497,37.301888],[-5.946326,37.301888],[-5.946155,37.301888],[-5.945985,37.301888],[-5.945985,37.302024],[-5.945814,37.302024],[-5.945814,37.301888],[-5.945643,37.301888],[-5.945643,37.302024],[-5.945473,37.302024],[-5.945473,37.302159],[-5.945302,37.302159],[-5.945131,37.302159],[-5.945131,37.302295],[-5.944961,37.302295],[-5.94479,37.302295],[-5.94479,37.302431],[-5.944619,37.302431],[-5.944619,37.302567],[-5.944449,37.302567],[-5.944449,37.302431],[-5.944278,37.302431],[-5.944278,37.302295],[-5.944449,37.302295],[-5.944619,37.302295],[-5.944619,37.302159],[-5.94479,37.302159],[-5.944961,37.302159],[-5.945131,37.302024],[-5.945302,37.302024],[-5.945302,37.301888],[-5.945473,37.301888],[-5.945473,37.301752],[-5.945643,37.301752],[-5.945814,37.301752],[-5.945985,37.301752],[-5.946155,37.301752],[-5.946155,37.301616],[-5.946326,37.301616],[-5.946326,37.30148],[-5.946497,37.30148],[-5.946497,37.301345],[-5.946668,37.301345],[-5.946668,37.301209],[-5.946668,37.301073],[-5.946838,37.301073],[-5.946838,37.300937],[-5.946838,37.300802],[-5.947009,37.300802],[-5.947009,37.300666],[-5.947009,37.30053],[-5.94718,37.30053],[-5.94718,37.300394],[-5.94718,37.300259],[-5.94718,37.300123],[-5.94735,37.300123],[-5.94735,37.299987],[-5.947521,37.299987],[-5.947521,37.299851],[-5.947521,37.299715],[-5.94735,37.299715],[-5.94718,37.299715],[-5.947009,37.299715],[-5.946838,37.299715],[-5.946668,37.299715],[-5.946668,37.29958],[-5.946668,37.299444],[-5.946838,37.299444],[-5.946838,37.299308],[-5.946838,37.299172]]],[[[-5.96749,37.298629],[-5.967661,37.298629],[-5.967661,37.298765],[-5.96749,37.298765],[-5.96749,37.298629]]],[[[-5.950422,37.299037],[-5.950593,37.299037],[-5.950593,37.299172],[-5.950422,37.299172],[-5.950422,37.299037]]],[[[-5.948716,37.299037],[-5.948886,37.299037],[-5.948886,37.299172],[-5.949057,37.299172],[-5.949228,37.299172],[-5.949228,37.299308],[-5.949398,37.299444],[-5.949569,37.299444],[-5.949569,37.29958],[-5.94974,37.29958],[-5.94974,37.299715],[-5.94991,37.299715],[-5.94991,37.299851],[-5.950081,37.299851],[-5.950081,37.299987],[-5.94991,37.299987],[-5.94974,37.299987],[-5.94974,37.299851],[-5.949569,37.299851],[-5.949569,37.299987],[-5.949569,37.300123],[-5.949398,37.300123],[-5.949228,37.300123],[-5.949228,37.300259],[-5.949057,37.300259],[-5.948886,37.300259],[-5.948886,37.300123],[-5.948716,37.300123],[-5.948716,37.299987],[-5.948545,37.299987],[-5.948545,37.299851],[-5.948545,37.299715],[-5.948374,37.299715],[-5.948204,37.299715],[-5.948204,37.29958],[-5.948374,37.29958],[-5.948374,37.299444],[-5.948545,37.299444],[-5.948545,37.299308],[-5.948716,37.299308],[-5.948716,37.299172],[-5.948716,37.299037]]],[[[-5.963223,37.298629],[-5.963394,37.298629],[-5.963394,37.298765],[-5.963223,37.298765],[-5.963053,37.298765],[-5.963223,37.298629]]],[[[-5.962711,37.298629],[-5.962882,37.298629],[-5.962882,37.298765],[-5.962711,37.298765],[-5.962711,37.298629]]],[[[-5.962199,37.298629],[-5.96237,37.298629],[-5.96237,37.298765],[-5.962199,37.298765],[-5.962199,37.298629]]],[[[-5.949228,37.298901],[-5.949398,37.298901],[-5.949398,37.299037],[-5.949228,37.299037],[-5.949228,37.298901]]],[[[-5.948545,37.298901],[-5.948716,37.298901],[-5.948716,37.299037],[-5.948545,37.299037],[-5.948545,37.298901]]],[[[-5.963394,37.298493],[-5.963565,37.298493],[-5.963565,37.298629],[-5.963394,37.298629],[-5.963394,37.298493]]],[[[-5.961858,37.298493],[-5.962029,37.298493],[-5.962029,37.298629],[-5.961858,37.298629],[-5.961858,37.298493]]],[[[-5.966808,37.298358],[-5.966978,37.298358],[-5.966978,37.298493],[-5.966808,37.298358]]],[[[-5.948374,37.298765],[-5.948545,37.298765],[-5.948545,37.298901],[-5.948374,37.298901],[-5.948374,37.298765]]],[[[-5.964077,37.298358],[-5.964248,37.298358],[-5.964418,37.298358],[-5.964589,37.298358],[-5.96476,37.298358],[-5.96493,37.298358],[-5.965101,37.298358],[-5.965101,37.298493],[-5.96493,37.298493],[-5.96476,37.298493],[-5.964589,37.298493],[-5.964418,37.298493],[-5.964248,37.298493],[-5.964077,37.298493],[-5.964077,37.298358]]],[[[-5.963565,37.298358],[-5.963736,37.298358],[-5.963736,37.298493],[-5.963565,37.298493],[-5.963565,37.298358]]],[[[-5.961346,37.298358],[-5.961517,37.298358],[-5.961687,37.298358],[-5.961687,37.298493],[-5.961517,37.298493],[-5.961346,37.298358]]],[[[-5.961005,37.298358],[-5.961175,37.298358],[-5.961175,37.298493],[-5.961005,37.298493],[-5.961005,37.298358]]],[[[-5.965101,37.298222],[-5.965272,37.298222],[-5.965442,37.298222],[-5.965613,37.298222],[-5.965784,37.298222],[-5.965954,37.298222],[-5.966125,37.298222],[-5.966296,37.298222],[-5.966466,37.298222],[-5.966466,37.298358],[-5.966296,37.298358],[-5.966125,37.298358],[-5.965954,37.298358],[-5.965784,37.298358],[-5.965613,37.298358],[-5.965442,37.298358],[-5.965272,37.298358],[-5.965101,37.298358],[-5.965101,37.298222]]],[[[-5.960663,37.298222],[-5.960834,37.298222],[-5.960834,37.298358],[-5.960663,37.298358],[-5.960663,37.298222]]],[[[-5.94974,37.298358],[-5.94991,37.298358],[-5.94991,37.298493],[-5.950081,37.298493],[-5.950081,37.298629],[-5.950252,37.298629],[-5.950252,37.298493],[-5.950422,37.298493],[-5.950593,37.298493],[-5.950593,37.298358],[-5.950764,37.298358],[-5.950935,37.298358],[-5.951105,37.298358],[-5.951105,37.298493],[-5.950935,37.298493],[-5.950764,37.298493],[-5.950764,37.298629],[-5.950593,37.298629],[-5.950422,37.298629],[-5.950422,37.298765],[-5.950252,37.298765],[-5.950081,37.298765],[-5.950252,37.298901],[-5.950081,37.298901],[-5.94991,37.298901],[-5.94974,37.298901],[-5.949569,37.298901],[-5.949398,37.298901],[-5.949398,37.298765],[-5.949569,37.298765],[-5.949569,37.298629],[-5.94974,37.298629],[-5.94974,37.298493],[-5.94974,37.298358]]],[[[-5.960322,37.298086],[-5.960493,37.298086],[-5.960493,37.298222],[-5.960322,37.298222],[-5.960322,37.298086]]],[[[-5.959127,37.297815],[-5.959298,37.29795],[-5.959469,37.29795],[-5.959639,37.29795],[-5.95981,37.29795],[-5.95981,37.298086],[-5.959639,37.298086],[-5.959469,37.298086],[-5.959298,37.298086],[-5.959127,37.29795],[-5.959127,37.297815]]],[[[-5.958786,37.297679],[-5.958956,37.297679],[-5.959127,37.297815],[-5.958956,37.297815],[-5.958786,37.297679]]],[[[-5.958615,37.297543],[-5.958786,37.297543],[-5.958786,37.297679],[-5.958615,37.297543]]],[[[-5.953495,37.297407],[-5.953665,37.297407],[-5.953836,37.297407],[-5.953836,37.297543],[-5.953665,37.297543],[-5.953665,37.297679],[-5.953495,37.297679],[-5.953495,37.297815],[-5.953324,37.297815],[-5.953153,37.29795],[-5.952983,37.29795],[-5.952812,37.298086],[-5.952641,37.298086],[-5.952471,37.298086],[-5.9523,37.298222],[-5.952129,37.298222],[-5.951959,37.298222],[-5.951788,37.298222],[-5.951617,37.298222],[-5.951617,37.298358],[-5.951447,37.298358],[-5.951276,37.298358],[-5.951105,37.298358],[-5.951105,37.298222],[-5.951276,37.298222],[-5.951276,37.298086],[-5.951447,37.298086],[-5.951617,37.298086],[-5.951788,37.298086],[-5.951959,37.298086],[-5.952129,37.298086],[-5.9523,37.298086],[-5.952471,37.29795],[-5.952641,37.29795],[-5.952641,37.297815],[-5.952812,37.297815],[-5.952983,37.297815],[-5.952983,37.297679],[-5.953153,37.297679],[-5.953153,37.297543],[-5.953324,37.297543],[-5.953495,37.297543],[-5.953495,37.297407]]],[[[-5.954007,37.297136],[-5.954177,37.297136],[-5.954348,37.297136],[-5.954348,37.297271],[-5.954177,37.297271],[-5.954177,37.297407],[-5.954007,37.297407],[-5.953836,37.297407],[-5.953836,37.297271],[-5.954007,37.297271],[-5.954007,37.297136]]],[[[-5.954348,37.297],[-5.954519,37.297],[-5.954519,37.297136],[-5.954348,37.297136],[-5.954348,37.297]]],[[[-5.955031,37.296864],[-5.955202,37.296864],[-5.955372,37.296864],[-5.955372,37.297],[-5.955372,37.297136],[-5.955202,37.297136],[-5.955031,37.297136],[-5.95486,37.297136],[-5.954689,37.297136],[-5.954689,37.297],[-5.95486,37.297],[-5.955031,37.297],[-5.955031,37.296864]]],[[[-5.955202,37.296593],[-5.955372,37.296593],[-5.955372,37.296728],[-5.955202,37.296728],[-5.955202,37.296593]]],[[[-5.955543,37.296185],[-5.955714,37.296185],[-5.955884,37.296185],[-5.955884,37.296321],[-5.956055,37.296321],[-5.956226,37.296321],[-5.956396,37.296321],[-5.956567,37.296321],[-5.956738,37.296321],[-5.956738,37.296457],[-5.956908,37.296457],[-5.956908,37.296593],[-5.957079,37.296593],[-5.95725,37.296728],[-5.95742,37.296728],[-5.957591,37.296728],[-5.957591,37.296864],[-5.957762,37.296864],[-5.957762,37.297],[-5.957932,37.297],[-5.957932,37.297136],[-5.958103,37.297136],[-5.958274,37.297136],[-5.958274,37.297271],[-5.958444,37.297271],[-5.958615,37.297271],[-5.958615,37.297407],[-5.958615,37.297543],[-5.958444,37.297543],[-5.958444,37.297407],[-5.958274,37.297407],[-5.958103,37.297407],[-5.957932,37.297407],[-5.957762,37.297407],[-5.957762,37.297271],[-5.957591,37.297271],[-5.957591,37.297136],[-5.95742,37.297136],[-5.95742,37.297],[-5.95725,37.297],[-5.95725,37.296864],[-5.957079,37.296864],[-5.956908,37.296864],[-5.956908,37.296728],[-5.956738,37.296728],[-5.956738,37.296593],[-5.956567,37.296593],[-5.956567,37.296457],[-5.956396,37.296457],[-5.956226,37.296457],[-5.956055,37.296457],[-5.955884,37.296457],[-5.955884,37.296593],[-5.955714,37.296593],[-5.955543,37.296593],[-5.955543,37.296457],[-5.955714,37.296457],[-5.955714,37.296321],[-5.955543,37.296321],[-5.955543,37.296185]]]]},"properties":{"OBJECTID":2905,"ID_ZONA":"ES050_APSFR_BG061-01_ZFP","ZONA":"Arroyo de las Culebras en Dos Hermanas","TIPO_ZONA":"Zona de Flujo Preferente","RIO":"Arroyo de Baena; Río Guadaira","LONG_KM":7.65,"HIDROLOGIA":"CAUMAX","PRECISION_":"MDT 1x1 procedente de LIDAR IGN PNOA","HIDRAUL":"IBER","ESTUDIO":"SNCZI. Zonas inundables del sistema bajo del Guadalquivir","TIPO_EST":"Estudio de Desarrollo del SNCZI","ESCALA_REP":"Planos digitales sin escala","DOCUMENTO":"Implantación y seguimiento del plan de gestión del riesgo de inundación de las demarcaciones hidrográficas del Guadalquivir, Ceuta y Melilla. Fase 1. Revisión de la EPRI y mapas de peligrosidad y riesgo de inundación","FECHA":1587340800000,"ORGANISMO":"Ministerio para la transición ecológica","CLAVE_EXPE":"05.840-0015/0411","DEMARCACIO":"Guadalquivir","ID_DEMAR":51,"Q_M3_S":"37; 923","Fecha_Lim":1745107200000,"Shape__Area":258360.80395507813,"Shape__Length":18837.820010776963}},{"type":"Feature","id":2902,"geometry":{"type":"MultiPolygon","coordinates":[[[[-5.981145,37.491858],[-5.981145,37.491993],[-5.981064,37.491922],[-5.981145,37.491858]]],[[[-5.980291,37.491181],[-5.980462,37.491181],[-5.980462,37.491316],[-5.980291,37.491316],[-5.980291,37.491181]]],[[[-5.979438,37.491181],[-5.979609,37.491181],[-5.979267,37.491316],[-5.979438,37.491181]]],[[[-5.976878,37.49091],[-5.97739,37.49091],[-5.97739,37.491045],[-5.976878,37.49091]]],[[[-5.978755,37.490504],[-5.978926,37.490775],[-5.978926,37.49091],[-5.978755,37.49091],[-5.978755,37.490775],[-5.978755,37.490639],[-5.978755,37.490504]]],[[[-5.978414,37.490504],[-5.978585,37.490504],[-5.978755,37.490504],[-5.978414,37.490639],[-5.978073,37.490639],[-5.978414,37.490504]]],[[[-5.981316,37.490368],[-5.981486,37.490368],[-5.981316,37.490504],[-5.981316,37.490368]]],[[[-5.978755,37.490097],[-5.979097,37.490097],[-5.978926,37.490233],[-5.978414,37.490233],[-5.978755,37.490097]]],[[[-5.98234,37.489962],[-5.98251,37.490097],[-5.982681,37.490233],[-5.98251,37.490233],[-5.982681,37.490368],[-5.982681,37.490504],[-5.98234,37.490639],[-5.98251,37.490504],[-5.98234,37.490504],[-5.98234,37.490368],[-5.982169,37.490233],[-5.982169,37.490097],[-5.98234,37.489962]]],[[[-5.980121,37.489962],[-5.980291,37.489962],[-5.980291,37.490097],[-5.980121,37.489962]]],[[[-5.981486,37.489827],[-5.981486,37.489962],[-5.981316,37.489962],[-5.981486,37.489827]]],[[[-5.986607,37.489556],[-5.986777,37.489827],[-5.986777,37.490368],[-5.986095,37.490639],[-5.985241,37.491045],[-5.9849,37.491181],[-5.984729,37.49091],[-5.9849,37.491045],[-5.986607,37.490368],[-5.986607,37.489962],[-5.986607,37.489827],[-5.986607,37.489691],[-5.986607,37.489556]]],[[[-5.977561,37.489691],[-5.977731,37.489691],[-5.977902,37.489691],[-5.978073,37.489962],[-5.978073,37.490233],[-5.978073,37.490504],[-5.977902,37.490368],[-5.977902,37.490097],[-5.977731,37.490097],[-5.97739,37.490097],[-5.977219,37.489962],[-5.97739,37.489827],[-5.97739,37.489962],[-5.977561,37.489962],[-5.977731,37.489962],[-5.977902,37.489962],[-5.977902,37.489827],[-5.977731,37.489827],[-5.977561,37.489827],[-5.977561,37.489691]]],[[[-5.984046,37.489149],[-5.984217,37.489149],[-5.984217,37.489285],[-5.984046,37.489149]]],[[[-5.983364,37.488879],[-5.983534,37.489014],[-5.983364,37.489014],[-5.983364,37.488879]]],[[[-5.983022,37.488608],[-5.983193,37.488608],[-5.983193,37.488743],[-5.983022,37.488743],[-5.983022,37.488608]]],[[[-5.981657,37.488337],[-5.981828,37.488337],[-5.981657,37.488472],[-5.981486,37.488472],[-5.981657,37.488337]]],[[[-5.983364,37.488201],[-5.983534,37.488201],[-5.983534,37.488337],[-5.983364,37.488337],[-5.983364,37.488201]]],[[[-5.981998,37.488201],[-5.982169,37.488201],[-5.982169,37.488337],[-5.981998,37.488201]]],[[[-5.979097,37.488201],[-5.979267,37.488337],[-5.979097,37.488337],[-5.979097,37.488201]]],[[[-5.978585,37.488201],[-5.978755,37.488337],[-5.978585,37.488337],[-5.978585,37.488201]]],[[[-5.983705,37.488066],[-5.983876,37.488066],[-5.983876,37.488201],[-5.983705,37.488201],[-5.983705,37.488066]]],[[[-5.978073,37.488066],[-5.978243,37.488066],[-5.978585,37.488066],[-5.978755,37.488066],[-5.978755,37.488201],[-5.978585,37.488201],[-5.978073,37.488066]]],[[[-5.978333,37.487931],[-5.978414,37.487931],[-5.978243,37.488066],[-5.978333,37.487931]]],[[[-5.985412,37.487389],[-5.985583,37.487389],[-5.985753,37.487389],[-5.985583,37.487524],[-5.985412,37.487524],[-5.985412,37.487389]]],[[[-5.979097,37.487524],[-5.979097,37.48766],[-5.979267,37.487931],[-5.979267,37.488066],[-5.979779,37.487795],[-5.979779,37.487931],[-5.979438,37.488066],[-5.979267,37.488201],[-5.979097,37.488201],[-5.978926,37.488201],[-5.979097,37.488066],[-5.978926,37.487931],[-5.978926,37.487795],[-5.978414,37.487795],[-5.978926,37.48766],[-5.979097,37.487524]]],[[[-5.978845,37.487524],[-5.978926,37.487524],[-5.978926,37.48766],[-5.978845,37.487524]]],[[[-5.978755,37.487389],[-5.978845,37.487524],[-5.978755,37.487524],[-5.978755,37.487389]]],[[[-5.979267,37.487253],[-5.979267,37.487389],[-5.979097,37.487524],[-5.979097,37.487389],[-5.979267,37.487253]]],[[[-5.985583,37.486983],[-5.985753,37.487118],[-5.985924,37.487253],[-5.985753,37.487389],[-5.985583,37.487253],[-5.985583,37.487118],[-5.985583,37.486983]]],[[[-5.979779,37.487118],[-5.97995,37.487118],[-5.97995,37.487253],[-5.979779,37.487118]]],[[[-5.979267,37.487118],[-5.979384,37.487118],[-5.979267,37.487253],[-5.979267,37.487118]]],[[[-5.978243,37.486983],[-5.978414,37.486983],[-5.978414,37.487118],[-5.978243,37.486983]]],[[[-5.981657,37.486847],[-5.981828,37.486847],[-5.981828,37.486983],[-5.981657,37.486847]]],[[[-5.981316,37.486847],[-5.981486,37.486847],[-5.981486,37.486983],[-5.981316,37.486847]]],[[[-5.985412,37.486712],[-5.985583,37.486712],[-5.985583,37.486847],[-5.985583,37.486983],[-5.985412,37.486983],[-5.985412,37.486847],[-5.985412,37.486712]]],[[[-5.979609,37.486847],[-5.979438,37.487118],[-5.979384,37.487118],[-5.979609,37.486847]]],[[[-5.985753,37.486576],[-5.985924,37.486576],[-5.986095,37.486576],[-5.985924,37.486712],[-5.985753,37.486712],[-5.985583,37.486712],[-5.985753,37.486576]]],[[[-5.982852,37.486576],[-5.983022,37.486712],[-5.983364,37.486576],[-5.983364,37.486712],[-5.983705,37.487524],[-5.983876,37.48766],[-5.983876,37.487795],[-5.984046,37.488066],[-5.983876,37.488066],[-5.983534,37.487524],[-5.983193,37.486847],[-5.982852,37.486983],[-5.983022,37.487389],[-5.983364,37.487931],[-5.983364,37.488066],[-5.983364,37.488201],[-5.983193,37.488066],[-5.982681,37.486983],[-5.98234,37.487118],[-5.982169,37.487118],[-5.981828,37.487253],[-5.981828,37.487118],[-5.981998,37.487118],[-5.982852,37.486847],[-5.982852,37.486576]]],[[[-5.981145,37.486576],[-5.981316,37.486576],[-5.981316,37.486712],[-5.981145,37.486712],[-5.981145,37.486576]]],[[[-5.986095,37.486441],[-5.986265,37.486441],[-5.986095,37.486576],[-5.986095,37.486441]]],[[[-5.981486,37.486305],[-5.981486,37.486441],[-5.981316,37.486441],[-5.981145,37.486576],[-5.980974,37.486576],[-5.981145,37.486441],[-5.981486,37.486305]]],[[[-5.981064,37.486305],[-5.981145,37.486305],[-5.981145,37.486441],[-5.981064,37.486305]]],[[[-5.980974,37.48617],[-5.981064,37.486305],[-5.980974,37.486305],[-5.980974,37.48617]]],[[[-5.979609,37.486034],[-5.979779,37.48617],[-5.979779,37.486305],[-5.979438,37.486441],[-5.979438,37.486576],[-5.979267,37.486441],[-5.979267,37.486305],[-5.979438,37.486305],[-5.979609,37.48617],[-5.979609,37.486034]]],[[[-5.978926,37.486034],[-5.979097,37.486034],[-5.979097,37.48617],[-5.979267,37.486305],[-5.979097,37.486305],[-5.978926,37.486034]]],[[[-5.981316,37.485899],[-5.981316,37.486034],[-5.981145,37.486034],[-5.981316,37.485899]]],[[[-5.980803,37.485899],[-5.980974,37.486034],[-5.981145,37.486034],[-5.980974,37.48617],[-5.980803,37.48617],[-5.980803,37.486034],[-5.980803,37.485899]]],[[[-5.979438,37.485899],[-5.979609,37.485899],[-5.979609,37.486034],[-5.979438,37.485899]]],[[[-5.978755,37.485899],[-5.978926,37.485899],[-5.978926,37.486034],[-5.978755,37.485899]]],[[[-5.980633,37.485628],[-5.980803,37.485764],[-5.980803,37.485899],[-5.980633,37.485764],[-5.979779,37.48617],[-5.97995,37.486034],[-5.97995,37.485899],[-5.97995,37.485764],[-5.980121,37.485899],[-5.980633,37.485628]]],[[[-5.980974,37.485357],[-5.981145,37.485357],[-5.981145,37.485493],[-5.980974,37.485493],[-5.980974,37.485628],[-5.980803,37.485628],[-5.980633,37.485628],[-5.980803,37.485493],[-5.980974,37.485357]]],[[[-5.982681,37.471406],[-5.982852,37.471406],[-5.983022,37.471406],[-5.983364,37.471406],[-5.983534,37.471406],[-5.983705,37.471406],[-5.983534,37.471542],[-5.983364,37.471542],[-5.983193,37.471542],[-5.983022,37.471542],[-5.982852,37.471542],[-5.982681,37.471542],[-5.98251,37.471542],[-5.982681,37.471406]]],[[[-5.98251,37.469239],[-5.9849,37.469239],[-5.985241,37.46951],[-5.985412,37.469645],[-5.985583,37.469645],[-5.985753,37.469916],[-5.985924,37.469916],[-5.986095,37.470051],[-5.986265,37.470051],[-5.986265,37.470187],[-5.986436,37.470322],[-5.986607,37.470458],[-5.986777,37.470458],[-5.986777,37.470593],[-5.986948,37.470729],[-5.987289,37.470729],[-5.987631,37.470864],[-5.987801,37.470864],[-5.987972,37.471],[-5.988143,37.471135],[-5.988313,37.471271],[-5.988313,37.471406],[-5.988484,37.471406],[-5.988655,37.471677],[-5.988825,37.471677],[-5.988996,37.471677],[-5.989167,37.471812],[-5.989337,37.471948],[-5.989679,37.471948],[-5.990191,37.472083],[-5.990532,37.472219],[-5.990703,37.472219],[-5.990874,37.472354],[-5.991215,37.472354],[-5.991386,37.472354],[-5.991727,37.47249],[-5.991898,37.472625],[-5.99241,37.472761],[-5.992751,37.472761],[-5.992922,37.472896],[-5.993092,37.472896],[-5.993263,37.472896],[-5.993434,37.473032],[-5.993775,37.473167],[-5.994117,37.473167],[-5.994287,37.473167],[-5.994458,37.473167],[-5.99497,37.473303],[-5.995311,37.473438],[-5.995653,37.473573],[-5.995823,37.473709],[-5.995994,37.473844],[-5.996165,37.47398],[-5.996506,37.474251],[-5.996677,37.474386],[-5.996677,37.474522],[-5.996847,37.474657],[-5.997189,37.474928],[-5.997359,37.475063],[-5.997701,37.47547],[-5.997701,37.475605],[-5.997871,37.475741],[-5.998042,37.475741],[-5.998042,37.475876],[-5.998042,37.476012],[-5.998213,37.476147],[-5.998384,37.476147],[-5.998554,37.476147],[-5.998554,37.476283],[-5.998554,37.476418],[-5.998725,37.476418],[-5.998725,37.476553],[-5.998896,37.476689],[-5.999066,37.476824],[-5.999237,37.47696],[-5.999578,37.477231],[-6.00009,37.477637],[-6.000261,37.477637],[-6.000432,37.478043],[-6.000602,37.478314],[-6.000773,37.478314],[-6.000944,37.478585],[-6.001114,37.478721],[-6.001285,37.478992],[-6.001456,37.479262],[-6.001626,37.479398],[-6.001797,37.479398],[-6.001968,37.479669],[-6.002138,37.479804],[-6.002309,37.47994],[-6.00248,37.480075],[-6.002651,37.480075],[-6.002821,37.480211],[-6.002821,37.480346],[-6.002992,37.480346],[-6.003163,37.480481],[-6.003504,37.480617],[-6.003675,37.480752],[-6.003845,37.481023],[-6.004016,37.481023],[-6.004187,37.481159],[-6.004357,37.481294],[-6.004528,37.48143],[-6.004528,37.481565],[-6.004528,37.4817],[-6.004699,37.481836],[-6.004869,37.481971],[-6.00504,37.482107],[-6.005211,37.482378],[-6.005381,37.482513],[-6.005723,37.482784],[-6.005893,37.483055],[-6.005893,37.483326],[-6.006064,37.483461],[-6.006235,37.483732],[-6.006576,37.484003],[-6.006576,37.484138],[-6.006747,37.484274],[-6.006918,37.484545],[-6.007088,37.484545],[-6.007259,37.48468],[-6.00743,37.484816],[-6.007771,37.485086],[-6.008112,37.485222],[-6.008454,37.485493],[-6.008624,37.485764],[-6.008624,37.485899],[-6.008624,37.48617],[-6.008624,37.486847],[-6.008624,37.487118],[-6.008624,37.487253],[-6.008624,37.487524],[-6.008795,37.488066],[-6.008795,37.488472],[-6.008795,37.488608],[-6.009136,37.489149],[-6.009136,37.489285],[-6.009307,37.489556],[-6.009307,37.489691],[-6.009478,37.490097],[-6.009478,37.490368],[-6.009648,37.490504],[-6.009819,37.491045],[-6.00999,37.491316],[-6.00999,37.491452],[-6.00999,37.491587],[-6.01016,37.491858],[-6.01016,37.492129],[-6.01016,37.4924],[-6.010331,37.49267],[-6.010331,37.493212],[-6.010331,37.493618],[-6.010331,37.494025],[-6.010331,37.494296],[-6.010331,37.494431],[-6.010331,37.494566],[-6.010331,37.494702],[-6.01016,37.494702],[-6.00999,37.494837],[-6.00999,37.494702],[-6.009819,37.494702],[-6.009648,37.494702],[-6.009478,37.494566],[-6.009307,37.494566],[-6.009136,37.494702],[-6.008966,37.494702],[-6.008795,37.494837],[-6.008795,37.494973],[-6.008624,37.495243],[-6.008454,37.495243],[-6.008283,37.495243],[-6.008112,37.495108],[-6.007771,37.495379],[-6.0076,37.495514],[-6.00743,37.49565],[-6.007259,37.495785],[-6.007259,37.495921],[-6.007088,37.496056],[-6.006918,37.496191],[-6.006747,37.496327],[-6.006405,37.496462],[-6.006235,37.496733],[-6.006064,37.496868],[-6.005893,37.497004],[-6.005381,37.497275],[-6.00504,37.497546],[-6.004869,37.497681],[-6.004699,37.497816],[-6.004357,37.498087],[-6.004187,37.498087],[-6.004187,37.498223],[-6.003845,37.498358],[-6.003845,37.498493],[-6.003675,37.498493],[-6.003504,37.498629],[-6.003333,37.498629],[-6.002992,37.4989],[-6.002651,37.499035],[-6.00248,37.49917],[-6.002309,37.499306],[-6.002138,37.499306],[-6.001968,37.499441],[-6.001797,37.499577],[-6.001626,37.499712],[-6.001456,37.499712],[-6.001285,37.499848],[-6.001285,37.499983],[-6.001114,37.499983],[-6.000944,37.500118],[-6.000773,37.500118],[-6.000602,37.500254],[-6.000261,37.500389],[-5.99992,37.50066],[-5.999578,37.501066],[-5.999408,37.501337],[-5.999066,37.501472],[-5.998896,37.501608],[-5.998896,37.501743],[-5.998725,37.501879],[-5.998554,37.501879],[-5.998384,37.502014],[-5.998213,37.502285],[-5.998042,37.50242],[-5.997701,37.502691],[-5.997359,37.502826],[-5.997018,37.502826],[-5.996847,37.502962],[-5.996506,37.502962],[-5.996335,37.503097],[-5.995994,37.503233],[-5.995823,37.503368],[-5.995482,37.503504],[-5.995141,37.503639],[-5.994799,37.50391],[-5.994629,37.504045],[-5.994287,37.504181],[-5.993946,37.504316],[-5.993775,37.504451],[-5.993434,37.504587],[-5.993263,37.504587],[-5.992922,37.504722],[-5.99258,37.504858],[-5.992239,37.504993],[-5.992068,37.504993],[-5.991727,37.505128],[-5.991556,37.505264],[-5.991215,37.505399],[-5.990874,37.505535],[-5.990703,37.505535],[-5.990532,37.50567],[-5.990362,37.50567],[-5.990191,37.505805],[-5.99002,37.505941],[-5.989679,37.506076],[-5.989679,37.506212],[-5.989337,37.506347],[-5.989167,37.506482],[-5.988996,37.506618],[-5.988825,37.506753],[-5.988655,37.506889],[-5.988313,37.507024],[-5.988313,37.507159],[-5.988143,37.507295],[-5.988143,37.50743],[-5.987972,37.507565],[-5.987631,37.507836],[-5.987631,37.507972],[-5.987631,37.508107],[-5.98746,37.508107],[-5.987289,37.508242],[-5.987289,37.508378],[-5.987119,37.508513],[-5.987119,37.508649],[-5.953153,37.485899],[-5.953495,37.485493],[-5.953665,37.485222],[-5.953836,37.484951],[-5.954007,37.484545],[-5.954348,37.484409],[-5.954348,37.484138],[-5.954519,37.484138],[-5.954689,37.484003],[-5.954689,37.483867],[-5.954689,37.483732],[-5.954689,37.483597],[-5.954689,37.483461],[-5.954519,37.483461],[-5.954519,37.483326],[-5.954348,37.483326],[-5.954177,37.483326],[-5.954007,37.483326],[-5.954007,37.48319],[-5.954007,37.483055],[-5.953836,37.483055],[-5.953665,37.483055],[-5.953495,37.48319],[-5.953324,37.48319],[-5.953153,37.48319],[-5.953153,37.483055],[-5.952983,37.483055],[-5.952812,37.483055],[-5.952641,37.483055],[-5.952471,37.483055],[-5.9523,37.483055],[-5.9523,37.482919],[-5.952129,37.482919],[-5.951959,37.482784],[-5.952129,37.482649],[-5.9523,37.482513],[-5.952641,37.482513],[-5.952983,37.482513],[-5.952983,37.482649],[-5.953153,37.482649],[-5.953324,37.482649],[-5.953495,37.482649],[-5.953665,37.482649],[-5.953836,37.482649],[-5.953836,37.482784],[-5.954007,37.482784],[-5.954177,37.482784],[-5.954348,37.482919],[-5.954519,37.482784],[-5.954689,37.482784],[-5.95486,37.482784],[-5.955031,37.482784],[-5.955202,37.482784],[-5.955372,37.482919],[-5.955543,37.482919],[-5.955714,37.483055],[-5.955884,37.483055],[-5.956055,37.483055],[-5.956055,37.482919],[-5.956055,37.482784],[-5.956055,37.482649],[-5.956055,37.482513],[-5.956055,37.482378],[-5.956055,37.482242],[-5.956055,37.482107],[-5.956226,37.481971],[-5.956396,37.482107],[-5.956567,37.482107],[-5.956738,37.482107],[-5.956908,37.482107],[-5.957079,37.482242],[-5.956908,37.482378],[-5.956908,37.482513],[-5.956908,37.482784],[-5.956908,37.482919],[-5.956908,37.483055],[-5.956908,37.48319],[-5.956908,37.483326],[-5.956908,37.483461],[-5.956738,37.483597],[-5.956908,37.483732],[-5.957079,37.483867],[-5.95725,37.483867],[-5.95725,37.483732],[-5.95725,37.483461],[-5.95725,37.48319],[-5.95725,37.483055],[-5.95725,37.482784],[-5.95742,37.482242],[-5.957591,37.482107],[-5.957932,37.482242],[-5.958274,37.482242],[-5.958274,37.482378],[-5.958274,37.482513],[-5.958274,37.482649],[-5.958103,37.482784],[-5.958103,37.482919],[-5.958103,37.483055],[-5.958103,37.48319],[-5.958103,37.483326],[-5.958103,37.483597],[-5.958103,37.483732],[-5.957932,37.483732],[-5.957932,37.483867],[-5.957932,37.484003],[-5.957762,37.484138],[-5.957591,37.484274],[-5.957591,37.484409],[-5.957762,37.484545],[-5.958103,37.484816],[-5.958103,37.484951],[-5.958274,37.484951],[-5.958274,37.485086],[-5.958444,37.485086],[-5.958444,37.485222],[-5.958444,37.485357],[-5.958615,37.485357],[-5.958786,37.485493],[-5.958956,37.485493],[-5.959127,37.485628],[-5.959298,37.485628],[-5.959639,37.485628],[-5.95981,37.485628],[-5.959981,37.485628],[-5.960151,37.485628],[-5.959981,37.485493],[-5.95981,37.485493],[-5.959469,37.485493],[-5.959298,37.485493],[-5.959127,37.485357],[-5.959127,37.485222],[-5.959298,37.485222],[-5.959469,37.485086],[-5.959469,37.485222],[-5.959639,37.485222],[-5.95981,37.485086],[-5.959981,37.485086],[-5.960151,37.484951],[-5.960322,37.484951],[-5.960663,37.484951],[-5.960834,37.484816],[-5.961005,37.484816],[-5.961005,37.48468],[-5.961175,37.48468],[-5.961346,37.48468],[-5.961517,37.48468],[-5.961687,37.48468],[-5.961858,37.484816],[-5.962199,37.484816],[-5.96237,37.484816],[-5.962541,37.484816],[-5.962711,37.484816],[-5.962882,37.484816],[-5.963053,37.484816],[-5.963223,37.484816],[-5.963394,37.484816],[-5.963565,37.484951],[-5.963736,37.484951],[-5.963906,37.484951],[-5.964077,37.484951],[-5.964589,37.484951],[-5.96493,37.484951],[-5.965101,37.484951],[-5.965442,37.485086],[-5.965954,37.485086],[-5.966296,37.485086],[-5.966466,37.485086],[-5.966637,37.485086],[-5.966808,37.485222],[-5.966978,37.485222],[-5.967149,37.485222],[-5.967661,37.485222],[-5.967832,37.485222],[-5.968003,37.485222],[-5.968344,37.485222],[-5.968515,37.485357],[-5.968856,37.485357],[-5.969027,37.485357],[-5.969197,37.485357],[-5.969539,37.485357],[-5.969709,37.485357],[-5.970221,37.485493],[-5.970392,37.485493],[-5.970563,37.485493],[-5.970904,37.485493],[-5.971245,37.485493],[-5.971587,37.485493],[-5.971757,37.485493],[-5.972099,37.485628],[-5.97227,37.485628],[-5.97244,37.485628],[-5.972611,37.485628],[-5.973123,37.485628],[-5.973294,37.485628],[-5.973464,37.485628],[-5.973635,37.485764],[-5.974147,37.485764],[-5.974488,37.485764],[-5.974659,37.485764],[-5.97483,37.485764],[-5.97483,37.485899],[-5.975342,37.485899],[-5.975342,37.486034],[-5.975512,37.486034],[-5.975512,37.485899],[-5.975683,37.485899],[-5.975683,37.486034],[-5.975683,37.48617],[-5.975854,37.48617],[-5.975854,37.486305],[-5.976024,37.48617],[-5.976024,37.486034],[-5.976366,37.48617],[-5.976366,37.486034],[-5.976537,37.486034],[-5.976537,37.485899],[-5.976707,37.485899],[-5.976878,37.486034],[-5.977049,37.486034],[-5.977219,37.486034],[-5.97739,37.485899],[-5.97739,37.485628],[-5.977219,37.485628],[-5.976878,37.485493],[-5.976537,37.485493],[-5.976366,37.485493],[-5.976366,37.485357],[-5.976195,37.485357],[-5.975854,37.485357],[-5.975854,37.485222],[-5.975683,37.485222],[-5.975512,37.485357],[-5.975171,37.485357],[-5.975,37.485222],[-5.97483,37.485222],[-5.974659,37.485222],[-5.974659,37.485086],[-5.974659,37.484951],[-5.974659,37.484816],[-5.974488,37.48468],[-5.974318,37.48468],[-5.974147,37.484545],[-5.974147,37.484409],[-5.973976,37.484409],[-5.973976,37.484274],[-5.973976,37.484138],[-5.974147,37.484003],[-5.974318,37.483867],[-5.974488,37.483867],[-5.974659,37.483867],[-5.974659,37.483732],[-5.97483,37.483732],[-5.975,37.483597],[-5.975171,37.483461],[-5.975171,37.483326],[-5.975342,37.483326],[-5.975342,37.48319],[-5.975512,37.483055],[-5.975683,37.482919],[-5.975854,37.482784],[-5.975854,37.482649],[-5.976024,37.482649],[-5.976024,37.482513],[-5.976024,37.482378],[-5.975854,37.482242],[-5.975683,37.482378],[-5.975512,37.482242],[-5.975171,37.482107],[-5.975171,37.481971],[-5.97483,37.481971],[-5.974659,37.481971],[-5.974488,37.481971],[-5.974318,37.482107],[-5.974147,37.482107],[-5.973806,37.481971],[-5.973635,37.481971],[-5.973635,37.481836],[-5.973464,37.4817],[-5.973294,37.481565],[-5.973294,37.48143],[-5.973123,37.48143],[-5.973123,37.481294],[-5.973294,37.481159],[-5.973464,37.481159],[-5.973635,37.481159],[-5.973806,37.481023],[-5.973976,37.481023],[-5.974147,37.481023],[-5.974318,37.481023],[-5.974488,37.481023],[-5.974488,37.480888],[-5.974659,37.480888],[-5.975,37.480888],[-5.975,37.480752],[-5.975171,37.480752],[-5.975342,37.480752],[-5.975512,37.480752],[-5.975512,37.480888],[-5.975683,37.480888],[-5.975854,37.480752],[-5.975854,37.480617],[-5.976024,37.480617],[-5.976195,37.480481],[-5.976366,37.480346],[-5.976537,37.480211],[-5.976707,37.480075],[-5.976878,37.480075],[-5.976878,37.47994],[-5.977049,37.47994],[-5.977219,37.479804],[-5.97739,37.479533],[-5.977561,37.479398],[-5.977731,37.479262],[-5.977731,37.479127],[-5.977902,37.478992],[-5.978073,37.478856],[-5.978073,37.478721],[-5.978243,37.478585],[-5.978243,37.47845],[-5.978414,37.478179],[-5.978243,37.478043],[-5.978243,37.477772],[-5.978414,37.477637],[-5.978414,37.477502],[-5.978414,37.477366],[-5.978243,37.477366],[-5.978073,37.477366],[-5.978073,37.477231],[-5.977902,37.477231],[-5.977731,37.477231],[-5.977731,37.477366],[-5.977731,37.477502],[-5.977731,37.477772],[-5.977561,37.477772],[-5.977561,37.477908],[-5.977561,37.478043],[-5.977561,37.478179],[-5.977561,37.478314],[-5.977561,37.47845],[-5.977561,37.478585],[-5.97739,37.478585],[-5.97739,37.478721],[-5.97739,37.478856],[-5.97739,37.478992],[-5.97739,37.479127],[-5.97739,37.479262],[-5.97739,37.479398],[-5.977219,37.479398],[-5.977219,37.479533],[-5.977049,37.479533],[-5.976878,37.479669],[-5.976878,37.479804],[-5.976707,37.479804],[-5.976537,37.47994],[-5.976366,37.47994],[-5.976366,37.480075],[-5.976195,37.480075],[-5.976024,37.480075],[-5.976024,37.480211],[-5.975854,37.480211],[-5.975683,37.480211],[-5.975512,37.480346],[-5.975342,37.480346],[-5.975171,37.480346],[-5.975,37.480346],[-5.97483,37.480211],[-5.974488,37.480075],[-5.974488,37.47994],[-5.974488,37.479804],[-5.974659,37.479804],[-5.97483,37.479804],[-5.975,37.479804],[-5.975171,37.479804],[-5.975171,37.479669],[-5.975342,37.479533],[-5.975342,37.479262],[-5.975342,37.479127],[-5.975512,37.478992],[-5.975512,37.478856],[-5.975512,37.478585],[-5.975683,37.478585],[-5.975854,37.478585],[-5.976024,37.47845],[-5.975854,37.478314],[-5.976024,37.478179],[-5.976195,37.478043],[-5.976366,37.478043],[-5.976537,37.478043],[-5.976537,37.477908],[-5.976707,37.477908],[-5.976537,37.477772],[-5.976195,37.477908],[-5.976024,37.477772],[-5.976024,37.477637],[-5.976024,37.477366],[-5.976537,37.477231],[-5.976707,37.477231],[-5.976707,37.477095],[-5.976707,37.47696],[-5.976878,37.47696],[-5.977049,37.476824],[-5.977219,37.476824],[-5.977049,37.476689],[-5.977049,37.476553],[-5.97739,37.476553],[-5.97739,37.476689],[-5.977561,37.476689],[-5.977561,37.476824],[-5.977731,37.47696],[-5.977902,37.477095],[-5.977902,37.47696],[-5.977902,37.476824],[-5.977902,37.476689],[-5.977731,37.476553],[-5.977731,37.476418],[-5.977731,37.476283],[-5.977561,37.476147],[-5.977561,37.476012],[-5.977731,37.476012],[-5.977731,37.475876],[-5.977902,37.475876],[-5.978073,37.475741],[-5.978414,37.475605],[-5.978755,37.475334],[-5.978926,37.475063],[-5.979097,37.474928],[-5.979267,37.474928],[-5.979267,37.474793],[-5.979267,37.474657],[-5.979438,37.474522],[-5.979609,37.474386],[-5.979779,37.474251],[-5.97995,37.474115],[-5.97995,37.47398],[-5.980121,37.47398],[-5.980121,37.473844],[-5.980121,37.473709],[-5.980291,37.473709],[-5.980462,37.473573],[-5.980462,37.473438],[-5.980633,37.473438],[-5.980633,37.473303],[-5.980803,37.473303],[-5.980803,37.473167],[-5.980974,37.473032],[-5.981145,37.472896],[-5.981145,37.472761],[-5.981316,37.472761],[-5.981316,37.472625],[-5.981486,37.47249],[-5.981486,37.472354],[-5.981657,37.472354],[-5.981657,37.472219],[-5.981828,37.472219],[-5.981828,37.472083],[-5.981998,37.471948],[-5.981998,37.471812],[-5.982169,37.471812],[-5.982169,37.471677],[-5.98234,37.471542],[-5.98251,37.471542],[-5.98251,37.471677],[-5.98234,37.471812],[-5.98234,37.471948],[-5.982169,37.471948],[-5.982169,37.472083],[-5.981998,37.472083],[-5.981998,37.472219],[-5.981828,37.472354],[-5.981657,37.47249],[-5.981657,37.472625],[-5.981486,37.472761],[-5.981316,37.472896],[-5.981145,37.473032],[-5.980974,37.473303],[-5.980803,37.473438],[-5.980462,37.473844],[-5.980462,37.47398],[-5.980462,37.474115],[-5.980291,37.474115],[-5.980121,37.474115],[-5.980121,37.474251],[-5.97995,37.474386],[-5.979779,37.474522],[-5.979779,37.474657],[-5.979609,37.474657],[-5.979609,37.474793],[-5.979609,37.474928],[-5.979438,37.475063],[-5.979267,37.475334],[-5.979097,37.47547],[-5.978926,37.475605],[-5.978926,37.475741],[-5.978755,37.475741],[-5.978755,37.475876],[-5.978585,37.476012],[-5.978585,37.476283],[-5.978755,37.476283],[-5.978755,37.476553],[-5.978755,37.476689],[-5.978585,37.476824],[-5.978585,37.47696],[-5.978585,37.477231],[-5.978755,37.477366],[-5.978755,37.477502],[-5.978755,37.477637],[-5.978755,37.477908],[-5.978755,37.478043],[-5.978755,37.478179],[-5.978755,37.47845],[-5.978926,37.47845],[-5.978926,37.478585],[-5.979097,37.478721],[-5.978926,37.478856],[-5.978926,37.478992],[-5.978926,37.479127],[-5.978926,37.479262],[-5.978926,37.479398],[-5.978926,37.479533],[-5.978926,37.479669],[-5.978926,37.479804],[-5.978926,37.47994],[-5.978926,37.480211],[-5.979097,37.480346],[-5.979097,37.480481],[-5.978926,37.480617],[-5.978926,37.480752],[-5.979097,37.480752],[-5.979097,37.481159],[-5.979097,37.481294],[-5.979097,37.4817],[-5.979097,37.481836],[-5.979097,37.481971],[-5.979097,37.482242],[-5.979097,37.482513],[-5.979097,37.482649],[-5.979097,37.482919],[-5.979097,37.483055],[-5.978926,37.483055],[-5.978926,37.48319],[-5.978926,37.483326],[-5.979097,37.483326],[-5.978926,37.483461],[-5.979097,37.483461],[-5.978926,37.483597],[-5.978926,37.483867],[-5.979097,37.484003],[-5.978926,37.484138],[-5.978926,37.484274],[-5.978926,37.484545],[-5.978755,37.484951],[-5.978755,37.485086],[-5.978755,37.485222],[-5.978755,37.485493],[-5.978585,37.485764],[-5.978755,37.485764],[-5.978926,37.485764],[-5.978755,37.485899],[-5.978585,37.485899],[-5.978414,37.486034],[-5.978414,37.48617],[-5.978414,37.486305],[-5.978243,37.486305],[-5.978243,37.486847],[-5.978243,37.486983],[-5.978243,37.487118],[-5.978243,37.487253],[-5.978243,37.487389],[-5.978585,37.487253],[-5.978414,37.487118],[-5.978585,37.486983],[-5.978755,37.486847],[-5.978926,37.486847],[-5.978926,37.486983],[-5.978755,37.487118],[-5.978926,37.487253],[-5.978755,37.487389],[-5.978585,37.487389],[-5.978414,37.487524],[-5.978414,37.487795],[-5.978333,37.487931],[-5.978243,37.487931],[-5.978073,37.488066],[-5.978073,37.488472],[-5.977902,37.488608],[-5.977902,37.488879],[-5.977902,37.489014],[-5.977902,37.489285],[-5.977902,37.48942],[-5.977902,37.489556],[-5.978073,37.489556],[-5.978243,37.48942],[-5.978414,37.48942],[-5.978585,37.48942],[-5.979779,37.489014],[-5.97995,37.488879],[-5.980121,37.488743],[-5.980291,37.488472],[-5.980121,37.488337],[-5.980121,37.487795],[-5.980121,37.48766],[-5.980291,37.48766],[-5.980462,37.48766],[-5.980462,37.487524],[-5.980633,37.487524],[-5.980974,37.487389],[-5.980974,37.487524],[-5.980803,37.487524],[-5.980633,37.48766],[-5.980803,37.48766],[-5.980803,37.487795],[-5.980803,37.487931],[-5.980803,37.488066],[-5.980633,37.488066],[-5.980462,37.488066],[-5.980462,37.487931],[-5.980633,37.487931],[-5.980633,37.487795],[-5.980462,37.487795],[-5.980462,37.487931],[-5.980291,37.487931],[-5.980291,37.488066],[-5.980291,37.488337],[-5.981145,37.488066],[-5.981486,37.487931],[-5.981486,37.488066],[-5.981316,37.488066],[-5.981316,37.488201],[-5.981316,37.488337],[-5.981486,37.488472],[-5.981486,37.488608],[-5.981486,37.488743],[-5.981316,37.488743],[-5.981316,37.488879],[-5.981486,37.488879],[-5.981657,37.488879],[-5.981657,37.488743],[-5.981486,37.488608],[-5.981657,37.488608],[-5.981828,37.488743],[-5.98234,37.488608],[-5.98251,37.488472],[-5.98251,37.488608],[-5.983022,37.489149],[-5.983193,37.489014],[-5.983364,37.489014],[-5.983193,37.489149],[-5.982852,37.48942],[-5.983022,37.489691],[-5.982852,37.489691],[-5.982681,37.489827],[-5.982852,37.490097],[-5.982681,37.489962],[-5.98251,37.490097],[-5.98251,37.489962],[-5.98234,37.489962],[-5.982169,37.489962],[-5.982169,37.490097],[-5.981998,37.490097],[-5.981998,37.490233],[-5.982169,37.490233],[-5.982169,37.490368],[-5.98234,37.490368],[-5.982169,37.490504],[-5.98234,37.490504],[-5.98234,37.490639],[-5.98251,37.490775],[-5.98251,37.49091],[-5.982681,37.491181],[-5.983364,37.49091],[-5.983364,37.490775],[-5.983193,37.490639],[-5.982852,37.490775],[-5.982852,37.490639],[-5.982681,37.490639],[-5.982681,37.490504],[-5.983022,37.490368],[-5.982852,37.490097],[-5.983022,37.490233],[-5.983193,37.490233],[-5.983193,37.490368],[-5.983534,37.490775],[-5.983705,37.490775],[-5.983876,37.490639],[-5.983534,37.490233],[-5.983364,37.490233],[-5.983364,37.490097],[-5.983193,37.489827],[-5.983022,37.489827],[-5.983022,37.489691],[-5.983193,37.489556],[-5.983364,37.489691],[-5.983534,37.489691],[-5.983534,37.489827],[-5.983705,37.489827],[-5.983876,37.489691],[-5.983876,37.489556],[-5.983705,37.489691],[-5.983534,37.489556],[-5.983705,37.48942],[-5.983534,37.48942],[-5.983193,37.489556],[-5.983364,37.48942],[-5.983705,37.489285],[-5.983534,37.489149],[-5.983534,37.489014],[-5.983705,37.489149],[-5.983876,37.489014],[-5.984388,37.488879],[-5.984388,37.488472],[-5.984558,37.488743],[-5.984729,37.488743],[-5.9849,37.488743],[-5.985412,37.488608],[-5.985412,37.488743],[-5.985241,37.488743],[-5.98507,37.488743],[-5.98507,37.488879],[-5.9849,37.488879],[-5.984729,37.488879],[-5.984558,37.488879],[-5.984388,37.489014],[-5.984217,37.489149],[-5.984046,37.489014],[-5.984046,37.489149],[-5.983876,37.489149],[-5.984046,37.489285],[-5.984046,37.48942],[-5.984046,37.489556],[-5.984217,37.489556],[-5.984217,37.48942],[-5.984388,37.48942],[-5.984558,37.489285],[-5.9849,37.489149],[-5.985583,37.488879],[-5.985583,37.488608],[-5.985412,37.488608],[-5.985924,37.488472],[-5.985924,37.488337],[-5.985924,37.488201],[-5.985924,37.488066],[-5.985753,37.488066],[-5.984558,37.488472],[-5.984388,37.488472],[-5.984217,37.488472],[-5.983876,37.488608],[-5.983534,37.488743],[-5.983364,37.488879],[-5.983193,37.488743],[-5.983364,37.488743],[-5.983534,37.488608],[-5.983534,37.488472],[-5.983534,37.488337],[-5.983876,37.488337],[-5.983876,37.488201],[-5.984046,37.488201],[-5.984046,37.488066],[-5.984217,37.487931],[-5.984217,37.487795],[-5.984388,37.487795],[-5.984388,37.487931],[-5.984388,37.488066],[-5.984217,37.488066],[-5.984217,37.488201],[-5.984388,37.488337],[-5.985924,37.487931],[-5.985924,37.487795],[-5.985924,37.48766],[-5.986095,37.487931],[-5.986436,37.487931],[-5.986095,37.488066],[-5.986095,37.488201],[-5.986095,37.488337],[-5.986436,37.488337],[-5.986607,37.488337],[-5.986607,37.487931],[-5.986436,37.487931],[-5.986436,37.487795],[-5.986607,37.487795],[-5.986777,37.487795],[-5.986948,37.487795],[-5.986948,37.48766],[-5.986948,37.487524],[-5.986777,37.487389],[-5.986607,37.487389],[-5.986436,37.487524],[-5.986265,37.487524],[-5.985924,37.487524],[-5.985924,37.48766],[-5.985753,37.48766],[-5.984729,37.487931],[-5.984558,37.487931],[-5.984388,37.487931],[-5.9849,37.487795],[-5.9849,37.48766],[-5.98507,37.48766],[-5.98507,37.487524],[-5.98507,37.487389],[-5.98507,37.487253],[-5.985241,37.487389],[-5.985241,37.487524],[-5.985412,37.487524],[-5.985412,37.48766],[-5.986265,37.487389],[-5.986265,37.487253],[-5.986095,37.487253],[-5.985924,37.487253],[-5.985924,37.487118],[-5.986095,37.487118],[-5.986095,37.486847],[-5.986095,37.486712],[-5.986095,37.486576],[-5.986265,37.486576],[-5.986265,37.486712],[-5.986265,37.486847],[-5.986265,37.486983],[-5.986265,37.487118],[-5.986436,37.487253],[-5.986436,37.486441],[-5.986436,37.486305],[-5.986265,37.48617],[-5.986265,37.486034],[-5.986265,37.485899],[-5.986265,37.485764],[-5.986265,37.485628],[-5.986095,37.484951],[-5.986095,37.484816],[-5.986095,37.48468],[-5.986095,37.484545],[-5.986095,37.484409],[-5.986095,37.484274],[-5.986095,37.484138],[-5.986095,37.484003],[-5.986095,37.483867],[-5.986095,37.483732],[-5.986095,37.483597],[-5.986265,37.483461],[-5.986436,37.483326],[-5.986607,37.483326],[-5.986777,37.48319],[-5.986777,37.483055],[-5.986777,37.482919],[-5.986607,37.482378],[-5.986436,37.482107],[-5.986436,37.481836],[-5.986265,37.481565],[-5.986095,37.481565],[-5.986095,37.481294],[-5.986095,37.481159],[-5.985924,37.481023],[-5.985924,37.480888],[-5.985753,37.480481],[-5.985412,37.480211],[-5.985241,37.479669],[-5.98507,37.479398],[-5.985241,37.479262],[-5.985241,37.479127],[-5.985241,37.478992],[-5.985241,37.478856],[-5.985412,37.478856],[-5.985753,37.478721],[-5.985924,37.478721],[-5.986095,37.478721],[-5.986265,37.478721],[-5.986436,37.478721],[-5.986777,37.478585],[-5.987289,37.478585],[-5.98746,37.47845],[-5.987631,37.478314],[-5.987631,37.478043],[-5.98746,37.477908],[-5.98746,37.477772],[-5.98746,37.477502],[-5.98746,37.477231],[-5.98746,37.477095],[-5.987631,37.477095],[-5.987631,37.476824],[-5.98746,37.476553],[-5.98746,37.476283],[-5.987631,37.476147],[-5.987631,37.475876],[-5.987801,37.475605],[-5.987801,37.475334],[-5.987972,37.475063],[-5.987972,37.474928],[-5.987801,37.474793],[-5.987631,37.474657],[-5.987631,37.474522],[-5.98746,37.474522],[-5.987289,37.474386],[-5.987289,37.474251],[-5.987119,37.474115],[-5.987119,37.47398],[-5.986948,37.473844],[-5.986777,37.473573],[-5.986265,37.473438],[-5.986095,37.473438],[-5.985753,37.473303],[-5.985583,37.473167],[-5.985583,37.472896],[-5.985412,37.472761],[-5.985412,37.472625],[-5.985412,37.47249],[-5.985241,37.472219],[-5.985241,37.472083],[-5.98507,37.471948],[-5.9849,37.471948],[-5.984558,37.471677],[-5.984388,37.471542],[-5.984388,37.471406],[-5.984046,37.471406],[-5.983876,37.471406],[-5.983876,37.471271],[-5.984046,37.471271],[-5.984046,37.471135],[-5.983876,37.471],[-5.983705,37.470864],[-5.983534,37.470864],[-5.983534,37.470729],[-5.983534,37.470593],[-5.983364,37.470458],[-5.983364,37.470322],[-5.983022,37.470322],[-5.982852,37.470322],[-5.982681,37.470322],[-5.98251,37.470187],[-5.98234,37.470187],[-5.982169,37.470187],[-5.981998,37.470051],[-5.981998,37.469916],[-5.98234,37.469781],[-5.98251,37.469645],[-5.98251,37.46951],[-5.98251,37.469374],[-5.98251,37.469239]]],[[[-5.987119,37.487253],[-5.986948,37.487389],[-5.987119,37.487795],[-5.987289,37.487795],[-5.987289,37.487524],[-5.987289,37.487389],[-5.987289,37.487253],[-5.987119,37.487253]]],[[[-5.986095,37.488472],[-5.986095,37.488743],[-5.986265,37.488879],[-5.986607,37.488879],[-5.986607,37.489014],[-5.986436,37.489014],[-5.986265,37.489014],[-5.986265,37.489556],[-5.986436,37.489556],[-5.986265,37.489691],[-5.985412,37.489962],[-5.985583,37.490368],[-5.986607,37.489962],[-5.98507,37.490639],[-5.984729,37.49091],[-5.984558,37.491045],[-5.984729,37.491316],[-5.9849,37.491181],[-5.98507,37.491316],[-5.985412,37.491181],[-5.986948,37.490504],[-5.986777,37.490368],[-5.987119,37.490368],[-5.987119,37.490233],[-5.987289,37.490233],[-5.987119,37.490097],[-5.986948,37.490233],[-5.986948,37.490097],[-5.986948,37.489556],[-5.986777,37.489556],[-5.986607,37.489556],[-5.986436,37.489556],[-5.986607,37.48942],[-5.986777,37.48942],[-5.986607,37.488879],[-5.986777,37.488879],[-5.986777,37.488472],[-5.986607,37.488472],[-5.986095,37.488472]]],[[[-5.985583,37.489014],[-5.985412,37.489149],[-5.984729,37.48942],[-5.984558,37.48942],[-5.984558,37.489556],[-5.984388,37.489691],[-5.984558,37.489691],[-5.984558,37.489827],[-5.984729,37.489691],[-5.9849,37.489691],[-5.9849,37.489556],[-5.98507,37.489556],[-5.985241,37.48942],[-5.985583,37.489285],[-5.985753,37.489285],[-5.985753,37.489149],[-5.985583,37.489014]]],[[[-5.985924,37.48942],[-5.984558,37.489962],[-5.984729,37.490097],[-5.9849,37.490097],[-5.98507,37.489962],[-5.985241,37.489962],[-5.985412,37.489827],[-5.985583,37.489827],[-5.985583,37.489691],[-5.985753,37.489691],[-5.985924,37.489691],[-5.985924,37.489556],[-5.986095,37.489556],[-5.985924,37.48942]]],[[[-5.983705,37.489962],[-5.983705,37.490097],[-5.983534,37.490097],[-5.983876,37.490368],[-5.984046,37.490233],[-5.983705,37.489962]]],[[[-5.984388,37.490097],[-5.984217,37.490233],[-5.984388,37.490368],[-5.984558,37.490233],[-5.984558,37.490097],[-5.984388,37.490097]]],[[[-5.985241,37.490097],[-5.984729,37.490233],[-5.984388,37.490504],[-5.984729,37.490775],[-5.98507,37.490504],[-5.985412,37.490368],[-5.985241,37.490097]]],[[[-5.984217,37.490504],[-5.984046,37.490639],[-5.984388,37.49091],[-5.984558,37.49091],[-5.984558,37.490775],[-5.984217,37.490504]]],[[[-5.984046,37.490775],[-5.983705,37.49091],[-5.984217,37.491452],[-5.984388,37.491452],[-5.984558,37.491452],[-5.984388,37.491181],[-5.984046,37.490775]]],[[[-5.983193,37.491181],[-5.982852,37.491316],[-5.983022,37.491587],[-5.983193,37.491858],[-5.983705,37.491723],[-5.983193,37.491181]]],[[[-5.981145,37.491723],[-5.980974,37.491858],[-5.981064,37.491922],[-5.980803,37.492129],[-5.980633,37.492129],[-5.980462,37.492264],[-5.980633,37.492264],[-5.980974,37.492129],[-5.981657,37.491858],[-5.981486,37.491858],[-5.981657,37.491723],[-5.981486,37.491723],[-5.981486,37.491858],[-5.981316,37.491858],[-5.981145,37.491858],[-5.981145,37.491723]]],[[[-5.978243,37.479127],[-5.978073,37.479262],[-5.977731,37.479533],[-5.977561,37.479669],[-5.977561,37.479804],[-5.97739,37.479804],[-5.97739,37.47994],[-5.977561,37.47994],[-5.977731,37.479804],[-5.977902,37.479804],[-5.978073,37.479669],[-5.978243,37.479669],[-5.978073,37.479804],[-5.977902,37.47994],[-5.977902,37.480075],[-5.977902,37.480211],[-5.977902,37.480346],[-5.977731,37.480346],[-5.977731,37.480211],[-5.977731,37.480075],[-5.977561,37.480075],[-5.97739,37.480211],[-5.97739,37.480346],[-5.977731,37.480346],[-5.977561,37.480481],[-5.97739,37.480617],[-5.977561,37.480752],[-5.977561,37.480888],[-5.977561,37.481159],[-5.977731,37.481159],[-5.977902,37.481159],[-5.977902,37.481294],[-5.978585,37.481294],[-5.978585,37.481023],[-5.978585,37.480888],[-5.978585,37.480752],[-5.978585,37.480617],[-5.978585,37.480481],[-5.978585,37.47994],[-5.978585,37.479804],[-5.978585,37.479669],[-5.978585,37.479533],[-5.978414,37.479669],[-5.978243,37.479669],[-5.978414,37.479533],[-5.978585,37.479398],[-5.978585,37.479262],[-5.978414,37.479127],[-5.978243,37.479127]]],[[[-5.977902,37.481565],[-5.977731,37.4817],[-5.977731,37.481836],[-5.977731,37.481971],[-5.977561,37.481971],[-5.977561,37.482107],[-5.977561,37.482242],[-5.977731,37.482513],[-5.977731,37.483326],[-5.977902,37.483326],[-5.978073,37.483326],[-5.978073,37.482649],[-5.978073,37.482513],[-5.978243,37.483461],[-5.978243,37.483597],[-5.978243,37.483732],[-5.978243,37.483867],[-5.978243,37.484274],[-5.978243,37.484409],[-5.978414,37.484816],[-5.978585,37.482649],[-5.978585,37.482513],[-5.978755,37.482513],[-5.978755,37.482378],[-5.978755,37.482242],[-5.978585,37.482378],[-5.978585,37.482242],[-5.978755,37.482107],[-5.978073,37.481971],[-5.978073,37.482242],[-5.978073,37.482378],[-5.977902,37.482107],[-5.977731,37.481971],[-5.977902,37.481971],[-5.977902,37.4817],[-5.978073,37.4817],[-5.978243,37.4817],[-5.978414,37.4817],[-5.978414,37.481565],[-5.977902,37.481565]]],[[[-5.977049,37.481971],[-5.976707,37.482107],[-5.976878,37.482378],[-5.977219,37.482919],[-5.977561,37.482919],[-5.977561,37.482784],[-5.977561,37.482513],[-5.97739,37.482242],[-5.97739,37.481971],[-5.977219,37.481971],[-5.977049,37.481971]]],[[[-5.980291,37.488743],[-5.980291,37.488879],[-5.980803,37.488743],[-5.980291,37.488743]]],[[[-5.980803,37.488879],[-5.980633,37.489014],[-5.980633,37.489149],[-5.980462,37.489149],[-5.980462,37.489014],[-5.980291,37.489014],[-5.980291,37.489556],[-5.980462,37.489556],[-5.980462,37.489691],[-5.980291,37.489691],[-5.980121,37.489962],[-5.980121,37.490097],[-5.980121,37.490639],[-5.980291,37.490775],[-5.97995,37.490775],[-5.97995,37.491045],[-5.979779,37.491045],[-5.979779,37.491181],[-5.97995,37.491316],[-5.980121,37.491316],[-5.980291,37.491316],[-5.980291,37.491452],[-5.980121,37.491452],[-5.979779,37.491452],[-5.979609,37.491858],[-5.979779,37.491858],[-5.97995,37.491723],[-5.980121,37.491723],[-5.980291,37.491723],[-5.980462,37.491587],[-5.980462,37.491452],[-5.980633,37.491452],[-5.980633,37.491587],[-5.980633,37.491723],[-5.980462,37.491723],[-5.979609,37.491993],[-5.979609,37.492264],[-5.980462,37.491993],[-5.980633,37.491993],[-5.980803,37.491993],[-5.980633,37.491858],[-5.980633,37.491723],[-5.980803,37.491587],[-5.981145,37.491587],[-5.981145,37.491452],[-5.981486,37.491316],[-5.981657,37.491316],[-5.981828,37.491316],[-5.981828,37.491181],[-5.981657,37.491045],[-5.981486,37.491045],[-5.981486,37.491181],[-5.981316,37.491181],[-5.981145,37.491316],[-5.980974,37.491316],[-5.980974,37.491452],[-5.980803,37.491452],[-5.980633,37.491452],[-5.980462,37.491316],[-5.980633,37.491316],[-5.980633,37.491181],[-5.981316,37.49091],[-5.981145,37.49091],[-5.980633,37.491181],[-5.980633,37.491045],[-5.980462,37.491045],[-5.980462,37.49091],[-5.980462,37.490775],[-5.980633,37.490775],[-5.980803,37.49091],[-5.980803,37.490775],[-5.980974,37.490775],[-5.981316,37.490775],[-5.981486,37.490639],[-5.981657,37.490639],[-5.981998,37.490504],[-5.981828,37.490233],[-5.981486,37.490368],[-5.981486,37.490233],[-5.981828,37.490097],[-5.981657,37.490097],[-5.981657,37.489962],[-5.981486,37.489827],[-5.981316,37.489556],[-5.981145,37.489556],[-5.981316,37.48942],[-5.980803,37.488879]]],[[[-5.980121,37.489149],[-5.978926,37.48942],[-5.978926,37.489691],[-5.979438,37.489556],[-5.979609,37.489556],[-5.979609,37.489691],[-5.979267,37.489691],[-5.979097,37.489827],[-5.979097,37.490097],[-5.978755,37.489556],[-5.978755,37.48942],[-5.978414,37.489556],[-5.977902,37.489691],[-5.977731,37.489556],[-5.977561,37.489556],[-5.97739,37.48942],[-5.97739,37.489556],[-5.977049,37.489827],[-5.977219,37.489962],[-5.977049,37.489962],[-5.977049,37.490233],[-5.977561,37.490368],[-5.977049,37.490368],[-5.976878,37.490233],[-5.976878,37.490368],[-5.977049,37.490504],[-5.977561,37.490639],[-5.977561,37.490504],[-5.977561,37.490368],[-5.977731,37.490097],[-5.977731,37.490368],[-5.977731,37.490504],[-5.977561,37.490775],[-5.976878,37.490639],[-5.976878,37.490775],[-5.976878,37.49091],[-5.976878,37.491045],[-5.97739,37.491181],[-5.97739,37.491045],[-5.977561,37.490775],[-5.977561,37.491181],[-5.977561,37.491587],[-5.977731,37.491858],[-5.978073,37.49267],[-5.978073,37.492941],[-5.977731,37.492129],[-5.977731,37.491993],[-5.977561,37.491858],[-5.97739,37.491858],[-5.977561,37.492941],[-5.977731,37.492941],[-5.977902,37.492941],[-5.978073,37.492941],[-5.977902,37.493077],[-5.977902,37.493618],[-5.978073,37.49416],[-5.978073,37.494702],[-5.977902,37.494702],[-5.977902,37.494837],[-5.978073,37.494837],[-5.978243,37.494837],[-5.978414,37.494837],[-5.978414,37.494702],[-5.978414,37.494431],[-5.978414,37.49416],[-5.978414,37.494025],[-5.978243,37.493754],[-5.978243,37.493618],[-5.978243,37.493483],[-5.978414,37.493348],[-5.978414,37.493212],[-5.978414,37.493077],[-5.978585,37.492941],[-5.978755,37.492941],[-5.978926,37.492941],[-5.978926,37.492806],[-5.979097,37.492806],[-5.979267,37.492806],[-5.979267,37.49267],[-5.979438,37.492806],[-5.979609,37.49267],[-5.979779,37.49267],[-5.97995,37.492535],[-5.980121,37.4924],[-5.980291,37.4924],[-5.980121,37.492264],[-5.979438,37.4924],[-5.979267,37.4924],[-5.979267,37.492264],[-5.979267,37.492129],[-5.979267,37.491993],[-5.979267,37.491858],[-5.979267,37.491723],[-5.979097,37.491723],[-5.979097,37.491587],[-5.979267,37.491587],[-5.979609,37.491452],[-5.979609,37.491181],[-5.979438,37.490775],[-5.979438,37.490639],[-5.979267,37.490504],[-5.979097,37.490504],[-5.979267,37.490368],[-5.979097,37.490233],[-5.979097,37.490097],[-5.979267,37.489962],[-5.979438,37.489962],[-5.979609,37.489962],[-5.979438,37.490097],[-5.979267,37.490097],[-5.979267,37.490233],[-5.979438,37.490368],[-5.979609,37.490368],[-5.979779,37.490368],[-5.97995,37.490368],[-5.97995,37.489962],[-5.979779,37.489962],[-5.979779,37.489827],[-5.97995,37.489827],[-5.97995,37.489691],[-5.97995,37.489556],[-5.980121,37.489149]]],[[[-5.979609,37.490504],[-5.979609,37.490639],[-5.979609,37.490775],[-5.979779,37.490775],[-5.979779,37.490504],[-5.979609,37.490504]]],[[[-5.981998,37.488743],[-5.981998,37.488879],[-5.982169,37.489014],[-5.98234,37.489014],[-5.98251,37.489014],[-5.982681,37.489285],[-5.982852,37.489149],[-5.98251,37.488879],[-5.98251,37.488743],[-5.98234,37.488743],[-5.982169,37.488743],[-5.981998,37.488743]]],[[[-5.981828,37.488879],[-5.981145,37.489149],[-5.981486,37.489556],[-5.981486,37.48942],[-5.981657,37.489556],[-5.981657,37.489691],[-5.981828,37.489691],[-5.981828,37.489556],[-5.981998,37.489556],[-5.982169,37.489556],[-5.982169,37.48942],[-5.981998,37.48942],[-5.981998,37.489285],[-5.982169,37.489285],[-5.98234,37.489285],[-5.98234,37.489149],[-5.982169,37.489149],[-5.981998,37.489014],[-5.981828,37.488879]]],[[[-5.98251,37.48942],[-5.98234,37.489556],[-5.981828,37.489827],[-5.981657,37.489827],[-5.981828,37.489962],[-5.982852,37.489556],[-5.982681,37.48942],[-5.98251,37.48942]]]]},"properties":{"OBJECTID":2902,"ID_ZONA":"ES050_APSFR_BG004-03_ZFP","ZONA":"Guadalquivir en Rinconada","TIPO_ZONA":"Zona de Flujo Preferente","RIO":"Río Guadalquivir","LONG_KM":7.52,"HIDROLOGIA":"CAUMAX","PRECISION_":"MDT 1x1 procedente de LIDAR IGN PNOA","HIDRAUL":"IBER","ESTUDIO":"SNCZI. Zonas inundables del sistema bajo del Guadalquivir","TIPO_EST":"Estudio de Desarrollo del SNCZI","ESCALA_REP":"Planos digitales sin escala","DOCUMENTO":"Implantación y seguimiento del plan de gestión del riesgo de inundación de las demarcaciones hidrográficas del Guadalquivir, Ceuta y Melilla. Fase 1. Revisión de la EPRI y mapas de peligrosidad y riesgo de inundación","FECHA":1587340800000,"ORGANISMO":"Ministerio para la transición ecológica","CLAVE_EXPE":"05.840-0015/0411","DEMARCACIO":"Guadalquivir","ID_DEMAR":51,"Q_M3_S":"7655","Fecha_Lim":1745107200000,"Shape__Area":9473495.1802978516,"Shape__Length":48923.152543975644}},{"type":"Feature","id":2903,"geometry":{"type":"MultiPolygon","coordinates":[[[[-6.064778,37.286001],[-6.064949,37.286001],[-6.064949,37.286137],[-6.065119,37.286137],[-6.065119,37.286273],[-6.065119,37.286409],[-6.06529,37.286409],[-6.06529,37.286544],[-6.06529,37.28668],[-6.065461,37.28668],[-6.065461,37.286816],[-6.065461,37.286952],[-6.065631,37.287088],[-6.065631,37.287223],[-6.065802,37.287223],[-6.065802,37.287359],[-6.065802,37.287495],[-6.065973,37.287495],[-6.065973,37.287631],[-6.065973,37.287767],[-6.066143,37.287767],[-6.066143,37.287902],[-6.066143,37.288038],[-6.066314,37.288038],[-6.066314,37.288174],[-6.066314,37.28831],[-6.066485,37.28831],[-6.066485,37.288446],[-6.066485,37.288581],[-6.066485,37.288717],[-6.066655,37.288853],[-6.066655,37.288989],[-6.066655,37.289124],[-6.066655,37.28926],[-6.066826,37.28926],[-6.066826,37.289396],[-6.066826,37.289532],[-6.066826,37.289668],[-6.066997,37.289803],[-6.066997,37.289939],[-6.067168,37.289939],[-6.067168,37.290075],[-6.067338,37.290075],[-6.067338,37.290211],[-6.067509,37.290211],[-6.067509,37.290347],[-6.06768,37.290347],[-6.06785,37.290347],[-6.06785,37.290482],[-6.068021,37.290482],[-6.068021,37.290618],[-6.068192,37.290618],[-6.068192,37.290754],[-6.068192,37.29089],[-6.068362,37.29089],[-6.068362,37.291026],[-6.068533,37.291161],[-6.068533,37.291297],[-6.068704,37.291297],[-6.068704,37.291433],[-6.068704,37.291569],[-6.068874,37.291569],[-6.068874,37.291704],[-6.068874,37.29184],[-6.068874,37.291976],[-6.069045,37.291976],[-6.069045,37.292112],[-6.069045,37.292248],[-6.069045,37.292383],[-6.069045,37.292519],[-6.069216,37.292519],[-6.069216,37.292655],[-6.069216,37.292791],[-6.069216,37.292927],[-6.069386,37.292927],[-6.069045,37.293062],[-6.069045,37.292927],[-6.069045,37.292791],[-6.068874,37.292791],[-6.068874,37.292655],[-6.068874,37.292519],[-6.068704,37.292519],[-6.068704,37.292383],[-6.068704,37.292248],[-6.068704,37.292112],[-6.068704,37.291976],[-6.068704,37.29184],[-6.068533,37.29184],[-6.068533,37.291704],[-6.068533,37.291569],[-6.068362,37.291569],[-6.068362,37.291433],[-6.068362,37.291297],[-6.068192,37.291297],[-6.068192,37.291161],[-6.068192,37.291026],[-6.068021,37.29089],[-6.068021,37.290754],[-6.06785,37.290754],[-6.06785,37.290618],[-6.06768,37.290618],[-6.06768,37.290482],[-6.067509,37.290482],[-6.067338,37.290347],[-6.067168,37.290347],[-6.067168,37.290211],[-6.066997,37.290211],[-6.066997,37.290075],[-6.066826,37.290075],[-6.066826,37.289939],[-6.066655,37.289939],[-6.066655,37.289803],[-6.066655,37.289668],[-6.066655,37.289532],[-6.066485,37.289396],[-6.066485,37.28926],[-6.066485,37.289124],[-6.066485,37.288989],[-6.066314,37.288989],[-6.066314,37.288853],[-6.066314,37.288717],[-6.066314,37.288581],[-6.066143,37.288446],[-6.066143,37.28831],[-6.066143,37.288174],[-6.065973,37.288174],[-6.065973,37.288038],[-6.065973,37.287902],[-6.065802,37.287902],[-6.065802,37.287767],[-6.065802,37.287631],[-6.065631,37.287631],[-6.065631,37.287495],[-6.065631,37.287359],[-6.065461,37.287359],[-6.065461,37.287223],[-6.065461,37.287088],[-6.06529,37.287088],[-6.06529,37.286952],[-6.06529,37.286816],[-6.065119,37.286816],[-6.065119,37.28668],[-6.065119,37.286544],[-6.064949,37.286409],[-6.064949,37.286273],[-6.064778,37.286273],[-6.064778,37.286137],[-6.064778,37.286001]]],[[[-6.054537,37.285594],[-6.054708,37.285594],[-6.054708,37.28573],[-6.054879,37.28573],[-6.054879,37.285865],[-6.054708,37.285865],[-6.054537,37.28573],[-6.054537,37.285594]]],[[[-6.053854,37.285051],[-6.054025,37.285186],[-6.054196,37.285186],[-6.054367,37.285186],[-6.054537,37.285186],[-6.054537,37.285322],[-6.054367,37.285322],[-6.054367,37.285458],[-6.054537,37.285458],[-6.054537,37.285594],[-6.054196,37.285458],[-6.054196,37.285322],[-6.054025,37.285322],[-6.053854,37.285186],[-6.053854,37.285051]]],[[[-6.053684,37.284915],[-6.053854,37.285051],[-6.053684,37.285051],[-6.053684,37.284915]]],[[[-6.053172,37.284643],[-6.053342,37.284643],[-6.053513,37.284779],[-6.053684,37.284779],[-6.053684,37.284915],[-6.053513,37.284915],[-6.053342,37.284779],[-6.053172,37.284643]]],[[[-6.053854,37.284507],[-6.054025,37.284507],[-6.054025,37.284643],[-6.054025,37.284779],[-6.054196,37.284779],[-6.054196,37.284915],[-6.054025,37.284915],[-6.053854,37.284779],[-6.053684,37.284779],[-6.053684,37.284643],[-6.053854,37.284643],[-6.053854,37.284507]]],[[[-6.053001,37.284372],[-6.053172,37.284507],[-6.053001,37.284507],[-6.053001,37.284372]]],[[[-6.05283,37.284236],[-6.053001,37.284236],[-6.053001,37.284372],[-6.05283,37.284372],[-6.05283,37.284236]]],[[[-6.053172,37.2841],[-6.053342,37.2841],[-6.053342,37.284236],[-6.053172,37.2841]]],[[[-6.053001,37.2841],[-6.053172,37.2841],[-6.053172,37.284236],[-6.053001,37.284236],[-6.053001,37.2841]]],[[[-6.053172,37.283557],[-6.053342,37.283557],[-6.053513,37.283693],[-6.053342,37.283693],[-6.053172,37.283557]]],[[[-6.05266,37.283557],[-6.05283,37.283557],[-6.05283,37.283693],[-6.05283,37.283828],[-6.053001,37.283828],[-6.053001,37.283964],[-6.05283,37.283964],[-6.05283,37.2841],[-6.05266,37.283964],[-6.05266,37.2841],[-6.052489,37.2841],[-6.052489,37.283964],[-6.052489,37.283828],[-6.052489,37.283693],[-6.05266,37.283693],[-6.05266,37.283557]]],[[[-6.054025,37.283421],[-6.054196,37.283421],[-6.054196,37.283557],[-6.054025,37.283557],[-6.054025,37.283421]]],[[[-6.052318,37.283421],[-6.052489,37.283421],[-6.052489,37.283557],[-6.052318,37.283557],[-6.052318,37.283421]]],[[[-6.053854,37.283285],[-6.054025,37.283285],[-6.054025,37.283421],[-6.053854,37.283285]]],[[[-6.052489,37.283149],[-6.05266,37.283149],[-6.05266,37.283285],[-6.052489,37.283285],[-6.052489,37.283149]]],[[[-6.05522,37.283014],[-6.055391,37.283149],[-6.05522,37.283149],[-6.05522,37.283014]]],[[[-6.054367,37.283014],[-6.054537,37.283014],[-6.054537,37.283149],[-6.054367,37.283014]]],[[[-6.054196,37.282878],[-6.054367,37.282878],[-6.054367,37.283014],[-6.054196,37.282878]]],[[[-6.053684,37.282878],[-6.053854,37.282878],[-6.053854,37.283014],[-6.053854,37.283149],[-6.053854,37.283285],[-6.053684,37.283149],[-6.053684,37.283014],[-6.053684,37.282878]]],[[[-6.055049,37.282742],[-6.05522,37.282742],[-6.05522,37.282878],[-6.055391,37.282878],[-6.055391,37.283014],[-6.05522,37.283014],[-6.055049,37.283014],[-6.055049,37.282878],[-6.055049,37.282742]]],[[[-6.054025,37.282742],[-6.054196,37.282742],[-6.054196,37.282878],[-6.054025,37.282742]]],[[[-6.054879,37.282606],[-6.055049,37.282606],[-6.055049,37.282742],[-6.054879,37.282742],[-6.054879,37.282606]]],[[[-6.05522,37.282335],[-6.05522,37.28247],[-6.05522,37.282606],[-6.055049,37.282606],[-6.055049,37.28247],[-6.05522,37.282335]]],[[[-6.057268,37.282199],[-6.057439,37.282199],[-6.057439,37.282335],[-6.057268,37.282335],[-6.057268,37.282199]]],[[[-6.05522,37.282063],[-6.055391,37.282063],[-6.055391,37.282199],[-6.05522,37.282335],[-6.05522,37.282199],[-6.05522,37.282063]]],[[[-6.055049,37.281791],[-6.05522,37.281791],[-6.05522,37.281927],[-6.055049,37.281927],[-6.055049,37.281791]]],[[[-6.058975,37.281656],[-6.059146,37.281656],[-6.059146,37.281791],[-6.059316,37.281791],[-6.059316,37.281656],[-6.059487,37.281656],[-6.059658,37.281656],[-6.059658,37.281791],[-6.059658,37.281927],[-6.059487,37.281927],[-6.059487,37.282063],[-6.059487,37.282199],[-6.059658,37.282199],[-6.059658,37.282335],[-6.059828,37.282335],[-6.059828,37.282199],[-6.059999,37.282199],[-6.059999,37.282063],[-6.06017,37.282063],[-6.06034,37.282063],[-6.06034,37.282199],[-6.060511,37.282199],[-6.060511,37.282335],[-6.06034,37.282335],[-6.06034,37.28247],[-6.06017,37.28247],[-6.06017,37.282606],[-6.059999,37.282606],[-6.059828,37.282606],[-6.059658,37.282606],[-6.059658,37.282742],[-6.059658,37.282878],[-6.059487,37.282878],[-6.059487,37.282742],[-6.059316,37.282742],[-6.059146,37.282742],[-6.058975,37.282742],[-6.058804,37.282742],[-6.058634,37.282742],[-6.058634,37.282878],[-6.058463,37.282878],[-6.058463,37.282742],[-6.058463,37.282606],[-6.058292,37.282606],[-6.058292,37.28247],[-6.058292,37.282335],[-6.058463,37.282199],[-6.058634,37.282199],[-6.058634,37.282063],[-6.058804,37.282063],[-6.058804,37.281927],[-6.058804,37.281791],[-6.058975,37.281791],[-6.058975,37.281656]]],[[[-6.05522,37.281656],[-6.055391,37.281656],[-6.055561,37.281656],[-6.055561,37.281791],[-6.055561,37.281927],[-6.055391,37.281927],[-6.055391,37.281791],[-6.05522,37.281791],[-6.05522,37.281656]]],[[[-6.057097,37.280298],[-6.057268,37.280298],[-6.057268,37.280433],[-6.057097,37.280433],[-6.057097,37.280298]]],[[[-6.059658,37.272285],[-6.059658,37.27242],[-6.059658,37.272556],[-6.059487,37.272556],[-6.059487,37.272692],[-6.059487,37.272828],[-6.059487,37.272964],[-6.059487,37.273099],[-6.059487,37.273235],[-6.059487,37.273371],[-6.059487,37.273507],[-6.059487,37.273643],[-6.059316,37.273643],[-6.059316,37.273779],[-6.059146,37.273914],[-6.059146,37.273779],[-6.058975,37.273779],[-6.058975,37.273643],[-6.058804,37.273643],[-6.058634,37.273643],[-6.058463,37.273507],[-6.058292,37.273507],[-6.058292,37.273371],[-6.058121,37.273371],[-6.057951,37.273371],[-6.05778,37.273371],[-6.05778,37.273235],[-6.057609,37.273235],[-6.057439,37.273235],[-6.057439,37.273099],[-6.057268,37.273099],[-6.057097,37.272964],[-6.056927,37.272964],[-6.056756,37.272964],[-6.056756,37.272828],[-6.056585,37.272828],[-6.056585,37.272964],[-6.056415,37.272964],[-6.056415,37.273099],[-6.056415,37.273235],[-6.056585,37.273235],[-6.056585,37.273371],[-6.056756,37.273371],[-6.056756,37.273507],[-6.056927,37.273507],[-6.057097,37.273507],[-6.057097,37.273643],[-6.057268,37.273643],[-6.057439,37.273643],[-6.057439,37.273779],[-6.057609,37.273779],[-6.05778,37.273779],[-6.05778,37.273914],[-6.057951,37.273914],[-6.058121,37.273914],[-6.058292,37.273914],[-6.058292,37.27405],[-6.058463,37.27405],[-6.058634,37.27405],[-6.058634,37.274186],[-6.058804,37.274186],[-6.058975,37.274186],[-6.058975,37.274322],[-6.059146,37.274322],[-6.059146,37.274458],[-6.058975,37.274458],[-6.058975,37.274593],[-6.058804,37.274593],[-6.058804,37.274458],[-6.058634,37.274458],[-6.058463,37.274458],[-6.058463,37.274322],[-6.058292,37.274322],[-6.058121,37.274322],[-6.057951,37.274186],[-6.05778,37.274186],[-6.057609,37.274186],[-6.057609,37.27405],[-6.057439,37.27405],[-6.057268,37.27405],[-6.057268,37.273914],[-6.057097,37.273914],[-6.056927,37.273914],[-6.056927,37.273779],[-6.056756,37.273779],[-6.056585,37.273779],[-6.056415,37.273779],[-6.056415,37.273643],[-6.056415,37.273507],[-6.056415,37.273371],[-6.056244,37.273371],[-6.056244,37.273507],[-6.056073,37.273507],[-6.056073,37.273643],[-6.056073,37.273779],[-6.055903,37.273779],[-6.055903,37.273914],[-6.055903,37.27405],[-6.055732,37.27405],[-6.055732,37.274186],[-6.055732,37.274322],[-6.055561,37.274322],[-6.055561,37.274458],[-6.055561,37.274593],[-6.055732,37.274593],[-6.055903,37.274593],[-6.055903,37.274729],[-6.056073,37.274729],[-6.056073,37.274865],[-6.056244,37.274865],[-6.056415,37.274865],[-6.056415,37.275001],[-6.056415,37.275137],[-6.056415,37.275273],[-6.056244,37.275273],[-6.056244,37.275408],[-6.056415,37.275408],[-6.056415,37.275273],[-6.056585,37.275273],[-6.056585,37.275137],[-6.056585,37.275001],[-6.056756,37.275001],[-6.056756,37.275137],[-6.056927,37.275137],[-6.056927,37.275273],[-6.056927,37.275408],[-6.056756,37.275408],[-6.056756,37.275544],[-6.056585,37.275544],[-6.056585,37.27568],[-6.056756,37.27568],[-6.056756,37.275544],[-6.056927,37.275544],[-6.056927,37.275408],[-6.057097,37.275273],[-6.057268,37.275273],[-6.057268,37.275408],[-6.057439,37.275408],[-6.057268,37.275544],[-6.057268,37.27568],[-6.057097,37.27568],[-6.057097,37.275816],[-6.057268,37.275816],[-6.057268,37.27568],[-6.057439,37.27568],[-6.057439,37.275544],[-6.057609,37.275544],[-6.05778,37.275544],[-6.05778,37.27568],[-6.05778,37.275816],[-6.057609,37.275816],[-6.057609,37.275952],[-6.057439,37.276087],[-6.057609,37.276087],[-6.05778,37.276087],[-6.05778,37.275952],[-6.05778,37.275816],[-6.057951,37.275816],[-6.058121,37.275816],[-6.058292,37.275816],[-6.058292,37.275952],[-6.058292,37.276087],[-6.058463,37.276087],[-6.058634,37.276087],[-6.058634,37.276223],[-6.058463,37.276223],[-6.058463,37.276359],[-6.058292,37.276359],[-6.058292,37.276495],[-6.058292,37.276631],[-6.058292,37.276766],[-6.058121,37.276766],[-6.058121,37.276902],[-6.058121,37.277038],[-6.057951,37.277038],[-6.057951,37.277174],[-6.057951,37.27731],[-6.057951,37.277446],[-6.057951,37.277581],[-6.058121,37.277717],[-6.058292,37.277717],[-6.058463,37.277717],[-6.058463,37.277853],[-6.058463,37.277989],[-6.058463,37.278125],[-6.058292,37.278125],[-6.058292,37.27826],[-6.058121,37.27826],[-6.058121,37.278396],[-6.058121,37.278532],[-6.057951,37.278532],[-6.05778,37.278804],[-6.057609,37.278804],[-6.057439,37.278939],[-6.057439,37.279075],[-6.057439,37.279211],[-6.057609,37.279211],[-6.057609,37.279347],[-6.05778,37.279347],[-6.05778,37.279483],[-6.057609,37.279483],[-6.057439,37.279619],[-6.057439,37.279754],[-6.057268,37.27989],[-6.057268,37.280026],[-6.057097,37.280162],[-6.057097,37.280298],[-6.056927,37.280298],[-6.056927,37.280433],[-6.056756,37.280433],[-6.056756,37.280569],[-6.056756,37.280705],[-6.056756,37.280841],[-6.056585,37.280841],[-6.056585,37.280977],[-6.056415,37.280977],[-6.056415,37.281112],[-6.056244,37.281112],[-6.056244,37.281248],[-6.056415,37.281248],[-6.056585,37.281248],[-6.056585,37.281112],[-6.056756,37.281112],[-6.056756,37.281248],[-6.056756,37.281384],[-6.056585,37.281384],[-6.056585,37.28152],[-6.056585,37.281656],[-6.056756,37.281656],[-6.056756,37.281791],[-6.056927,37.281791],[-6.056927,37.281927],[-6.056927,37.282063],[-6.057097,37.282063],[-6.057097,37.282199],[-6.057097,37.282335],[-6.057268,37.282335],[-6.057268,37.28247],[-6.057439,37.28247],[-6.057439,37.282335],[-6.057609,37.282335],[-6.05778,37.282335],[-6.05778,37.28247],[-6.05778,37.282606],[-6.057951,37.282606],[-6.057951,37.28247],[-6.058121,37.28247],[-6.058121,37.282606],[-6.058121,37.282742],[-6.058121,37.282878],[-6.057951,37.282878],[-6.05778,37.282742],[-6.057609,37.282742],[-6.057439,37.282742],[-6.057439,37.282878],[-6.057609,37.282878],[-6.057609,37.283014],[-6.057609,37.283149],[-6.05778,37.283149],[-6.05778,37.283285],[-6.057951,37.283285],[-6.058121,37.283421],[-6.058292,37.283421],[-6.058292,37.283557],[-6.058463,37.283557],[-6.058463,37.283693],[-6.058634,37.283693],[-6.058634,37.283828],[-6.058804,37.283828],[-6.058804,37.283964],[-6.058975,37.283964],[-6.059146,37.283964],[-6.059146,37.2841],[-6.059316,37.2841],[-6.059316,37.284236],[-6.059487,37.284236],[-6.059487,37.284372],[-6.059658,37.284372],[-6.059658,37.284507],[-6.059828,37.284507],[-6.059999,37.284507],[-6.059999,37.284643],[-6.06017,37.284643],[-6.06017,37.284779],[-6.06034,37.284779],[-6.06034,37.284915],[-6.060511,37.284915],[-6.060511,37.285051],[-6.060682,37.285051],[-6.060852,37.285051],[-6.061023,37.285051],[-6.061023,37.285186],[-6.061194,37.285186],[-6.061364,37.285186],[-6.061535,37.285186],[-6.061706,37.285186],[-6.061876,37.285186],[-6.061876,37.285051],[-6.062047,37.285051],[-6.062047,37.285186],[-6.062218,37.285186],[-6.062388,37.285186],[-6.062388,37.285322],[-6.062559,37.285322],[-6.06273,37.285322],[-6.062901,37.285322],[-6.063242,37.285322],[-6.063413,37.285322],[-6.063583,37.285322],[-6.063754,37.285322],[-6.063925,37.285458],[-6.064095,37.285458],[-6.064266,37.285458],[-6.064266,37.285594],[-6.064437,37.285594],[-6.064437,37.28573],[-6.064607,37.28573],[-6.064778,37.285865],[-6.064778,37.286001],[-6.064607,37.286001],[-6.064607,37.285865],[-6.064437,37.285865],[-6.064266,37.28573],[-6.064095,37.28573],[-6.064095,37.285594],[-6.063925,37.285594],[-6.063754,37.285594],[-6.063583,37.285594],[-6.063583,37.285458],[-6.063413,37.285458],[-6.063242,37.285458],[-6.062901,37.285458],[-6.06273,37.285458],[-6.062559,37.285458],[-6.062388,37.285458],[-6.062218,37.285458],[-6.062047,37.285458],[-6.062047,37.285322],[-6.061876,37.285322],[-6.061706,37.285322],[-6.061535,37.285322],[-6.061364,37.285322],[-6.061194,37.285322],[-6.061023,37.285322],[-6.060852,37.285322],[-6.060852,37.285186],[-6.060682,37.285186],[-6.060511,37.285186],[-6.06034,37.285051],[-6.06017,37.285051],[-6.06017,37.284915],[-6.059999,37.284915],[-6.059999,37.284779],[-6.059828,37.284779],[-6.059828,37.284643],[-6.059658,37.284643],[-6.059487,37.284643],[-6.059487,37.284507],[-6.059316,37.284507],[-6.059316,37.284372],[-6.059146,37.284372],[-6.059146,37.284236],[-6.058975,37.284236],[-6.058975,37.2841],[-6.058804,37.2841],[-6.058634,37.283964],[-6.058463,37.283964],[-6.058463,37.283828],[-6.058292,37.283828],[-6.058292,37.283693],[-6.058121,37.283693],[-6.058121,37.283557],[-6.057951,37.283557],[-6.05778,37.283421],[-6.057609,37.283421],[-6.057609,37.283285],[-6.057439,37.283285],[-6.057439,37.283149],[-6.057268,37.283014],[-6.057268,37.282878],[-6.057097,37.282878],[-6.057097,37.282742],[-6.057097,37.282606],[-6.056927,37.282606],[-6.056927,37.28247],[-6.056927,37.282335],[-6.056756,37.282335],[-6.056756,37.282199],[-6.056756,37.282063],[-6.056585,37.282063],[-6.056585,37.281927],[-6.056415,37.281927],[-6.056415,37.281791],[-6.056244,37.281791],[-6.056073,37.281791],[-6.056073,37.281656],[-6.055903,37.281656],[-6.055732,37.281656],[-6.055561,37.281656],[-6.055561,37.28152],[-6.055391,37.28152],[-6.05522,37.28152],[-6.05522,37.281656],[-6.055049,37.281656],[-6.055049,37.281791],[-6.054879,37.281656],[-6.054708,37.281656],[-6.054537,37.281791],[-6.054196,37.282199],[-6.054196,37.282335],[-6.054025,37.282335],[-6.054025,37.28247],[-6.053854,37.28247],[-6.053854,37.282606],[-6.054025,37.282742],[-6.053854,37.282742],[-6.053684,37.282606],[-6.053684,37.282742],[-6.053684,37.282878],[-6.053513,37.282742],[-6.053513,37.282878],[-6.053342,37.282878],[-6.053342,37.283014],[-6.053172,37.283149],[-6.053172,37.283285],[-6.053001,37.283285],[-6.053001,37.283421],[-6.053172,37.283421],[-6.053172,37.283557],[-6.053001,37.283557],[-6.05283,37.283557],[-6.05283,37.283421],[-6.05283,37.283285],[-6.05283,37.283149],[-6.05266,37.283149],[-6.05266,37.283014],[-6.052489,37.283014],[-6.052489,37.283149],[-6.052318,37.283149],[-6.052318,37.283014],[-6.052148,37.283014],[-6.052148,37.283149],[-6.051977,37.283149],[-6.051977,37.283285],[-6.051806,37.283285],[-6.051636,37.283149],[-6.051465,37.283149],[-6.051465,37.283014],[-6.051294,37.283014],[-6.051465,37.282742],[-6.051636,37.282606],[-6.051806,37.28247],[-6.051806,37.282335],[-6.051806,37.282199],[-6.051636,37.282199],[-6.051636,37.282063],[-6.055049,37.273235],[-6.05522,37.272964],[-6.055391,37.272692],[-6.059658,37.272285]]],[[[-6.055391,37.274729],[-6.055391,37.274865],[-6.055391,37.275001],[-6.055391,37.275137],[-6.055561,37.275137],[-6.055561,37.275001],[-6.055561,37.274865],[-6.055561,37.274729],[-6.055391,37.274729]]]]},"properties":{"OBJECTID":2903,"ID_ZONA":"ES050_APSFR_BG008-02_ZFP","ZONA":"Arroyo Repudio","TIPO_ZONA":"Zona de Flujo Preferente","RIO":"Arroyo del Repudio; Río Guadalquivir","LONG_KM":2.6,"HIDROLOGIA":"CAUMAX","PRECISION_":"MDT 1x1 procedente de LIDAR IGN PNOA","HIDRAUL":"IBER","ESTUDIO":"SNCZI. Zonas inundables del sistema bajo del Guadalquivir","TIPO_EST":"Estudio de Desarrollo del SNCZI","ESCALA_REP":"Planos digitales sin escala","DOCUMENTO":"Implantación y seguimiento del plan de gestión del riesgo de inundación de las demarcaciones hidrográficas del Guadalquivir, Ceuta y Melilla. Fase 1. Revisión de la EPRI y mapas de peligrosidad y riesgo de inundación","FECHA":1587340800000,"ORGANISMO":"Ministerio para la transición ecológica","CLAVE_EXPE":"05.840-0015/0411","DEMARCACIO":"Guadalquivir","ID_DEMAR":51,"Q_M3_S":"72; 3978","Fecha_Lim":1745107200000,"Shape__Area":456465.65765380859,"Shape__Length":12847.595449195163}},{"type":"Feature","id":2976,"geometry":{"type":"MultiPolygon","coordinates":[[[[-5.342461,37.706872],[-5.342631,37.707007],[-5.342461,37.707007],[-5.342461,37.706872]]],[[[-5.338876,37.695663],[-5.339047,37.695663],[-5.339047,37.695798],[-5.338876,37.695663]]],[[[-5.338194,37.693637],[-5.338364,37.693637],[-5.338364,37.693772],[-5.338535,37.693772],[-5.338535,37.693908],[-5.338364,37.693908],[-5.338194,37.693772],[-5.338194,37.693637]]],[[[-5.350995,37.692692],[-5.351165,37.692827],[-5.353043,37.695528],[-5.352872,37.695528],[-5.352872,37.695663],[-5.352701,37.695798],[-5.352189,37.695798],[-5.352019,37.696068],[-5.351848,37.695933],[-5.351848,37.696068],[-5.351848,37.696203],[-5.352019,37.696203],[-5.352189,37.696203],[-5.35236,37.696474],[-5.352531,37.696879],[-5.352531,37.697014],[-5.352531,37.697149],[-5.352701,37.697149],[-5.353043,37.697284],[-5.353213,37.697284],[-5.353384,37.697284],[-5.353726,37.697419],[-5.353896,37.697419],[-5.354067,37.697284],[-5.35492,37.698499],[-5.35475,37.698634],[-5.353896,37.698634],[-5.353726,37.698634],[-5.353555,37.698634],[-5.353213,37.698634],[-5.353043,37.698634],[-5.353043,37.698769],[-5.352872,37.698769],[-5.352531,37.698904],[-5.35236,37.698904],[-5.352019,37.69904],[-5.351848,37.69904],[-5.351677,37.699175],[-5.351507,37.699175],[-5.351336,37.699175],[-5.351165,37.699175],[-5.351165,37.69931],[-5.350653,37.69958],[-5.350483,37.69958],[-5.350312,37.69958],[-5.350141,37.69958],[-5.349971,37.699445],[-5.349971,37.69958],[-5.349971,37.699715],[-5.3498,37.699715],[-5.3498,37.69985],[-5.3498,37.699985],[-5.349629,37.70012],[-5.349288,37.70012],[-5.349288,37.700255],[-5.349117,37.700255],[-5.349117,37.70039],[-5.348946,37.70039],[-5.348776,37.700525],[-5.348605,37.700525],[-5.348776,37.70066],[-5.348946,37.700795],[-5.348946,37.70093],[-5.348776,37.70093],[-5.348776,37.701065],[-5.348605,37.701065],[-5.348605,37.7012],[-5.349117,37.7012],[-5.349629,37.7012],[-5.3498,37.7012],[-5.349971,37.701335],[-5.350141,37.70147],[-5.350312,37.701605],[-5.350483,37.70174],[-5.350653,37.70174],[-5.350653,37.701875],[-5.350653,37.702011],[-5.350824,37.701875],[-5.350995,37.701875],[-5.351165,37.701875],[-5.351336,37.70174],[-5.351507,37.701605],[-5.351677,37.70147],[-5.351848,37.701335],[-5.352019,37.701335],[-5.352189,37.701335],[-5.35236,37.701335],[-5.352531,37.701335],[-5.352701,37.701335],[-5.352872,37.701335],[-5.353043,37.7012],[-5.353213,37.7012],[-5.353384,37.7012],[-5.353384,37.701065],[-5.353555,37.701065],[-5.353726,37.701065],[-5.353726,37.70093],[-5.353896,37.70093],[-5.354067,37.70093],[-5.354238,37.70093],[-5.354238,37.700795],[-5.354408,37.700795],[-5.354579,37.70066],[-5.35475,37.70066],[-5.35492,37.700525],[-5.355091,37.700525],[-5.355091,37.70039],[-5.355262,37.70039],[-5.355432,37.700255],[-5.355603,37.700255],[-5.355603,37.70012],[-5.355774,37.70012],[-5.355944,37.70012],[-5.35731,37.702281],[-5.357139,37.702281],[-5.356968,37.702416],[-5.356798,37.702416],[-5.356627,37.702416],[-5.356627,37.702551],[-5.356456,37.702551],[-5.356286,37.702551],[-5.356115,37.702551],[-5.355944,37.702686],[-5.355774,37.702686],[-5.355603,37.702686],[-5.355432,37.702821],[-5.355262,37.702821],[-5.355091,37.702956],[-5.35492,37.702956],[-5.35492,37.703091],[-5.35492,37.703226],[-5.355091,37.703361],[-5.355262,37.703496],[-5.355262,37.703631],[-5.355432,37.703631],[-5.355603,37.703766],[-5.355432,37.703766],[-5.355262,37.703766],[-5.355091,37.703766],[-5.35492,37.703766],[-5.35492,37.703631],[-5.35475,37.703631],[-5.354408,37.703631],[-5.354067,37.703631],[-5.354067,37.703361],[-5.354067,37.703226],[-5.353896,37.703226],[-5.353726,37.703226],[-5.353555,37.703226],[-5.353384,37.703361],[-5.353213,37.703361],[-5.353043,37.703361],[-5.352872,37.703496],[-5.352701,37.703496],[-5.352531,37.703496],[-5.35236,37.703496],[-5.35236,37.703631],[-5.352189,37.703631],[-5.352019,37.703631],[-5.352019,37.703766],[-5.351848,37.703766],[-5.351677,37.703766],[-5.351507,37.703766],[-5.351507,37.703901],[-5.351165,37.704036],[-5.350995,37.704171],[-5.350824,37.704171],[-5.350653,37.704306],[-5.350483,37.704306],[-5.350312,37.704441],[-5.350141,37.704441],[-5.349971,37.704576],[-5.3498,37.704576],[-5.349629,37.704711],[-5.349288,37.704711],[-5.349117,37.704711],[-5.349117,37.704846],[-5.348946,37.704846],[-5.348605,37.704981],[-5.348605,37.705116],[-5.348434,37.705116],[-5.348264,37.705251],[-5.348093,37.705251],[-5.347922,37.705387],[-5.347752,37.705387],[-5.347581,37.705387],[-5.347581,37.705522],[-5.34741,37.705522],[-5.34724,37.705657],[-5.347069,37.705792],[-5.347069,37.705927],[-5.346898,37.705927],[-5.346728,37.705927],[-5.346386,37.706062],[-5.346216,37.706062],[-5.346045,37.706062],[-5.345874,37.706062],[-5.345704,37.706197],[-5.345533,37.706197],[-5.345362,37.706197],[-5.345192,37.706197],[-5.34485,37.706197],[-5.344679,37.706197],[-5.344679,37.706332],[-5.344509,37.706467],[-5.344338,37.706467],[-5.344338,37.706602],[-5.344167,37.706602],[-5.343997,37.706602],[-5.343826,37.706602],[-5.343655,37.706602],[-5.343485,37.706737],[-5.343314,37.706737],[-5.343143,37.706737],[-5.342973,37.706872],[-5.342802,37.706872],[-5.342631,37.706602],[-5.342461,37.706602],[-5.342461,37.706737],[-5.342461,37.706872],[-5.34229,37.706737],[-5.34229,37.706602],[-5.342119,37.706737],[-5.342119,37.706602],[-5.341949,37.706602],[-5.341778,37.706602],[-5.341607,37.706602],[-5.341437,37.706602],[-5.341266,37.706602],[-5.341095,37.706602],[-5.340925,37.706737],[-5.340754,37.706737],[-5.340583,37.706737],[-5.340583,37.706872],[-5.340412,37.706872],[-5.340242,37.707007],[-5.340071,37.707007],[-5.3399,37.707142],[-5.33973,37.707142],[-5.339559,37.707277],[-5.339388,37.707277],[-5.339218,37.707277],[-5.339047,37.707277],[-5.338876,37.707277],[-5.338706,37.707277],[-5.338535,37.707277],[-5.338364,37.707277],[-5.338194,37.707277],[-5.337511,37.707277],[-5.337511,37.707412],[-5.337852,37.707547],[-5.338023,37.707547],[-5.338194,37.707682],[-5.338194,37.707952],[-5.338023,37.708087],[-5.337852,37.707952],[-5.337852,37.708222],[-5.337682,37.708087],[-5.337682,37.707952],[-5.337511,37.707817],[-5.337511,37.707682],[-5.33717,37.707547],[-5.336999,37.707682],[-5.336828,37.707547],[-5.336487,37.707547],[-5.336316,37.707412],[-5.336487,37.707412],[-5.336999,37.707412],[-5.33717,37.707412],[-5.33734,37.707412],[-5.33734,37.707277],[-5.336999,37.707277],[-5.336828,37.707277],[-5.336658,37.707142],[-5.336487,37.707007],[-5.336316,37.707007],[-5.336146,37.707007],[-5.336146,37.706872],[-5.335975,37.706872],[-5.335804,37.706872],[-5.335804,37.706737],[-5.335633,37.706737],[-5.335292,37.706467],[-5.335292,37.706602],[-5.334951,37.706737],[-5.33478,37.706737],[-5.334609,37.706737],[-5.334439,37.706872],[-5.334268,37.706872],[-5.333927,37.706737],[-5.333756,37.706737],[-5.333585,37.706737],[-5.333415,37.706737],[-5.333244,37.706737],[-5.333073,37.706737],[-5.332561,37.706737],[-5.332732,37.705387],[-5.333073,37.705387],[-5.333244,37.705387],[-5.333415,37.705387],[-5.333585,37.705387],[-5.333756,37.705387],[-5.333927,37.705387],[-5.333927,37.705251],[-5.334097,37.705116],[-5.333927,37.704981],[-5.334097,37.704981],[-5.334097,37.704711],[-5.334097,37.704576],[-5.334097,37.704441],[-5.334097,37.704306],[-5.334097,37.704171],[-5.334268,37.704171],[-5.334268,37.704036],[-5.334268,37.703766],[-5.334097,37.703631],[-5.334097,37.703496],[-5.334097,37.703361],[-5.334097,37.703226],[-5.334097,37.702956],[-5.334097,37.702821],[-5.333927,37.702821],[-5.334097,37.702686],[-5.334097,37.702551],[-5.333927,37.702551],[-5.333756,37.702686],[-5.333585,37.702686],[-5.333585,37.702821],[-5.333415,37.702686],[-5.333244,37.702551],[-5.333415,37.702551],[-5.333244,37.702416],[-5.333244,37.702281],[-5.333244,37.702146],[-5.333073,37.702146],[-5.333073,37.702011],[-5.333073,37.701875],[-5.333073,37.70147],[-5.333244,37.701605],[-5.333415,37.701605],[-5.333585,37.701605],[-5.333585,37.70147],[-5.333585,37.701335],[-5.333415,37.701335],[-5.333244,37.701335],[-5.333244,37.70147],[-5.333073,37.70147],[-5.333756,37.694583],[-5.333927,37.694718],[-5.334097,37.694718],[-5.334097,37.694853],[-5.334268,37.694988],[-5.334268,37.695123],[-5.334439,37.695123],[-5.334439,37.695258],[-5.334609,37.695393],[-5.33478,37.695528],[-5.33478,37.695663],[-5.334951,37.695663],[-5.334951,37.695798],[-5.335121,37.695798],[-5.335292,37.696068],[-5.335463,37.696203],[-5.335463,37.696339],[-5.335633,37.696339],[-5.335633,37.696474],[-5.335804,37.696474],[-5.335975,37.696474],[-5.335975,37.696609],[-5.336316,37.696609],[-5.336487,37.696609],[-5.336658,37.696609],[-5.336828,37.696744],[-5.336828,37.696609],[-5.336999,37.696474],[-5.336999,37.696339],[-5.33717,37.696339],[-5.33717,37.696203],[-5.33734,37.696203],[-5.33734,37.696068],[-5.33734,37.695933],[-5.33734,37.695798],[-5.337511,37.695798],[-5.337511,37.695663],[-5.337682,37.695528],[-5.337852,37.695393],[-5.338023,37.695393],[-5.338023,37.695258],[-5.338194,37.695258],[-5.338194,37.695123],[-5.338364,37.695123],[-5.338364,37.694988],[-5.338706,37.694853],[-5.338706,37.694718],[-5.338876,37.694718],[-5.338876,37.694583],[-5.338876,37.694448],[-5.338706,37.694313],[-5.338876,37.694178],[-5.338706,37.694043],[-5.338535,37.694043],[-5.338535,37.693908],[-5.338706,37.693908],[-5.338876,37.694043],[-5.339047,37.694178],[-5.339218,37.694178],[-5.339218,37.694313],[-5.339388,37.694313],[-5.339559,37.694448],[-5.339559,37.694583],[-5.339559,37.694718],[-5.339388,37.694718],[-5.339388,37.694853],[-5.339388,37.694988],[-5.339218,37.694988],[-5.339218,37.695123],[-5.339047,37.695123],[-5.338876,37.695123],[-5.338876,37.695258],[-5.338706,37.695258],[-5.338706,37.695393],[-5.338876,37.695528],[-5.338876,37.695663],[-5.338876,37.695798],[-5.338706,37.695933],[-5.338706,37.696068],[-5.338706,37.696203],[-5.338706,37.696339],[-5.338535,37.696339],[-5.338535,37.696474],[-5.338706,37.696609],[-5.338876,37.696879],[-5.340071,37.696744],[-5.340412,37.696744],[-5.340412,37.696609],[-5.340754,37.696474],[-5.340925,37.696339],[-5.341778,37.696203],[-5.341778,37.696068],[-5.341949,37.695663],[-5.342119,37.695663],[-5.34229,37.695663],[-5.342461,37.695663],[-5.342631,37.695663],[-5.342631,37.695528],[-5.342802,37.695528],[-5.342973,37.695393],[-5.343143,37.695123],[-5.343314,37.695123],[-5.343485,37.695123],[-5.343655,37.694988],[-5.343655,37.694853],[-5.343826,37.694853],[-5.343997,37.694853],[-5.344338,37.694853],[-5.344338,37.694718],[-5.344509,37.694853],[-5.344509,37.694718],[-5.344679,37.694853],[-5.34485,37.694853],[-5.34485,37.694718],[-5.345021,37.694853],[-5.345021,37.694718],[-5.345192,37.694853],[-5.345362,37.694853],[-5.345704,37.694853],[-5.345874,37.694853],[-5.346045,37.694718],[-5.346216,37.694718],[-5.346386,37.694718],[-5.346557,37.694718],[-5.346728,37.694718],[-5.346898,37.694718],[-5.347069,37.694583],[-5.34724,37.694583],[-5.34741,37.694448],[-5.347581,37.694448],[-5.347752,37.694448],[-5.347752,37.694313],[-5.347922,37.694313],[-5.348093,37.694313],[-5.348093,37.694178],[-5.348264,37.694178],[-5.348434,37.694043],[-5.348605,37.694043],[-5.348605,37.693908],[-5.348946,37.693908],[-5.349117,37.693772],[-5.349117,37.693637],[-5.349288,37.693637],[-5.349459,37.693502],[-5.349629,37.693367],[-5.3498,37.693367],[-5.349971,37.693232],[-5.350141,37.693097],[-5.350483,37.693097],[-5.350483,37.692962],[-5.350653,37.692962],[-5.350824,37.692962],[-5.350995,37.692962],[-5.350995,37.692692]]],[[[-5.522528,37.657433],[-5.522528,37.657568],[-5.522699,37.657568],[-5.522869,37.657433],[-5.522869,37.657568],[-5.522528,37.657703],[-5.522357,37.657703],[-5.522187,37.657568],[-5.522528,37.657433]]],[[[-5.523893,37.655812],[-5.523893,37.655947],[-5.523723,37.655947],[-5.523893,37.655812]]],[[[-5.525771,37.65446],[-5.525942,37.65446],[-5.526112,37.65446],[-5.525942,37.654596],[-5.525771,37.654596],[-5.525771,37.65446]]],[[[-5.526454,37.65365],[-5.526624,37.65365],[-5.526454,37.653785],[-5.526283,37.653785],[-5.526454,37.65365]]],[[[-5.532769,37.653379],[-5.532939,37.653514],[-5.532939,37.65365],[-5.532939,37.653785],[-5.532769,37.653514],[-5.532769,37.653379]]],[[[-5.557688,37.642433],[-5.557859,37.642433],[-5.557859,37.642568],[-5.557859,37.642703],[-5.557688,37.642568],[-5.557688,37.642433]]],[[[-5.557347,37.642362],[-5.557347,37.642433],[-5.557176,37.642433],[-5.557347,37.642362]]],[[[-5.557347,37.642298],[-5.557517,37.642298],[-5.557347,37.642362],[-5.557347,37.642298]]],[[[-5.558371,37.641757],[-5.558541,37.641757],[-5.558541,37.641892],[-5.558371,37.641892],[-5.5582,37.641892],[-5.558371,37.641757]]],[[[-5.538231,37.639865],[-5.538401,37.640135],[-5.538231,37.64],[-5.53806,37.64],[-5.538231,37.639865]]],[[[-5.731269,37.635134],[-5.731269,37.63527],[-5.731269,37.63581],[-5.731099,37.636081],[-5.731099,37.635945],[-5.731099,37.63527],[-5.731269,37.635134]]],[[[-5.756701,37.632161],[-5.756871,37.632161],[-5.756701,37.632296],[-5.756701,37.632161]]],[[[-5.579364,37.632701],[-5.579535,37.632701],[-5.579706,37.632701],[-5.579535,37.632837],[-5.579364,37.632837],[-5.579364,37.632701]]],[[[-5.504607,37.634188],[-5.504607,37.634323],[-5.504436,37.634323],[-5.504607,37.634188]]],[[[-5.504607,37.633512],[-5.504607,37.633783],[-5.504607,37.633918],[-5.504607,37.634188],[-5.504436,37.634053],[-5.504436,37.633918],[-5.504436,37.633648],[-5.504607,37.633512]]],[[[-5.589776,37.631485],[-5.589776,37.631755],[-5.589605,37.63162],[-5.589776,37.631485]]],[[[-5.504607,37.633242],[-5.504777,37.633242],[-5.504777,37.633377],[-5.504607,37.633377],[-5.504607,37.633242]]],[[[-5.589605,37.631215],[-5.589776,37.63135],[-5.589776,37.631485],[-5.589605,37.631485],[-5.589605,37.63135],[-5.589605,37.631215]]],[[[-5.583119,37.630944],[-5.582949,37.631215],[-5.582778,37.631215],[-5.582778,37.63135],[-5.582949,37.631215],[-5.583119,37.631215],[-5.58329,37.631215],[-5.583119,37.63135],[-5.582949,37.63135],[-5.582778,37.631485],[-5.582778,37.63162],[-5.582607,37.63162],[-5.582607,37.631755],[-5.582437,37.63189],[-5.582437,37.632026],[-5.582266,37.632026],[-5.582095,37.632296],[-5.581925,37.632431],[-5.581925,37.632566],[-5.581754,37.632701],[-5.581754,37.632837],[-5.581754,37.632972],[-5.581583,37.632972],[-5.581583,37.633107],[-5.581413,37.633242],[-5.581413,37.633377],[-5.581413,37.633512],[-5.581413,37.633648],[-5.581413,37.633783],[-5.581242,37.634053],[-5.581071,37.634053],[-5.5809,37.634188],[-5.58073,37.634188],[-5.580559,37.634188],[-5.580047,37.634323],[-5.579876,37.634323],[-5.579535,37.634323],[-5.579194,37.634459],[-5.579023,37.634459],[-5.578511,37.634729],[-5.57834,37.634459],[-5.577999,37.634188],[-5.577999,37.634053],[-5.57817,37.634053],[-5.57817,37.633783],[-5.57817,37.633648],[-5.57834,37.633648],[-5.57834,37.633512],[-5.578511,37.633512],[-5.578682,37.633377],[-5.578852,37.633242],[-5.579023,37.633242],[-5.579194,37.633107],[-5.579364,37.633107],[-5.579535,37.632972],[-5.579876,37.632837],[-5.580047,37.632701],[-5.580047,37.632566],[-5.580388,37.632566],[-5.580388,37.632431],[-5.580559,37.632431],[-5.58073,37.632296],[-5.581071,37.632161],[-5.581242,37.632026],[-5.581583,37.631755],[-5.581754,37.63189],[-5.581925,37.631755],[-5.581925,37.63162],[-5.582095,37.63162],[-5.582095,37.631485],[-5.582266,37.63135],[-5.582437,37.63135],[-5.582778,37.631079],[-5.582949,37.631079],[-5.583119,37.630944]]],[[[-5.583461,37.630809],[-5.583461,37.630944],[-5.58329,37.630944],[-5.583119,37.630944],[-5.583461,37.630809]]],[[[-5.589264,37.630268],[-5.589434,37.630268],[-5.589605,37.630404],[-5.589434,37.630404],[-5.589605,37.630539],[-5.589605,37.630674],[-5.589605,37.630809],[-5.589605,37.630944],[-5.589605,37.631079],[-5.589605,37.631215],[-5.589434,37.631215],[-5.589434,37.631079],[-5.589434,37.630944],[-5.589434,37.630674],[-5.589434,37.630539],[-5.589264,37.630268]]],[[[-5.503924,37.630809],[-5.504095,37.630809],[-5.504265,37.630809],[-5.504436,37.630809],[-5.504095,37.630944],[-5.503924,37.630809]]],[[[-5.503412,37.630539],[-5.503582,37.630674],[-5.503753,37.630674],[-5.503753,37.630809],[-5.503582,37.630809],[-5.503412,37.630674],[-5.503412,37.630539]]],[[[-5.545228,37.626213],[-5.545228,37.626348],[-5.545399,37.626348],[-5.545228,37.626483],[-5.545058,37.626348],[-5.544887,37.626348],[-5.545228,37.626213]]],[[[-5.644735,37.619589],[-5.644905,37.619724],[-5.644905,37.619859],[-5.644905,37.619995],[-5.644735,37.619995],[-5.644735,37.619859],[-5.644735,37.619724],[-5.644735,37.619589]]],[[[-5.632275,37.619048],[-5.632446,37.619048],[-5.632275,37.619183],[-5.632275,37.619048]]],[[[-5.63091,37.617967],[-5.63108,37.617967],[-5.63108,37.618102],[-5.631251,37.618237],[-5.631251,37.618372],[-5.631251,37.618507],[-5.631251,37.618643],[-5.631592,37.618778],[-5.631592,37.618913],[-5.631763,37.618913],[-5.631934,37.618913],[-5.631934,37.619048],[-5.631763,37.619048],[-5.631592,37.619048],[-5.631422,37.618913],[-5.631251,37.618778],[-5.63108,37.618507],[-5.63108,37.618237],[-5.63091,37.617967]]],[[[-5.630227,37.617426],[-5.630398,37.617426],[-5.630568,37.617426],[-5.630739,37.617561],[-5.63091,37.617696],[-5.63091,37.617831],[-5.63091,37.617967],[-5.630739,37.617831],[-5.630739,37.617696],[-5.630568,37.617696],[-5.630568,37.617561],[-5.630398,37.617561],[-5.630227,37.617561],[-5.630227,37.617426]]],[[[-5.732123,37.610936],[-5.732294,37.611071],[-5.732123,37.611071],[-5.732123,37.610936]]],[[[-5.732635,37.610801],[-5.732806,37.610801],[-5.732976,37.610801],[-5.732806,37.610936],[-5.732806,37.611071],[-5.732635,37.611071],[-5.732635,37.610936],[-5.732635,37.610801]]],[[[-5.667947,37.60999],[-5.668118,37.60999],[-5.668118,37.610125],[-5.668289,37.61026],[-5.668459,37.610395],[-5.668459,37.610531],[-5.668289,37.610531],[-5.668289,37.610395],[-5.668118,37.610395],[-5.668118,37.61026],[-5.667947,37.610125],[-5.667947,37.60999]]],[[[-5.667777,37.609719],[-5.667947,37.609719],[-5.667947,37.609854],[-5.667777,37.609854],[-5.667777,37.609719]]],[[[-5.667606,37.609449],[-5.667777,37.609584],[-5.667777,37.609719],[-5.667606,37.609584],[-5.667606,37.609449]]],[[[-5.593019,37.606069],[-5.593189,37.606069],[-5.593189,37.606204],[-5.593019,37.606069]]],[[[-5.583119,37.605798],[-5.58329,37.605798],[-5.583461,37.605933],[-5.583461,37.606069],[-5.58329,37.605933],[-5.583119,37.605798]]],[[[-5.880102,37.594168],[-5.880102,37.594304],[-5.879932,37.594304],[-5.880102,37.594168]]],[[[-5.885393,37.589435],[-5.885564,37.589435],[-5.885735,37.589435],[-5.885735,37.58957],[-5.885564,37.58957],[-5.885393,37.58957],[-5.885393,37.589435]]],[[[-5.886076,37.589164],[-5.886076,37.5893],[-5.885905,37.589435],[-5.885905,37.5893],[-5.886076,37.589164]]],[[[-5.778036,37.588488],[-5.778206,37.588759],[-5.77906,37.5893],[-5.778889,37.5893],[-5.778718,37.5893],[-5.778377,37.589705],[-5.778206,37.589841],[-5.778377,37.590111],[-5.778036,37.589976],[-5.777865,37.589976],[-5.778036,37.589841],[-5.777865,37.589705],[-5.778036,37.589435],[-5.778036,37.5893],[-5.778036,37.588759],[-5.777865,37.588623],[-5.778036,37.588488]]],[[[-5.623229,37.587541],[-5.62357,37.587541],[-5.623741,37.587677],[-5.623912,37.587677],[-5.624082,37.587677],[-5.624082,37.587812],[-5.623912,37.587812],[-5.623741,37.587812],[-5.62357,37.587677],[-5.6234,37.587677],[-5.623229,37.587677],[-5.623229,37.587541]]],[[[-5.621693,37.586595],[-5.621864,37.586595],[-5.621864,37.58673],[-5.622034,37.586865],[-5.622205,37.587136],[-5.622376,37.587271],[-5.622546,37.587271],[-5.622717,37.587406],[-5.622888,37.587406],[-5.623058,37.587406],[-5.623058,37.587541],[-5.622888,37.587541],[-5.622717,37.587541],[-5.622546,37.587406],[-5.622376,37.587406],[-5.622205,37.587406],[-5.622205,37.587271],[-5.622034,37.587271],[-5.622034,37.587136],[-5.621864,37.587],[-5.621864,37.586865],[-5.621693,37.58673],[-5.621693,37.586595]]],[[[-5.809612,37.582267],[-5.809782,37.582402],[-5.809953,37.582537],[-5.809953,37.582672],[-5.810124,37.582808],[-5.810294,37.582672],[-5.810465,37.582672],[-5.810636,37.582672],[-5.810465,37.582808],[-5.810294,37.582943],[-5.810124,37.582943],[-5.809953,37.582943],[-5.809953,37.582808],[-5.809782,37.582672],[-5.809782,37.582537],[-5.809612,37.582537],[-5.809612,37.582402],[-5.809612,37.582267]]],[[[-5.809441,37.582131],[-5.809612,37.582131],[-5.809612,37.582267],[-5.809441,37.582267],[-5.809441,37.582131]]],[[[-5.80927,37.581861],[-5.809441,37.581861],[-5.809441,37.581996],[-5.80927,37.581996],[-5.80927,37.581861]]],[[[-5.779231,37.582402],[-5.779743,37.582537],[-5.780084,37.582672],[-5.780425,37.582943],[-5.780425,37.583078],[-5.780596,37.583213],[-5.780425,37.583213],[-5.780255,37.583349],[-5.780084,37.583484],[-5.779913,37.583484],[-5.779743,37.583619],[-5.779572,37.583619],[-5.779401,37.583754],[-5.779231,37.583754],[-5.77906,37.583754],[-5.778889,37.583754],[-5.77906,37.583619],[-5.778889,37.583619],[-5.778889,37.583754],[-5.778718,37.583754],[-5.778548,37.583754],[-5.778548,37.583619],[-5.778377,37.583619],[-5.778206,37.583484],[-5.777865,37.583484],[-5.777694,37.583484],[-5.777524,37.583349],[-5.777182,37.583619],[-5.776841,37.583619],[-5.77667,37.583754],[-5.776329,37.583754],[-5.776158,37.58389],[-5.775988,37.58389],[-5.775988,37.584025],[-5.775817,37.584025],[-5.775817,37.58416],[-5.775817,37.584295],[-5.775646,37.584295],[-5.775476,37.584295],[-5.775305,37.584295],[-5.775305,37.58416],[-5.775134,37.584025],[-5.774964,37.584025],[-5.774793,37.584025],[-5.774622,37.58389],[-5.774622,37.583754],[-5.774793,37.583754],[-5.774964,37.583754],[-5.774964,37.58389],[-5.775134,37.58389],[-5.775305,37.58389],[-5.775476,37.584025],[-5.775476,37.58416],[-5.775646,37.58416],[-5.775646,37.584025],[-5.775817,37.58389],[-5.775988,37.583754],[-5.775817,37.583754],[-5.775817,37.583619],[-5.775988,37.583619],[-5.775817,37.583484],[-5.775817,37.583349],[-5.775988,37.583349],[-5.775988,37.583213],[-5.776158,37.583078],[-5.776329,37.583078],[-5.776841,37.582943],[-5.777012,37.582943],[-5.777182,37.582943],[-5.777353,37.582943],[-5.777524,37.582943],[-5.777694,37.582943],[-5.777694,37.583078],[-5.777865,37.583078],[-5.778036,37.583078],[-5.778206,37.583078],[-5.778206,37.582672],[-5.778036,37.582672],[-5.778036,37.582537],[-5.778377,37.582537],[-5.778718,37.582537],[-5.779231,37.582402]]],[[[-5.62101,37.585242],[-5.621181,37.585242],[-5.621181,37.585377],[-5.621352,37.585513],[-5.621522,37.585783],[-5.621693,37.586054],[-5.621693,37.586189],[-5.621693,37.586459],[-5.621522,37.586459],[-5.621522,37.586324],[-5.621522,37.586189],[-5.621522,37.586054],[-5.621522,37.585918],[-5.621352,37.585783],[-5.621352,37.585648],[-5.621181,37.585648],[-5.621181,37.585513],[-5.62101,37.585513],[-5.62101,37.585377],[-5.62101,37.585242]]],[[[-5.802614,37.581049],[-5.802784,37.581049],[-5.802784,37.581184],[-5.802614,37.581049]]],[[[-5.62084,37.584972],[-5.62101,37.584972],[-5.62101,37.585107],[-5.62101,37.585242],[-5.62084,37.585107],[-5.62084,37.584972]]],[[[-5.620669,37.584701],[-5.62084,37.584701],[-5.62084,37.584836],[-5.62084,37.584972],[-5.620669,37.584972],[-5.620498,37.584836],[-5.620669,37.584701]]],[[[-5.619816,37.584025],[-5.619986,37.584025],[-5.620157,37.58416],[-5.620328,37.584295],[-5.620498,37.584431],[-5.620669,37.584566],[-5.620498,37.584566],[-5.620328,37.584566],[-5.620328,37.584431],[-5.620157,37.584295],[-5.619986,37.58416],[-5.619816,37.584025]]],[[[-5.619474,37.583754],[-5.619645,37.58389],[-5.619816,37.58389],[-5.619816,37.584025],[-5.619474,37.58389],[-5.619474,37.583754]]],[[[-5.822242,37.578479],[-5.822242,37.578614],[-5.822071,37.578614],[-5.822242,37.578479]]],[[[-5.90451,37.575774],[-5.90468,37.575774],[-5.90468,37.575909],[-5.90451,37.575909],[-5.90451,37.575774]]],[[[-5.904339,37.575774],[-5.90451,37.575909],[-5.904339,37.575909],[-5.904168,37.575909],[-5.904339,37.575774]]],[[[-5.904339,37.575233],[-5.90451,37.575368],[-5.90451,37.575503],[-5.90451,37.575638],[-5.904339,37.575638],[-5.904339,37.575503],[-5.904339,37.575368],[-5.904339,37.575233]]],[[[-5.674945,37.580102],[-5.675116,37.580102],[-5.674945,37.580238],[-5.674945,37.580102]]],[[[-5.654976,37.579155],[-5.655146,37.579291],[-5.655317,37.579426],[-5.655317,37.579561],[-5.655146,37.579561],[-5.655146,37.579426],[-5.654976,37.579426],[-5.654976,37.579291],[-5.654976,37.579155]]],[[[-5.921578,37.571986],[-5.921748,37.571986],[-5.921919,37.572121],[-5.921919,37.572257],[-5.921748,37.572121],[-5.921578,37.571986]]],[[[-5.80415,37.572527],[-5.80432,37.572527],[-5.80432,37.572662],[-5.80415,37.572662],[-5.80415,37.572527]]],[[[-5.825143,37.569957],[-5.825314,37.570092],[-5.825143,37.570092],[-5.825143,37.569957]]],[[[-5.926698,37.567386],[-5.926869,37.567522],[-5.927039,37.567657],[-5.927039,37.567792],[-5.926869,37.567657],[-5.926698,37.567522],[-5.926698,37.567386]]],[[[-5.926527,37.567251],[-5.926698,37.567251],[-5.926698,37.567386],[-5.926527,37.567251]]],[[[-5.926186,37.566845],[-5.926357,37.566845],[-5.926527,37.566981],[-5.926527,37.567116],[-5.926357,37.567116],[-5.926357,37.566981],[-5.926186,37.566845]]],[[[-5.82924,37.568875],[-5.82941,37.56901],[-5.82924,37.56901],[-5.82924,37.568875]]],[[[-5.828898,37.568875],[-5.829069,37.56901],[-5.82924,37.56901],[-5.82924,37.569145],[-5.829069,37.569145],[-5.82924,37.56928],[-5.829069,37.56928],[-5.828898,37.569416],[-5.828728,37.56928],[-5.828728,37.569145],[-5.828728,37.56901],[-5.828898,37.56901],[-5.828898,37.568875]]],[[[-5.803808,37.56928],[-5.80415,37.569551],[-5.804662,37.569416],[-5.804833,37.569416],[-5.805003,37.569551],[-5.805515,37.569416],[-5.806369,37.569551],[-5.806539,37.569551],[-5.80671,37.569551],[-5.806881,37.569686],[-5.807051,37.569686],[-5.807051,37.569822],[-5.807051,37.569957],[-5.807222,37.569957],[-5.807393,37.569957],[-5.807563,37.569957],[-5.807734,37.569957],[-5.807734,37.569822],[-5.807905,37.569957],[-5.808075,37.569957],[-5.808075,37.569822],[-5.808246,37.569686],[-5.808246,37.569551],[-5.808417,37.569416],[-5.808587,37.569416],[-5.808758,37.569416],[-5.808929,37.569551],[-5.80927,37.569686],[-5.809441,37.569686],[-5.809782,37.569686],[-5.809953,37.569822],[-5.810124,37.569957],[-5.810294,37.569957],[-5.810465,37.569957],[-5.810636,37.569957],[-5.811148,37.569957],[-5.811318,37.570092],[-5.811318,37.570227],[-5.811489,37.570363],[-5.81166,37.570363],[-5.81183,37.570498],[-5.812001,37.570498],[-5.812172,37.570498],[-5.812172,37.570633],[-5.812342,37.570769],[-5.812342,37.570904],[-5.812513,37.571039],[-5.813025,37.571039],[-5.813196,37.571039],[-5.813367,37.571039],[-5.813537,37.571039],[-5.813708,37.571174],[-5.813537,37.571174],[-5.813367,37.571174],[-5.813196,37.571174],[-5.813196,37.57131],[-5.813196,37.571445],[-5.813196,37.57158],[-5.813025,37.57158],[-5.812854,37.571715],[-5.812684,37.571715],[-5.812684,37.571851],[-5.812513,37.571851],[-5.812684,37.571986],[-5.812513,37.572121],[-5.812513,37.572257],[-5.812342,37.572392],[-5.812342,37.572527],[-5.812342,37.572662],[-5.812001,37.572798],[-5.81166,37.572798],[-5.81166,37.572662],[-5.811489,37.572662],[-5.811489,37.572527],[-5.81166,37.572527],[-5.81166,37.572392],[-5.811489,37.572527],[-5.811318,37.572527],[-5.811318,37.572798],[-5.811148,37.572798],[-5.811148,37.572933],[-5.810977,37.572933],[-5.810806,37.572933],[-5.810465,37.572933],[-5.810465,37.573068],[-5.810294,37.573068],[-5.809612,37.573068],[-5.809612,37.573204],[-5.80927,37.573204],[-5.8091,37.573204],[-5.808929,37.573204],[-5.808758,37.573204],[-5.808587,37.573339],[-5.808417,37.573474],[-5.808246,37.573339],[-5.808075,37.573339],[-5.808075,37.573474],[-5.807905,37.573339],[-5.807905,37.573474],[-5.807734,37.573339],[-5.807734,37.573474],[-5.807563,37.573609],[-5.807393,37.573474],[-5.807222,37.573474],[-5.807051,37.573609],[-5.806881,37.573609],[-5.806881,37.573745],[-5.80671,37.573745],[-5.806539,37.573609],[-5.806369,37.573745],[-5.806198,37.573745],[-5.806198,37.573609],[-5.806198,37.573339],[-5.806198,37.573204],[-5.805857,37.573068],[-5.805686,37.573204],[-5.805515,37.573204],[-5.805345,37.573339],[-5.805174,37.573339],[-5.805003,37.573339],[-5.805003,37.573474],[-5.804833,37.573474],[-5.804662,37.573609],[-5.804491,37.573609],[-5.803808,37.573609],[-5.803808,37.573745],[-5.803638,37.573745],[-5.803467,37.573745],[-5.803296,37.573745],[-5.802955,37.573745],[-5.802784,37.57388],[-5.802614,37.57388],[-5.802614,37.573745],[-5.802614,37.573609],[-5.802614,37.573474],[-5.802443,37.573339],[-5.802614,37.573339],[-5.802784,37.573339],[-5.802955,37.573204],[-5.802955,37.573068],[-5.803126,37.573068],[-5.803126,37.573204],[-5.803296,37.573204],[-5.803467,37.573068],[-5.803638,37.573068],[-5.803808,37.573068],[-5.803808,37.572933],[-5.803979,37.572933],[-5.80415,37.572798],[-5.80432,37.572798],[-5.80432,37.572662],[-5.804491,37.572527],[-5.804491,37.572392],[-5.804491,37.572121],[-5.804491,37.571715],[-5.80432,37.571715],[-5.80415,37.571715],[-5.80415,37.571851],[-5.80415,37.571986],[-5.80415,37.572121],[-5.80415,37.572257],[-5.80415,37.572392],[-5.803638,37.572662],[-5.803467,37.572662],[-5.803296,37.572798],[-5.803296,37.572662],[-5.803467,37.572527],[-5.803296,37.571986],[-5.803126,37.571715],[-5.802955,37.571445],[-5.802955,37.571174],[-5.802955,37.571039],[-5.802955,37.570769],[-5.802784,37.570769],[-5.802955,37.570498],[-5.802955,37.570227],[-5.803126,37.570092],[-5.803296,37.570092],[-5.803467,37.570227],[-5.803467,37.570363],[-5.803638,37.570498],[-5.803808,37.570633],[-5.803808,37.570769],[-5.803979,37.570769],[-5.803808,37.570633],[-5.803808,37.570498],[-5.803638,37.570363],[-5.803638,37.570227],[-5.803467,37.570092],[-5.803467,37.569957],[-5.803296,37.569957],[-5.803467,37.569822],[-5.803296,37.569822],[-5.803296,37.569686],[-5.803126,37.569551],[-5.803126,37.569416],[-5.803296,37.569416],[-5.803467,37.569416],[-5.803808,37.56928]]],[[[-5.804491,37.571174],[-5.804491,37.57131],[-5.804662,37.571174],[-5.804491,37.571174]]],[[[-5.802955,37.56928],[-5.803126,37.56928],[-5.803126,37.569416],[-5.802955,37.56928]]],[[[-5.925674,37.566169],[-5.925845,37.566304],[-5.926015,37.566439],[-5.926186,37.566575],[-5.926186,37.56671],[-5.926015,37.566575],[-5.925845,37.566575],[-5.925845,37.566439],[-5.925674,37.566304],[-5.925674,37.566169]]],[[[-5.827874,37.568469],[-5.828045,37.568469],[-5.827704,37.568739],[-5.828045,37.56901],[-5.828216,37.568875],[-5.828386,37.568875],[-5.828557,37.568875],[-5.828728,37.56901],[-5.828386,37.569145],[-5.828216,37.56928],[-5.828045,37.56928],[-5.827874,37.56928],[-5.827874,37.569416],[-5.827704,37.569416],[-5.827533,37.569551],[-5.827362,37.569686],[-5.827362,37.569822],[-5.827192,37.569686],[-5.827021,37.569686],[-5.827021,37.569551],[-5.82685,37.569686],[-5.82668,37.569822],[-5.826509,37.569822],[-5.826509,37.569686],[-5.826509,37.569551],[-5.826509,37.56928],[-5.826509,37.569145],[-5.826509,37.568739],[-5.82685,37.568875],[-5.827362,37.568604],[-5.827533,37.568604],[-5.827874,37.568469]]],[[[-5.925503,37.566034],[-5.925674,37.566034],[-5.925674,37.566169],[-5.925503,37.566169],[-5.925503,37.566034]]],[[[-5.822754,37.568469],[-5.823095,37.568469],[-5.823095,37.568739],[-5.822583,37.569145],[-5.823266,37.569416],[-5.823778,37.569416],[-5.823949,37.569551],[-5.824119,37.569686],[-5.824119,37.569551],[-5.824461,37.569551],[-5.824631,37.569416],[-5.824631,37.569551],[-5.824802,37.569686],[-5.824802,37.569822],[-5.824973,37.569957],[-5.824973,37.570092],[-5.824802,37.570092],[-5.824631,37.570227],[-5.824461,37.570227],[-5.82429,37.570227],[-5.823949,37.570363],[-5.823778,37.570363],[-5.823607,37.570363],[-5.823437,37.570363],[-5.823266,37.570498],[-5.822925,37.570498],[-5.822754,37.570498],[-5.822583,37.570498],[-5.822413,37.570633],[-5.822071,37.570769],[-5.821901,37.570769],[-5.821559,37.570633],[-5.821559,37.570769],[-5.821218,37.570769],[-5.821047,37.570904],[-5.820876,37.570904],[-5.820706,37.570904],[-5.820535,37.571039],[-5.820364,37.571039],[-5.820194,37.571039],[-5.820023,37.571174],[-5.819852,37.571174],[-5.819682,37.571174],[-5.81917,37.571174],[-5.818999,37.57131],[-5.818828,37.57131],[-5.818658,37.57131],[-5.818487,37.571445],[-5.818316,37.571445],[-5.818146,37.571445],[-5.817975,37.571445],[-5.817804,37.57158],[-5.817634,37.57158],[-5.817463,37.57158],[-5.817292,37.571715],[-5.817121,37.571715],[-5.816951,37.571715],[-5.81678,37.571715],[-5.816609,37.571851],[-5.816439,37.571851],[-5.816268,37.571851],[-5.816268,37.571986],[-5.816268,37.572121],[-5.816097,37.571986],[-5.816097,37.571851],[-5.815927,37.571851],[-5.815927,37.571986],[-5.815756,37.571986],[-5.815585,37.571986],[-5.815415,37.571986],[-5.815244,37.571986],[-5.815073,37.571986],[-5.815073,37.572121],[-5.814903,37.572121],[-5.814732,37.572121],[-5.814561,37.572121],[-5.814391,37.571986],[-5.814049,37.571986],[-5.81422,37.571715],[-5.814049,37.57158],[-5.813879,37.571445],[-5.813879,37.57131],[-5.813708,37.57131],[-5.813708,37.571174],[-5.813879,37.571174],[-5.813879,37.571039],[-5.814049,37.571039],[-5.814049,37.570904],[-5.81422,37.570904],[-5.81422,37.570769],[-5.814391,37.570633],[-5.814561,37.570498],[-5.814732,37.570363],[-5.814732,37.570227],[-5.814903,37.570227],[-5.815073,37.570092],[-5.815244,37.570092],[-5.815415,37.569957],[-5.815756,37.569957],[-5.815756,37.569822],[-5.816097,37.569686],[-5.816439,37.569686],[-5.817121,37.569822],[-5.817804,37.569416],[-5.817975,37.56928],[-5.818316,37.569416],[-5.818999,37.569551],[-5.81934,37.570092],[-5.819852,37.569686],[-5.820194,37.56928],[-5.820876,37.569145],[-5.822071,37.56901],[-5.822754,37.568469]]],[[[-5.925333,37.565763],[-5.925503,37.565763],[-5.925503,37.565898],[-5.925333,37.565898],[-5.925333,37.565763]]],[[[-5.925162,37.565492],[-5.925333,37.565628],[-5.925333,37.565763],[-5.925162,37.565628],[-5.925162,37.565492]]],[[[-5.928063,37.565087],[-5.928234,37.565222],[-5.928063,37.565222],[-5.928063,37.565087]]],[[[-5.92465,37.564951],[-5.92482,37.564951],[-5.92482,37.565087],[-5.924991,37.565087],[-5.924991,37.565222],[-5.924991,37.565357],[-5.925162,37.565492],[-5.924991,37.565492],[-5.92482,37.565222],[-5.92465,37.565087],[-5.92465,37.564951]]],[[[-5.927551,37.564681],[-5.927722,37.564816],[-5.927893,37.564816],[-5.927893,37.564951],[-5.928063,37.565087],[-5.927893,37.565087],[-5.927551,37.564681]]],[[[-5.92465,37.564681],[-5.92482,37.564681],[-5.92482,37.564816],[-5.92465,37.564681]]],[[[-5.86201,37.562245],[-5.862181,37.562381],[-5.86201,37.562381],[-5.86201,37.562245]]],[[[-5.871568,37.552368],[-5.871739,37.552503],[-5.871568,37.552503],[-5.871568,37.552368]]],[[[-5.874129,37.550609],[-5.874299,37.550744],[-5.874129,37.550744],[-5.874129,37.550609]]],[[[-5.875835,37.548038],[-5.876006,37.548038],[-5.875835,37.548173],[-5.875835,37.548038]]],[[[-5.877542,37.543572],[-5.877713,37.543572],[-5.877884,37.543572],[-5.878054,37.543707],[-5.878054,37.543843],[-5.877884,37.543843],[-5.877884,37.543707],[-5.877713,37.543707],[-5.877542,37.543707],[-5.877542,37.543572]]],[[[-5.87959,37.543031],[-5.879761,37.543031],[-5.87959,37.543166],[-5.87959,37.543031]]],[[[-5.953836,37.537753],[-5.954007,37.537753],[-5.954007,37.537888],[-5.954007,37.538159],[-5.954007,37.538294],[-5.954007,37.538429],[-5.954007,37.5387],[-5.954007,37.538835],[-5.954007,37.538971],[-5.954007,37.539106],[-5.954007,37.539241],[-5.953836,37.539377],[-5.954007,37.539377],[-5.954177,37.539377],[-5.954177,37.539647],[-5.954007,37.539783],[-5.954007,37.540053],[-5.953836,37.539918],[-5.953665,37.539918],[-5.953665,37.540053],[-5.953495,37.539918],[-5.953324,37.539783],[-5.953495,37.539512],[-5.953153,37.539512],[-5.953495,37.539377],[-5.953495,37.538835],[-5.953324,37.5387],[-5.952812,37.538971],[-5.952812,37.539106],[-5.952641,37.539377],[-5.952641,37.539512],[-5.952471,37.539512],[-5.952129,37.539512],[-5.952129,37.539647],[-5.951959,37.539512],[-5.951959,37.539377],[-5.951617,37.539106],[-5.951788,37.538971],[-5.951959,37.538835],[-5.952129,37.538835],[-5.952129,37.5387],[-5.9523,37.5387],[-5.952471,37.538565],[-5.952641,37.538565],[-5.952641,37.538429],[-5.952812,37.538429],[-5.952983,37.538294],[-5.953324,37.538023],[-5.953324,37.537888],[-5.953495,37.537888],[-5.953665,37.537888],[-5.953836,37.537753]]],[[[-5.920041,37.509732],[-5.920212,37.509732],[-5.920212,37.509867],[-5.920383,37.509867],[-5.920553,37.510003],[-5.920724,37.510138],[-5.920895,37.510138],[-5.921066,37.510138],[-5.921236,37.510273],[-5.921236,37.510409],[-5.921066,37.510409],[-5.921066,37.510273],[-5.920895,37.510273],[-5.920724,37.510273],[-5.920553,37.510138],[-5.920383,37.510003],[-5.920212,37.510003],[-5.920041,37.509867],[-5.920041,37.509732]]],[[[-5.919017,37.509326],[-5.919188,37.509326],[-5.919359,37.509326],[-5.9197,37.509596],[-5.919871,37.509732],[-5.9197,37.509732],[-5.919529,37.509732],[-5.919529,37.509596],[-5.919359,37.509596],[-5.919017,37.509461],[-5.919017,37.509326]]],[[[-5.918676,37.50919],[-5.918847,37.50919],[-5.919017,37.50919],[-5.919017,37.509326],[-5.918847,37.509326],[-5.918676,37.50919]]],[[[-5.956567,37.497139],[-5.956396,37.497275],[-5.956226,37.497275],[-5.956567,37.497139]]],[[[-5.953495,37.493483],[-5.953836,37.493483],[-5.954007,37.493483],[-5.954177,37.493483],[-5.954348,37.493483],[-5.954348,37.493618],[-5.954177,37.493618],[-5.954007,37.493618],[-5.953836,37.493618],[-5.953665,37.493754],[-5.953665,37.493618],[-5.953495,37.493618],[-5.953324,37.493754],[-5.953324,37.493618],[-5.953495,37.493483]]],[[[-5.95486,37.493348],[-5.95486,37.493483],[-5.954689,37.493483],[-5.954519,37.493483],[-5.95486,37.493348]]],[[[-5.954348,37.493348],[-5.954519,37.493483],[-5.954348,37.493483],[-5.954348,37.493348]]],[[[-5.954519,37.486712],[-5.956738,37.488201],[-5.956567,37.488337],[-5.956226,37.488337],[-5.955543,37.488472],[-5.955202,37.488879],[-5.954519,37.488743],[-5.953836,37.489285],[-5.953665,37.489285],[-5.953324,37.48942],[-5.953153,37.48942],[-5.952983,37.48942],[-5.952812,37.489556],[-5.952641,37.489556],[-5.952983,37.489827],[-5.952983,37.489962],[-5.952812,37.490233],[-5.9523,37.490504],[-5.9523,37.490639],[-5.9523,37.490775],[-5.952129,37.49091],[-5.952129,37.491045],[-5.951959,37.491452],[-5.951788,37.491452],[-5.951788,37.491587],[-5.951788,37.491723],[-5.951788,37.491858],[-5.951788,37.491993],[-5.951788,37.492129],[-5.951788,37.492264],[-5.951788,37.4924],[-5.951617,37.4924],[-5.951617,37.492535],[-5.951447,37.492535],[-5.951447,37.49267],[-5.951276,37.49267],[-5.951276,37.492806],[-5.951617,37.492806],[-5.951617,37.492941],[-5.951959,37.492941],[-5.952129,37.492941],[-5.9523,37.492941],[-5.952812,37.493077],[-5.952641,37.493348],[-5.952641,37.493483],[-5.952812,37.493483],[-5.952812,37.493618],[-5.952983,37.493483],[-5.953153,37.493483],[-5.953324,37.493618],[-5.953153,37.493618],[-5.953153,37.493754],[-5.952983,37.493754],[-5.952812,37.493754],[-5.952641,37.493754],[-5.952471,37.493754],[-5.952471,37.493889],[-5.9523,37.493889],[-5.9523,37.494025],[-5.952471,37.49416],[-5.9523,37.494296],[-5.9523,37.494431],[-5.952471,37.494431],[-5.9523,37.494566],[-5.952471,37.494566],[-5.952641,37.494566],[-5.952812,37.494566],[-5.952812,37.494702],[-5.952812,37.494837],[-5.952983,37.494837],[-5.952983,37.494973],[-5.953153,37.495108],[-5.953153,37.495243],[-5.953324,37.495243],[-5.953495,37.495379],[-5.953495,37.495514],[-5.953665,37.495514],[-5.953836,37.495785],[-5.954007,37.495785],[-5.954007,37.495921],[-5.954007,37.496056],[-5.954177,37.496056],[-5.954348,37.496056],[-5.954348,37.495921],[-5.954519,37.495785],[-5.954689,37.495785],[-5.95486,37.49565],[-5.955031,37.49565],[-5.955372,37.49565],[-5.955714,37.495785],[-5.955884,37.495785],[-5.956055,37.495921],[-5.956226,37.496056],[-5.956396,37.496056],[-5.956567,37.496191],[-5.956908,37.496327],[-5.956908,37.496462],[-5.956738,37.496598],[-5.956738,37.496733],[-5.956738,37.496868],[-5.956567,37.497004],[-5.956396,37.497004],[-5.956396,37.497139],[-5.956226,37.497275],[-5.956226,37.49741],[-5.956055,37.49741],[-5.955884,37.497546],[-5.955714,37.497681],[-5.955543,37.497681],[-5.955372,37.497816],[-5.955202,37.497952],[-5.955202,37.498087],[-5.955031,37.498087],[-5.95486,37.498087],[-5.954689,37.498087],[-5.954519,37.498223],[-5.954348,37.498223],[-5.954348,37.498358],[-5.954177,37.498358],[-5.954007,37.498358],[-5.954007,37.498493],[-5.953836,37.498493],[-5.953665,37.498493],[-5.953495,37.498629],[-5.953324,37.498629],[-5.953153,37.498764],[-5.952983,37.498764],[-5.952812,37.4989],[-5.952641,37.4989],[-5.952471,37.4989],[-5.952471,37.499035],[-5.9523,37.499035],[-5.952129,37.499035],[-5.952129,37.49917],[-5.951959,37.49917],[-5.951788,37.49917],[-5.951788,37.499306],[-5.951617,37.499306],[-5.951447,37.499306],[-5.951276,37.499441],[-5.951105,37.499441],[-5.950935,37.499577],[-5.950764,37.499577],[-5.950593,37.499577],[-5.950422,37.499712],[-5.950252,37.499712],[-5.950081,37.499848],[-5.94991,37.499848],[-5.94974,37.499848],[-5.949569,37.499983],[-5.949398,37.499983],[-5.949228,37.499983],[-5.949057,37.500118],[-5.948886,37.500118],[-5.948716,37.500118],[-5.948545,37.500254],[-5.948374,37.500254],[-5.948204,37.500254],[-5.948033,37.500389],[-5.948033,37.500254],[-5.947862,37.500389],[-5.947692,37.500389],[-5.947692,37.500525],[-5.947521,37.500389],[-5.947521,37.500525],[-5.94735,37.500525],[-5.947009,37.50066],[-5.946838,37.50066],[-5.946497,37.500795],[-5.946326,37.500795],[-5.946155,37.500795],[-5.945814,37.500931],[-5.945643,37.500931],[-5.945473,37.500931],[-5.945302,37.501066],[-5.945131,37.501066],[-5.944961,37.501066],[-5.94479,37.501066],[-5.944619,37.501066],[-5.944619,37.501202],[-5.944449,37.501337],[-5.944619,37.501472],[-5.94479,37.501472],[-5.944961,37.501337],[-5.945131,37.501337],[-5.945302,37.501337],[-5.945473,37.501337],[-5.945643,37.501337],[-5.945643,37.501202],[-5.945814,37.501202],[-5.945985,37.501202],[-5.946155,37.501066],[-5.946326,37.501066],[-5.946497,37.501066],[-5.946668,37.500931],[-5.946838,37.500931],[-5.947009,37.500931],[-5.94718,37.500795],[-5.94735,37.500795],[-5.947521,37.500795],[-5.947692,37.500795],[-5.947692,37.50066],[-5.947862,37.50066],[-5.948033,37.50066],[-5.948204,37.50066],[-5.948204,37.500525],[-5.948374,37.500525],[-5.948545,37.500525],[-5.948716,37.500389],[-5.948886,37.500389],[-5.949057,37.500389],[-5.949398,37.500254],[-5.949569,37.500118],[-5.94974,37.500118],[-5.94991,37.500118],[-5.950081,37.499983],[-5.950252,37.499983],[-5.950422,37.499983],[-5.950593,37.499848],[-5.950764,37.499848],[-5.950935,37.499712],[-5.951105,37.499712],[-5.951276,37.499712],[-5.951447,37.499577],[-5.951617,37.499577],[-5.951788,37.499577],[-5.951788,37.499441],[-5.951959,37.499441],[-5.952129,37.499441],[-5.9523,37.499306],[-5.952471,37.499306],[-5.952641,37.499306],[-5.952641,37.49917],[-5.952812,37.49917],[-5.952983,37.49917],[-5.953495,37.499035],[-5.953495,37.4989],[-5.953665,37.4989],[-5.953836,37.4989],[-5.954007,37.498764],[-5.954177,37.498764],[-5.954348,37.498629],[-5.954519,37.498629],[-5.954689,37.498493],[-5.95486,37.498493],[-5.955031,37.498358],[-5.955202,37.498358],[-5.955202,37.498223],[-5.955372,37.498223],[-5.955543,37.498087],[-5.955714,37.498087],[-5.955714,37.497952],[-5.955884,37.497952],[-5.956055,37.497816],[-5.956226,37.497681],[-5.956396,37.497681],[-5.956567,37.497546],[-5.956738,37.49741],[-5.957079,37.497139],[-5.95725,37.497139],[-5.95742,37.497004],[-5.957591,37.496868],[-5.957762,37.496733],[-5.957932,37.496733],[-5.957932,37.496598],[-5.958103,37.496462],[-5.958274,37.496462],[-5.958444,37.496327],[-5.958615,37.496327],[-5.958786,37.496191],[-5.958956,37.496191],[-5.958956,37.496056],[-5.959127,37.496056],[-5.959298,37.495921],[-5.959469,37.495921],[-5.959639,37.495785],[-5.95981,37.495785],[-5.959981,37.495785],[-5.959981,37.49565],[-5.960151,37.49565],[-5.960322,37.49565],[-5.960493,37.495514],[-5.960663,37.495514],[-5.960834,37.495514],[-5.961005,37.495514],[-5.961005,37.495379],[-5.961175,37.495379],[-5.961346,37.495379],[-5.961687,37.495379],[-5.961687,37.495243],[-5.961858,37.495243],[-5.962029,37.495243],[-5.96237,37.495243],[-5.962541,37.495243],[-5.962711,37.495243],[-5.962882,37.495108],[-5.963053,37.495108],[-5.963223,37.495108],[-5.963394,37.495243],[-5.963565,37.495243],[-5.963565,37.495379],[-5.963736,37.495514],[-5.963906,37.495514],[-5.963906,37.49565],[-5.964077,37.49565],[-5.964418,37.49565],[-5.964589,37.49565],[-5.96476,37.495514],[-5.96493,37.495379],[-5.96493,37.495243],[-5.965101,37.495108],[-5.965101,37.494973],[-5.965101,37.494837],[-5.96493,37.494702],[-5.96493,37.494566],[-5.96493,37.494431],[-5.96493,37.494296],[-5.96493,37.49416],[-5.965101,37.49416],[-5.965101,37.494025],[-5.965101,37.493889],[-5.978073,37.502556],[-5.978073,37.502691],[-5.977902,37.502826],[-5.977902,37.502962],[-5.977902,37.503097],[-5.977902,37.503368],[-5.978243,37.503504],[-5.978243,37.503639],[-5.978414,37.503774],[-5.978414,37.50391],[-5.978414,37.504045],[-5.978585,37.504181],[-5.978755,37.504316],[-5.978585,37.504316],[-5.978755,37.504451],[-5.978926,37.504587],[-5.978926,37.504722],[-5.979097,37.504858],[-5.979267,37.504993],[-5.979267,37.505128],[-5.979438,37.505264],[-5.979609,37.505399],[-5.979609,37.505535],[-5.979779,37.505535],[-5.979779,37.50567],[-5.97995,37.505805],[-5.97995,37.505941],[-5.980121,37.505941],[-5.980121,37.506076],[-5.980291,37.506347],[-5.980462,37.506347],[-5.980462,37.506482],[-5.980633,37.506618],[-5.980633,37.506753],[-5.980803,37.506753],[-5.980803,37.506889],[-5.980974,37.506889],[-5.980974,37.507024],[-5.981145,37.507024],[-5.981145,37.506889],[-5.981316,37.506889],[-5.981316,37.506753],[-5.981486,37.506753],[-5.981657,37.506618],[-5.981828,37.506618],[-5.981998,37.506618],[-5.981998,37.506482],[-5.982169,37.506482],[-5.98234,37.506482],[-5.98251,37.506482],[-5.982681,37.506347],[-5.982852,37.506212],[-5.983022,37.506212],[-5.983022,37.506076],[-5.983193,37.506076],[-5.983364,37.506076],[-5.98507,37.507159],[-5.9849,37.507295],[-5.984729,37.507295],[-5.984558,37.50743],[-5.984558,37.507565],[-5.984388,37.507565],[-5.984217,37.507565],[-5.984217,37.507701],[-5.984217,37.507836],[-5.984046,37.507701],[-5.984046,37.507836],[-5.983876,37.507972],[-5.983705,37.507836],[-5.983534,37.507972],[-5.983534,37.508107],[-5.983364,37.508107],[-5.983193,37.508107],[-5.983022,37.508378],[-5.982852,37.508378],[-5.982681,37.508378],[-5.982681,37.508513],[-5.98251,37.508513],[-5.98251,37.508649],[-5.98251,37.508784],[-5.98234,37.508784],[-5.98234,37.508919],[-5.98234,37.509055],[-5.982169,37.509055],[-5.982169,37.50919],[-5.981998,37.509326],[-5.981828,37.509461],[-5.981657,37.509596],[-5.981657,37.509732],[-5.981486,37.509732],[-5.981316,37.509867],[-5.981316,37.510003],[-5.981145,37.510138],[-5.980974,37.510273],[-5.980974,37.510409],[-5.980803,37.510409],[-5.980633,37.510544],[-5.980462,37.510544],[-5.980462,37.51068],[-5.980291,37.51068],[-5.980291,37.510815],[-5.980121,37.510815],[-5.980121,37.51095],[-5.97995,37.511086],[-5.97995,37.511221],[-5.97995,37.511356],[-5.97995,37.511492],[-5.979779,37.511627],[-5.979779,37.511763],[-5.979609,37.511898],[-5.979267,37.512304],[-5.979097,37.512575],[-5.978926,37.512575],[-5.978926,37.51271],[-5.978926,37.512846],[-5.978755,37.512846],[-5.978755,37.512981],[-5.978755,37.513117],[-5.978755,37.513252],[-5.978585,37.513252],[-5.978414,37.513387],[-5.978585,37.513523],[-5.978414,37.513523],[-5.978414,37.513658],[-5.978243,37.513658],[-5.978243,37.513793],[-5.978414,37.513793],[-5.978243,37.513929],[-5.978243,37.514064],[-5.978243,37.5142],[-5.978243,37.514335],[-5.978243,37.51447],[-5.978073,37.514606],[-5.977902,37.514741],[-5.977902,37.514877],[-5.977902,37.515012],[-5.977902,37.515283],[-5.977731,37.515283],[-5.977731,37.515418],[-5.977731,37.515689],[-5.977561,37.515824],[-5.977561,37.51596],[-5.977561,37.516095],[-5.977561,37.51623],[-5.97739,37.51623],[-5.97739,37.516366],[-5.97739,37.516501],[-5.977219,37.516501],[-5.977219,37.516636],[-5.977219,37.516772],[-5.977049,37.516907],[-5.977219,37.517043],[-5.977219,37.517313],[-5.977219,37.517449],[-5.977219,37.517584],[-5.977219,37.517719],[-5.977219,37.517855],[-5.977219,37.51799],[-5.977219,37.518126],[-5.977219,37.518261],[-5.977219,37.518396],[-5.977219,37.518532],[-5.97739,37.518667],[-5.977219,37.518667],[-5.97739,37.518802],[-5.97739,37.518938],[-5.97739,37.519073],[-5.97739,37.519209],[-5.977219,37.519344],[-5.977219,37.519479],[-5.977049,37.519615],[-5.977049,37.51975],[-5.977049,37.519885],[-5.976878,37.519885],[-5.976878,37.520021],[-5.976878,37.520156],[-5.976878,37.520292],[-5.976707,37.520292],[-5.976707,37.520427],[-5.976707,37.520562],[-5.976537,37.520562],[-5.976366,37.520833],[-5.976195,37.520968],[-5.976195,37.521104],[-5.976024,37.521104],[-5.976195,37.521239],[-5.976024,37.521375],[-5.976024,37.52151],[-5.975854,37.52151],[-5.975683,37.521645],[-5.975683,37.521781],[-5.975512,37.521781],[-5.975342,37.521781],[-5.975171,37.521916],[-5.975,37.522051],[-5.975,37.522187],[-5.97483,37.522187],[-5.97483,37.522322],[-5.974659,37.522322],[-5.974488,37.522458],[-5.974318,37.522458],[-5.974147,37.522458],[-5.973976,37.522458],[-5.973976,37.522593],[-5.973806,37.522728],[-5.973635,37.522728],[-5.973464,37.522728],[-5.973294,37.522728],[-5.973123,37.522728],[-5.972952,37.522864],[-5.972782,37.522864],[-5.972782,37.522999],[-5.972611,37.522999],[-5.97244,37.522999],[-5.97244,37.523134],[-5.97227,37.523134],[-5.972099,37.523134],[-5.972099,37.52327],[-5.971928,37.52327],[-5.971757,37.523405],[-5.971587,37.523405],[-5.971416,37.52354],[-5.971245,37.52354],[-5.971075,37.52354],[-5.970904,37.523676],[-5.970733,37.523676],[-5.970563,37.52354],[-5.970392,37.52354],[-5.970221,37.523676],[-5.970051,37.52354],[-5.96988,37.52354],[-5.969709,37.52354],[-5.969539,37.52354],[-5.969368,37.52354],[-5.969197,37.52354],[-5.969027,37.52354],[-5.968856,37.523676],[-5.968685,37.523676],[-5.968515,37.523676],[-5.968344,37.523676],[-5.968173,37.52354],[-5.968003,37.52354],[-5.967832,37.52354],[-5.967661,37.52354],[-5.96749,37.523676],[-5.96732,37.52354],[-5.967149,37.52354],[-5.966978,37.52354],[-5.966808,37.52354],[-5.966466,37.52354],[-5.966296,37.523405],[-5.966125,37.523405],[-5.965954,37.523405],[-5.965954,37.52354],[-5.965784,37.52354],[-5.965272,37.52354],[-5.96493,37.52354],[-5.96476,37.52354],[-5.964589,37.52354],[-5.964418,37.52354],[-5.964077,37.52354],[-5.963906,37.523405],[-5.963736,37.523405],[-5.963736,37.52354],[-5.963565,37.52354],[-5.963053,37.52354],[-5.962882,37.52354],[-5.962711,37.523676],[-5.962541,37.523676],[-5.96237,37.523676],[-5.962199,37.523676],[-5.962199,37.523811],[-5.962029,37.523811],[-5.961858,37.523811],[-5.961858,37.523947],[-5.961687,37.523947],[-5.961517,37.524082],[-5.961346,37.524217],[-5.961346,37.524353],[-5.961517,37.524353],[-5.961517,37.524488],[-5.961346,37.524623],[-5.961346,37.524759],[-5.961346,37.524894],[-5.961346,37.52503],[-5.961175,37.52503],[-5.961005,37.52503],[-5.960834,37.52503],[-5.960663,37.52503],[-5.960493,37.52503],[-5.960663,37.524894],[-5.960834,37.524759],[-5.960834,37.524623],[-5.960663,37.524623],[-5.960493,37.524623],[-5.960322,37.524759],[-5.960151,37.524759],[-5.959981,37.524759],[-5.95981,37.524759],[-5.95981,37.524894],[-5.959639,37.524894],[-5.959639,37.52503],[-5.95981,37.525165],[-5.959639,37.525165],[-5.959639,37.5253],[-5.959469,37.5253],[-5.959469,37.525436],[-5.959298,37.525436],[-5.959298,37.525571],[-5.959127,37.525571],[-5.958956,37.525571],[-5.958786,37.525571],[-5.958786,37.525706],[-5.958615,37.525706],[-5.958786,37.525842],[-5.958786,37.525977],[-5.958956,37.526248],[-5.958956,37.526383],[-5.958615,37.526383],[-5.958615,37.526518],[-5.958444,37.526654],[-5.958444,37.526789],[-5.958615,37.526789],[-5.958615,37.526925],[-5.958444,37.52706],[-5.958444,37.527195],[-5.958444,37.527331],[-5.958444,37.527466],[-5.958444,37.527601],[-5.958615,37.527737],[-5.958615,37.527872],[-5.958786,37.528007],[-5.958786,37.528143],[-5.958786,37.528278],[-5.958786,37.528414],[-5.958956,37.528414],[-5.958956,37.528549],[-5.959127,37.528955],[-5.959127,37.529226],[-5.959127,37.529496],[-5.959298,37.529767],[-5.959639,37.530038],[-5.95981,37.530173],[-5.95981,37.530309],[-5.959981,37.530309],[-5.959981,37.530444],[-5.960151,37.530444],[-5.960322,37.530444],[-5.960322,37.530579],[-5.960151,37.530579],[-5.959981,37.530579],[-5.95981,37.530715],[-5.959639,37.531121],[-5.959639,37.531256],[-5.959639,37.531797],[-5.959298,37.532339],[-5.959127,37.532474],[-5.958956,37.532745],[-5.958786,37.533016],[-5.958786,37.533286],[-5.958615,37.533557],[-5.958444,37.533692],[-5.958274,37.533828],[-5.958103,37.533963],[-5.958103,37.534098],[-5.957932,37.533963],[-5.957762,37.533828],[-5.957762,37.533963],[-5.957762,37.534098],[-5.957591,37.534098],[-5.95725,37.534234],[-5.956908,37.534234],[-5.955884,37.534504],[-5.955714,37.535316],[-5.955543,37.535452],[-5.955372,37.535722],[-5.955372,37.535858],[-5.955372,37.535993],[-5.955372,37.536264],[-5.955372,37.536399],[-5.955202,37.536535],[-5.955031,37.53667],[-5.95486,37.53667],[-5.95486,37.536805],[-5.954519,37.537076],[-5.954177,37.537347],[-5.954007,37.537347],[-5.953836,37.537482],[-5.953665,37.537617],[-5.953495,37.537617],[-5.953324,37.537617],[-5.953324,37.537753],[-5.953324,37.537888],[-5.953153,37.537888],[-5.952983,37.538023],[-5.952812,37.538023],[-5.952641,37.538159],[-5.952471,37.538294],[-5.9523,37.538429],[-5.952129,37.538429],[-5.951959,37.538565],[-5.951788,37.5387],[-5.951447,37.538835],[-5.951276,37.538835],[-5.951105,37.538835],[-5.950935,37.538835],[-5.950422,37.538835],[-5.950252,37.538971],[-5.94991,37.538971],[-5.94974,37.539106],[-5.949398,37.539106],[-5.949228,37.539241],[-5.949228,37.539377],[-5.948886,37.539377],[-5.948545,37.539512],[-5.948374,37.539512],[-5.948204,37.539647],[-5.947692,37.539647],[-5.947521,37.539783],[-5.94735,37.539783],[-5.94718,37.539918],[-5.947009,37.539918],[-5.946838,37.539918],[-5.946668,37.539918],[-5.946497,37.540053],[-5.946155,37.540053],[-5.945985,37.539918],[-5.945643,37.540053],[-5.945302,37.540053],[-5.945131,37.540053],[-5.94479,37.540053],[-5.944449,37.540189],[-5.944278,37.540189],[-5.944107,37.540053],[-5.943937,37.540053],[-5.943595,37.540189],[-5.943425,37.540189],[-5.943254,37.540189],[-5.943254,37.540053],[-5.943083,37.540053],[-5.942913,37.540189],[-5.942742,37.540324],[-5.942571,37.540324],[-5.942401,37.540324],[-5.94223,37.540324],[-5.942059,37.540459],[-5.941888,37.540595],[-5.941718,37.540595],[-5.941718,37.54073],[-5.941547,37.54073],[-5.941206,37.541001],[-5.941206,37.541136],[-5.941206,37.541271],[-5.941035,37.541271],[-5.940864,37.541407],[-5.940864,37.541542],[-5.940694,37.541677],[-5.940523,37.541813],[-5.940182,37.542219],[-5.940011,37.542219],[-5.940011,37.542354],[-5.93967,37.542625],[-5.939499,37.542895],[-5.939328,37.542895],[-5.939158,37.542895],[-5.938987,37.543031],[-5.938987,37.543166],[-5.938475,37.543572],[-5.938475,37.543707],[-5.938304,37.543707],[-5.938134,37.543978],[-5.937963,37.544384],[-5.937792,37.544519],[-5.937792,37.544655],[-5.937621,37.54479],[-5.937792,37.54479],[-5.937792,37.544925],[-5.937963,37.545196],[-5.938134,37.545331],[-5.938134,37.545467],[-5.938304,37.545602],[-5.938475,37.545737],[-5.938304,37.545873],[-5.938134,37.545873],[-5.938134,37.546008],[-5.938304,37.546008],[-5.938475,37.546008],[-5.938646,37.546008],[-5.938646,37.546143],[-5.938646,37.546279],[-5.938646,37.546414],[-5.938646,37.546549],[-5.938475,37.546549],[-5.938475,37.546685],[-5.938475,37.54682],[-5.938475,37.546955],[-5.938475,37.547091],[-5.938475,37.547226],[-5.938475,37.547361],[-5.938475,37.547497],[-5.938475,37.547632],[-5.938475,37.547767],[-5.938475,37.548038],[-5.938475,37.548173],[-5.938475,37.548308],[-5.938646,37.548308],[-5.938646,37.548444],[-5.938646,37.548579],[-5.938646,37.548714],[-5.938646,37.54885],[-5.938646,37.548985],[-5.938475,37.54912],[-5.938475,37.549391],[-5.938475,37.549526],[-5.938475,37.549662],[-5.938304,37.549797],[-5.938304,37.550068],[-5.938304,37.550203],[-5.938304,37.550338],[-5.938304,37.550474],[-5.938304,37.550609],[-5.938304,37.550744],[-5.938304,37.55088],[-5.938304,37.551015],[-5.938134,37.551015],[-5.938134,37.55115],[-5.938134,37.551286],[-5.938134,37.551556],[-5.938134,37.551691],[-5.938134,37.551827],[-5.938134,37.551962],[-5.938134,37.552097],[-5.938134,37.552233],[-5.938134,37.552368],[-5.938134,37.552503],[-5.938304,37.552503],[-5.938304,37.552639],[-5.938304,37.552774],[-5.938304,37.552909],[-5.938304,37.553045],[-5.938475,37.553045],[-5.938475,37.55318],[-5.938475,37.553315],[-5.938646,37.553315],[-5.938646,37.553451],[-5.938646,37.553586],[-5.938816,37.553721],[-5.938646,37.553721],[-5.938816,37.553856],[-5.938646,37.553856],[-5.938475,37.553992],[-5.938304,37.554262],[-5.938304,37.554398],[-5.938304,37.554668],[-5.937963,37.554939],[-5.937792,37.554939],[-5.937621,37.555074],[-5.937451,37.55521],[-5.936939,37.55548],[-5.936427,37.555616],[-5.936256,37.555886],[-5.936085,37.556427],[-5.936085,37.556698],[-5.935915,37.557104],[-5.936256,37.557645],[-5.936256,37.55778],[-5.936085,37.557916],[-5.936085,37.558051],[-5.936085,37.558186],[-5.936085,37.558322],[-5.935915,37.558322],[-5.936085,37.558457],[-5.935915,37.558457],[-5.935744,37.558592],[-5.935573,37.558863],[-5.935232,37.558592],[-5.935061,37.558592],[-5.935403,37.558863],[-5.935403,37.559133],[-5.935232,37.559133],[-5.934891,37.558998],[-5.934549,37.559133],[-5.934379,37.558863],[-5.934208,37.558863],[-5.934208,37.558592],[-5.934037,37.558457],[-5.933867,37.558457],[-5.933867,37.558592],[-5.933696,37.558592],[-5.933354,37.558863],[-5.933354,37.559269],[-5.933184,37.559269],[-5.933013,37.559269],[-5.932842,37.559133],[-5.932672,37.559133],[-5.932672,37.559269],[-5.932842,37.559404],[-5.933013,37.559539],[-5.933013,37.559675],[-5.933184,37.559675],[-5.933184,37.55981],[-5.933013,37.55981],[-5.932672,37.559945],[-5.932501,37.55981],[-5.93233,37.560081],[-5.93216,37.560216],[-5.931989,37.560622],[-5.931648,37.561028],[-5.931306,37.561298],[-5.930624,37.561839],[-5.930282,37.56211],[-5.929941,37.56211],[-5.929258,37.562381],[-5.929087,37.562516],[-5.929087,37.562651],[-5.929087,37.562787],[-5.928917,37.562787],[-5.928917,37.562651],[-5.928917,37.562516],[-5.928746,37.562516],[-5.928746,37.562651],[-5.928575,37.562787],[-5.928575,37.562922],[-5.928575,37.563057],[-5.928575,37.563192],[-5.928234,37.563328],[-5.927722,37.563463],[-5.92721,37.563328],[-5.927039,37.563328],[-5.927039,37.563463],[-5.927039,37.563598],[-5.927039,37.563734],[-5.927039,37.563869],[-5.927039,37.564004],[-5.92721,37.564004],[-5.927039,37.564139],[-5.927551,37.564545],[-5.927551,37.564681],[-5.925503,37.563192],[-5.925503,37.563328],[-5.925333,37.563328],[-5.925333,37.563463],[-5.925333,37.563598],[-5.925162,37.563598],[-5.925162,37.563734],[-5.924991,37.563734],[-5.924991,37.563869],[-5.92482,37.564004],[-5.92482,37.564139],[-5.92465,37.564139],[-5.92482,37.564275],[-5.92465,37.56441],[-5.924479,37.564545],[-5.924479,37.56441],[-5.924308,37.56441],[-5.924308,37.564545],[-5.924479,37.564681],[-5.92465,37.564681],[-5.92465,37.564816],[-5.92465,37.564951],[-5.924479,37.564951],[-5.92465,37.565087],[-5.92465,37.565222],[-5.92465,37.565357],[-5.92482,37.565357],[-5.924991,37.565628],[-5.924991,37.565763],[-5.925162,37.565898],[-5.925162,37.566034],[-5.925333,37.566034],[-5.925503,37.566169],[-5.925503,37.566304],[-5.925503,37.566439],[-5.925333,37.566304],[-5.924991,37.566304],[-5.92465,37.566304],[-5.924308,37.566169],[-5.923967,37.566169],[-5.923284,37.566304],[-5.922772,37.566304],[-5.922431,37.56671],[-5.921919,37.567116],[-5.921919,37.567792],[-5.921578,37.568875],[-5.921748,37.56901],[-5.921407,37.569551],[-5.921407,37.570092],[-5.921236,37.570363],[-5.921236,37.570769],[-5.921236,37.570904],[-5.921407,37.571039],[-5.921236,37.571039],[-5.921236,37.571174],[-5.921407,37.57131],[-5.921407,37.571445],[-5.921578,37.57158],[-5.921578,37.571715],[-5.921748,37.571715],[-5.921748,37.571851],[-5.921748,37.571986],[-5.921578,37.571851],[-5.921407,37.571986],[-5.921578,37.571986],[-5.921578,37.572121],[-5.921407,37.572121],[-5.921236,37.571986],[-5.920895,37.571851],[-5.920724,37.571851],[-5.920383,37.571715],[-5.920212,37.571715],[-5.9197,37.57158],[-5.918676,37.571445],[-5.917993,37.57131],[-5.917823,37.571445],[-5.917481,37.57158],[-5.916969,37.57158],[-5.916799,37.57158],[-5.916628,37.571445],[-5.916628,37.57131],[-5.916457,37.57131],[-5.916116,37.571174],[-5.915774,37.570904],[-5.91458,37.570633],[-5.914409,37.570498],[-5.914238,37.570498],[-5.914068,37.570498],[-5.913897,37.570363],[-5.913726,37.570363],[-5.913385,37.570363],[-5.913214,37.570227],[-5.913044,37.570227],[-5.912873,37.570227],[-5.912702,37.570227],[-5.912532,37.570227],[-5.912361,37.570227],[-5.91219,37.570363],[-5.912019,37.570363],[-5.911507,37.570363],[-5.911337,37.570363],[-5.910995,37.570498],[-5.910825,37.570498],[-5.910654,37.570633],[-5.910483,37.570633],[-5.910483,37.570769],[-5.910313,37.570769],[-5.910142,37.570769],[-5.909971,37.570769],[-5.909971,37.570904],[-5.909801,37.570904],[-5.90963,37.570904],[-5.909459,37.570904],[-5.909118,37.571039],[-5.908435,37.57131],[-5.907923,37.571851],[-5.907582,37.571986],[-5.90707,37.572257],[-5.906558,37.572662],[-5.906387,37.572798],[-5.906046,37.573204],[-5.905704,37.573609],[-5.905363,37.573745],[-5.905192,37.574015],[-5.905022,37.57415],[-5.904851,37.574421],[-5.90468,37.574421],[-5.90468,37.574556],[-5.90451,37.574692],[-5.904339,37.574827],[-5.90451,37.574827],[-5.90451,37.574962],[-5.904339,37.574962],[-5.904339,37.575097],[-5.904168,37.575097],[-5.904168,37.575233],[-5.904168,37.575368],[-5.904168,37.575503],[-5.904339,37.575638],[-5.904339,37.575774],[-5.904168,37.575774],[-5.903998,37.575503],[-5.903656,37.575774],[-5.903998,37.576044],[-5.904168,37.576044],[-5.903998,37.57618],[-5.903656,37.576315],[-5.903656,37.57645],[-5.903315,37.576721],[-5.902973,37.576856],[-5.902632,37.577397],[-5.902291,37.577532],[-5.901608,37.577938],[-5.900925,37.578209],[-5.900072,37.578344],[-5.898706,37.57875],[-5.898706,37.578614],[-5.89717,37.57875],[-5.897,37.578885],[-5.895976,37.57902],[-5.895805,37.579291],[-5.895122,37.579291],[-5.894269,37.579561],[-5.893757,37.579697],[-5.893245,37.580102],[-5.892903,37.580102],[-5.892562,37.580373],[-5.892221,37.580643],[-5.89205,37.580643],[-5.891879,37.580643],[-5.891709,37.580643],[-5.891538,37.580643],[-5.891538,37.580779],[-5.891367,37.580779],[-5.891367,37.580914],[-5.891197,37.580914],[-5.891197,37.581049],[-5.890855,37.58132],[-5.890685,37.58132],[-5.890343,37.581455],[-5.890343,37.58159],[-5.890172,37.58159],[-5.890172,37.581725],[-5.890002,37.581725],[-5.890002,37.581861],[-5.889831,37.581996],[-5.889831,37.582131],[-5.88966,37.582131],[-5.88966,37.582402],[-5.88949,37.582672],[-5.88949,37.583213],[-5.88949,37.583619],[-5.888978,37.584566],[-5.888807,37.584836],[-5.888807,37.585918],[-5.888807,37.586054],[-5.888124,37.586595],[-5.887442,37.587],[-5.887271,37.587136],[-5.887271,37.587406],[-5.8871,37.587947],[-5.886759,37.588353],[-5.886076,37.588218],[-5.885905,37.588218],[-5.885905,37.588353],[-5.885393,37.588759],[-5.885223,37.588894],[-5.885223,37.589029],[-5.885223,37.589164],[-5.885223,37.5893],[-5.884711,37.589164],[-5.884881,37.589029],[-5.88454,37.588894],[-5.884369,37.588894],[-5.884369,37.589029],[-5.884369,37.5893],[-5.88454,37.589435],[-5.88454,37.58957],[-5.88454,37.590111],[-5.884199,37.590382],[-5.884199,37.590652],[-5.883857,37.591058],[-5.883687,37.591058],[-5.883516,37.591193],[-5.883345,37.591193],[-5.883004,37.591464],[-5.883004,37.591599],[-5.882833,37.591599],[-5.882663,37.591734],[-5.882663,37.591869],[-5.882492,37.592005],[-5.881468,37.592816],[-5.881297,37.592951],[-5.881126,37.592951],[-5.881297,37.593087],[-5.881468,37.593087],[-5.881638,37.592951],[-5.881809,37.592816],[-5.88198,37.592546],[-5.882151,37.592546],[-5.882492,37.59214],[-5.882833,37.592005],[-5.883175,37.591869],[-5.883175,37.592005],[-5.883345,37.592005],[-5.883516,37.59214],[-5.883857,37.592275],[-5.884028,37.59241],[-5.884199,37.59241],[-5.884369,37.59241],[-5.88454,37.592546],[-5.88454,37.592681],[-5.88454,37.592951],[-5.884711,37.593357],[-5.884711,37.593492],[-5.885052,37.593763],[-5.885052,37.593898],[-5.885223,37.594033],[-5.885393,37.594033],[-5.885393,37.594168],[-5.885564,37.594168],[-5.885735,37.594304],[-5.885905,37.594439],[-5.886076,37.594574],[-5.886247,37.594709],[-5.886247,37.594845],[-5.886247,37.595115],[-5.886247,37.59525],[-5.886247,37.595386],[-5.886247,37.595521],[-5.886076,37.595521],[-5.886247,37.595656],[-5.886076,37.595656],[-5.886076,37.595791],[-5.886076,37.595927],[-5.885905,37.596062],[-5.885735,37.596197],[-5.885564,37.596197],[-5.885564,37.596332],[-5.885564,37.596467],[-5.885564,37.596603],[-5.885393,37.596603],[-5.885223,37.596738],[-5.884881,37.597008],[-5.884711,37.597144],[-5.88454,37.597279],[-5.884199,37.597414],[-5.884028,37.597549],[-5.883857,37.597955],[-5.883516,37.59809],[-5.883345,37.597955],[-5.883345,37.59782],[-5.883175,37.59809],[-5.883175,37.598226],[-5.883004,37.598361],[-5.883004,37.598496],[-5.882833,37.598631],[-5.882663,37.598496],[-5.882321,37.598496],[-5.882321,37.598226],[-5.882321,37.597955],[-5.882492,37.597685],[-5.882663,37.597549],[-5.882663,37.597279],[-5.883004,37.597279],[-5.883004,37.597144],[-5.882833,37.597008],[-5.882663,37.596873],[-5.882663,37.596738],[-5.882833,37.596738],[-5.883004,37.596873],[-5.883175,37.597008],[-5.883345,37.596873],[-5.883175,37.596738],[-5.883004,37.596467],[-5.882663,37.596332],[-5.882663,37.596467],[-5.882492,37.596467],[-5.882151,37.596603],[-5.88198,37.596738],[-5.881809,37.596603],[-5.881809,37.596467],[-5.881638,37.596332],[-5.881468,37.596467],[-5.881297,37.596467],[-5.881297,37.596332],[-5.881297,37.596197],[-5.881126,37.596062],[-5.881126,37.595927],[-5.881126,37.595656],[-5.880956,37.595656],[-5.880956,37.595521],[-5.880785,37.595386],[-5.880956,37.595115],[-5.881126,37.595115],[-5.881126,37.59498],[-5.881297,37.59498],[-5.881126,37.594845],[-5.880956,37.594845],[-5.880956,37.594709],[-5.880785,37.594709],[-5.880785,37.594574],[-5.880956,37.594439],[-5.881126,37.594168],[-5.880956,37.594033],[-5.880785,37.594033],[-5.880614,37.594033],[-5.880444,37.594168],[-5.880273,37.594168],[-5.880273,37.594033],[-5.880444,37.594033],[-5.880444,37.593898],[-5.880785,37.593628],[-5.880785,37.593492],[-5.880956,37.593492],[-5.880785,37.593357],[-5.880614,37.593357],[-5.880614,37.593222],[-5.880444,37.593087],[-5.880444,37.592951],[-5.880273,37.592951],[-5.880273,37.592816],[-5.880102,37.592816],[-5.880273,37.592951],[-5.880273,37.593087],[-5.880444,37.593222],[-5.880273,37.593222],[-5.880102,37.593222],[-5.880102,37.593087],[-5.879932,37.592951],[-5.879932,37.593087],[-5.880102,37.593222],[-5.880102,37.593357],[-5.880273,37.593357],[-5.879932,37.593492],[-5.879761,37.593763],[-5.87959,37.593763],[-5.879761,37.593898],[-5.879932,37.593898],[-5.879761,37.594033],[-5.879932,37.594033],[-5.879932,37.594168],[-5.879761,37.594168],[-5.879761,37.594304],[-5.879932,37.594304],[-5.879932,37.594439],[-5.879932,37.594574],[-5.879761,37.594574],[-5.87959,37.594709],[-5.87959,37.594845],[-5.87942,37.594845],[-5.879249,37.59498],[-5.879249,37.595115],[-5.879249,37.59525],[-5.879078,37.595115],[-5.878908,37.59525],[-5.878737,37.595386],[-5.878737,37.595521],[-5.878566,37.595521],[-5.878566,37.595656],[-5.878396,37.595656],[-5.878396,37.595791],[-5.878225,37.595791],[-5.878225,37.595927],[-5.878054,37.595927],[-5.878054,37.596062],[-5.877884,37.596062],[-5.877884,37.596197],[-5.877713,37.596197],[-5.877713,37.596332],[-5.877542,37.596332],[-5.877542,37.596467],[-5.877371,37.596467],[-5.877371,37.596603],[-5.877201,37.596603],[-5.877371,37.596738],[-5.877201,37.596738],[-5.87703,37.596873],[-5.876859,37.596873],[-5.876859,37.597008],[-5.876689,37.597008],[-5.876518,37.597008],[-5.876347,37.597008],[-5.876177,37.597008],[-5.876177,37.597144],[-5.876006,37.597279],[-5.875835,37.597414],[-5.875665,37.597549],[-5.875494,37.597549],[-5.875494,37.597685],[-5.875323,37.597549],[-5.875153,37.597414],[-5.874811,37.597549],[-5.874811,37.597685],[-5.874641,37.597549],[-5.87447,37.597685],[-5.874299,37.59782],[-5.874299,37.597955],[-5.874129,37.59782],[-5.873958,37.597685],[-5.873787,37.597549],[-5.873617,37.597549],[-5.873275,37.59782],[-5.872934,37.597685],[-5.872763,37.597685],[-5.872592,37.597414],[-5.872592,37.597279],[-5.872251,37.597279],[-5.87191,37.597144],[-5.871568,37.597008],[-5.870374,37.596467],[-5.86952,37.596332],[-5.868837,37.595927],[-5.868325,37.595927],[-5.867472,37.596062],[-5.86696,37.596197],[-5.865936,37.596332],[-5.865424,37.596467],[-5.864912,37.596873],[-5.86457,37.597008],[-5.864229,37.597008],[-5.863546,37.596603],[-5.863205,37.596467],[-5.862522,37.596603],[-5.862693,37.597008],[-5.862522,37.597549],[-5.86201,37.59809],[-5.86201,37.598361],[-5.86201,37.598496],[-5.860986,37.599307],[-5.860645,37.599578],[-5.860303,37.599578],[-5.860133,37.599848],[-5.858938,37.600524],[-5.858938,37.60066],[-5.858426,37.60093],[-5.858085,37.601065],[-5.858085,37.601471],[-5.857914,37.601471],[-5.857743,37.601471],[-5.857402,37.601471],[-5.857402,37.601606],[-5.857231,37.601606],[-5.857231,37.601741],[-5.85689,37.601877],[-5.85689,37.602282],[-5.856719,37.602282],[-5.856549,37.602147],[-5.856378,37.602282],[-5.856207,37.602282],[-5.856207,37.602147],[-5.856036,37.602012],[-5.856036,37.602147],[-5.856036,37.602282],[-5.856207,37.602418],[-5.856207,37.602553],[-5.856036,37.602418],[-5.855866,37.602418],[-5.855695,37.602553],[-5.855866,37.602553],[-5.855866,37.602688],[-5.855866,37.602823],[-5.855866,37.602958],[-5.855524,37.602958],[-5.855354,37.602958],[-5.854842,37.603094],[-5.854671,37.603094],[-5.8545,37.602688],[-5.85433,37.602418],[-5.853988,37.602418],[-5.854159,37.602553],[-5.854159,37.602688],[-5.853988,37.602553],[-5.853818,37.602553],[-5.853818,37.602688],[-5.853647,37.602688],[-5.853647,37.602823],[-5.853476,37.602823],[-5.853306,37.602823],[-5.853135,37.602823],[-5.852964,37.602823],[-5.852794,37.602688],[-5.852452,37.602688],[-5.852111,37.602553],[-5.85194,37.602282],[-5.851428,37.602012],[-5.851428,37.601741],[-5.851087,37.601741],[-5.850233,37.601336],[-5.849892,37.600795],[-5.849551,37.60066],[-5.849209,37.600524],[-5.849039,37.600524],[-5.848868,37.600524],[-5.848868,37.600389],[-5.848697,37.600389],[-5.848697,37.600524],[-5.848527,37.600524],[-5.848356,37.600524],[-5.848185,37.600524],[-5.848015,37.60066],[-5.847844,37.60066],[-5.847673,37.60066],[-5.847502,37.60066],[-5.847673,37.600795],[-5.847673,37.60093],[-5.847502,37.601065],[-5.847502,37.601201],[-5.847502,37.601471],[-5.847502,37.601606],[-5.847332,37.601471],[-5.847161,37.601741],[-5.84699,37.601877],[-5.84682,37.601877],[-5.846649,37.602012],[-5.845966,37.601606],[-5.845284,37.601606],[-5.844601,37.601606],[-5.843748,37.601877],[-5.843577,37.602012],[-5.843406,37.602012],[-5.843235,37.602012],[-5.843065,37.602012],[-5.843235,37.602147],[-5.843235,37.602282],[-5.843065,37.602418],[-5.842894,37.602282],[-5.842723,37.602147],[-5.842723,37.602282],[-5.843065,37.602418],[-5.842894,37.602553],[-5.842723,37.602688],[-5.842723,37.603094],[-5.842553,37.603364],[-5.842553,37.603499],[-5.842382,37.60377],[-5.842041,37.604311],[-5.841699,37.604446],[-5.841358,37.604852],[-5.841017,37.604987],[-5.840163,37.604987],[-5.839481,37.605122],[-5.839139,37.605528],[-5.838798,37.605663],[-5.838456,37.606069],[-5.838115,37.606069],[-5.837944,37.606069],[-5.837432,37.606339],[-5.837091,37.606474],[-5.837262,37.606339],[-5.837091,37.606204],[-5.83692,37.606339],[-5.837091,37.606474],[-5.83692,37.606474],[-5.83692,37.606609],[-5.83675,37.606745],[-5.83675,37.60688],[-5.83675,37.607015],[-5.836579,37.607015],[-5.836579,37.60715],[-5.836579,37.607285],[-5.827362,37.606474],[-5.827533,37.606339],[-5.827704,37.606204],[-5.827704,37.606069],[-5.827704,37.605933],[-5.827704,37.605798],[-5.827874,37.605798],[-5.827874,37.605663],[-5.827874,37.605528],[-5.827874,37.605392],[-5.827704,37.605257],[-5.827533,37.605257],[-5.827362,37.605663],[-5.827362,37.605528],[-5.827362,37.605392],[-5.827362,37.605257],[-5.827192,37.605257],[-5.827192,37.605122],[-5.82685,37.604852],[-5.82685,37.604716],[-5.827021,37.604581],[-5.82685,37.604446],[-5.82685,37.604581],[-5.82668,37.604581],[-5.826509,37.604581],[-5.826338,37.604581],[-5.826168,37.604581],[-5.825826,37.604581],[-5.825314,37.604581],[-5.824631,37.604716],[-5.82429,37.604716],[-5.824119,37.604716],[-5.823949,37.604716],[-5.823778,37.604716],[-5.823607,37.604716],[-5.823607,37.604581],[-5.823437,37.604716],[-5.823607,37.604852],[-5.823607,37.604987],[-5.823437,37.604987],[-5.823266,37.605122],[-5.823095,37.605257],[-5.822925,37.605257],[-5.822754,37.605528],[-5.822754,37.605663],[-5.822754,37.605798],[-5.822413,37.605933],[-5.822242,37.605933],[-5.822242,37.606069],[-5.822071,37.606069],[-5.822071,37.606204],[-5.822071,37.606339],[-5.822242,37.606339],[-5.822071,37.606474],[-5.822071,37.606609],[-5.821901,37.606609],[-5.821901,37.606745],[-5.82173,37.606745],[-5.821218,37.606745],[-5.821047,37.606745],[-5.820876,37.606609],[-5.820876,37.606474],[-5.820706,37.606339],[-5.820706,37.606204],[-5.820535,37.606069],[-5.820535,37.605933],[-5.820364,37.605933],[-5.820364,37.605798],[-5.820194,37.605798],[-5.820194,37.605933],[-5.820364,37.606069],[-5.820364,37.606204],[-5.820535,37.606204],[-5.820535,37.606339],[-5.820535,37.606474],[-5.820706,37.606609],[-5.820706,37.606745],[-5.820876,37.606745],[-5.820876,37.60688],[-5.820876,37.607015],[-5.821047,37.60715],[-5.821047,37.607285],[-5.821218,37.607421],[-5.821047,37.607421],[-5.820876,37.607556],[-5.820535,37.607556],[-5.820364,37.607556],[-5.820023,37.607556],[-5.819682,37.607556],[-5.819511,37.607691],[-5.81934,37.607826],[-5.81917,37.608097],[-5.818999,37.608232],[-5.818658,37.608232],[-5.818316,37.608502],[-5.818146,37.608638],[-5.817804,37.608773],[-5.817634,37.608908],[-5.817292,37.609043],[-5.817121,37.609178],[-5.81678,37.609314],[-5.816609,37.609449],[-5.816439,37.609584],[-5.816097,37.609584],[-5.815927,37.609719],[-5.815756,37.609854],[-5.815415,37.609854],[-5.815073,37.609854],[-5.814903,37.609854],[-5.814561,37.609854],[-5.814391,37.60999],[-5.814049,37.60999],[-5.813708,37.610125],[-5.813367,37.610125],[-5.813196,37.610125],[-5.812854,37.61026],[-5.812684,37.61026],[-5.812513,37.610395],[-5.812172,37.610395],[-5.811489,37.610395],[-5.811148,37.610125],[-5.810465,37.610125],[-5.809612,37.610125],[-5.8091,37.60999],[-5.808758,37.609854],[-5.808587,37.609854],[-5.808417,37.609719],[-5.808246,37.609719],[-5.808075,37.609719],[-5.807905,37.609584],[-5.807734,37.609584],[-5.807563,37.609584],[-5.807563,37.609449],[-5.807393,37.609449],[-5.807222,37.609314],[-5.807051,37.609314],[-5.806881,37.609449],[-5.806539,37.609449],[-5.806369,37.609584],[-5.806027,37.609719],[-5.805857,37.609719],[-5.805345,37.60999],[-5.805174,37.610125],[-5.804833,37.610125],[-5.804662,37.61026],[-5.803808,37.61026],[-5.803467,37.61026],[-5.803126,37.610395],[-5.802443,37.610395],[-5.802272,37.610395],[-5.801931,37.610531],[-5.801419,37.610666],[-5.800736,37.610666],[-5.801248,37.610531],[-5.801078,37.610395],[-5.800907,37.610395],[-5.800566,37.610666],[-5.800395,37.610531],[-5.800224,37.610666],[-5.800053,37.610666],[-5.799883,37.610666],[-5.799712,37.610801],[-5.799541,37.610801],[-5.799541,37.610936],[-5.7992,37.610936],[-5.799029,37.611071],[-5.798859,37.611207],[-5.798517,37.611342],[-5.797835,37.611477],[-5.797664,37.611612],[-5.797664,37.611747],[-5.797664,37.611883],[-5.797493,37.611883],[-5.797323,37.612018],[-5.797152,37.612018],[-5.796981,37.612153],[-5.796811,37.612153],[-5.79664,37.612018],[-5.796299,37.612153],[-5.796128,37.612288],[-5.796128,37.612153],[-5.795957,37.612153],[-5.795786,37.612153],[-5.795616,37.612153],[-5.795445,37.612153],[-5.795274,37.612153],[-5.795104,37.612288],[-5.79408,37.612288],[-5.793909,37.612288],[-5.793738,37.612288],[-5.793568,37.612288],[-5.793397,37.612423],[-5.793397,37.612288],[-5.793226,37.612423],[-5.793056,37.612423],[-5.793056,37.612288],[-5.792885,37.612288],[-5.792714,37.612153],[-5.792544,37.612018],[-5.792202,37.611883],[-5.792032,37.611883],[-5.791861,37.611747],[-5.79169,37.611883],[-5.791519,37.611883],[-5.791349,37.611883],[-5.791178,37.612018],[-5.791007,37.612153],[-5.791007,37.612288],[-5.791007,37.612423],[-5.790837,37.612559],[-5.790837,37.612694],[-5.790837,37.612829],[-5.790666,37.612829],[-5.790666,37.612964],[-5.790666,37.613099],[-5.790495,37.613235],[-5.790495,37.61337],[-5.790495,37.613505],[-5.790325,37.613505],[-5.790325,37.613775],[-5.790154,37.613775],[-5.790154,37.613911],[-5.790154,37.614181],[-5.790154,37.614316],[-5.789983,37.614451],[-5.789983,37.614587],[-5.789813,37.614722],[-5.789642,37.614857],[-5.789642,37.614992],[-5.789642,37.615127],[-5.789471,37.615263],[-5.789471,37.615398],[-5.789301,37.615398],[-5.78913,37.615533],[-5.788959,37.615668],[-5.788789,37.615803],[-5.788618,37.615939],[-5.788447,37.616074],[-5.788277,37.616209],[-5.788106,37.616344],[-5.787765,37.616615],[-5.787765,37.61675],[-5.787594,37.616885],[-5.787423,37.616885],[-5.787423,37.61702],[-5.787252,37.617155],[-5.787252,37.617291],[-5.787252,37.617426],[-5.787423,37.617426],[-5.787594,37.617426],[-5.787765,37.617426],[-5.787935,37.617426],[-5.788106,37.617426],[-5.788277,37.617426],[-5.788618,37.617561],[-5.788959,37.617696],[-5.788959,37.617831],[-5.788959,37.617967],[-5.78913,37.617967],[-5.789301,37.618102],[-5.789471,37.618102],[-5.789642,37.618102],[-5.789642,37.617831],[-5.789642,37.617696],[-5.789813,37.617696],[-5.789813,37.617561],[-5.789983,37.617967],[-5.790154,37.617967],[-5.790325,37.618102],[-5.790495,37.618102],[-5.790837,37.618102],[-5.791007,37.618102],[-5.791178,37.618102],[-5.791519,37.618102],[-5.79169,37.618237],[-5.791861,37.618237],[-5.791861,37.618372],[-5.792032,37.618507],[-5.792202,37.618643],[-5.792202,37.618778],[-5.792032,37.618778],[-5.791861,37.618778],[-5.791861,37.618643],[-5.79169,37.618643],[-5.791519,37.618643],[-5.791519,37.618507],[-5.791349,37.618507],[-5.791178,37.618507],[-5.790837,37.618507],[-5.790325,37.618643],[-5.790154,37.618643],[-5.789983,37.618643],[-5.789983,37.618778],[-5.789983,37.618913],[-5.789983,37.619048],[-5.790154,37.619183],[-5.790325,37.619454],[-5.790325,37.619589],[-5.790495,37.619589],[-5.790495,37.619724],[-5.790495,37.619859],[-5.790666,37.619995],[-5.790495,37.620265],[-5.790495,37.6204],[-5.790495,37.620535],[-5.790325,37.62067],[-5.790325,37.620806],[-5.790325,37.620941],[-5.790495,37.621076],[-5.790495,37.621211],[-5.790495,37.621346],[-5.790495,37.621482],[-5.790666,37.621617],[-5.790837,37.621752],[-5.791007,37.621752],[-5.791178,37.621887],[-5.791349,37.621887],[-5.791349,37.622022],[-5.791519,37.622158],[-5.79169,37.622158],[-5.791861,37.622293],[-5.792032,37.622428],[-5.792032,37.622698],[-5.792202,37.622834],[-5.792202,37.622969],[-5.792373,37.623104],[-5.792373,37.623239],[-5.792714,37.623509],[-5.792714,37.623645],[-5.792885,37.62378],[-5.792714,37.62378],[-5.792714,37.623915],[-5.792373,37.62405],[-5.792202,37.624185],[-5.792032,37.62405],[-5.791861,37.62378],[-5.791861,37.623645],[-5.791861,37.623509],[-5.79169,37.623509],[-5.791519,37.623509],[-5.791519,37.623645],[-5.791519,37.62378],[-5.791519,37.623915],[-5.791178,37.623915],[-5.791349,37.62378],[-5.791349,37.623645],[-5.791178,37.623645],[-5.791178,37.623509],[-5.791349,37.623509],[-5.791349,37.623374],[-5.791519,37.623374],[-5.791519,37.623239],[-5.791519,37.623104],[-5.790837,37.622698],[-5.791007,37.622428],[-5.791178,37.622293],[-5.791349,37.622293],[-5.791349,37.622158],[-5.791178,37.622158],[-5.791007,37.622158],[-5.790837,37.622158],[-5.790666,37.622158],[-5.790495,37.622293],[-5.790666,37.622293],[-5.790495,37.622428],[-5.790325,37.622563],[-5.790154,37.622428],[-5.789813,37.622158],[-5.789471,37.622022],[-5.789301,37.621887],[-5.78913,37.621887],[-5.78913,37.621752],[-5.788789,37.621752],[-5.788789,37.621617],[-5.788618,37.621617],[-5.788618,37.621482],[-5.788447,37.621617],[-5.788277,37.621617],[-5.788277,37.621482],[-5.788447,37.621482],[-5.788447,37.621346],[-5.788618,37.621346],[-5.788618,37.621211],[-5.788789,37.621211],[-5.788789,37.620941],[-5.788618,37.620806],[-5.788618,37.62067],[-5.788447,37.620535],[-5.788447,37.6204],[-5.788447,37.620265],[-5.788277,37.62013],[-5.788277,37.619995],[-5.788277,37.619859],[-5.788106,37.619859],[-5.788106,37.619724],[-5.788106,37.619589],[-5.787935,37.619454],[-5.787765,37.619319],[-5.787594,37.619319],[-5.787423,37.619319],[-5.787252,37.619319],[-5.787082,37.619319],[-5.787082,37.619183],[-5.786911,37.619183],[-5.786911,37.619048],[-5.78674,37.619048],[-5.78657,37.619048],[-5.786399,37.619048],[-5.786228,37.618913],[-5.786058,37.619048],[-5.785887,37.619048],[-5.785887,37.618913],[-5.785887,37.618778],[-5.785716,37.618507],[-5.785546,37.618507],[-5.785375,37.618507],[-5.785375,37.618643],[-5.785204,37.618643],[-5.785204,37.618778],[-5.785034,37.618778],[-5.784863,37.618913],[-5.784692,37.619048],[-5.784522,37.619048],[-5.784351,37.619048],[-5.784351,37.619183],[-5.78418,37.619183],[-5.78401,37.619319],[-5.783839,37.619454],[-5.783668,37.619454],[-5.783327,37.619589],[-5.783156,37.619724],[-5.782815,37.619859],[-5.782644,37.619859],[-5.782473,37.619995],[-5.782303,37.619995],[-5.782132,37.62013],[-5.781961,37.62013],[-5.781791,37.620265],[-5.78162,37.620265],[-5.781449,37.620265],[-5.781279,37.6204],[-5.781108,37.6204],[-5.780937,37.6204],[-5.780937,37.620535],[-5.780596,37.620535],[-5.780425,37.620535],[-5.780425,37.62067],[-5.780255,37.620535],[-5.780084,37.62067],[-5.779913,37.62067],[-5.779572,37.620806],[-5.779401,37.620806],[-5.779231,37.620806],[-5.77906,37.620806],[-5.778889,37.620806],[-5.778889,37.620941],[-5.778718,37.620941],[-5.778548,37.620941],[-5.778377,37.620941],[-5.778206,37.620941],[-5.778036,37.620941],[-5.777865,37.621076],[-5.777694,37.621076],[-5.777353,37.621076],[-5.777182,37.621211],[-5.777012,37.621211],[-5.776841,37.621211],[-5.77667,37.621211],[-5.77667,37.621346],[-5.7765,37.621346],[-5.776329,37.621346],[-5.776158,37.621346],[-5.775988,37.621346],[-5.775817,37.621482],[-5.775476,37.621482],[-5.775305,37.621482],[-5.775305,37.621617],[-5.774964,37.621482],[-5.774793,37.621482],[-5.774793,37.621617],[-5.774622,37.621482],[-5.774451,37.621617],[-5.774281,37.621617],[-5.77411,37.621617],[-5.773939,37.621617],[-5.773769,37.621617],[-5.773598,37.621617],[-5.773427,37.621617],[-5.773257,37.621617],[-5.773086,37.621617],[-5.773086,37.621752],[-5.772915,37.621752],[-5.772745,37.621752],[-5.772745,37.621887],[-5.772574,37.621887],[-5.772574,37.621752],[-5.772403,37.621752],[-5.772062,37.621752],[-5.771891,37.621887],[-5.771721,37.621887],[-5.77155,37.621887],[-5.771379,37.621887],[-5.771209,37.621887],[-5.771209,37.622022],[-5.771038,37.622022],[-5.770867,37.622022],[-5.770697,37.622022],[-5.770526,37.622022],[-5.770355,37.622022],[-5.770355,37.622158],[-5.770184,37.622158],[-5.770014,37.622158],[-5.769843,37.622293],[-5.769672,37.622293],[-5.769502,37.622293],[-5.769331,37.622293],[-5.769331,37.622428],[-5.76916,37.622428],[-5.76899,37.622563],[-5.768819,37.622698],[-5.768819,37.622834],[-5.768819,37.622969],[-5.768819,37.623104],[-5.768648,37.623104],[-5.768648,37.622969],[-5.768307,37.622834],[-5.768307,37.622698],[-5.768136,37.622698],[-5.767966,37.622698],[-5.767795,37.622698],[-5.767795,37.622834],[-5.767624,37.622834],[-5.767454,37.622834],[-5.767283,37.622969],[-5.766942,37.622969],[-5.766942,37.623104],[-5.766771,37.623104],[-5.7666,37.623104],[-5.76643,37.623239],[-5.766088,37.623509],[-5.765917,37.623509],[-5.765747,37.623645],[-5.765576,37.623645],[-5.765405,37.62378],[-5.765235,37.623915],[-5.765064,37.623915],[-5.765064,37.62405],[-5.764893,37.62405],[-5.764893,37.624185],[-5.764723,37.624321],[-5.764552,37.624321],[-5.764381,37.624456],[-5.764211,37.624591],[-5.764211,37.624726],[-5.763869,37.624726],[-5.763699,37.624996],[-5.763528,37.624996],[-5.763187,37.624996],[-5.763016,37.625132],[-5.762845,37.625267],[-5.762675,37.625267],[-5.762504,37.625267],[-5.762333,37.625267],[-5.762163,37.625402],[-5.761992,37.625402],[-5.761992,37.625537],[-5.761992,37.625808],[-5.761821,37.625808],[-5.761651,37.625943],[-5.76148,37.625943],[-5.76148,37.626078],[-5.76148,37.626213],[-5.761309,37.626348],[-5.761309,37.626483],[-5.761309,37.626619],[-5.761138,37.626619],[-5.760968,37.626889],[-5.760797,37.626889],[-5.760797,37.627024],[-5.760626,37.627024],[-5.760626,37.627159],[-5.760456,37.627295],[-5.760456,37.62743],[-5.760285,37.62743],[-5.760114,37.627565],[-5.760114,37.6277],[-5.759944,37.627835],[-5.759944,37.62797],[-5.759773,37.62797],[-5.759773,37.628106],[-5.759602,37.628241],[-5.759432,37.628241],[-5.759261,37.628376],[-5.759261,37.628511],[-5.75909,37.628511],[-5.75909,37.628646],[-5.75892,37.628646],[-5.758749,37.628781],[-5.758578,37.628781],[-5.758578,37.628917],[-5.758408,37.628917],[-5.758237,37.629052],[-5.758237,37.629187],[-5.758066,37.629187],[-5.758066,37.629322],[-5.757896,37.629457],[-5.757896,37.629593],[-5.757725,37.629728],[-5.757554,37.629998],[-5.757384,37.630133],[-5.757384,37.630268],[-5.757213,37.630404],[-5.757213,37.630539],[-5.757042,37.630674],[-5.756871,37.630809],[-5.756701,37.630809],[-5.756701,37.630944],[-5.75653,37.630944],[-5.75653,37.631079],[-5.756359,37.631079],[-5.756359,37.631215],[-5.756189,37.631215],[-5.756189,37.63135],[-5.756189,37.631485],[-5.756018,37.631485],[-5.756018,37.631755],[-5.756189,37.63189],[-5.756359,37.632026],[-5.756189,37.632026],[-5.756018,37.63189],[-5.755847,37.631755],[-5.755677,37.63189],[-5.755506,37.63189],[-5.755335,37.632026],[-5.755335,37.631755],[-5.754994,37.631755],[-5.754823,37.631755],[-5.754653,37.631755],[-5.754482,37.63189],[-5.754311,37.63189],[-5.754141,37.63189],[-5.75397,37.632026],[-5.75397,37.632161],[-5.753799,37.632026],[-5.753629,37.632026],[-5.753458,37.632026],[-5.753117,37.632161],[-5.752946,37.632161],[-5.752775,37.632161],[-5.752775,37.632026],[-5.752604,37.632026],[-5.752604,37.632161],[-5.752434,37.632161],[-5.752263,37.632296],[-5.752092,37.632296],[-5.751751,37.632296],[-5.75158,37.632296],[-5.75158,37.632431],[-5.75141,37.632431],[-5.751239,37.632431],[-5.751239,37.632566],[-5.750727,37.632566],[-5.750386,37.632701],[-5.750215,37.632837],[-5.750044,37.632837],[-5.749703,37.632837],[-5.749703,37.632972],[-5.749532,37.632972],[-5.749362,37.632972],[-5.749362,37.633107],[-5.749191,37.633107],[-5.749191,37.633242],[-5.74885,37.633377],[-5.748679,37.633512],[-5.748337,37.633648],[-5.748167,37.633783],[-5.747996,37.633783],[-5.747825,37.633783],[-5.747655,37.633918],[-5.747484,37.634053],[-5.747313,37.634053],[-5.747143,37.634188],[-5.746972,37.634188],[-5.746801,37.634188],[-5.74646,37.634323],[-5.746289,37.634323],[-5.746289,37.634459],[-5.746119,37.634459],[-5.745777,37.634594],[-5.745436,37.634594],[-5.745265,37.634729],[-5.745265,37.634864],[-5.745095,37.634864],[-5.745095,37.634999],[-5.744753,37.635134],[-5.744583,37.63527],[-5.744583,37.635405],[-5.744412,37.63554],[-5.744241,37.635675],[-5.744241,37.63581],[-5.744241,37.635945],[-5.74407,37.636081],[-5.74407,37.636216],[-5.7439,37.636351],[-5.74407,37.636486],[-5.74407,37.636621],[-5.744241,37.636621],[-5.744412,37.636621],[-5.744583,37.636756],[-5.744753,37.636892],[-5.744583,37.636892],[-5.744412,37.637027],[-5.744241,37.637027],[-5.74407,37.637162],[-5.74407,37.637297],[-5.74407,37.637432],[-5.74407,37.637567],[-5.74407,37.637703],[-5.74407,37.637973],[-5.744241,37.638108],[-5.744241,37.638243],[-5.744412,37.638378],[-5.744412,37.638513],[-5.744412,37.638649],[-5.744583,37.638784],[-5.744583,37.638919],[-5.744583,37.639324],[-5.744583,37.639595],[-5.744753,37.63973],[-5.744753,37.639865],[-5.744753,37.640135],[-5.744753,37.640271],[-5.744924,37.640541],[-5.744753,37.640811],[-5.744753,37.640946],[-5.744753,37.641081],[-5.744924,37.641217],[-5.744924,37.641352],[-5.744924,37.641487],[-5.744924,37.641622],[-5.744753,37.641757],[-5.744753,37.641892],[-5.744753,37.642027],[-5.744583,37.641892],[-5.744241,37.641892],[-5.743729,37.641757],[-5.743046,37.641622],[-5.742876,37.641487],[-5.742876,37.641352],[-5.742705,37.641217],[-5.742534,37.641081],[-5.742534,37.640946],[-5.742534,37.640811],[-5.742364,37.640811],[-5.742364,37.640676],[-5.742193,37.640541],[-5.742193,37.640406],[-5.742022,37.640406],[-5.742022,37.640271],[-5.742022,37.640135],[-5.741852,37.640135],[-5.741852,37.639865],[-5.741681,37.63973],[-5.74151,37.63973],[-5.74134,37.639595],[-5.741169,37.63973],[-5.740998,37.639865],[-5.740998,37.640271],[-5.740828,37.640271],[-5.740828,37.640406],[-5.740828,37.640541],[-5.740828,37.640676],[-5.740657,37.640946],[-5.740657,37.641217],[-5.740486,37.641352],[-5.740486,37.641487],[-5.740316,37.641622],[-5.740316,37.641757],[-5.740145,37.642298],[-5.740145,37.642433],[-5.740145,37.642568],[-5.739974,37.642703],[-5.739803,37.642703],[-5.739803,37.642838],[-5.739974,37.642838],[-5.739803,37.642974],[-5.739803,37.643109],[-5.739803,37.643379],[-5.739803,37.643514],[-5.739633,37.643649],[-5.739633,37.643784],[-5.739803,37.643784],[-5.739803,37.64392],[-5.739633,37.64392],[-5.739462,37.644055],[-5.739291,37.64419],[-5.739291,37.644325],[-5.739291,37.64446],[-5.739291,37.644595],[-5.739121,37.64473],[-5.739121,37.644866],[-5.73895,37.645001],[-5.73895,37.645136],[-5.738779,37.645271],[-5.738609,37.645406],[-5.738609,37.645541],[-5.738438,37.645676],[-5.738267,37.645812],[-5.738097,37.645947],[-5.737926,37.646082],[-5.737926,37.646217],[-5.737755,37.646352],[-5.737755,37.646487],[-5.737585,37.646487],[-5.737414,37.646487],[-5.737243,37.646623],[-5.737073,37.646893],[-5.736902,37.647028],[-5.736902,37.647163],[-5.736902,37.647298],[-5.736731,37.647298],[-5.736731,37.647433],[-5.736561,37.647569],[-5.736561,37.647704],[-5.736561,37.647839],[-5.736561,37.647974],[-5.736561,37.648109],[-5.736561,37.648244],[-5.736561,37.648379],[-5.736561,37.648514],[-5.73639,37.648379],[-5.736219,37.648514],[-5.736219,37.64865],[-5.736049,37.648785],[-5.736049,37.64892],[-5.735878,37.649055],[-5.735878,37.64919],[-5.735878,37.649325],[-5.735707,37.649325],[-5.735707,37.64946],[-5.735536,37.649596],[-5.735366,37.649731],[-5.735366,37.649866],[-5.735195,37.650001],[-5.735024,37.650136],[-5.734854,37.650406],[-5.734683,37.650542],[-5.734342,37.650136],[-5.734512,37.650001],[-5.734683,37.649866],[-5.734683,37.649731],[-5.734854,37.649596],[-5.734854,37.64946],[-5.735024,37.649325],[-5.735024,37.64919],[-5.735195,37.649055],[-5.735195,37.64892],[-5.735195,37.648785],[-5.735366,37.648785],[-5.735366,37.64865],[-5.735366,37.648514],[-5.735366,37.648379],[-5.735366,37.648244],[-5.735195,37.648109],[-5.735024,37.648109],[-5.734854,37.647974],[-5.735024,37.647839],[-5.734854,37.647839],[-5.735024,37.647704],[-5.734854,37.647569],[-5.735024,37.647433],[-5.735195,37.647433],[-5.735195,37.647569],[-5.735366,37.647569],[-5.735366,37.647433],[-5.735366,37.647298],[-5.735366,37.647163],[-5.735536,37.647163],[-5.735707,37.647163],[-5.735707,37.647028],[-5.735878,37.647028],[-5.736049,37.646893],[-5.736049,37.646758],[-5.736219,37.646623],[-5.73639,37.646487],[-5.73639,37.646352],[-5.736561,37.646217],[-5.736731,37.645947],[-5.736902,37.645812],[-5.737073,37.645812],[-5.737243,37.645812],[-5.737414,37.645676],[-5.737414,37.645541],[-5.737585,37.645406],[-5.737585,37.645271],[-5.737755,37.645271],[-5.737755,37.645136],[-5.737926,37.645136],[-5.737926,37.644866],[-5.738097,37.64473],[-5.738097,37.644595],[-5.738097,37.64446],[-5.738097,37.644325],[-5.738267,37.644325],[-5.738267,37.64419],[-5.738267,37.644055],[-5.738438,37.64392],[-5.738438,37.643649],[-5.738438,37.643514],[-5.738438,37.643379],[-5.738438,37.643244],[-5.738438,37.643109],[-5.738438,37.642974],[-5.738609,37.642838],[-5.738779,37.642838],[-5.738779,37.642703],[-5.738779,37.642568],[-5.738609,37.642568],[-5.738609,37.642027],[-5.738609,37.641622],[-5.738438,37.641352],[-5.738438,37.641217],[-5.738438,37.641081],[-5.738267,37.640811],[-5.738097,37.640541],[-5.737926,37.640406],[-5.737755,37.640271],[-5.737755,37.640135],[-5.737585,37.640135],[-5.737414,37.64],[-5.737414,37.639865],[-5.737243,37.63973],[-5.737073,37.639865],[-5.736902,37.64],[-5.736731,37.640135],[-5.736731,37.64],[-5.736561,37.64],[-5.736561,37.639865],[-5.73639,37.639865],[-5.73639,37.63973],[-5.73639,37.63946],[-5.736219,37.639324],[-5.73639,37.639189],[-5.73639,37.638919],[-5.73639,37.638784],[-5.736219,37.638784],[-5.736219,37.638649],[-5.73639,37.638513],[-5.73639,37.638378],[-5.73639,37.638243],[-5.736219,37.638243],[-5.735878,37.637973],[-5.735707,37.637973],[-5.735536,37.637838],[-5.735536,37.637703],[-5.735366,37.637567],[-5.735195,37.637162],[-5.735024,37.637027],[-5.734854,37.636892],[-5.734342,37.636486],[-5.733659,37.636351],[-5.733488,37.636351],[-5.733147,37.636351],[-5.732976,37.636351],[-5.732976,37.636216],[-5.732976,37.636081],[-5.732806,37.636081],[-5.732806,37.635945],[-5.732635,37.635945],[-5.732464,37.63581],[-5.732464,37.635675],[-5.732294,37.63554],[-5.732294,37.635405],[-5.731952,37.635134],[-5.731952,37.634999],[-5.731952,37.634864],[-5.731782,37.634729],[-5.731782,37.634459],[-5.731611,37.634459],[-5.73144,37.634459],[-5.731269,37.634459],[-5.731269,37.634188],[-5.731269,37.634053],[-5.731099,37.633918],[-5.730928,37.633918],[-5.730928,37.634053],[-5.730928,37.634188],[-5.730757,37.634188],[-5.730757,37.634323],[-5.730757,37.634459],[-5.730757,37.634594],[-5.730757,37.634729],[-5.730757,37.634864],[-5.730587,37.634999],[-5.730587,37.635134],[-5.730587,37.63527],[-5.730587,37.635405],[-5.730416,37.635675],[-5.730245,37.635675],[-5.730075,37.63554],[-5.729904,37.63554],[-5.729733,37.63554],[-5.729563,37.635405],[-5.729392,37.635405],[-5.729221,37.63527],[-5.72888,37.63527],[-5.728709,37.63527],[-5.728368,37.635134],[-5.728197,37.635134],[-5.727685,37.635134],[-5.727685,37.634999],[-5.727515,37.634999],[-5.727515,37.634864],[-5.727344,37.634999],[-5.727173,37.634999],[-5.727173,37.634864],[-5.727002,37.634864],[-5.726832,37.634864],[-5.72649,37.634999],[-5.72632,37.634999],[-5.72632,37.635134],[-5.726149,37.635134],[-5.725978,37.635134],[-5.725808,37.635134],[-5.725466,37.63527],[-5.725125,37.63527],[-5.724613,37.63527],[-5.724272,37.635134],[-5.72376,37.635134],[-5.723589,37.635134],[-5.723418,37.635134],[-5.723248,37.634999],[-5.723077,37.635134],[-5.723077,37.634999],[-5.722735,37.634999],[-5.722394,37.634864],[-5.721882,37.634459],[-5.72137,37.634323],[-5.721199,37.634188],[-5.720858,37.634188],[-5.720687,37.634188],[-5.720346,37.634323],[-5.720005,37.634323],[-5.719663,37.634323],[-5.719322,37.634323],[-5.718981,37.634323],[-5.718639,37.634323],[-5.718298,37.634188],[-5.717786,37.634323],[-5.717444,37.634323],[-5.716932,37.634323],[-5.716762,37.634323],[-5.71625,37.634053],[-5.716079,37.633918],[-5.715738,37.633512],[-5.715396,37.633377],[-5.715226,37.633242],[-5.714884,37.632972],[-5.714884,37.632701],[-5.714031,37.632566],[-5.71386,37.632431],[-5.713689,37.632701],[-5.713519,37.632837],[-5.713348,37.632701],[-5.713348,37.632566],[-5.713177,37.632296],[-5.713007,37.63189],[-5.713007,37.631755],[-5.713177,37.631485],[-5.713177,37.63135],[-5.713177,37.631215],[-5.713007,37.631079],[-5.712836,37.631079],[-5.712665,37.630944],[-5.712665,37.630809],[-5.712324,37.630809],[-5.712153,37.630809],[-5.711983,37.630809],[-5.711641,37.631079],[-5.7113,37.631215],[-5.711129,37.631215],[-5.710788,37.63135],[-5.710447,37.630944],[-5.710276,37.630674],[-5.710105,37.630539],[-5.709764,37.630539],[-5.708569,37.630539],[-5.708228,37.630404],[-5.707716,37.630268],[-5.707204,37.629998],[-5.707033,37.629998],[-5.706862,37.630133],[-5.70635,37.630133],[-5.70618,37.630268],[-5.705497,37.630133],[-5.705155,37.629998],[-5.704814,37.630133],[-5.704473,37.630133],[-5.704302,37.630133],[-5.704302,37.629998],[-5.704131,37.629593],[-5.703961,37.629593],[-5.70379,37.629457],[-5.703619,37.629187],[-5.703449,37.629052],[-5.703278,37.629052],[-5.702937,37.628917],[-5.702595,37.628917],[-5.702425,37.628781],[-5.702254,37.628646],[-5.702083,37.628646],[-5.702083,37.628511],[-5.701742,37.628106],[-5.70123,37.627835],[-5.700888,37.627565],[-5.700547,37.627295],[-5.700376,37.627295],[-5.700206,37.627024],[-5.699864,37.626889],[-5.699352,37.626619],[-5.699011,37.626619],[-5.69884,37.626619],[-5.698499,37.626754],[-5.698499,37.626889],[-5.698328,37.627024],[-5.698328,37.627159],[-5.698328,37.627295],[-5.698158,37.627295],[-5.697987,37.627295],[-5.697816,37.627295],[-5.697816,37.62743],[-5.697646,37.627565],[-5.697646,37.6277],[-5.697646,37.62797],[-5.697646,37.628241],[-5.697475,37.628241],[-5.697475,37.628511],[-5.697475,37.628646],[-5.697475,37.628917],[-5.697304,37.629052],[-5.697475,37.629187],[-5.697133,37.629187],[-5.697133,37.629322],[-5.696963,37.629457],[-5.696963,37.629593],[-5.696963,37.629728],[-5.696963,37.629863],[-5.696792,37.629863],[-5.696792,37.629998],[-5.696963,37.630268],[-5.697133,37.630268],[-5.696963,37.630404],[-5.696963,37.630539],[-5.696963,37.630674],[-5.697133,37.630809],[-5.697133,37.630944],[-5.697133,37.631079],[-5.697133,37.631215],[-5.697304,37.631215],[-5.697304,37.631485],[-5.697304,37.63162],[-5.697304,37.631755],[-5.697133,37.631755],[-5.696963,37.63189],[-5.696963,37.632026],[-5.697133,37.632026],[-5.697133,37.632161],[-5.696963,37.632161],[-5.696963,37.632296],[-5.696792,37.632431],[-5.696621,37.632431],[-5.696451,37.632566],[-5.696451,37.632701],[-5.69628,37.632701],[-5.695939,37.632972],[-5.695939,37.633107],[-5.695768,37.633107],[-5.695768,37.633242],[-5.695597,37.633377],[-5.695597,37.633512],[-5.695427,37.633648],[-5.695427,37.633783],[-5.695085,37.634053],[-5.694915,37.634188],[-5.694744,37.634323],[-5.694403,37.634594],[-5.694403,37.634729],[-5.694232,37.634729],[-5.694232,37.634864],[-5.694232,37.634999],[-5.694061,37.635134],[-5.693891,37.635405],[-5.693891,37.63554],[-5.693891,37.635675],[-5.69372,37.635675],[-5.69372,37.635945],[-5.693549,37.636081],[-5.693379,37.636081],[-5.693379,37.636216],[-5.693208,37.636216],[-5.693208,37.636351],[-5.693037,37.636351],[-5.693037,37.636486],[-5.692867,37.636621],[-5.692696,37.636621],[-5.692525,37.636621],[-5.692354,37.636486],[-5.692184,37.636351],[-5.692013,37.636351],[-5.691672,37.636081],[-5.691501,37.635945],[-5.691501,37.63581],[-5.691672,37.635675],[-5.691672,37.63554],[-5.691842,37.635405],[-5.691842,37.63527],[-5.692013,37.635134],[-5.692184,37.634999],[-5.692184,37.634864],[-5.692354,37.634729],[-5.692354,37.634594],[-5.692525,37.634459],[-5.692525,37.634323],[-5.692696,37.634188],[-5.692696,37.634053],[-5.692867,37.634053],[-5.692867,37.633918],[-5.693037,37.633783],[-5.693037,37.633648],[-5.693208,37.633648],[-5.693379,37.633783],[-5.693549,37.633783],[-5.69372,37.633648],[-5.69372,37.633512],[-5.69372,37.633377],[-5.693549,37.633377],[-5.69372,37.633107],[-5.693891,37.633107],[-5.693891,37.632972],[-5.694061,37.632972],[-5.694061,37.632837],[-5.694061,37.632701],[-5.694061,37.632566],[-5.694232,37.632431],[-5.694232,37.632296],[-5.694232,37.632161],[-5.694232,37.632026],[-5.694403,37.632026],[-5.694403,37.63189],[-5.694403,37.631755],[-5.694573,37.63189],[-5.694744,37.63189],[-5.694744,37.631755],[-5.694744,37.63162],[-5.694744,37.63135],[-5.694744,37.631215],[-5.694573,37.631215],[-5.694403,37.631079],[-5.694403,37.630944],[-5.694403,37.630809],[-5.694232,37.630674],[-5.694232,37.630404],[-5.694061,37.630268],[-5.694061,37.630133],[-5.694061,37.629998],[-5.694061,37.629863],[-5.694061,37.629728],[-5.694232,37.629728],[-5.694061,37.629457],[-5.694061,37.629322],[-5.694061,37.629187],[-5.694061,37.628646],[-5.694232,37.628376],[-5.694403,37.628376],[-5.694403,37.628241],[-5.694573,37.628106],[-5.694744,37.62797],[-5.694573,37.627835],[-5.694915,37.6277],[-5.694915,37.627565],[-5.695085,37.62743],[-5.695085,37.627295],[-5.695085,37.626889],[-5.695085,37.626619],[-5.695256,37.626348],[-5.695427,37.626213],[-5.695427,37.626078],[-5.695597,37.625943],[-5.695597,37.625808],[-5.695597,37.625537],[-5.695597,37.625132],[-5.695427,37.624861],[-5.695427,37.624726],[-5.695427,37.624591],[-5.695256,37.624591],[-5.695256,37.624456],[-5.695085,37.624456],[-5.695085,37.624321],[-5.695085,37.624185],[-5.695085,37.62405],[-5.694915,37.623915],[-5.694915,37.62378],[-5.694915,37.623645],[-5.695085,37.623645],[-5.695427,37.623239],[-5.695256,37.623239],[-5.695085,37.623104],[-5.695085,37.622969],[-5.694915,37.623104],[-5.694915,37.622969],[-5.694573,37.622969],[-5.694232,37.622969],[-5.694061,37.622969],[-5.693891,37.622969],[-5.69372,37.623104],[-5.693549,37.622969],[-5.693549,37.623104],[-5.693208,37.623104],[-5.693037,37.623104],[-5.692867,37.623104],[-5.692696,37.623239],[-5.692525,37.623239],[-5.692354,37.623239],[-5.692184,37.623239],[-5.692013,37.623239],[-5.691842,37.623374],[-5.691672,37.623374],[-5.691501,37.623509],[-5.69116,37.623509],[-5.690989,37.623645],[-5.690818,37.623645],[-5.690477,37.62378],[-5.690306,37.62378],[-5.690136,37.62378],[-5.689965,37.623915],[-5.689794,37.623915],[-5.689624,37.623915],[-5.689453,37.62405],[-5.689282,37.62405],[-5.689112,37.62405],[-5.68877,37.624185],[-5.6886,37.624185],[-5.688429,37.624185],[-5.688258,37.624321],[-5.688258,37.624456],[-5.688087,37.624456],[-5.688087,37.624321],[-5.688087,37.624185],[-5.687917,37.624185],[-5.687917,37.624321],[-5.687746,37.624321],[-5.687405,37.624321],[-5.687405,37.624456],[-5.687234,37.624456],[-5.687234,37.624321],[-5.687063,37.624321],[-5.686722,37.624321],[-5.686381,37.624321],[-5.68621,37.624321],[-5.686039,37.624321],[-5.685698,37.624321],[-5.685527,37.624321],[-5.685357,37.624321],[-5.685186,37.624321],[-5.684845,37.624321],[-5.684674,37.624321],[-5.684333,37.624185],[-5.684162,37.624185],[-5.683991,37.624185],[-5.68382,37.624185],[-5.68365,37.624185],[-5.683479,37.624185],[-5.683308,37.624185],[-5.683138,37.624185],[-5.682967,37.624185],[-5.682967,37.62405],[-5.682796,37.62405],[-5.682626,37.62405],[-5.682455,37.62405],[-5.682455,37.623915],[-5.682284,37.623915],[-5.682114,37.623915],[-5.681943,37.623915],[-5.681943,37.62378],[-5.681772,37.623915],[-5.681772,37.62378],[-5.681602,37.62378],[-5.681431,37.62378],[-5.681431,37.623645],[-5.68126,37.623645],[-5.68109,37.623645],[-5.680919,37.623645],[-5.680748,37.623645],[-5.680748,37.623509],[-5.680578,37.623509],[-5.680407,37.623509],[-5.680407,37.623374],[-5.680236,37.623374],[-5.680066,37.623374],[-5.679895,37.623239],[-5.679724,37.623239],[-5.679553,37.623104],[-5.679383,37.622969],[-5.679212,37.622969],[-5.679212,37.622834],[-5.679041,37.622834],[-5.678871,37.622834],[-5.6787,37.622698],[-5.678529,37.622698],[-5.678529,37.622563],[-5.678359,37.622563],[-5.678188,37.622563],[-5.678017,37.622834],[-5.677847,37.622969],[-5.677676,37.623104],[-5.677505,37.623239],[-5.677335,37.623374],[-5.677164,37.623374],[-5.677164,37.623239],[-5.677164,37.623104],[-5.677335,37.622969],[-5.677676,37.622698],[-5.677847,37.622698],[-5.677847,37.622563],[-5.677676,37.622563],[-5.677847,37.622293],[-5.677847,37.622158],[-5.677847,37.622022],[-5.677676,37.622022],[-5.677676,37.621887],[-5.677505,37.621887],[-5.677505,37.621752],[-5.677335,37.621752],[-5.677335,37.621617],[-5.677164,37.621482],[-5.676993,37.621346],[-5.676993,37.621211],[-5.676823,37.621211],[-5.676652,37.620941],[-5.676481,37.620941],[-5.676481,37.620806],[-5.676311,37.62067],[-5.67614,37.6204],[-5.67614,37.620265],[-5.675969,37.620265],[-5.675799,37.62013],[-5.675799,37.619995],[-5.675628,37.619859],[-5.675628,37.619724],[-5.675457,37.619589],[-5.675457,37.619454],[-5.675286,37.619454],[-5.675286,37.619319],[-5.675116,37.619319],[-5.675116,37.619183],[-5.675116,37.619048],[-5.674945,37.619048],[-5.674945,37.618913],[-5.674774,37.618913],[-5.674774,37.618778],[-5.674774,37.618643],[-5.674604,37.618643],[-5.674433,37.618507],[-5.674262,37.618372],[-5.674092,37.618372],[-5.674092,37.618237],[-5.673921,37.618237],[-5.673921,37.618102],[-5.67375,37.617967],[-5.67375,37.617831],[-5.67358,37.617696],[-5.67358,37.617561],[-5.67358,37.617426],[-5.673409,37.617291],[-5.673409,37.617155],[-5.673238,37.61702],[-5.673238,37.616885],[-5.673068,37.616885],[-5.673068,37.61675],[-5.673068,37.616615],[-5.672897,37.616479],[-5.672897,37.616344],[-5.672726,37.616344],[-5.672726,37.616209],[-5.672726,37.616074],[-5.672556,37.616074],[-5.672556,37.615939],[-5.672556,37.615803],[-5.672385,37.615668],[-5.672214,37.615668],[-5.672044,37.615533],[-5.671873,37.615398],[-5.671702,37.615398],[-5.671532,37.615533],[-5.671361,37.615533],[-5.671361,37.615398],[-5.671532,37.615263],[-5.671702,37.615127],[-5.671702,37.614992],[-5.671873,37.614992],[-5.671873,37.614857],[-5.672044,37.614857],[-5.672044,37.614587],[-5.672044,37.614451],[-5.672044,37.614181],[-5.672044,37.614046],[-5.672044,37.613911],[-5.672044,37.613775],[-5.671873,37.613775],[-5.671873,37.61364],[-5.671873,37.613505],[-5.671873,37.61337],[-5.671702,37.613235],[-5.671532,37.612964],[-5.671361,37.612829],[-5.671361,37.612964],[-5.67119,37.612964],[-5.671019,37.612829],[-5.671019,37.612694],[-5.670849,37.612559],[-5.670678,37.612559],[-5.670678,37.612423],[-5.670678,37.612288],[-5.670507,37.612288],[-5.670507,37.612153],[-5.670337,37.612018],[-5.670337,37.611883],[-5.670166,37.611883],[-5.669995,37.611883],[-5.669995,37.611747],[-5.669825,37.611747],[-5.669654,37.611747],[-5.669483,37.611747],[-5.669313,37.611612],[-5.669313,37.611477],[-5.669483,37.611612],[-5.669654,37.611477],[-5.669483,37.611477],[-5.669483,37.611342],[-5.669313,37.611342],[-5.669483,37.611207],[-5.669313,37.611207],[-5.669142,37.611207],[-5.669313,37.611342],[-5.669142,37.611342],[-5.668801,37.611207],[-5.668801,37.611071],[-5.668801,37.610936],[-5.66863,37.610936],[-5.66863,37.610801],[-5.668459,37.610666],[-5.668459,37.610531],[-5.66863,37.610531],[-5.66863,37.610666],[-5.668801,37.610666],[-5.668971,37.610666],[-5.669142,37.610666],[-5.668971,37.610531],[-5.669142,37.610531],[-5.669142,37.610395],[-5.668971,37.61026],[-5.668801,37.610125],[-5.668801,37.60999],[-5.66863,37.609854],[-5.668289,37.609584],[-5.668118,37.609449],[-5.668118,37.609314],[-5.667947,37.609314],[-5.667947,37.609178],[-5.667777,37.609043],[-5.667606,37.608908],[-5.667606,37.608773],[-5.667435,37.608773],[-5.667265,37.608773],[-5.667094,37.608773],[-5.666923,37.608638],[-5.666923,37.608502],[-5.666923,37.608367],[-5.666752,37.608367],[-5.666582,37.608232],[-5.666582,37.608097],[-5.666582,37.607962],[-5.666411,37.607962],[-5.666411,37.607826],[-5.66624,37.607826],[-5.66607,37.607826],[-5.665899,37.607826],[-5.665728,37.607826],[-5.665558,37.607826],[-5.665216,37.607962],[-5.665046,37.607962],[-5.664704,37.607826],[-5.664192,37.607691],[-5.664022,37.607691],[-5.663851,37.607691],[-5.66351,37.607421],[-5.66351,37.607285],[-5.663339,37.607285],[-5.663168,37.607285],[-5.663168,37.60715],[-5.663168,37.607015],[-5.663339,37.607015],[-5.66368,37.60688],[-5.663851,37.60688],[-5.664022,37.606745],[-5.664363,37.60688],[-5.664534,37.60688],[-5.664534,37.606745],[-5.664363,37.606745],[-5.664363,37.606609],[-5.664363,37.606474],[-5.664363,37.606339],[-5.664363,37.606204],[-5.664534,37.606204],[-5.664534,37.606069],[-5.664192,37.605798],[-5.664022,37.605798],[-5.664022,37.605663],[-5.663851,37.605663],[-5.663851,37.605528],[-5.66368,37.605528],[-5.66368,37.605392],[-5.66351,37.605392],[-5.66351,37.605257],[-5.663339,37.605122],[-5.663339,37.604987],[-5.663168,37.604987],[-5.662998,37.604987],[-5.662827,37.605122],[-5.662656,37.605122],[-5.662485,37.605257],[-5.662315,37.605257],[-5.662315,37.605122],[-5.662144,37.605122],[-5.661973,37.605122],[-5.661973,37.605257],[-5.661803,37.605257],[-5.661632,37.605122],[-5.661632,37.605257],[-5.661461,37.605257],[-5.661461,37.605392],[-5.661291,37.605392],[-5.661291,37.605528],[-5.66112,37.605528],[-5.660949,37.605663],[-5.660949,37.605798],[-5.660779,37.605798],[-5.660779,37.605933],[-5.660608,37.605933],[-5.660608,37.606069],[-5.660608,37.606204],[-5.660437,37.606204],[-5.660437,37.606339],[-5.660437,37.606474],[-5.660267,37.606609],[-5.660267,37.606745],[-5.660267,37.60688],[-5.660437,37.60688],[-5.660267,37.60715],[-5.660096,37.60715],[-5.659925,37.607285],[-5.659755,37.607421],[-5.659584,37.607421],[-5.659584,37.607556],[-5.659413,37.607556],[-5.659243,37.607691],[-5.659072,37.607962],[-5.658901,37.608097],[-5.658901,37.608232],[-5.658731,37.608232],[-5.658731,37.608367],[-5.65856,37.608232],[-5.65856,37.608367],[-5.658731,37.608367],[-5.658731,37.608502],[-5.65856,37.608502],[-5.658389,37.608638],[-5.658389,37.608773],[-5.658218,37.608773],[-5.658218,37.608908],[-5.658048,37.608908],[-5.657877,37.609043],[-5.657877,37.609178],[-5.657706,37.609178],[-5.657706,37.609314],[-5.657706,37.609449],[-5.657536,37.609449],[-5.657536,37.609584],[-5.657365,37.609584],[-5.657365,37.609719],[-5.657365,37.609854],[-5.657536,37.60999],[-5.657877,37.60999],[-5.658048,37.60999],[-5.658218,37.60999],[-5.658389,37.60999],[-5.65856,37.60999],[-5.65856,37.610125],[-5.65856,37.610395],[-5.65856,37.610531],[-5.658731,37.610666],[-5.658731,37.610801],[-5.658731,37.611071],[-5.658731,37.611207],[-5.658901,37.611207],[-5.658901,37.611342],[-5.658901,37.611612],[-5.658901,37.611747],[-5.659072,37.611747],[-5.659072,37.611883],[-5.659072,37.612018],[-5.659072,37.612153],[-5.659072,37.612288],[-5.659072,37.612423],[-5.659072,37.612559],[-5.659072,37.612694],[-5.658901,37.612829],[-5.656512,37.61337],[-5.656341,37.613099],[-5.656341,37.612829],[-5.65617,37.612694],[-5.656,37.612694],[-5.656,37.612559],[-5.655829,37.612559],[-5.655829,37.612423],[-5.655829,37.612288],[-5.655829,37.612153],[-5.655829,37.612018],[-5.655829,37.611883],[-5.655829,37.611747],[-5.655829,37.611477],[-5.655658,37.611477],[-5.655488,37.611477],[-5.655488,37.611612],[-5.655317,37.611612],[-5.654976,37.611883],[-5.654805,37.611883],[-5.654634,37.612018],[-5.654464,37.612153],[-5.654293,37.612153],[-5.654293,37.612288],[-5.654122,37.612288],[-5.653951,37.612288],[-5.653951,37.612423],[-5.653781,37.612423],[-5.65361,37.612559],[-5.653439,37.612559],[-5.653269,37.612694],[-5.653098,37.612694],[-5.653098,37.612829],[-5.652927,37.612829],[-5.652757,37.612829],[-5.652586,37.612829],[-5.652586,37.612964],[-5.652415,37.612964],[-5.652245,37.612964],[-5.652074,37.613099],[-5.651903,37.613235],[-5.651733,37.613235],[-5.651733,37.61337],[-5.651562,37.61337],[-5.651562,37.613505],[-5.651391,37.613505],[-5.651221,37.61364],[-5.65105,37.613775],[-5.65105,37.613911],[-5.650879,37.613911],[-5.650879,37.614046],[-5.650709,37.614046],[-5.650538,37.614181],[-5.650367,37.614181],[-5.650367,37.614316],[-5.650197,37.614316],[-5.650197,37.614451],[-5.650026,37.614451],[-5.649855,37.614587],[-5.649684,37.614722],[-5.649514,37.614722],[-5.649514,37.614857],[-5.649172,37.614992],[-5.649002,37.615127],[-5.648831,37.615127],[-5.64866,37.615263],[-5.64849,37.615263],[-5.648319,37.615398],[-5.648148,37.615398],[-5.647978,37.615398],[-5.647978,37.615533],[-5.647807,37.615533],[-5.647807,37.615398],[-5.647636,37.615533],[-5.647295,37.615668],[-5.647124,37.615668],[-5.646954,37.615668],[-5.646612,37.615668],[-5.646442,37.615668],[-5.646442,37.615803],[-5.646271,37.615803],[-5.6461,37.615803],[-5.64593,37.615803],[-5.64593,37.615668],[-5.645759,37.615668],[-5.645759,37.615803],[-5.645588,37.615803],[-5.645588,37.615939],[-5.645417,37.615939],[-5.645247,37.615939],[-5.645076,37.616074],[-5.644905,37.616074],[-5.644735,37.616074],[-5.644564,37.616209],[-5.644393,37.616074],[-5.644393,37.616209],[-5.644223,37.616209],[-5.644052,37.616209],[-5.644223,37.616074],[-5.644052,37.616074],[-5.643881,37.616074],[-5.643711,37.616209],[-5.643711,37.616344],[-5.643711,37.616479],[-5.64354,37.616615],[-5.64354,37.61675],[-5.643711,37.61675],[-5.643711,37.616885],[-5.643711,37.61702],[-5.643881,37.61702],[-5.643881,37.617155],[-5.644052,37.617291],[-5.643881,37.617426],[-5.644052,37.617426],[-5.644052,37.617561],[-5.644052,37.617696],[-5.644223,37.617696],[-5.644223,37.617831],[-5.644052,37.617831],[-5.644052,37.617967],[-5.644052,37.618102],[-5.644052,37.618237],[-5.643881,37.618237],[-5.643881,37.618372],[-5.644052,37.618507],[-5.644223,37.618507],[-5.644223,37.618643],[-5.644393,37.618778],[-5.644393,37.618913],[-5.644564,37.618913],[-5.644564,37.619048],[-5.644735,37.619048],[-5.644735,37.619183],[-5.644735,37.619319],[-5.644735,37.619454],[-5.644735,37.619589],[-5.644564,37.619589],[-5.644564,37.619319],[-5.644564,37.619183],[-5.644393,37.619048],[-5.644223,37.619048],[-5.644223,37.618913],[-5.644223,37.618778],[-5.643881,37.618507],[-5.643711,37.618372],[-5.643711,37.618237],[-5.643711,37.618102],[-5.643711,37.617967],[-5.64354,37.617967],[-5.64354,37.617831],[-5.643369,37.617696],[-5.64354,37.617696],[-5.643369,37.617561],[-5.643369,37.617426],[-5.643369,37.617291],[-5.643369,37.617155],[-5.643369,37.61702],[-5.643199,37.61702],[-5.643199,37.616885],[-5.643199,37.61675],[-5.643028,37.616615],[-5.643028,37.616479],[-5.643028,37.616344],[-5.643028,37.616209],[-5.642857,37.616209],[-5.642857,37.616074],[-5.642687,37.616074],[-5.642516,37.616074],[-5.642345,37.616074],[-5.642175,37.616074],[-5.642175,37.615939],[-5.642004,37.615803],[-5.642004,37.615939],[-5.641833,37.616074],[-5.641663,37.615939],[-5.641492,37.615939],[-5.641321,37.615939],[-5.64098,37.615803],[-5.640809,37.615803],[-5.640638,37.615803],[-5.640468,37.615803],[-5.640468,37.615668],[-5.640297,37.615668],[-5.640126,37.615668],[-5.639956,37.615668],[-5.639785,37.615533],[-5.639785,37.615668],[-5.639614,37.615533],[-5.639444,37.615533],[-5.639273,37.615533],[-5.639102,37.615398],[-5.638932,37.615398],[-5.638761,37.615398],[-5.63859,37.615398],[-5.63842,37.615263],[-5.638249,37.615263],[-5.638078,37.615263],[-5.637908,37.615263],[-5.637737,37.615263],[-5.637737,37.615127],[-5.637566,37.615127],[-5.637566,37.615263],[-5.637396,37.615263],[-5.637225,37.615127],[-5.637054,37.615127],[-5.636883,37.614992],[-5.636713,37.614992],[-5.636713,37.615127],[-5.636542,37.614992],[-5.636542,37.614857],[-5.636371,37.614857],[-5.636201,37.614992],[-5.63603,37.614992],[-5.635859,37.615127],[-5.635689,37.615263],[-5.635347,37.615263],[-5.635006,37.615533],[-5.634835,37.615533],[-5.634665,37.615668],[-5.634494,37.615668],[-5.634323,37.615803],[-5.633982,37.615939],[-5.633982,37.616074],[-5.633982,37.616209],[-5.633982,37.616344],[-5.633811,37.616344],[-5.633299,37.616344],[-5.633129,37.616344],[-5.632958,37.616344],[-5.632787,37.616344],[-5.632446,37.616344],[-5.632275,37.616344],[-5.632104,37.616344],[-5.631934,37.616479],[-5.631763,37.616479],[-5.631422,37.616615],[-5.631251,37.616615],[-5.63108,37.61675],[-5.63091,37.616885],[-5.630739,37.61702],[-5.630568,37.617155],[-5.630398,37.617155],[-5.630398,37.617291],[-5.630227,37.617291],[-5.630227,37.617426],[-5.630056,37.617426],[-5.630056,37.617291],[-5.630056,37.617155],[-5.629886,37.617155],[-5.629715,37.617155],[-5.629544,37.617155],[-5.629374,37.617155],[-5.628862,37.617155],[-5.628862,37.617291],[-5.628691,37.617291],[-5.62852,37.617291],[-5.628349,37.617291],[-5.628179,37.617291],[-5.628179,37.617426],[-5.628008,37.617426],[-5.627837,37.617426],[-5.627667,37.617426],[-5.627667,37.617561],[-5.626984,37.617561],[-5.626813,37.617561],[-5.626643,37.617426],[-5.626301,37.617426],[-5.626301,37.617561],[-5.626131,37.617561],[-5.626131,37.617696],[-5.62596,37.617831],[-5.625789,37.618102],[-5.625619,37.618102],[-5.625277,37.617967],[-5.624936,37.618102],[-5.624765,37.618102],[-5.624595,37.617831],[-5.624082,37.617831],[-5.623912,37.617831],[-5.62357,37.617967],[-5.623229,37.617831],[-5.623058,37.617831],[-5.622888,37.617831],[-5.622717,37.617831],[-5.622546,37.617831],[-5.622376,37.617831],[-5.622376,37.617967],[-5.622205,37.617967],[-5.622034,37.617967],[-5.621693,37.617967],[-5.621522,37.617967],[-5.621352,37.617967],[-5.621181,37.617967],[-5.62101,37.617967],[-5.620669,37.618102],[-5.620498,37.618102],[-5.620157,37.618372],[-5.619474,37.618237],[-5.619133,37.618102],[-5.618962,37.618102],[-5.618621,37.618102],[-5.618279,37.618102],[-5.617938,37.618102],[-5.617767,37.618237],[-5.617767,37.618643],[-5.617597,37.618643],[-5.617426,37.618643],[-5.617255,37.618778],[-5.617085,37.618778],[-5.616914,37.618778],[-5.616061,37.618913],[-5.61589,37.618913],[-5.615719,37.618778],[-5.615549,37.618913],[-5.615378,37.618913],[-5.615207,37.619048],[-5.615036,37.618913],[-5.614866,37.618913],[-5.614695,37.618913],[-5.614695,37.619048],[-5.614524,37.619048],[-5.614354,37.619048],[-5.614183,37.619048],[-5.614012,37.619048],[-5.613842,37.619048],[-5.61333,37.619183],[-5.613671,37.619183],[-5.613842,37.619319],[-5.614012,37.619319],[-5.614183,37.619454],[-5.614354,37.619454],[-5.614354,37.619589],[-5.614354,37.619724],[-5.614354,37.619859],[-5.614183,37.619724],[-5.614012,37.619589],[-5.613842,37.619589],[-5.613671,37.619589],[-5.6135,37.619454],[-5.61333,37.619589],[-5.613159,37.619454],[-5.612988,37.619454],[-5.612818,37.619454],[-5.612818,37.619319],[-5.612306,37.619454],[-5.612135,37.619454],[-5.611964,37.619454],[-5.611794,37.619589],[-5.611623,37.619589],[-5.611623,37.619724],[-5.611452,37.619724],[-5.611282,37.619724],[-5.611282,37.619859],[-5.611111,37.619859],[-5.61094,37.619859],[-5.61094,37.619995],[-5.610769,37.619995],[-5.610599,37.619995],[-5.610599,37.62013],[-5.610257,37.62013],[-5.610087,37.620265],[-5.610087,37.6204],[-5.609916,37.6204],[-5.609916,37.620265],[-5.609745,37.6204],[-5.609745,37.620535],[-5.609575,37.620535],[-5.609404,37.620535],[-5.609233,37.62067],[-5.609063,37.62067],[-5.608892,37.62067],[-5.608892,37.620806],[-5.608721,37.620806],[-5.608551,37.620941],[-5.60838,37.620941],[-5.608209,37.621076],[-5.608039,37.621076],[-5.607868,37.621076],[-5.607527,37.621076],[-5.607185,37.621211],[-5.606844,37.621482],[-5.606673,37.621617],[-5.606502,37.621752],[-5.606332,37.621752],[-5.606161,37.621887],[-5.60599,37.622022],[-5.60582,37.622022],[-5.605649,37.622158],[-5.605478,37.622158],[-5.605308,37.622158],[-5.605308,37.622293],[-5.604796,37.622293],[-5.604625,37.622428],[-5.604454,37.622428],[-5.604113,37.622563],[-5.603942,37.622563],[-5.603772,37.622698],[-5.603601,37.622834],[-5.603601,37.622969],[-5.603772,37.622969],[-5.603772,37.623104],[-5.603601,37.623239],[-5.60343,37.623239],[-5.60326,37.623239],[-5.60343,37.623374],[-5.60326,37.623374],[-5.60326,37.623509],[-5.603089,37.623509],[-5.603089,37.623645],[-5.603089,37.62378],[-5.60326,37.623915],[-5.60343,37.62405],[-5.60326,37.62405],[-5.603089,37.623915],[-5.602918,37.623915],[-5.602918,37.62405],[-5.602748,37.62405],[-5.602577,37.62378],[-5.602577,37.623645],[-5.602406,37.623645],[-5.602235,37.623645],[-5.602065,37.623645],[-5.601894,37.623645],[-5.601723,37.623645],[-5.601723,37.62378],[-5.601553,37.62378],[-5.601382,37.62378],[-5.601211,37.623915],[-5.601041,37.623915],[-5.60087,37.623915],[-5.60087,37.62405],[-5.600699,37.62405],[-5.600529,37.624185],[-5.600358,37.624185],[-5.600187,37.624185],[-5.600187,37.624321],[-5.600017,37.624321],[-5.599846,37.624321],[-5.599846,37.624456],[-5.599675,37.624456],[-5.599505,37.624591],[-5.599334,37.624591],[-5.599334,37.624726],[-5.599163,37.624726],[-5.598993,37.624861],[-5.598822,37.624861],[-5.598822,37.624996],[-5.598651,37.625132],[-5.598481,37.625132],[-5.598481,37.625267],[-5.597968,37.625537],[-5.597798,37.625672],[-5.597627,37.625808],[-5.597627,37.625943],[-5.597456,37.625808],[-5.597286,37.625808],[-5.597286,37.625943],[-5.597115,37.626213],[-5.596944,37.626213],[-5.596774,37.626348],[-5.596774,37.626483],[-5.596603,37.626483],[-5.596262,37.626619],[-5.596262,37.626754],[-5.596091,37.626754],[-5.59575,37.627024],[-5.595579,37.627024],[-5.595408,37.627159],[-5.595238,37.627159],[-5.594896,37.627295],[-5.594726,37.627295],[-5.594555,37.627295],[-5.594384,37.62743],[-5.594214,37.62743],[-5.594043,37.627565],[-5.593701,37.627835],[-5.593531,37.627835],[-5.59336,37.62797],[-5.593019,37.628106],[-5.592677,37.628376],[-5.592507,37.628646],[-5.592165,37.628781],[-5.591995,37.628781],[-5.591824,37.628917],[-5.591483,37.629052],[-5.591312,37.629187],[-5.591141,37.629187],[-5.590971,37.629322],[-5.590971,37.629457],[-5.590629,37.629593],[-5.590288,37.629728],[-5.590117,37.629863],[-5.589947,37.629863],[-5.589947,37.629998],[-5.589776,37.629998],[-5.589605,37.629998],[-5.589434,37.629998],[-5.589434,37.630133],[-5.589434,37.630268],[-5.589264,37.630133],[-5.589093,37.629998],[-5.588922,37.629998],[-5.588922,37.630133],[-5.588752,37.630133],[-5.588752,37.629998],[-5.588581,37.630133],[-5.58841,37.630133],[-5.588069,37.630133],[-5.587728,37.630133],[-5.587557,37.630133],[-5.586874,37.630133],[-5.586704,37.630133],[-5.586533,37.630133],[-5.586021,37.630268],[-5.58585,37.630268],[-5.58568,37.630268],[-5.585509,37.630404],[-5.585338,37.630404],[-5.584997,37.630539],[-5.584485,37.630539],[-5.584314,37.630539],[-5.584314,37.630674],[-5.584143,37.630674],[-5.583973,37.630674],[-5.583802,37.630674],[-5.583631,37.630809],[-5.583461,37.630809],[-5.583461,37.630674],[-5.583631,37.630674],[-5.583631,37.630539],[-5.584143,37.630268],[-5.584143,37.630133],[-5.583973,37.630133],[-5.583973,37.630268],[-5.583631,37.630404],[-5.583461,37.630539],[-5.58329,37.630539],[-5.583119,37.630809],[-5.582949,37.630809],[-5.582778,37.630944],[-5.582607,37.631079],[-5.582437,37.631215],[-5.582095,37.63135],[-5.581754,37.631485],[-5.581754,37.63162],[-5.581583,37.63162],[-5.581242,37.631755],[-5.581071,37.631755],[-5.581071,37.63189],[-5.5809,37.63189],[-5.5809,37.632026],[-5.58073,37.632026],[-5.58073,37.63189],[-5.580559,37.632026],[-5.58073,37.632026],[-5.580559,37.632161],[-5.580388,37.632161],[-5.580388,37.632296],[-5.580218,37.632296],[-5.580047,37.632431],[-5.579876,37.632566],[-5.579706,37.632566],[-5.579706,37.632701],[-5.579535,37.632566],[-5.579364,37.632701],[-5.579194,37.632701],[-5.579194,37.632837],[-5.578852,37.632972],[-5.578852,37.633107],[-5.578682,37.633107],[-5.578682,37.632972],[-5.578511,37.633242],[-5.57834,37.633242],[-5.57817,37.633377],[-5.577999,37.633377],[-5.577828,37.633377],[-5.577658,37.633512],[-5.577487,37.633648],[-5.577316,37.633783],[-5.577146,37.633783],[-5.576975,37.633783],[-5.576975,37.633918],[-5.576633,37.633918],[-5.576463,37.634053],[-5.576292,37.634053],[-5.576121,37.634188],[-5.575951,37.634188],[-5.57578,37.634323],[-5.575609,37.634323],[-5.575439,37.634459],[-5.575268,37.634459],[-5.575097,37.634594],[-5.574927,37.634594],[-5.574756,37.634729],[-5.574585,37.634864],[-5.574415,37.634864],[-5.574244,37.634864],[-5.574073,37.634999],[-5.573903,37.635134],[-5.573561,37.635134],[-5.573561,37.63527],[-5.573391,37.635405],[-5.573049,37.635405],[-5.573049,37.63554],[-5.572879,37.63554],[-5.572708,37.63554],[-5.572537,37.63554],[-5.572537,37.635675],[-5.572366,37.635675],[-5.572025,37.635675],[-5.571854,37.63581],[-5.571684,37.635945],[-5.571342,37.635945],[-5.571172,37.635945],[-5.571001,37.635945],[-5.571001,37.636081],[-5.57083,37.636081],[-5.57066,37.635945],[-5.570318,37.636081],[-5.570318,37.636351],[-5.570148,37.636486],[-5.569977,37.636486],[-5.569977,37.636351],[-5.569977,37.636216],[-5.569977,37.636081],[-5.569636,37.635945],[-5.569294,37.63581],[-5.568953,37.63581],[-5.56827,37.636216],[-5.567758,37.636216],[-5.567587,37.636216],[-5.567246,37.636081],[-5.567075,37.635945],[-5.566905,37.636081],[-5.566734,37.636216],[-5.566563,37.636216],[-5.566393,37.636216],[-5.566222,37.636216],[-5.566222,37.636351],[-5.566051,37.636351],[-5.565881,37.636351],[-5.56571,37.636216],[-5.565539,37.636216],[-5.565539,37.636351],[-5.565539,37.636486],[-5.565369,37.636486],[-5.565027,37.636486],[-5.564857,37.636621],[-5.564515,37.636756],[-5.564174,37.637027],[-5.563832,37.637432],[-5.563662,37.637973],[-5.563662,37.638108],[-5.563662,37.638243],[-5.563491,37.638378],[-5.56332,37.638243],[-5.562808,37.638243],[-5.562808,37.638378],[-5.562808,37.638513],[-5.562638,37.638513],[-5.562467,37.638513],[-5.562296,37.638378],[-5.562126,37.638378],[-5.561955,37.638378],[-5.561955,37.638513],[-5.561784,37.638513],[-5.561614,37.638649],[-5.561443,37.638649],[-5.561443,37.638784],[-5.561614,37.638784],[-5.561614,37.639054],[-5.561614,37.639189],[-5.561443,37.639054],[-5.561443,37.638919],[-5.561272,37.639054],[-5.560931,37.639054],[-5.56059,37.639189],[-5.560078,37.639054],[-5.559736,37.639324],[-5.559395,37.639595],[-5.559053,37.639595],[-5.558712,37.63973],[-5.558712,37.63946],[-5.5582,37.638919],[-5.557859,37.639054],[-5.557688,37.639054],[-5.557517,37.638919],[-5.557347,37.638919],[-5.557176,37.638784],[-5.557176,37.638649],[-5.557005,37.638649],[-5.557005,37.638513],[-5.557005,37.638378],[-5.557005,37.638243],[-5.557005,37.638108],[-5.556835,37.638108],[-5.556835,37.637973],[-5.556664,37.637973],[-5.556664,37.637703],[-5.556493,37.637567],[-5.556323,37.637567],[-5.556152,37.637567],[-5.556152,37.637838],[-5.555981,37.637973],[-5.555811,37.638108],[-5.555811,37.638243],[-5.55564,37.638243],[-5.55564,37.638378],[-5.55564,37.638513],[-5.555469,37.638513],[-5.555469,37.638649],[-5.555128,37.638919],[-5.554957,37.639189],[-5.555128,37.63946],[-5.555128,37.639595],[-5.555128,37.63973],[-5.555128,37.639865],[-5.555128,37.64],[-5.555128,37.640135],[-5.554957,37.640135],[-5.555128,37.640271],[-5.555128,37.640406],[-5.555298,37.640406],[-5.555469,37.640541],[-5.55564,37.640676],[-5.555469,37.640676],[-5.55564,37.640811],[-5.555811,37.640811],[-5.556152,37.640676],[-5.556323,37.640541],[-5.556493,37.640541],[-5.556664,37.640541],[-5.556835,37.640541],[-5.557005,37.640676],[-5.557005,37.640946],[-5.557176,37.641081],[-5.557176,37.641217],[-5.557176,37.641352],[-5.557176,37.641622],[-5.557347,37.641757],[-5.557347,37.641892],[-5.557517,37.641892],[-5.557517,37.642027],[-5.557517,37.642163],[-5.557688,37.642163],[-5.557859,37.642027],[-5.5582,37.641892],[-5.5582,37.642027],[-5.558029,37.642027],[-5.558029,37.642163],[-5.557688,37.642298],[-5.557688,37.642433],[-5.557517,37.642433],[-5.557517,37.642298],[-5.557347,37.642163],[-5.557176,37.642163],[-5.557176,37.642298],[-5.556835,37.642433],[-5.556664,37.642433],[-5.556664,37.642568],[-5.556493,37.642568],[-5.556323,37.642568],[-5.556152,37.642703],[-5.555981,37.642703],[-5.555811,37.642838],[-5.55564,37.642974],[-5.555298,37.643109],[-5.555298,37.643244],[-5.555128,37.643244],[-5.555128,37.643379],[-5.554957,37.643379],[-5.554786,37.643649],[-5.554445,37.643649],[-5.554445,37.643784],[-5.554274,37.643784],[-5.554104,37.64392],[-5.553933,37.644055],[-5.553762,37.644325],[-5.553592,37.644325],[-5.553421,37.644325],[-5.553421,37.64446],[-5.55325,37.644595],[-5.55308,37.644595],[-5.552909,37.644595],[-5.552738,37.644595],[-5.552568,37.64473],[-5.552056,37.64473],[-5.551885,37.644595],[-5.551032,37.64473],[-5.550861,37.644866],[-5.55069,37.644866],[-5.550349,37.645136],[-5.550007,37.645001],[-5.549495,37.645136],[-5.549325,37.645271],[-5.549154,37.645271],[-5.548983,37.645271],[-5.548642,37.645541],[-5.54813,37.645676],[-5.54813,37.645812],[-5.547959,37.645812],[-5.547959,37.645947],[-5.547789,37.645947],[-5.547618,37.646082],[-5.547447,37.646082],[-5.547106,37.646217],[-5.546935,37.646352],[-5.546765,37.646352],[-5.546423,37.646487],[-5.546252,37.646487],[-5.546252,37.646623],[-5.546082,37.646623],[-5.545911,37.646623],[-5.54574,37.646623],[-5.54574,37.646758],[-5.54574,37.646893],[-5.54557,37.646893],[-5.54557,37.647028],[-5.545399,37.647028],[-5.545399,37.647163],[-5.545399,37.647298],[-5.545228,37.647298],[-5.545228,37.647433],[-5.545058,37.647433],[-5.545058,37.647569],[-5.545058,37.647704],[-5.544887,37.647704],[-5.544887,37.647839],[-5.544716,37.647839],[-5.544716,37.647974],[-5.544716,37.648109],[-5.544546,37.648109],[-5.544546,37.648244],[-5.544375,37.648244],[-5.544375,37.648379],[-5.544204,37.648514],[-5.544034,37.64865],[-5.544034,37.648785],[-5.543863,37.648785],[-5.543863,37.64892],[-5.543692,37.64892],[-5.543522,37.64919],[-5.543351,37.64919],[-5.54318,37.64919],[-5.54318,37.649325],[-5.54301,37.649325],[-5.54301,37.64946],[-5.542839,37.64946],[-5.542839,37.649596],[-5.542668,37.649731],[-5.542668,37.649866],[-5.542498,37.650001],[-5.542327,37.650001],[-5.542327,37.650136],[-5.542156,37.650136],[-5.542156,37.650271],[-5.541985,37.650406],[-5.541815,37.650406],[-5.541473,37.650677],[-5.541473,37.650812],[-5.541303,37.650812],[-5.541132,37.650947],[-5.540961,37.651082],[-5.540791,37.651217],[-5.54062,37.651352],[-5.54062,37.651488],[-5.54062,37.651623],[-5.540791,37.651623],[-5.540961,37.651488],[-5.541132,37.651488],[-5.541303,37.651488],[-5.541473,37.651488],[-5.541473,37.651623],[-5.541644,37.651623],[-5.541644,37.651758],[-5.541815,37.651758],[-5.541815,37.651893],[-5.541985,37.651893],[-5.542156,37.651893],[-5.542156,37.652028],[-5.542156,37.652163],[-5.542156,37.652298],[-5.542327,37.652433],[-5.542498,37.652704],[-5.542668,37.652704],[-5.542839,37.652839],[-5.54301,37.652974],[-5.54301,37.653109],[-5.54318,37.653244],[-5.543351,37.653244],[-5.543351,37.653379],[-5.543522,37.653514],[-5.54318,37.653514],[-5.54301,37.653514],[-5.54301,37.653379],[-5.54318,37.653379],[-5.54301,37.653244],[-5.54301,37.653379],[-5.542839,37.653379],[-5.542668,37.653514],[-5.542327,37.65365],[-5.541985,37.653514],[-5.541644,37.653379],[-5.541473,37.653379],[-5.541473,37.653244],[-5.541473,37.653109],[-5.541303,37.653109],[-5.541303,37.652974],[-5.541132,37.652839],[-5.540961,37.652839],[-5.540961,37.652974],[-5.540791,37.652974],[-5.54062,37.653109],[-5.540449,37.652974],[-5.540279,37.652974],[-5.540108,37.652974],[-5.540108,37.653109],[-5.539937,37.653379],[-5.539767,37.653514],[-5.539767,37.653785],[-5.539937,37.65392],[-5.539767,37.65392],[-5.539596,37.654055],[-5.539084,37.654055],[-5.538913,37.654055],[-5.538913,37.65392],[-5.538743,37.65392],[-5.538743,37.654055],[-5.534817,37.653514],[-5.534988,37.653379],[-5.534988,37.653244],[-5.535329,37.653244],[-5.53567,37.653244],[-5.535841,37.653109],[-5.536012,37.652974],[-5.536012,37.652839],[-5.536012,37.652704],[-5.535841,37.652704],[-5.535329,37.652839],[-5.535158,37.652839],[-5.534988,37.652839],[-5.534646,37.652974],[-5.534476,37.652974],[-5.534476,37.653109],[-5.534305,37.653109],[-5.534305,37.653244],[-5.534134,37.653379],[-5.534134,37.653244],[-5.534134,37.653109],[-5.533964,37.653379],[-5.533793,37.653379],[-5.533622,37.653244],[-5.533622,37.653379],[-5.533793,37.653514],[-5.533793,37.65365],[-5.533622,37.653514],[-5.533281,37.653379],[-5.532939,37.653379],[-5.532769,37.653379],[-5.532427,37.653379],[-5.532769,37.653244],[-5.532598,37.653244],[-5.532427,37.653244],[-5.532257,37.653244],[-5.532086,37.653244],[-5.531745,37.653244],[-5.531745,37.653379],[-5.531574,37.653244],[-5.531574,37.653109],[-5.531233,37.653109],[-5.531233,37.653244],[-5.531062,37.653109],[-5.530891,37.653109],[-5.53055,37.653109],[-5.53055,37.652974],[-5.530379,37.652974],[-5.530209,37.652974],[-5.530038,37.652839],[-5.529867,37.652839],[-5.529697,37.652704],[-5.529697,37.653109],[-5.529526,37.653109],[-5.529526,37.652839],[-5.529184,37.652839],[-5.529014,37.652704],[-5.528843,37.652839],[-5.528843,37.652704],[-5.528843,37.652569],[-5.528672,37.652569],[-5.528502,37.652569],[-5.528331,37.652433],[-5.528502,37.652433],[-5.528331,37.652298],[-5.52816,37.652298],[-5.52799,37.652298],[-5.52799,37.652433],[-5.527819,37.652433],[-5.527819,37.652704],[-5.527648,37.652704],[-5.527648,37.652569],[-5.527478,37.652569],[-5.527136,37.652569],[-5.526795,37.652569],[-5.526795,37.652704],[-5.526795,37.652839],[-5.526624,37.652704],[-5.526454,37.652704],[-5.526454,37.652839],[-5.526454,37.652974],[-5.526283,37.652974],[-5.526283,37.652839],[-5.526112,37.652839],[-5.526112,37.652974],[-5.526283,37.652974],[-5.526283,37.653109],[-5.526454,37.653109],[-5.526454,37.652974],[-5.526624,37.652974],[-5.526624,37.653109],[-5.526795,37.653379],[-5.526795,37.653514],[-5.526795,37.65365],[-5.526624,37.653514],[-5.526283,37.653514],[-5.526283,37.65365],[-5.526283,37.653785],[-5.526112,37.65365],[-5.526112,37.653514],[-5.525942,37.65365],[-5.526112,37.65365],[-5.525942,37.653785],[-5.526112,37.653785],[-5.526283,37.653785],[-5.526283,37.65392],[-5.526283,37.654055],[-5.526283,37.65419],[-5.526283,37.654325],[-5.526283,37.65446],[-5.526112,37.65446],[-5.526112,37.654325],[-5.525942,37.654325],[-5.525942,37.65419],[-5.526112,37.65419],[-5.526112,37.654055],[-5.525771,37.654055],[-5.525771,37.65392],[-5.525771,37.65365],[-5.5256,37.65365],[-5.5256,37.653514],[-5.5256,37.653379],[-5.5256,37.653244],[-5.52543,37.653244],[-5.52543,37.653109],[-5.525259,37.653109],[-5.525259,37.653379],[-5.525088,37.653244],[-5.524747,37.653244],[-5.524747,37.653379],[-5.524576,37.653379],[-5.524405,37.65365],[-5.524405,37.653785],[-5.524405,37.65392],[-5.524405,37.654055],[-5.524576,37.654055],[-5.524576,37.65419],[-5.524747,37.65446],[-5.524747,37.654866],[-5.524576,37.655001],[-5.524405,37.655136],[-5.524235,37.655271],[-5.524235,37.655406],[-5.524235,37.655541],[-5.524064,37.655541],[-5.523893,37.655677],[-5.523381,37.655812],[-5.523552,37.655947],[-5.523552,37.656082],[-5.523381,37.656082],[-5.523552,37.656217],[-5.523381,37.656217],[-5.523552,37.656352],[-5.523552,37.656622],[-5.523381,37.656622],[-5.523381,37.656758],[-5.523211,37.656622],[-5.52304,37.656758],[-5.52304,37.656893],[-5.522869,37.656893],[-5.522869,37.656758],[-5.522699,37.656893],[-5.522869,37.657028],[-5.52304,37.657028],[-5.523211,37.656893],[-5.523381,37.656893],[-5.523211,37.657028],[-5.522869,37.657163],[-5.52304,37.657298],[-5.522869,37.657298],[-5.522699,37.657298],[-5.522528,37.657298],[-5.522357,37.657298],[-5.522357,37.657433],[-5.522187,37.657433],[-5.522016,37.657568],[-5.522016,37.657703],[-5.522187,37.657703],[-5.522357,37.657703],[-5.522187,37.657839],[-5.522187,37.657974],[-5.522016,37.657839],[-5.521845,37.657703],[-5.521845,37.657839],[-5.521675,37.657839],[-5.521675,37.657974],[-5.521504,37.657974],[-5.521504,37.657839],[-5.521333,37.657974],[-5.521163,37.657974],[-5.521163,37.658109],[-5.520992,37.658244],[-5.520821,37.658379],[-5.52065,37.658379],[-5.520309,37.658514],[-5.52048,37.658514],[-5.520309,37.658649],[-5.520138,37.658649],[-5.520138,37.658514],[-5.519968,37.658514],[-5.519797,37.658514],[-5.519626,37.658649],[-5.519626,37.658514],[-5.519456,37.658514],[-5.519626,37.658649],[-5.519456,37.658649],[-5.519285,37.658649],[-5.519114,37.658649],[-5.518944,37.658649],[-5.518773,37.658514],[-5.518602,37.658514],[-5.518432,37.658514],[-5.518432,37.658379],[-5.518261,37.658379],[-5.517749,37.658379],[-5.517749,37.658514],[-5.517578,37.658379],[-5.517408,37.658514],[-5.517237,37.658514],[-5.517237,37.658649],[-5.517408,37.658649],[-5.517408,37.658784],[-5.517408,37.65892],[-5.517578,37.65892],[-5.517408,37.659055],[-5.517237,37.659055],[-5.517066,37.65919],[-5.516896,37.65919],[-5.516213,37.65919],[-5.516042,37.65919],[-5.515871,37.65919],[-5.515359,37.659055],[-5.514847,37.65892],[-5.514506,37.658784],[-5.514335,37.658379],[-5.514165,37.658379],[-5.514165,37.658244],[-5.514165,37.658109],[-5.513994,37.658109],[-5.513823,37.658109],[-5.513653,37.658109],[-5.513653,37.658379],[-5.513482,37.658379],[-5.513141,37.658514],[-5.51297,37.658649],[-5.512629,37.658649],[-5.512287,37.658649],[-5.512116,37.658514],[-5.511946,37.658514],[-5.511775,37.658514],[-5.511775,37.658649],[-5.511604,37.658784],[-5.511434,37.658784],[-5.511434,37.65892],[-5.511263,37.65892],[-5.511092,37.65892],[-5.510922,37.65892],[-5.510922,37.658649],[-5.510751,37.658514],[-5.51058,37.658379],[-5.51058,37.658244],[-5.505631,37.650001],[-5.505631,37.649866],[-5.505801,37.649731],[-5.505801,37.649596],[-5.505801,37.64946],[-5.505801,37.649325],[-5.505972,37.64919],[-5.505972,37.649055],[-5.506143,37.64892],[-5.506143,37.648785],[-5.506313,37.64865],[-5.506484,37.648514],[-5.506484,37.648379],[-5.506655,37.648379],[-5.506825,37.648109],[-5.506996,37.647974],[-5.507167,37.647839],[-5.507167,37.647704],[-5.506996,37.647569],[-5.507167,37.647433],[-5.506996,37.647298],[-5.506996,37.647163],[-5.506996,37.646623],[-5.506996,37.646487],[-5.507167,37.646487],[-5.507337,37.646352],[-5.507849,37.646352],[-5.50802,37.646352],[-5.508191,37.646217],[-5.508703,37.645947],[-5.508874,37.645947],[-5.509044,37.645947],[-5.509215,37.645812],[-5.509386,37.645812],[-5.509556,37.645676],[-5.509727,37.645676],[-5.509898,37.645541],[-5.510068,37.645541],[-5.510239,37.645406],[-5.51041,37.645406],[-5.51041,37.645271],[-5.510239,37.645271],[-5.510239,37.645406],[-5.510068,37.645406],[-5.509898,37.645406],[-5.509727,37.645541],[-5.509556,37.645541],[-5.509386,37.645676],[-5.509215,37.645676],[-5.509044,37.645812],[-5.508874,37.645812],[-5.508532,37.645947],[-5.508362,37.645947],[-5.508362,37.646082],[-5.508191,37.646082],[-5.50802,37.646082],[-5.507849,37.646217],[-5.507508,37.646217],[-5.507337,37.646217],[-5.507167,37.646217],[-5.506996,37.646082],[-5.506996,37.645947],[-5.506996,37.645812],[-5.506825,37.645812],[-5.506825,37.645676],[-5.506655,37.645676],[-5.506655,37.645541],[-5.506484,37.645541],[-5.506313,37.645541],[-5.506143,37.645406],[-5.505972,37.645406],[-5.505801,37.645406],[-5.505631,37.645406],[-5.50546,37.645271],[-5.505289,37.645271],[-5.505289,37.645136],[-5.504948,37.645001],[-5.504607,37.64473],[-5.504436,37.644595],[-5.504095,37.644595],[-5.503924,37.64446],[-5.503582,37.64446],[-5.503412,37.644325],[-5.503241,37.644325],[-5.50307,37.644325],[-5.5029,37.644325],[-5.5029,37.64419],[-5.502729,37.64419],[-5.502729,37.644055],[-5.502558,37.64392],[-5.502558,37.643784],[-5.502388,37.643649],[-5.502388,37.643514],[-5.502388,37.643379],[-5.502388,37.643109],[-5.502388,37.642974],[-5.502558,37.642838],[-5.502388,37.642838],[-5.502558,37.642703],[-5.502729,37.642568],[-5.502729,37.642433],[-5.5029,37.642298],[-5.5029,37.642163],[-5.50307,37.642163],[-5.50307,37.642027],[-5.503241,37.641892],[-5.503241,37.641757],[-5.503412,37.641622],[-5.503412,37.641487],[-5.503582,37.641487],[-5.503582,37.641352],[-5.503582,37.641217],[-5.503753,37.641217],[-5.503924,37.641081],[-5.503924,37.640946],[-5.503924,37.640676],[-5.503924,37.640541],[-5.503753,37.640541],[-5.503582,37.640406],[-5.503412,37.640406],[-5.503412,37.640271],[-5.503241,37.640271],[-5.50307,37.640135],[-5.50307,37.64],[-5.503412,37.63973],[-5.503582,37.63973],[-5.503753,37.63946],[-5.503924,37.639324],[-5.503924,37.639054],[-5.503924,37.638919],[-5.504095,37.638784],[-5.504095,37.638649],[-5.504095,37.638513],[-5.504095,37.638378],[-5.504265,37.638108],[-5.504265,37.637838],[-5.504436,37.637703],[-5.504436,37.637567],[-5.504607,37.637297],[-5.504607,37.637162],[-5.504777,37.637027],[-5.504948,37.636892],[-5.505119,37.636756],[-5.505289,37.636621],[-5.505801,37.636351],[-5.505972,37.636216],[-5.506143,37.636216],[-5.506313,37.636081],[-5.506655,37.635945],[-5.506825,37.63581],[-5.506996,37.635675],[-5.507167,37.63554],[-5.506825,37.635134],[-5.506655,37.635134],[-5.506655,37.63527],[-5.506484,37.63527],[-5.506313,37.635405],[-5.505631,37.63581],[-5.50546,37.635945],[-5.505289,37.635945],[-5.505119,37.63581],[-5.505119,37.63554],[-5.505119,37.63527],[-5.505289,37.635134],[-5.505289,37.634999],[-5.505289,37.634864],[-5.50546,37.634729],[-5.505119,37.634594],[-5.505119,37.634459],[-5.505289,37.634323],[-5.50546,37.633783],[-5.505631,37.633648],[-5.505631,37.633512],[-5.505631,37.633377],[-5.50546,37.633377],[-5.50546,37.633242],[-5.50546,37.633107],[-5.505119,37.633107],[-5.504948,37.633242],[-5.504777,37.633242],[-5.504948,37.633107],[-5.504948,37.632972],[-5.505119,37.632972],[-5.505208,37.632901],[-5.505289,37.632972],[-5.505289,37.632837],[-5.505208,37.632901],[-5.505119,37.632837],[-5.505119,37.632701],[-5.504948,37.632701],[-5.504777,37.632566],[-5.504607,37.632431],[-5.504607,37.632161],[-5.504436,37.632161],[-5.504265,37.632161],[-5.504095,37.632026],[-5.503924,37.63189],[-5.504095,37.631755],[-5.504265,37.631755],[-5.504607,37.63189],[-5.504777,37.632026],[-5.504948,37.632026],[-5.505119,37.63189],[-5.505119,37.631755],[-5.504948,37.63162],[-5.504777,37.63162],[-5.504777,37.631485],[-5.504607,37.63135],[-5.504607,37.631215],[-5.504607,37.631079],[-5.504436,37.631079],[-5.504436,37.630944],[-5.504436,37.630809],[-5.504607,37.630809],[-5.504777,37.630944],[-5.504948,37.631079],[-5.505119,37.631079],[-5.505289,37.631215],[-5.505289,37.63135],[-5.505289,37.631485],[-5.50546,37.631485],[-5.50546,37.63162],[-5.50546,37.631755],[-5.50546,37.63189],[-5.505631,37.632026],[-5.505801,37.632026],[-5.505801,37.632161],[-5.505801,37.632431],[-5.505972,37.632431],[-5.506143,37.632566],[-5.505972,37.632566],[-5.505801,37.632701],[-5.505631,37.632566],[-5.505631,37.632701],[-5.50546,37.632701],[-5.50546,37.632837],[-5.505631,37.632837],[-5.505801,37.632837],[-5.505801,37.632701],[-5.505972,37.632701],[-5.506143,37.632566],[-5.506313,37.632566],[-5.506313,37.632701],[-5.506484,37.632701],[-5.506484,37.632837],[-5.506655,37.632972],[-5.506996,37.632972],[-5.506996,37.632837],[-5.507167,37.632837],[-5.507337,37.632837],[-5.507508,37.632837],[-5.507508,37.632972],[-5.507679,37.632972],[-5.507679,37.633107],[-5.508191,37.633377],[-5.508191,37.633512],[-5.508362,37.633512],[-5.508532,37.633648],[-5.508532,37.633783],[-5.508703,37.633783],[-5.508703,37.633918],[-5.508703,37.634053],[-5.508362,37.634188],[-5.508362,37.634323],[-5.508191,37.634323],[-5.50802,37.634459],[-5.507849,37.634459],[-5.507849,37.634594],[-5.507679,37.634594],[-5.507508,37.634729],[-5.507337,37.634864],[-5.507679,37.63527],[-5.50802,37.63527],[-5.50802,37.635134],[-5.508532,37.634864],[-5.508874,37.634729],[-5.509215,37.634459],[-5.509386,37.634459],[-5.509556,37.634594],[-5.509727,37.634864],[-5.509727,37.634999],[-5.509727,37.635134],[-5.509727,37.635405],[-5.509727,37.63554],[-5.509898,37.635675],[-5.509898,37.63581],[-5.510068,37.635945],[-5.510068,37.636081],[-5.510239,37.636081],[-5.510239,37.636216],[-5.51041,37.636621],[-5.51041,37.636756],[-5.51041,37.636892],[-5.51041,37.637162],[-5.51058,37.637432],[-5.51058,37.637838],[-5.51058,37.637973],[-5.51058,37.638243],[-5.51058,37.638378],[-5.510751,37.638378],[-5.510751,37.638513],[-5.51058,37.638513],[-5.51058,37.638649],[-5.51058,37.638784],[-5.51058,37.638919],[-5.51041,37.639054],[-5.510068,37.639324],[-5.509898,37.639595],[-5.509898,37.63973],[-5.509898,37.639865],[-5.509898,37.64],[-5.509898,37.640135],[-5.510068,37.640271],[-5.510239,37.640271],[-5.51041,37.640406],[-5.51058,37.640406],[-5.510751,37.640541],[-5.510922,37.640541],[-5.510922,37.640676],[-5.511092,37.640811],[-5.511092,37.640946],[-5.511263,37.641081],[-5.511604,37.641487],[-5.511604,37.641622],[-5.511604,37.641892],[-5.511775,37.642027],[-5.511946,37.642163],[-5.512116,37.642298],[-5.512287,37.642298],[-5.512629,37.642298],[-5.51297,37.642433],[-5.513311,37.642433],[-5.513653,37.642568],[-5.514165,37.642838],[-5.514506,37.643109],[-5.514677,37.643244],[-5.515018,37.643514],[-5.514847,37.643649],[-5.514677,37.643649],[-5.514506,37.643784],[-5.514335,37.643784],[-5.514165,37.64392],[-5.513994,37.64392],[-5.513823,37.644055],[-5.513653,37.644055],[-5.513311,37.64419],[-5.51297,37.644325],[-5.512799,37.64446],[-5.512629,37.64446],[-5.512458,37.64446],[-5.512458,37.644595],[-5.512116,37.644595],[-5.511946,37.64473],[-5.511775,37.64473],[-5.511775,37.644866],[-5.512116,37.64473],[-5.512287,37.64473],[-5.512458,37.644595],[-5.512629,37.644595],[-5.512799,37.64446],[-5.51297,37.64446],[-5.513141,37.644325],[-5.513311,37.644325],[-5.513482,37.64419],[-5.513653,37.64419],[-5.513823,37.64419],[-5.513823,37.644055],[-5.513994,37.644055],[-5.514165,37.644055],[-5.514335,37.64392],[-5.514506,37.643784],[-5.514677,37.643784],[-5.514847,37.643784],[-5.515018,37.643649],[-5.515189,37.643649],[-5.515359,37.643649],[-5.51553,37.643649],[-5.515701,37.643649],[-5.516213,37.643784],[-5.516383,37.64392],[-5.516554,37.64392],[-5.516554,37.643784],[-5.516725,37.643784],[-5.516725,37.643649],[-5.516896,37.643514],[-5.517237,37.643379],[-5.517408,37.643244],[-5.517408,37.643109],[-5.517749,37.642974],[-5.51809,37.642838],[-5.518261,37.642838],[-5.518432,37.642703],[-5.518602,37.642703],[-5.518773,37.642703],[-5.518773,37.642568],[-5.518944,37.642568],[-5.519114,37.642568],[-5.519114,37.642433],[-5.519285,37.642433],[-5.519456,37.642433],[-5.519626,37.642433],[-5.519626,37.642298],[-5.519968,37.642298],[-5.520138,37.642163],[-5.520309,37.642163],[-5.52048,37.642163],[-5.52065,37.642163],[-5.520821,37.642163],[-5.520992,37.642163],[-5.521163,37.642163],[-5.521333,37.642163],[-5.521504,37.642163],[-5.521675,37.642163],[-5.521845,37.642163],[-5.522016,37.642163],[-5.522187,37.642163],[-5.522357,37.642163],[-5.522528,37.642163],[-5.522869,37.642298],[-5.52304,37.642298],[-5.523211,37.642298],[-5.523381,37.642298],[-5.523381,37.642433],[-5.523552,37.642433],[-5.523723,37.642433],[-5.523893,37.642568],[-5.524064,37.642568],[-5.524235,37.642568],[-5.524747,37.642703],[-5.524917,37.642703],[-5.525088,37.642838],[-5.525259,37.642838],[-5.52543,37.642838],[-5.5256,37.642838],[-5.525771,37.642974],[-5.526112,37.642974],[-5.526283,37.642838],[-5.526283,37.642974],[-5.526283,37.643109],[-5.526454,37.643244],[-5.526624,37.643244],[-5.526795,37.643379],[-5.526966,37.643379],[-5.527307,37.643514],[-5.527478,37.643514],[-5.527648,37.643649],[-5.527819,37.643649],[-5.52799,37.643649],[-5.52799,37.643784],[-5.52816,37.643784],[-5.528331,37.643784],[-5.528502,37.643784],[-5.528843,37.643784],[-5.528843,37.64392],[-5.529014,37.644055],[-5.529184,37.64419],[-5.529355,37.64419],[-5.529526,37.644325],[-5.529697,37.644325],[-5.529697,37.64446],[-5.529867,37.64446],[-5.529867,37.644595],[-5.530038,37.644595],[-5.530209,37.644595],[-5.530209,37.64473],[-5.530379,37.64473],[-5.530379,37.644866],[-5.53055,37.644866],[-5.530721,37.645001],[-5.530891,37.645136],[-5.531062,37.645136],[-5.531233,37.645271],[-5.531403,37.645136],[-5.531574,37.645136],[-5.531745,37.645136],[-5.531915,37.645001],[-5.532086,37.645001],[-5.532257,37.645001],[-5.532257,37.644866],[-5.532427,37.644866],[-5.532598,37.644866],[-5.532769,37.64473],[-5.532939,37.64473],[-5.53311,37.64446],[-5.53311,37.644325],[-5.533281,37.644325],[-5.533451,37.644325],[-5.533622,37.64419],[-5.533793,37.644055],[-5.533964,37.643649],[-5.534134,37.643514],[-5.534305,37.643244],[-5.534646,37.642974],[-5.534988,37.642703],[-5.535329,37.642433],[-5.5355,37.642163],[-5.53567,37.642027],[-5.53567,37.641892],[-5.535841,37.641892],[-5.536012,37.641757],[-5.536182,37.641622],[-5.536353,37.641487],[-5.536353,37.641352],[-5.536524,37.641352],[-5.536524,37.641217],[-5.536694,37.641217],[-5.536865,37.641081],[-5.537036,37.640946],[-5.537206,37.640946],[-5.537377,37.640946],[-5.537377,37.640811],[-5.537548,37.640676],[-5.537718,37.640676],[-5.537718,37.640541],[-5.537889,37.640541],[-5.53806,37.640406],[-5.537889,37.640406],[-5.537889,37.640135],[-5.53806,37.64],[-5.53806,37.640135],[-5.538231,37.640271],[-5.538401,37.640135],[-5.538572,37.64],[-5.538572,37.639865],[-5.538743,37.63973],[-5.538743,37.639595],[-5.538572,37.639595],[-5.538401,37.63973],[-5.538401,37.639595],[-5.538572,37.63946],[-5.538743,37.63946],[-5.538913,37.639324],[-5.539084,37.639054],[-5.539084,37.638784],[-5.539084,37.638649],[-5.538572,37.638108],[-5.538572,37.637973],[-5.538572,37.637838],[-5.538401,37.637703],[-5.538572,37.637567],[-5.538743,37.637567],[-5.538913,37.637432],[-5.539084,37.637432],[-5.539084,37.637297],[-5.539255,37.637162],[-5.539425,37.637162],[-5.539425,37.637027],[-5.539596,37.637027],[-5.539596,37.636892],[-5.539767,37.636756],[-5.539937,37.636621],[-5.539937,37.636486],[-5.539937,37.636351],[-5.540108,37.636216],[-5.540279,37.636216],[-5.540279,37.636081],[-5.540449,37.636081],[-5.54062,37.635945],[-5.540791,37.635945],[-5.540961,37.635945],[-5.540961,37.63581],[-5.541132,37.63581],[-5.541644,37.635405],[-5.541815,37.63527],[-5.541815,37.635134],[-5.541985,37.63527],[-5.542156,37.635134],[-5.542156,37.634999],[-5.542327,37.634999],[-5.542498,37.635134],[-5.542668,37.635134],[-5.542839,37.63527],[-5.54301,37.63527],[-5.54318,37.63527],[-5.543351,37.63527],[-5.543522,37.63527],[-5.543692,37.63527],[-5.543692,37.635134],[-5.543692,37.634999],[-5.543863,37.634864],[-5.544034,37.634864],[-5.544034,37.634729],[-5.544034,37.634594],[-5.544204,37.634594],[-5.544546,37.634323],[-5.544716,37.634188],[-5.544887,37.634188],[-5.544887,37.634053],[-5.545058,37.634053],[-5.545228,37.634188],[-5.545399,37.634188],[-5.54557,37.633918],[-5.54574,37.633783],[-5.545911,37.633648],[-5.546252,37.633377],[-5.546594,37.632972],[-5.546765,37.632837],[-5.546935,37.632837],[-5.547106,37.632701],[-5.547277,37.632566],[-5.547447,37.632566],[-5.547618,37.632296],[-5.547789,37.632296],[-5.547789,37.632161],[-5.54813,37.632161],[-5.54813,37.632026],[-5.548301,37.63189],[-5.548471,37.63189],[-5.548471,37.631755],[-5.548642,37.631755],[-5.549154,37.63135],[-5.549154,37.631215],[-5.549495,37.630944],[-5.549666,37.630809],[-5.549666,37.630674],[-5.549837,37.630539],[-5.550007,37.630404],[-5.550007,37.630268],[-5.550178,37.630133],[-5.550178,37.629998],[-5.550178,37.629863],[-5.550178,37.629728],[-5.550349,37.629728],[-5.550349,37.629593],[-5.550519,37.629457],[-5.550519,37.629322],[-5.550519,37.629187],[-5.550519,37.628917],[-5.550519,37.628781],[-5.550519,37.628646],[-5.55069,37.628511],[-5.55069,37.628376],[-5.55069,37.628241],[-5.55069,37.628106],[-5.550861,37.627835],[-5.550861,37.6277],[-5.550861,37.627565],[-5.550861,37.62743],[-5.551032,37.627295],[-5.551032,37.627159],[-5.551032,37.627024],[-5.551032,37.626889],[-5.551202,37.626754],[-5.551202,37.626619],[-5.551202,37.626483],[-5.551202,37.626348],[-5.551202,37.626213],[-5.551373,37.626213],[-5.551373,37.626078],[-5.551373,37.625943],[-5.551544,37.625808],[-5.551544,37.625672],[-5.551714,37.625537],[-5.551714,37.625402],[-5.551714,37.625267],[-5.551885,37.624996],[-5.551885,37.624861],[-5.551885,37.624726],[-5.551885,37.624591],[-5.552056,37.624591],[-5.552056,37.624456],[-5.552056,37.624321],[-5.552226,37.624321],[-5.552226,37.624185],[-5.552226,37.623915],[-5.552397,37.623915],[-5.552397,37.62378],[-5.552397,37.623645],[-5.552568,37.623645],[-5.552568,37.623509],[-5.552568,37.623374],[-5.552568,37.623239],[-5.552738,37.623239],[-5.552738,37.623104],[-5.552909,37.622969],[-5.552909,37.622834],[-5.552909,37.622698],[-5.552738,37.622563],[-5.552568,37.622428],[-5.552397,37.622428],[-5.552226,37.622428],[-5.552226,37.622563],[-5.552226,37.622698],[-5.552056,37.622698],[-5.552056,37.622834],[-5.552056,37.622969],[-5.552056,37.623104],[-5.551885,37.623104],[-5.551714,37.623239],[-5.551714,37.623374],[-5.551544,37.623374],[-5.551544,37.623509],[-5.551373,37.623509],[-5.551202,37.623509],[-5.550861,37.623509],[-5.55069,37.623645],[-5.550178,37.623645],[-5.550007,37.623645],[-5.549666,37.623645],[-5.549495,37.623645],[-5.549325,37.623645],[-5.549154,37.623645],[-5.548642,37.623915],[-5.548471,37.623915],[-5.548301,37.623915],[-5.54813,37.62405],[-5.548301,37.624321],[-5.54813,37.624456],[-5.54813,37.624726],[-5.548301,37.624861],[-5.548301,37.625267],[-5.54813,37.625537],[-5.547959,37.625808],[-5.547789,37.626213],[-5.547618,37.626348],[-5.547277,37.626213],[-5.547106,37.626078],[-5.546935,37.625943],[-5.546765,37.625943],[-5.546594,37.625943],[-5.546423,37.625808],[-5.546423,37.625943],[-5.546252,37.626078],[-5.546252,37.626213],[-5.546082,37.626213],[-5.545911,37.626348],[-5.54574,37.626348],[-5.54557,37.626348],[-5.545399,37.626213],[-5.54557,37.626213],[-5.545399,37.626078],[-5.54557,37.625943],[-5.54557,37.625808],[-5.54557,37.625672],[-5.54574,37.625672],[-5.54574,37.625537],[-5.54574,37.625402],[-5.545911,37.625402],[-5.545911,37.625537],[-5.546252,37.625402],[-5.546252,37.625267],[-5.546423,37.624996],[-5.546423,37.624726],[-5.546423,37.624456],[-5.546423,37.624321],[-5.546423,37.624185],[-5.546594,37.62405],[-5.546423,37.62405],[-5.546594,37.623915],[-5.546423,37.62378],[-5.546423,37.623645],[-5.546423,37.623509],[-5.546594,37.623509],[-5.546594,37.623374],[-5.546594,37.623239],[-5.546594,37.623104],[-5.546765,37.623104],[-5.546765,37.622969],[-5.546935,37.622834],[-5.547106,37.622563],[-5.547277,37.622563],[-5.547447,37.622563],[-5.547447,37.622428],[-5.547618,37.622293],[-5.547789,37.622158],[-5.548301,37.621752],[-5.548471,37.621752],[-5.548642,37.621752],[-5.548642,37.621617],[-5.548813,37.621482],[-5.548813,37.621617],[-5.548813,37.621752],[-5.548983,37.621752],[-5.548983,37.621887],[-5.548983,37.622022],[-5.549154,37.621887],[-5.549154,37.621752],[-5.548983,37.621617],[-5.548983,37.621482],[-5.548983,37.621346],[-5.549154,37.621211],[-5.549325,37.621211],[-5.549495,37.621076],[-5.549837,37.620806],[-5.550007,37.620806],[-5.550007,37.62067],[-5.550178,37.620535],[-5.550349,37.620535],[-5.550519,37.6204],[-5.55069,37.620265],[-5.550861,37.620265],[-5.551032,37.62013],[-5.551202,37.62013],[-5.551202,37.619995],[-5.551373,37.619995],[-5.551373,37.62013],[-5.551544,37.620265],[-5.552056,37.62013],[-5.552568,37.62013],[-5.552909,37.62013],[-5.55308,37.62013],[-5.553421,37.619995],[-5.553762,37.619859],[-5.554104,37.619859],[-5.554445,37.619859],[-5.554616,37.619859],[-5.554786,37.619724],[-5.554786,37.619589],[-5.554957,37.619724],[-5.555128,37.619589],[-5.555128,37.619454],[-5.555298,37.619319],[-5.555469,37.619319],[-5.55564,37.619183],[-5.555811,37.619048],[-5.555981,37.619048],[-5.555981,37.618913],[-5.556152,37.618913],[-5.556323,37.618778],[-5.556493,37.618778],[-5.556664,37.618643],[-5.556835,37.618643],[-5.556835,37.618507],[-5.557005,37.618507],[-5.557176,37.618507],[-5.557347,37.618372],[-5.557688,37.618237],[-5.557859,37.618102],[-5.558029,37.618102],[-5.5582,37.618102],[-5.558371,37.618102],[-5.558541,37.618102],[-5.558712,37.618102],[-5.558883,37.618102],[-5.559053,37.618102],[-5.559224,37.618102],[-5.559224,37.617967],[-5.559395,37.617967],[-5.559565,37.617967],[-5.559736,37.618102],[-5.559907,37.618102],[-5.560078,37.617967],[-5.560078,37.618102],[-5.560248,37.618102],[-5.560419,37.618102],[-5.56059,37.618102],[-5.56076,37.618102],[-5.560931,37.618102],[-5.561102,37.618102],[-5.561272,37.618102],[-5.561443,37.618102],[-5.561614,37.618102],[-5.561784,37.618102],[-5.561955,37.618237],[-5.562126,37.618237],[-5.562296,37.618237],[-5.562467,37.618237],[-5.562638,37.618237],[-5.562808,37.618102],[-5.562979,37.618237],[-5.56315,37.618237],[-5.56315,37.618102],[-5.56332,37.618102],[-5.563491,37.618102],[-5.563662,37.618102],[-5.563662,37.617967],[-5.563832,37.617967],[-5.564003,37.617967],[-5.564174,37.617967],[-5.564345,37.617967],[-5.564345,37.617831],[-5.564515,37.617831],[-5.564515,37.617696],[-5.564686,37.617696],[-5.564857,37.617696],[-5.565027,37.617696],[-5.565369,37.617561],[-5.565539,37.617561],[-5.56571,37.617561],[-5.565881,37.617426],[-5.566051,37.617426],[-5.566222,37.617426],[-5.566393,37.617291],[-5.566563,37.617291],[-5.566734,37.617291],[-5.566905,37.617155],[-5.567075,37.617155],[-5.567246,37.617155],[-5.567246,37.61702],[-5.567417,37.61702],[-5.567587,37.61702],[-5.567587,37.616885],[-5.567758,37.616885],[-5.567929,37.61675],[-5.567758,37.616615],[-5.567758,37.616479],[-5.567929,37.616479],[-5.567929,37.616344],[-5.568099,37.616344],[-5.56827,37.616209],[-5.56827,37.616074],[-5.568441,37.616074],[-5.568612,37.616074],[-5.568612,37.615939],[-5.568782,37.615939],[-5.568782,37.615803],[-5.568782,37.615263],[-5.568441,37.615263],[-5.56827,37.615127],[-5.567758,37.614992],[-5.567246,37.614722],[-5.566905,37.614587],[-5.566905,37.614451],[-5.566734,37.614181],[-5.566734,37.614046],[-5.566393,37.613911],[-5.566051,37.613505],[-5.56571,37.613235],[-5.565881,37.613099],[-5.565881,37.612964],[-5.566222,37.612694],[-5.566393,37.612423],[-5.566563,37.612288],[-5.566734,37.612153],[-5.567075,37.611883],[-5.566905,37.611883],[-5.566563,37.612288],[-5.566222,37.612423],[-5.566051,37.612559],[-5.565881,37.612694],[-5.56571,37.612559],[-5.56571,37.612423],[-5.56571,37.612153],[-5.565539,37.612018],[-5.565539,37.611883],[-5.565369,37.611747],[-5.565198,37.611747],[-5.565198,37.611612],[-5.565369,37.611612],[-5.565539,37.611612],[-5.56571,37.611477],[-5.56571,37.611342],[-5.566051,37.611207],[-5.566051,37.611071],[-5.566393,37.610936],[-5.566734,37.610666],[-5.566734,37.610531],[-5.566563,37.610531],[-5.566563,37.610395],[-5.566563,37.61026],[-5.566222,37.610125],[-5.566222,37.60999],[-5.566051,37.60999],[-5.565881,37.60999],[-5.56571,37.610125],[-5.565539,37.61026],[-5.565539,37.610395],[-5.565369,37.610531],[-5.565369,37.610666],[-5.565198,37.610666],[-5.565198,37.610801],[-5.564857,37.610936],[-5.564686,37.611071],[-5.564857,37.611071],[-5.564857,37.611207],[-5.564686,37.611207],[-5.564345,37.611342],[-5.564174,37.611342],[-5.563832,37.611207],[-5.563662,37.611207],[-5.563491,37.611071],[-5.56332,37.611071],[-5.562979,37.610666],[-5.562979,37.610531],[-5.562979,37.610395],[-5.562979,37.61026],[-5.562979,37.610125],[-5.562808,37.60999],[-5.562808,37.609854],[-5.562979,37.609854],[-5.562808,37.609719],[-5.562979,37.609719],[-5.562979,37.609584],[-5.562808,37.609449],[-5.562979,37.609449],[-5.562979,37.609314],[-5.562808,37.609314],[-5.562808,37.609178],[-5.562808,37.609043],[-5.562638,37.608908],[-5.562467,37.608908],[-5.562467,37.608773],[-5.562296,37.608773],[-5.562296,37.608638],[-5.562126,37.608638],[-5.561955,37.608502],[-5.561784,37.608367],[-5.561955,37.608232],[-5.561955,37.607962],[-5.561614,37.607962],[-5.561614,37.607691],[-5.561614,37.607556],[-5.561614,37.607421],[-5.561614,37.607285],[-5.561614,37.60715],[-5.561614,37.607015],[-5.561955,37.606609],[-5.561784,37.606474],[-5.561784,37.606339],[-5.561784,37.606204],[-5.561614,37.606069],[-5.561443,37.606069],[-5.561443,37.605933],[-5.561443,37.605798],[-5.561614,37.605663],[-5.561614,37.605798],[-5.561614,37.605933],[-5.561784,37.605933],[-5.561784,37.606069],[-5.561955,37.606069],[-5.561955,37.606204],[-5.562126,37.606204],[-5.561955,37.606339],[-5.562126,37.606339],[-5.562296,37.606339],[-5.562296,37.606204],[-5.562126,37.606204],[-5.562126,37.606069],[-5.562296,37.606069],[-5.562296,37.605933],[-5.562296,37.605798],[-5.562638,37.606069],[-5.562979,37.606204],[-5.56315,37.606339],[-5.56315,37.606474],[-5.56332,37.606474],[-5.563491,37.606474],[-5.563491,37.606609],[-5.563491,37.606745],[-5.563662,37.60688],[-5.563491,37.607015],[-5.563832,37.607285],[-5.563832,37.607556],[-5.564003,37.607691],[-5.564174,37.607826],[-5.564003,37.607826],[-5.564174,37.607962],[-5.564174,37.608097],[-5.564515,37.608367],[-5.564686,37.608367],[-5.564857,37.608638],[-5.565027,37.608773],[-5.565198,37.608908],[-5.565369,37.609043],[-5.565539,37.609178],[-5.565881,37.609314],[-5.566051,37.609449],[-5.566051,37.609584],[-5.566222,37.609584],[-5.566393,37.609584],[-5.566222,37.609719],[-5.566393,37.609854],[-5.566734,37.61026],[-5.566905,37.61026],[-5.566905,37.610125],[-5.567075,37.610125],[-5.567246,37.610125],[-5.567417,37.610125],[-5.567417,37.61026],[-5.567417,37.610395],[-5.567587,37.61026],[-5.567587,37.610395],[-5.567587,37.610531],[-5.567758,37.610531],[-5.567758,37.610666],[-5.567929,37.610801],[-5.568099,37.610936],[-5.56827,37.611071],[-5.568441,37.611207],[-5.568441,37.611071],[-5.568612,37.610936],[-5.568782,37.610936],[-5.568953,37.611071],[-5.569124,37.611207],[-5.569124,37.611342],[-5.569294,37.611612],[-5.569294,37.611747],[-5.569465,37.612153],[-5.569636,37.612288],[-5.569806,37.612423],[-5.570148,37.612423],[-5.570318,37.612423],[-5.570318,37.612288],[-5.570489,37.612288],[-5.570489,37.612153],[-5.57066,37.612153],[-5.57066,37.612018],[-5.57066,37.611883],[-5.57066,37.611747],[-5.57083,37.611612],[-5.571001,37.611342],[-5.571001,37.611207],[-5.571172,37.610936],[-5.571342,37.610936],[-5.571513,37.610666],[-5.571854,37.61026],[-5.571854,37.610125],[-5.572025,37.60999],[-5.572025,37.609854],[-5.572196,37.609719],[-5.572366,37.609584],[-5.572537,37.609584],[-5.572708,37.609584],[-5.572879,37.609449],[-5.573049,37.609314],[-5.573391,37.609314],[-5.573561,37.609178],[-5.573732,37.609178],[-5.573732,37.609043],[-5.573903,37.608908],[-5.574073,37.608908],[-5.574244,37.608908],[-5.574415,37.608908],[-5.574585,37.608908],[-5.574756,37.608773],[-5.574927,37.608638],[-5.575609,37.608638],[-5.576463,37.608367],[-5.576804,37.608367],[-5.577658,37.608367],[-5.577828,37.608232],[-5.57817,37.608232],[-5.57834,37.608097],[-5.578682,37.608232],[-5.578852,37.608232],[-5.579023,37.608097],[-5.579364,37.608232],[-5.579535,37.608097],[-5.579876,37.607826],[-5.579876,37.607962],[-5.580388,37.607962],[-5.580388,37.608097],[-5.580559,37.608232],[-5.58073,37.608232],[-5.5809,37.608232],[-5.581071,37.608232],[-5.581925,37.608232],[-5.582095,37.608232],[-5.582266,37.608232],[-5.582266,37.608097],[-5.582437,37.608097],[-5.582778,37.607826],[-5.582778,37.607285],[-5.583119,37.60688],[-5.583119,37.606609],[-5.58329,37.606474],[-5.58329,37.606339],[-5.58329,37.606204],[-5.583461,37.606204],[-5.583461,37.606069],[-5.583631,37.606069],[-5.583631,37.606204],[-5.583802,37.606204],[-5.584143,37.606474],[-5.584143,37.606609],[-5.584314,37.60688],[-5.584314,37.607015],[-5.584314,37.60715],[-5.584314,37.607285],[-5.584485,37.607421],[-5.584485,37.607556],[-5.584485,37.607826],[-5.584655,37.607962],[-5.584826,37.608232],[-5.584826,37.608502],[-5.585167,37.608367],[-5.585338,37.608367],[-5.585509,37.608502],[-5.58568,37.608367],[-5.58568,37.608502],[-5.58585,37.608502],[-5.586021,37.608502],[-5.586021,37.608367],[-5.586192,37.608367],[-5.586362,37.608367],[-5.586533,37.608367],[-5.586704,37.608232],[-5.586704,37.608097],[-5.586874,37.607962],[-5.586874,37.607826],[-5.586704,37.607691],[-5.586874,37.607421],[-5.587045,37.607421],[-5.587216,37.60715],[-5.587386,37.606745],[-5.587386,37.606609],[-5.587386,37.606339],[-5.587386,37.606204],[-5.587557,37.606204],[-5.587728,37.606474],[-5.587728,37.606609],[-5.587898,37.606609],[-5.588069,37.606474],[-5.58841,37.606474],[-5.588581,37.606474],[-5.588752,37.606474],[-5.588922,37.606474],[-5.589093,37.606474],[-5.589264,37.606339],[-5.589434,37.606474],[-5.589605,37.606474],[-5.589776,37.606474],[-5.589947,37.606474],[-5.590117,37.606474],[-5.590288,37.606474],[-5.590459,37.606474],[-5.590629,37.606474],[-5.5908,37.606609],[-5.5908,37.606745],[-5.5908,37.60688],[-5.590971,37.607015],[-5.590971,37.60715],[-5.590971,37.607285],[-5.591141,37.607285],[-5.591141,37.607421],[-5.590971,37.607556],[-5.591141,37.607556],[-5.591312,37.607691],[-5.591312,37.607826],[-5.591483,37.607826],[-5.591653,37.607826],[-5.591824,37.607826],[-5.591995,37.607826],[-5.592165,37.607962],[-5.592165,37.607826],[-5.592507,37.607826],[-5.592677,37.607826],[-5.592848,37.607826],[-5.592848,37.607691],[-5.593189,37.607691],[-5.59336,37.607691],[-5.593189,37.607556],[-5.593189,37.607421],[-5.593019,37.607285],[-5.593019,37.60715],[-5.593019,37.607015],[-5.593019,37.60688],[-5.592848,37.60688],[-5.592848,37.606745],[-5.592848,37.606609],[-5.592677,37.606609],[-5.592677,37.606474],[-5.592677,37.606339],[-5.592848,37.606339],[-5.593019,37.606204],[-5.593189,37.606204],[-5.59336,37.606069],[-5.59336,37.606204],[-5.593531,37.606069],[-5.593531,37.606204],[-5.593701,37.606069],[-5.594043,37.606069],[-5.594214,37.606069],[-5.594384,37.606069],[-5.594555,37.606069],[-5.594726,37.606069],[-5.594896,37.606069],[-5.595067,37.606069],[-5.595238,37.606069],[-5.595408,37.606204],[-5.59575,37.606204],[-5.59592,37.606204],[-5.596091,37.606204],[-5.596262,37.606204],[-5.596432,37.606069],[-5.596603,37.606204],[-5.596603,37.606069],[-5.596774,37.606069],[-5.596944,37.606069],[-5.597115,37.606069],[-5.597798,37.606069],[-5.597968,37.606069],[-5.598139,37.606069],[-5.59831,37.606069],[-5.59831,37.606204],[-5.598481,37.606204],[-5.598651,37.606204],[-5.598822,37.606204],[-5.598993,37.606339],[-5.599163,37.606339],[-5.599334,37.606339],[-5.599505,37.606474],[-5.599675,37.606474],[-5.599846,37.606474],[-5.600017,37.606474],[-5.600017,37.606745],[-5.599846,37.607015],[-5.599675,37.607015],[-5.599675,37.60715],[-5.599675,37.607285],[-5.599675,37.607421],[-5.599675,37.607556],[-5.599675,37.607691],[-5.599846,37.607826],[-5.599846,37.607962],[-5.599846,37.608097],[-5.599846,37.608232],[-5.600017,37.608502],[-5.600017,37.608773],[-5.600017,37.608908],[-5.600187,37.609043],[-5.600187,37.609314],[-5.600358,37.609314],[-5.600529,37.609449],[-5.600529,37.609314],[-5.600699,37.609314],[-5.60087,37.609314],[-5.601041,37.609178],[-5.601211,37.609178],[-5.601382,37.609043],[-5.601553,37.609043],[-5.601723,37.609043],[-5.601723,37.608908],[-5.601894,37.608908],[-5.602065,37.608908],[-5.602065,37.608773],[-5.602235,37.608773],[-5.602406,37.608773],[-5.602577,37.608638],[-5.602748,37.608638],[-5.602748,37.608502],[-5.602918,37.608502],[-5.603089,37.608502],[-5.60326,37.608502],[-5.60326,37.608367],[-5.603601,37.608232],[-5.603772,37.608097],[-5.603942,37.608097],[-5.603942,37.607962],[-5.604113,37.607826],[-5.604113,37.607691],[-5.604113,37.607556],[-5.604113,37.607285],[-5.603942,37.607015],[-5.603942,37.60688],[-5.603772,37.60688],[-5.603772,37.606745],[-5.603772,37.606609],[-5.603772,37.606474],[-5.603942,37.606339],[-5.604284,37.606339],[-5.604454,37.606204],[-5.604625,37.606204],[-5.605478,37.606204],[-5.605649,37.606069],[-5.60582,37.606069],[-5.60599,37.606069],[-5.606161,37.606069],[-5.606161,37.605933],[-5.606502,37.605933],[-5.606673,37.605933],[-5.607015,37.605933],[-5.607356,37.605798],[-5.607527,37.605798],[-5.607697,37.605798],[-5.607697,37.605663],[-5.607868,37.605663],[-5.608039,37.605663],[-5.608209,37.605528],[-5.60838,37.605528],[-5.608551,37.605528],[-5.608721,37.605663],[-5.608721,37.605528],[-5.608892,37.605528],[-5.609063,37.605528],[-5.609233,37.605528],[-5.609404,37.605528],[-5.609575,37.605528],[-5.609745,37.605528],[-5.609916,37.605528],[-5.610087,37.605528],[-5.610257,37.605392],[-5.610428,37.605392],[-5.610428,37.605257],[-5.610599,37.605257],[-5.610769,37.605257],[-5.61094,37.605257],[-5.611111,37.605257],[-5.611282,37.605257],[-5.611282,37.605122],[-5.611452,37.605122],[-5.611623,37.605122],[-5.611794,37.605122],[-5.611964,37.605122],[-5.611964,37.604987],[-5.612135,37.604987],[-5.612135,37.604852],[-5.611964,37.604716],[-5.611964,37.604581],[-5.612135,37.604581],[-5.612135,37.604446],[-5.612306,37.604446],[-5.612476,37.604581],[-5.612476,37.604716],[-5.612818,37.604987],[-5.612988,37.604987],[-5.612988,37.605122],[-5.613159,37.605122],[-5.613159,37.605257],[-5.613159,37.605392],[-5.61333,37.605392],[-5.61333,37.605528],[-5.6135,37.605528],[-5.6135,37.605663],[-5.6135,37.605798],[-5.613671,37.605798],[-5.613842,37.605798],[-5.613842,37.605663],[-5.614012,37.605528],[-5.614183,37.605528],[-5.614183,37.605392],[-5.614354,37.605392],[-5.614524,37.605257],[-5.614695,37.605257],[-5.614866,37.605122],[-5.615036,37.605122],[-5.615036,37.604987],[-5.615207,37.604987],[-5.615378,37.604852],[-5.615549,37.604716],[-5.615719,37.604716],[-5.615719,37.604581],[-5.61589,37.604581],[-5.61589,37.604446],[-5.616061,37.604446],[-5.616402,37.604852],[-5.616573,37.604852],[-5.616573,37.604987],[-5.616573,37.605122],[-5.616573,37.605257],[-5.616743,37.605392],[-5.616743,37.605528],[-5.616914,37.605528],[-5.616914,37.605392],[-5.617085,37.605392],[-5.617085,37.605122],[-5.616914,37.604852],[-5.616743,37.604716],[-5.616743,37.604581],[-5.616743,37.604446],[-5.616573,37.604446],[-5.616573,37.604311],[-5.616402,37.604311],[-5.616573,37.604175],[-5.616743,37.60404],[-5.616914,37.60404],[-5.616914,37.603905],[-5.617085,37.603905],[-5.617085,37.60377],[-5.617255,37.60377],[-5.617426,37.60377],[-5.617597,37.603635],[-5.617767,37.603635],[-5.617938,37.603499],[-5.618109,37.603364],[-5.618279,37.603364],[-5.618279,37.603229],[-5.61845,37.603229],[-5.61845,37.603094],[-5.618621,37.602958],[-5.618791,37.602958],[-5.618791,37.602823],[-5.618962,37.602823],[-5.619303,37.602553],[-5.619474,37.602553],[-5.619645,37.602418],[-5.619816,37.602282],[-5.619986,37.602282],[-5.620157,37.602147],[-5.620328,37.602012],[-5.620498,37.602012],[-5.620498,37.601877],[-5.620669,37.601877],[-5.62084,37.601877],[-5.62101,37.601606],[-5.621181,37.601606],[-5.621352,37.601471],[-5.621522,37.601471],[-5.621522,37.601336],[-5.621693,37.601336],[-5.621864,37.601336],[-5.621864,37.601201],[-5.622034,37.601201],[-5.622034,37.601065],[-5.622205,37.60093],[-5.622546,37.60093],[-5.622717,37.60093],[-5.622888,37.60093],[-5.623058,37.600795],[-5.623229,37.600795],[-5.6234,37.60066],[-5.62357,37.600524],[-5.62357,37.600389],[-5.623741,37.600389],[-5.623912,37.600254],[-5.623912,37.600119],[-5.623912,37.599983],[-5.624082,37.599983],[-5.624253,37.599848],[-5.624424,37.599848],[-5.624595,37.599848],[-5.624765,37.599713],[-5.624936,37.599578],[-5.624936,37.599443],[-5.625107,37.599443],[-5.625277,37.599307],[-5.625619,37.599172],[-5.625619,37.599037],[-5.625789,37.599037],[-5.62596,37.598902],[-5.626131,37.598902],[-5.626301,37.598766],[-5.626472,37.598766],[-5.626472,37.598631],[-5.626643,37.598631],[-5.626813,37.598631],[-5.627155,37.598361],[-5.627325,37.598361],[-5.627496,37.598361],[-5.627667,37.598496],[-5.628008,37.598496],[-5.628179,37.598496],[-5.628349,37.598496],[-5.628691,37.598496],[-5.628691,37.598631],[-5.628862,37.598496],[-5.629203,37.598361],[-5.629374,37.598361],[-5.629544,37.598361],[-5.629544,37.598226],[-5.629715,37.598226],[-5.629715,37.59809],[-5.629886,37.59809],[-5.630056,37.597955],[-5.630056,37.59782],[-5.630227,37.59782],[-5.630398,37.597685],[-5.630568,37.59782],[-5.630739,37.59782],[-5.63091,37.59782],[-5.63108,37.59782],[-5.631251,37.597685],[-5.631422,37.597685],[-5.631592,37.597549],[-5.631763,37.597549],[-5.631934,37.597549],[-5.632275,37.597549],[-5.632616,37.597549],[-5.632787,37.597685],[-5.632958,37.597549],[-5.633299,37.597414],[-5.63347,37.597549],[-5.633641,37.597685],[-5.633811,37.59782],[-5.633982,37.597955],[-5.633811,37.59809],[-5.633811,37.598226],[-5.633811,37.598361],[-5.633641,37.598496],[-5.633641,37.598631],[-5.63347,37.598902],[-5.633641,37.598902],[-5.633982,37.598631],[-5.634153,37.598631],[-5.634494,37.598496],[-5.634665,37.598361],[-5.634835,37.598361],[-5.635006,37.598361],[-5.635347,37.598361],[-5.635689,37.597955],[-5.636201,37.597685],[-5.636371,37.597414],[-5.636713,37.597144],[-5.636883,37.597144],[-5.637054,37.597008],[-5.637225,37.596873],[-5.637566,37.596738],[-5.637737,37.596738],[-5.637737,37.596873],[-5.637908,37.596873],[-5.638078,37.596873],[-5.638078,37.596738],[-5.638249,37.596738],[-5.638249,37.596603],[-5.638249,37.596467],[-5.63842,37.596467],[-5.63842,37.596332],[-5.63859,37.596332],[-5.638761,37.596332],[-5.63859,37.596197],[-5.638761,37.596197],[-5.63859,37.596062],[-5.63859,37.595927],[-5.63842,37.595927],[-5.638249,37.595927],[-5.638249,37.596062],[-5.638078,37.596062],[-5.637908,37.595927],[-5.637737,37.595927],[-5.637737,37.595521],[-5.637908,37.595386],[-5.638078,37.595386],[-5.637908,37.59525],[-5.638078,37.595115],[-5.637908,37.595115],[-5.637908,37.59498],[-5.637737,37.594845],[-5.637908,37.594709],[-5.638078,37.594709],[-5.638078,37.594574],[-5.638249,37.594439],[-5.63859,37.594168],[-5.638761,37.594033],[-5.638932,37.594033],[-5.638932,37.593898],[-5.639102,37.593898],[-5.639273,37.593898],[-5.639273,37.593763],[-5.639444,37.593763],[-5.639444,37.593628],[-5.639614,37.593628],[-5.639614,37.593492],[-5.639614,37.593222],[-5.639444,37.593222],[-5.639444,37.593087],[-5.639444,37.592951],[-5.639444,37.592816],[-5.639444,37.592681],[-5.639444,37.592546],[-5.639444,37.592275],[-5.639614,37.592275],[-5.639614,37.59214],[-5.639444,37.592005],[-5.639614,37.592005],[-5.639614,37.591869],[-5.639785,37.591734],[-5.639785,37.591599],[-5.639956,37.591599],[-5.639956,37.591328],[-5.639785,37.591328],[-5.639785,37.591193],[-5.639614,37.591058],[-5.639444,37.591058],[-5.639273,37.591193],[-5.639273,37.591058],[-5.639102,37.591058],[-5.638932,37.591058],[-5.638761,37.590923],[-5.63859,37.590923],[-5.63842,37.590923],[-5.63842,37.590787],[-5.638249,37.590787],[-5.638078,37.590787],[-5.637908,37.590787],[-5.637737,37.590787],[-5.637566,37.590787],[-5.637396,37.590652],[-5.637225,37.590652],[-5.637054,37.590517],[-5.636713,37.590382],[-5.636542,37.590382],[-5.636542,37.590246],[-5.636542,37.590111],[-5.636371,37.590111],[-5.636201,37.590111],[-5.636201,37.589976],[-5.63603,37.589976],[-5.635859,37.589976],[-5.635689,37.589976],[-5.635689,37.589841],[-5.635518,37.589976],[-5.635518,37.589841],[-5.635347,37.589841],[-5.635347,37.589976],[-5.635177,37.589976],[-5.635006,37.589976],[-5.635006,37.590111],[-5.634835,37.590246],[-5.634665,37.590246],[-5.634494,37.590382],[-5.634494,37.590517],[-5.634665,37.590517],[-5.634494,37.590652],[-5.634494,37.590787],[-5.634665,37.590923],[-5.634665,37.591058],[-5.634665,37.591193],[-5.634665,37.591328],[-5.634494,37.591328],[-5.634494,37.591464],[-5.634323,37.591464],[-5.634153,37.591599],[-5.633982,37.591734],[-5.633982,37.591869],[-5.633811,37.591869],[-5.633811,37.592005],[-5.633641,37.59214],[-5.63347,37.59214],[-5.633299,37.592275],[-5.633129,37.592275],[-5.633129,37.59241],[-5.632958,37.59241],[-5.632787,37.59241],[-5.632616,37.592546],[-5.632446,37.59241],[-5.632275,37.59241],[-5.632275,37.592275],[-5.632104,37.59214],[-5.631934,37.59214],[-5.631763,37.592005],[-5.631763,37.591869],[-5.631592,37.591734],[-5.631422,37.591599],[-5.631251,37.591599],[-5.63108,37.591599],[-5.63091,37.591599],[-5.63091,37.591734],[-5.63091,37.591869],[-5.63108,37.592005],[-5.631251,37.592005],[-5.631251,37.59214],[-5.63108,37.59214],[-5.63091,37.592005],[-5.630739,37.591869],[-5.630739,37.591599],[-5.63091,37.591464],[-5.631251,37.591464],[-5.631422,37.591464],[-5.631422,37.591328],[-5.631592,37.591193],[-5.631592,37.591058],[-5.631592,37.590923],[-5.631763,37.590787],[-5.631934,37.590787],[-5.631934,37.590652],[-5.631934,37.590517],[-5.631763,37.590382],[-5.631763,37.590246],[-5.631763,37.590111],[-5.631592,37.590111],[-5.631592,37.589976],[-5.631592,37.589841],[-5.631422,37.58957],[-5.631422,37.589435],[-5.631422,37.5893],[-5.631251,37.589164],[-5.63108,37.588894],[-5.63108,37.588759],[-5.63108,37.588623],[-5.63091,37.588488],[-5.63091,37.588353],[-5.630739,37.588082],[-5.630739,37.587947],[-5.630568,37.587947],[-5.630568,37.587812],[-5.630227,37.587812],[-5.630227,37.587677],[-5.630056,37.587677],[-5.629886,37.587677],[-5.629715,37.587677],[-5.629544,37.587812],[-5.629374,37.587812],[-5.629032,37.587812],[-5.628862,37.587812],[-5.628691,37.587947],[-5.628179,37.587947],[-5.628008,37.587947],[-5.627667,37.587947],[-5.627496,37.588082],[-5.627325,37.588082],[-5.627155,37.588082],[-5.626984,37.588218],[-5.626813,37.588218],[-5.626643,37.588082],[-5.626472,37.588082],[-5.626472,37.587947],[-5.626472,37.587812],[-5.626301,37.587812],[-5.626301,37.587677],[-5.626131,37.587677],[-5.62596,37.587677],[-5.62596,37.587812],[-5.625789,37.587812],[-5.626301,37.587947],[-5.626131,37.587947],[-5.625619,37.587947],[-5.625448,37.587947],[-5.625277,37.587812],[-5.625448,37.587812],[-5.625619,37.587812],[-5.625448,37.587677],[-5.625277,37.587677],[-5.624936,37.587812],[-5.624765,37.587812],[-5.624595,37.587947],[-5.624424,37.587812],[-5.624253,37.587812],[-5.624253,37.587677],[-5.624595,37.587812],[-5.624765,37.587677],[-5.624936,37.587677],[-5.625107,37.587541],[-5.625277,37.587541],[-5.625448,37.587541],[-5.625619,37.587677],[-5.625789,37.587677],[-5.62596,37.587541],[-5.626131,37.587541],[-5.626472,37.587541],[-5.626472,37.587677],[-5.626643,37.587677],[-5.626643,37.587812],[-5.626813,37.587812],[-5.626813,37.587947],[-5.626984,37.587947],[-5.627325,37.587947],[-5.627325,37.587812],[-5.627496,37.587812],[-5.627837,37.587812],[-5.628008,37.587812],[-5.628179,37.587812],[-5.628349,37.587812],[-5.62852,37.587812],[-5.628862,37.587677],[-5.629203,37.587677],[-5.629374,37.587541],[-5.629544,37.587541],[-5.629715,37.587541],[-5.629886,37.587541],[-5.630056,37.587406],[-5.630056,37.587541],[-5.630227,37.587406],[-5.630227,37.587541],[-5.630398,37.587541],[-5.630398,37.587677],[-5.630568,37.587677],[-5.63091,37.587812],[-5.63091,37.587947],[-5.63108,37.588082],[-5.63108,37.588218],[-5.631251,37.588488],[-5.631251,37.588623],[-5.631251,37.588759],[-5.631251,37.588894],[-5.631422,37.588894],[-5.631422,37.589029],[-5.631592,37.589164],[-5.631592,37.5893],[-5.631763,37.589435],[-5.631763,37.58957],[-5.631934,37.589841],[-5.631934,37.589976],[-5.631934,37.590111],[-5.632104,37.590382],[-5.632104,37.590517],[-5.632104,37.590652],[-5.632104,37.590787],[-5.632104,37.590923],[-5.631934,37.590923],[-5.631934,37.591058],[-5.631934,37.591193],[-5.631763,37.591193],[-5.631763,37.591328],[-5.631763,37.591464],[-5.631763,37.591599],[-5.631934,37.591734],[-5.631934,37.591869],[-5.632104,37.591869],[-5.632104,37.592005],[-5.632275,37.592005],[-5.632275,37.59214],[-5.632446,37.592275],[-5.632616,37.592275],[-5.632787,37.592275],[-5.632958,37.592275],[-5.633129,37.59214],[-5.633299,37.59214],[-5.633299,37.592005],[-5.63347,37.592005],[-5.633641,37.591869],[-5.633811,37.591734],[-5.633811,37.591599],[-5.633982,37.591464],[-5.634153,37.591328],[-5.634153,37.591193],[-5.634153,37.591058],[-5.634323,37.590923],[-5.634153,37.590923],[-5.634153,37.590787],[-5.634153,37.590652],[-5.634153,37.590517],[-5.634153,37.590382],[-5.634153,37.590246],[-5.634153,37.590111],[-5.633982,37.590111],[-5.633982,37.589976],[-5.633982,37.589841],[-5.633982,37.589705],[-5.634153,37.58957],[-5.634323,37.58957],[-5.634494,37.58957],[-5.634665,37.58957],[-5.634835,37.589705],[-5.635006,37.589705],[-5.635518,37.589705],[-5.635689,37.589705],[-5.635859,37.589705],[-5.63603,37.589705],[-5.636201,37.589705],[-5.636371,37.589705],[-5.636371,37.589841],[-5.636542,37.589841],[-5.636713,37.589976],[-5.636883,37.590111],[-5.637054,37.590111],[-5.637225,37.590111],[-5.637396,37.590246],[-5.637566,37.590246],[-5.637737,37.590246],[-5.637737,37.590382],[-5.637908,37.590382],[-5.638078,37.590382],[-5.638249,37.590517],[-5.63842,37.590517],[-5.63859,37.590517],[-5.638761,37.590652],[-5.638761,37.590517],[-5.638932,37.590517],[-5.638932,37.590652],[-5.639102,37.590652],[-5.639273,37.590652],[-5.639444,37.590652],[-5.639614,37.590787],[-5.639785,37.590787],[-5.639956,37.590787],[-5.640126,37.590787],[-5.640297,37.590787],[-5.640468,37.590923],[-5.640468,37.591058],[-5.640638,37.591058],[-5.640638,37.591193],[-5.640638,37.591328],[-5.640468,37.591464],[-5.640297,37.591464],[-5.640297,37.591599],[-5.640297,37.591734],[-5.640297,37.591869],[-5.640468,37.591869],[-5.640638,37.59214],[-5.640638,37.592275],[-5.640638,37.59241],[-5.640638,37.592951],[-5.640638,37.593222],[-5.640468,37.593357],[-5.640468,37.593628],[-5.640297,37.593763],[-5.640126,37.593898],[-5.640126,37.594033],[-5.639956,37.594033],[-5.639956,37.594168],[-5.639785,37.594168],[-5.639785,37.594304],[-5.639785,37.594439],[-5.639614,37.594439],[-5.639614,37.594574],[-5.639614,37.594709],[-5.639614,37.594845],[-5.639956,37.59525],[-5.639956,37.595386],[-5.640126,37.595521],[-5.640297,37.595521],[-5.640297,37.595386],[-5.640468,37.595386],[-5.640638,37.595386],[-5.640638,37.595521],[-5.640809,37.595521],[-5.640809,37.595656],[-5.64098,37.595656],[-5.64115,37.595656],[-5.64115,37.595521],[-5.641492,37.595521],[-5.641492,37.59525],[-5.641663,37.595115],[-5.641663,37.594845],[-5.641833,37.594845],[-5.642004,37.594709],[-5.642004,37.594574],[-5.642175,37.594574],[-5.642175,37.594439],[-5.642175,37.594304],[-5.642175,37.594168],[-5.642345,37.594168],[-5.642345,37.594033],[-5.642516,37.594033],[-5.642687,37.593763],[-5.642857,37.593628],[-5.643028,37.593628],[-5.643028,37.593492],[-5.643199,37.593492],[-5.643369,37.593492],[-5.64354,37.593492],[-5.643711,37.593357],[-5.643881,37.593492],[-5.644052,37.593492],[-5.644052,37.593357],[-5.644223,37.593492],[-5.644393,37.593492],[-5.644564,37.593357],[-5.644735,37.593357],[-5.644735,37.593222],[-5.644735,37.593087],[-5.645076,37.592816],[-5.645417,37.59241],[-5.645588,37.59214],[-5.645588,37.592005],[-5.645759,37.591869],[-5.645759,37.591734],[-5.64593,37.591734],[-5.6461,37.591599],[-5.6461,37.591464],[-5.6461,37.591328],[-5.646271,37.590923],[-5.646783,37.590246],[-5.646954,37.590246],[-5.646783,37.58957],[-5.646783,37.589029],[-5.646783,37.588488],[-5.647124,37.588082],[-5.647295,37.587947],[-5.647466,37.587812],[-5.647636,37.587812],[-5.647807,37.587677],[-5.647978,37.587677],[-5.648148,37.587541],[-5.648319,37.587541],[-5.648319,37.587406],[-5.64849,37.587406],[-5.64866,37.587406],[-5.648831,37.587271],[-5.649002,37.587271],[-5.649172,37.587136],[-5.649002,37.587],[-5.648831,37.587],[-5.64866,37.587],[-5.64849,37.587136],[-5.648319,37.587136],[-5.648148,37.587136],[-5.647978,37.587136],[-5.647978,37.587],[-5.647807,37.587],[-5.647636,37.586865],[-5.647295,37.586595],[-5.647124,37.586459],[-5.647124,37.586324],[-5.647295,37.586324],[-5.647466,37.586189],[-5.647636,37.586189],[-5.647807,37.586189],[-5.648148,37.586189],[-5.648319,37.586054],[-5.64849,37.586054],[-5.64866,37.585918],[-5.649002,37.585918],[-5.649172,37.585918],[-5.649343,37.585918],[-5.649514,37.585783],[-5.649684,37.585783],[-5.649855,37.585648],[-5.650026,37.585648],[-5.650026,37.585513],[-5.650197,37.585513],[-5.650367,37.585377],[-5.650709,37.585377],[-5.650879,37.585242],[-5.65105,37.585242],[-5.651221,37.585107],[-5.651221,37.584972],[-5.651391,37.584972],[-5.651562,37.585107],[-5.651903,37.584972],[-5.652245,37.584972],[-5.652415,37.584836],[-5.652586,37.584836],[-5.652757,37.584701],[-5.652927,37.584701],[-5.653098,37.584701],[-5.653098,37.584566],[-5.653439,37.584566],[-5.65361,37.584566],[-5.653781,37.584431],[-5.653951,37.584431],[-5.654122,37.584431],[-5.654293,37.584431],[-5.654464,37.584295],[-5.654634,37.584295],[-5.654976,37.584295],[-5.655146,37.584295],[-5.655317,37.584295],[-5.655488,37.584295],[-5.655658,37.584295],[-5.655829,37.584295],[-5.656512,37.58416],[-5.656682,37.58416],[-5.656853,37.58416],[-5.657024,37.58416],[-5.657024,37.584025],[-5.657194,37.584025],[-5.657365,37.584025],[-5.657536,37.58389],[-5.657706,37.583754],[-5.657877,37.583754],[-5.657877,37.583619],[-5.657877,37.583484],[-5.658048,37.583484],[-5.658048,37.583213],[-5.658048,37.583078],[-5.658048,37.582943],[-5.658218,37.582808],[-5.658389,37.582672],[-5.65856,37.582672],[-5.658389,37.582402],[-5.658389,37.582267],[-5.658218,37.582267],[-5.658048,37.582267],[-5.658048,37.582131],[-5.658048,37.581996],[-5.658048,37.581861],[-5.658048,37.581725],[-5.657706,37.581861],[-5.657706,37.581725],[-5.657877,37.581725],[-5.657877,37.58159],[-5.657877,37.581455],[-5.657706,37.581455],[-5.657536,37.58159],[-5.657365,37.58159],[-5.657365,37.581455],[-5.657365,37.58132],[-5.657194,37.58132],[-5.657024,37.58132],[-5.657194,37.581184],[-5.657365,37.581184],[-5.657365,37.581049],[-5.657536,37.581049],[-5.657365,37.580914],[-5.657024,37.580643],[-5.656853,37.580508],[-5.656682,37.580508],[-5.656512,37.580508],[-5.656341,37.580373],[-5.65617,37.580373],[-5.655829,37.580373],[-5.655658,37.580373],[-5.655488,37.580373],[-5.655488,37.580508],[-5.655317,37.580508],[-5.655317,37.580373],[-5.655146,37.580238],[-5.655317,37.580238],[-5.655488,37.580238],[-5.655658,37.580238],[-5.655488,37.580102],[-5.655658,37.579967],[-5.655658,37.579832],[-5.655829,37.579967],[-5.655829,37.579832],[-5.655658,37.579832],[-5.655658,37.579697],[-5.655488,37.579697],[-5.655488,37.579561],[-5.655829,37.579697],[-5.656,37.579697],[-5.65617,37.579832],[-5.656341,37.579832],[-5.656512,37.579832],[-5.656512,37.579967],[-5.656682,37.579967],[-5.656853,37.580102],[-5.657024,37.580102],[-5.657194,37.580238],[-5.657365,37.580238],[-5.657365,37.580373],[-5.657194,37.580373],[-5.657194,37.580508],[-5.657536,37.580779],[-5.657706,37.580914],[-5.657877,37.580914],[-5.657877,37.581049],[-5.657877,37.581184],[-5.658048,37.581049],[-5.658218,37.581184],[-5.658389,37.581184],[-5.658218,37.58132],[-5.658218,37.581455],[-5.65856,37.581455],[-5.65856,37.58132],[-5.658731,37.581455],[-5.65856,37.58159],[-5.658389,37.58159],[-5.658218,37.581725],[-5.658389,37.581996],[-5.65856,37.581996],[-5.65856,37.581861],[-5.658731,37.581861],[-5.658901,37.581725],[-5.659072,37.581861],[-5.659072,37.581996],[-5.659243,37.582131],[-5.659243,37.582267],[-5.659243,37.582402],[-5.659413,37.582537],[-5.659243,37.582537],[-5.659243,37.582672],[-5.659413,37.582672],[-5.659584,37.582672],[-5.659925,37.582537],[-5.660267,37.582537],[-5.660437,37.582537],[-5.660608,37.582537],[-5.660779,37.582402],[-5.660949,37.582402],[-5.66112,37.582402],[-5.661632,37.582402],[-5.661803,37.582267],[-5.662485,37.582267],[-5.662656,37.582267],[-5.662827,37.582131],[-5.662998,37.582131],[-5.663168,37.582131],[-5.663339,37.582131],[-5.66351,37.582131],[-5.66368,37.582131],[-5.663851,37.582131],[-5.664192,37.581996],[-5.664363,37.581996],[-5.664534,37.581996],[-5.664704,37.581996],[-5.664875,37.581861],[-5.664875,37.581725],[-5.664875,37.58159],[-5.665046,37.58159],[-5.665046,37.581725],[-5.665387,37.581861],[-5.665558,37.581861],[-5.665728,37.581861],[-5.66607,37.581996],[-5.666582,37.582131],[-5.666752,37.582267],[-5.667265,37.582402],[-5.667606,37.582537],[-5.667777,37.582537],[-5.667947,37.582537],[-5.668118,37.582537],[-5.66863,37.582537],[-5.668801,37.582672],[-5.668971,37.582672],[-5.668971,37.582808],[-5.669313,37.582943],[-5.669483,37.582943],[-5.669654,37.583078],[-5.669825,37.583213],[-5.669825,37.583349],[-5.669995,37.583349],[-5.669995,37.583484],[-5.670166,37.583619],[-5.670337,37.583619],[-5.670507,37.583619],[-5.670507,37.583754],[-5.670678,37.583754],[-5.670849,37.58389],[-5.671019,37.583754],[-5.671019,37.583619],[-5.67119,37.583484],[-5.67119,37.583349],[-5.67119,37.583213],[-5.67119,37.583078],[-5.67119,37.582943],[-5.67119,37.582808],[-5.671361,37.582808],[-5.671532,37.582808],[-5.671702,37.582808],[-5.671873,37.582672],[-5.672044,37.582808],[-5.672214,37.582943],[-5.672556,37.582808],[-5.672726,37.582672],[-5.672897,37.582672],[-5.673068,37.582402],[-5.673238,37.582267],[-5.673238,37.581861],[-5.673068,37.581861],[-5.673238,37.581725],[-5.673238,37.58159],[-5.673409,37.58159],[-5.67375,37.58159],[-5.673921,37.58159],[-5.674262,37.58159],[-5.674262,37.581725],[-5.674433,37.581725],[-5.674433,37.58159],[-5.674433,37.581455],[-5.674262,37.581455],[-5.674092,37.581455],[-5.674092,37.58132],[-5.674092,37.581184],[-5.674092,37.581049],[-5.674262,37.580914],[-5.674262,37.580779],[-5.674262,37.580643],[-5.674092,37.580779],[-5.674092,37.580643],[-5.674262,37.580508],[-5.674433,37.580373],[-5.674604,37.580373],[-5.674774,37.580373],[-5.674774,37.580238],[-5.674945,37.580238],[-5.675116,37.580373],[-5.675116,37.580238],[-5.675286,37.580102],[-5.675286,37.580238],[-5.675286,37.580373],[-5.675116,37.580643],[-5.675116,37.580779],[-5.675286,37.580914],[-5.675116,37.581049],[-5.675116,37.581184],[-5.674774,37.581184],[-5.674945,37.58132],[-5.674774,37.58132],[-5.674774,37.581455],[-5.674604,37.58159],[-5.674774,37.581725],[-5.674945,37.581725],[-5.675286,37.581725],[-5.675457,37.581861],[-5.675628,37.581861],[-5.675799,37.581861],[-5.675799,37.581996],[-5.675799,37.582131],[-5.675628,37.582131],[-5.675457,37.582537],[-5.675286,37.582537],[-5.675116,37.582672],[-5.675116,37.582943],[-5.674945,37.583078],[-5.674945,37.583213],[-5.674774,37.583213],[-5.674774,37.583349],[-5.674604,37.583349],[-5.674604,37.583484],[-5.674433,37.583754],[-5.674262,37.583754],[-5.674262,37.58389],[-5.674262,37.58416],[-5.674092,37.584295],[-5.673921,37.584295],[-5.67375,37.584295],[-5.67358,37.584295],[-5.673238,37.584295],[-5.673238,37.584431],[-5.673238,37.584566],[-5.673238,37.584701],[-5.673238,37.584836],[-5.673409,37.584836],[-5.67358,37.584972],[-5.67375,37.584972],[-5.673921,37.585107],[-5.674092,37.585107],[-5.674262,37.585107],[-5.674433,37.585242],[-5.674262,37.585242],[-5.67358,37.585242],[-5.672556,37.585242],[-5.671702,37.585242],[-5.671532,37.585242],[-5.671532,37.585377],[-5.671702,37.585377],[-5.672044,37.585377],[-5.672556,37.585513],[-5.672726,37.585513],[-5.672897,37.585513],[-5.673068,37.585513],[-5.674092,37.585513],[-5.674262,37.585513],[-5.674433,37.585513],[-5.674774,37.585513],[-5.675457,37.585513],[-5.675799,37.585648],[-5.675969,37.585648],[-5.675969,37.585783],[-5.67614,37.585783],[-5.676311,37.585783],[-5.676481,37.585918],[-5.676652,37.585918],[-5.676652,37.586054],[-5.676823,37.586054],[-5.676993,37.586054],[-5.677164,37.586189],[-5.677335,37.586189],[-5.677505,37.586324],[-5.677676,37.586324],[-5.677847,37.586459],[-5.678017,37.586459],[-5.678017,37.586595],[-5.678188,37.586595],[-5.678359,37.58673],[-5.678529,37.58673],[-5.6787,37.586865],[-5.678871,37.587],[-5.679041,37.587],[-5.679041,37.587136],[-5.679212,37.587136],[-5.679383,37.587136],[-5.679383,37.587],[-5.679553,37.587136],[-5.679895,37.586865],[-5.680236,37.587],[-5.680236,37.587136],[-5.680578,37.587136],[-5.680748,37.587271],[-5.680748,37.587406],[-5.68109,37.587406],[-5.68109,37.587541],[-5.681431,37.587677],[-5.681943,37.587812],[-5.682114,37.588082],[-5.682284,37.588218],[-5.682455,37.588218],[-5.682626,37.588353],[-5.682796,37.588488],[-5.682967,37.588623],[-5.682967,37.588894],[-5.682967,37.589029],[-5.683138,37.589029],[-5.683138,37.589164],[-5.683138,37.5893],[-5.683138,37.589435],[-5.683138,37.58957],[-5.683308,37.58957],[-5.683308,37.589705],[-5.683479,37.589705],[-5.68365,37.589705],[-5.68365,37.589841],[-5.683479,37.589841],[-5.68365,37.589976],[-5.68382,37.590111],[-5.68382,37.590246],[-5.68382,37.590382],[-5.684162,37.590382],[-5.684333,37.590517],[-5.684503,37.590787],[-5.684674,37.590787],[-5.684674,37.590652],[-5.685186,37.590787],[-5.685357,37.590923],[-5.685698,37.591058],[-5.685869,37.591058],[-5.68621,37.591464],[-5.686722,37.591464],[-5.686722,37.591599],[-5.687063,37.591734],[-5.687063,37.591869],[-5.687234,37.592005],[-5.687405,37.592005],[-5.687575,37.59214],[-5.687746,37.592275],[-5.687917,37.592275],[-5.688087,37.592275],[-5.688258,37.592275],[-5.688258,37.59241],[-5.688429,37.592546],[-5.6886,37.592546],[-5.6886,37.592681],[-5.68877,37.592681],[-5.68877,37.592816],[-5.688941,37.592951],[-5.688941,37.593087],[-5.688941,37.593222],[-5.688941,37.593357],[-5.688941,37.593628],[-5.688941,37.593763],[-5.689112,37.593763],[-5.689112,37.593898],[-5.689282,37.593898],[-5.689453,37.593898],[-5.689624,37.594033],[-5.689794,37.594033],[-5.689965,37.594033],[-5.689965,37.594168],[-5.690136,37.594168],[-5.690306,37.594168],[-5.690306,37.594304],[-5.690477,37.594304],[-5.690477,37.594168],[-5.690648,37.594304],[-5.690818,37.594304],[-5.690989,37.594304],[-5.690989,37.594033],[-5.690989,37.593898],[-5.69116,37.593898],[-5.691672,37.593898],[-5.691842,37.594033],[-5.692013,37.594033],[-5.692184,37.594033],[-5.692525,37.594033],[-5.692696,37.593898],[-5.693208,37.594033],[-5.693379,37.594033],[-5.693549,37.594033],[-5.69372,37.594168],[-5.694061,37.594304],[-5.694403,37.594304],[-5.694573,37.594304],[-5.694744,37.594439],[-5.694744,37.594709],[-5.694915,37.594709],[-5.695085,37.594845],[-5.695597,37.594845],[-5.696621,37.594845],[-5.696963,37.59498],[-5.697133,37.594845],[-5.697133,37.594709],[-5.697304,37.594574],[-5.697475,37.594574],[-5.697646,37.594709],[-5.697816,37.594574],[-5.697987,37.594574],[-5.698158,37.594439],[-5.698328,37.594439],[-5.69867,37.594439],[-5.699011,37.594439],[-5.699182,37.594304],[-5.699352,37.594304],[-5.699523,37.594304],[-5.699523,37.594168],[-5.699694,37.594304],[-5.699864,37.594304],[-5.700035,37.594304],[-5.700376,37.594304],[-5.700547,37.594304],[-5.700718,37.594168],[-5.700888,37.594168],[-5.7014,37.594033],[-5.701571,37.594168],[-5.701742,37.594168],[-5.701742,37.594304],[-5.701913,37.594304],[-5.702083,37.594304],[-5.702254,37.594304],[-5.702425,37.594439],[-5.702595,37.594439],[-5.702766,37.594439],[-5.702937,37.594439],[-5.703107,37.594439],[-5.703278,37.594574],[-5.703449,37.594574],[-5.703619,37.594574],[-5.70379,37.594574],[-5.703961,37.594709],[-5.703961,37.594845],[-5.704131,37.594845],[-5.704131,37.59498],[-5.704302,37.595115],[-5.704473,37.59525],[-5.704473,37.595386],[-5.704643,37.595521],[-5.704643,37.595656],[-5.704643,37.595791],[-5.704814,37.595791],[-5.704814,37.595927],[-5.704814,37.596062],[-5.704814,37.596467],[-5.704814,37.596603],[-5.704814,37.596738],[-5.704814,37.596873],[-5.704814,37.597008],[-5.704814,37.597144],[-5.704814,37.597279],[-5.704643,37.597414],[-5.704814,37.597549],[-5.704985,37.597549],[-5.704985,37.597685],[-5.704985,37.59782],[-5.705155,37.59782],[-5.705155,37.597955],[-5.705326,37.597955],[-5.705326,37.59809],[-5.705497,37.598226],[-5.705667,37.598226],[-5.705838,37.598226],[-5.706009,37.598361],[-5.70618,37.598361],[-5.70635,37.598496],[-5.706521,37.598496],[-5.706692,37.598496],[-5.706862,37.598496],[-5.707033,37.598496],[-5.707033,37.598631],[-5.707204,37.598496],[-5.707374,37.598496],[-5.707545,37.598631],[-5.707716,37.598631],[-5.707886,37.598766],[-5.708057,37.598766],[-5.708398,37.598766],[-5.708569,37.598631],[-5.708569,37.598766],[-5.70874,37.598766],[-5.70874,37.598631],[-5.70891,37.598631],[-5.709252,37.598631],[-5.709252,37.598766],[-5.709422,37.598766],[-5.709764,37.598902],[-5.709934,37.599037],[-5.710105,37.599172],[-5.710276,37.599172],[-5.710276,37.599307],[-5.710447,37.599443],[-5.710617,37.599578],[-5.710788,37.599578],[-5.710959,37.599713],[-5.711129,37.599848],[-5.7113,37.599848],[-5.711471,37.599983],[-5.711812,37.600119],[-5.711983,37.600119],[-5.712153,37.600119],[-5.712324,37.600119],[-5.713007,37.60066],[-5.713007,37.600795],[-5.713177,37.600795],[-5.713177,37.60093],[-5.713348,37.60093],[-5.713519,37.601065],[-5.713689,37.601201],[-5.714031,37.601471],[-5.71386,37.601606],[-5.71386,37.601741],[-5.71386,37.601877],[-5.714031,37.602012],[-5.714031,37.602147],[-5.714031,37.602282],[-5.714201,37.602282],[-5.714201,37.602418],[-5.714372,37.602688],[-5.714543,37.602688],[-5.714543,37.602823],[-5.714543,37.603094],[-5.714714,37.603364],[-5.714714,37.603499],[-5.714714,37.603635],[-5.714714,37.60377],[-5.714884,37.603905],[-5.714884,37.604175],[-5.715055,37.604175],[-5.715226,37.604311],[-5.715226,37.604987],[-5.715226,37.605122],[-5.715396,37.605257],[-5.715396,37.605392],[-5.715396,37.605528],[-5.715567,37.605798],[-5.715738,37.605933],[-5.715738,37.606069],[-5.715738,37.606204],[-5.715738,37.606339],[-5.715738,37.606474],[-5.715908,37.606745],[-5.715908,37.60688],[-5.715908,37.607285],[-5.715908,37.607556],[-5.71625,37.607556],[-5.71642,37.607556],[-5.716591,37.607421],[-5.716762,37.607556],[-5.716932,37.607556],[-5.717103,37.607421],[-5.717274,37.607421],[-5.717274,37.60715],[-5.717444,37.60715],[-5.717615,37.60715],[-5.717956,37.60715],[-5.717956,37.60688],[-5.718298,37.60688],[-5.718298,37.606745],[-5.718639,37.60688],[-5.71881,37.607015],[-5.719151,37.607421],[-5.719151,37.607556],[-5.719322,37.607556],[-5.719493,37.607556],[-5.720005,37.607556],[-5.720005,37.607691],[-5.720005,37.607826],[-5.720175,37.607826],[-5.720517,37.607826],[-5.720858,37.607962],[-5.721541,37.607962],[-5.721711,37.608232],[-5.721711,37.608502],[-5.722053,37.608638],[-5.722394,37.608773],[-5.722735,37.608773],[-5.722735,37.608502],[-5.723077,37.607962],[-5.722223,37.607962],[-5.721711,37.607962],[-5.721199,37.607421],[-5.721541,37.606745],[-5.721711,37.606204],[-5.722053,37.606069],[-5.722223,37.605933],[-5.722565,37.605663],[-5.722735,37.605663],[-5.723077,37.605663],[-5.723418,37.605798],[-5.72376,37.605798],[-5.72393,37.605798],[-5.724101,37.605798],[-5.724272,37.605933],[-5.724101,37.605933],[-5.724101,37.606069],[-5.724272,37.606069],[-5.724442,37.606069],[-5.724613,37.606069],[-5.724784,37.606069],[-5.724954,37.606069],[-5.725125,37.606204],[-5.725296,37.606204],[-5.725125,37.606339],[-5.725296,37.606474],[-5.725296,37.606339],[-5.725296,37.606204],[-5.725466,37.606204],[-5.725637,37.606204],[-5.725637,37.606339],[-5.725808,37.606339],[-5.725978,37.606474],[-5.72632,37.606609],[-5.72649,37.606745],[-5.726661,37.606745],[-5.727002,37.60688],[-5.727344,37.607015],[-5.727515,37.607015],[-5.727685,37.607015],[-5.727856,37.60715],[-5.728027,37.60715],[-5.728197,37.60715],[-5.728368,37.607285],[-5.728368,37.607421],[-5.728539,37.607421],[-5.728709,37.607556],[-5.72888,37.607556],[-5.729051,37.607691],[-5.729221,37.607691],[-5.729392,37.607826],[-5.729563,37.607962],[-5.729733,37.608097],[-5.730075,37.608232],[-5.730075,37.608367],[-5.730245,37.608502],[-5.730416,37.608638],[-5.730587,37.608638],[-5.730587,37.608773],[-5.730587,37.608908],[-5.730757,37.608908],[-5.730757,37.609043],[-5.730928,37.609178],[-5.731099,37.609314],[-5.731099,37.609449],[-5.731269,37.609449],[-5.731269,37.609584],[-5.73144,37.609584],[-5.73144,37.609719],[-5.731611,37.609584],[-5.731611,37.609854],[-5.731782,37.609854],[-5.731782,37.610125],[-5.731782,37.61026],[-5.731782,37.610395],[-5.731782,37.610666],[-5.732464,37.610531],[-5.732635,37.610531],[-5.732806,37.610531],[-5.732464,37.610666],[-5.732294,37.610666],[-5.732123,37.610801],[-5.731952,37.610801],[-5.731782,37.610801],[-5.731782,37.611071],[-5.731782,37.611342],[-5.731782,37.611612],[-5.731952,37.611612],[-5.732123,37.611612],[-5.732294,37.611747],[-5.732464,37.611612],[-5.732635,37.611477],[-5.732635,37.611612],[-5.732464,37.611747],[-5.732464,37.611883],[-5.732294,37.611883],[-5.732294,37.612018],[-5.732464,37.612018],[-5.732294,37.612153],[-5.732294,37.612288],[-5.732294,37.612423],[-5.732464,37.612288],[-5.732464,37.612018],[-5.732635,37.612018],[-5.732635,37.611883],[-5.732806,37.611747],[-5.732806,37.611612],[-5.733147,37.611612],[-5.733147,37.611747],[-5.732976,37.611747],[-5.732976,37.611883],[-5.732806,37.611883],[-5.732806,37.612018],[-5.733147,37.611883],[-5.733147,37.612018],[-5.733318,37.612018],[-5.733659,37.612153],[-5.733659,37.612018],[-5.73383,37.612153],[-5.734,37.612559],[-5.734,37.612423],[-5.734171,37.612423],[-5.734342,37.612423],[-5.734342,37.612288],[-5.734512,37.612153],[-5.734512,37.612018],[-5.734512,37.611883],[-5.734683,37.612018],[-5.734854,37.612018],[-5.735024,37.612018],[-5.735366,37.612018],[-5.735536,37.612018],[-5.735707,37.612018],[-5.735536,37.612153],[-5.735366,37.612153],[-5.735195,37.612153],[-5.735024,37.612153],[-5.734854,37.612153],[-5.734683,37.612153],[-5.734512,37.612288],[-5.734512,37.612423],[-5.734342,37.612694],[-5.734512,37.612694],[-5.734683,37.612694],[-5.735195,37.612559],[-5.735366,37.612559],[-5.735707,37.612559],[-5.735707,37.612423],[-5.735878,37.612423],[-5.736049,37.612423],[-5.736219,37.612559],[-5.736219,37.612423],[-5.73639,37.612423],[-5.73639,37.612559],[-5.736561,37.612559],[-5.736902,37.612559],[-5.737073,37.612559],[-5.737073,37.612423],[-5.737414,37.612423],[-5.737585,37.612423],[-5.737755,37.612288],[-5.737755,37.612153],[-5.737926,37.612153],[-5.738438,37.612153],[-5.738609,37.612153],[-5.738609,37.612018],[-5.738779,37.612018],[-5.73895,37.612018],[-5.739121,37.611883],[-5.739462,37.611883],[-5.739462,37.611747],[-5.739633,37.611747],[-5.739803,37.611612],[-5.740316,37.611612],[-5.740486,37.611477],[-5.740657,37.611477],[-5.740828,37.611342],[-5.740998,37.611342],[-5.741169,37.611342],[-5.74134,37.611342],[-5.74134,37.611207],[-5.74151,37.611207],[-5.741681,37.611207],[-5.741852,37.611207],[-5.742022,37.611071],[-5.742193,37.611071],[-5.742364,37.610936],[-5.742534,37.610936],[-5.742705,37.610936],[-5.742876,37.610936],[-5.742876,37.610801],[-5.743046,37.610801],[-5.743217,37.610801],[-5.743388,37.610801],[-5.743558,37.610666],[-5.7439,37.610666],[-5.74407,37.610666],[-5.744241,37.610531],[-5.744583,37.610531],[-5.744924,37.610531],[-5.745095,37.610531],[-5.745095,37.610395],[-5.745436,37.610395],[-5.745607,37.610395],[-5.745777,37.61026],[-5.745948,37.61026],[-5.746119,37.61026],[-5.746119,37.610395],[-5.746119,37.610531],[-5.746289,37.610531],[-5.746289,37.610666],[-5.746289,37.610801],[-5.74646,37.610801],[-5.74646,37.610531],[-5.746289,37.610531],[-5.746289,37.610395],[-5.74646,37.610395],[-5.746631,37.61026],[-5.746801,37.61026],[-5.746972,37.61026],[-5.747143,37.610125],[-5.747313,37.60999],[-5.747484,37.60999],[-5.747484,37.609854],[-5.747484,37.609719],[-5.747655,37.609719],[-5.747825,37.609719],[-5.747996,37.609584],[-5.748167,37.609449],[-5.748337,37.609449],[-5.748337,37.609314],[-5.748508,37.609314],[-5.748679,37.609314],[-5.74885,37.609314],[-5.74885,37.609178],[-5.74885,37.609043],[-5.74902,37.608908],[-5.749191,37.608908],[-5.749362,37.608908],[-5.749362,37.608773],[-5.749532,37.608773],[-5.749703,37.608638],[-5.749874,37.608638],[-5.749874,37.608502],[-5.750044,37.608502],[-5.750215,37.608367],[-5.750386,37.608232],[-5.750556,37.608232],[-5.750898,37.608097],[-5.750898,37.607826],[-5.751068,37.607826],[-5.751239,37.607691],[-5.75141,37.607691],[-5.75158,37.607691],[-5.751751,37.607556],[-5.751922,37.607556],[-5.752092,37.607421],[-5.752434,37.607285],[-5.752604,37.607285],[-5.752775,37.60715],[-5.752946,37.607015],[-5.753117,37.60688],[-5.753287,37.60688],[-5.753287,37.606745],[-5.753458,37.606745],[-5.753458,37.606609],[-5.753629,37.606609],[-5.753629,37.606745],[-5.753799,37.606745],[-5.753799,37.606609],[-5.753799,37.606474],[-5.75397,37.606609],[-5.75397,37.606474],[-5.754311,37.606339],[-5.754311,37.606204],[-5.754482,37.606204],[-5.754653,37.606069],[-5.754823,37.605933],[-5.754994,37.605933],[-5.754994,37.605798],[-5.755165,37.605798],[-5.755335,37.605663],[-5.755506,37.605663],[-5.755506,37.605528],[-5.755677,37.605528],[-5.755847,37.605528],[-5.755847,37.605392],[-5.756018,37.605392],[-5.756018,37.605257],[-5.756189,37.605122],[-5.756359,37.604987],[-5.75653,37.605122],[-5.756701,37.605122],[-5.75653,37.604987],[-5.756701,37.604987],[-5.75653,37.604852],[-5.756701,37.604852],[-5.756871,37.604852],[-5.757042,37.604852],[-5.757213,37.604852],[-5.757213,37.604987],[-5.757384,37.604987],[-5.757554,37.604987],[-5.757725,37.604852],[-5.757896,37.604852],[-5.758237,37.604852],[-5.758237,37.604716],[-5.758408,37.604581],[-5.758578,37.604581],[-5.758749,37.604581],[-5.75892,37.604581],[-5.75909,37.604446],[-5.759261,37.604446],[-5.759432,37.604311],[-5.759944,37.604175],[-5.760285,37.604175],[-5.760456,37.604175],[-5.760797,37.60404],[-5.760968,37.60404],[-5.761138,37.60404],[-5.761138,37.603905],[-5.761309,37.603905],[-5.761309,37.603635],[-5.761309,37.603364],[-5.761309,37.603229],[-5.761309,37.602958],[-5.761309,37.602418],[-5.761309,37.602282],[-5.761309,37.602147],[-5.76148,37.602147],[-5.761651,37.602147],[-5.761651,37.601877],[-5.761651,37.601606],[-5.761821,37.601471],[-5.761821,37.601201],[-5.761992,37.60093],[-5.761992,37.600795],[-5.762163,37.600524],[-5.762163,37.600254],[-5.762333,37.599983],[-5.762504,37.599983],[-5.762675,37.599983],[-5.762845,37.599848],[-5.763187,37.599848],[-5.763357,37.599848],[-5.763528,37.599848],[-5.763528,37.599713],[-5.763699,37.599713],[-5.763699,37.599578],[-5.763869,37.599578],[-5.763869,37.599443],[-5.76404,37.599443],[-5.76404,37.599578],[-5.764211,37.599578],[-5.764211,37.599443],[-5.764381,37.599443],[-5.764552,37.599307],[-5.764723,37.599307],[-5.764893,37.599172],[-5.765064,37.599172],[-5.765235,37.599172],[-5.765235,37.599037],[-5.765064,37.599037],[-5.765064,37.598902],[-5.765064,37.598766],[-5.764893,37.598766],[-5.764893,37.598631],[-5.764893,37.598496],[-5.765235,37.598361],[-5.765405,37.598226],[-5.765576,37.59809],[-5.765747,37.597955],[-5.765917,37.597955],[-5.765917,37.59782],[-5.766088,37.597955],[-5.766259,37.59809],[-5.766259,37.597955],[-5.766259,37.59782],[-5.766088,37.59782],[-5.766088,37.597685],[-5.766259,37.597685],[-5.76643,37.597549],[-5.7666,37.597549],[-5.7666,37.597414],[-5.766771,37.597414],[-5.766771,37.597279],[-5.766942,37.597279],[-5.767112,37.597279],[-5.767112,37.597144],[-5.767283,37.597144],[-5.767454,37.597008],[-5.767624,37.597144],[-5.767624,37.597279],[-5.767795,37.597414],[-5.767966,37.597549],[-5.768307,37.597549],[-5.768478,37.597549],[-5.768478,37.597414],[-5.768648,37.597414],[-5.768819,37.597279],[-5.76899,37.597144],[-5.76899,37.597008],[-5.76899,37.596873],[-5.76899,37.596738],[-5.76916,37.596738],[-5.769331,37.596873],[-5.769502,37.596873],[-5.769502,37.596738],[-5.769331,37.596603],[-5.76916,37.596603],[-5.76899,37.596467],[-5.76916,37.596467],[-5.769331,37.596467],[-5.769502,37.596467],[-5.769502,37.596332],[-5.769331,37.596197],[-5.769502,37.596062],[-5.769672,37.596062],[-5.769672,37.595927],[-5.769843,37.595791],[-5.769843,37.595521],[-5.769672,37.595386],[-5.769672,37.595115],[-5.769672,37.59498],[-5.769843,37.59498],[-5.769843,37.594845],[-5.770014,37.594845],[-5.770014,37.594709],[-5.770184,37.594439],[-5.770014,37.594439],[-5.770184,37.594304],[-5.770355,37.594304],[-5.770526,37.594439],[-5.770697,37.594439],[-5.770526,37.594304],[-5.770526,37.594168],[-5.770355,37.594033],[-5.770184,37.593898],[-5.770184,37.593763],[-5.770355,37.593763],[-5.770355,37.593628],[-5.770184,37.593492],[-5.770355,37.593357],[-5.770526,37.593222],[-5.770697,37.593357],[-5.770867,37.593357],[-5.771038,37.593357],[-5.771209,37.592951],[-5.771379,37.592546],[-5.77155,37.592275],[-5.772062,37.592005],[-5.772403,37.591464],[-5.772574,37.591328],[-5.772745,37.591193],[-5.773427,37.590923],[-5.773769,37.590652],[-5.774793,37.590246],[-5.775134,37.590111],[-5.775476,37.590111],[-5.775817,37.589976],[-5.775817,37.589435],[-5.775817,37.5893],[-5.77667,37.5893],[-5.776841,37.589705],[-5.777012,37.589841],[-5.777182,37.589976],[-5.777182,37.590246],[-5.777353,37.590246],[-5.777524,37.590246],[-5.777524,37.590111],[-5.777694,37.590246],[-5.778036,37.590246],[-5.778206,37.590246],[-5.778377,37.590111],[-5.778718,37.589976],[-5.778889,37.589841],[-5.77906,37.589841],[-5.77906,37.589976],[-5.77906,37.590111],[-5.779231,37.590111],[-5.779231,37.590246],[-5.779401,37.590111],[-5.779572,37.590111],[-5.779743,37.589976],[-5.779913,37.589841],[-5.780255,37.589841],[-5.780425,37.58957],[-5.780425,37.589435],[-5.780596,37.5893],[-5.780596,37.589164],[-5.780937,37.589164],[-5.780937,37.588623],[-5.780425,37.588894],[-5.780255,37.589029],[-5.780084,37.588623],[-5.779743,37.587812],[-5.779572,37.587541],[-5.779572,37.587406],[-5.779572,37.58673],[-5.779572,37.586459],[-5.779572,37.586324],[-5.779572,37.586189],[-5.779572,37.586054],[-5.779572,37.585918],[-5.779572,37.585783],[-5.779743,37.585648],[-5.779743,37.585513],[-5.779743,37.585377],[-5.779572,37.585242],[-5.779572,37.584972],[-5.779572,37.584836],[-5.779572,37.584701],[-5.779572,37.584566],[-5.779401,37.584431],[-5.779401,37.584295],[-5.779401,37.58416],[-5.779401,37.584025],[-5.779401,37.58389],[-5.779743,37.583754],[-5.779743,37.583619],[-5.779913,37.583619],[-5.780084,37.583619],[-5.780255,37.583619],[-5.780425,37.583619],[-5.780596,37.583619],[-5.780767,37.583484],[-5.780937,37.583484],[-5.781108,37.583484],[-5.781279,37.583484],[-5.781449,37.583484],[-5.78162,37.583484],[-5.781791,37.583484],[-5.781961,37.583484],[-5.781961,37.583619],[-5.781961,37.583754],[-5.782132,37.584025],[-5.782644,37.584025],[-5.782815,37.583754],[-5.782985,37.583754],[-5.782985,37.58389],[-5.782985,37.584025],[-5.783156,37.584025],[-5.783156,37.58416],[-5.783327,37.58416],[-5.783668,37.584295],[-5.783668,37.58416],[-5.783839,37.58416],[-5.783839,37.584025],[-5.78401,37.584025],[-5.78401,37.58416],[-5.78418,37.584295],[-5.784351,37.58416],[-5.784351,37.584025],[-5.784351,37.58389],[-5.784522,37.58389],[-5.784522,37.584025],[-5.784692,37.584025],[-5.784863,37.584025],[-5.785034,37.584025],[-5.785204,37.58389],[-5.785375,37.58389],[-5.785375,37.583754],[-5.785546,37.583754],[-5.785716,37.58389],[-5.785887,37.583754],[-5.786058,37.583754],[-5.786228,37.58389],[-5.786399,37.584025],[-5.78657,37.584025],[-5.786911,37.58416],[-5.787252,37.58416],[-5.787423,37.584431],[-5.787765,37.584431],[-5.787765,37.584701],[-5.788106,37.584566],[-5.788106,37.584701],[-5.788277,37.584836],[-5.788447,37.584836],[-5.788618,37.584972],[-5.788618,37.585107],[-5.788789,37.585107],[-5.78913,37.585242],[-5.78913,37.585377],[-5.789471,37.585513],[-5.790154,37.585648],[-5.790325,37.585783],[-5.790495,37.585783],[-5.790837,37.585648],[-5.791007,37.585648],[-5.791349,37.585513],[-5.791519,37.585513],[-5.79169,37.585513],[-5.791861,37.585513],[-5.791861,37.585648],[-5.792032,37.585648],[-5.792032,37.585783],[-5.792202,37.585918],[-5.792202,37.586054],[-5.792373,37.586054],[-5.792544,37.586054],[-5.792544,37.585918],[-5.792544,37.585783],[-5.792714,37.585783],[-5.792714,37.585648],[-5.792885,37.585513],[-5.792885,37.585377],[-5.792885,37.585242],[-5.793397,37.584836],[-5.793909,37.584431],[-5.794421,37.58416],[-5.794592,37.58416],[-5.795274,37.584431],[-5.795786,37.584431],[-5.795786,37.584836],[-5.795957,37.584836],[-5.795957,37.584972],[-5.796128,37.584972],[-5.796299,37.584972],[-5.796469,37.584972],[-5.79664,37.584972],[-5.79664,37.585107],[-5.796811,37.585107],[-5.796981,37.584972],[-5.797152,37.584972],[-5.797323,37.585107],[-5.797493,37.585107],[-5.797323,37.585242],[-5.797323,37.585377],[-5.797493,37.585242],[-5.797664,37.585242],[-5.797835,37.585242],[-5.797835,37.585107],[-5.798176,37.585242],[-5.798347,37.585242],[-5.798347,37.585107],[-5.798176,37.584972],[-5.797835,37.584972],[-5.797664,37.584836],[-5.797493,37.584701],[-5.797493,37.584566],[-5.797152,37.584431],[-5.796811,37.58416],[-5.796981,37.583754],[-5.797493,37.583619],[-5.798176,37.582943],[-5.798517,37.582808],[-5.798517,37.582402],[-5.7992,37.582131],[-5.799371,37.581455],[-5.798859,37.58132],[-5.798688,37.58132],[-5.798688,37.581184],[-5.798859,37.581184],[-5.799371,37.581184],[-5.799541,37.581184],[-5.799712,37.58132],[-5.800224,37.58159],[-5.800395,37.58159],[-5.801078,37.581861],[-5.80176,37.581861],[-5.802102,37.58159],[-5.802614,37.581455],[-5.802614,37.58132],[-5.802614,37.581184],[-5.802784,37.581184],[-5.802955,37.581049],[-5.802784,37.580914],[-5.802614,37.580779],[-5.802614,37.580643],[-5.802443,37.580643],[-5.802614,37.580508],[-5.802443,37.580508],[-5.802443,37.580373],[-5.802272,37.580373],[-5.802443,37.580238],[-5.802443,37.580102],[-5.802614,37.580238],[-5.802784,37.580238],[-5.802955,37.580373],[-5.803126,37.580508],[-5.803296,37.580373],[-5.803296,37.580238],[-5.803126,37.580102],[-5.802955,37.580102],[-5.802955,37.579967],[-5.803126,37.579832],[-5.803296,37.579697],[-5.803296,37.579561],[-5.803467,37.579426],[-5.803296,37.579291],[-5.803126,37.579291],[-5.802955,37.579155],[-5.802784,37.579155],[-5.802955,37.57902],[-5.802955,37.578885],[-5.803467,37.578614],[-5.803638,37.57875],[-5.803296,37.578885],[-5.803808,37.57902],[-5.80432,37.579426],[-5.804491,37.579561],[-5.804491,37.579697],[-5.804662,37.579561],[-5.805174,37.579561],[-5.805686,37.579561],[-5.805857,37.579426],[-5.805857,37.579291],[-5.805857,37.579155],[-5.805857,37.57902],[-5.805857,37.578885],[-5.805857,37.57875],[-5.806027,37.57875],[-5.806027,37.578614],[-5.806198,37.578479],[-5.806369,37.578479],[-5.806539,37.578614],[-5.806539,37.578479],[-5.806369,37.578344],[-5.806369,37.578209],[-5.806198,37.578073],[-5.806198,37.577938],[-5.806369,37.577803],[-5.806369,37.577668],[-5.806539,37.577668],[-5.80671,37.577938],[-5.80671,37.577668],[-5.806881,37.577668],[-5.807051,37.577668],[-5.807051,37.577532],[-5.807222,37.577532],[-5.807393,37.577532],[-5.807222,37.577397],[-5.807222,37.577262],[-5.807563,37.577397],[-5.807734,37.577262],[-5.807905,37.577397],[-5.808075,37.577532],[-5.808417,37.577262],[-5.808587,37.577397],[-5.808758,37.577397],[-5.808929,37.577397],[-5.808929,37.577262],[-5.8091,37.577262],[-5.8091,37.577126],[-5.808929,37.577126],[-5.808929,37.576991],[-5.808929,37.576856],[-5.8091,37.576991],[-5.80927,37.576856],[-5.809441,37.576856],[-5.809612,37.576856],[-5.809782,37.576721],[-5.809953,37.576585],[-5.810124,37.576585],[-5.810124,37.57645],[-5.810294,37.57645],[-5.810465,37.576315],[-5.810636,37.57618],[-5.810636,37.576044],[-5.810806,37.576044],[-5.810806,37.575909],[-5.811148,37.576044],[-5.811489,37.575909],[-5.81166,37.575909],[-5.81183,37.57618],[-5.812001,37.576315],[-5.812001,37.57645],[-5.81183,37.576585],[-5.81183,37.576721],[-5.812001,37.576991],[-5.812342,37.576991],[-5.812513,37.576991],[-5.812684,37.576991],[-5.812854,37.576991],[-5.812854,37.576856],[-5.812684,37.576856],[-5.812513,37.576856],[-5.812513,37.576585],[-5.812513,37.57645],[-5.812684,37.57645],[-5.812854,37.57645],[-5.812854,37.576315],[-5.813025,37.575774],[-5.812854,37.575774],[-5.812684,37.575774],[-5.812684,37.575638],[-5.812513,37.575638],[-5.812342,37.575638],[-5.812172,37.575503],[-5.812001,37.575503],[-5.812001,37.575233],[-5.81183,37.575097],[-5.81166,37.575097],[-5.81166,37.574962],[-5.811318,37.574962],[-5.811148,37.574962],[-5.810977,37.574962],[-5.810977,37.574827],[-5.810806,37.574692],[-5.810806,37.574827],[-5.810636,37.574827],[-5.810636,37.574962],[-5.810465,37.574962],[-5.810124,37.575097],[-5.809782,37.574962],[-5.809782,37.574827],[-5.809782,37.574692],[-5.809953,37.574692],[-5.810124,37.574692],[-5.810124,37.574556],[-5.810294,37.574556],[-5.810465,37.574556],[-5.810636,37.574421],[-5.810806,37.574421],[-5.810806,37.574556],[-5.810977,37.574421],[-5.811148,37.574421],[-5.811148,37.574286],[-5.811318,37.57415],[-5.811489,37.57415],[-5.811489,37.574015],[-5.81166,37.574015],[-5.81166,37.57388],[-5.81183,37.57388],[-5.81183,37.573745],[-5.812001,37.573745],[-5.812001,37.573609],[-5.812172,37.573609],[-5.812172,37.573474],[-5.812342,37.573609],[-5.812342,37.573474],[-5.812513,37.573339],[-5.812513,37.573204],[-5.812684,37.573068],[-5.812854,37.573068],[-5.812854,37.572933],[-5.813025,37.572933],[-5.813367,37.572933],[-5.813537,37.572933],[-5.813708,37.572933],[-5.813708,37.572798],[-5.813879,37.572798],[-5.813879,37.572933],[-5.814049,37.572933],[-5.814049,37.572798],[-5.81422,37.572798],[-5.814391,37.572662],[-5.814561,37.572662],[-5.814732,37.572662],[-5.814903,37.572662],[-5.815073,37.572527],[-5.815244,37.572527],[-5.815415,37.572527],[-5.815585,37.572527],[-5.815756,37.572527],[-5.815756,37.572392],[-5.815927,37.572392],[-5.815927,37.572257],[-5.816097,37.572392],[-5.816268,37.572257],[-5.816268,37.572121],[-5.816439,37.572257],[-5.816609,37.572257],[-5.81678,37.572121],[-5.816951,37.572121],[-5.817121,37.572121],[-5.817292,37.572257],[-5.817292,37.572392],[-5.817292,37.572527],[-5.817463,37.572527],[-5.817634,37.572392],[-5.817804,37.572392],[-5.817975,37.572392],[-5.818146,37.572392],[-5.818146,37.572257],[-5.818316,37.572257],[-5.818487,37.572257],[-5.818487,37.572121],[-5.818658,37.572121],[-5.818828,37.572121],[-5.818828,37.571986],[-5.818999,37.571986],[-5.81917,37.571986],[-5.81917,37.571851],[-5.819511,37.571715],[-5.819682,37.571851],[-5.819682,37.571715],[-5.819852,37.571715],[-5.820023,37.571715],[-5.820194,37.571715],[-5.820364,37.57158],[-5.820535,37.571715],[-5.820706,37.571715],[-5.820706,37.57158],[-5.820706,37.571445],[-5.820876,37.571445],[-5.821047,37.57131],[-5.821218,37.571445],[-5.821388,37.57131],[-5.821559,37.57131],[-5.821901,37.57131],[-5.822242,37.571445],[-5.822413,37.57131],[-5.822583,37.571445],[-5.822754,37.571445],[-5.822925,37.571445],[-5.823095,37.571445],[-5.823266,37.571445],[-5.823266,37.57158],[-5.823437,37.57158],[-5.823437,37.571445],[-5.823607,37.571445],[-5.823778,37.571445],[-5.823778,37.571715],[-5.823949,37.571715],[-5.823949,37.57158],[-5.823778,37.571445],[-5.823778,37.57131],[-5.823949,37.571174],[-5.824119,37.571174],[-5.824119,37.57131],[-5.82429,37.57131],[-5.824461,37.571174],[-5.824631,37.571174],[-5.824802,37.571039],[-5.824802,37.570904],[-5.824973,37.570769],[-5.825143,37.570769],[-5.825314,37.570633],[-5.825485,37.570633],[-5.825655,37.570633],[-5.825655,37.570498],[-5.826168,37.570498],[-5.826338,37.570363],[-5.826509,37.570363],[-5.82668,37.570363],[-5.82685,37.570363],[-5.827021,37.570363],[-5.827021,37.570227],[-5.827192,37.570227],[-5.827362,37.570092],[-5.827362,37.569957],[-5.827362,37.569822],[-5.827533,37.569822],[-5.827533,37.569957],[-5.827533,37.570092],[-5.827533,37.570227],[-5.827533,37.570363],[-5.827533,37.570498],[-5.827533,37.570633],[-5.827533,37.570769],[-5.827533,37.570904],[-5.827704,37.571039],[-5.827874,37.571039],[-5.828045,37.571174],[-5.828216,37.571174],[-5.828557,37.571174],[-5.828728,37.571039],[-5.828898,37.570904],[-5.829581,37.570769],[-5.830093,37.570769],[-5.830264,37.570769],[-5.830947,37.570227],[-5.831117,37.570227],[-5.831288,37.570363],[-5.831459,37.570227],[-5.831629,37.570633],[-5.831971,37.570092],[-5.832141,37.569957],[-5.832141,37.569686],[-5.832312,37.569551],[-5.832312,37.569416],[-5.832312,37.56928],[-5.832483,37.56928],[-5.832653,37.56928],[-5.833165,37.56928],[-5.833165,37.569416],[-5.833336,37.569551],[-5.833848,37.569957],[-5.834019,37.569957],[-5.834189,37.570092],[-5.83436,37.570227],[-5.834531,37.570227],[-5.834531,37.570363],[-5.834702,37.570363],[-5.834872,37.570498],[-5.835043,37.570633],[-5.835043,37.570769],[-5.835214,37.570769],[-5.835214,37.570633],[-5.835384,37.570633],[-5.835555,37.570633],[-5.835726,37.570633],[-5.835896,37.570498],[-5.836067,37.570498],[-5.836238,37.570498],[-5.836579,37.570363],[-5.83675,37.570363],[-5.837091,37.570498],[-5.837091,37.570633],[-5.837262,37.570904],[-5.837432,37.570904],[-5.837432,37.571039],[-5.837603,37.571039],[-5.837774,37.571039],[-5.837944,37.571039],[-5.838115,37.570904],[-5.838286,37.570904],[-5.838456,37.570769],[-5.838627,37.570769],[-5.838798,37.570769],[-5.838798,37.570633],[-5.838968,37.570633],[-5.839139,37.570633],[-5.83931,37.570633],[-5.839481,37.570633],[-5.839651,37.570633],[-5.839822,37.570633],[-5.839822,37.570498],[-5.839993,37.570498],[-5.839993,37.570363],[-5.840163,37.570363],[-5.840334,37.570227],[-5.840505,37.570092],[-5.840675,37.570092],[-5.840846,37.570092],[-5.841017,37.570092],[-5.841187,37.569957],[-5.841358,37.569957],[-5.841529,37.569957],[-5.841699,37.569822],[-5.84187,37.569822],[-5.842041,37.569686],[-5.842211,37.569686],[-5.842382,37.569551],[-5.842553,37.569551],[-5.842553,37.569416],[-5.842723,37.569416],[-5.842723,37.56928],[-5.842894,37.56928],[-5.843065,37.56928],[-5.843235,37.569145],[-5.843406,37.569145],[-5.843406,37.56901],[-5.843577,37.56901],[-5.843748,37.56901],[-5.843918,37.568875],[-5.844089,37.568875],[-5.84426,37.568875],[-5.84426,37.568739],[-5.84443,37.568739],[-5.844601,37.568604],[-5.844772,37.568604],[-5.844942,37.568469],[-5.845113,37.568469],[-5.845284,37.568469],[-5.845284,37.568333],[-5.845454,37.568198],[-5.845625,37.568198],[-5.845796,37.568198],[-5.845796,37.568063],[-5.845966,37.568063],[-5.846137,37.568063],[-5.846137,37.567928],[-5.846308,37.567928],[-5.846478,37.567928],[-5.846478,37.567792],[-5.846649,37.567792],[-5.846649,37.567657],[-5.84682,37.567657],[-5.84699,37.567657],[-5.847161,37.567657],[-5.847161,37.567522],[-5.847332,37.567522],[-5.847502,37.567386],[-5.847673,37.567251],[-5.847673,37.567386],[-5.847844,37.567386],[-5.847844,37.567251],[-5.848015,37.567251],[-5.848185,37.567251],[-5.848185,37.567116],[-5.848185,37.566981],[-5.848356,37.567116],[-5.848356,37.566981],[-5.848527,37.566981],[-5.848527,37.566845],[-5.848356,37.566845],[-5.848356,37.56671],[-5.848185,37.566575],[-5.848015,37.566304],[-5.848185,37.566169],[-5.848356,37.566169],[-5.848697,37.566304],[-5.848868,37.566439],[-5.849039,37.566304],[-5.84938,37.566439],[-5.849721,37.566575],[-5.850063,37.566439],[-5.850575,37.566575],[-5.851087,37.566439],[-5.851599,37.566575],[-5.852111,37.566575],[-5.852623,37.566304],[-5.852794,37.566439],[-5.852964,37.566575],[-5.853135,37.566575],[-5.853306,37.566575],[-5.853476,37.566575],[-5.853647,37.566439],[-5.853818,37.566439],[-5.853988,37.566439],[-5.854159,37.566439],[-5.85433,37.566439],[-5.8545,37.566439],[-5.854842,37.566575],[-5.855012,37.566575],[-5.855183,37.566575],[-5.855354,37.56671],[-5.855524,37.56671],[-5.855695,37.56671],[-5.855866,37.56671],[-5.856036,37.56671],[-5.856207,37.56671],[-5.856378,37.56671],[-5.856549,37.566845],[-5.856719,37.566845],[-5.856719,37.567251],[-5.85689,37.567386],[-5.85689,37.567522],[-5.857061,37.567657],[-5.857231,37.567657],[-5.857402,37.567522],[-5.857573,37.567522],[-5.857743,37.567522],[-5.857914,37.567522],[-5.858085,37.567386],[-5.857914,37.567386],[-5.857914,37.567116],[-5.857914,37.566981],[-5.858085,37.566981],[-5.858255,37.566981],[-5.858255,37.566845],[-5.858426,37.56671],[-5.858426,37.566845],[-5.858597,37.566981],[-5.858767,37.566845],[-5.858938,37.566845],[-5.859279,37.566575],[-5.859279,37.566439],[-5.85945,37.566439],[-5.85945,37.566304],[-5.85945,37.566169],[-5.859279,37.566034],[-5.859279,37.565628],[-5.85945,37.565492],[-5.85945,37.565628],[-5.859621,37.565628],[-5.859621,37.565763],[-5.859791,37.565763],[-5.859791,37.565628],[-5.859962,37.565492],[-5.859962,37.565357],[-5.859962,37.565222],[-5.860133,37.565087],[-5.860303,37.565087],[-5.860474,37.564951],[-5.860474,37.564816],[-5.860816,37.564681],[-5.860816,37.564545],[-5.860986,37.564545],[-5.860986,37.56441],[-5.860986,37.564275],[-5.860816,37.564139],[-5.860986,37.564004],[-5.861157,37.563869],[-5.861328,37.563734],[-5.861498,37.563598],[-5.861498,37.563328],[-5.86184,37.563328],[-5.86201,37.563057],[-5.86201,37.562922],[-5.86201,37.562787],[-5.86201,37.562651],[-5.862181,37.562651],[-5.862181,37.562516],[-5.862181,37.562381],[-5.862352,37.562381],[-5.862522,37.562516],[-5.862693,37.562516],[-5.862864,37.562381],[-5.862864,37.562245],[-5.863034,37.562245],[-5.863034,37.56211],[-5.863205,37.56211],[-5.863205,37.561975],[-5.863376,37.561704],[-5.863546,37.561569],[-5.863717,37.561434],[-5.864058,37.561298],[-5.864058,37.561163],[-5.864229,37.561028],[-5.864229,37.560892],[-5.8644,37.560892],[-5.8644,37.560757],[-5.86457,37.560622],[-5.864741,37.560486],[-5.865253,37.560081],[-5.865424,37.560081],[-5.865424,37.559945],[-5.865595,37.55981],[-5.865765,37.55981],[-5.865765,37.559675],[-5.865936,37.559539],[-5.865936,37.559404],[-5.866107,37.559269],[-5.866277,37.559133],[-5.866448,37.558998],[-5.866789,37.558728],[-5.86696,37.558728],[-5.867131,37.558592],[-5.867301,37.558457],[-5.867472,37.558322],[-5.867643,37.558322],[-5.867643,37.558186],[-5.867813,37.558322],[-5.867813,37.558186],[-5.867984,37.558186],[-5.867984,37.558051],[-5.868155,37.558051],[-5.868155,37.557916],[-5.868325,37.557916],[-5.868325,37.55778],[-5.868496,37.55778],[-5.868667,37.557645],[-5.868837,37.557645],[-5.869008,37.557645],[-5.86935,37.55778],[-5.86935,37.557916],[-5.86952,37.557916],[-5.869691,37.55778],[-5.86935,37.55751],[-5.869179,37.557374],[-5.86935,37.557374],[-5.869691,37.557104],[-5.86952,37.557104],[-5.869691,37.556969],[-5.869691,37.556833],[-5.869862,37.556833],[-5.870032,37.556833],[-5.870032,37.556698],[-5.870203,37.556698],[-5.870203,37.556563],[-5.870374,37.556563],[-5.870374,37.556427],[-5.870544,37.556427],[-5.870715,37.556427],[-5.870886,37.556563],[-5.871227,37.556563],[-5.871398,37.556427],[-5.871568,37.556292],[-5.871398,37.556292],[-5.871398,37.556157],[-5.871398,37.556021],[-5.871568,37.556021],[-5.871398,37.555886],[-5.871227,37.555886],[-5.871227,37.555751],[-5.871398,37.555751],[-5.871568,37.555616],[-5.871739,37.55548],[-5.87191,37.555345],[-5.87191,37.55521],[-5.87208,37.55521],[-5.872251,37.555074],[-5.872251,37.55521],[-5.872251,37.555345],[-5.87208,37.555345],[-5.87208,37.55548],[-5.872422,37.55548],[-5.872422,37.555345],[-5.872422,37.55521],[-5.872592,37.555074],[-5.872592,37.554939],[-5.872422,37.554939],[-5.872422,37.554804],[-5.872592,37.554668],[-5.872763,37.554668],[-5.872934,37.554804],[-5.873104,37.554668],[-5.873275,37.554668],[-5.873275,37.554533],[-5.873275,37.554398],[-5.873446,37.554398],[-5.873446,37.554127],[-5.873446,37.553992],[-5.873617,37.553856],[-5.873446,37.553721],[-5.873617,37.553721],[-5.873617,37.553586],[-5.873617,37.553451],[-5.873446,37.553451],[-5.873446,37.55318],[-5.873446,37.553045],[-5.873275,37.553045],[-5.873104,37.553045],[-5.873104,37.552909],[-5.872763,37.552774],[-5.872592,37.552774],[-5.872422,37.552774],[-5.872251,37.552639],[-5.87208,37.552639],[-5.87208,37.552774],[-5.87191,37.552774],[-5.87191,37.552639],[-5.871739,37.552503],[-5.87191,37.552503],[-5.87208,37.552503],[-5.872422,37.552639],[-5.872592,37.552503],[-5.872422,37.552503],[-5.872592,37.552368],[-5.872763,37.552503],[-5.872934,37.552368],[-5.873275,37.552368],[-5.873446,37.552233],[-5.873617,37.552097],[-5.873617,37.551827],[-5.873787,37.551827],[-5.873787,37.551691],[-5.873446,37.551556],[-5.873617,37.551421],[-5.873617,37.551556],[-5.873787,37.551556],[-5.873958,37.551556],[-5.873958,37.551421],[-5.873787,37.551421],[-5.873787,37.551286],[-5.873787,37.55115],[-5.873787,37.551015],[-5.873958,37.551015],[-5.873958,37.55115],[-5.874129,37.55115],[-5.874129,37.551015],[-5.874299,37.55088],[-5.874299,37.550744],[-5.874299,37.550609],[-5.874299,37.550474],[-5.87447,37.550474],[-5.873958,37.550338],[-5.873958,37.550203],[-5.874129,37.550338],[-5.874299,37.550338],[-5.874299,37.550203],[-5.874299,37.550068],[-5.87447,37.550068],[-5.874641,37.550068],[-5.874641,37.549932],[-5.874811,37.549932],[-5.874811,37.549797],[-5.874811,37.549662],[-5.874811,37.549526],[-5.874982,37.549526],[-5.874982,37.549391],[-5.874811,37.549256],[-5.874982,37.549256],[-5.874982,37.54912],[-5.875153,37.54912],[-5.875153,37.548985],[-5.875153,37.54885],[-5.875323,37.548714],[-5.875323,37.54885],[-5.875494,37.54885],[-5.875494,37.548714],[-5.875494,37.548579],[-5.875494,37.548444],[-5.875665,37.548444],[-5.875665,37.548579],[-5.875835,37.548444],[-5.876006,37.548308],[-5.876006,37.548173],[-5.876006,37.548038],[-5.876177,37.548038],[-5.875835,37.547903],[-5.876006,37.547767],[-5.876177,37.547767],[-5.876177,37.547632],[-5.876347,37.547632],[-5.876518,37.547497],[-5.876347,37.547361],[-5.876347,37.547226],[-5.876518,37.547091],[-5.876518,37.546955],[-5.876518,37.54682],[-5.876689,37.546685],[-5.876859,37.546549],[-5.87703,37.546414],[-5.877201,37.546279],[-5.877201,37.546143],[-5.877371,37.546008],[-5.877542,37.545873],[-5.877542,37.545737],[-5.877542,37.545602],[-5.877713,37.545602],[-5.877713,37.545467],[-5.877713,37.545331],[-5.877542,37.545331],[-5.877371,37.545196],[-5.877542,37.545061],[-5.877713,37.545061],[-5.877713,37.545196],[-5.877884,37.545196],[-5.878054,37.545061],[-5.877713,37.544925],[-5.877884,37.544925],[-5.878054,37.544925],[-5.878225,37.544925],[-5.878225,37.54479],[-5.878225,37.544655],[-5.878054,37.544655],[-5.878054,37.544519],[-5.878054,37.544384],[-5.878225,37.544519],[-5.878225,37.544384],[-5.878396,37.544384],[-5.878566,37.544384],[-5.878566,37.544249],[-5.878566,37.544113],[-5.878396,37.544113],[-5.878225,37.543978],[-5.878054,37.543843],[-5.878225,37.543707],[-5.878225,37.543843],[-5.878566,37.543978],[-5.878737,37.543978],[-5.879078,37.543978],[-5.879078,37.543843],[-5.878908,37.543707],[-5.879078,37.543572],[-5.879078,37.543437],[-5.878908,37.543166],[-5.878908,37.543031],[-5.879078,37.543031],[-5.879078,37.543166],[-5.879249,37.543166],[-5.87942,37.543166],[-5.87959,37.543166],[-5.87959,37.543301],[-5.879761,37.543301],[-5.879932,37.543166],[-5.880102,37.543166],[-5.880273,37.543166],[-5.880444,37.543166],[-5.880444,37.543031],[-5.880444,37.542895],[-5.880444,37.54276],[-5.880614,37.54276],[-5.880614,37.542895],[-5.880785,37.542895],[-5.880785,37.54276],[-5.880956,37.542625],[-5.881126,37.542489],[-5.881297,37.542489],[-5.881468,37.542354],[-5.881297,37.542354],[-5.881468,37.542083],[-5.881638,37.541948],[-5.881809,37.541948],[-5.881809,37.542083],[-5.881809,37.542219],[-5.88198,37.542219],[-5.881809,37.542083],[-5.88198,37.542083],[-5.88198,37.541948],[-5.882151,37.542083],[-5.882321,37.542219],[-5.882321,37.542354],[-5.882492,37.542354],[-5.882663,37.542219],[-5.882663,37.542083],[-5.882663,37.541948],[-5.882492,37.541948],[-5.882492,37.541813],[-5.882321,37.541813],[-5.882321,37.541677],[-5.882151,37.541677],[-5.882151,37.541542],[-5.88198,37.541677],[-5.881809,37.541677],[-5.881809,37.541542],[-5.881809,37.541407],[-5.88198,37.541407],[-5.88198,37.541271],[-5.882151,37.541001],[-5.882321,37.54073],[-5.882492,37.540595],[-5.882663,37.540459],[-5.882833,37.540324],[-5.883004,37.540189],[-5.883004,37.540053],[-5.883175,37.540053],[-5.883175,37.539918],[-5.883345,37.539918],[-5.883345,37.539783],[-5.883516,37.539783],[-5.883687,37.539647],[-5.883687,37.539512],[-5.883516,37.539241],[-5.883687,37.539106],[-5.883687,37.538835],[-5.883516,37.5387],[-5.883687,37.538429],[-5.883687,37.538159],[-5.883687,37.537888],[-5.883687,37.537617],[-5.883516,37.537482],[-5.883345,37.537347],[-5.883175,37.537347],[-5.883175,37.537211],[-5.882833,37.537211],[-5.882663,37.537076],[-5.882663,37.536941],[-5.882492,37.536941],[-5.882492,37.536805],[-5.882321,37.536805],[-5.882321,37.53667],[-5.882492,37.536535],[-5.882833,37.536805],[-5.883175,37.536941],[-5.883516,37.536941],[-5.883687,37.537076],[-5.884028,37.537076],[-5.884199,37.537211],[-5.884369,37.537347],[-5.884711,37.537482],[-5.884881,37.537617],[-5.885052,37.537888],[-5.885223,37.538159],[-5.885223,37.538429],[-5.885052,37.5387],[-5.885052,37.538971],[-5.885052,37.539106],[-5.884881,37.539241],[-5.884881,37.539377],[-5.884881,37.539647],[-5.885052,37.539918],[-5.885223,37.540053],[-5.885223,37.540189],[-5.885393,37.540189],[-5.885564,37.540189],[-5.885564,37.540324],[-5.885564,37.540459],[-5.885735,37.540595],[-5.885735,37.54073],[-5.885735,37.540865],[-5.885905,37.541001],[-5.885905,37.541136],[-5.885905,37.541271],[-5.886076,37.541271],[-5.886247,37.541271],[-5.88693,37.541271],[-5.887271,37.541136],[-5.887612,37.541001],[-5.887783,37.540865],[-5.887954,37.540865],[-5.888124,37.540865],[-5.888295,37.540865],[-5.888466,37.54073],[-5.888636,37.540865],[-5.888807,37.540865],[-5.888807,37.54073],[-5.888978,37.54073],[-5.889148,37.540595],[-5.889319,37.540595],[-5.889319,37.540459],[-5.88949,37.540459],[-5.88949,37.540324],[-5.88966,37.540324],[-5.889831,37.540189],[-5.890002,37.540053],[-5.890172,37.539918],[-5.890514,37.539783],[-5.890514,37.539647],[-5.890685,37.539647],[-5.891197,37.539377],[-5.891367,37.539241],[-5.891538,37.539241],[-5.891538,37.539377],[-5.891709,37.539377],[-5.891709,37.539241],[-5.891879,37.539241],[-5.89205,37.539106],[-5.892221,37.539106],[-5.892391,37.539106],[-5.892391,37.538971],[-5.892562,37.538971],[-5.892733,37.538971],[-5.892903,37.538971],[-5.893074,37.538971],[-5.893245,37.538971],[-5.893415,37.538835],[-5.893586,37.538835],[-5.893757,37.538835],[-5.893927,37.538835],[-5.894098,37.538835],[-5.894439,37.538835],[-5.894781,37.5387],[-5.894952,37.5387],[-5.895122,37.5387],[-5.895293,37.5387],[-5.895464,37.5387],[-5.895634,37.5387],[-5.895805,37.5387],[-5.895805,37.538565],[-5.896146,37.538565],[-5.896317,37.538565],[-5.896488,37.538565],[-5.896658,37.538565],[-5.896829,37.538565],[-5.896829,37.538429],[-5.897,37.538429],[-5.897,37.538565],[-5.89717,37.538429],[-5.897341,37.538429],[-5.897512,37.538429],[-5.897682,37.538429],[-5.897853,37.538294],[-5.897853,37.538429],[-5.898024,37.538294],[-5.898194,37.538294],[-5.898536,37.538294],[-5.899048,37.538294],[-5.899219,37.538159],[-5.899389,37.538159],[-5.89956,37.538159],[-5.899901,37.538023],[-5.900072,37.538023],[-5.900413,37.537888],[-5.900584,37.537888],[-5.900755,37.537888],[-5.900925,37.537888],[-5.901096,37.537888],[-5.901096,37.537753],[-5.901267,37.537753],[-5.901437,37.537753],[-5.901608,37.537753],[-5.901779,37.537617],[-5.901949,37.537617],[-5.90212,37.537482],[-5.902291,37.537482],[-5.902291,37.537347],[-5.901949,37.537347],[-5.901096,37.537347],[-5.901096,37.537211],[-5.900755,37.537076],[-5.900755,37.536941],[-5.900584,37.536941],[-5.900584,37.536805],[-5.900413,37.536805],[-5.900243,37.53667],[-5.900072,37.536535],[-5.89956,37.536264],[-5.899389,37.536129],[-5.899389,37.535993],[-5.899219,37.535993],[-5.899048,37.535993],[-5.898877,37.535858],[-5.898706,37.535722],[-5.898536,37.535587],[-5.898365,37.535452],[-5.898365,37.535316],[-5.898194,37.535316],[-5.898365,37.535181],[-5.898536,37.535181],[-5.898536,37.535046],[-5.898706,37.53491],[-5.899048,37.534775],[-5.899048,37.53464],[-5.899389,37.534504],[-5.899731,37.534234],[-5.899901,37.534234],[-5.900072,37.534098],[-5.900243,37.533963],[-5.900413,37.533828],[-5.900584,37.533828],[-5.900584,37.533692],[-5.900755,37.533692],[-5.900925,37.533557],[-5.901267,37.533286],[-5.901437,37.533286],[-5.901437,37.533151],[-5.901779,37.533016],[-5.901949,37.533016],[-5.90212,37.533016],[-5.90212,37.533151],[-5.902291,37.533286],[-5.902461,37.533286],[-5.902461,37.533151],[-5.902291,37.533016],[-5.902291,37.53288],[-5.90212,37.532745],[-5.902291,37.53261],[-5.902461,37.532474],[-5.902632,37.532474],[-5.902803,37.532339],[-5.902973,37.532203],[-5.903315,37.532068],[-5.903315,37.531933],[-5.903486,37.531933],[-5.903656,37.531797],[-5.903827,37.531662],[-5.903998,37.531527],[-5.904168,37.531391],[-5.904339,37.531391],[-5.90451,37.531256],[-5.90468,37.531391],[-5.904851,37.531391],[-5.905022,37.531391],[-5.905022,37.531527],[-5.905192,37.531662],[-5.905363,37.531662],[-5.905363,37.531797],[-5.905534,37.531797],[-5.905704,37.531933],[-5.905875,37.532203],[-5.906046,37.532339],[-5.906216,37.532339],[-5.906216,37.532203],[-5.906387,37.532068],[-5.906387,37.531933],[-5.906387,37.531797],[-5.906387,37.531662],[-5.906558,37.531662],[-5.906558,37.531527],[-5.906728,37.531391],[-5.906728,37.531256],[-5.906728,37.531121],[-5.906899,37.531121],[-5.906899,37.530985],[-5.90707,37.53085],[-5.90724,37.53085],[-5.907411,37.530715],[-5.907582,37.530579],[-5.907752,37.530579],[-5.908094,37.530309],[-5.908094,37.530173],[-5.908265,37.530173],[-5.908435,37.530038],[-5.908606,37.529902],[-5.908606,37.529767],[-5.908606,37.529632],[-5.908777,37.529496],[-5.908947,37.529361],[-5.909289,37.52909],[-5.909801,37.528684],[-5.909971,37.528549],[-5.910142,37.528549],[-5.910142,37.528414],[-5.910313,37.528278],[-5.910483,37.528278],[-5.910825,37.528143],[-5.910995,37.528007],[-5.911166,37.528007],[-5.911337,37.527872],[-5.911507,37.527872],[-5.911678,37.527872],[-5.911678,37.527737],[-5.911849,37.527737],[-5.911849,37.527601],[-5.912019,37.527601],[-5.91219,37.527601],[-5.912361,37.527466],[-5.912532,37.527331],[-5.912702,37.527331],[-5.912702,37.527195],[-5.912873,37.527195],[-5.913044,37.527195],[-5.913214,37.52706],[-5.913385,37.52706],[-5.913385,37.526925],[-5.913726,37.526789],[-5.913897,37.526654],[-5.914238,37.526383],[-5.914409,37.526383],[-5.91458,37.526112],[-5.91475,37.526112],[-5.91475,37.525977],[-5.914921,37.525842],[-5.915262,37.525571],[-5.915433,37.525436],[-5.915604,37.525436],[-5.915774,37.525165],[-5.915945,37.52503],[-5.916286,37.524759],[-5.916457,37.524759],[-5.916628,37.524623],[-5.916799,37.524488],[-5.916799,37.524353],[-5.916969,37.524353],[-5.916969,37.524217],[-5.91714,37.524217],[-5.917311,37.524082],[-5.917481,37.524082],[-5.917652,37.523947],[-5.917823,37.523947],[-5.917823,37.523811],[-5.918164,37.523676],[-5.918335,37.52354],[-5.918505,37.52354],[-5.918847,37.523405],[-5.919017,37.523405],[-5.919017,37.52327],[-5.919188,37.52327],[-5.919359,37.523134],[-5.919529,37.523134],[-5.919529,37.522999],[-5.9197,37.522999],[-5.919871,37.522999],[-5.920041,37.522864],[-5.920212,37.522864],[-5.920212,37.522728],[-5.920383,37.522728],[-5.920553,37.522728],[-5.920724,37.522593],[-5.920895,37.522593],[-5.920895,37.522458],[-5.921066,37.522458],[-5.921236,37.522458],[-5.921236,37.522322],[-5.921407,37.522322],[-5.921748,37.522187],[-5.921919,37.522051],[-5.921919,37.521916],[-5.92209,37.521916],[-5.92209,37.521781],[-5.92226,37.521781],[-5.92226,37.521645],[-5.922431,37.521645],[-5.922431,37.52151],[-5.922602,37.52151],[-5.922602,37.521375],[-5.922602,37.521239],[-5.922772,37.521239],[-5.922943,37.521104],[-5.922943,37.520968],[-5.922943,37.520833],[-5.923114,37.520833],[-5.923114,37.520698],[-5.923284,37.520698],[-5.923284,37.520562],[-5.923114,37.520427],[-5.923114,37.520292],[-5.923284,37.520156],[-5.923284,37.520021],[-5.923455,37.519885],[-5.923626,37.51975],[-5.923626,37.519615],[-5.923796,37.519479],[-5.923796,37.519344],[-5.923967,37.519344],[-5.923967,37.519479],[-5.924138,37.519479],[-5.924308,37.519479],[-5.924308,37.519344],[-5.924479,37.519209],[-5.92465,37.519209],[-5.92482,37.518938],[-5.924991,37.518802],[-5.924991,37.518667],[-5.924991,37.518532],[-5.925162,37.518396],[-5.925162,37.518261],[-5.925333,37.518261],[-5.925333,37.518126],[-5.925333,37.51799],[-5.925333,37.517855],[-5.925333,37.517719],[-5.925333,37.517584],[-5.925162,37.517719],[-5.924991,37.517719],[-5.92482,37.517719],[-5.92482,37.517584],[-5.92482,37.517449],[-5.924991,37.517313],[-5.924991,37.517178],[-5.924991,37.517043],[-5.924991,37.516907],[-5.924991,37.516772],[-5.924991,37.516636],[-5.924991,37.516501],[-5.925162,37.516501],[-5.925162,37.516366],[-5.925162,37.51623],[-5.925162,37.516095],[-5.925333,37.516095],[-5.925333,37.51596],[-5.925333,37.515824],[-5.925503,37.515689],[-5.925503,37.515553],[-5.925503,37.515418],[-5.925674,37.515283],[-5.925674,37.515147],[-5.925845,37.515147],[-5.925845,37.515012],[-5.925845,37.514877],[-5.926015,37.514741],[-5.925845,37.514741],[-5.926015,37.514606],[-5.926015,37.51447],[-5.926186,37.51447],[-5.926186,37.514335],[-5.926357,37.5142],[-5.926357,37.514064],[-5.926357,37.513929],[-5.926527,37.514064],[-5.926698,37.514064],[-5.926869,37.5142],[-5.926869,37.514335],[-5.927039,37.514335],[-5.92721,37.51447],[-5.927381,37.51447],[-5.927381,37.514606],[-5.927551,37.514741],[-5.927722,37.514877],[-5.927722,37.515012],[-5.927722,37.515147],[-5.927722,37.515283],[-5.927893,37.515147],[-5.927893,37.515012],[-5.927893,37.514741],[-5.927551,37.51447],[-5.927381,37.51447],[-5.92721,37.514335],[-5.92721,37.5142],[-5.927039,37.5142],[-5.926869,37.514064],[-5.926869,37.513929],[-5.926698,37.513929],[-5.926357,37.513658],[-5.926015,37.513387],[-5.924991,37.512575],[-5.92482,37.512575],[-5.92482,37.51244],[-5.92465,37.51244],[-5.924479,37.512304],[-5.924308,37.512169],[-5.924138,37.512033],[-5.923626,37.511763],[-5.923455,37.511627],[-5.923284,37.511492],[-5.923114,37.511356],[-5.922943,37.511356],[-5.922772,37.511221],[-5.922602,37.511086],[-5.922431,37.51095],[-5.92226,37.51095],[-5.92209,37.510815],[-5.921919,37.510815],[-5.921748,37.51068],[-5.921578,37.51068],[-5.921578,37.510544],[-5.921407,37.510544],[-5.921236,37.510409],[-5.921407,37.510273],[-5.921407,37.510409],[-5.921748,37.510544],[-5.921919,37.51068],[-5.92209,37.51068],[-5.92226,37.510815],[-5.922431,37.510815],[-5.922602,37.51095],[-5.922772,37.51095],[-5.922772,37.511086],[-5.922943,37.511086],[-5.923114,37.511221],[-5.923284,37.511221],[-5.923455,37.511356],[-5.923796,37.511492],[-5.923796,37.511627],[-5.924479,37.512033],[-5.92465,37.512169],[-5.924991,37.512304],[-5.925674,37.512846],[-5.926527,37.513523],[-5.926869,37.513658],[-5.927039,37.513793],[-5.927039,37.513929],[-5.92721,37.513929],[-5.92721,37.514064],[-5.927722,37.514335],[-5.928234,37.514606],[-5.928405,37.514606],[-5.928575,37.514606],[-5.928746,37.514606],[-5.928746,37.51447],[-5.928575,37.51447],[-5.928405,37.514606],[-5.928234,37.51447],[-5.927722,37.5142],[-5.927551,37.514064],[-5.927381,37.513929],[-5.92721,37.513793],[-5.927039,37.513658],[-5.926698,37.513387],[-5.926698,37.513252],[-5.926869,37.513117],[-5.926869,37.512981],[-5.926869,37.512846],[-5.927039,37.512846],[-5.927039,37.51271],[-5.92721,37.512575],[-5.92721,37.51244],[-5.927381,37.51244],[-5.927551,37.512169],[-5.927551,37.512033],[-5.927722,37.512033],[-5.927722,37.511898],[-5.927893,37.511627],[-5.928234,37.511221],[-5.928405,37.511086],[-5.928917,37.51068],[-5.929087,37.510544],[-5.929258,37.510544],[-5.929258,37.510409],[-5.929258,37.510273],[-5.929429,37.510273],[-5.929429,37.510138],[-5.9296,37.510138],[-5.92977,37.510003],[-5.92977,37.509867],[-5.929941,37.509867],[-5.929941,37.509732],[-5.929941,37.509596],[-5.930112,37.509461],[-5.930282,37.509326],[-5.930453,37.50919],[-5.930624,37.50919],[-5.930794,37.509055],[-5.930965,37.509055],[-5.930965,37.508919],[-5.931306,37.508784],[-5.931477,37.508784],[-5.931648,37.508649],[-5.931648,37.508513],[-5.931818,37.508378],[-5.931648,37.508378],[-5.931477,37.508378],[-5.931477,37.508242],[-5.931306,37.508107],[-5.931306,37.507972],[-5.931136,37.507836],[-5.931306,37.507836],[-5.931306,37.507701],[-5.931648,37.507565],[-5.931648,37.50743],[-5.931989,37.507295],[-5.931989,37.507159],[-5.93216,37.507024],[-5.93233,37.506889],[-5.932501,37.506889],[-5.933184,37.506212],[-5.933354,37.506212],[-5.933525,37.505941],[-5.933696,37.505805],[-5.933867,37.50567],[-5.934037,37.50567],[-5.934208,37.505399],[-5.934379,37.505399],[-5.934549,37.505399],[-5.93472,37.505399],[-5.93472,37.505264],[-5.934891,37.505264],[-5.935061,37.505264],[-5.935232,37.505399],[-5.935232,37.505535],[-5.935061,37.505535],[-5.935061,37.50567],[-5.935232,37.50567],[-5.935403,37.505805],[-5.935573,37.505941],[-5.935403,37.505941],[-5.935403,37.506076],[-5.935573,37.506076],[-5.935744,37.506212],[-5.935915,37.506212],[-5.936085,37.506076],[-5.936085,37.505941],[-5.936256,37.505941],[-5.936256,37.505805],[-5.936427,37.505805],[-5.936427,37.505941],[-5.936597,37.505941],[-5.936768,37.505941],[-5.936939,37.506076],[-5.937109,37.506076],[-5.936939,37.506347],[-5.936768,37.506482],[-5.936597,37.506618],[-5.936427,37.506618],[-5.936256,37.506753],[-5.936085,37.506753],[-5.935915,37.506753],[-5.935744,37.506889],[-5.935573,37.506889],[-5.935232,37.507024],[-5.935403,37.507159],[-5.935744,37.507024],[-5.935915,37.507024],[-5.936085,37.507024],[-5.936085,37.507159],[-5.936256,37.507024],[-5.936085,37.506889],[-5.936256,37.506889],[-5.936427,37.506753],[-5.936597,37.506753],[-5.936768,37.506753],[-5.936939,37.506753],[-5.936939,37.506618],[-5.937109,37.506618],[-5.93728,37.506618],[-5.937451,37.506482],[-5.937621,37.506482],[-5.937792,37.506482],[-5.937963,37.506347],[-5.938134,37.506482],[-5.938304,37.506482],[-5.938475,37.506482],[-5.938646,37.506618],[-5.938816,37.506482],[-5.938987,37.506347],[-5.939158,37.506212],[-5.939328,37.506212],[-5.939499,37.506212],[-5.939499,37.506076],[-5.93967,37.506076],[-5.93984,37.506076],[-5.93984,37.505941],[-5.940011,37.505941],[-5.940182,37.505805],[-5.940352,37.505805],[-5.940352,37.50567],[-5.940523,37.50567],[-5.940694,37.50567],[-5.940694,37.505535],[-5.940864,37.505535],[-5.940864,37.505399],[-5.941035,37.505399],[-5.941206,37.505399],[-5.941206,37.505264],[-5.941376,37.505264],[-5.941376,37.505128],[-5.941547,37.504993],[-5.941547,37.505128],[-5.941718,37.504993],[-5.941718,37.504858],[-5.941718,37.504722],[-5.941888,37.504722],[-5.941888,37.504587],[-5.941888,37.504451],[-5.942059,37.504316],[-5.942059,37.504181],[-5.94223,37.504181],[-5.94223,37.504045],[-5.942401,37.50391],[-5.942571,37.503774],[-5.942913,37.503504],[-5.942913,37.503368],[-5.943083,37.503233],[-5.943083,37.503097],[-5.943083,37.502962],[-5.942913,37.502962],[-5.942742,37.502962],[-5.942913,37.502826],[-5.942913,37.502691],[-5.942742,37.502691],[-5.942742,37.502826],[-5.942571,37.502962],[-5.942571,37.503097],[-5.942401,37.502962],[-5.942571,37.502691],[-5.942571,37.502556],[-5.942571,37.50242],[-5.942571,37.502285],[-5.942571,37.502014],[-5.942742,37.502014],[-5.942913,37.502014],[-5.942913,37.501879],[-5.943083,37.501743],[-5.943254,37.501743],[-5.943595,37.501743],[-5.943766,37.501608],[-5.943937,37.501608],[-5.944107,37.501608],[-5.944278,37.501472],[-5.944278,37.501337],[-5.944107,37.501337],[-5.944107,37.501202],[-5.943937,37.501202],[-5.943937,37.501066],[-5.943937,37.50066],[-5.944107,37.500525],[-5.944107,37.500389],[-5.944278,37.500389],[-5.944619,37.500525],[-5.944619,37.50066],[-5.94479,37.500525],[-5.94479,37.500389],[-5.944961,37.500389],[-5.944961,37.500254],[-5.944961,37.500118],[-5.945131,37.499848],[-5.945131,37.499712],[-5.945131,37.499441],[-5.945131,37.499306],[-5.944961,37.49917],[-5.944619,37.49917],[-5.944619,37.4989],[-5.944619,37.498764],[-5.944619,37.498629],[-5.945302,37.498629],[-5.945302,37.498087],[-5.945302,37.497816],[-5.945473,37.497816],[-5.945643,37.497681],[-5.945814,37.497816],[-5.945985,37.497816],[-5.945985,37.498087],[-5.945985,37.498223],[-5.946155,37.498223],[-5.946497,37.498223],[-5.946668,37.498223],[-5.946838,37.498493],[-5.947009,37.498629],[-5.946838,37.498764],[-5.946326,37.498764],[-5.946326,37.49917],[-5.946668,37.499035],[-5.946838,37.499035],[-5.947009,37.499035],[-5.94718,37.499035],[-5.94735,37.4989],[-5.947521,37.4989],[-5.947692,37.4989],[-5.947862,37.4989],[-5.948033,37.498764],[-5.948204,37.498764],[-5.948374,37.498764],[-5.948716,37.498764],[-5.948886,37.4989],[-5.949057,37.498764],[-5.94974,37.498764],[-5.94991,37.498764],[-5.950252,37.498764],[-5.950593,37.498764],[-5.950935,37.4989],[-5.951105,37.498764],[-5.951276,37.498764],[-5.951447,37.498629],[-5.951617,37.498629],[-5.951788,37.498493],[-5.951788,37.498629],[-5.951959,37.498629],[-5.951788,37.498764],[-5.951617,37.4989],[-5.951788,37.4989],[-5.951959,37.498764],[-5.952129,37.498764],[-5.9523,37.498629],[-5.952471,37.498493],[-5.952471,37.498358],[-5.9523,37.498358],[-5.9523,37.498223],[-5.952471,37.498223],[-5.952641,37.498223],[-5.952812,37.498087],[-5.952983,37.497952],[-5.953153,37.498087],[-5.953153,37.497952],[-5.953324,37.497952],[-5.953324,37.497816],[-5.953495,37.497681],[-5.953324,37.49741],[-5.953495,37.49741],[-5.953665,37.497275],[-5.953665,37.497139],[-5.953495,37.497004],[-5.953495,37.496868],[-5.953665,37.496733],[-5.953836,37.496733],[-5.953836,37.496598],[-5.953836,37.496462],[-5.953836,37.496327],[-5.953665,37.496327],[-5.953324,37.496462],[-5.953324,37.496191],[-5.953153,37.496191],[-5.952812,37.495921],[-5.952812,37.495785],[-5.952812,37.49565],[-5.952812,37.495514],[-5.952641,37.495514],[-5.952641,37.495379],[-5.952471,37.495379],[-5.952471,37.495243],[-5.9523,37.495243],[-5.9523,37.495108],[-5.952129,37.494973],[-5.951959,37.494837],[-5.951959,37.494702],[-5.951788,37.494566],[-5.951788,37.494431],[-5.951617,37.494296],[-5.951447,37.49416],[-5.951447,37.494025],[-5.951447,37.493889],[-5.951447,37.493754],[-5.951276,37.493754],[-5.951447,37.493889],[-5.951105,37.493754],[-5.950935,37.493483],[-5.950935,37.493348],[-5.950764,37.493348],[-5.950764,37.493212],[-5.950935,37.493212],[-5.950764,37.493077],[-5.950764,37.492941],[-5.950593,37.492941],[-5.950593,37.492806],[-5.950422,37.492806],[-5.950422,37.49267],[-5.950422,37.492535],[-5.950252,37.492535],[-5.950252,37.4924],[-5.950252,37.492264],[-5.950252,37.492129],[-5.950252,37.491993],[-5.950252,37.491858],[-5.950422,37.491858],[-5.950252,37.491723],[-5.950422,37.491587],[-5.950593,37.491452],[-5.950593,37.491316],[-5.950593,37.491181],[-5.950593,37.491045],[-5.950764,37.49091],[-5.950764,37.490775],[-5.950764,37.490639],[-5.950935,37.490639],[-5.950935,37.490504],[-5.950935,37.490368],[-5.950935,37.490233],[-5.951105,37.490097],[-5.951105,37.489962],[-5.951276,37.489962],[-5.951276,37.489827],[-5.951276,37.489691],[-5.951447,37.489691],[-5.951447,37.489556],[-5.951617,37.48942],[-5.951788,37.489285],[-5.951788,37.489149],[-5.952129,37.488879],[-5.952129,37.488743],[-5.9523,37.488743],[-5.9523,37.488608],[-5.952471,37.488608],[-5.952471,37.488472],[-5.952641,37.488472],[-5.952641,37.488337],[-5.952812,37.488201],[-5.953324,37.48766],[-5.953495,37.487524],[-5.953665,37.487389],[-5.953836,37.487253],[-5.954519,37.486712]]],[[[-5.950593,37.492129],[-5.950593,37.492264],[-5.950593,37.4924],[-5.950593,37.492535],[-5.950764,37.492535],[-5.950593,37.49267],[-5.950764,37.49267],[-5.950764,37.492806],[-5.950935,37.492806],[-5.950764,37.49267],[-5.951105,37.492535],[-5.951105,37.4924],[-5.950935,37.4924],[-5.950935,37.492264],[-5.950764,37.492129],[-5.950593,37.492129]]],[[[-5.825485,37.572527],[-5.825143,37.572662],[-5.824973,37.572662],[-5.824802,37.572662],[-5.824461,37.572798],[-5.824119,37.572798],[-5.823949,37.572933],[-5.823778,37.572933],[-5.823607,37.572798],[-5.823437,37.572933],[-5.823095,37.572933],[-5.822925,37.572933],[-5.822925,37.572798],[-5.822754,37.572798],[-5.822413,37.572933],[-5.822242,37.572933],[-5.822071,37.573068],[-5.821901,37.573068],[-5.82173,37.572798],[-5.821559,37.572798],[-5.821388,37.572933],[-5.821218,37.572933],[-5.821218,37.573068],[-5.821047,37.573204],[-5.820876,37.573204],[-5.820706,37.573339],[-5.820535,37.573339],[-5.820364,37.573474],[-5.820194,37.573474],[-5.820023,37.573609],[-5.819852,37.573609],[-5.819852,37.573745],[-5.819682,37.573745],[-5.819511,37.573745],[-5.81934,37.57388],[-5.81917,37.57388],[-5.818999,37.574015],[-5.818828,37.574015],[-5.818658,37.574015],[-5.818146,37.57415],[-5.817975,37.57415],[-5.817804,37.574286],[-5.817634,37.574286],[-5.817463,37.574286],[-5.817292,37.574286],[-5.817121,37.574286],[-5.816951,37.574286],[-5.81678,37.574421],[-5.816609,37.574421],[-5.816439,37.574421],[-5.816439,37.574556],[-5.816268,37.574556],[-5.816097,37.574556],[-5.815927,37.574556],[-5.815756,37.574692],[-5.815244,37.574692],[-5.815073,37.574692],[-5.814903,37.574692],[-5.814732,37.574556],[-5.814561,37.574556],[-5.814391,37.574556],[-5.81422,37.574556],[-5.813879,37.574556],[-5.813708,37.574556],[-5.813537,37.574692],[-5.813367,37.574692],[-5.813196,37.574827],[-5.813196,37.574962],[-5.813025,37.574962],[-5.813025,37.575097],[-5.813025,37.575233],[-5.813025,37.575368],[-5.813196,37.575638],[-5.813196,37.575774],[-5.813196,37.575909],[-5.813196,37.576044],[-5.813196,37.57618],[-5.813367,37.57618],[-5.813537,37.57618],[-5.813708,37.57618],[-5.813879,37.576315],[-5.813708,37.57645],[-5.813708,37.576585],[-5.813708,37.576721],[-5.813537,37.576721],[-5.813196,37.576991],[-5.813196,37.577262],[-5.813025,37.577262],[-5.812854,37.577262],[-5.812684,37.577262],[-5.812684,37.577397],[-5.812342,37.577397],[-5.812342,37.577532],[-5.812172,37.577532],[-5.812172,37.577668],[-5.812001,37.577803],[-5.812342,37.577938],[-5.812342,37.578073],[-5.812172,37.578479],[-5.811489,37.578614],[-5.811318,37.57875],[-5.811318,37.578885],[-5.811148,37.578885],[-5.810977,37.578885],[-5.810806,37.57902],[-5.810636,37.57902],[-5.810636,37.579155],[-5.810465,37.579155],[-5.810465,37.579291],[-5.810294,37.579291],[-5.810294,37.579426],[-5.810124,37.579426],[-5.810124,37.579561],[-5.809953,37.579561],[-5.810124,37.579155],[-5.810124,37.579291],[-5.810294,37.578885],[-5.810465,37.57875],[-5.810465,37.578614],[-5.810294,37.578614],[-5.810124,37.578614],[-5.809953,37.578614],[-5.809782,37.578479],[-5.809612,37.578344],[-5.808929,37.578073],[-5.808758,37.578073],[-5.808587,37.578073],[-5.808587,37.578209],[-5.808758,37.578344],[-5.8091,37.57875],[-5.808929,37.57902],[-5.808929,37.579155],[-5.808758,37.579291],[-5.80927,37.579697],[-5.80927,37.579832],[-5.809441,37.579832],[-5.809612,37.579967],[-5.809612,37.580508],[-5.809612,37.580643],[-5.809441,37.580643],[-5.809441,37.580779],[-5.80927,37.580779],[-5.80927,37.580914],[-5.80927,37.581049],[-5.8091,37.581184],[-5.8091,37.58132],[-5.8091,37.581455],[-5.80927,37.58159],[-5.80927,37.581725],[-5.8091,37.581725],[-5.8091,37.58159],[-5.808929,37.581455],[-5.808929,37.58132],[-5.808758,37.58132],[-5.808758,37.581184],[-5.808587,37.58132],[-5.808758,37.581455],[-5.808758,37.58159],[-5.808587,37.58159],[-5.808758,37.581725],[-5.808929,37.581725],[-5.808929,37.581861],[-5.8091,37.581996],[-5.8091,37.582131],[-5.8091,37.582267],[-5.80927,37.582267],[-5.809441,37.582267],[-5.809441,37.582537],[-5.809612,37.582672],[-5.809612,37.582808],[-5.809782,37.582943],[-5.809441,37.582943],[-5.80927,37.582808],[-5.8091,37.582943],[-5.808929,37.583078],[-5.808758,37.583078],[-5.808758,37.582808],[-5.808246,37.582267],[-5.808075,37.582672],[-5.807734,37.582537],[-5.807563,37.582537],[-5.807563,37.582672],[-5.807393,37.582537],[-5.807393,37.582402],[-5.807222,37.582537],[-5.807222,37.582402],[-5.807051,37.582402],[-5.807051,37.582267],[-5.806881,37.582267],[-5.80671,37.582402],[-5.80671,37.582267],[-5.806539,37.582267],[-5.80671,37.582402],[-5.80671,37.582537],[-5.806539,37.582537],[-5.806539,37.582672],[-5.806369,37.582672],[-5.806369,37.582808],[-5.806369,37.582943],[-5.806198,37.582943],[-5.806027,37.582943],[-5.806027,37.583078],[-5.805857,37.582943],[-5.805857,37.583078],[-5.805857,37.583213],[-5.806027,37.583213],[-5.806369,37.583213],[-5.80671,37.583349],[-5.80671,37.583213],[-5.806881,37.583213],[-5.807051,37.583213],[-5.807051,37.583349],[-5.807222,37.583484],[-5.807393,37.583484],[-5.807393,37.583619],[-5.807563,37.583619],[-5.807734,37.583619],[-5.807905,37.583619],[-5.807905,37.583754],[-5.808075,37.583754],[-5.808417,37.583754],[-5.808587,37.583754],[-5.808758,37.583754],[-5.8091,37.583619],[-5.80927,37.583619],[-5.809612,37.583619],[-5.809953,37.583754],[-5.809953,37.583619],[-5.810124,37.583619],[-5.810124,37.583754],[-5.810124,37.58389],[-5.810294,37.584025],[-5.810465,37.584025],[-5.810636,37.584025],[-5.810636,37.58416],[-5.810636,37.584295],[-5.810806,37.584025],[-5.810806,37.58389],[-5.810806,37.583619],[-5.810465,37.583619],[-5.810977,37.583484],[-5.810977,37.583619],[-5.811148,37.583619],[-5.811318,37.583619],[-5.811489,37.583619],[-5.811489,37.583484],[-5.81166,37.583484],[-5.81183,37.583484],[-5.812001,37.583484],[-5.812172,37.583484],[-5.812342,37.583484],[-5.812684,37.583484],[-5.812854,37.583349],[-5.813025,37.583349],[-5.813196,37.583213],[-5.813367,37.583213],[-5.813537,37.583213],[-5.813708,37.583213],[-5.814049,37.583213],[-5.81422,37.583213],[-5.81422,37.583349],[-5.814391,37.583349],[-5.814561,37.583349],[-5.814732,37.583349],[-5.814903,37.583484],[-5.815073,37.583619],[-5.815415,37.583619],[-5.815585,37.583619],[-5.815927,37.583754],[-5.816268,37.583754],[-5.816268,37.58389],[-5.816268,37.584025],[-5.816439,37.584025],[-5.816439,37.58416],[-5.816439,37.584295],[-5.816609,37.584295],[-5.816609,37.584431],[-5.816439,37.584701],[-5.816609,37.584701],[-5.816439,37.584972],[-5.816439,37.585107],[-5.816609,37.585242],[-5.816609,37.585513],[-5.81678,37.585513],[-5.81678,37.585648],[-5.81678,37.585783],[-5.81678,37.585918],[-5.81678,37.586054],[-5.816951,37.586054],[-5.817121,37.586189],[-5.817292,37.586459],[-5.817292,37.586595],[-5.817292,37.58673],[-5.817463,37.58673],[-5.817634,37.58673],[-5.817634,37.586595],[-5.817804,37.586595],[-5.817804,37.586459],[-5.817975,37.586595],[-5.817975,37.586459],[-5.818146,37.586459],[-5.818146,37.586324],[-5.818316,37.586324],[-5.818487,37.586324],[-5.818658,37.586189],[-5.818828,37.586189],[-5.818828,37.586054],[-5.818999,37.586054],[-5.81917,37.585918],[-5.81917,37.585783],[-5.81934,37.585918],[-5.819511,37.585918],[-5.819511,37.585783],[-5.819511,37.585648],[-5.819682,37.585377],[-5.819511,37.585242],[-5.81934,37.585242],[-5.81934,37.585107],[-5.81917,37.585107],[-5.81917,37.585242],[-5.818999,37.585242],[-5.818828,37.585242],[-5.818658,37.585377],[-5.818658,37.584972],[-5.818658,37.584836],[-5.818658,37.584701],[-5.818658,37.584566],[-5.818658,37.584431],[-5.818828,37.584431],[-5.818999,37.584431],[-5.81917,37.584431],[-5.81934,37.584566],[-5.819511,37.584566],[-5.819511,37.584701],[-5.819682,37.584836],[-5.819682,37.584972],[-5.819852,37.584972],[-5.820194,37.585107],[-5.820023,37.584836],[-5.820364,37.584701],[-5.820535,37.584431],[-5.820364,37.584295],[-5.820194,37.584295],[-5.820194,37.58416],[-5.820023,37.58416],[-5.820023,37.584025],[-5.820194,37.584025],[-5.820364,37.584025],[-5.820535,37.584025],[-5.820706,37.584025],[-5.820876,37.584025],[-5.821047,37.584025],[-5.821047,37.58389],[-5.821047,37.583754],[-5.820876,37.583754],[-5.820876,37.583619],[-5.820876,37.583484],[-5.820706,37.583484],[-5.820706,37.583349],[-5.820706,37.583213],[-5.820535,37.583078],[-5.820364,37.582943],[-5.820194,37.582808],[-5.820194,37.582402],[-5.820194,37.582267],[-5.820023,37.582267],[-5.820023,37.582131],[-5.820023,37.581996],[-5.819852,37.581996],[-5.819852,37.581861],[-5.819682,37.581861],[-5.819682,37.581996],[-5.819511,37.581996],[-5.81934,37.581996],[-5.81934,37.581861],[-5.81917,37.581861],[-5.81917,37.581725],[-5.818999,37.58159],[-5.818828,37.58159],[-5.818828,37.581455],[-5.818658,37.58132],[-5.818658,37.581184],[-5.818487,37.581184],[-5.818487,37.581049],[-5.818316,37.581049],[-5.818316,37.580914],[-5.818146,37.580914],[-5.818146,37.580779],[-5.818316,37.580779],[-5.818316,37.580643],[-5.818487,37.580643],[-5.818658,37.580643],[-5.818828,37.580643],[-5.818999,37.580643],[-5.81917,37.580779],[-5.81934,37.580779],[-5.81934,37.580914],[-5.819511,37.580914],[-5.819682,37.580914],[-5.819852,37.580914],[-5.820023,37.580779],[-5.820194,37.580779],[-5.820194,37.580914],[-5.820364,37.580914],[-5.820535,37.580779],[-5.820706,37.580643],[-5.820876,37.580643],[-5.821047,37.580643],[-5.821218,37.580508],[-5.821218,37.580373],[-5.821218,37.580238],[-5.821559,37.580102],[-5.821388,37.579967],[-5.821559,37.579832],[-5.821559,37.579697],[-5.82173,37.579561],[-5.82173,37.579426],[-5.82173,37.579291],[-5.821901,37.579155],[-5.822071,37.578885],[-5.822071,37.57875],[-5.822242,37.578614],[-5.822413,37.578614],[-5.822583,37.578614],[-5.822754,37.578614],[-5.822925,37.578614],[-5.823095,37.57875],[-5.823266,37.578885],[-5.823437,37.578885],[-5.823607,37.57902],[-5.823607,37.578885],[-5.823607,37.57875],[-5.823607,37.578614],[-5.823437,37.578614],[-5.823266,37.578614],[-5.823095,37.578614],[-5.823095,37.578479],[-5.822925,37.578344],[-5.823095,37.578344],[-5.823266,37.578479],[-5.823437,37.578479],[-5.823437,37.578344],[-5.823437,37.577938],[-5.823607,37.577803],[-5.823607,37.577668],[-5.823607,37.577532],[-5.823607,37.577397],[-5.823949,37.577262],[-5.824461,37.577126],[-5.82429,37.576991],[-5.824461,37.576585],[-5.824631,37.57645],[-5.824461,37.57645],[-5.824461,37.576315],[-5.824461,37.57618],[-5.824631,37.576044],[-5.824631,37.575909],[-5.824631,37.575774],[-5.824802,37.575774],[-5.824973,37.575503],[-5.824973,37.575368],[-5.825143,37.575368],[-5.825143,37.575233],[-5.825485,37.574962],[-5.825485,37.574827],[-5.825655,37.574827],[-5.825655,37.574692],[-5.825485,37.574556],[-5.825655,37.574556],[-5.825655,37.574421],[-5.825826,37.574286],[-5.826168,37.574015],[-5.826168,37.57388],[-5.826338,37.573745],[-5.826509,37.573609],[-5.82685,37.573474],[-5.827192,37.573068],[-5.827192,37.572933],[-5.827192,37.572662],[-5.827192,37.572527],[-5.827021,37.572527],[-5.82685,37.572527],[-5.82668,37.572527],[-5.826338,37.572527],[-5.826168,37.572527],[-5.825997,37.572527],[-5.825826,37.572527],[-5.825485,37.572527]]],[[[-5.879761,37.592275],[-5.879932,37.59241],[-5.879932,37.592546],[-5.879932,37.592681],[-5.880102,37.592681],[-5.880102,37.592546],[-5.879932,37.592275],[-5.879761,37.592275]]],[[[-5.511434,37.644866],[-5.511434,37.645001],[-5.511604,37.645001],[-5.511604,37.644866],[-5.511434,37.644866]]]]},"properties":{"OBJECTID":2976,"ID_ZONA":"ES050_APSFR_BG004-01_ZFP","ZONA":"Río Guadalquivir","TIPO_ZONA":"Zona de Flujo Preferente","RIO":"Río Guadalquivir; Río Guadalquivir; Río Guadalquivir; Río Guadalquivir; Río Guadalquivir; Río Guadalquivir; Río Guadalquivir; Río Guadalquivir","LONG_KM":70.48,"HIDROLOGIA":"CAUMAX","PRECISION_":"MDT 2x2 procedente de LIDAR IGN PNOA","HIDRAUL":"IBER","ESTUDIO":"SNCZI. Zonas inundables del sistema bajo del Guadalquivir","TIPO_EST":"Estudio de Desarrollo del SNCZI","ESCALA_REP":"Planos digitales sin escala","DOCUMENTO":"Implantación y seguimiento del plan de gestión del riesgo de inundación de las demarcaciones hidrográficas del Guadalquivir, Ceuta y Melilla. Fase 1. Revisión de la EPRI y mapas de peligrosidad y riesgo de inundación","FECHA":1621468800000,"ORGANISMO":"Ministerio para la transición ecológica y el reto demográfico","CLAVE_EXPE":"05.840-0015/0411","DEMARCACIO":"Guadalquivir","ID_DEMAR":51,"Q_M3_S":"7650; 7634,8; 6846,3; 6799; 6497,4; 5911,8; 5859,4; 5481,1","Fecha_Lim":1745107200000,"Shape__Area":139858100.38446045,"Shape__Length":229265.71745474552}}]}