{"type":"FeatureCollection","crs":{"type":"name","properties":{"name":"EPSG:4326"}},"features":[{"type":"Feature","id":1618,"geometry":{"type":"MultiPolygon","coordinates":[[[[-6.041539,37.398928],[-6.04161,37.398928],[-6.041682,37.398956],[-6.041718,37.399013],[-6.041754,37.39907],[-6.04197,37.39907],[-6.042185,37.399128],[-6.042221,37.399156],[-6.042257,37.399185],[-6.042329,37.399185],[-6.042365,37.399185],[-6.042473,37.399156],[-6.042509,37.399156],[-6.042545,37.399099],[-6.042545,37.39907],[-6.042617,37.39907],[-6.042653,37.399099],[-6.042688,37.399128],[-6.04276,37.399128],[-6.042868,37.399099],[-6.042976,37.399099],[-6.043048,37.399128],[-6.043156,37.399185],[-6.043191,37.399185],[-6.043263,37.399185],[-6.043299,37.399156],[-6.043335,37.399156],[-6.043479,37.399185],[-6.043515,37.399213],[-6.043515,37.39927],[-6.043551,37.399299],[-6.043587,37.399327],[-6.043623,37.399327],[-6.043659,37.399327],[-6.043838,37.39927],[-6.04391,37.39927],[-6.044018,37.399299],[-6.04409,37.399327],[-6.044234,37.399356],[-6.044413,37.399356],[-6.044485,37.399413],[-6.044557,37.39947],[-6.04488,37.399499],[-6.045024,37.399527],[-6.045132,37.399556],[-6.04524,37.399584],[-6.045491,37.399613],[-6.045527,37.399584],[-6.045563,37.399556],[-6.045563,37.399527],[-6.045635,37.399556],[-6.045671,37.399442],[-6.045779,37.399384],[-6.045851,37.399356],[-6.046174,37.399185],[-6.046425,37.399099],[-6.046605,37.399013],[-6.046713,37.398985],[-6.047108,37.398985],[-6.047288,37.399013],[-6.04736,37.399013],[-6.047432,37.398985],[-6.047503,37.398956],[-6.047683,37.398956],[-6.047899,37.398956],[-6.048078,37.398956],[-6.04815,37.398985],[-6.048222,37.399013],[-6.048186,37.39907],[-6.048114,37.399042],[-6.048006,37.399013],[-6.047971,37.399042],[-6.048006,37.399099],[-6.048006,37.399128],[-6.047935,37.399213],[-6.047863,37.399213],[-6.047863,37.399242],[-6.047827,37.399327],[-6.047791,37.399356],[-6.047755,37.399327],[-6.047575,37.399213],[-6.047575,37.399185],[-6.047575,37.39907],[-6.047539,37.399042],[-6.047503,37.399042],[-6.047432,37.39907],[-6.04736,37.39907],[-6.047,37.399013],[-6.046928,37.399013],[-6.046893,37.399042],[-6.046928,37.39907],[-6.046893,37.399099],[-6.046821,37.399128],[-6.046785,37.399128],[-6.046713,37.399099],[-6.046605,37.399099],[-6.046569,37.399099],[-6.046533,37.399099],[-6.046425,37.399156],[-6.046425,37.399213],[-6.046354,37.399213],[-6.046282,37.399299],[-6.046246,37.399356],[-6.04621,37.399413],[-6.046174,37.399413],[-6.046102,37.399413],[-6.046066,37.399384],[-6.04603,37.399356],[-6.045994,37.399356],[-6.045958,37.399356],[-6.045743,37.39947],[-6.045707,37.399499],[-6.045671,37.399584],[-6.045599,37.399641],[-6.045563,37.399641],[-6.045312,37.399641],[-6.045168,37.399641],[-6.045024,37.399584],[-6.04488,37.399527],[-6.044521,37.399499],[-6.044485,37.39947],[-6.044413,37.399413],[-6.044377,37.399384],[-6.044162,37.399413],[-6.044018,37.399413],[-6.043838,37.399356],[-6.043623,37.399384],[-6.043623,37.399356],[-6.043587,37.399356],[-6.043551,37.399356],[-6.043407,37.399327],[-6.043299,37.399299],[-6.043227,37.399327],[-6.043156,37.399356],[-6.043084,37.399299],[-6.04294,37.399299],[-6.042796,37.399242],[-6.042617,37.399185],[-6.042509,37.399213],[-6.042401,37.399242],[-6.042365,37.39927],[-6.042114,37.399242],[-6.042042,37.399213],[-6.042006,37.399185],[-6.04197,37.399156],[-6.041898,37.399156],[-6.041826,37.399185],[-6.041826,37.399213],[-6.04179,37.399156],[-6.041682,37.399099],[-6.041646,37.399042],[-6.04161,37.399013],[-6.041575,37.399013],[-6.041503,37.39907],[-6.041431,37.399128],[-6.041287,37.399156],[-6.041251,37.399213],[-6.041251,37.399242],[-6.041215,37.399213],[-6.041143,37.399185],[-6.041107,37.399185],[-6.041036,37.399213],[-6.040856,37.39927],[-6.040784,37.399299],[-6.040712,37.399327],[-6.040676,37.399327],[-6.040568,37.39927],[-6.040425,37.399213],[-6.040389,37.399185],[-6.040353,37.399185],[-6.040281,37.399185],[-6.040245,37.399042],[-6.040245,37.399013],[-6.040317,37.399099],[-6.040389,37.399128],[-6.040497,37.399185],[-6.040532,37.399185],[-6.040568,37.399156],[-6.040604,37.399099],[-6.04064,37.39907],[-6.040676,37.399042],[-6.040712,37.399042],[-6.04082,37.39907],[-6.040964,37.39907],[-6.041036,37.399042],[-6.041107,37.399042],[-6.041143,37.399013],[-6.041179,37.399013],[-6.041215,37.399042],[-6.041251,37.39907],[-6.041251,37.399099],[-6.041287,37.399099],[-6.041323,37.399099],[-6.041431,37.399013],[-6.041503,37.398956],[-6.041539,37.398928]]],[[[-6.053001,37.398728],[-6.053037,37.398728],[-6.053181,37.398785],[-6.053217,37.398814],[-6.053253,37.398842],[-6.053253,37.398871],[-6.053253,37.399213],[-6.053324,37.399641],[-6.053289,37.399727],[-6.053253,37.399784],[-6.053181,37.399784],[-6.053181,37.399841],[-6.053217,37.39987],[-6.053253,37.39987],[-6.053684,37.399841],[-6.053863,37.39987],[-6.053899,37.39987],[-6.054043,37.399784],[-6.054079,37.399784],[-6.054187,37.399841],[-6.054187,37.39987],[-6.054223,37.399927],[-6.054259,37.399955],[-6.055085,37.400155],[-6.055301,37.400241],[-6.055409,37.400269],[-6.05548,37.400241],[-6.055588,37.400212],[-6.055732,37.400212],[-6.056019,37.400269],[-6.056271,37.400298],[-6.056415,37.400298],[-6.056522,37.400269],[-6.056738,37.400269],[-6.056918,37.400269],[-6.057169,37.400269],[-6.057457,37.400298],[-6.057529,37.400269],[-6.057565,37.400241],[-6.0576,37.400241],[-6.057672,37.400212],[-6.057744,37.400241],[-6.05778,37.400241],[-6.057852,37.400212],[-6.057888,37.400212],[-6.058032,37.400212],[-6.058139,37.400212],[-6.058211,37.400184],[-6.058247,37.400184],[-6.058283,37.400212],[-6.058283,37.400241],[-6.058319,37.400269],[-6.058894,37.400269],[-6.058966,37.400241],[-6.059038,37.400184],[-6.05911,37.400155],[-6.059146,37.400155],[-6.059182,37.400269],[-6.05911,37.400298],[-6.059002,37.400326],[-6.058966,37.400326],[-6.058894,37.400326],[-6.058894,37.400355],[-6.058894,37.400384],[-6.058894,37.400441],[-6.058894,37.400498],[-6.058786,37.400441],[-6.058714,37.400469],[-6.058643,37.400469],[-6.058607,37.400526],[-6.058571,37.400526],[-6.058499,37.400555],[-6.058427,37.400555],[-6.058319,37.40064],[-6.058283,37.400612],[-6.058247,37.400583],[-6.058247,37.400412],[-6.058247,37.400355],[-6.058211,37.400326],[-6.058175,37.400298],[-6.057996,37.400326],[-6.057816,37.400298],[-6.057565,37.400326],[-6.057385,37.400326],[-6.057133,37.400298],[-6.056343,37.400326],[-6.056163,37.400298],[-6.055876,37.400298],[-6.055804,37.400326],[-6.055768,37.400384],[-6.055732,37.400412],[-6.055409,37.400326],[-6.055049,37.400184],[-6.054798,37.400127],[-6.054618,37.400098],[-6.05451,37.40007],[-6.054007,37.399955],[-6.05354,37.399898],[-6.053289,37.399898],[-6.053181,37.399927],[-6.053109,37.399927],[-6.052821,37.399898],[-6.052606,37.39987],[-6.052318,37.399841],[-6.052031,37.399813],[-6.051887,37.399813],[-6.051887,37.399784],[-6.052031,37.399784],[-6.052247,37.399784],[-6.052318,37.399784],[-6.05239,37.399784],[-6.052534,37.399813],[-6.052606,37.399813],[-6.052642,37.399813],[-6.052678,37.399756],[-6.052714,37.399756],[-6.05275,37.399756],[-6.052821,37.399813],[-6.052857,37.399841],[-6.052893,37.399841],[-6.052929,37.399841],[-6.052929,37.399698],[-6.052929,37.39947],[-6.052893,37.399213],[-6.052857,37.398928],[-6.052821,37.398785],[-6.052857,37.398728],[-6.053001,37.398728]]],[[[-6.041503,37.390934],[-6.041646,37.390992],[-6.041646,37.391049],[-6.041682,37.391077],[-6.041718,37.391106],[-6.041718,37.391163],[-6.041718,37.391191],[-6.041754,37.39122],[-6.041754,37.391248],[-6.041718,37.391248],[-6.04161,37.391306],[-6.041539,37.391334],[-6.041503,37.391391],[-6.041431,37.391448],[-6.041359,37.391534],[-6.041215,37.391648],[-6.041179,37.391648],[-6.041143,37.391677],[-6.041107,37.391648],[-6.041071,37.391648],[-6.041036,37.39162],[-6.041,37.39162],[-6.041,37.391648],[-6.040964,37.391677],[-6.040928,37.391705],[-6.040928,37.391762],[-6.040892,37.391819],[-6.040856,37.391877],[-6.040856,37.391905],[-6.04082,37.391934],[-6.040712,37.392019],[-6.040676,37.392048],[-6.040604,37.392076],[-6.040389,37.392076],[-6.040353,37.392076],[-6.040317,37.392133],[-6.040317,37.392162],[-6.040281,37.392219],[-6.040245,37.392276],[-6.040209,37.392362],[-6.040173,37.392448],[-6.040101,37.392505],[-6.040065,37.392562],[-6.040065,37.39259],[-6.040029,37.392647],[-6.040029,37.392733],[-6.040029,37.392762],[-6.040029,37.392819],[-6.040029,37.392847],[-6.040029,37.392933],[-6.040065,37.393018],[-6.040029,37.393047],[-6.040029,37.393076],[-6.040029,37.393104],[-6.040029,37.393133],[-6.040101,37.393161],[-6.040137,37.393247],[-6.040209,37.393304],[-6.040245,37.393361],[-6.040245,37.393475],[-6.040245,37.393561],[-6.040209,37.393704],[-6.040209,37.393761],[-6.040281,37.393903],[-6.040281,37.393989],[-6.040281,37.394018],[-6.040281,37.394046],[-6.040281,37.394075],[-6.040245,37.394103],[-6.040245,37.394132],[-6.040245,37.394189],[-6.040245,37.394217],[-6.040245,37.394275],[-6.040281,37.394332],[-6.040281,37.394389],[-6.040281,37.394417],[-6.040245,37.394474],[-6.040281,37.394532],[-6.040281,37.39456],[-6.040317,37.394589],[-6.040317,37.394617],[-6.040317,37.394674],[-6.040317,37.394703],[-6.040317,37.394731],[-6.040317,37.394788],[-6.040317,37.394817],[-6.040281,37.394846],[-6.040245,37.394874],[-6.040209,37.394903],[-6.040029,37.394931],[-6.039993,37.39496],[-6.039958,37.394988],[-6.039958,37.39516],[-6.039993,37.395217],[-6.039993,37.395245],[-6.039993,37.395302],[-6.039958,37.395331],[-6.039958,37.395359],[-6.039958,37.395388],[-6.039993,37.395388],[-6.039993,37.395445],[-6.040029,37.395502],[-6.040065,37.395559],[-6.040101,37.395588],[-6.040101,37.395616],[-6.040101,37.395645],[-6.039922,37.395902],[-6.039886,37.39593],[-6.039886,37.395959],[-6.039886,37.395987],[-6.039886,37.396016],[-6.039886,37.396045],[-6.03985,37.396102],[-6.039814,37.39613],[-6.039742,37.396159],[-6.03967,37.396216],[-6.039598,37.396216],[-6.039526,37.396244],[-6.039455,37.396244],[-6.039455,37.396273],[-6.039455,37.396301],[-6.039455,37.39633],[-6.039455,37.396359],[-6.039455,37.396416],[-6.039455,37.396444],[-6.03949,37.396473],[-6.03949,37.39653],[-6.03949,37.396558],[-6.039455,37.396587],[-6.039419,37.396673],[-6.039383,37.396758],[-6.039347,37.396844],[-6.039311,37.396958],[-6.039311,37.397015],[-6.039275,37.397044],[-6.039239,37.397072],[-6.039203,37.397158],[-6.039167,37.397215],[-6.039167,37.397243],[-6.039203,37.397301],[-6.039239,37.397329],[-6.039311,37.397386],[-6.039347,37.397415],[-6.039383,37.397443],[-6.039383,37.3975],[-6.039347,37.397557],[-6.039311,37.397615],[-6.039311,37.397643],[-6.039275,37.397643],[-6.039203,37.397672],[-6.039203,37.3977],[-6.039167,37.397729],[-6.039167,37.397814],[-6.039203,37.397929],[-6.039167,37.397986],[-6.039167,37.398043],[-6.039131,37.398071],[-6.039095,37.3981],[-6.039095,37.398128],[-6.039059,37.398157],[-6.039059,37.398186],[-6.039095,37.398186],[-6.039095,37.398214],[-6.039131,37.398243],[-6.039167,37.398271],[-6.039167,37.3983],[-6.039167,37.398385],[-6.039167,37.398528],[-6.039131,37.398585],[-6.039059,37.398699],[-6.039059,37.398728],[-6.038987,37.398699],[-6.038987,37.398671],[-6.039023,37.398671],[-6.039023,37.398642],[-6.039059,37.398585],[-6.039095,37.398557],[-6.039095,37.398528],[-6.039095,37.3985],[-6.039095,37.398471],[-6.039095,37.398442],[-6.039095,37.398414],[-6.039095,37.398328],[-6.039095,37.398271],[-6.039059,37.398243],[-6.039023,37.398186],[-6.039023,37.398157],[-6.039023,37.3981],[-6.039095,37.398014],[-6.039095,37.397957],[-6.039095,37.3979],[-6.039095,37.397843],[-6.039095,37.397757],[-6.039095,37.397729],[-6.039095,37.3977],[-6.039095,37.397672],[-6.039095,37.397643],[-6.039095,37.397615],[-6.039131,37.397586],[-6.039275,37.397557],[-6.039275,37.397529],[-6.039275,37.3975],[-6.039275,37.397472],[-6.039275,37.397415],[-6.039239,37.397415],[-6.039167,37.397415],[-6.039131,37.397415],[-6.039131,37.397386],[-6.039095,37.397386],[-6.039059,37.397386],[-6.039059,37.397358],[-6.039023,37.397329],[-6.038987,37.397301],[-6.039023,37.397158],[-6.039059,37.397072],[-6.039095,37.397015],[-6.039167,37.396987],[-6.039203,37.396958],[-6.039203,37.396929],[-6.039203,37.396901],[-6.039167,37.396872],[-6.039203,37.396815],[-6.039239,37.396758],[-6.039275,37.39673],[-6.039311,37.396701],[-6.039311,37.396673],[-6.039347,37.396615],[-6.039383,37.396587],[-6.039383,37.396558],[-6.039383,37.39653],[-6.039347,37.396501],[-6.039383,37.396473],[-6.039347,37.396444],[-6.039347,37.396416],[-6.039347,37.396359],[-6.039347,37.396244],[-6.039383,37.396244],[-6.039419,37.396216],[-6.039455,37.396187],[-6.039526,37.396187],[-6.039562,37.396159],[-6.039562,37.39613],[-6.039598,37.39613],[-6.039634,37.39613],[-6.03967,37.39613],[-6.039742,37.39613],[-6.039778,37.396073],[-6.039778,37.396045],[-6.039778,37.396016],[-6.039778,37.395987],[-6.039742,37.395987],[-6.039742,37.395959],[-6.039778,37.39593],[-6.039814,37.395902],[-6.039814,37.395873],[-6.03985,37.395845],[-6.039886,37.395788],[-6.039958,37.39573],[-6.039958,37.395702],[-6.039993,37.395645],[-6.039993,37.395616],[-6.039958,37.395559],[-6.039958,37.395502],[-6.039922,37.395445],[-6.039886,37.395445],[-6.03985,37.395416],[-6.03985,37.395388],[-6.03985,37.395359],[-6.039814,37.395331],[-6.03985,37.395274],[-6.039886,37.395188],[-6.039886,37.39516],[-6.039922,37.395131],[-6.039886,37.39496],[-6.039922,37.394931],[-6.039958,37.394874],[-6.040209,37.394788],[-6.040209,37.39476],[-6.040245,37.394731],[-6.040245,37.394703],[-6.040245,37.394674],[-6.040245,37.394617],[-6.040209,37.394589],[-6.040209,37.39456],[-6.040209,37.394503],[-6.040209,37.394474],[-6.040209,37.394389],[-6.040209,37.394303],[-6.040209,37.394246],[-6.040209,37.394189],[-6.040173,37.394132],[-6.040173,37.394103],[-6.040209,37.394075],[-6.040209,37.394046],[-6.040245,37.393989],[-6.040209,37.393932],[-6.040209,37.393875],[-6.040173,37.393846],[-6.040173,37.393789],[-6.040137,37.393675],[-6.040173,37.393532],[-6.040173,37.393418],[-6.040173,37.39339],[-6.040137,37.393333],[-6.040029,37.393247],[-6.040029,37.393218],[-6.039958,37.393161],[-6.039958,37.393104],[-6.039958,37.393076],[-6.039958,37.393018],[-6.039958,37.392961],[-6.039958,37.392933],[-6.039993,37.392876],[-6.039958,37.392847],[-6.039922,37.392876],[-6.039922,37.392904],[-6.039886,37.392904],[-6.039886,37.392876],[-6.039922,37.392847],[-6.039958,37.392819],[-6.039993,37.392819],[-6.039958,37.39279],[-6.039958,37.392762],[-6.039922,37.392762],[-6.039922,37.392733],[-6.039922,37.392704],[-6.039922,37.392676],[-6.039958,37.392647],[-6.039993,37.392505],[-6.040065,37.392448],[-6.040137,37.392333],[-6.040173,37.392248],[-6.040209,37.392191],[-6.040209,37.392162],[-6.040209,37.392133],[-6.040245,37.392076],[-6.040281,37.392048],[-6.040317,37.392019],[-6.040353,37.392019],[-6.040461,37.392019],[-6.040497,37.392019],[-6.040568,37.392019],[-6.04064,37.391991],[-6.040712,37.391962],[-6.040748,37.391905],[-6.040784,37.391877],[-6.040856,37.391762],[-6.040892,37.391705],[-6.040928,37.391648],[-6.040964,37.39162],[-6.041,37.391591],[-6.041036,37.391563],[-6.041071,37.391563],[-6.041107,37.391591],[-6.041143,37.391591],[-6.041179,37.391591],[-6.041179,37.391563],[-6.041215,37.391563],[-6.041215,37.391534],[-6.041251,37.391534],[-6.041287,37.391505],[-6.041323,37.391477],[-6.041359,37.39142],[-6.041431,37.391334],[-6.041503,37.391306],[-6.041575,37.391248],[-6.04161,37.391248],[-6.041646,37.39122],[-6.041646,37.391163],[-6.041646,37.391134],[-6.04161,37.391106],[-6.041539,37.391106],[-6.041539,37.391077],[-6.041503,37.391049],[-6.041503,37.39102],[-6.041503,37.390992],[-6.041503,37.390963],[-6.041503,37.390934]]]]},"properties":{"FID":1618,"ID_ZONA":"ES050_APSFR_BG014-01_T010","ZONA":"Camas, Castilleja de Guzmán, Valencina, Santiponce","TIPO_ZONA":"Q Periodo de retorno T10","RIO":"Sin nombre; Sin nombre","LONG_KM":2.81,"HIPOTESIS":"Q10 régimen natural","HIDROLOGIA":"Método racional","PRECISION_":"MDT 2x2 procedente de LIDAR IGN PNOA","HIDRAUL":"HEC-RAS 1D","ESTUDIO":"SNCZI. Zonas inundables del sistema bajo del Guadalquivir","TIPO_EST":"Estudio de Desarrollo del SNCZI","DOCUMENTO":"Elaboración de cartografía de dominio público hidráulico y mapas de peligrosidad y riesgo de la Directiva 2007/60 en el marco del SNCZI en las demarcaciones hidrográficas del Guadalquivir, Ceuta y Melilla. Cofinanciado con fondos FEDER","FECHA_APRO":1443139200000,"FECHA_GEO":"05/2014","ORGANISMO":"Ministerio de agricultura, alimentación y medio ambiente","CLAVE_EXPE":"CU(CO)-4615","DEMARCACIO":"Guadalquivir","ID_DEMAR":51,"Q_M3_S":"3,27; 13,78","ZI_DIRECTI":"ES050_APSFR_BG014","CICLO":1,"Shape_Leng":5512.11741737,"Fecha_Lim":1745107200000,"Shape_Le_1":0.0568857036985,"Shape__Area":2.6874709249113948E-06,"Shape__Length":0.056885705102418221}},{"type":"Feature","id":1704,"geometry":{"type":"MultiPolygon","coordinates":[[[[-6.069315,37.292948],[-6.069315,37.292977],[-6.069099,37.293091],[-6.069099,37.293062],[-6.069099,37.293034],[-6.069315,37.292948]]],[[[-6.066871,37.289632],[-6.066871,37.28966],[-6.066907,37.28966],[-6.066907,37.289689],[-6.066907,37.289718],[-6.066907,37.289746],[-6.066943,37.289775],[-6.066943,37.289803],[-6.066979,37.289832],[-6.067015,37.289832],[-6.067015,37.289861],[-6.067051,37.289889],[-6.067051,37.289918],[-6.067087,37.289918],[-6.067087,37.289946],[-6.067123,37.289946],[-6.067123,37.289975],[-6.067159,37.290004],[-6.067194,37.290004],[-6.067194,37.290032],[-6.06723,37.290061],[-6.067266,37.290089],[-6.067302,37.290118],[-6.067338,37.290118],[-6.067338,37.290146],[-6.067374,37.290146],[-6.06741,37.290146],[-6.06741,37.290175],[-6.067446,37.290175],[-6.067482,37.290204],[-6.067518,37.290232],[-6.067518,37.290261],[-6.067554,37.290261],[-6.06759,37.290289],[-6.067626,37.290289],[-6.067626,37.290318],[-6.067662,37.290318],[-6.067698,37.290318],[-6.067733,37.290347],[-6.067769,37.290347],[-6.067805,37.290375],[-6.067805,37.290404],[-6.067841,37.290404],[-6.067841,37.290432],[-6.067877,37.290432],[-6.067913,37.290461],[-6.067949,37.290461],[-6.067949,37.29049],[-6.067985,37.29049],[-6.067985,37.290518],[-6.068021,37.290518],[-6.068021,37.290547],[-6.068093,37.290575],[-6.068093,37.290604],[-6.068129,37.290604],[-6.068129,37.290632],[-6.068165,37.290661],[-6.068165,37.29069],[-6.068201,37.290718],[-6.068201,37.290747],[-6.068237,37.290775],[-6.068237,37.290804],[-6.068272,37.290804],[-6.068272,37.290833],[-6.068272,37.290861],[-6.068272,37.29089],[-6.068308,37.290918],[-6.068308,37.290947],[-6.068344,37.290947],[-6.068344,37.290976],[-6.06838,37.291004],[-6.068416,37.291004],[-6.068416,37.291033],[-6.068452,37.291061],[-6.068452,37.29109],[-6.068488,37.29109],[-6.068488,37.291118],[-6.068488,37.291147],[-6.068488,37.291176],[-6.068524,37.291204],[-6.06856,37.291261],[-6.06856,37.29129],[-6.068596,37.29129],[-6.068596,37.291319],[-6.068632,37.291347],[-6.068668,37.291347],[-6.068668,37.291376],[-6.068668,37.291404],[-6.068704,37.291433],[-6.068704,37.291461],[-6.068704,37.29149],[-6.06874,37.29149],[-6.06874,37.291519],[-6.06874,37.291547],[-6.068776,37.291547],[-6.068776,37.291576],[-6.068776,37.291604],[-6.068776,37.291633],[-6.068811,37.291633],[-6.068811,37.291662],[-6.068811,37.29169],[-6.068811,37.291719],[-6.068847,37.291719],[-6.068847,37.291747],[-6.068847,37.291776],[-6.068883,37.291776],[-6.068883,37.291805],[-6.068883,37.291833],[-6.068883,37.291862],[-6.068919,37.291862],[-6.068919,37.29189],[-6.068919,37.291919],[-6.068955,37.291947],[-6.068955,37.291976],[-6.068955,37.292005],[-6.068991,37.292033],[-6.068991,37.292062],[-6.068991,37.29209],[-6.068991,37.292119],[-6.068991,37.292148],[-6.068991,37.292176],[-6.068991,37.292205],[-6.068991,37.29229],[-6.068991,37.292319],[-6.068991,37.292348],[-6.069027,37.292376],[-6.069063,37.292462],[-6.069063,37.292491],[-6.069099,37.292491],[-6.069099,37.292519],[-6.069135,37.292548],[-6.069171,37.292576],[-6.069171,37.292605],[-6.069171,37.292634],[-6.069171,37.292662],[-6.069207,37.292662],[-6.069207,37.292691],[-6.069207,37.292719],[-6.069207,37.292748],[-6.069243,37.292748],[-6.069243,37.292776],[-6.069243,37.292805],[-6.069279,37.292805],[-6.069279,37.292834],[-6.069279,37.292862],[-6.069279,37.292891],[-6.069279,37.292919],[-6.069063,37.292977],[-6.069063,37.292948],[-6.069027,37.292948],[-6.069027,37.292919],[-6.068991,37.292891],[-6.068991,37.292862],[-6.068991,37.292834],[-6.068955,37.292834],[-6.068955,37.292805],[-6.068955,37.292776],[-6.068955,37.292748],[-6.068955,37.292719],[-6.068955,37.292691],[-6.068955,37.292662],[-6.068955,37.292634],[-6.068919,37.292634],[-6.068919,37.292605],[-6.068883,37.292548],[-6.068847,37.292519],[-6.068811,37.292491],[-6.068811,37.292462],[-6.068776,37.292405],[-6.068776,37.292376],[-6.068776,37.292348],[-6.068776,37.292319],[-6.068776,37.29229],[-6.068776,37.292262],[-6.068776,37.292148],[-6.06874,37.29209],[-6.06874,37.292062],[-6.06874,37.292033],[-6.06874,37.292005],[-6.068704,37.291976],[-6.068704,37.291947],[-6.068704,37.291919],[-6.068668,37.291919],[-6.068668,37.291862],[-6.068668,37.291833],[-6.068632,37.291833],[-6.068632,37.291805],[-6.068596,37.291776],[-6.068596,37.291747],[-6.068596,37.291719],[-6.06856,37.29169],[-6.06856,37.291662],[-6.068524,37.291604],[-6.068524,37.291576],[-6.068488,37.291576],[-6.068488,37.291547],[-6.068452,37.291519],[-6.068452,37.29149],[-6.068452,37.291461],[-6.068416,37.291461],[-6.068416,37.291433],[-6.06838,37.291404],[-6.06838,37.291376],[-6.06838,37.291347],[-6.068344,37.291347],[-6.068344,37.291319],[-6.068308,37.29129],[-6.068308,37.291261],[-6.068272,37.291233],[-6.068237,37.291176],[-6.068237,37.291147],[-6.068237,37.291118],[-6.068201,37.291118],[-6.068201,37.29109],[-6.068201,37.291061],[-6.068201,37.291033],[-6.068165,37.291004],[-6.068165,37.290976],[-6.068129,37.290947],[-6.068129,37.290918],[-6.068093,37.29089],[-6.068093,37.290861],[-6.068057,37.290861],[-6.068057,37.290833],[-6.068057,37.290804],[-6.068021,37.290804],[-6.068021,37.290775],[-6.067985,37.290775],[-6.067985,37.290747],[-6.067985,37.290718],[-6.067949,37.29069],[-6.067949,37.290661],[-6.067913,37.290661],[-6.067913,37.290632],[-6.067877,37.290632],[-6.067841,37.290604],[-6.067805,37.290604],[-6.067805,37.290575],[-6.067769,37.290575],[-6.067698,37.290518],[-6.067662,37.290518],[-6.067626,37.29049],[-6.06759,37.29049],[-6.06759,37.290461],[-6.067554,37.290461],[-6.067482,37.290404],[-6.067446,37.290404],[-6.06741,37.290375],[-6.067374,37.290375],[-6.067374,37.290347],[-6.067338,37.290347],[-6.067338,37.290318],[-6.067302,37.290318],[-6.067266,37.290289],[-6.06723,37.290289],[-6.06723,37.290261],[-6.067194,37.290261],[-6.067194,37.290232],[-6.067159,37.290232],[-6.067123,37.290204],[-6.067087,37.290175],[-6.067051,37.290146],[-6.067015,37.290118],[-6.066979,37.290089],[-6.066943,37.290061],[-6.066907,37.290032],[-6.066871,37.290004],[-6.066871,37.289975],[-6.066835,37.289975],[-6.066799,37.289946],[-6.066799,37.289918],[-6.066763,37.289918],[-6.066763,37.289889],[-6.066727,37.289832],[-6.066727,37.289803],[-6.066691,37.289803],[-6.066691,37.289775],[-6.066691,37.289746],[-6.066655,37.289718],[-6.066655,37.289689],[-6.066655,37.28966],[-6.066871,37.289632]]],[[[-6.066224,37.288002],[-6.066296,37.28806],[-6.066296,37.288088],[-6.066296,37.288117],[-6.066296,37.288145],[-6.066332,37.288145],[-6.066332,37.288174],[-6.066332,37.288231],[-6.066368,37.288231],[-6.066368,37.28826],[-6.066368,37.288288],[-6.066404,37.288288],[-6.066404,37.288317],[-6.066404,37.288345],[-6.06644,37.288374],[-6.066476,37.28846],[-6.066476,37.288517],[-6.066476,37.288546],[-6.066512,37.288603],[-6.066512,37.288631],[-6.066548,37.288631],[-6.066548,37.28866],[-6.066548,37.288689],[-6.066548,37.288717],[-6.066548,37.288746],[-6.066584,37.288774],[-6.066584,37.288803],[-6.066584,37.288831],[-6.06662,37.288831],[-6.06662,37.28886],[-6.06662,37.288917],[-6.066655,37.288974],[-6.066655,37.289003],[-6.066655,37.289032],[-6.066691,37.28906],[-6.066691,37.289089],[-6.066691,37.289117],[-6.066727,37.289146],[-6.066727,37.289175],[-6.066727,37.289203],[-6.066727,37.289232],[-6.066727,37.28926],[-6.066763,37.289317],[-6.066799,37.289375],[-6.066799,37.28946],[-6.066835,37.28946],[-6.066835,37.289489],[-6.066835,37.289518],[-6.066835,37.289546],[-6.06662,37.289575],[-6.06662,37.289546],[-6.066584,37.289518],[-6.066584,37.289489],[-6.066584,37.28946],[-6.066584,37.289432],[-6.066548,37.289403],[-6.066548,37.289346],[-6.066548,37.289317],[-6.066512,37.289289],[-6.066512,37.28926],[-6.066512,37.289203],[-6.066476,37.289203],[-6.066476,37.289175],[-6.06644,37.28906],[-6.06644,37.289032],[-6.06644,37.289003],[-6.066404,37.289003],[-6.066404,37.288974],[-6.066404,37.288946],[-6.066404,37.288917],[-6.066368,37.288889],[-6.066368,37.28886],[-6.066368,37.288831],[-6.066332,37.288774],[-6.066332,37.288717],[-6.066332,37.288689],[-6.066296,37.288689],[-6.066296,37.28866],[-6.066296,37.288631],[-6.066296,37.288603],[-6.06626,37.288603],[-6.06626,37.288574],[-6.06626,37.288546],[-6.066224,37.28846],[-6.066224,37.288431],[-6.066188,37.288431],[-6.066188,37.288403],[-6.066188,37.288374],[-6.066188,37.288345],[-6.066152,37.288345],[-6.066152,37.288317],[-6.066117,37.28826],[-6.066117,37.288231],[-6.066081,37.288231],[-6.066081,37.288203],[-6.066081,37.288174],[-6.066045,37.288145],[-6.066045,37.288117],[-6.066009,37.28806],[-6.066224,37.288002]]],[[[-6.06414,37.285487],[-6.064176,37.285515],[-6.064212,37.285544],[-6.064284,37.285544],[-6.064284,37.285572],[-6.06432,37.285572],[-6.064428,37.28563],[-6.064464,37.28563],[-6.064464,37.285658],[-6.0645,37.285658],[-6.0645,37.285687],[-6.064535,37.285687],[-6.064571,37.285715],[-6.064607,37.285715],[-6.064643,37.285744],[-6.064643,37.285773],[-6.064679,37.285801],[-6.064715,37.28583],[-6.064751,37.28583],[-6.064751,37.285858],[-6.064787,37.285858],[-6.064895,37.285973],[-6.064931,37.286001],[-6.064931,37.28603],[-6.065003,37.286087],[-6.065003,37.286116],[-6.065039,37.286116],[-6.065074,37.286144],[-6.065074,37.286173],[-6.065074,37.286201],[-6.06511,37.28623],[-6.06511,37.286259],[-6.065146,37.286316],[-6.065182,37.286316],[-6.065182,37.286344],[-6.065182,37.286373],[-6.065218,37.286373],[-6.065218,37.286401],[-6.065254,37.28643],[-6.065254,37.286459],[-6.065254,37.286487],[-6.06529,37.286487],[-6.06529,37.286516],[-6.06529,37.286544],[-6.065326,37.286544],[-6.065326,37.286573],[-6.065326,37.286602],[-6.065362,37.28663],[-6.065398,37.286659],[-6.065434,37.286745],[-6.06547,37.286773],[-6.06547,37.286802],[-6.065506,37.286802],[-6.065506,37.28683],[-6.065506,37.286859],[-6.065542,37.286887],[-6.065578,37.286945],[-6.065578,37.286973],[-6.065613,37.287002],[-6.065613,37.28703],[-6.065649,37.287059],[-6.065649,37.287088],[-6.065685,37.287145],[-6.065721,37.287202],[-6.065757,37.287231],[-6.065757,37.287259],[-6.065793,37.287288],[-6.065793,37.287316],[-6.065829,37.287345],[-6.065865,37.287402],[-6.065865,37.287431],[-6.065901,37.287488],[-6.065937,37.287516],[-6.065937,37.287545],[-6.065973,37.287574],[-6.065973,37.287602],[-6.066009,37.287631],[-6.066009,37.287659],[-6.066045,37.287688],[-6.066045,37.287717],[-6.066081,37.287745],[-6.066117,37.287802],[-6.066117,37.287831],[-6.066152,37.287859],[-6.066152,37.287888],[-6.065973,37.287974],[-6.065937,37.287945],[-6.065901,37.287888],[-6.065901,37.287859],[-6.065901,37.287831],[-6.065865,37.287831],[-6.065865,37.287802],[-6.065829,37.287774],[-6.065829,37.287745],[-6.065793,37.287745],[-6.065793,37.287717],[-6.065793,37.287688],[-6.065757,37.287659],[-6.065757,37.287631],[-6.065757,37.287602],[-6.065721,37.287602],[-6.065721,37.287574],[-6.065685,37.287545],[-6.065685,37.287516],[-6.065649,37.287488],[-6.065649,37.287459],[-6.065613,37.287431],[-6.065613,37.287402],[-6.065613,37.287373],[-6.065578,37.287373],[-6.065578,37.287345],[-6.065542,37.287316],[-6.065542,37.287288],[-6.065506,37.287259],[-6.065506,37.287231],[-6.065506,37.287202],[-6.06547,37.287202],[-6.06547,37.287173],[-6.065434,37.287173],[-6.065434,37.287145],[-6.065434,37.287116],[-6.065398,37.287088],[-6.065398,37.287059],[-6.065398,37.28703],[-6.065362,37.28703],[-6.065362,37.287002],[-6.065326,37.286973],[-6.065326,37.286945],[-6.065326,37.286916],[-6.06529,37.286916],[-6.065254,37.28683],[-6.065218,37.286802],[-6.065218,37.286773],[-6.065182,37.286745],[-6.065182,37.286716],[-6.065146,37.286687],[-6.065146,37.286659],[-6.065146,37.28663],[-6.06511,37.28663],[-6.06511,37.286602],[-6.065074,37.286573],[-6.065074,37.286544],[-6.065039,37.286516],[-6.065039,37.286487],[-6.064967,37.286344],[-6.064931,37.286344],[-6.064931,37.286316],[-6.064931,37.286287],[-6.064895,37.286287],[-6.064895,37.286259],[-6.064895,37.28623],[-6.064859,37.28623],[-6.064859,37.286201],[-6.064787,37.286144],[-6.064787,37.286116],[-6.064751,37.286116],[-6.064751,37.286087],[-6.064679,37.28603],[-6.064679,37.286001],[-6.064643,37.286001],[-6.064643,37.285973],[-6.064607,37.285973],[-6.064535,37.285915],[-6.064535,37.285887],[-6.0645,37.285887],[-6.064428,37.28583],[-6.064392,37.285801],[-6.064356,37.285801],[-6.064356,37.285773],[-6.06432,37.285773],[-6.06432,37.285744],[-6.064284,37.285744],[-6.064248,37.285744],[-6.064248,37.285715],[-6.064176,37.285715],[-6.064176,37.285687],[-6.06414,37.285687],[-6.064104,37.285658],[-6.064068,37.285658],[-6.064068,37.28563],[-6.06414,37.285487]]],[[[-6.062487,37.285258],[-6.062523,37.285287],[-6.062559,37.285287],[-6.062847,37.285287],[-6.06317,37.285315],[-6.063242,37.285315],[-6.063386,37.285344],[-6.063422,37.285344],[-6.063457,37.285344],[-6.063601,37.285372],[-6.063637,37.285372],[-6.063673,37.285372],[-6.063745,37.285372],[-6.063781,37.285401],[-6.063817,37.285401],[-6.063853,37.285401],[-6.063889,37.285401],[-6.063889,37.285429],[-6.063925,37.285429],[-6.063961,37.285429],[-6.064032,37.285458],[-6.063925,37.285601],[-6.063889,37.285572],[-6.063853,37.285572],[-6.063817,37.285572],[-6.063817,37.285544],[-6.063781,37.285544],[-6.063745,37.285544],[-6.063709,37.285544],[-6.063637,37.285515],[-6.063601,37.285515],[-6.063565,37.285515],[-6.063529,37.285515],[-6.063493,37.285515],[-6.063457,37.285487],[-6.06335,37.285487],[-6.063314,37.285487],[-6.063278,37.285487],[-6.063134,37.285458],[-6.063098,37.285458],[-6.063062,37.285458],[-6.062954,37.285458],[-6.062918,37.285458],[-6.062451,37.285401],[-6.062415,37.285401],[-6.06238,37.285401],[-6.062344,37.285401],[-6.062308,37.285401],[-6.062272,37.285401],[-6.062236,37.285401],[-6.062236,37.285258],[-6.062272,37.285258],[-6.06238,37.285258],[-6.062415,37.285258],[-6.062451,37.285258],[-6.062487,37.285258]]],[[[-6.061697,37.285201],[-6.061697,37.285344],[-6.061661,37.285344],[-6.061625,37.285344],[-6.061589,37.285344],[-6.061625,37.285201],[-6.061697,37.285201]]],[[[-6.061984,37.284858],[-6.06202,37.284886],[-6.06202,37.284915],[-6.06202,37.284943],[-6.06202,37.284972],[-6.06202,37.285001],[-6.06202,37.285029],[-6.06202,37.285086],[-6.06202,37.285115],[-6.06202,37.285144],[-6.06202,37.285172],[-6.062056,37.285172],[-6.062056,37.285201],[-6.062092,37.285229],[-6.062128,37.285229],[-6.062092,37.285372],[-6.062056,37.285372],[-6.061984,37.285372],[-6.061948,37.285372],[-6.061912,37.285372],[-6.061841,37.285344],[-6.061876,37.285229],[-6.061876,37.285201],[-6.061912,37.285201],[-6.061912,37.285172],[-6.061948,37.285144],[-6.061948,37.285115],[-6.061948,37.285086],[-6.061948,37.285058],[-6.061984,37.285029],[-6.061984,37.285001],[-6.061984,37.284972],[-6.061984,37.284943],[-6.061984,37.284915],[-6.061984,37.284886],[-6.061984,37.284858]]],[[[-6.053001,37.282685],[-6.053001,37.282713],[-6.052965,37.282713],[-6.053001,37.282685]]],[[[-6.05548,37.280741],[-6.05548,37.280769],[-6.055445,37.280769],[-6.055445,37.280741],[-6.05548,37.280741]]],[[[-6.05778,37.278596],[-6.05778,37.278625],[-6.057744,37.278625],[-6.057744,37.278654],[-6.057744,37.278682],[-6.057708,37.278711],[-6.057708,37.278739],[-6.057708,37.278768],[-6.057672,37.278797],[-6.057672,37.278825],[-6.057672,37.278854],[-6.057565,37.278939],[-6.057493,37.278997],[-6.057457,37.279025],[-6.057457,37.279054],[-6.057457,37.279082],[-6.057493,37.279111],[-6.057493,37.27914],[-6.057529,37.27914],[-6.057529,37.279168],[-6.057493,37.279168],[-6.057457,37.279168],[-6.057421,37.279168],[-6.057421,37.279197],[-6.057385,37.279197],[-6.057385,37.279225],[-6.057385,37.279254],[-6.057385,37.279283],[-6.057385,37.279311],[-6.057385,37.27934],[-6.057385,37.279368],[-6.057349,37.279368],[-6.057349,37.279397],[-6.057349,37.279426],[-6.057313,37.279426],[-6.057313,37.279454],[-6.057277,37.279454],[-6.057277,37.279483],[-6.057241,37.279483],[-6.057205,37.27954],[-6.057169,37.279597],[-6.057169,37.279626],[-6.057133,37.279654],[-6.057133,37.279683],[-6.057133,37.279711],[-6.057097,37.279769],[-6.057097,37.279826],[-6.057097,37.279854],[-6.057097,37.279883],[-6.057061,37.279883],[-6.057026,37.279912],[-6.057026,37.27994],[-6.05699,37.27994],[-6.05699,37.279969],[-6.05699,37.280026],[-6.05699,37.280055],[-6.05699,37.280083],[-6.056954,37.280083],[-6.056954,37.280112],[-6.056954,37.28014],[-6.056918,37.28014],[-6.056918,37.280169],[-6.056918,37.280197],[-6.056882,37.280197],[-6.056882,37.280226],[-6.056846,37.280226],[-6.05681,37.280255],[-6.056774,37.280255],[-6.056774,37.280283],[-6.056738,37.280283],[-6.056738,37.280312],[-6.056738,37.28034],[-6.056774,37.28034],[-6.056774,37.280369],[-6.056738,37.280369],[-6.056738,37.280398],[-6.056702,37.280398],[-6.056666,37.280426],[-6.05663,37.280426],[-6.05663,37.280455],[-6.05663,37.280483],[-6.056594,37.280512],[-6.056558,37.280512],[-6.056558,37.280541],[-6.056558,37.280569],[-6.056558,37.280598],[-6.056522,37.280598],[-6.056487,37.280626],[-6.056487,37.280655],[-6.056522,37.280684],[-6.056522,37.280712],[-6.056522,37.280741],[-6.056522,37.280769],[-6.056522,37.280798],[-6.056487,37.280798],[-6.056451,37.280798],[-6.056451,37.280826],[-6.056451,37.280855],[-6.056415,37.280884],[-6.056415,37.280912],[-6.056379,37.280912],[-6.056379,37.280941],[-6.056343,37.280941],[-6.056343,37.280969],[-6.056343,37.280998],[-6.056307,37.280998],[-6.056307,37.281027],[-6.056271,37.281055],[-6.056235,37.281055],[-6.056235,37.281084],[-6.056199,37.281084],[-6.056199,37.281112],[-6.056163,37.281112],[-6.056163,37.281141],[-6.056127,37.281141],[-6.056127,37.28117],[-6.056127,37.281198],[-6.056091,37.281227],[-6.056091,37.281255],[-6.056091,37.281284],[-6.056091,37.281313],[-6.056127,37.281313],[-6.056127,37.281341],[-6.056163,37.281341],[-6.056163,37.28137],[-6.056163,37.281398],[-6.056199,37.281398],[-6.056199,37.281427],[-6.056235,37.281427],[-6.056271,37.281427],[-6.056271,37.281455],[-6.056307,37.281455],[-6.056343,37.281484],[-6.056343,37.281513],[-6.056379,37.281513],[-6.056415,37.281513],[-6.056415,37.281541],[-6.056415,37.28157],[-6.056451,37.28157],[-6.056487,37.281598],[-6.056522,37.281598],[-6.056558,37.281598],[-6.056558,37.281627],[-6.056522,37.281627],[-6.056522,37.281656],[-6.056558,37.281656],[-6.056558,37.281684],[-6.056594,37.281684],[-6.05663,37.281684],[-6.05663,37.281713],[-6.056666,37.281713],[-6.056666,37.281741],[-6.056666,37.28177],[-6.056702,37.28177],[-6.056738,37.28177],[-6.056738,37.281799],[-6.056774,37.281799],[-6.056774,37.281827],[-6.05681,37.281827],[-6.05681,37.281856],[-6.05681,37.281884],[-6.056846,37.281913],[-6.056846,37.281942],[-6.056882,37.281942],[-6.056882,37.28197],[-6.056918,37.28197],[-6.056954,37.28197],[-6.056918,37.281999],[-6.056918,37.282027],[-6.056954,37.282027],[-6.056954,37.282056],[-6.05699,37.282056],[-6.05699,37.282084],[-6.05699,37.282113],[-6.057026,37.282142],[-6.057026,37.28217],[-6.057061,37.282199],[-6.057061,37.282227],[-6.057097,37.282256],[-6.057097,37.282285],[-6.057133,37.282313],[-6.057133,37.282342],[-6.057169,37.282342],[-6.057169,37.28237],[-6.057169,37.282399],[-6.057205,37.282428],[-6.057205,37.282456],[-6.057241,37.282485],[-6.057241,37.282513],[-6.057241,37.282542],[-6.057277,37.282542],[-6.057277,37.28257],[-6.057277,37.282599],[-6.057313,37.282628],[-6.057313,37.282656],[-6.057349,37.282713],[-6.057385,37.282742],[-6.057421,37.282799],[-6.057421,37.282828],[-6.057421,37.282856],[-6.057457,37.282856],[-6.057457,37.282885],[-6.057493,37.282914],[-6.057493,37.282942],[-6.057493,37.282971],[-6.057529,37.282971],[-6.057529,37.282999],[-6.057565,37.282999],[-6.057565,37.283028],[-6.057565,37.283057],[-6.0576,37.283057],[-6.0576,37.283085],[-6.057636,37.283085],[-6.057636,37.283114],[-6.057672,37.283114],[-6.057672,37.283142],[-6.057708,37.283142],[-6.057816,37.283228],[-6.057852,37.283257],[-6.057924,37.283285],[-6.057924,37.283314],[-6.05796,37.283314],[-6.058068,37.2834],[-6.058104,37.283428],[-6.058139,37.283428],[-6.058283,37.283514],[-6.058283,37.283543],[-6.058319,37.283543],[-6.058607,37.283743],[-6.058643,37.283771],[-6.058966,37.283971],[-6.059002,37.284],[-6.059038,37.284029],[-6.059074,37.284029],[-6.05911,37.284057],[-6.059182,37.284086],[-6.059182,37.284114],[-6.059253,37.284143],[-6.059253,37.284172],[-6.059289,37.284172],[-6.059325,37.284172],[-6.059325,37.2842],[-6.059361,37.2842],[-6.059397,37.284257],[-6.059433,37.284257],[-6.059505,37.284314],[-6.059541,37.284343],[-6.059577,37.284372],[-6.059613,37.2844],[-6.059756,37.284457],[-6.059756,37.284486],[-6.059792,37.284515],[-6.059828,37.284515],[-6.059828,37.284543],[-6.059864,37.284543],[-6.0599,37.284543],[-6.0599,37.284572],[-6.059936,37.284572],[-6.059936,37.2846],[-6.059972,37.2846],[-6.059972,37.284629],[-6.060008,37.284629],[-6.060044,37.284658],[-6.06008,37.284686],[-6.060152,37.284715],[-6.060152,37.284743],[-6.060188,37.284743],[-6.060224,37.284772],[-6.060259,37.2848],[-6.060295,37.284829],[-6.060403,37.284886],[-6.060439,37.284915],[-6.060475,37.284915],[-6.060475,37.284943],[-6.060511,37.284972],[-6.060547,37.284972],[-6.060547,37.285001],[-6.060583,37.285001],[-6.060619,37.285029],[-6.060655,37.285029],[-6.060727,37.285058],[-6.060763,37.285086],[-6.060798,37.285086],[-6.06087,37.285115],[-6.060906,37.285115],[-6.060942,37.285115],[-6.060978,37.285144],[-6.06105,37.285144],[-6.061086,37.285144],[-6.061086,37.285172],[-6.061122,37.285172],[-6.061158,37.285172],[-6.061266,37.285172],[-6.061481,37.285201],[-6.061445,37.285315],[-6.061409,37.285315],[-6.061373,37.285315],[-6.061337,37.285315],[-6.061302,37.285315],[-6.061158,37.285315],[-6.06105,37.285287],[-6.061014,37.285287],[-6.060978,37.285287],[-6.060906,37.285258],[-6.06087,37.285258],[-6.060834,37.285258],[-6.060763,37.285229],[-6.060727,37.285229],[-6.060691,37.285229],[-6.060691,37.285201],[-6.060655,37.285201],[-6.060619,37.285172],[-6.060547,37.285172],[-6.060547,37.285144],[-6.060511,37.285144],[-6.060475,37.285115],[-6.060439,37.285086],[-6.060403,37.285086],[-6.060367,37.285058],[-6.060331,37.285029],[-6.060295,37.285029],[-6.060295,37.285001],[-6.060259,37.285001],[-6.060224,37.284972],[-6.060152,37.284943],[-6.060152,37.284915],[-6.060116,37.284886],[-6.06008,37.284886],[-6.06008,37.284858],[-6.060044,37.284858],[-6.060044,37.284829],[-6.060008,37.284829],[-6.060008,37.2848],[-6.059972,37.2848],[-6.059936,37.2848],[-6.059936,37.284772],[-6.0599,37.284772],[-6.0599,37.284743],[-6.059864,37.284743],[-6.059828,37.284686],[-6.059792,37.284686],[-6.059792,37.284658],[-6.059756,37.284658],[-6.059756,37.284629],[-6.05972,37.284629],[-6.059685,37.284629],[-6.059685,37.2846],[-6.059649,37.2846],[-6.059613,37.284572],[-6.059577,37.284572],[-6.059577,37.284543],[-6.059541,37.284543],[-6.059505,37.284515],[-6.059505,37.284486],[-6.059469,37.284486],[-6.059469,37.284457],[-6.059433,37.284457],[-6.059433,37.284429],[-6.059397,37.284429],[-6.059361,37.2844],[-6.059325,37.2844],[-6.059325,37.284372],[-6.059289,37.284372],[-6.059253,37.284343],[-6.059217,37.284343],[-6.059217,37.284314],[-6.059182,37.284314],[-6.059182,37.284286],[-6.059146,37.284286],[-6.05911,37.284257],[-6.059038,37.2842],[-6.059002,37.2842],[-6.059002,37.284172],[-6.058966,37.284172],[-6.05893,37.284143],[-6.058894,37.284114],[-6.058858,37.284114],[-6.058858,37.284086],[-6.058822,37.284086],[-6.058822,37.284057],[-6.058786,37.284057],[-6.05875,37.284],[-6.058714,37.284],[-6.058714,37.283971],[-6.058678,37.283971],[-6.058678,37.283943],[-6.058643,37.283943],[-6.058607,37.283943],[-6.058607,37.283914],[-6.058571,37.283914],[-6.058571,37.283886],[-6.058535,37.283886],[-6.058535,37.283857],[-6.058499,37.283857],[-6.058499,37.283828],[-6.058463,37.283828],[-6.058427,37.2838],[-6.058391,37.283771],[-6.058355,37.283771],[-6.058355,37.283743],[-6.058319,37.283743],[-6.058283,37.283714],[-6.058283,37.283685],[-6.058247,37.283685],[-6.058211,37.283657],[-6.058175,37.283657],[-6.058139,37.283657],[-6.058139,37.283628],[-6.058104,37.283628],[-6.058104,37.2836],[-6.058068,37.283571],[-6.058032,37.283543],[-6.057996,37.283543],[-6.05796,37.283543],[-6.05796,37.283514],[-6.057924,37.283514],[-6.057924,37.283485],[-6.057888,37.283485],[-6.057852,37.283457],[-6.057852,37.283428],[-6.057816,37.283428],[-6.057816,37.2834],[-6.05778,37.2834],[-6.05778,37.283371],[-6.057744,37.283371],[-6.057744,37.283342],[-6.057708,37.283342],[-6.057672,37.283314],[-6.057636,37.283314],[-6.057636,37.283285],[-6.0576,37.283285],[-6.0576,37.283257],[-6.057565,37.283228],[-6.057529,37.283228],[-6.057493,37.283199],[-6.057493,37.283171],[-6.057457,37.283171],[-6.057457,37.283142],[-6.057421,37.283142],[-6.057421,37.283114],[-6.057385,37.283085],[-6.057349,37.283057],[-6.057349,37.283028],[-6.057313,37.282999],[-6.057313,37.282971],[-6.057277,37.282971],[-6.057277,37.282942],[-6.057241,37.282942],[-6.057241,37.282914],[-6.057241,37.282885],[-6.057241,37.282856],[-6.057205,37.282856],[-6.057205,37.282828],[-6.057205,37.282799],[-6.057169,37.282771],[-6.057169,37.282742],[-6.057133,37.282713],[-6.057133,37.282685],[-6.057097,37.282685],[-6.057097,37.282656],[-6.057097,37.282628],[-6.057061,37.282599],[-6.057061,37.28257],[-6.057061,37.282542],[-6.057026,37.282542],[-6.057026,37.282513],[-6.05699,37.282485],[-6.05699,37.282456],[-6.05699,37.282428],[-6.056954,37.282428],[-6.056954,37.282399],[-6.056918,37.282399],[-6.056918,37.28237],[-6.056918,37.282342],[-6.056918,37.282313],[-6.056882,37.282313],[-6.056882,37.282285],[-6.056882,37.282256],[-6.056846,37.282256],[-6.056846,37.282227],[-6.056846,37.282199],[-6.05681,37.282199],[-6.05681,37.28217],[-6.05681,37.282142],[-6.056774,37.282142],[-6.056774,37.282113],[-6.056774,37.282084],[-6.056738,37.282056],[-6.056702,37.282027],[-6.056702,37.281999],[-6.056666,37.281999],[-6.05663,37.281999],[-6.05663,37.28197],[-6.056594,37.281942],[-6.056594,37.281913],[-6.056558,37.281913],[-6.056558,37.281884],[-6.056522,37.281884],[-6.056522,37.281856],[-6.056487,37.281856],[-6.056487,37.281827],[-6.056451,37.281827],[-6.056415,37.281827],[-6.056415,37.281799],[-6.056415,37.28177],[-6.056379,37.28177],[-6.056343,37.28177],[-6.056307,37.28177],[-6.056307,37.281741],[-6.056307,37.281713],[-6.056271,37.281713],[-6.056271,37.281684],[-6.056235,37.281684],[-6.056235,37.281656],[-6.056199,37.281656],[-6.056199,37.281627],[-6.056163,37.281627],[-6.056163,37.281598],[-6.056127,37.281598],[-6.056091,37.281598],[-6.056091,37.28157],[-6.056055,37.28157],[-6.056055,37.281541],[-6.056019,37.281541],[-6.056019,37.281513],[-6.055984,37.281513],[-6.055984,37.281484],[-6.055948,37.281484],[-6.055912,37.281455],[-6.055876,37.281455],[-6.05584,37.281484],[-6.055804,37.281484],[-6.055804,37.281455],[-6.055804,37.281427],[-6.055804,37.281398],[-6.055804,37.28137],[-6.055768,37.28137],[-6.055768,37.281341],[-6.055732,37.281341],[-6.055696,37.281313],[-6.055588,37.281255],[-6.055588,37.281227],[-6.055552,37.281198],[-6.055516,37.281198],[-6.05548,37.28117],[-6.05548,37.281141],[-6.055445,37.281141],[-6.055445,37.281112],[-6.055445,37.281084],[-6.055409,37.281084],[-6.055409,37.281055],[-6.055373,37.281055],[-6.055373,37.281027],[-6.055337,37.281027],[-6.055337,37.280998],[-6.055301,37.280998],[-6.055265,37.280998],[-6.055265,37.280969],[-6.055229,37.280969],[-6.055229,37.280941],[-6.055193,37.280941],[-6.055157,37.280941],[-6.055157,37.280912],[-6.055121,37.280912],[-6.055085,37.280884],[-6.055013,37.280826],[-6.054977,37.280826],[-6.054941,37.280798],[-6.054941,37.280769],[-6.054906,37.280769],[-6.054906,37.280798],[-6.05487,37.280798],[-6.05487,37.280826],[-6.054834,37.280826],[-6.054798,37.280798],[-6.054798,37.280769],[-6.054798,37.280741],[-6.054798,37.280712],[-6.054762,37.280712],[-6.054762,37.280684],[-6.054726,37.280684],[-6.05469,37.280684],[-6.054654,37.280684],[-6.054618,37.280712],[-6.054618,37.280741],[-6.054582,37.280741],[-6.054582,37.280769],[-6.054582,37.280798],[-6.054546,37.280798],[-6.054546,37.280826],[-6.05451,37.280826],[-6.05451,37.280798],[-6.054474,37.280798],[-6.054474,37.280769],[-6.054474,37.280741],[-6.054438,37.280741],[-6.054402,37.280741],[-6.054367,37.280741],[-6.054367,37.280712],[-6.054331,37.280712],[-6.054295,37.280712],[-6.054295,37.280684],[-6.054259,37.280684],[-6.054223,37.280655],[-6.054223,37.280626],[-6.054223,37.280598],[-6.054223,37.280569],[-6.054187,37.280569],[-6.054151,37.280569],[-6.054187,37.280541],[-6.054223,37.280512],[-6.054223,37.280483],[-6.054259,37.280483],[-6.054295,37.280483],[-6.054295,37.280512],[-6.054331,37.280512],[-6.054331,37.280541],[-6.054367,37.280541],[-6.054402,37.280541],[-6.054402,37.280512],[-6.054438,37.280512],[-6.054438,37.280483],[-6.054474,37.280483],[-6.054474,37.280455],[-6.054474,37.280426],[-6.054438,37.280426],[-6.054402,37.280426],[-6.054402,37.280455],[-6.054367,37.280455],[-6.054367,37.280426],[-6.054367,37.280398],[-6.054402,37.280369],[-6.054402,37.28034],[-6.054438,37.28034],[-6.054438,37.280312],[-6.054438,37.280283],[-6.054402,37.280255],[-6.054402,37.280226],[-6.054295,37.280083],[-6.054223,37.279969],[-6.054187,37.27994],[-6.054187,37.279912],[-6.054151,37.279912],[-6.054115,37.279854],[-6.054115,37.279826],[-6.054079,37.279826],[-6.054079,37.279797],[-6.054043,37.279797],[-6.054043,37.279769],[-6.054007,37.279769],[-6.054007,37.27974],[-6.053971,37.27974],[-6.053935,37.27974],[-6.053899,37.279711],[-6.053863,37.279711],[-6.053828,37.279683],[-6.053756,37.279654],[-6.053684,37.279654],[-6.053648,37.279654],[-6.053648,37.279626],[-6.053612,37.279626],[-6.053576,37.279626],[-6.053576,37.279654],[-6.05354,37.279654],[-6.05354,37.279683],[-6.053504,37.279683],[-6.053468,37.27974],[-6.053468,37.279769],[-6.053432,37.279797],[-6.053396,37.279854],[-6.05336,37.279854],[-6.05336,37.279883],[-6.05336,37.279912],[-6.05336,37.27994],[-6.053396,37.27994],[-6.053432,37.27994],[-6.053432,37.279969],[-6.053432,37.279997],[-6.053432,37.280026],[-6.053468,37.280026],[-6.053468,37.280055],[-6.053504,37.280055],[-6.053504,37.280026],[-6.05354,37.279997],[-6.053576,37.279969],[-6.053612,37.279969],[-6.053612,37.27994],[-6.053648,37.27994],[-6.053648,37.279969],[-6.053648,37.279997],[-6.053612,37.279997],[-6.053612,37.280026],[-6.053576,37.280083],[-6.05354,37.280083],[-6.05354,37.280112],[-6.05354,37.28014],[-6.05354,37.280169],[-6.053576,37.280226],[-6.053576,37.280255],[-6.053576,37.280283],[-6.05354,37.280283],[-6.05354,37.280255],[-6.05354,37.280226],[-6.053504,37.280226],[-6.053504,37.280197],[-6.053468,37.280169],[-6.053468,37.28014],[-6.053432,37.28014],[-6.053432,37.280112],[-6.053396,37.280112],[-6.05336,37.280083],[-6.053289,37.280055],[-6.053289,37.280026],[-6.053253,37.280026],[-6.053217,37.280055],[-6.053181,37.280083],[-6.053145,37.280112],[-6.053109,37.28014],[-6.053037,37.280169],[-6.053037,37.280197],[-6.053001,37.280226],[-6.052965,37.280255],[-6.052929,37.280255],[-6.052929,37.280283],[-6.052893,37.280312],[-6.052857,37.280312],[-6.052857,37.28034],[-6.052786,37.280398],[-6.05275,37.280398],[-6.052714,37.280455],[-6.052678,37.280455],[-6.052642,37.280483],[-6.052642,37.280512],[-6.052606,37.280541],[-6.05257,37.280541],[-6.052534,37.280569],[-6.052534,37.280598],[-6.052498,37.280598],[-6.052498,37.280626],[-6.052462,37.280626],[-6.052426,37.280655],[-6.052354,37.280712],[-6.052318,37.280741],[-6.052282,37.280769],[-6.052282,37.280798],[-6.052247,37.280798],[-6.052282,37.280826],[-6.052318,37.280855],[-6.052318,37.280884],[-6.05239,37.280941],[-6.052426,37.280998],[-6.052462,37.281027],[-6.052498,37.281055],[-6.052498,37.281084],[-6.052534,37.281084],[-6.05257,37.281055],[-6.052606,37.281027],[-6.05275,37.280941],[-6.05275,37.280912],[-6.052786,37.280912],[-6.052821,37.280912],[-6.052857,37.280912],[-6.052857,37.280941],[-6.052857,37.280969],[-6.052821,37.280969],[-6.052786,37.281027],[-6.052678,37.281084],[-6.052642,37.281112],[-6.052642,37.281141],[-6.052606,37.281141],[-6.052606,37.28117],[-6.052642,37.28117],[-6.052642,37.281198],[-6.052678,37.281227],[-6.052714,37.281255],[-6.05275,37.281284],[-6.05275,37.281313],[-6.052786,37.281313],[-6.052821,37.281313],[-6.052821,37.281284],[-6.052857,37.281255],[-6.052893,37.281227],[-6.052965,37.281198],[-6.053037,37.281141],[-6.053073,37.281141],[-6.053109,37.281112],[-6.053145,37.281084],[-6.053181,37.281055],[-6.053217,37.281055],[-6.053253,37.281055],[-6.053253,37.281027],[-6.053253,37.280998],[-6.053289,37.280998],[-6.053289,37.281027],[-6.053324,37.281027],[-6.053324,37.280998],[-6.053324,37.280969],[-6.05336,37.280969],[-6.053396,37.280969],[-6.053432,37.280969],[-6.053432,37.280998],[-6.053396,37.281027],[-6.05336,37.281055],[-6.053324,37.281084],[-6.053001,37.281284],[-6.053001,37.281313],[-6.052965,37.281313],[-6.052929,37.281341],[-6.052893,37.28137],[-6.052857,37.28137],[-6.052857,37.281398],[-6.052857,37.281427],[-6.052893,37.281484],[-6.052929,37.281513],[-6.052965,37.281541],[-6.052965,37.28157],[-6.053001,37.28157],[-6.053001,37.281598],[-6.052965,37.281598],[-6.052965,37.281627],[-6.053001,37.281656],[-6.053001,37.281684],[-6.053001,37.281713],[-6.053001,37.281741],[-6.053001,37.28177],[-6.052965,37.28177],[-6.052965,37.281741],[-6.052929,37.281713],[-6.052929,37.281684],[-6.052893,37.281656],[-6.052857,37.281627],[-6.052857,37.281598],[-6.052821,37.281598],[-6.052821,37.28157],[-6.052786,37.281541],[-6.05275,37.281484],[-6.05275,37.281455],[-6.052714,37.281455],[-6.052714,37.281427],[-6.052678,37.281427],[-6.052642,37.281427],[-6.052642,37.281455],[-6.05257,37.281484],[-6.052498,37.281541],[-6.052139,37.281741],[-6.051887,37.281884],[-6.051851,37.281913],[-6.051815,37.281942],[-6.051779,37.281942],[-6.051779,37.28197],[-6.051743,37.28197],[-6.051743,37.281999],[-6.051779,37.281999],[-6.051779,37.282027],[-6.051815,37.282027],[-6.051815,37.282056],[-6.051851,37.282056],[-6.051887,37.282113],[-6.051959,37.28217],[-6.051959,37.282199],[-6.051995,37.282227],[-6.052031,37.282227],[-6.052031,37.282256],[-6.052067,37.282256],[-6.052103,37.282227],[-6.052139,37.282227],[-6.052139,37.282199],[-6.052175,37.282199],[-6.052211,37.282199],[-6.052211,37.28217],[-6.052247,37.282142],[-6.052282,37.282142],[-6.052318,37.282113],[-6.052354,37.282113],[-6.05239,37.282084],[-6.052426,37.282084],[-6.052462,37.282056],[-6.052498,37.282056],[-6.052498,37.282027],[-6.052534,37.282027],[-6.05257,37.282027],[-6.052606,37.282027],[-6.052642,37.281999],[-6.052678,37.281999],[-6.052714,37.281999],[-6.05275,37.281999],[-6.05275,37.282027],[-6.052714,37.282027],[-6.052678,37.282027],[-6.052678,37.282056],[-6.052678,37.282084],[-6.052678,37.282113],[-6.052678,37.282142],[-6.052642,37.282142],[-6.052606,37.282142],[-6.052606,37.28217],[-6.05257,37.28217],[-6.052534,37.28217],[-6.052534,37.282199],[-6.052534,37.282227],[-6.05257,37.282227],[-6.052606,37.282227],[-6.052606,37.282199],[-6.052642,37.282199],[-6.052642,37.282227],[-6.052606,37.282256],[-6.052606,37.282285],[-6.052642,37.282285],[-6.052678,37.282285],[-6.052678,37.282256],[-6.052714,37.282256],[-6.05275,37.282227],[-6.052786,37.282227],[-6.052821,37.282227],[-6.052821,37.282256],[-6.052786,37.282256],[-6.05275,37.282256],[-6.05275,37.282285],[-6.052714,37.282285],[-6.052678,37.282313],[-6.052642,37.282313],[-6.052426,37.282428],[-6.05239,37.282456],[-6.052318,37.282456],[-6.052318,37.282485],[-6.052282,37.282485],[-6.052282,37.282513],[-6.052318,37.282513],[-6.052318,37.282542],[-6.052354,37.28257],[-6.05239,37.282628],[-6.052462,37.282685],[-6.052498,37.282685],[-6.052498,37.282713],[-6.052534,37.282742],[-6.052534,37.282771],[-6.05257,37.282771],[-6.05257,37.282799],[-6.052606,37.282799],[-6.052606,37.282828],[-6.052642,37.282828],[-6.052678,37.282828],[-6.052678,37.282799],[-6.052714,37.282799],[-6.05275,37.282771],[-6.052786,37.282771],[-6.052786,37.282742],[-6.052821,37.282742],[-6.052857,37.282713],[-6.052893,37.282713],[-6.052893,37.282685],[-6.052929,37.282685],[-6.052929,37.282656],[-6.052965,37.282656],[-6.052965,37.282685],[-6.052965,37.282713],[-6.052965,37.282742],[-6.052929,37.282742],[-6.052821,37.282799],[-6.052786,37.282828],[-6.05275,37.282828],[-6.05275,37.282856],[-6.052714,37.282856],[-6.052714,37.282885],[-6.052714,37.282914],[-6.052714,37.282942],[-6.052714,37.282971],[-6.05275,37.282971],[-6.05275,37.282999],[-6.052714,37.282999],[-6.052678,37.282999],[-6.052678,37.282971],[-6.052678,37.282942],[-6.052642,37.282942],[-6.052606,37.282942],[-6.052606,37.282971],[-6.052534,37.282999],[-6.052498,37.283028],[-6.052462,37.283028],[-6.052462,37.283057],[-6.052426,37.283085],[-6.05239,37.283114],[-6.05239,37.283085],[-6.052354,37.283085],[-6.052354,37.283057],[-6.052318,37.283057],[-6.052318,37.283028],[-6.052282,37.283028],[-6.052282,37.282999],[-6.052318,37.282999],[-6.052354,37.282999],[-6.05239,37.282999],[-6.052426,37.282971],[-6.052462,37.282971],[-6.052462,37.282942],[-6.052498,37.282942],[-6.052534,37.282914],[-6.052534,37.282885],[-6.052498,37.282885],[-6.052498,37.282856],[-6.052498,37.282828],[-6.052462,37.282828],[-6.052462,37.282799],[-6.052426,37.282799],[-6.052426,37.282771],[-6.05239,37.282742],[-6.052354,37.282685],[-6.052318,37.282685],[-6.052318,37.282656],[-6.052282,37.282656],[-6.052282,37.282685],[-6.052247,37.282685],[-6.052211,37.282713],[-6.052103,37.282771],[-6.052067,37.282799],[-6.052031,37.282828],[-6.051959,37.282856],[-6.051959,37.282885],[-6.051923,37.282885],[-6.051923,37.282856],[-6.051923,37.282828],[-6.051959,37.282828],[-6.051959,37.282799],[-6.051995,37.282799],[-6.052139,37.282685],[-6.052175,37.282685],[-6.052211,37.282656],[-6.052247,37.282656],[-6.052247,37.282628],[-6.052247,37.282599],[-6.052211,37.28257],[-6.052175,37.282542],[-6.052139,37.282513],[-6.052103,37.282513],[-6.052103,37.282542],[-6.052067,37.282542],[-6.051995,37.282599],[-6.051743,37.282742],[-6.051708,37.282742],[-6.051708,37.282771],[-6.051636,37.282799],[-6.051636,37.282828],[-6.0516,37.282828],[-6.051564,37.282828],[-6.051528,37.282828],[-6.051528,37.282799],[-6.051564,37.282799],[-6.051564,37.282771],[-6.0516,37.282771],[-6.0516,37.282742],[-6.0516,37.282713],[-6.051636,37.282713],[-6.051636,37.282685],[-6.051636,37.282656],[-6.051672,37.282656],[-6.051672,37.282628],[-6.051708,37.282628],[-6.051743,37.282628],[-6.051743,37.282599],[-6.051779,37.282599],[-6.051815,37.282599],[-6.051815,37.28257],[-6.051851,37.28257],[-6.051851,37.282542],[-6.051851,37.282513],[-6.051815,37.282513],[-6.051779,37.282513],[-6.051779,37.282485],[-6.051779,37.282456],[-6.051815,37.282456],[-6.051887,37.28237],[-6.051923,37.28237],[-6.051923,37.282342],[-6.051923,37.282313],[-6.051887,37.282313],[-6.051851,37.282285],[-6.051779,37.282199],[-6.051672,37.282142],[-6.051672,37.282113],[-6.052786,37.279225],[-6.052821,37.279111],[-6.052857,37.278968],[-6.052893,37.278968],[-6.052929,37.278968],[-6.052929,37.278997],[-6.052965,37.278997],[-6.053073,37.279025],[-6.053612,37.279225],[-6.053648,37.279254],[-6.05372,37.279283],[-6.053756,37.279283],[-6.053792,37.279283],[-6.053828,37.279254],[-6.053828,37.279225],[-6.053863,37.279225],[-6.053863,37.279197],[-6.053828,37.279168],[-6.053792,37.279168],[-6.053792,37.27914],[-6.053756,37.27914],[-6.053756,37.279111],[-6.05372,37.279111],[-6.053684,37.279111],[-6.053648,37.279082],[-6.053612,37.279054],[-6.053576,37.279054],[-6.05354,37.279054],[-6.053504,37.279054],[-6.053504,37.279025],[-6.053468,37.279025],[-6.053432,37.279025],[-6.053432,37.278997],[-6.053396,37.278997],[-6.053396,37.278968],[-6.05336,37.278968],[-6.053324,37.278968],[-6.053324,37.278939],[-6.053289,37.278939],[-6.053289,37.278911],[-6.053289,37.278882],[-6.053324,37.278882],[-6.05336,37.278911],[-6.053396,37.278911],[-6.053396,37.278939],[-6.053432,37.278939],[-6.053468,37.278939],[-6.053504,37.278939],[-6.053504,37.278968],[-6.05354,37.278968],[-6.05354,37.278939],[-6.053576,37.278882],[-6.053576,37.278854],[-6.053612,37.278825],[-6.053648,37.278768],[-6.053648,37.278739],[-6.053648,37.278711],[-6.053612,37.278711],[-6.053576,37.278711],[-6.053576,37.278682],[-6.05354,37.278682],[-6.05354,37.278654],[-6.053504,37.278654],[-6.053504,37.278625],[-6.053504,37.278596],[-6.05354,37.278596],[-6.05354,37.278625],[-6.053576,37.278625],[-6.053612,37.278625],[-6.053612,37.278654],[-6.053648,37.278654],[-6.053684,37.278654],[-6.05372,37.278654],[-6.053756,37.278654],[-6.053756,37.278682],[-6.053756,37.278711],[-6.05372,37.278711],[-6.05372,37.278739],[-6.05372,37.278768],[-6.05372,37.278797],[-6.05372,37.278825],[-6.053684,37.278825],[-6.053684,37.278854],[-6.053648,37.278854],[-6.053648,37.278882],[-6.053648,37.278911],[-6.053648,37.278939],[-6.053648,37.278968],[-6.053684,37.278968],[-6.053684,37.278939],[-6.05372,37.278939],[-6.05372,37.278968],[-6.05372,37.278997],[-6.053756,37.278997],[-6.053792,37.279025],[-6.053792,37.278997],[-6.053792,37.278968],[-6.053828,37.278968],[-6.053863,37.278968],[-6.053899,37.278968],[-6.053899,37.278997],[-6.053899,37.279025],[-6.053935,37.279025],[-6.053971,37.279025],[-6.054007,37.279025],[-6.054007,37.278997],[-6.054007,37.278968],[-6.054007,37.278939],[-6.053971,37.278939],[-6.053971,37.278911],[-6.054007,37.278911],[-6.054043,37.278911],[-6.054079,37.278911],[-6.054079,37.278882],[-6.054079,37.278854],[-6.054079,37.278825],[-6.054115,37.278825],[-6.054115,37.278797],[-6.054115,37.278768],[-6.054115,37.278739],[-6.054151,37.278739],[-6.054151,37.278711],[-6.054187,37.278682],[-6.054187,37.278654],[-6.054223,37.278654],[-6.054187,37.278625],[-6.054187,37.278596],[-6.054223,37.278596],[-6.054259,37.278654],[-6.054295,37.278654],[-6.054295,37.278682],[-6.054331,37.278682],[-6.054367,37.278682],[-6.054367,37.278711],[-6.054402,37.278711],[-6.054402,37.278739],[-6.054402,37.278768],[-6.054402,37.278797],[-6.054367,37.278797],[-6.054367,37.278825],[-6.054331,37.278854],[-6.054331,37.278882],[-6.054295,37.278911],[-6.054331,37.278911],[-6.054331,37.278939],[-6.054367,37.278939],[-6.054367,37.278968],[-6.054402,37.278968],[-6.054438,37.278997],[-6.054474,37.279025],[-6.05451,37.279025],[-6.05451,37.279054],[-6.054546,37.279082],[-6.054582,37.279082],[-6.054582,37.279111],[-6.054618,37.279111],[-6.054618,37.27914],[-6.054654,37.27914],[-6.054654,37.279168],[-6.05469,37.279168],[-6.05469,37.279197],[-6.054654,37.279197],[-6.054618,37.279197],[-6.054582,37.279197],[-6.054546,37.279197],[-6.05451,37.279197],[-6.05451,37.279168],[-6.054474,37.279168],[-6.054474,37.27914],[-6.054438,37.27914],[-6.054438,37.279111],[-6.054402,37.279111],[-6.054367,37.279111],[-6.054367,37.279082],[-6.054331,37.279082],[-6.054295,37.279054],[-6.054259,37.279025],[-6.054223,37.279025],[-6.054223,37.278997],[-6.054187,37.278997],[-6.054187,37.279025],[-6.054115,37.279082],[-6.054115,37.279111],[-6.054079,37.279111],[-6.054043,37.279168],[-6.054007,37.279168],[-6.054007,37.279197],[-6.054043,37.279197],[-6.054043,37.279225],[-6.054115,37.279254],[-6.054295,37.279368],[-6.054331,37.279397],[-6.054367,37.279426],[-6.054402,37.279426],[-6.054402,37.279454],[-6.054402,37.279483],[-6.054438,37.279483],[-6.054438,37.279511],[-6.054438,37.27954],[-6.054402,37.27954],[-6.054367,37.27954],[-6.054367,37.279511],[-6.054331,37.279511],[-6.054331,37.27954],[-6.054367,37.279568],[-6.054367,37.279597],[-6.054402,37.279597],[-6.054402,37.279626],[-6.054438,37.279626],[-6.054438,37.279654],[-6.054474,37.279654],[-6.05451,37.279683],[-6.05451,37.279711],[-6.05451,37.27974],[-6.05451,37.279769],[-6.054546,37.279769],[-6.054546,37.279797],[-6.054546,37.279826],[-6.054546,37.279854],[-6.054582,37.279883],[-6.054582,37.279912],[-6.054618,37.279912],[-6.054618,37.27994],[-6.054618,37.279969],[-6.054618,37.279997],[-6.054618,37.280026],[-6.054618,37.280055],[-6.054654,37.280055],[-6.054654,37.280083],[-6.05469,37.280112],[-6.05469,37.28014],[-6.054726,37.280169],[-6.054762,37.280169],[-6.054762,37.280197],[-6.054762,37.280226],[-6.054798,37.280255],[-6.054798,37.280283],[-6.054834,37.280283],[-6.054834,37.280312],[-6.05487,37.280312],[-6.05487,37.28034],[-6.054906,37.28034],[-6.054906,37.280369],[-6.054906,37.280398],[-6.054941,37.280398],[-6.054941,37.280426],[-6.054977,37.280426],[-6.054977,37.280455],[-6.054977,37.280483],[-6.055013,37.280483],[-6.055049,37.280483],[-6.055049,37.280512],[-6.055049,37.280541],[-6.055013,37.280541],[-6.055013,37.280569],[-6.055049,37.280569],[-6.055085,37.280569],[-6.055121,37.280569],[-6.055121,37.280598],[-6.055157,37.280598],[-6.055193,37.280626],[-6.055229,37.280655],[-6.055265,37.280655],[-6.055301,37.280655],[-6.055301,37.280684],[-6.055301,37.280712],[-6.055337,37.280712],[-6.055337,37.280741],[-6.055337,37.280769],[-6.055373,37.280769],[-6.055373,37.280798],[-6.055409,37.280798],[-6.055409,37.280769],[-6.055445,37.280769],[-6.055445,37.280798],[-6.055445,37.280826],[-6.055445,37.280855],[-6.055445,37.280884],[-6.055445,37.280912],[-6.05548,37.280912],[-6.05548,37.280941],[-6.055516,37.280941],[-6.055552,37.280941],[-6.055552,37.280969],[-6.055588,37.280969],[-6.055588,37.280998],[-6.055624,37.280998],[-6.05566,37.280998],[-6.05566,37.280969],[-6.055624,37.280941],[-6.05566,37.280941],[-6.05566,37.280912],[-6.055696,37.280912],[-6.055696,37.280884],[-6.055696,37.280855],[-6.055696,37.280826],[-6.05566,37.280826],[-6.05566,37.280798],[-6.055624,37.280798],[-6.055588,37.280798],[-6.055588,37.280769],[-6.055588,37.280741],[-6.055588,37.280712],[-6.055588,37.280684],[-6.055624,37.280684],[-6.05566,37.280684],[-6.05566,37.280655],[-6.055696,37.280655],[-6.055696,37.280626],[-6.055732,37.280626],[-6.055732,37.280598],[-6.055768,37.280569],[-6.055768,37.280541],[-6.055804,37.280541],[-6.055804,37.280512],[-6.05584,37.280512],[-6.05584,37.280483],[-6.05584,37.280455],[-6.055876,37.280426],[-6.055912,37.280426],[-6.055912,37.280398],[-6.055948,37.280398],[-6.055948,37.280369],[-6.055984,37.280369],[-6.055984,37.28034],[-6.056019,37.280312],[-6.056019,37.280283],[-6.056055,37.280283],[-6.056055,37.280255],[-6.056055,37.280226],[-6.056091,37.280226],[-6.056127,37.280197],[-6.056091,37.280197],[-6.056091,37.280169],[-6.056127,37.280169],[-6.056127,37.28014],[-6.056163,37.28014],[-6.056163,37.280112],[-6.056199,37.280112],[-6.056199,37.280083],[-6.056235,37.280055],[-6.056271,37.280055],[-6.056271,37.280026],[-6.056307,37.280026],[-6.056307,37.279997],[-6.056307,37.279969],[-6.056343,37.27994],[-6.056343,37.279912],[-6.056379,37.279912],[-6.056379,37.279883],[-6.056415,37.279883],[-6.056415,37.279854],[-6.056451,37.279854],[-6.056451,37.279826],[-6.056487,37.279797],[-6.056522,37.279797],[-6.056522,37.279769],[-6.056558,37.27974],[-6.056558,37.279711],[-6.056558,37.279683],[-6.056594,37.279683],[-6.05663,37.279626],[-6.05663,37.279597],[-6.056666,37.279597],[-6.056666,37.279568],[-6.056774,37.279483],[-6.056774,37.279454],[-6.05681,37.279454],[-6.056846,37.279397],[-6.056882,37.279397],[-6.056882,37.279368],[-6.056882,37.27934],[-6.056918,37.279311],[-6.056918,37.279283],[-6.056954,37.279283],[-6.056954,37.279254],[-6.05699,37.279254],[-6.05699,37.279225],[-6.057026,37.279225],[-6.057061,37.279197],[-6.057097,37.279197],[-6.057097,37.279168],[-6.057097,37.27914],[-6.057133,37.27914],[-6.057133,37.279111],[-6.057169,37.279111],[-6.057169,37.279082],[-6.057205,37.279054],[-6.057241,37.279025],[-6.057241,37.278997],[-6.057241,37.278968],[-6.057241,37.278939],[-6.057241,37.278911],[-6.057205,37.278882],[-6.057205,37.278854],[-6.057241,37.278854],[-6.057241,37.278882],[-6.057277,37.278882],[-6.057277,37.278911],[-6.057313,37.278911],[-6.057313,37.278882],[-6.057349,37.278882],[-6.057385,37.278825],[-6.057457,37.278797],[-6.057457,37.278768],[-6.057493,37.278768],[-6.057493,37.278739],[-6.057529,37.278739],[-6.057529,37.278711],[-6.057565,37.278711],[-6.057565,37.278682],[-6.0576,37.278654],[-6.057636,37.278654],[-6.057636,37.278625],[-6.057672,37.278625],[-6.057708,37.278596],[-6.057744,37.278596],[-6.05778,37.278596]]],[[[-6.054187,37.278568],[-6.054187,37.278596],[-6.054151,37.278596],[-6.054115,37.278596],[-6.054115,37.278568],[-6.054151,37.278568],[-6.054187,37.278568]]]]},"properties":{"FID":1704,"ID_ZONA":"ES050_APSFR_BG008-02_T010","ZONA":"Arroyo Repudio","TIPO_ZONA":"Q Periodo de retorno T10","RIO":"Arroyo del Repudio; Río Guadalquivir","LONG_KM":2.6,"HIPOTESIS":"Q10 régimen natural","HIDROLOGIA":"CAUMAX","PRECISION_":"MDT 1x1 procedente de LIDAR IGN PNOA","HIDRAUL":"IBER","ESTUDIO":"SNCZI. Zonas inundables del sistema bajo del Guadalquivir","TIPO_EST":"Estudio de Desarrollo del SNCZI","DOCUMENTO":"Implantación y seguimiento del plan de gestión del riesgo de inundación de las demarcaciones hidrográficas del Guadalquivir, Ceuta y Melilla. Fase 1. Revisión de la EPRI y mapas de peligrosidad y riesgo de inundación","FECHA_APRO":1587340800000,"FECHA_GEO":"05/2014","ORGANISMO":"Ministerio para la transición ecológica","CLAVE_EXPE":"05.840-0015/0411","DEMARCACIO":"Guadalquivir","ID_DEMAR":51,"Q_M3_S":"38; 1481,9","ZI_DIRECTI":"ES050_APSFR_BG008","CICLO":2,"Shape_Leng":8048.79664214,"Fecha_Lim":1745107200000,"Shape_Le_1":0.080847243978,"Shape__Area":8.649199287447118E-06,"Shape__Length":0.08084724081152117}},{"type":"Feature","id":1616,"geometry":{"type":"MultiPolygon","coordinates":[[[[-6.11247,37.309526],[-6.112506,37.309583],[-6.112613,37.309812],[-6.112901,37.310298],[-6.113009,37.310498],[-6.113044,37.310555],[-6.113332,37.310469],[-6.113404,37.310441],[-6.11344,37.310526],[-6.113368,37.310555],[-6.113368,37.310641],[-6.113368,37.310698],[-6.113404,37.310698],[-6.113476,37.310726],[-6.11344,37.310726],[-6.113476,37.310784],[-6.113476,37.310812],[-6.113368,37.310869],[-6.113404,37.310926],[-6.113404,37.310955],[-6.113476,37.311098],[-6.113476,37.311184],[-6.113512,37.311212],[-6.113583,37.311298],[-6.113583,37.311355],[-6.113583,37.311412],[-6.113619,37.311441],[-6.113619,37.311469],[-6.113619,37.311498],[-6.113476,37.311612],[-6.113476,37.311641],[-6.113548,37.31167],[-6.113548,37.311727],[-6.113655,37.311727],[-6.113691,37.311727],[-6.113691,37.311755],[-6.113727,37.311812],[-6.113691,37.31187],[-6.113655,37.311898],[-6.113655,37.311927],[-6.113548,37.312012],[-6.113548,37.312041],[-6.113548,37.31207],[-6.113583,37.312098],[-6.113619,37.312098],[-6.113619,37.312184],[-6.113655,37.312213],[-6.113763,37.312241],[-6.113835,37.312241],[-6.113871,37.312241],[-6.113871,37.312413],[-6.113871,37.312555],[-6.113871,37.312641],[-6.113871,37.312698],[-6.113943,37.312813],[-6.113943,37.312841],[-6.114015,37.31287],[-6.114122,37.312841],[-6.114122,37.31287],[-6.114158,37.312898],[-6.114122,37.312898],[-6.114122,37.312927],[-6.114015,37.312927],[-6.113979,37.312956],[-6.113979,37.312984],[-6.114015,37.313041],[-6.114087,37.31307],[-6.114158,37.313127],[-6.114158,37.313156],[-6.114194,37.313127],[-6.11423,37.313127],[-6.114302,37.31307],[-6.114338,37.31307],[-6.11441,37.313184],[-6.114554,37.313356],[-6.114554,37.31347],[-6.114554,37.313499],[-6.114626,37.313527],[-6.114805,37.313527],[-6.114841,37.313556],[-6.114913,37.313613],[-6.114949,37.313641],[-6.115021,37.313699],[-6.115021,37.313727],[-6.115093,37.313813],[-6.115165,37.313899],[-6.1152,37.313927],[-6.115272,37.313899],[-6.115308,37.313899],[-6.115344,37.313927],[-6.115344,37.314013],[-6.11538,37.314127],[-6.115416,37.314213],[-6.11538,37.314299],[-6.115416,37.314442],[-6.115452,37.314613],[-6.115488,37.314842],[-6.115488,37.31487],[-6.115524,37.31507],[-6.115524,37.315185],[-6.11556,37.315213],[-6.11556,37.315385],[-6.115596,37.315528],[-6.115668,37.315699],[-6.115668,37.315756],[-6.115632,37.315871],[-6.115596,37.315899],[-6.115524,37.315899],[-6.11538,37.315899],[-6.115272,37.315928],[-6.1152,37.315928],[-6.115129,37.315956],[-6.115129,37.316013],[-6.115165,37.316156],[-6.1152,37.316271],[-6.115165,37.316328],[-6.115021,37.316471],[-6.114985,37.316556],[-6.114949,37.316585],[-6.114877,37.316585],[-6.114841,37.316585],[-6.114769,37.316556],[-6.114733,37.316528],[-6.114697,37.316556],[-6.11459,37.316614],[-6.114554,37.316642],[-6.114626,37.316928],[-6.11459,37.316928],[-6.114518,37.316985],[-6.114518,37.317042],[-6.114518,37.317099],[-6.114626,37.317185],[-6.114661,37.317242],[-6.114661,37.317271],[-6.114661,37.317357],[-6.114661,37.317499],[-6.114733,37.317642],[-6.114769,37.317699],[-6.114841,37.317728],[-6.114877,37.317814],[-6.114985,37.318042],[-6.115057,37.318042],[-6.115093,37.318071],[-6.115129,37.318185],[-6.115236,37.318328],[-6.115308,37.318442],[-6.115344,37.318557],[-6.11538,37.3187],[-6.115524,37.318843],[-6.115596,37.318928],[-6.115704,37.319014],[-6.115775,37.3191],[-6.115811,37.319128],[-6.116027,37.319157],[-6.116242,37.319243],[-6.11635,37.319243],[-6.116386,37.319243],[-6.116494,37.319185],[-6.11653,37.319128],[-6.116638,37.319043],[-6.116674,37.318985],[-6.116674,37.318957],[-6.116674,37.318928],[-6.116602,37.318871],[-6.116171,37.318385],[-6.116135,37.318328],[-6.116099,37.318214],[-6.116063,37.318042],[-6.116027,37.317871],[-6.115955,37.317757],[-6.115919,37.317614],[-6.115883,37.317528],[-6.115883,37.317499],[-6.115775,37.317528],[-6.115739,37.317528],[-6.115704,37.317499],[-6.115739,37.317471],[-6.115775,37.317414],[-6.115739,37.317328],[-6.115739,37.317271],[-6.115775,37.317242],[-6.115811,37.317242],[-6.115883,37.317242],[-6.115883,37.317299],[-6.116027,37.317785],[-6.116063,37.3179],[-6.116063,37.318014],[-6.116135,37.318242],[-6.116171,37.3183],[-6.116242,37.318414],[-6.116314,37.318414],[-6.11635,37.318442],[-6.11635,37.318471],[-6.11635,37.318528],[-6.116386,37.318585],[-6.116494,37.3187],[-6.116602,37.318757],[-6.116638,37.318843],[-6.116817,37.319071],[-6.116853,37.319157],[-6.116961,37.319271],[-6.117069,37.319357],[-6.117105,37.319443],[-6.117213,37.319643],[-6.117249,37.3197],[-6.117285,37.319757],[-6.11732,37.319786],[-6.117356,37.319786],[-6.117536,37.319786],[-6.117572,37.319814],[-6.117608,37.319871],[-6.117644,37.3199],[-6.11768,37.3199],[-6.117788,37.319928],[-6.117788,37.319871],[-6.117824,37.319871],[-6.117859,37.3199],[-6.117895,37.319928],[-6.117859,37.319957],[-6.117788,37.320014],[-6.117752,37.320071],[-6.117752,37.3201],[-6.117788,37.320128],[-6.117859,37.320186],[-6.117967,37.320186],[-6.118003,37.320186],[-6.118075,37.3203],[-6.118147,37.320386],[-6.118255,37.320471],[-6.118291,37.3205],[-6.118291,37.320643],[-6.118255,37.320757],[-6.118255,37.320814],[-6.118255,37.320843],[-6.118291,37.3209],[-6.118363,37.3209],[-6.118434,37.3209],[-6.118506,37.3209],[-6.118542,37.3209],[-6.118578,37.320929],[-6.11865,37.320986],[-6.118686,37.321043],[-6.118686,37.321071],[-6.118686,37.321157],[-6.118722,37.3213],[-6.117716,37.321643],[-6.11768,37.321614],[-6.117644,37.321557],[-6.117572,37.321443],[-6.117536,37.321386],[-6.1175,37.3213],[-6.117464,37.3213],[-6.117356,37.3213],[-6.11732,37.3213],[-6.11732,37.321271],[-6.11732,37.321214],[-6.117285,37.321157],[-6.117069,37.321043],[-6.116997,37.320986],[-6.116889,37.3209],[-6.116781,37.320843],[-6.116746,37.320814],[-6.11671,37.320786],[-6.116674,37.320786],[-6.116638,37.320786],[-6.11653,37.320814],[-6.116458,37.320843],[-6.116422,37.320814],[-6.116386,37.320729],[-6.116278,37.3207],[-6.116242,37.320671],[-6.116171,37.3207],[-6.116135,37.320786],[-6.116099,37.320814],[-6.116063,37.320843],[-6.116027,37.320786],[-6.116063,37.320557],[-6.115991,37.320443],[-6.115955,37.320386],[-6.115955,37.320328],[-6.115919,37.3203],[-6.115919,37.320214],[-6.115847,37.320128],[-6.115847,37.320071],[-6.115811,37.320014],[-6.115775,37.319957],[-6.115739,37.3199],[-6.115739,37.319871],[-6.115668,37.319843],[-6.115668,37.319786],[-6.115704,37.319728],[-6.115704,37.3197],[-6.115668,37.319671],[-6.115704,37.319586],[-6.115668,37.319586],[-6.115452,37.3195],[-6.11538,37.319385],[-6.115308,37.319328],[-6.115236,37.3193],[-6.115165,37.319214],[-6.115165,37.319185],[-6.115165,37.3191],[-6.115129,37.319043],[-6.115093,37.318957],[-6.115021,37.3189],[-6.114985,37.318785],[-6.114877,37.318671],[-6.114841,37.318585],[-6.114841,37.3185],[-6.114841,37.318414],[-6.114697,37.318185],[-6.114626,37.3181],[-6.114482,37.317814],[-6.114374,37.317528],[-6.114374,37.317442],[-6.114338,37.317357],[-6.114302,37.317214],[-6.11423,37.317042],[-6.114194,37.316985],[-6.114194,37.316785],[-6.114158,37.316728],[-6.114087,37.316699],[-6.114122,37.316642],[-6.114158,37.316528],[-6.114158,37.316499],[-6.114122,37.316385],[-6.114087,37.316271],[-6.114087,37.316242],[-6.114122,37.316185],[-6.114122,37.316156],[-6.114051,37.315756],[-6.114051,37.315728],[-6.113979,37.315671],[-6.113979,37.315642],[-6.113979,37.315613],[-6.114015,37.315556],[-6.114051,37.315528],[-6.114015,37.31547],[-6.113943,37.315385],[-6.113907,37.31527],[-6.113871,37.315156],[-6.113799,37.31507],[-6.113727,37.315042],[-6.113655,37.315013],[-6.11344,37.314985],[-6.113368,37.314956],[-6.11326,37.314927],[-6.113152,37.314899],[-6.113116,37.314899],[-6.113044,37.314899],[-6.112973,37.314927],[-6.112757,37.314985],[-6.112721,37.315013],[-6.112685,37.315013],[-6.112685,37.314985],[-6.112685,37.314927],[-6.112721,37.314842],[-6.112757,37.314756],[-6.112757,37.31467],[-6.112829,37.314556],[-6.112865,37.31447],[-6.112865,37.314242],[-6.112865,37.314013],[-6.112937,37.313784],[-6.112937,37.313756],[-6.113009,37.31367],[-6.113044,37.313613],[-6.11308,37.313556],[-6.11308,37.313499],[-6.11308,37.31347],[-6.113044,37.313356],[-6.113044,37.313327],[-6.112973,37.313241],[-6.112901,37.313098],[-6.112757,37.31287],[-6.112757,37.312841],[-6.112829,37.31267],[-6.112829,37.312613],[-6.112793,37.312527],[-6.112721,37.312498],[-6.112649,37.312413],[-6.112613,37.312384],[-6.112613,37.31227],[-6.112613,37.312241],[-6.112577,37.312184],[-6.112577,37.312098],[-6.112577,37.31207],[-6.112613,37.311955],[-6.112649,37.311898],[-6.112757,37.31187],[-6.112901,37.311755],[-6.112937,37.311727],[-6.112973,37.31167],[-6.113009,37.311241],[-6.113009,37.311041],[-6.113044,37.310841],[-6.113009,37.310584],[-6.112973,37.310498],[-6.112793,37.310155],[-6.112506,37.309669],[-6.112434,37.309555],[-6.11247,37.309526]]],[[[-6.110278,37.306011],[-6.11035,37.306039],[-6.110493,37.306068],[-6.110673,37.306125],[-6.111068,37.306239],[-6.111068,37.306268],[-6.110996,37.306297],[-6.111032,37.306354],[-6.111068,37.306382],[-6.111068,37.306411],[-6.111032,37.306411],[-6.11096,37.306468],[-6.110745,37.306725],[-6.110745,37.30684],[-6.110781,37.30704],[-6.110817,37.306982],[-6.110853,37.306982],[-6.11096,37.307068],[-6.110996,37.307097],[-6.111068,37.307097],[-6.11114,37.307125],[-6.111176,37.307154],[-6.111212,37.307154],[-6.111284,37.307154],[-6.11132,37.307183],[-6.11132,37.307268],[-6.11132,37.307325],[-6.111284,37.307354],[-6.111212,37.30744],[-6.11114,37.307497],[-6.111104,37.307497],[-6.111068,37.307468],[-6.111068,37.30744],[-6.111032,37.30744],[-6.111032,37.307468],[-6.111607,37.308183],[-6.111967,37.308612],[-6.112182,37.30884],[-6.11229,37.309012],[-6.112326,37.309069],[-6.112362,37.309183],[-6.112362,37.309355],[-6.112398,37.309383],[-6.112362,37.309412],[-6.112326,37.309355],[-6.112326,37.309126],[-6.11229,37.309069],[-6.112254,37.30904],[-6.111859,37.308554],[-6.111535,37.308154],[-6.11096,37.307497],[-6.110996,37.307583],[-6.11096,37.307583],[-6.110889,37.307554],[-6.110781,37.307411],[-6.110745,37.307468],[-6.110709,37.307497],[-6.110565,37.307383],[-6.110529,37.307354],[-6.110385,37.307183],[-6.110278,37.30704],[-6.110206,37.306868],[-6.11017,37.306639],[-6.110134,37.306297],[-6.110134,37.306239],[-6.11017,37.306096],[-6.110206,37.306068],[-6.110278,37.306011]]],[[[-6.107798,37.299608],[-6.10787,37.299723],[-6.107942,37.29998],[-6.108014,37.300066],[-6.108086,37.300323],[-6.108122,37.300409],[-6.108158,37.300551],[-6.108194,37.30058],[-6.10823,37.30058],[-6.108265,37.300609],[-6.108301,37.300752],[-6.108301,37.301037],[-6.108265,37.301095],[-6.108265,37.301123],[-6.10823,37.301266],[-6.108158,37.301409],[-6.108158,37.301466],[-6.10823,37.301552],[-6.108265,37.301695],[-6.108445,37.301866],[-6.108553,37.302009],[-6.108625,37.302066],[-6.108625,37.302095],[-6.108661,37.302181],[-6.108661,37.302209],[-6.108733,37.302266],[-6.10884,37.302295],[-6.108876,37.302324],[-6.108912,37.302438],[-6.109056,37.302609],[-6.109092,37.302724],[-6.109164,37.302895],[-6.109164,37.302924],[-6.109164,37.302952],[-6.109164,37.303095],[-6.109164,37.303153],[-6.109128,37.303238],[-6.109164,37.303324],[-6.109308,37.303353],[-6.109343,37.303381],[-6.109487,37.303553],[-6.109595,37.303581],[-6.109595,37.30361],[-6.109631,37.303667],[-6.109739,37.303781],[-6.109811,37.30381],[-6.109846,37.303896],[-6.109882,37.30401],[-6.110026,37.304153],[-6.11017,37.30441],[-6.110206,37.304496],[-6.110278,37.304553],[-6.110457,37.304839],[-6.110493,37.304896],[-6.110565,37.305125],[-6.110601,37.305239],[-6.110601,37.305296],[-6.110637,37.305382],[-6.110637,37.305439],[-6.110673,37.305525],[-6.110673,37.305553],[-6.110709,37.305611],[-6.110709,37.305839],[-6.110673,37.305896],[-6.110637,37.306011],[-6.110637,37.306039],[-6.110565,37.306011],[-6.110565,37.305982],[-6.110529,37.305811],[-6.110493,37.305753],[-6.110529,37.305725],[-6.110529,37.305696],[-6.110493,37.305525],[-6.110493,37.305325],[-6.110457,37.305239],[-6.110314,37.305125],[-6.110278,37.304953],[-6.110206,37.304839],[-6.110134,37.304753],[-6.110098,37.304696],[-6.110062,37.304667],[-6.110026,37.304667],[-6.10999,37.304639],[-6.10999,37.304582],[-6.109954,37.304524],[-6.109775,37.304353],[-6.109487,37.304039],[-6.109415,37.30401],[-6.109272,37.303924],[-6.1092,37.303867],[-6.109092,37.303781],[-6.108948,37.303581],[-6.10884,37.303438],[-6.108769,37.303381],[-6.108661,37.303324],[-6.108589,37.303295],[-6.108589,37.303238],[-6.108553,37.303067],[-6.108409,37.302838],[-6.108409,37.30281],[-6.108445,37.30281],[-6.108445,37.302781],[-6.108445,37.302667],[-6.108409,37.302638],[-6.108301,37.302581],[-6.108265,37.302524],[-6.108158,37.302438],[-6.108086,37.302352],[-6.108014,37.302181],[-6.107978,37.302152],[-6.107978,37.302095],[-6.107978,37.302009],[-6.107942,37.301809],[-6.107978,37.301752],[-6.107978,37.301723],[-6.108014,37.301723],[-6.108158,37.301723],[-6.108158,37.301695],[-6.108158,37.301638],[-6.108122,37.301609],[-6.108086,37.30158],[-6.108014,37.301552],[-6.108014,37.301523],[-6.108014,37.301466],[-6.108122,37.301266],[-6.108122,37.30118],[-6.108122,37.301095],[-6.10805,37.300923],[-6.108014,37.300866],[-6.108014,37.300837],[-6.10805,37.300723],[-6.10805,37.300694],[-6.108014,37.300551],[-6.107942,37.300466],[-6.107798,37.300237],[-6.107726,37.300094],[-6.107655,37.299951],[-6.107583,37.299837],[-6.107511,37.299723],[-6.107475,37.299694],[-6.107798,37.299608]]]]},"properties":{"FID":1616,"ID_ZONA":"ES050_APSFR_BG007-01_T010","ZONA":"Almensilla","TIPO_ZONA":"Q Periodo de retorno T10","RIO":"Arroyo de Cañada Fría","LONG_KM":2.77,"HIPOTESIS":"Q10 régimen natural","HIDROLOGIA":"Método racional","PRECISION_":"MDT 2x2 procedente de LIDAR IGN PNOA","HIDRAUL":"SOBEK","ESTUDIO":"SNCZI. Zonas inundables del sistema bajo del Guadalquivir","TIPO_EST":"Estudio de Desarrollo del SNCZI","DOCUMENTO":"Elaboración de cartografía de dominio público hidráulico y mapas de peligrosidad y riesgo de la Directiva 2007/60 en el marco del SNCZI en las demarcaciones hidrográficas del Guadalquivir, Ceuta y Melilla. Cofinanciado con fondos FEDER","FECHA_APRO":1443139200000,"FECHA_GEO":"05/2014","ORGANISMO":"Ministerio de agricultura, alimentación y medio ambiente","CLAVE_EXPE":"CU(CO)-4615","DEMARCACIO":"Guadalquivir","ID_DEMAR":51,"Q_M3_S":"13","ZI_DIRECTI":"ES050_APSFR_BG007","CICLO":1,"Shape_Leng":6835.72656004,"Fecha_Lim":1745107200000,"Shape_Le_1":0.0662184002262,"Shape__Area":1.7328348164369345E-05,"Shape__Length":0.066218396152452466}},{"type":"Feature","id":1706,"geometry":{"type":"MultiPolygon","coordinates":[[[[-5.983148,37.308869],[-5.983148,37.308897],[-5.983148,37.308926],[-5.983184,37.308926],[-5.983184,37.308954],[-5.98322,37.308954],[-5.983256,37.308983],[-5.983292,37.308983],[-5.983328,37.309012],[-5.983471,37.309097],[-5.983507,37.309097],[-5.983507,37.309126],[-5.983543,37.309126],[-5.983543,37.309155],[-5.983579,37.309155],[-5.983615,37.309183],[-5.983651,37.309212],[-5.983687,37.30924],[-5.983723,37.309269],[-5.983759,37.309269],[-5.983759,37.309297],[-5.983795,37.309297],[-5.983831,37.309326],[-5.983867,37.309355],[-5.983903,37.309355],[-5.983903,37.309383],[-5.983939,37.309383],[-5.983939,37.309412],[-5.983975,37.309412],[-5.983975,37.30944],[-5.98401,37.30944],[-5.98401,37.309469],[-5.984046,37.309469],[-5.984082,37.309498],[-5.984118,37.309498],[-5.984154,37.309498],[-5.98419,37.309526],[-5.98419,37.309555],[-5.98419,37.309583],[-5.984226,37.309583],[-5.984262,37.309612],[-5.984298,37.309612],[-5.984298,37.30964],[-5.984334,37.309669],[-5.98437,37.309698],[-5.984406,37.309698],[-5.984406,37.309726],[-5.984442,37.309726],[-5.984478,37.309726],[-5.984478,37.309755],[-5.984514,37.309755],[-5.984514,37.309783],[-5.984514,37.309812],[-5.984549,37.309812],[-5.984549,37.30984],[-5.984585,37.30984],[-5.984621,37.309869],[-5.984657,37.309869],[-5.984693,37.309898],[-5.984729,37.309926],[-5.984765,37.309926],[-5.984765,37.309955],[-5.984801,37.309955],[-5.984837,37.309983],[-5.984873,37.310012],[-5.984909,37.310041],[-5.984945,37.310041],[-5.984945,37.310069],[-5.984981,37.310069],[-5.984981,37.310098],[-5.985053,37.310126],[-5.985088,37.310155],[-5.985124,37.310155],[-5.98516,37.310183],[-5.985196,37.310212],[-5.985232,37.310212],[-5.985232,37.310241],[-5.985304,37.310269],[-5.98534,37.310298],[-5.985376,37.310326],[-5.985484,37.310412],[-5.98552,37.310412],[-5.98552,37.310441],[-5.985556,37.310441],[-5.985592,37.310441],[-5.985592,37.310469],[-5.985627,37.310469],[-5.985627,37.310498],[-5.985663,37.310498],[-5.985699,37.310526],[-5.985699,37.310555],[-5.985735,37.310555],[-5.985771,37.310584],[-5.985807,37.310584],[-5.985807,37.310612],[-5.985843,37.310612],[-5.985843,37.310641],[-5.985879,37.310641],[-5.985879,37.310669],[-5.985987,37.310726],[-5.986023,37.310726],[-5.986023,37.310755],[-5.986059,37.310755],[-5.986095,37.310784],[-5.986095,37.310812],[-5.986131,37.310812],[-5.986166,37.310841],[-5.986202,37.310869],[-5.986238,37.310869],[-5.986238,37.310898],[-5.986274,37.310898],[-5.986274,37.310926],[-5.98631,37.310926],[-5.986346,37.310955],[-5.986382,37.310984],[-5.986418,37.311012],[-5.986454,37.311012],[-5.986454,37.311041],[-5.98649,37.311041],[-5.98649,37.311069],[-5.986526,37.311069],[-5.986562,37.311098],[-5.986598,37.311098],[-5.986598,37.311127],[-5.986634,37.311127],[-5.986669,37.311155],[-5.986741,37.311212],[-5.986777,37.311241],[-5.986813,37.311269],[-5.986849,37.311269],[-5.986849,37.311298],[-5.986885,37.311298],[-5.986921,37.311327],[-5.986957,37.311327],[-5.986993,37.311355],[-5.987029,37.311355],[-5.987065,37.311355],[-5.987065,37.311384],[-5.987137,37.311412],[-5.987173,37.311412],[-5.987173,37.311441],[-5.987208,37.311441],[-5.98728,37.311469],[-5.987316,37.311498],[-5.987352,37.311498],[-5.987388,37.311527],[-5.987424,37.311527],[-5.98746,37.311555],[-5.987496,37.311555],[-5.987532,37.311555],[-5.987532,37.311584],[-5.98746,37.311755],[-5.987388,37.311755],[-5.987388,37.311727],[-5.987352,37.311727],[-5.987316,37.311698],[-5.98728,37.311698],[-5.98728,37.31167],[-5.987244,37.31167],[-5.987208,37.311641],[-5.987173,37.311641],[-5.987173,37.311612],[-5.987137,37.311612],[-5.987101,37.311612],[-5.987101,37.311641],[-5.987065,37.311641],[-5.987029,37.311641],[-5.987029,37.311612],[-5.987029,37.311584],[-5.986993,37.311584],[-5.986993,37.311555],[-5.986957,37.311555],[-5.986957,37.311527],[-5.986921,37.311527],[-5.986885,37.311498],[-5.986849,37.311498],[-5.986849,37.311469],[-5.986813,37.311469],[-5.986777,37.311469],[-5.986777,37.311441],[-5.986741,37.311441],[-5.986741,37.311412],[-5.986705,37.311412],[-5.986705,37.311384],[-5.986634,37.311355],[-5.986634,37.311327],[-5.986598,37.311327],[-5.986598,37.311298],[-5.986562,37.311298],[-5.986526,37.311269],[-5.98649,37.311241],[-5.986454,37.311212],[-5.986418,37.311184],[-5.986382,37.311184],[-5.986382,37.311155],[-5.986346,37.311155],[-5.986346,37.311127],[-5.98631,37.311127],[-5.98631,37.311098],[-5.986274,37.311098],[-5.986166,37.311041],[-5.986131,37.311012],[-5.986059,37.310955],[-5.986023,37.310926],[-5.985951,37.310898],[-5.985915,37.310869],[-5.985879,37.310841],[-5.985843,37.310812],[-5.985807,37.310812],[-5.985807,37.310784],[-5.985735,37.310755],[-5.985699,37.310726],[-5.985627,37.310698],[-5.985627,37.310669],[-5.985592,37.310669],[-5.985592,37.310641],[-5.985556,37.310641],[-5.98552,37.310641],[-5.98552,37.310612],[-5.985448,37.310584],[-5.985412,37.310555],[-5.985376,37.310526],[-5.98534,37.310498],[-5.985232,37.310441],[-5.985232,37.310412],[-5.985088,37.310326],[-5.985053,37.310326],[-5.985053,37.310298],[-5.984981,37.310269],[-5.984909,37.310241],[-5.984873,37.310212],[-5.984837,37.310183],[-5.984765,37.310155],[-5.984765,37.310126],[-5.984729,37.310126],[-5.984693,37.310098],[-5.984657,37.310069],[-5.984621,37.310069],[-5.984621,37.310041],[-5.984585,37.310041],[-5.984585,37.310012],[-5.984549,37.310012],[-5.984514,37.309983],[-5.984478,37.309955],[-5.984442,37.309955],[-5.984442,37.309926],[-5.984406,37.309926],[-5.984406,37.309898],[-5.98437,37.309898],[-5.984334,37.309869],[-5.984334,37.30984],[-5.984298,37.30984],[-5.984262,37.309812],[-5.984226,37.309812],[-5.98419,37.309783],[-5.98419,37.309755],[-5.984154,37.309755],[-5.984118,37.309726],[-5.984082,37.309698],[-5.984046,37.309698],[-5.984046,37.309669],[-5.98401,37.30964],[-5.983975,37.30964],[-5.983975,37.309612],[-5.983939,37.309612],[-5.983939,37.309583],[-5.983903,37.309583],[-5.983867,37.309583],[-5.983867,37.309555],[-5.983831,37.309555],[-5.983795,37.309526],[-5.983795,37.309498],[-5.983759,37.309498],[-5.983723,37.309469],[-5.983687,37.309469],[-5.983687,37.30944],[-5.983651,37.30944],[-5.983615,37.309412],[-5.983579,37.309383],[-5.983543,37.309383],[-5.983543,37.309355],[-5.983507,37.309355],[-5.983507,37.309326],[-5.983471,37.309326],[-5.983471,37.309297],[-5.983436,37.309297],[-5.9834,37.309269],[-5.983364,37.309269],[-5.983364,37.30924],[-5.983328,37.30924],[-5.983328,37.309212],[-5.983292,37.309212],[-5.983292,37.309183],[-5.983256,37.309183],[-5.983256,37.309155],[-5.98322,37.309155],[-5.983184,37.309126],[-5.983184,37.309097],[-5.983148,37.309069],[-5.983112,37.308869],[-5.983148,37.308869]]],[[[-5.920446,37.307868],[-5.920482,37.307868],[-5.920518,37.307897],[-5.920518,37.307926],[-5.920553,37.307926],[-5.920553,37.307954],[-5.920518,37.307983],[-5.920518,37.308011],[-5.920518,37.30804],[-5.920518,37.308069],[-5.920518,37.308097],[-5.920518,37.308126],[-5.920482,37.308154],[-5.920482,37.308183],[-5.920482,37.308211],[-5.920482,37.308297],[-5.92041,37.308297],[-5.92041,37.308354],[-5.92041,37.308383],[-5.92041,37.308411],[-5.920374,37.308411],[-5.920374,37.30844],[-5.920338,37.308497],[-5.920302,37.308497],[-5.920302,37.308526],[-5.920266,37.308526],[-5.920266,37.308497],[-5.92023,37.308469],[-5.92023,37.30844],[-5.920194,37.30844],[-5.920194,37.308469],[-5.920158,37.308469],[-5.920122,37.308469],[-5.920086,37.308469],[-5.92005,37.308469],[-5.920015,37.308469],[-5.919979,37.308469],[-5.919943,37.308469],[-5.919907,37.308469],[-5.919871,37.308469],[-5.919835,37.308469],[-5.919799,37.308469],[-5.919763,37.308469],[-5.919763,37.308497],[-5.919727,37.308497],[-5.919727,37.308526],[-5.919691,37.308526],[-5.919655,37.308526],[-5.919583,37.308526],[-5.919547,37.308554],[-5.919511,37.308554],[-5.919511,37.308583],[-5.919476,37.308583],[-5.919476,37.308612],[-5.91944,37.308612],[-5.91944,37.30864],[-5.91944,37.308697],[-5.91944,37.308726],[-5.91944,37.308754],[-5.919404,37.308754],[-5.919368,37.308754],[-5.919368,37.308726],[-5.919368,37.308697],[-5.919368,37.308669],[-5.919332,37.308669],[-5.919332,37.30864],[-5.919296,37.30864],[-5.91926,37.30864],[-5.919224,37.30864],[-5.919188,37.30864],[-5.919152,37.30864],[-5.919116,37.30864],[-5.91908,37.30864],[-5.919044,37.308669],[-5.919008,37.308669],[-5.918972,37.308669],[-5.918901,37.308669],[-5.918829,37.308669],[-5.918793,37.308669],[-5.918757,37.308669],[-5.918757,37.30864],[-5.918721,37.30864],[-5.918685,37.30864],[-5.918649,37.30864],[-5.918613,37.30864],[-5.918577,37.308612],[-5.918541,37.308612],[-5.918541,37.308583],[-5.918541,37.308554],[-5.918541,37.308526],[-5.918505,37.308526],[-5.918505,37.308497],[-5.918505,37.308469],[-5.918505,37.30844],[-5.918469,37.30844],[-5.918433,37.30844],[-5.918398,37.30844],[-5.918326,37.30844],[-5.91829,37.30844],[-5.918254,37.308469],[-5.918254,37.308497],[-5.918218,37.308497],[-5.918218,37.308526],[-5.918254,37.308526],[-5.918254,37.308497],[-5.91829,37.308497],[-5.91829,37.308526],[-5.918326,37.308526],[-5.918362,37.308526],[-5.918398,37.308526],[-5.918398,37.308554],[-5.918362,37.308554],[-5.918362,37.308583],[-5.918362,37.308612],[-5.918326,37.308612],[-5.918326,37.308583],[-5.91829,37.308612],[-5.91829,37.30864],[-5.91829,37.308669],[-5.918254,37.308669],[-5.918254,37.308697],[-5.918218,37.308697],[-5.918182,37.308697],[-5.918182,37.308726],[-5.918146,37.308697],[-5.91811,37.308697],[-5.91811,37.308669],[-5.918074,37.308669],[-5.918074,37.30864],[-5.918038,37.30864],[-5.918002,37.30864],[-5.917966,37.30864],[-5.917966,37.308612],[-5.917966,37.308583],[-5.917966,37.308554],[-5.917966,37.308526],[-5.917966,37.308497],[-5.91793,37.308497],[-5.917823,37.308069],[-5.917859,37.308069],[-5.917894,37.308069],[-5.917894,37.308097],[-5.91793,37.308097],[-5.917966,37.308097],[-5.918002,37.308097],[-5.918038,37.308097],[-5.918038,37.308126],[-5.918074,37.308126],[-5.91811,37.308126],[-5.91811,37.308154],[-5.918146,37.308154],[-5.918182,37.308154],[-5.918218,37.308154],[-5.918254,37.308154],[-5.918254,37.308183],[-5.91829,37.308183],[-5.918326,37.308183],[-5.918362,37.308183],[-5.918398,37.308183],[-5.918433,37.308183],[-5.918433,37.308211],[-5.918469,37.308211],[-5.918505,37.308211],[-5.918541,37.308211],[-5.918577,37.308211],[-5.918613,37.308211],[-5.918649,37.308211],[-5.918721,37.308211],[-5.918757,37.308211],[-5.918793,37.308211],[-5.918829,37.308211],[-5.918865,37.308211],[-5.918901,37.308211],[-5.918901,37.30824],[-5.918937,37.30824],[-5.918937,37.308211],[-5.918972,37.308211],[-5.919008,37.308211],[-5.919044,37.308211],[-5.919044,37.30824],[-5.91908,37.30824],[-5.919116,37.30824],[-5.919152,37.30824],[-5.919188,37.308211],[-5.919224,37.308211],[-5.91926,37.308211],[-5.919296,37.308211],[-5.919332,37.308211],[-5.919368,37.308183],[-5.919404,37.308183],[-5.91944,37.308183],[-5.919476,37.308154],[-5.919511,37.308154],[-5.919547,37.308126],[-5.919583,37.308126],[-5.919619,37.308126],[-5.919655,37.308097],[-5.919691,37.308097],[-5.919727,37.308097],[-5.919727,37.308069],[-5.919763,37.308069],[-5.919799,37.308069],[-5.919835,37.30804],[-5.919871,37.30804],[-5.919871,37.308011],[-5.919907,37.308011],[-5.919943,37.307983],[-5.919943,37.307954],[-5.919979,37.307954],[-5.920015,37.307926],[-5.92005,37.307926],[-5.920086,37.307926],[-5.920122,37.307926],[-5.920158,37.307926],[-5.920194,37.307926],[-5.92023,37.307926],[-5.920266,37.307926],[-5.920302,37.307926],[-5.920302,37.307897],[-5.920302,37.307868],[-5.920338,37.307868],[-5.920374,37.307868],[-5.92041,37.307868],[-5.920446,37.307868]]],[[[-5.978118,37.306582],[-5.978118,37.306611],[-5.978153,37.306611],[-5.978189,37.306611],[-5.978225,37.306639],[-5.978261,37.306639],[-5.978297,37.306639],[-5.978333,37.306639],[-5.978369,37.306639],[-5.978405,37.306639],[-5.978441,37.306639],[-5.978477,37.306639],[-5.978513,37.306639],[-5.978549,37.306639],[-5.978585,37.306639],[-5.978621,37.306668],[-5.978657,37.306668],[-5.978692,37.306668],[-5.978728,37.306668],[-5.978728,37.306697],[-5.978764,37.306697],[-5.978764,37.306668],[-5.9788,37.306668],[-5.9788,37.306697],[-5.978836,37.306697],[-5.978872,37.306697],[-5.978908,37.306697],[-5.978944,37.306697],[-5.979016,37.306697],[-5.979124,37.306725],[-5.97916,37.306725],[-5.979231,37.306754],[-5.979267,37.306754],[-5.979303,37.306754],[-5.979339,37.306754],[-5.979411,37.306782],[-5.979447,37.306782],[-5.979483,37.306782],[-5.979519,37.306782],[-5.979519,37.306811],[-5.979591,37.306811],[-5.979663,37.30684],[-5.979735,37.306868],[-5.97977,37.306868],[-5.979806,37.306868],[-5.979806,37.306897],[-5.979986,37.306954],[-5.980094,37.306982],[-5.98013,37.307011],[-5.980202,37.30704],[-5.980238,37.307068],[-5.980273,37.307068],[-5.980309,37.307097],[-5.980417,37.307154],[-5.980453,37.307154],[-5.980453,37.307183],[-5.980489,37.307183],[-5.980525,37.307211],[-5.980561,37.30724],[-5.980597,37.307268],[-5.980633,37.307268],[-5.980669,37.307297],[-5.980705,37.307297],[-5.980705,37.307325],[-5.980812,37.307383],[-5.980884,37.30744],[-5.98092,37.30744],[-5.98092,37.307468],[-5.981028,37.307525],[-5.981064,37.307554],[-5.9811,37.307554],[-5.9811,37.307583],[-5.981136,37.307583],[-5.981136,37.307611],[-5.981172,37.307611],[-5.981208,37.30764],[-5.981208,37.307668],[-5.981244,37.307668],[-5.98128,37.307697],[-5.981316,37.307697],[-5.981316,37.307726],[-5.981351,37.307726],[-5.981423,37.307783],[-5.981459,37.307811],[-5.981495,37.30784],[-5.981531,37.307868],[-5.981567,37.307868],[-5.981675,37.307954],[-5.981711,37.307983],[-5.981747,37.307983],[-5.981783,37.308011],[-5.981819,37.30804],[-5.981855,37.308069],[-5.98189,37.308097],[-5.981962,37.308126],[-5.981962,37.308154],[-5.982142,37.30824],[-5.982178,37.308269],[-5.982214,37.308297],[-5.98225,37.308297],[-5.98225,37.308326],[-5.982286,37.308326],[-5.982322,37.308383],[-5.982358,37.308383],[-5.982429,37.308411],[-5.982429,37.30844],[-5.982465,37.30844],[-5.982465,37.308469],[-5.982501,37.308497],[-5.982537,37.308497],[-5.982537,37.308526],[-5.982573,37.308526],[-5.982573,37.308554],[-5.982609,37.308554],[-5.982609,37.308583],[-5.982645,37.308583],[-5.982681,37.308612],[-5.982717,37.308612],[-5.982717,37.308812],[-5.982681,37.308812],[-5.982681,37.308783],[-5.982645,37.308783],[-5.982573,37.308754],[-5.982573,37.308726],[-5.982537,37.308726],[-5.982429,37.308669],[-5.982429,37.30864],[-5.982394,37.30864],[-5.982358,37.308612],[-5.982322,37.308583],[-5.982286,37.308554],[-5.98225,37.308554],[-5.98225,37.308526],[-5.982214,37.308526],[-5.982214,37.308497],[-5.982178,37.308497],[-5.982142,37.308469],[-5.982106,37.308469],[-5.982106,37.30844],[-5.982034,37.308411],[-5.982034,37.308383],[-5.981998,37.308383],[-5.981962,37.308383],[-5.981962,37.308354],[-5.98189,37.308326],[-5.98189,37.308297],[-5.981855,37.308297],[-5.981855,37.308269],[-5.981783,37.30824],[-5.981783,37.308211],[-5.981747,37.308211],[-5.981711,37.308183],[-5.981675,37.308154],[-5.981639,37.308154],[-5.981603,37.308126],[-5.981531,37.308069],[-5.981495,37.308069],[-5.981495,37.30804],[-5.981459,37.308011],[-5.981423,37.308011],[-5.981387,37.307983],[-5.981351,37.307983],[-5.981351,37.307954],[-5.981316,37.307954],[-5.981316,37.307926],[-5.98128,37.307926],[-5.98128,37.307897],[-5.981172,37.307868],[-5.981172,37.30784],[-5.980992,37.307726],[-5.980956,37.307726],[-5.980956,37.307697],[-5.98092,37.307697],[-5.98092,37.307668],[-5.980884,37.307668],[-5.980848,37.30764],[-5.980812,37.30764],[-5.980812,37.307611],[-5.980777,37.307583],[-5.980741,37.307583],[-5.980741,37.307554],[-5.980705,37.307554],[-5.980705,37.307525],[-5.980669,37.307525],[-5.980633,37.307497],[-5.980597,37.307468],[-5.980489,37.307411],[-5.980453,37.307383],[-5.980417,37.307354],[-5.980345,37.307325],[-5.980309,37.307297],[-5.980273,37.307268],[-5.980238,37.30724],[-5.980202,37.30724],[-5.980166,37.307211],[-5.98013,37.307211],[-5.980094,37.307211],[-5.980022,37.307154],[-5.97995,37.307125],[-5.979914,37.307125],[-5.979878,37.307125],[-5.979806,37.307068],[-5.97977,37.307068],[-5.979735,37.307068],[-5.979699,37.30704],[-5.979663,37.30704],[-5.979627,37.307011],[-5.979591,37.307011],[-5.979555,37.307011],[-5.979555,37.306982],[-5.979519,37.306982],[-5.979447,37.306954],[-5.979411,37.306954],[-5.979375,37.306954],[-5.979303,37.306925],[-5.979267,37.306925],[-5.979231,37.306925],[-5.979231,37.306897],[-5.979196,37.306897],[-5.97916,37.306897],[-5.979124,37.306897],[-5.979088,37.306868],[-5.979016,37.306868],[-5.97898,37.306868],[-5.978944,37.306868],[-5.978692,37.306811],[-5.978657,37.306811],[-5.978621,37.306811],[-5.978549,37.306782],[-5.978441,37.306782],[-5.978405,37.306782],[-5.978369,37.306782],[-5.978333,37.306754],[-5.978297,37.306754],[-5.978261,37.306754],[-5.978225,37.306754],[-5.978189,37.306754],[-5.978153,37.306754],[-5.978118,37.306754],[-5.978082,37.306754],[-5.978082,37.306725],[-5.978046,37.306725],[-5.97801,37.306697],[-5.977974,37.306697],[-5.97801,37.306582],[-5.978046,37.306582],[-5.978082,37.306582],[-5.978118,37.306582]]],[[[-5.927668,37.306554],[-5.92774,37.306611],[-5.927884,37.30684],[-5.927848,37.30684],[-5.927812,37.306868],[-5.927776,37.306868],[-5.92774,37.306897],[-5.927704,37.306897],[-5.927668,37.306897],[-5.927668,37.306925],[-5.927632,37.306925],[-5.927596,37.306925],[-5.927596,37.306954],[-5.92756,37.306954],[-5.927524,37.306954],[-5.927524,37.306982],[-5.927524,37.307011],[-5.927488,37.307011],[-5.927488,37.30704],[-5.927453,37.30704],[-5.927237,37.306754],[-5.927273,37.306754],[-5.927273,37.306725],[-5.927381,37.306697],[-5.927381,37.306668],[-5.927417,37.306668],[-5.927453,37.306639],[-5.927488,37.306639],[-5.927524,37.306611],[-5.92756,37.306611],[-5.927668,37.306554]]],[[[-5.926267,37.306525],[-5.926303,37.306525],[-5.926339,37.306525],[-5.926339,37.306554],[-5.926375,37.306554],[-5.926375,37.306582],[-5.926375,37.306611],[-5.926411,37.306639],[-5.926411,37.306668],[-5.926446,37.306697],[-5.926446,37.306725],[-5.926482,37.306725],[-5.926482,37.306754],[-5.926518,37.306754],[-5.926554,37.306754],[-5.92659,37.306754],[-5.926626,37.306754],[-5.926698,37.306754],[-5.926734,37.306754],[-5.926734,37.306782],[-5.92677,37.306782],[-5.926806,37.306811],[-5.926842,37.306811],[-5.926842,37.30684],[-5.926878,37.30684],[-5.926878,37.306868],[-5.926914,37.306868],[-5.926914,37.306897],[-5.926949,37.306897],[-5.926985,37.306897],[-5.926985,37.306868],[-5.927021,37.306868],[-5.927021,37.30684],[-5.927057,37.30684],[-5.927237,37.307097],[-5.927201,37.307125],[-5.927165,37.307125],[-5.927129,37.307125],[-5.927093,37.307125],[-5.927057,37.307154],[-5.927021,37.307154],[-5.926985,37.307183],[-5.926985,37.307211],[-5.926949,37.307211],[-5.926949,37.30724],[-5.926914,37.30724],[-5.926878,37.30724],[-5.926878,37.307268],[-5.926842,37.307268],[-5.926806,37.307297],[-5.92677,37.307325],[-5.926734,37.307325],[-5.926698,37.307354],[-5.926662,37.307383],[-5.926626,37.307411],[-5.92659,37.307411],[-5.92659,37.30744],[-5.92659,37.307468],[-5.926554,37.307468],[-5.926554,37.307497],[-5.926518,37.307525],[-5.926482,37.307525],[-5.926482,37.307554],[-5.926446,37.307554],[-5.926411,37.307583],[-5.926375,37.307583],[-5.926375,37.307611],[-5.926339,37.307611],[-5.926339,37.30764],[-5.926303,37.30764],[-5.926303,37.307668],[-5.926267,37.307668],[-5.926267,37.307697],[-5.926231,37.307726],[-5.926231,37.307754],[-5.926195,37.307754],[-5.926159,37.307754],[-5.926123,37.307783],[-5.926087,37.307783],[-5.926051,37.307783],[-5.926051,37.307811],[-5.926015,37.307811],[-5.925943,37.30784],[-5.925907,37.30784],[-5.925907,37.307868],[-5.925872,37.307868],[-5.9258,37.307897],[-5.925764,37.307897],[-5.925764,37.307926],[-5.925728,37.307926],[-5.925692,37.307926],[-5.925656,37.307926],[-5.925656,37.307954],[-5.92562,37.307954],[-5.925584,37.307954],[-5.925584,37.307983],[-5.925548,37.307983],[-5.925548,37.307954],[-5.925512,37.307954],[-5.925476,37.307954],[-5.92544,37.307954],[-5.92544,37.307983],[-5.925404,37.307983],[-5.925368,37.307983],[-5.925333,37.308011],[-5.925297,37.308011],[-5.925225,37.308011],[-5.925189,37.30804],[-5.925153,37.30804],[-5.925117,37.30804],[-5.925117,37.308069],[-5.925081,37.308069],[-5.925045,37.308097],[-5.925009,37.308097],[-5.924973,37.308097],[-5.924937,37.308097],[-5.924901,37.308097],[-5.924865,37.308126],[-5.924829,37.308126],[-5.924794,37.308126],[-5.924758,37.308126],[-5.924686,37.308126],[-5.924686,37.308154],[-5.92465,37.308154],[-5.924614,37.308154],[-5.924578,37.308154],[-5.924578,37.308183],[-5.924542,37.308183],[-5.924506,37.308183],[-5.92447,37.308183],[-5.924434,37.308183],[-5.924398,37.308183],[-5.924362,37.308183],[-5.924326,37.308183],[-5.92429,37.308183],[-5.92429,37.308154],[-5.924255,37.308154],[-5.924219,37.308154],[-5.924183,37.308154],[-5.924147,37.308154],[-5.924111,37.308154],[-5.924075,37.308154],[-5.924039,37.308154],[-5.924003,37.308154],[-5.923967,37.308154],[-5.923931,37.308154],[-5.923895,37.308154],[-5.923895,37.308183],[-5.923859,37.308183],[-5.923859,37.308154],[-5.923823,37.308154],[-5.923787,37.308154],[-5.923751,37.308154],[-5.923716,37.308126],[-5.92368,37.308126],[-5.923644,37.308126],[-5.923608,37.308126],[-5.923572,37.308126],[-5.923536,37.308126],[-5.923536,37.308097],[-5.9235,37.308069],[-5.9235,37.308097],[-5.923464,37.308097],[-5.923464,37.308126],[-5.923428,37.308126],[-5.923392,37.308097],[-5.923356,37.308097],[-5.923356,37.308126],[-5.92332,37.308126],[-5.923284,37.308126],[-5.923284,37.308097],[-5.923248,37.308097],[-5.923213,37.308097],[-5.923177,37.308097],[-5.923141,37.308126],[-5.923105,37.308126],[-5.923069,37.308126],[-5.922997,37.308126],[-5.922961,37.308097],[-5.922925,37.308097],[-5.922925,37.308126],[-5.922889,37.308126],[-5.922853,37.308126],[-5.922817,37.308126],[-5.922781,37.308126],[-5.922745,37.308126],[-5.922745,37.308154],[-5.922709,37.308154],[-5.922674,37.308154],[-5.922638,37.308154],[-5.922602,37.308154],[-5.922566,37.308154],[-5.922566,37.308126],[-5.92253,37.308154],[-5.922494,37.308154],[-5.922458,37.308154],[-5.922422,37.308154],[-5.922386,37.308154],[-5.92235,37.308154],[-5.922314,37.308154],[-5.922278,37.308154],[-5.922242,37.308154],[-5.922242,37.308126],[-5.922206,37.308126],[-5.922206,37.308154],[-5.92217,37.308154],[-5.922135,37.308154],[-5.922099,37.308154],[-5.922063,37.308154],[-5.922027,37.308154],[-5.921991,37.308154],[-5.921955,37.308154],[-5.921955,37.308183],[-5.921919,37.308183],[-5.921883,37.308183],[-5.921847,37.308183],[-5.921811,37.308183],[-5.921775,37.308183],[-5.921739,37.308183],[-5.921703,37.308183],[-5.921667,37.308183],[-5.921631,37.308183],[-5.921631,37.308211],[-5.921596,37.308211],[-5.92156,37.308211],[-5.92156,37.30824],[-5.921524,37.30824],[-5.921524,37.308211],[-5.921488,37.308211],[-5.921452,37.308211],[-5.921452,37.30824],[-5.921416,37.30824],[-5.92138,37.30824],[-5.921344,37.30824],[-5.921308,37.30824],[-5.921308,37.308211],[-5.921272,37.308211],[-5.921236,37.308211],[-5.921236,37.30824],[-5.9212,37.30824],[-5.9212,37.308269],[-5.9212,37.308297],[-5.921164,37.308297],[-5.921164,37.308326],[-5.921128,37.308326],[-5.921128,37.308297],[-5.921128,37.308269],[-5.921128,37.30824],[-5.921128,37.308211],[-5.921128,37.308183],[-5.921128,37.308097],[-5.9212,37.308097],[-5.9212,37.308069],[-5.921236,37.308069],[-5.921272,37.308069],[-5.921308,37.308069],[-5.921344,37.308069],[-5.92138,37.308069],[-5.921416,37.308069],[-5.921452,37.308069],[-5.921452,37.30804],[-5.921488,37.308011],[-5.921488,37.307983],[-5.921524,37.307983],[-5.92156,37.307983],[-5.92156,37.307954],[-5.921596,37.307954],[-5.921631,37.307954],[-5.921631,37.307926],[-5.921667,37.307926],[-5.921667,37.307954],[-5.921703,37.307954],[-5.921703,37.307926],[-5.921739,37.307926],[-5.921739,37.307897],[-5.921739,37.307868],[-5.921739,37.30784],[-5.921775,37.30784],[-5.921775,37.307811],[-5.921811,37.307811],[-5.921811,37.307783],[-5.921811,37.307754],[-5.921811,37.307726],[-5.921811,37.307697],[-5.921847,37.307697],[-5.921847,37.307668],[-5.921883,37.307668],[-5.921919,37.307611],[-5.921955,37.307611],[-5.921955,37.307583],[-5.921991,37.307583],[-5.922027,37.307583],[-5.922063,37.307554],[-5.922099,37.307554],[-5.922135,37.307554],[-5.922206,37.307554],[-5.922206,37.307583],[-5.922242,37.307583],[-5.922278,37.307583],[-5.922314,37.307554],[-5.92235,37.307554],[-5.922386,37.307554],[-5.922422,37.307554],[-5.922458,37.307554],[-5.922494,37.307554],[-5.922494,37.307583],[-5.92253,37.307611],[-5.922566,37.307611],[-5.922566,37.307583],[-5.922602,37.307583],[-5.922638,37.307583],[-5.922674,37.307583],[-5.922709,37.307583],[-5.922745,37.307583],[-5.922781,37.307583],[-5.922781,37.307611],[-5.922817,37.307611],[-5.922853,37.307611],[-5.922889,37.307611],[-5.922925,37.307611],[-5.922925,37.30764],[-5.922961,37.30764],[-5.922997,37.30764],[-5.923033,37.30764],[-5.923069,37.30764],[-5.923105,37.30764],[-5.923141,37.30764],[-5.923177,37.30764],[-5.923213,37.30764],[-5.923248,37.30764],[-5.923284,37.30764],[-5.923284,37.307611],[-5.92332,37.307611],[-5.923356,37.307611],[-5.923392,37.307611],[-5.923428,37.307611],[-5.9235,37.307611],[-5.9235,37.30764],[-5.923536,37.30764],[-5.923572,37.30764],[-5.923608,37.30764],[-5.923608,37.307668],[-5.923644,37.307668],[-5.92368,37.307668],[-5.92368,37.307697],[-5.923716,37.307697],[-5.923751,37.307697],[-5.923787,37.307697],[-5.923787,37.307668],[-5.923823,37.307668],[-5.923859,37.307668],[-5.923895,37.307668],[-5.923967,37.307668],[-5.924111,37.307668],[-5.924147,37.307668],[-5.924183,37.307668],[-5.924255,37.307697],[-5.92429,37.307697],[-5.924326,37.307697],[-5.924362,37.307697],[-5.924398,37.307697],[-5.924434,37.307697],[-5.92447,37.307697],[-5.92447,37.307668],[-5.924506,37.307668],[-5.924506,37.30764],[-5.924506,37.307611],[-5.924542,37.307611],[-5.924578,37.307611],[-5.924614,37.307611],[-5.92465,37.307611],[-5.92465,37.30764],[-5.924686,37.30764],[-5.924722,37.30764],[-5.924758,37.30764],[-5.924794,37.30764],[-5.924829,37.307611],[-5.924865,37.307611],[-5.924901,37.307611],[-5.924937,37.307611],[-5.924937,37.307583],[-5.924973,37.307583],[-5.924973,37.307554],[-5.925009,37.307554],[-5.925009,37.307583],[-5.925045,37.307583],[-5.925045,37.307611],[-5.925081,37.307611],[-5.925081,37.30764],[-5.925117,37.30764],[-5.925117,37.307611],[-5.925153,37.307611],[-5.925153,37.307583],[-5.925189,37.307583],[-5.925225,37.307583],[-5.925225,37.307611],[-5.925261,37.307611],[-5.925297,37.307611],[-5.925333,37.307611],[-5.925333,37.307583],[-5.925368,37.307583],[-5.925404,37.307554],[-5.92544,37.307554],[-5.92544,37.307525],[-5.925476,37.307525],[-5.925512,37.307525],[-5.925512,37.307497],[-5.925548,37.307497],[-5.925584,37.307497],[-5.92562,37.307497],[-5.92562,37.307468],[-5.925656,37.307468],[-5.925692,37.30744],[-5.925728,37.307411],[-5.925764,37.307383],[-5.9258,37.307354],[-5.925836,37.307325],[-5.925872,37.307325],[-5.925872,37.307297],[-5.925907,37.307268],[-5.925943,37.307211],[-5.925979,37.307211],[-5.925979,37.307183],[-5.926015,37.307154],[-5.926015,37.307125],[-5.926051,37.307097],[-5.926051,37.307068],[-5.926051,37.30704],[-5.926051,37.307011],[-5.926087,37.307011],[-5.926087,37.306982],[-5.926087,37.306954],[-5.926123,37.306925],[-5.926159,37.306868],[-5.926159,37.30684],[-5.926159,37.306811],[-5.926159,37.306782],[-5.926159,37.306754],[-5.926159,37.306725],[-5.926159,37.306697],[-5.926195,37.306697],[-5.926195,37.306668],[-5.926231,37.306668],[-5.926231,37.306639],[-5.926267,37.306639],[-5.926267,37.306611],[-5.926303,37.306611],[-5.926303,37.306582],[-5.926267,37.306554],[-5.926267,37.306525]]],[[[-5.927812,37.305382],[-5.927812,37.30541],[-5.927848,37.30541],[-5.927848,37.305439],[-5.927884,37.305496],[-5.92792,37.305525],[-5.92792,37.305553],[-5.927956,37.305553],[-5.927956,37.305582],[-5.927992,37.305582],[-5.927992,37.305611],[-5.928027,37.305639],[-5.928027,37.305668],[-5.928063,37.305668],[-5.928063,37.305696],[-5.928063,37.305725],[-5.928027,37.305725],[-5.928027,37.305753],[-5.928027,37.305782],[-5.928027,37.305811],[-5.928063,37.305811],[-5.928063,37.305839],[-5.928099,37.305839],[-5.928135,37.305868],[-5.928171,37.305896],[-5.928207,37.305896],[-5.928207,37.305925],[-5.928243,37.305925],[-5.928243,37.305954],[-5.928279,37.305954],[-5.928279,37.305982],[-5.928243,37.306039],[-5.928243,37.306068],[-5.928243,37.306096],[-5.928243,37.306125],[-5.928279,37.306125],[-5.928279,37.306154],[-5.928279,37.306182],[-5.928315,37.306182],[-5.928315,37.306211],[-5.928351,37.306211],[-5.928351,37.306239],[-5.928387,37.306239],[-5.928423,37.306239],[-5.928459,37.306239],[-5.928495,37.306239],[-5.928495,37.306268],[-5.928459,37.306268],[-5.928459,37.306297],[-5.928423,37.306325],[-5.928387,37.306325],[-5.928387,37.306354],[-5.928351,37.306354],[-5.928315,37.306354],[-5.928315,37.306382],[-5.928279,37.306382],[-5.928279,37.306411],[-5.928279,37.306439],[-5.928315,37.306439],[-5.928351,37.306439],[-5.928387,37.306411],[-5.928423,37.306411],[-5.928459,37.306411],[-5.928459,37.306382],[-5.928495,37.306382],[-5.928531,37.306382],[-5.928566,37.306382],[-5.928566,37.306354],[-5.928602,37.306354],[-5.928638,37.306325],[-5.928674,37.306325],[-5.92871,37.306325],[-5.92871,37.306297],[-5.928746,37.306297],[-5.928782,37.306297],[-5.928818,37.306268],[-5.928854,37.306268],[-5.92889,37.306239],[-5.928926,37.306239],[-5.928962,37.306211],[-5.928998,37.306211],[-5.929034,37.306211],[-5.929034,37.306182],[-5.92907,37.306182],[-5.929105,37.306182],[-5.929141,37.306154],[-5.929213,37.306125],[-5.929249,37.306125],[-5.929285,37.306125],[-5.929321,37.306096],[-5.929357,37.306096],[-5.929393,37.306096],[-5.929393,37.306068],[-5.929429,37.306068],[-5.929465,37.306068],[-5.929465,37.306096],[-5.929501,37.306068],[-5.929609,37.306096],[-5.929609,37.306125],[-5.929573,37.306125],[-5.929537,37.306154],[-5.929501,37.306182],[-5.929465,37.306182],[-5.929465,37.306211],[-5.929429,37.306211],[-5.929393,37.306211],[-5.929357,37.306239],[-5.929321,37.306239],[-5.929285,37.306239],[-5.929213,37.306268],[-5.929177,37.306268],[-5.929177,37.306297],[-5.929141,37.306297],[-5.929105,37.306297],[-5.929034,37.306325],[-5.928998,37.306325],[-5.928998,37.306354],[-5.928962,37.306354],[-5.92889,37.306382],[-5.928818,37.306411],[-5.928782,37.306411],[-5.928746,37.306411],[-5.928746,37.306439],[-5.92871,37.306439],[-5.928674,37.306439],[-5.928638,37.306468],[-5.928602,37.306468],[-5.928531,37.306497],[-5.928459,37.306525],[-5.928423,37.306525],[-5.928423,37.306554],[-5.928387,37.306554],[-5.928351,37.306582],[-5.928315,37.306582],[-5.928279,37.306611],[-5.928243,37.306611],[-5.928243,37.306639],[-5.928243,37.306668],[-5.928243,37.306697],[-5.928207,37.306697],[-5.928207,37.306668],[-5.928171,37.306668],[-5.928135,37.306668],[-5.928135,37.306697],[-5.928099,37.306697],[-5.928063,37.306725],[-5.92792,37.306497],[-5.927884,37.306468],[-5.92792,37.306439],[-5.927956,37.306439],[-5.927992,37.306439],[-5.927992,37.306411],[-5.927992,37.306382],[-5.928027,37.306382],[-5.928027,37.306354],[-5.928027,37.306325],[-5.928027,37.306297],[-5.928063,37.306268],[-5.928063,37.306239],[-5.928027,37.306239],[-5.928027,37.306211],[-5.927992,37.306211],[-5.927992,37.306182],[-5.927992,37.306154],[-5.927956,37.306125],[-5.927956,37.306096],[-5.927956,37.306068],[-5.92792,37.306068],[-5.92792,37.306039],[-5.92792,37.306011],[-5.92792,37.305982],[-5.927884,37.305982],[-5.927884,37.305954],[-5.927884,37.305925],[-5.927848,37.305896],[-5.927848,37.305868],[-5.927812,37.305868],[-5.927812,37.305839],[-5.927776,37.305839],[-5.927776,37.305811],[-5.927776,37.305782],[-5.927776,37.305753],[-5.927776,37.305725],[-5.927776,37.305696],[-5.927776,37.305668],[-5.927776,37.305639],[-5.927776,37.305611],[-5.92774,37.305611],[-5.92774,37.305582],[-5.927704,37.305582],[-5.927668,37.305553],[-5.927668,37.305525],[-5.927668,37.305496],[-5.927668,37.305468],[-5.927704,37.305468],[-5.927704,37.305439],[-5.927704,37.30541],[-5.92774,37.30541],[-5.92774,37.305382],[-5.927776,37.305382],[-5.927812,37.305382]]],[[[-5.976501,37.303553],[-5.976501,37.303581],[-5.976465,37.303581],[-5.976465,37.303553],[-5.976501,37.303553]]],[[[-5.974848,37.303181],[-5.974884,37.303181],[-5.974884,37.30321],[-5.97492,37.30321],[-5.97492,37.303238],[-5.974884,37.303238],[-5.974848,37.30321],[-5.974848,37.303181]]],[[[-5.974668,37.303038],[-5.974668,37.303067],[-5.974704,37.303067],[-5.974704,37.303095],[-5.97474,37.303095],[-5.974776,37.303095],[-5.974776,37.303124],[-5.974812,37.303124],[-5.974812,37.303153],[-5.974848,37.303153],[-5.974848,37.303181],[-5.974812,37.303181],[-5.974776,37.303153],[-5.97474,37.303153],[-5.97474,37.303124],[-5.974704,37.303124],[-5.974668,37.303095],[-5.974632,37.303095],[-5.974632,37.303067],[-5.974596,37.303067],[-5.974596,37.303038],[-5.974632,37.303038],[-5.974668,37.303038]]],[[[-5.93755,37.302524],[-5.93755,37.302552],[-5.937514,37.302552],[-5.937478,37.302524],[-5.937514,37.302524],[-5.93755,37.302524]]],[[[-5.930615,37.301438],[-5.930615,37.301466],[-5.930651,37.301466],[-5.930686,37.301466],[-5.930686,37.301495],[-5.930722,37.301495],[-5.930758,37.301495],[-5.930794,37.301495],[-5.930794,37.301523],[-5.93083,37.301523],[-5.930866,37.301523],[-5.930866,37.301552],[-5.930902,37.301552],[-5.930938,37.301523],[-5.930974,37.301523],[-5.93101,37.301523],[-5.931046,37.301552],[-5.931082,37.301552],[-5.931118,37.30158],[-5.931154,37.30158],[-5.93119,37.30158],[-5.931225,37.30158],[-5.931225,37.301609],[-5.931261,37.301609],[-5.931297,37.301609],[-5.931333,37.301609],[-5.931405,37.301609],[-5.931441,37.301609],[-5.931477,37.301609],[-5.931513,37.301638],[-5.931549,37.301638],[-5.931585,37.301638],[-5.931585,37.301609],[-5.931621,37.301609],[-5.931657,37.301609],[-5.931693,37.301609],[-5.931693,37.301638],[-5.931729,37.301638],[-5.931764,37.301638],[-5.931764,37.301609],[-5.9318,37.301609],[-5.9318,37.30158],[-5.931836,37.30158],[-5.931836,37.301552],[-5.931872,37.301552],[-5.931908,37.301552],[-5.931944,37.301552],[-5.93198,37.301552],[-5.932016,37.301552],[-5.932052,37.301552],[-5.932052,37.30158],[-5.932088,37.30158],[-5.932124,37.30158],[-5.93216,37.30158],[-5.932196,37.30158],[-5.932232,37.30158],[-5.932232,37.301609],[-5.932268,37.301609],[-5.932303,37.301609],[-5.932339,37.301609],[-5.932375,37.301609],[-5.932411,37.301609],[-5.932447,37.301609],[-5.932483,37.301609],[-5.932519,37.301638],[-5.932555,37.301638],[-5.932591,37.301638],[-5.932627,37.301638],[-5.932627,37.301666],[-5.932663,37.301666],[-5.932699,37.301666],[-5.932735,37.301666],[-5.932771,37.301666],[-5.932807,37.301666],[-5.932807,37.301695],[-5.932842,37.301695],[-5.932878,37.301695],[-5.932878,37.301723],[-5.932914,37.301723],[-5.932914,37.301752],[-5.93295,37.301752],[-5.93295,37.301781],[-5.93295,37.301809],[-5.932986,37.301809],[-5.932986,37.301838],[-5.933022,37.301838],[-5.933058,37.301838],[-5.933094,37.301838],[-5.933094,37.301809],[-5.93313,37.301809],[-5.93313,37.301781],[-5.933166,37.301781],[-5.933202,37.301781],[-5.933238,37.301781],[-5.933274,37.301781],[-5.93331,37.301781],[-5.933346,37.301809],[-5.933381,37.301809],[-5.933417,37.301809],[-5.933453,37.301809],[-5.933489,37.301809],[-5.933525,37.301809],[-5.933561,37.301809],[-5.933597,37.301809],[-5.933633,37.301838],[-5.933669,37.301838],[-5.933705,37.301838],[-5.933741,37.301838],[-5.933777,37.301838],[-5.933777,37.301866],[-5.933813,37.301866],[-5.933813,37.301895],[-5.933849,37.301895],[-5.933884,37.301895],[-5.93392,37.301895],[-5.93392,37.301866],[-5.933956,37.301866],[-5.933956,37.301838],[-5.933992,37.301838],[-5.933992,37.301809],[-5.934028,37.301809],[-5.934064,37.301809],[-5.9341,37.301838],[-5.934136,37.301838],[-5.934172,37.301838],[-5.934208,37.301838],[-5.934244,37.301838],[-5.93428,37.301838],[-5.934316,37.301838],[-5.934352,37.301838],[-5.934388,37.301838],[-5.934423,37.301838],[-5.934423,37.301866],[-5.934459,37.301866],[-5.934459,37.301895],[-5.934495,37.301895],[-5.934531,37.301895],[-5.934531,37.301923],[-5.934567,37.301923],[-5.934567,37.301895],[-5.934567,37.301866],[-5.934567,37.301838],[-5.934603,37.301838],[-5.934603,37.301866],[-5.934639,37.301866],[-5.934675,37.301895],[-5.934711,37.301895],[-5.934711,37.301923],[-5.934747,37.301923],[-5.934783,37.301923],[-5.934819,37.301952],[-5.934855,37.301981],[-5.934891,37.301981],[-5.934927,37.301981],[-5.934927,37.302009],[-5.934962,37.302009],[-5.934998,37.302038],[-5.934998,37.302066],[-5.935034,37.302066],[-5.935034,37.302095],[-5.935034,37.302124],[-5.93507,37.302124],[-5.93507,37.302152],[-5.935106,37.302152],[-5.935142,37.302181],[-5.935142,37.302209],[-5.935178,37.302209],[-5.935214,37.302209],[-5.93525,37.302181],[-5.935286,37.302181],[-5.935322,37.302181],[-5.935358,37.302181],[-5.935394,37.302181],[-5.93543,37.302181],[-5.935466,37.302181],[-5.935501,37.302181],[-5.935501,37.302209],[-5.935537,37.302209],[-5.935537,37.302238],[-5.935573,37.302238],[-5.935573,37.302266],[-5.935609,37.302266],[-5.935645,37.302266],[-5.935681,37.302266],[-5.935681,37.302295],[-5.935717,37.302295],[-5.935753,37.302295],[-5.935789,37.302324],[-5.935825,37.302324],[-5.935861,37.302324],[-5.935897,37.302352],[-5.935933,37.302352],[-5.935969,37.302352],[-5.936005,37.302352],[-5.93604,37.302352],[-5.936076,37.302352],[-5.936076,37.302381],[-5.936112,37.302381],[-5.936148,37.302409],[-5.936184,37.302409],[-5.93622,37.302409],[-5.936256,37.302409],[-5.936292,37.302409],[-5.936292,37.302438],[-5.936328,37.302438],[-5.936364,37.302438],[-5.9364,37.302438],[-5.9364,37.302467],[-5.936436,37.302467],[-5.936472,37.302467],[-5.936508,37.302467],[-5.936508,37.302495],[-5.936544,37.302495],[-5.936579,37.302495],[-5.936615,37.302495],[-5.936651,37.302495],[-5.936687,37.302495],[-5.936723,37.302495],[-5.936759,37.302495],[-5.936795,37.302495],[-5.936831,37.302495],[-5.936867,37.302467],[-5.936903,37.302467],[-5.936939,37.302467],[-5.936975,37.302467],[-5.936975,37.302438],[-5.936975,37.302409],[-5.936939,37.302381],[-5.936939,37.302352],[-5.936939,37.302324],[-5.936939,37.302295],[-5.936975,37.302295],[-5.937011,37.302295],[-5.937047,37.302295],[-5.937047,37.302324],[-5.937082,37.302324],[-5.937118,37.302352],[-5.937154,37.302352],[-5.93719,37.302352],[-5.937226,37.302352],[-5.937226,37.302381],[-5.937262,37.302381],[-5.937262,37.302409],[-5.937298,37.302409],[-5.937334,37.302409],[-5.93737,37.302409],[-5.93737,37.302438],[-5.937406,37.302438],[-5.937442,37.302467],[-5.937442,37.302495],[-5.937478,37.302495],[-5.937478,37.302524],[-5.937478,37.302552],[-5.937478,37.302581],[-5.937514,37.302581],[-5.93755,37.302581],[-5.93755,37.302552],[-5.937586,37.302552],[-5.937621,37.302552],[-5.937729,37.302552],[-5.937801,37.302552],[-5.937837,37.302552],[-5.937873,37.302552],[-5.937909,37.302552],[-5.937945,37.302552],[-5.937945,37.302581],[-5.937981,37.302581],[-5.937981,37.302609],[-5.938017,37.302609],[-5.938017,37.302638],[-5.938017,37.302667],[-5.938053,37.302667],[-5.938089,37.302667],[-5.938125,37.302638],[-5.93816,37.302638],[-5.938196,37.302638],[-5.938196,37.302609],[-5.938232,37.302609],[-5.938268,37.302581],[-5.938304,37.302581],[-5.93834,37.302581],[-5.938376,37.302609],[-5.938412,37.302609],[-5.938484,37.302609],[-5.93852,37.302638],[-5.938556,37.302638],[-5.938592,37.302638],[-5.938628,37.302638],[-5.938664,37.302609],[-5.938699,37.302609],[-5.938735,37.302609],[-5.938771,37.302609],[-5.938807,37.302609],[-5.938843,37.302609],[-5.938879,37.302609],[-5.938879,37.302638],[-5.938915,37.302638],[-5.938915,37.302667],[-5.938915,37.302695],[-5.938915,37.302724],[-5.938915,37.302752],[-5.938915,37.302781],[-5.938879,37.302781],[-5.938879,37.30281],[-5.938843,37.302838],[-5.938843,37.302867],[-5.938807,37.302867],[-5.938807,37.302895],[-5.938771,37.302895],[-5.938771,37.302924],[-5.938771,37.302952],[-5.938771,37.302981],[-5.938771,37.30301],[-5.938771,37.303038],[-5.938807,37.303038],[-5.938807,37.303067],[-5.938843,37.303067],[-5.938843,37.303095],[-5.938879,37.303095],[-5.938915,37.303124],[-5.938951,37.303124],[-5.938951,37.303153],[-5.938987,37.303153],[-5.938987,37.303181],[-5.939023,37.303181],[-5.939059,37.303181],[-5.939059,37.303153],[-5.939095,37.303153],[-5.939131,37.303153],[-5.939131,37.303124],[-5.939167,37.303124],[-5.939167,37.303153],[-5.939203,37.303153],[-5.939203,37.303181],[-5.939203,37.30321],[-5.939203,37.303238],[-5.939203,37.303267],[-5.939203,37.303295],[-5.939238,37.303295],[-5.939274,37.303295],[-5.93931,37.303295],[-5.939346,37.303295],[-5.939382,37.303295],[-5.939418,37.303295],[-5.939454,37.303267],[-5.93949,37.303267],[-5.93949,37.303238],[-5.93949,37.30321],[-5.939454,37.303181],[-5.939418,37.303153],[-5.939418,37.303124],[-5.939454,37.303095],[-5.93949,37.303095],[-5.93949,37.303067],[-5.939526,37.303067],[-5.939526,37.303038],[-5.939562,37.30301],[-5.939598,37.30301],[-5.939598,37.302981],[-5.939634,37.302981],[-5.93967,37.302981],[-5.939706,37.302981],[-5.939742,37.30301],[-5.939777,37.30301],[-5.939813,37.30301],[-5.939813,37.303038],[-5.939849,37.303038],[-5.939885,37.303038],[-5.939885,37.303067],[-5.939921,37.303067],[-5.939921,37.303095],[-5.939957,37.303095],[-5.939957,37.303124],[-5.939921,37.303153],[-5.939921,37.303181],[-5.939921,37.30321],[-5.939957,37.30321],[-5.939957,37.303238],[-5.939921,37.303238],[-5.939921,37.303267],[-5.939885,37.303267],[-5.939849,37.303267],[-5.939849,37.303295],[-5.939813,37.303295],[-5.939813,37.303324],[-5.939777,37.303324],[-5.939777,37.303353],[-5.939813,37.303353],[-5.939813,37.303381],[-5.939849,37.303381],[-5.939885,37.303381],[-5.939921,37.303381],[-5.939957,37.303381],[-5.939993,37.303381],[-5.940029,37.303381],[-5.940065,37.303381],[-5.940101,37.303381],[-5.940137,37.303381],[-5.940137,37.303353],[-5.940137,37.303324],[-5.940173,37.303324],[-5.940209,37.303324],[-5.940245,37.303324],[-5.940245,37.303353],[-5.94028,37.303353],[-5.94028,37.303324],[-5.940316,37.303324],[-5.940316,37.303353],[-5.940352,37.303353],[-5.940352,37.303381],[-5.940388,37.30341],[-5.940424,37.30341],[-5.94046,37.30341],[-5.940496,37.30341],[-5.940532,37.30341],[-5.940532,37.303381],[-5.940568,37.303381],[-5.940604,37.303381],[-5.94064,37.303381],[-5.94064,37.303353],[-5.940676,37.303353],[-5.940676,37.303324],[-5.940712,37.303324],[-5.940712,37.303295],[-5.940748,37.303295],[-5.940748,37.303267],[-5.940784,37.303267],[-5.940819,37.303267],[-5.940855,37.303267],[-5.940855,37.303238],[-5.940819,37.303238],[-5.940784,37.303238],[-5.940748,37.303238],[-5.940748,37.30321],[-5.940784,37.30321],[-5.940819,37.30321],[-5.940855,37.30321],[-5.940855,37.303181],[-5.940891,37.303181],[-5.940927,37.303181],[-5.940963,37.303181],[-5.940963,37.30321],[-5.940999,37.30321],[-5.941035,37.30321],[-5.941071,37.30321],[-5.941107,37.30321],[-5.941143,37.30321],[-5.941179,37.30321],[-5.941179,37.303181],[-5.941215,37.303181],[-5.941215,37.303153],[-5.941215,37.303124],[-5.941251,37.303095],[-5.941251,37.303067],[-5.941251,37.303038],[-5.941287,37.303038],[-5.941287,37.30301],[-5.941323,37.30301],[-5.941358,37.30301],[-5.941358,37.302981],[-5.941394,37.302981],[-5.941394,37.302952],[-5.94143,37.302952],[-5.94143,37.302924],[-5.941466,37.302924],[-5.941466,37.302895],[-5.941502,37.302895],[-5.941538,37.302895],[-5.941574,37.302924],[-5.94161,37.302924],[-5.941646,37.302924],[-5.941682,37.302924],[-5.941718,37.302924],[-5.941718,37.302952],[-5.941754,37.302952],[-5.94179,37.302952],[-5.941826,37.302952],[-5.941862,37.302952],[-5.941897,37.302952],[-5.941933,37.302981],[-5.941933,37.30301],[-5.941969,37.30301],[-5.942005,37.30301],[-5.942041,37.30301],[-5.942041,37.302981],[-5.942041,37.302952],[-5.942041,37.302924],[-5.942077,37.302924],[-5.942077,37.302895],[-5.942113,37.302895],[-5.942149,37.302895],[-5.942185,37.302867],[-5.942221,37.302867],[-5.942221,37.302838],[-5.942257,37.302838],[-5.942293,37.302838],[-5.942329,37.302838],[-5.942365,37.302838],[-5.942401,37.302838],[-5.942436,37.302838],[-5.942436,37.30281],[-5.942472,37.30281],[-5.942508,37.302781],[-5.942544,37.302752],[-5.94258,37.302752],[-5.94258,37.302724],[-5.942616,37.302695],[-5.942652,37.302695],[-5.942652,37.302667],[-5.942688,37.302638],[-5.942688,37.302609],[-5.942688,37.302581],[-5.942724,37.302581],[-5.942724,37.302552],[-5.94276,37.302552],[-5.942796,37.302552],[-5.942796,37.302524],[-5.942832,37.302524],[-5.942868,37.302524],[-5.942868,37.302552],[-5.942904,37.302552],[-5.94294,37.302552],[-5.942975,37.302552],[-5.942975,37.302524],[-5.943011,37.302524],[-5.943047,37.302524],[-5.943047,37.302495],[-5.943083,37.302495],[-5.943083,37.302467],[-5.943083,37.302438],[-5.943083,37.302409],[-5.943119,37.302409],[-5.943155,37.302381],[-5.943191,37.302381],[-5.943191,37.302352],[-5.943191,37.302324],[-5.943191,37.302295],[-5.943227,37.302295],[-5.943263,37.302266],[-5.943299,37.302266],[-5.943335,37.302238],[-5.943371,37.302238],[-5.943407,37.302238],[-5.943443,37.302238],[-5.943478,37.302209],[-5.943514,37.302209],[-5.943514,37.302238],[-5.94355,37.302238],[-5.94355,37.302266],[-5.94355,37.302295],[-5.943586,37.302352],[-5.943586,37.302381],[-5.943586,37.302438],[-5.943622,37.302467],[-5.943622,37.302495],[-5.943658,37.302495],[-5.943658,37.302524],[-5.943694,37.302524],[-5.943766,37.302552],[-5.943766,37.302638],[-5.943694,37.302724],[-5.943658,37.302752],[-5.943622,37.302781],[-5.943622,37.30281],[-5.943586,37.30281],[-5.94355,37.30281],[-5.94355,37.302838],[-5.943514,37.302838],[-5.943478,37.302838],[-5.943443,37.302838],[-5.943443,37.302867],[-5.943407,37.302867],[-5.943371,37.302867],[-5.943371,37.302895],[-5.943335,37.302895],[-5.943335,37.302924],[-5.943299,37.302924],[-5.943263,37.302924],[-5.943227,37.302924],[-5.943191,37.302924],[-5.943155,37.302924],[-5.943119,37.302924],[-5.943083,37.302924],[-5.943047,37.302952],[-5.943011,37.302952],[-5.943011,37.302981],[-5.942975,37.30301],[-5.942975,37.303038],[-5.94294,37.303038],[-5.94294,37.303067],[-5.94294,37.303095],[-5.942975,37.303124],[-5.942975,37.303153],[-5.942975,37.303181],[-5.94294,37.303181],[-5.942904,37.303181],[-5.942904,37.303153],[-5.942868,37.303124],[-5.942832,37.303124],[-5.942832,37.303095],[-5.942832,37.303067],[-5.942796,37.303067],[-5.942796,37.303095],[-5.942796,37.303124],[-5.942796,37.303153],[-5.94276,37.303153],[-5.942724,37.303181],[-5.942688,37.303181],[-5.942688,37.30321],[-5.942652,37.30321],[-5.942652,37.303238],[-5.942652,37.303267],[-5.942616,37.303267],[-5.94258,37.303267],[-5.94258,37.303295],[-5.94258,37.303324],[-5.94258,37.303353],[-5.942544,37.303353],[-5.942544,37.303381],[-5.942508,37.303381],[-5.942508,37.30341],[-5.942472,37.30341],[-5.942436,37.30341],[-5.942436,37.303438],[-5.942401,37.303438],[-5.942365,37.303438],[-5.942329,37.303438],[-5.942293,37.303467],[-5.942257,37.303467],[-5.942257,37.303496],[-5.942221,37.303496],[-5.942185,37.303496],[-5.942149,37.303496],[-5.942113,37.303496],[-5.942113,37.303524],[-5.942077,37.303524],[-5.942041,37.303524],[-5.942005,37.303524],[-5.941969,37.303524],[-5.941933,37.303524],[-5.941897,37.303524],[-5.941897,37.303496],[-5.941862,37.303496],[-5.941826,37.303496],[-5.94179,37.303496],[-5.941754,37.303496],[-5.941718,37.303496],[-5.941682,37.303496],[-5.941682,37.303467],[-5.941718,37.303467],[-5.941718,37.303438],[-5.941718,37.30341],[-5.941754,37.30341],[-5.94179,37.303381],[-5.941826,37.303381],[-5.941862,37.303381],[-5.941897,37.303381],[-5.941897,37.303353],[-5.941933,37.303353],[-5.941969,37.303353],[-5.942005,37.303353],[-5.942005,37.303324],[-5.942041,37.303324],[-5.942077,37.303324],[-5.942113,37.303324],[-5.942113,37.303295],[-5.942077,37.303295],[-5.942041,37.303295],[-5.942005,37.303295],[-5.941969,37.303295],[-5.941969,37.303324],[-5.941933,37.303324],[-5.941897,37.303324],[-5.941862,37.303324],[-5.941826,37.303324],[-5.94179,37.303324],[-5.94179,37.303353],[-5.94179,37.303381],[-5.941754,37.303381],[-5.941718,37.303381],[-5.941682,37.303381],[-5.941646,37.303353],[-5.94161,37.303353],[-5.94161,37.303324],[-5.941574,37.303324],[-5.941538,37.303324],[-5.941502,37.303324],[-5.941466,37.303324],[-5.941358,37.303324],[-5.941323,37.303324],[-5.941287,37.303324],[-5.941251,37.303324],[-5.941215,37.303324],[-5.941179,37.303324],[-5.941179,37.303353],[-5.941143,37.303353],[-5.941107,37.303353],[-5.941071,37.303353],[-5.941035,37.303353],[-5.941035,37.303381],[-5.940999,37.303381],[-5.940999,37.30341],[-5.940927,37.30341],[-5.940927,37.303438],[-5.940891,37.303438],[-5.940891,37.303467],[-5.940855,37.303467],[-5.940855,37.303496],[-5.940819,37.303496],[-5.940784,37.303496],[-5.940784,37.303467],[-5.940748,37.303467],[-5.940748,37.303438],[-5.940712,37.303438],[-5.940676,37.303467],[-5.940568,37.303467],[-5.940532,37.303496],[-5.940496,37.303496],[-5.94046,37.303496],[-5.94046,37.303524],[-5.940424,37.303524],[-5.940388,37.303524],[-5.940388,37.303553],[-5.94028,37.303553],[-5.940245,37.303553],[-5.940209,37.303553],[-5.940173,37.303553],[-5.940173,37.303524],[-5.940137,37.303524],[-5.940101,37.303524],[-5.940029,37.303524],[-5.939957,37.303524],[-5.939921,37.303524],[-5.939885,37.303524],[-5.939849,37.303524],[-5.939777,37.303524],[-5.939742,37.303553],[-5.939706,37.303553],[-5.93967,37.303553],[-5.939634,37.303553],[-5.939598,37.303581],[-5.939562,37.30361],[-5.939526,37.30361],[-5.93949,37.30361],[-5.939454,37.303638],[-5.939418,37.303638],[-5.939418,37.303667],[-5.939382,37.303667],[-5.939382,37.303638],[-5.939346,37.303638],[-5.93931,37.303638],[-5.93931,37.30361],[-5.939274,37.30361],[-5.939238,37.30361],[-5.939203,37.30361],[-5.939167,37.30361],[-5.939131,37.30361],[-5.939131,37.303638],[-5.939095,37.303638],[-5.939059,37.303638],[-5.939059,37.303667],[-5.939023,37.303667],[-5.939023,37.303696],[-5.938987,37.303696],[-5.938951,37.303724],[-5.938915,37.303724],[-5.938915,37.303753],[-5.938879,37.303753],[-5.938879,37.303724],[-5.938879,37.303696],[-5.938879,37.303667],[-5.938879,37.303638],[-5.938879,37.30361],[-5.938915,37.30361],[-5.938951,37.30361],[-5.938987,37.30361],[-5.938987,37.303581],[-5.939023,37.303581],[-5.939023,37.303553],[-5.939059,37.303553],[-5.939059,37.303524],[-5.939095,37.303524],[-5.939131,37.303524],[-5.939167,37.303496],[-5.939167,37.303467],[-5.939131,37.303467],[-5.939095,37.303467],[-5.939095,37.303438],[-5.939059,37.303438],[-5.939023,37.303438],[-5.938987,37.303438],[-5.938987,37.30341],[-5.938951,37.30341],[-5.938951,37.303438],[-5.938915,37.303438],[-5.938879,37.303438],[-5.938879,37.30341],[-5.938843,37.30341],[-5.938807,37.303381],[-5.938771,37.303381],[-5.938771,37.30341],[-5.938771,37.303438],[-5.938735,37.303438],[-5.938735,37.303467],[-5.938699,37.303467],[-5.938664,37.303467],[-5.938628,37.303467],[-5.938592,37.303467],[-5.938592,37.303496],[-5.938556,37.303496],[-5.93852,37.303496],[-5.938484,37.303496],[-5.938484,37.303467],[-5.938448,37.303467],[-5.938448,37.303438],[-5.938412,37.303438],[-5.938376,37.303438],[-5.938376,37.303467],[-5.93834,37.303467],[-5.938304,37.303467],[-5.938304,37.303438],[-5.938304,37.30341],[-5.938304,37.303381],[-5.938304,37.303353],[-5.938304,37.303324],[-5.938304,37.303295],[-5.938304,37.303267],[-5.938304,37.303238],[-5.938304,37.30321],[-5.938268,37.30321],[-5.938268,37.303181],[-5.938268,37.303153],[-5.938232,37.303153],[-5.938196,37.303153],[-5.93816,37.303153],[-5.938125,37.303153],[-5.938125,37.303124],[-5.938089,37.303095],[-5.938053,37.303095],[-5.938017,37.303095],[-5.937981,37.303095],[-5.938017,37.303124],[-5.938017,37.303153],[-5.938053,37.303153],[-5.938053,37.303181],[-5.938053,37.30321],[-5.938053,37.303238],[-5.938089,37.303238],[-5.938089,37.303267],[-5.938089,37.303295],[-5.938089,37.303324],[-5.938089,37.303353],[-5.938089,37.303381],[-5.938089,37.30341],[-5.938125,37.30341],[-5.938125,37.303438],[-5.938125,37.303467],[-5.938089,37.303467],[-5.938053,37.303467],[-5.938053,37.303438],[-5.938017,37.303438],[-5.938017,37.30341],[-5.938017,37.303381],[-5.938017,37.303353],[-5.937981,37.303324],[-5.937981,37.303295],[-5.937981,37.303267],[-5.937945,37.303267],[-5.937945,37.303238],[-5.937945,37.30321],[-5.937909,37.30321],[-5.937909,37.303153],[-5.937909,37.303124],[-5.937873,37.303124],[-5.937873,37.303095],[-5.937873,37.303067],[-5.937837,37.303067],[-5.937837,37.303038],[-5.937801,37.303038],[-5.937765,37.303038],[-5.937729,37.303038],[-5.937729,37.30301],[-5.937693,37.30301],[-5.937657,37.30301],[-5.937586,37.302981],[-5.937586,37.302952],[-5.93755,37.302952],[-5.937514,37.302952],[-5.937478,37.302952],[-5.937478,37.302924],[-5.937442,37.302924],[-5.937406,37.302924],[-5.93737,37.302924],[-5.937334,37.302895],[-5.937298,37.302895],[-5.937262,37.302895],[-5.937226,37.302895],[-5.93719,37.302895],[-5.937154,37.302895],[-5.937118,37.302895],[-5.937082,37.302924],[-5.937047,37.302924],[-5.937011,37.302924],[-5.936975,37.302952],[-5.936939,37.302952],[-5.936939,37.302981],[-5.936903,37.302981],[-5.936867,37.302981],[-5.936867,37.30301],[-5.936831,37.30301],[-5.936831,37.303038],[-5.936831,37.303067],[-5.936795,37.303067],[-5.936723,37.303124],[-5.936723,37.303153],[-5.936687,37.303153],[-5.936651,37.303153],[-5.936651,37.303181],[-5.936615,37.303181],[-5.936579,37.303181],[-5.936579,37.303153],[-5.936615,37.303153],[-5.936615,37.303124],[-5.936615,37.303095],[-5.936615,37.303067],[-5.936579,37.303038],[-5.936544,37.303038],[-5.936544,37.30301],[-5.936508,37.30301],[-5.936472,37.30301],[-5.936436,37.30301],[-5.936436,37.302981],[-5.9364,37.302981],[-5.936364,37.302981],[-5.936328,37.302981],[-5.936292,37.302981],[-5.936256,37.302981],[-5.93622,37.302981],[-5.936184,37.302981],[-5.936112,37.30301],[-5.936076,37.30301],[-5.93604,37.30301],[-5.936005,37.30301],[-5.936005,37.302981],[-5.935969,37.302981],[-5.935933,37.302952],[-5.935897,37.302952],[-5.935897,37.302924],[-5.935861,37.302924],[-5.935825,37.302924],[-5.935825,37.302952],[-5.935825,37.302981],[-5.935861,37.302981],[-5.935825,37.30301],[-5.935825,37.303038],[-5.935861,37.303038],[-5.935897,37.303067],[-5.935897,37.303095],[-5.935861,37.303095],[-5.935825,37.303095],[-5.935789,37.303095],[-5.935789,37.303067],[-5.935753,37.303067],[-5.935717,37.303067],[-5.935681,37.303067],[-5.935645,37.303067],[-5.935609,37.303067],[-5.935573,37.303067],[-5.935537,37.303067],[-5.935501,37.303067],[-5.935466,37.303067],[-5.935466,37.303038],[-5.93543,37.303038],[-5.935394,37.303038],[-5.935358,37.303038],[-5.935358,37.30301],[-5.935322,37.30301],[-5.935286,37.30301],[-5.935286,37.302981],[-5.93525,37.302981],[-5.93525,37.302952],[-5.935214,37.302952],[-5.935214,37.302924],[-5.935178,37.302924],[-5.935178,37.302895],[-5.935142,37.302895],[-5.935106,37.302895],[-5.93507,37.302867],[-5.935034,37.302867],[-5.934998,37.302838],[-5.934962,37.302838],[-5.934962,37.30281],[-5.934927,37.30281],[-5.934927,37.302781],[-5.934927,37.302752],[-5.934927,37.302724],[-5.934891,37.302752],[-5.934891,37.302781],[-5.934855,37.302781],[-5.934819,37.302781],[-5.934819,37.302752],[-5.934783,37.302752],[-5.934783,37.302724],[-5.934783,37.302695],[-5.934783,37.302667],[-5.934747,37.302667],[-5.934711,37.302667],[-5.934675,37.302667],[-5.934675,37.302695],[-5.934639,37.302695],[-5.934603,37.302724],[-5.934567,37.302724],[-5.934567,37.302752],[-5.934531,37.302752],[-5.934495,37.302752],[-5.934495,37.302724],[-5.934459,37.302724],[-5.934423,37.302724],[-5.934388,37.302695],[-5.934352,37.302695],[-5.934316,37.302667],[-5.934316,37.302638],[-5.93428,37.302638],[-5.93428,37.302609],[-5.93428,37.302581],[-5.934244,37.302581],[-5.934244,37.302552],[-5.934208,37.302552],[-5.934208,37.302524],[-5.934172,37.302495],[-5.934136,37.302495],[-5.9341,37.302495],[-5.934064,37.302495],[-5.934028,37.302495],[-5.934028,37.302467],[-5.934028,37.302438],[-5.933992,37.302409],[-5.933956,37.302409],[-5.93392,37.302409],[-5.933884,37.302409],[-5.933849,37.302409],[-5.933849,37.302381],[-5.933849,37.302352],[-5.933813,37.302352],[-5.933777,37.302352],[-5.933741,37.302352],[-5.933705,37.302352],[-5.933669,37.302352],[-5.933633,37.302352],[-5.933597,37.302352],[-5.933561,37.302352],[-5.933525,37.302352],[-5.933489,37.302324],[-5.933453,37.302324],[-5.933417,37.302324],[-5.933417,37.302352],[-5.933381,37.302352],[-5.933346,37.302381],[-5.93331,37.302381],[-5.933274,37.302381],[-5.933274,37.302409],[-5.933238,37.302409],[-5.933202,37.302409],[-5.933166,37.302409],[-5.93313,37.302409],[-5.933094,37.302409],[-5.933058,37.302381],[-5.933022,37.302381],[-5.933022,37.302409],[-5.932986,37.302409],[-5.932986,37.302381],[-5.93295,37.302381],[-5.93295,37.302352],[-5.932914,37.302352],[-5.932878,37.302352],[-5.932878,37.302324],[-5.932842,37.302324],[-5.932807,37.302324],[-5.932771,37.302324],[-5.932735,37.302352],[-5.932699,37.302352],[-5.932663,37.302352],[-5.932627,37.302324],[-5.932591,37.302324],[-5.932555,37.302324],[-5.932555,37.302295],[-5.932519,37.302295],[-5.932519,37.302266],[-5.932483,37.302266],[-5.932483,37.302238],[-5.932447,37.302238],[-5.932411,37.302238],[-5.932375,37.302238],[-5.932375,37.302266],[-5.932339,37.302266],[-5.932303,37.302266],[-5.932268,37.302295],[-5.932232,37.302295],[-5.932196,37.302295],[-5.93216,37.302266],[-5.932124,37.302266],[-5.932088,37.302266],[-5.932052,37.302266],[-5.932052,37.302295],[-5.932016,37.302295],[-5.932016,37.302324],[-5.93198,37.302324],[-5.931944,37.302324],[-5.931908,37.302295],[-5.931872,37.302295],[-5.931836,37.302295],[-5.931836,37.302324],[-5.9318,37.302324],[-5.9318,37.302295],[-5.931764,37.302295],[-5.931764,37.302266],[-5.931729,37.302266],[-5.931729,37.302295],[-5.931764,37.302295],[-5.931764,37.302324],[-5.931764,37.302352],[-5.931729,37.302352],[-5.931729,37.302324],[-5.931693,37.302324],[-5.931693,37.302352],[-5.931693,37.302381],[-5.931657,37.302381],[-5.931621,37.302381],[-5.931585,37.302352],[-5.931549,37.302352],[-5.931549,37.302324],[-5.931549,37.302295],[-5.931513,37.302295],[-5.931477,37.302295],[-5.931477,37.302266],[-5.931441,37.302266],[-5.931405,37.302266],[-5.931369,37.302266],[-5.931369,37.302238],[-5.931405,37.302238],[-5.931441,37.302238],[-5.931441,37.302209],[-5.931405,37.302209],[-5.931369,37.302209],[-5.931333,37.302209],[-5.931297,37.302209],[-5.931297,37.302181],[-5.931261,37.302181],[-5.931225,37.302181],[-5.93119,37.302181],[-5.93119,37.302209],[-5.931154,37.302209],[-5.931154,37.302238],[-5.931118,37.302238],[-5.931118,37.302266],[-5.931118,37.302295],[-5.931118,37.302324],[-5.931154,37.302324],[-5.931154,37.302352],[-5.93119,37.302352],[-5.931225,37.302352],[-5.931261,37.302352],[-5.931297,37.302352],[-5.931333,37.302352],[-5.931369,37.302352],[-5.931369,37.302324],[-5.931405,37.302324],[-5.931405,37.302295],[-5.931441,37.302295],[-5.931441,37.302324],[-5.931477,37.302324],[-5.931477,37.302352],[-5.931477,37.302381],[-5.931513,37.302409],[-5.931513,37.302381],[-5.931549,37.302381],[-5.931549,37.302409],[-5.931585,37.302409],[-5.931585,37.302381],[-5.931621,37.302409],[-5.931657,37.302409],[-5.931657,37.302438],[-5.931621,37.302438],[-5.931585,37.302438],[-5.931549,37.302438],[-5.931513,37.302438],[-5.931477,37.302438],[-5.931441,37.302438],[-5.931405,37.302438],[-5.931369,37.302438],[-5.931369,37.302409],[-5.931333,37.302409],[-5.931297,37.302409],[-5.931297,37.302438],[-5.931261,37.302438],[-5.931225,37.302438],[-5.93119,37.302438],[-5.931154,37.302438],[-5.931154,37.302467],[-5.931118,37.302467],[-5.931118,37.302495],[-5.931082,37.302495],[-5.931082,37.302524],[-5.931082,37.302552],[-5.931082,37.302581],[-5.931082,37.302609],[-5.931082,37.302638],[-5.931082,37.302667],[-5.931082,37.302724],[-5.931082,37.302781],[-5.931082,37.30281],[-5.931082,37.302838],[-5.931082,37.302867],[-5.931118,37.302867],[-5.931118,37.302895],[-5.931082,37.302924],[-5.931082,37.302952],[-5.931046,37.302981],[-5.931046,37.30301],[-5.93101,37.30301],[-5.93101,37.303038],[-5.930974,37.303067],[-5.930938,37.303067],[-5.930902,37.303067],[-5.930866,37.303067],[-5.930866,37.303095],[-5.93083,37.303095],[-5.93083,37.303124],[-5.930794,37.303124],[-5.930794,37.303153],[-5.930794,37.303181],[-5.930758,37.303181],[-5.930758,37.30321],[-5.930722,37.303238],[-5.930686,37.303267],[-5.930651,37.303295],[-5.930615,37.303295],[-5.930615,37.303324],[-5.930579,37.303324],[-5.930579,37.303353],[-5.930579,37.303381],[-5.930579,37.303438],[-5.930579,37.303467],[-5.930579,37.303496],[-5.930579,37.303524],[-5.930579,37.303553],[-5.930615,37.303553],[-5.930615,37.303581],[-5.930651,37.303581],[-5.930686,37.30361],[-5.930722,37.30361],[-5.930758,37.30361],[-5.930758,37.303638],[-5.930758,37.303667],[-5.930758,37.303696],[-5.930722,37.303696],[-5.930722,37.303724],[-5.930686,37.303724],[-5.930651,37.303696],[-5.930615,37.303696],[-5.930615,37.303724],[-5.930579,37.303724],[-5.930543,37.303753],[-5.930543,37.303781],[-5.930507,37.30381],[-5.930471,37.303838],[-5.930471,37.303867],[-5.930471,37.303896],[-5.930471,37.303924],[-5.930435,37.303953],[-5.930435,37.303981],[-5.930399,37.304039],[-5.930399,37.304124],[-5.930363,37.304153],[-5.930363,37.304181],[-5.930363,37.30421],[-5.930327,37.30421],[-5.930327,37.304239],[-5.930327,37.304267],[-5.930291,37.304296],[-5.930291,37.304324],[-5.930291,37.304353],[-5.930255,37.304382],[-5.930255,37.30441],[-5.930255,37.304439],[-5.930255,37.304467],[-5.930219,37.304496],[-5.930219,37.304524],[-5.930219,37.304553],[-5.930219,37.304582],[-5.930183,37.30461],[-5.930183,37.304639],[-5.930183,37.304667],[-5.930183,37.304696],[-5.930147,37.304696],[-5.930147,37.304725],[-5.930147,37.304753],[-5.930112,37.304782],[-5.930112,37.30481],[-5.930112,37.304839],[-5.930112,37.304867],[-5.930076,37.304896],[-5.930076,37.304953],[-5.930076,37.304982],[-5.93004,37.30501],[-5.93004,37.305068],[-5.930004,37.305096],[-5.930004,37.305125],[-5.930004,37.305153],[-5.929968,37.305153],[-5.929968,37.305182],[-5.929968,37.30521],[-5.929968,37.305239],[-5.929896,37.305325],[-5.929896,37.305382],[-5.929896,37.30541],[-5.92986,37.305468],[-5.92986,37.305496],[-5.929824,37.305525],[-5.929788,37.305696],[-5.929752,37.305725],[-5.929752,37.305753],[-5.929752,37.305782],[-5.929716,37.305782],[-5.929716,37.305811],[-5.92968,37.305839],[-5.929609,37.305811],[-5.929609,37.305782],[-5.929609,37.305753],[-5.929609,37.305725],[-5.929609,37.305696],[-5.929609,37.305668],[-5.929644,37.305668],[-5.929644,37.305639],[-5.929644,37.305611],[-5.929644,37.305582],[-5.929644,37.305553],[-5.92968,37.305553],[-5.92968,37.305525],[-5.92968,37.305496],[-5.92968,37.305468],[-5.929716,37.305439],[-5.929716,37.30541],[-5.929752,37.305382],[-5.929752,37.305353],[-5.929752,37.305296],[-5.929788,37.305239],[-5.929824,37.30521],[-5.929824,37.305182],[-5.929824,37.305153],[-5.929824,37.305125],[-5.92986,37.305125],[-5.92986,37.305096],[-5.92986,37.305068],[-5.92986,37.305039],[-5.929896,37.304953],[-5.929932,37.304925],[-5.929932,37.304896],[-5.929932,37.304867],[-5.929968,37.304839],[-5.929968,37.30481],[-5.929968,37.304782],[-5.929968,37.304753],[-5.929968,37.304725],[-5.930004,37.304725],[-5.930004,37.304696],[-5.930004,37.304667],[-5.93004,37.304667],[-5.93004,37.304639],[-5.93004,37.30461],[-5.930076,37.304582],[-5.930076,37.304553],[-5.930076,37.304524],[-5.930076,37.304496],[-5.930112,37.304439],[-5.930112,37.30441],[-5.930112,37.304382],[-5.930147,37.304353],[-5.930147,37.304324],[-5.930183,37.304296],[-5.930183,37.304267],[-5.930183,37.304239],[-5.930183,37.30421],[-5.930219,37.304181],[-5.930219,37.304153],[-5.930255,37.304124],[-5.930255,37.304096],[-5.930255,37.304067],[-5.930255,37.304039],[-5.930255,37.30401],[-5.930255,37.303981],[-5.930291,37.303953],[-5.930291,37.303924],[-5.930291,37.303896],[-5.930327,37.303838],[-5.930327,37.30381],[-5.930363,37.303781],[-5.930363,37.303753],[-5.930363,37.303724],[-5.930399,37.303724],[-5.930399,37.303696],[-5.930399,37.303667],[-5.930363,37.303638],[-5.930399,37.303638],[-5.930399,37.30361],[-5.930435,37.30361],[-5.930435,37.303581],[-5.930471,37.303553],[-5.930471,37.303524],[-5.930471,37.303496],[-5.930471,37.303467],[-5.930471,37.30341],[-5.930471,37.303381],[-5.930471,37.303353],[-5.930471,37.303324],[-5.930471,37.303295],[-5.930471,37.303267],[-5.930471,37.303238],[-5.930471,37.30321],[-5.930507,37.30321],[-5.930507,37.303181],[-5.930543,37.303181],[-5.930543,37.303153],[-5.930579,37.303153],[-5.930615,37.303153],[-5.930615,37.303124],[-5.930651,37.303124],[-5.930686,37.303095],[-5.930722,37.303095],[-5.930722,37.303067],[-5.930758,37.303067],[-5.930758,37.303038],[-5.930794,37.303038],[-5.930794,37.30301],[-5.930794,37.302981],[-5.93083,37.302981],[-5.93083,37.302952],[-5.93083,37.302924],[-5.93083,37.302895],[-5.930866,37.302895],[-5.930902,37.302895],[-5.930902,37.302867],[-5.930938,37.302867],[-5.930974,37.302867],[-5.930974,37.302838],[-5.930974,37.30281],[-5.930974,37.302781],[-5.930974,37.302752],[-5.93101,37.302724],[-5.93101,37.302695],[-5.93101,37.302667],[-5.93101,37.302638],[-5.93101,37.302581],[-5.93101,37.302524],[-5.93101,37.302495],[-5.93101,37.302467],[-5.930974,37.302467],[-5.930974,37.302438],[-5.930938,37.302438],[-5.930938,37.302409],[-5.930902,37.302409],[-5.930902,37.302381],[-5.930902,37.302352],[-5.930902,37.302324],[-5.930902,37.302295],[-5.930902,37.302266],[-5.930866,37.302266],[-5.93083,37.302266],[-5.930794,37.302266],[-5.930758,37.302266],[-5.930722,37.302266],[-5.930686,37.302266],[-5.930686,37.302295],[-5.930651,37.302295],[-5.930615,37.302295],[-5.930579,37.302295],[-5.930543,37.302295],[-5.930543,37.302266],[-5.930507,37.302266],[-5.930507,37.302238],[-5.930507,37.302209],[-5.930471,37.302209],[-5.930471,37.302181],[-5.930435,37.302181],[-5.930399,37.302181],[-5.930399,37.302152],[-5.930399,37.302124],[-5.930435,37.302095],[-5.930435,37.302066],[-5.930435,37.302038],[-5.930399,37.302038],[-5.930399,37.302009],[-5.930399,37.301981],[-5.930363,37.301952],[-5.930327,37.301952],[-5.930327,37.301923],[-5.930291,37.301923],[-5.930255,37.301923],[-5.930255,37.301895],[-5.930219,37.301895],[-5.930219,37.301866],[-5.930183,37.301866],[-5.930183,37.301838],[-5.930183,37.301809],[-5.930183,37.301781],[-5.930147,37.301781],[-5.930147,37.301752],[-5.930183,37.301723],[-5.930219,37.301723],[-5.930219,37.301752],[-5.930219,37.301781],[-5.930219,37.301809],[-5.930255,37.301809],[-5.930255,37.301781],[-5.930255,37.301752],[-5.930291,37.301752],[-5.930327,37.301723],[-5.930327,37.301695],[-5.930291,37.301695],[-5.930291,37.301666],[-5.930255,37.301666],[-5.930219,37.301666],[-5.930219,37.301638],[-5.930219,37.301609],[-5.930219,37.30158],[-5.930255,37.30158],[-5.930255,37.301609],[-5.930291,37.301609],[-5.930291,37.301638],[-5.930327,37.301638],[-5.930363,37.301638],[-5.930363,37.301609],[-5.930363,37.30158],[-5.930363,37.301552],[-5.930363,37.301523],[-5.930363,37.301495],[-5.930399,37.301466],[-5.930435,37.301466],[-5.930471,37.301466],[-5.930507,37.301466],[-5.930579,37.301438],[-5.930615,37.301438]]],[[[-5.940209,37.303381],[-5.940173,37.30341],[-5.940137,37.30341],[-5.940137,37.303438],[-5.940173,37.303438],[-5.940209,37.303438],[-5.940245,37.30341],[-5.940245,37.303381],[-5.940209,37.303381]]],[[[-5.942904,37.302667],[-5.942868,37.302667],[-5.942832,37.302667],[-5.942832,37.302695],[-5.942796,37.302695],[-5.942796,37.302724],[-5.942796,37.302752],[-5.942796,37.302781],[-5.942796,37.30281],[-5.942796,37.302838],[-5.942832,37.302838],[-5.942868,37.302838],[-5.942868,37.302867],[-5.942904,37.302867],[-5.94294,37.302838],[-5.942975,37.302838],[-5.943011,37.30281],[-5.943011,37.302781],[-5.943047,37.302781],[-5.943011,37.302752],[-5.942975,37.302752],[-5.94294,37.302724],[-5.94294,37.302695],[-5.942904,37.302695],[-5.942904,37.302667]]],[[[-5.942472,37.303353],[-5.942436,37.303353],[-5.942401,37.303353],[-5.942365,37.303353],[-5.942329,37.303353],[-5.942293,37.303353],[-5.942257,37.303353],[-5.942221,37.303353],[-5.942185,37.303353],[-5.942149,37.303353],[-5.942113,37.303353],[-5.942077,37.303353],[-5.942077,37.303381],[-5.942041,37.303381],[-5.942005,37.303381],[-5.942005,37.30341],[-5.941969,37.30341],[-5.941969,37.303438],[-5.942005,37.303438],[-5.942005,37.303467],[-5.942041,37.303467],[-5.942077,37.303467],[-5.942113,37.303467],[-5.942149,37.303467],[-5.942185,37.303467],[-5.942221,37.303467],[-5.942221,37.303438],[-5.942257,37.303438],[-5.942293,37.303438],[-5.942293,37.30341],[-5.942329,37.30341],[-5.942365,37.30341],[-5.942401,37.30341],[-5.942436,37.303381],[-5.942472,37.303381],[-5.942472,37.303353]]],[[[-5.938376,37.303381],[-5.938376,37.30341],[-5.938412,37.30341],[-5.938376,37.303381]]],[[[-5.947647,37.299694],[-5.947683,37.299723],[-5.947683,37.299751],[-5.947719,37.299751],[-5.947719,37.29978],[-5.947754,37.299808],[-5.947754,37.299837],[-5.94779,37.299837],[-5.947826,37.299837],[-5.947826,37.299808],[-5.947826,37.29978],[-5.947826,37.299751],[-5.947862,37.299751],[-5.947862,37.299723],[-5.947898,37.299723],[-5.947934,37.299723],[-5.94797,37.299723],[-5.948006,37.299751],[-5.948078,37.299723],[-5.94815,37.29978],[-5.948114,37.299837],[-5.948114,37.299865],[-5.948078,37.299894],[-5.948042,37.299894],[-5.948042,37.299923],[-5.948006,37.299923],[-5.94797,37.299951],[-5.947934,37.299951],[-5.947934,37.29998],[-5.947898,37.29998],[-5.947862,37.29998],[-5.947826,37.29998],[-5.94779,37.29998],[-5.947754,37.29998],[-5.947754,37.300008],[-5.947719,37.300008],[-5.947719,37.300066],[-5.947683,37.300066],[-5.947683,37.300094],[-5.947683,37.300123],[-5.947683,37.300151],[-5.947719,37.300151],[-5.947719,37.30018],[-5.947719,37.300208],[-5.947719,37.300237],[-5.947754,37.300266],[-5.947754,37.300294],[-5.947754,37.300323],[-5.94779,37.300351],[-5.94779,37.30038],[-5.94779,37.300409],[-5.94779,37.300437],[-5.947754,37.300437],[-5.947719,37.300437],[-5.947683,37.300437],[-5.947683,37.300466],[-5.947647,37.300466],[-5.947647,37.300494],[-5.947611,37.300523],[-5.947611,37.300551],[-5.947575,37.300551],[-5.947575,37.30058],[-5.947575,37.300609],[-5.947575,37.300637],[-5.947575,37.300666],[-5.947539,37.300666],[-5.947503,37.300666],[-5.947467,37.300637],[-5.947431,37.300637],[-5.947395,37.300637],[-5.947359,37.300637],[-5.947287,37.300637],[-5.947251,37.300637],[-5.947215,37.300637],[-5.94718,37.300666],[-5.947144,37.300666],[-5.947144,37.300694],[-5.947108,37.300694],[-5.947108,37.300723],[-5.947072,37.300723],[-5.947072,37.300752],[-5.947072,37.30078],[-5.947072,37.300809],[-5.947072,37.300837],[-5.947108,37.300837],[-5.947108,37.300866],[-5.947108,37.300894],[-5.947144,37.300894],[-5.947144,37.300923],[-5.94718,37.300923],[-5.94718,37.300952],[-5.94718,37.30098],[-5.947215,37.30098],[-5.947215,37.301009],[-5.94718,37.301037],[-5.94718,37.301066],[-5.947144,37.301066],[-5.947144,37.301095],[-5.947144,37.301123],[-5.947108,37.301123],[-5.947108,37.301152],[-5.947072,37.301152],[-5.947072,37.30118],[-5.947072,37.301209],[-5.947036,37.301209],[-5.947036,37.301237],[-5.947,37.301237],[-5.947,37.301266],[-5.947036,37.301266],[-5.947036,37.301295],[-5.947036,37.301323],[-5.947,37.301323],[-5.947,37.301352],[-5.946964,37.301352],[-5.946964,37.30138],[-5.946928,37.30138],[-5.946928,37.301409],[-5.946892,37.301409],[-5.946892,37.301438],[-5.946892,37.301466],[-5.946856,37.301495],[-5.946856,37.301523],[-5.946856,37.301552],[-5.946856,37.30158],[-5.946856,37.301609],[-5.94682,37.301609],[-5.94682,37.301638],[-5.946784,37.301638],[-5.946748,37.301666],[-5.946712,37.301695],[-5.946641,37.301723],[-5.946641,37.301752],[-5.946533,37.301809],[-5.946497,37.301809],[-5.946497,37.301838],[-5.946461,37.301838],[-5.946389,37.301866],[-5.946353,37.301866],[-5.946353,37.301895],[-5.946317,37.301895],[-5.946281,37.301895],[-5.946281,37.301923],[-5.946245,37.301923],[-5.946245,37.301895],[-5.946245,37.301866],[-5.946209,37.301866],[-5.946173,37.301866],[-5.946138,37.301866],[-5.946138,37.301895],[-5.946102,37.301895],[-5.946066,37.301895],[-5.94603,37.301895],[-5.94603,37.301923],[-5.945994,37.301923],[-5.945994,37.301952],[-5.945994,37.301981],[-5.945958,37.301981],[-5.945922,37.301981],[-5.945886,37.301981],[-5.945886,37.301952],[-5.94585,37.301952],[-5.945814,37.301923],[-5.945778,37.301923],[-5.945742,37.301923],[-5.945706,37.301923],[-5.945706,37.301952],[-5.94567,37.301981],[-5.94567,37.302009],[-5.945634,37.302009],[-5.945634,37.302038],[-5.945599,37.302038],[-5.945563,37.302038],[-5.945527,37.302066],[-5.945491,37.302066],[-5.945455,37.302066],[-5.945455,37.302095],[-5.945419,37.302095],[-5.945419,37.302124],[-5.945419,37.302152],[-5.945383,37.302152],[-5.945383,37.302181],[-5.945347,37.302181],[-5.945311,37.302181],[-5.945275,37.302181],[-5.945239,37.302181],[-5.945203,37.302181],[-5.945167,37.302181],[-5.945131,37.302209],[-5.945095,37.302209],[-5.94506,37.302209],[-5.94506,37.302238],[-5.945024,37.302238],[-5.945024,37.302266],[-5.945024,37.302295],[-5.945024,37.302324],[-5.945024,37.302352],[-5.945024,37.302381],[-5.944988,37.302381],[-5.944952,37.302381],[-5.944952,37.302352],[-5.944952,37.302324],[-5.944952,37.302295],[-5.944988,37.302295],[-5.944988,37.302266],[-5.944952,37.302266],[-5.944952,37.302295],[-5.944916,37.302295],[-5.94488,37.302295],[-5.94488,37.302324],[-5.944844,37.302324],[-5.944844,37.302352],[-5.94488,37.302381],[-5.944844,37.302381],[-5.944844,37.302409],[-5.944808,37.302409],[-5.944808,37.302438],[-5.944772,37.302467],[-5.944736,37.302467],[-5.9447,37.302467],[-5.9447,37.302438],[-5.9447,37.302409],[-5.9447,37.302381],[-5.944664,37.302381],[-5.944628,37.302381],[-5.944592,37.302381],[-5.944592,37.302409],[-5.944592,37.302438],[-5.944628,37.302467],[-5.944628,37.302495],[-5.944664,37.302495],[-5.944664,37.302524],[-5.944664,37.302552],[-5.9447,37.302581],[-5.9447,37.302609],[-5.944736,37.302609],[-5.944736,37.302638],[-5.944772,37.302638],[-5.944772,37.302667],[-5.944808,37.302667],[-5.944808,37.302695],[-5.944808,37.302724],[-5.944808,37.302752],[-5.944808,37.302781],[-5.944772,37.302781],[-5.944736,37.302781],[-5.9447,37.302781],[-5.9447,37.302752],[-5.944664,37.302724],[-5.944664,37.302695],[-5.944628,37.302695],[-5.944628,37.302667],[-5.944628,37.302638],[-5.944592,37.302609],[-5.944592,37.302581],[-5.944556,37.302581],[-5.944521,37.302581],[-5.944521,37.302609],[-5.944556,37.302609],[-5.944556,37.302638],[-5.944556,37.302667],[-5.944556,37.302695],[-5.944592,37.302724],[-5.944592,37.302752],[-5.944556,37.302752],[-5.944556,37.302724],[-5.944521,37.302695],[-5.944521,37.302667],[-5.944485,37.302638],[-5.944485,37.302609],[-5.944449,37.302581],[-5.944449,37.302552],[-5.944413,37.302552],[-5.944413,37.302524],[-5.944377,37.302524],[-5.944377,37.302495],[-5.944341,37.302495],[-5.944341,37.302467],[-5.944305,37.302467],[-5.944305,37.302381],[-5.944341,37.302352],[-5.944377,37.302324],[-5.944413,37.302295],[-5.944449,37.302295],[-5.944485,37.302295],[-5.944521,37.302266],[-5.944556,37.302266],[-5.944592,37.302266],[-5.944628,37.302266],[-5.944664,37.302266],[-5.944664,37.302238],[-5.9447,37.302238],[-5.9447,37.302209],[-5.944736,37.302209],[-5.944772,37.302209],[-5.944808,37.302209],[-5.944844,37.302209],[-5.944844,37.302181],[-5.94488,37.302181],[-5.944916,37.302181],[-5.944952,37.302181],[-5.944952,37.302152],[-5.944988,37.302152],[-5.945024,37.302152],[-5.945024,37.302124],[-5.94506,37.302095],[-5.94506,37.302066],[-5.94506,37.302038],[-5.945095,37.302038],[-5.945095,37.302009],[-5.945131,37.302009],[-5.945167,37.302009],[-5.945203,37.302009],[-5.945239,37.302009],[-5.945311,37.301981],[-5.945311,37.301952],[-5.945347,37.301952],[-5.945347,37.301923],[-5.945383,37.301895],[-5.945383,37.301866],[-5.945419,37.301866],[-5.945419,37.301838],[-5.945455,37.301838],[-5.945491,37.301809],[-5.945527,37.301809],[-5.945563,37.301809],[-5.945599,37.301809],[-5.945599,37.301781],[-5.945634,37.301781],[-5.94567,37.301781],[-5.945706,37.301781],[-5.945706,37.301809],[-5.945742,37.301809],[-5.945778,37.301809],[-5.945814,37.301809],[-5.94585,37.301809],[-5.945886,37.301809],[-5.945922,37.301809],[-5.945958,37.301809],[-5.945994,37.301781],[-5.94603,37.301781],[-5.946066,37.301781],[-5.946102,37.301781],[-5.946102,37.301752],[-5.946138,37.301752],[-5.946138,37.301723],[-5.946173,37.301723],[-5.946173,37.301695],[-5.946173,37.301666],[-5.946209,37.301666],[-5.946209,37.301638],[-5.946245,37.301638],[-5.946245,37.301609],[-5.946245,37.30158],[-5.946281,37.30158],[-5.946281,37.301552],[-5.946317,37.301552],[-5.946317,37.301523],[-5.946353,37.301523],[-5.946389,37.301523],[-5.946425,37.301523],[-5.946425,37.301495],[-5.946425,37.301466],[-5.946461,37.301466],[-5.946461,37.301438],[-5.946497,37.301438],[-5.946497,37.301409],[-5.946533,37.30138],[-5.946569,37.301323],[-5.946569,37.301295],[-5.946605,37.301295],[-5.946605,37.301266],[-5.946605,37.301237],[-5.946605,37.301209],[-5.946641,37.301209],[-5.946641,37.30118],[-5.946677,37.30118],[-5.946677,37.301152],[-5.946677,37.301123],[-5.946677,37.301095],[-5.946712,37.301095],[-5.946712,37.301066],[-5.946712,37.301037],[-5.946712,37.301009],[-5.946748,37.301009],[-5.946748,37.30098],[-5.946748,37.300952],[-5.946784,37.300923],[-5.946784,37.300894],[-5.94682,37.300894],[-5.946856,37.300923],[-5.946856,37.300952],[-5.946892,37.300952],[-5.946892,37.30098],[-5.946928,37.30098],[-5.946964,37.30098],[-5.946964,37.300952],[-5.946964,37.300923],[-5.946964,37.300894],[-5.946928,37.300894],[-5.946928,37.300866],[-5.946892,37.300866],[-5.946892,37.300837],[-5.946892,37.300809],[-5.946928,37.300809],[-5.946928,37.30078],[-5.946928,37.300752],[-5.946928,37.300723],[-5.946928,37.300694],[-5.946964,37.300694],[-5.946964,37.300666],[-5.947,37.300666],[-5.947036,37.300666],[-5.947036,37.300637],[-5.947072,37.300637],[-5.947072,37.300609],[-5.947108,37.300609],[-5.947108,37.30058],[-5.947108,37.300551],[-5.947108,37.300523],[-5.947108,37.300494],[-5.947144,37.300494],[-5.947144,37.300466],[-5.947144,37.300437],[-5.94718,37.300437],[-5.94718,37.300409],[-5.94718,37.30038],[-5.947215,37.30038],[-5.947215,37.300351],[-5.947251,37.300351],[-5.947251,37.300323],[-5.947287,37.300294],[-5.947287,37.300266],[-5.947287,37.300237],[-5.947287,37.300208],[-5.947287,37.30018],[-5.947287,37.300151],[-5.947323,37.300151],[-5.947323,37.300123],[-5.947323,37.300094],[-5.947323,37.300066],[-5.947359,37.300066],[-5.947359,37.300037],[-5.947395,37.300037],[-5.947431,37.300037],[-5.947431,37.300008],[-5.947467,37.300008],[-5.947467,37.29998],[-5.947503,37.29998],[-5.947539,37.29998],[-5.947539,37.299951],[-5.947575,37.299951],[-5.947611,37.299951],[-5.947611,37.299923],[-5.947647,37.299923],[-5.947683,37.299923],[-5.947683,37.299894],[-5.947647,37.299894],[-5.947647,37.299865],[-5.947683,37.299865],[-5.947719,37.299865],[-5.947683,37.299837],[-5.947647,37.299837],[-5.947647,37.299808],[-5.947647,37.29978],[-5.947647,37.299751],[-5.947611,37.299723],[-5.947611,37.299694],[-5.947647,37.299694]]],[[[-5.958642,37.299437],[-5.958678,37.299465],[-5.958642,37.299465],[-5.958606,37.299465],[-5.958606,37.299437],[-5.958642,37.299437]]],[[[-5.958534,37.29938],[-5.95857,37.299408],[-5.958606,37.299437],[-5.95857,37.299437],[-5.958534,37.299437],[-5.958534,37.299408],[-5.958498,37.299408],[-5.958498,37.29938],[-5.958534,37.29938]]],[[[-5.958498,37.299351],[-5.958498,37.29938],[-5.958462,37.29938],[-5.958426,37.299351],[-5.958462,37.299351],[-5.958498,37.299351]]],[[[-5.958319,37.299065],[-5.958355,37.299094],[-5.958319,37.299094],[-5.958283,37.299065],[-5.958319,37.299065]]],[[[-5.958283,37.299037],[-5.958283,37.299065],[-5.958247,37.299065],[-5.958247,37.299037],[-5.958283,37.299037]]],[[[-5.948509,37.298808],[-5.948509,37.298836],[-5.948545,37.298836],[-5.948581,37.298836],[-5.948581,37.298865],[-5.948617,37.298865],[-5.948617,37.298894],[-5.948653,37.298894],[-5.948689,37.298922],[-5.948689,37.298951],[-5.948725,37.298951],[-5.948761,37.298951],[-5.948761,37.298979],[-5.948797,37.298979],[-5.948797,37.299008],[-5.948832,37.299037],[-5.948868,37.299037],[-5.948904,37.299065],[-5.94894,37.299094],[-5.948976,37.299094],[-5.948976,37.299151],[-5.948976,37.299179],[-5.949084,37.299151],[-5.949156,37.299179],[-5.94912,37.299265],[-5.949156,37.299265],[-5.949228,37.299265],[-5.949228,37.299294],[-5.949264,37.299294],[-5.949336,37.299351],[-5.949371,37.29938],[-5.949407,37.299408],[-5.949443,37.299408],[-5.949479,37.299437],[-5.949515,37.299465],[-5.949587,37.299494],[-5.949587,37.299522],[-5.949623,37.299522],[-5.949659,37.299551],[-5.949695,37.299551],[-5.949695,37.29958],[-5.949695,37.299608],[-5.949695,37.299637],[-5.949731,37.299637],[-5.949731,37.299665],[-5.949767,37.299665],[-5.949767,37.299694],[-5.949803,37.299694],[-5.949839,37.299723],[-5.949875,37.299723],[-5.949875,37.299751],[-5.949875,37.29978],[-5.949839,37.29978],[-5.949839,37.299808],[-5.949839,37.299837],[-5.949875,37.299837],[-5.949875,37.299865],[-5.94991,37.299865],[-5.94991,37.299894],[-5.94991,37.299923],[-5.94991,37.299951],[-5.949875,37.299951],[-5.949839,37.299951],[-5.949803,37.29998],[-5.949767,37.29998],[-5.949731,37.29998],[-5.949731,37.299951],[-5.949767,37.299951],[-5.949803,37.299951],[-5.949803,37.299923],[-5.949767,37.299923],[-5.949767,37.299894],[-5.949731,37.299894],[-5.949695,37.299894],[-5.949659,37.299894],[-5.949623,37.299923],[-5.949587,37.299923],[-5.949551,37.299923],[-5.949551,37.299951],[-5.949515,37.299951],[-5.949515,37.29998],[-5.949515,37.300008],[-5.949479,37.300008],[-5.949479,37.300037],[-5.949443,37.300037],[-5.949443,37.300066],[-5.949407,37.300094],[-5.949407,37.300123],[-5.949371,37.300123],[-5.949371,37.300151],[-5.949371,37.30018],[-5.949336,37.30018],[-5.949336,37.300151],[-5.949336,37.300123],[-5.949336,37.300094],[-5.949371,37.300094],[-5.949371,37.300066],[-5.949336,37.300037],[-5.949371,37.300037],[-5.949371,37.300008],[-5.949336,37.300008],[-5.949336,37.29998],[-5.9493,37.299923],[-5.949228,37.299837],[-5.949228,37.299808],[-5.949192,37.299751],[-5.949156,37.299751],[-5.949156,37.299723],[-5.94912,37.299723],[-5.94912,37.299751],[-5.949084,37.299751],[-5.94912,37.29978],[-5.94912,37.299808],[-5.94912,37.299837],[-5.94912,37.299865],[-5.94912,37.299894],[-5.949156,37.299894],[-5.949156,37.299923],[-5.949156,37.299951],[-5.949156,37.29998],[-5.94912,37.29998],[-5.94912,37.300008],[-5.94912,37.300037],[-5.94912,37.300066],[-5.949084,37.300094],[-5.949084,37.300123],[-5.949084,37.300151],[-5.949048,37.300151],[-5.949012,37.300151],[-5.948976,37.300151],[-5.948976,37.300123],[-5.94894,37.300123],[-5.94894,37.300094],[-5.948904,37.300094],[-5.948904,37.300066],[-5.948868,37.300066],[-5.948832,37.300066],[-5.948797,37.300037],[-5.948761,37.300008],[-5.948761,37.29998],[-5.948725,37.29998],[-5.948689,37.299951],[-5.948653,37.299951],[-5.948653,37.299923],[-5.948617,37.299923],[-5.948581,37.299894],[-5.948581,37.299865],[-5.948545,37.299865],[-5.948545,37.299837],[-5.948545,37.299808],[-5.948581,37.29978],[-5.948581,37.299751],[-5.948617,37.299723],[-5.948617,37.299694],[-5.948617,37.299665],[-5.948581,37.299665],[-5.948545,37.299665],[-5.948545,37.299694],[-5.948509,37.299694],[-5.948473,37.299694],[-5.948473,37.299723],[-5.948437,37.299723],[-5.948401,37.299723],[-5.948365,37.299723],[-5.948329,37.299694],[-5.948293,37.299694],[-5.948293,37.299723],[-5.948258,37.299723],[-5.948222,37.299723],[-5.948186,37.299665],[-5.948186,37.299637],[-5.948186,37.299608],[-5.948222,37.299608],[-5.948222,37.29958],[-5.948258,37.29958],[-5.948258,37.299551],[-5.948293,37.299551],[-5.948329,37.299551],[-5.948365,37.299522],[-5.948401,37.299522],[-5.948437,37.299522],[-5.948437,37.299494],[-5.948437,37.299465],[-5.948473,37.299465],[-5.948509,37.299465],[-5.948545,37.299437],[-5.948581,37.299408],[-5.948617,37.299408],[-5.948617,37.29938],[-5.948653,37.29938],[-5.948653,37.299351],[-5.948689,37.299351],[-5.948725,37.299351],[-5.948761,37.299351],[-5.948761,37.299322],[-5.948797,37.299322],[-5.948832,37.299294],[-5.948832,37.299265],[-5.948797,37.299237],[-5.948797,37.299208],[-5.948761,37.299208],[-5.948761,37.299179],[-5.948761,37.299151],[-5.948761,37.299122],[-5.948725,37.299094],[-5.948725,37.299065],[-5.948689,37.299065],[-5.948653,37.299037],[-5.948617,37.299037],[-5.948617,37.299008],[-5.948617,37.298979],[-5.948581,37.298951],[-5.948581,37.298922],[-5.948545,37.298922],[-5.948545,37.298894],[-5.948509,37.298865],[-5.948473,37.298865],[-5.948473,37.298836],[-5.948473,37.298808],[-5.948509,37.298808]]],[[[-5.949767,37.297865],[-5.949767,37.297893],[-5.949767,37.297922],[-5.949731,37.297893],[-5.949731,37.297865],[-5.949767,37.297865]]],[[[-5.955911,37.295892],[-5.955947,37.295892],[-5.955983,37.295892],[-5.955983,37.295921],[-5.956019,37.295921],[-5.956019,37.295949],[-5.956019,37.295978],[-5.956019,37.296007],[-5.956019,37.296035],[-5.956019,37.296064],[-5.956019,37.296092],[-5.956055,37.296092],[-5.956055,37.296121],[-5.956091,37.296121],[-5.956127,37.296121],[-5.956127,37.29615],[-5.956163,37.29615],[-5.956199,37.29615],[-5.956235,37.29615],[-5.956235,37.296178],[-5.956271,37.296178],[-5.956306,37.296178],[-5.956342,37.296207],[-5.956378,37.296207],[-5.956414,37.296207],[-5.95645,37.296207],[-5.956522,37.296235],[-5.956558,37.296235],[-5.956594,37.296235],[-5.95663,37.296235],[-5.95663,37.296264],[-5.956666,37.296264],[-5.956702,37.296264],[-5.956738,37.296264],[-5.956809,37.296264],[-5.956845,37.296264],[-5.956845,37.296292],[-5.956881,37.296292],[-5.956917,37.296292],[-5.956953,37.296292],[-5.956953,37.296321],[-5.956953,37.29635],[-5.956953,37.296378],[-5.956953,37.296407],[-5.956953,37.296435],[-5.956953,37.296464],[-5.956917,37.296464],[-5.956917,37.296493],[-5.956953,37.296493],[-5.956953,37.296521],[-5.956989,37.296521],[-5.956989,37.29655],[-5.957025,37.29655],[-5.957061,37.296578],[-5.957097,37.296607],[-5.957133,37.296607],[-5.957169,37.296607],[-5.957205,37.296607],[-5.957241,37.296635],[-5.957277,37.296635],[-5.957313,37.296635],[-5.957348,37.296635],[-5.957384,37.296635],[-5.95742,37.296635],[-5.95742,37.296664],[-5.957456,37.296664],[-5.957456,37.296693],[-5.957492,37.296721],[-5.957528,37.29675],[-5.957564,37.29675],[-5.9576,37.296778],[-5.9576,37.296807],[-5.957636,37.296807],[-5.957636,37.296836],[-5.957672,37.296836],[-5.957672,37.296864],[-5.957708,37.296864],[-5.957744,37.296893],[-5.95778,37.296893],[-5.95778,37.296921],[-5.957852,37.29695],[-5.957887,37.296979],[-5.957923,37.297007],[-5.957959,37.297007],[-5.957959,37.297036],[-5.957995,37.297036],[-5.958031,37.297064],[-5.958067,37.297064],[-5.958103,37.297064],[-5.958139,37.297064],[-5.958175,37.297064],[-5.958211,37.297036],[-5.958247,37.297036],[-5.958283,37.297036],[-5.958319,37.297036],[-5.958355,37.297036],[-5.958391,37.297007],[-5.958426,37.297007],[-5.958462,37.297007],[-5.958498,37.297007],[-5.958534,37.297007],[-5.95857,37.297007],[-5.958606,37.297007],[-5.958642,37.297007],[-5.958642,37.297036],[-5.958678,37.297036],[-5.958714,37.297036],[-5.95875,37.297036],[-5.958822,37.297036],[-5.958858,37.297036],[-5.958894,37.297036],[-5.95893,37.297036],[-5.959001,37.297036],[-5.959037,37.297036],[-5.959073,37.297036],[-5.959109,37.297007],[-5.959145,37.297007],[-5.959181,37.297007],[-5.959181,37.296979],[-5.959217,37.296979],[-5.959253,37.296979],[-5.959325,37.296979],[-5.959361,37.296979],[-5.959397,37.29695],[-5.959433,37.29695],[-5.959504,37.29695],[-5.95954,37.29695],[-5.959612,37.296921],[-5.959648,37.296921],[-5.959684,37.296921],[-5.95972,37.296921],[-5.959756,37.296921],[-5.959828,37.296893],[-5.959864,37.296893],[-5.9599,37.296893],[-5.959936,37.296893],[-5.959972,37.296893],[-5.960007,37.296921],[-5.960043,37.296921],[-5.960115,37.29695],[-5.960151,37.29695],[-5.960187,37.29695],[-5.960187,37.296979],[-5.960223,37.296979],[-5.960259,37.296979],[-5.960295,37.296979],[-5.960295,37.297007],[-5.960295,37.297036],[-5.960331,37.297036],[-5.960331,37.297064],[-5.960331,37.297093],[-5.960367,37.297093],[-5.960367,37.297121],[-5.960403,37.297121],[-5.960439,37.297121],[-5.960439,37.29715],[-5.960475,37.29715],[-5.960511,37.29715],[-5.960546,37.297179],[-5.960582,37.297179],[-5.960618,37.297179],[-5.960654,37.297179],[-5.96069,37.297179],[-5.960726,37.297179],[-5.960762,37.297179],[-5.960798,37.297179],[-5.96087,37.297179],[-5.960906,37.297179],[-5.960906,37.297207],[-5.960942,37.297207],[-5.960978,37.297207],[-5.961014,37.297207],[-5.96105,37.297207],[-5.961085,37.297207],[-5.961085,37.297236],[-5.961121,37.297236],[-5.961157,37.297236],[-5.961157,37.297264],[-5.961193,37.297264],[-5.961193,37.297293],[-5.961229,37.297293],[-5.961229,37.297322],[-5.961265,37.297322],[-5.961265,37.29735],[-5.961301,37.29735],[-5.961301,37.297379],[-5.961337,37.297379],[-5.961337,37.297407],[-5.961409,37.297464],[-5.961445,37.297493],[-5.961481,37.297493],[-5.961481,37.297522],[-5.961517,37.297522],[-5.961517,37.29755],[-5.961553,37.29755],[-5.961589,37.297579],[-5.961589,37.297607],[-5.961624,37.297607],[-5.961624,37.297636],[-5.96166,37.297636],[-5.96166,37.297665],[-5.961696,37.297665],[-5.961732,37.297665],[-5.961768,37.297665],[-5.961804,37.297693],[-5.96184,37.297693],[-5.96184,37.297722],[-5.961876,37.297722],[-5.961948,37.297722],[-5.961984,37.297722],[-5.96202,37.29775],[-5.962056,37.29775],[-5.962092,37.29775],[-5.962092,37.297722],[-5.962128,37.297722],[-5.962163,37.297722],[-5.962199,37.297722],[-5.962235,37.297722],[-5.962271,37.297722],[-5.962307,37.297722],[-5.962307,37.29775],[-5.962343,37.29775],[-5.962343,37.297779],[-5.962379,37.297779],[-5.962415,37.297779],[-5.962451,37.297779],[-5.962487,37.297807],[-5.962523,37.297807],[-5.962559,37.297807],[-5.962595,37.297807],[-5.962631,37.297807],[-5.962631,37.297836],[-5.962667,37.297836],[-5.962702,37.297836],[-5.96281,37.297836],[-5.962846,37.297836],[-5.962882,37.297836],[-5.962918,37.297865],[-5.962954,37.297865],[-5.96299,37.297865],[-5.96299,37.297893],[-5.963026,37.297893],[-5.963062,37.297893],[-5.963098,37.297865],[-5.963134,37.297865],[-5.96317,37.297865],[-5.96317,37.297893],[-5.963206,37.297893],[-5.963241,37.297893],[-5.963277,37.297893],[-5.963277,37.297922],[-5.963313,37.297922],[-5.963349,37.297922],[-5.963385,37.297922],[-5.963421,37.297922],[-5.963421,37.29795],[-5.963457,37.29795],[-5.963493,37.29795],[-5.963529,37.29795],[-5.963565,37.29795],[-5.963601,37.29795],[-5.963637,37.29795],[-5.963637,37.297979],[-5.963673,37.297979],[-5.963709,37.297979],[-5.963744,37.297979],[-5.96378,37.297979],[-5.963852,37.297979],[-5.963888,37.297979],[-5.963888,37.298008],[-5.963924,37.298008],[-5.96396,37.298008],[-5.963996,37.298008],[-5.964032,37.298008],[-5.964068,37.298008],[-5.964104,37.298008],[-5.964104,37.298036],[-5.964176,37.298036],[-5.964212,37.298036],[-5.964212,37.298065],[-5.964176,37.298093],[-5.964176,37.298122],[-5.964176,37.29815],[-5.964212,37.29815],[-5.964212,37.298179],[-5.964248,37.298179],[-5.964283,37.298208],[-5.964319,37.298208],[-5.964355,37.298208],[-5.964355,37.298236],[-5.964355,37.298265],[-5.964391,37.298265],[-5.964391,37.298293],[-5.964427,37.298322],[-5.964463,37.298322],[-5.964463,37.298351],[-5.964499,37.298351],[-5.964535,37.298351],[-5.964571,37.298379],[-5.964607,37.298379],[-5.964643,37.298379],[-5.964679,37.298379],[-5.964679,37.298351],[-5.964715,37.298351],[-5.964751,37.298351],[-5.964751,37.298322],[-5.964787,37.298322],[-5.964787,37.298351],[-5.964822,37.298351],[-5.964822,37.298322],[-5.964787,37.298322],[-5.964787,37.298293],[-5.964751,37.298293],[-5.964787,37.298265],[-5.964822,37.298265],[-5.964858,37.298265],[-5.964894,37.298265],[-5.96493,37.298265],[-5.964966,37.298265],[-5.965002,37.298293],[-5.965038,37.298293],[-5.965038,37.298322],[-5.965074,37.298293],[-5.96511,37.298293],[-5.96511,37.298265],[-5.965146,37.298265],[-5.965182,37.298236],[-5.965218,37.298236],[-5.965254,37.298236],[-5.96529,37.298236],[-5.965326,37.298236],[-5.965361,37.298236],[-5.965397,37.298236],[-5.965433,37.298236],[-5.965505,37.298265],[-5.965541,37.298265],[-5.965577,37.298265],[-5.965613,37.298265],[-5.965649,37.298265],[-5.965685,37.298265],[-5.965721,37.298265],[-5.965757,37.298265],[-5.965793,37.298265],[-5.965829,37.298236],[-5.965865,37.298236],[-5.965865,37.298265],[-5.9659,37.298265],[-5.965936,37.298265],[-5.965972,37.298236],[-5.966008,37.298236],[-5.966044,37.298236],[-5.96608,37.298236],[-5.966116,37.298236],[-5.966116,37.298208],[-5.96608,37.298208],[-5.96608,37.298179],[-5.966044,37.298179],[-5.966044,37.29815],[-5.966008,37.298122],[-5.965972,37.298093],[-5.965972,37.298065],[-5.965936,37.298036],[-5.965936,37.298008],[-5.9659,37.298008],[-5.9659,37.297979],[-5.965936,37.29795],[-5.965972,37.29795],[-5.966008,37.29795],[-5.966008,37.297922],[-5.966008,37.297893],[-5.966008,37.297865],[-5.966008,37.297836],[-5.966008,37.297807],[-5.966008,37.297779],[-5.966008,37.29775],[-5.966044,37.29775],[-5.966044,37.297722],[-5.966044,37.297693],[-5.966044,37.297665],[-5.966044,37.297636],[-5.96608,37.297636],[-5.966116,37.297636],[-5.966152,37.297636],[-5.966224,37.297636],[-5.96626,37.297636],[-5.966296,37.297665],[-5.966332,37.297665],[-5.966368,37.297665],[-5.966404,37.297665],[-5.966439,37.297665],[-5.966475,37.297665],[-5.966511,37.297665],[-5.966547,37.297693],[-5.966583,37.297693],[-5.966655,37.297693],[-5.966655,37.297722],[-5.966691,37.297722],[-5.966727,37.297722],[-5.966763,37.297722],[-5.966799,37.297722],[-5.966871,37.29775],[-5.966907,37.29775],[-5.966942,37.29775],[-5.966978,37.29775],[-5.967014,37.29775],[-5.96705,37.29775],[-5.967086,37.29775],[-5.967122,37.297779],[-5.967158,37.297779],[-5.967194,37.297779],[-5.96723,37.297779],[-5.967266,37.297779],[-5.967266,37.297807],[-5.967302,37.297807],[-5.967338,37.297807],[-5.967338,37.297836],[-5.967374,37.297836],[-5.967374,37.297865],[-5.96741,37.297865],[-5.96741,37.297893],[-5.967374,37.297893],[-5.967374,37.297922],[-5.967338,37.29795],[-5.967302,37.297979],[-5.967338,37.297979],[-5.967374,37.298008],[-5.967374,37.298036],[-5.967338,37.298036],[-5.967338,37.298065],[-5.967338,37.298093],[-5.967302,37.298122],[-5.967302,37.29815],[-5.967302,37.298179],[-5.967302,37.298208],[-5.967302,37.298236],[-5.967338,37.298265],[-5.967338,37.298293],[-5.967338,37.298322],[-5.967374,37.298322],[-5.96741,37.298322],[-5.967446,37.298293],[-5.967481,37.298293],[-5.967481,37.298322],[-5.967481,37.298351],[-5.967481,37.298379],[-5.967481,37.298408],[-5.967481,37.298436],[-5.967517,37.298436],[-5.967553,37.298408],[-5.967589,37.298408],[-5.967625,37.298408],[-5.967625,37.298436],[-5.967589,37.298465],[-5.967589,37.298493],[-5.967553,37.298493],[-5.967517,37.298493],[-5.967481,37.298493],[-5.967481,37.298465],[-5.967446,37.298465],[-5.96741,37.298465],[-5.96741,37.298493],[-5.967374,37.298493],[-5.967338,37.298493],[-5.967338,37.298522],[-5.967374,37.298522],[-5.967374,37.298551],[-5.96741,37.298551],[-5.967446,37.298579],[-5.967446,37.298608],[-5.967481,37.298608],[-5.967517,37.298608],[-5.967553,37.298608],[-5.967553,37.298636],[-5.967589,37.298636],[-5.967625,37.298636],[-5.967625,37.298665],[-5.967661,37.298665],[-5.967697,37.298665],[-5.967697,37.298694],[-5.967733,37.298694],[-5.967769,37.298694],[-5.967769,37.298665],[-5.967805,37.298665],[-5.967805,37.298694],[-5.967805,37.298722],[-5.967805,37.298751],[-5.967841,37.298751],[-5.967841,37.298779],[-5.967841,37.298808],[-5.967841,37.298836],[-5.967877,37.298836],[-5.967913,37.298836],[-5.967913,37.298865],[-5.967949,37.298865],[-5.967985,37.298865],[-5.967985,37.298836],[-5.96802,37.298836],[-5.968056,37.298865],[-5.968092,37.298894],[-5.968128,37.298894],[-5.968128,37.298922],[-5.968164,37.298922],[-5.968164,37.298951],[-5.968164,37.298979],[-5.968128,37.298979],[-5.968128,37.299008],[-5.968128,37.299037],[-5.968128,37.299065],[-5.968164,37.299065],[-5.968164,37.299094],[-5.9682,37.299094],[-5.968236,37.299094],[-5.968236,37.299122],[-5.968272,37.299122],[-5.968272,37.299151],[-5.968308,37.299151],[-5.968308,37.299179],[-5.968344,37.299179],[-5.96838,37.299208],[-5.968416,37.299208],[-5.968416,37.299237],[-5.968452,37.299237],[-5.968452,37.299265],[-5.968488,37.299265],[-5.968488,37.299294],[-5.968524,37.299294],[-5.968559,37.299294],[-5.968559,37.299265],[-5.968595,37.299265],[-5.968631,37.299265],[-5.968667,37.299265],[-5.968703,37.299265],[-5.968703,37.299294],[-5.968739,37.299294],[-5.968739,37.299322],[-5.968775,37.299322],[-5.968775,37.299351],[-5.968739,37.29938],[-5.968739,37.299408],[-5.968739,37.299437],[-5.968775,37.299465],[-5.968775,37.299494],[-5.968811,37.299494],[-5.968811,37.299522],[-5.968847,37.299522],[-5.968883,37.299551],[-5.968919,37.299551],[-5.968955,37.29958],[-5.968991,37.29958],[-5.968991,37.299608],[-5.969027,37.299637],[-5.969063,37.299637],[-5.969098,37.299637],[-5.969134,37.299637],[-5.96917,37.299637],[-5.969206,37.299637],[-5.969242,37.299637],[-5.969278,37.299637],[-5.969314,37.299637],[-5.969314,37.299665],[-5.96935,37.299665],[-5.96935,37.299694],[-5.969386,37.299694],[-5.969386,37.299723],[-5.969422,37.299751],[-5.969458,37.299751],[-5.969494,37.299751],[-5.96953,37.299751],[-5.96953,37.29978],[-5.969566,37.29978],[-5.969566,37.299808],[-5.969602,37.299808],[-5.969637,37.299808],[-5.969673,37.299808],[-5.969673,37.299837],[-5.969709,37.299837],[-5.969709,37.299865],[-5.969709,37.299894],[-5.969745,37.299894],[-5.969745,37.299923],[-5.969781,37.299923],[-5.969817,37.299923],[-5.969853,37.299923],[-5.969853,37.299951],[-5.969817,37.299951],[-5.969817,37.29998],[-5.969781,37.300008],[-5.969745,37.29998],[-5.969709,37.29998],[-5.969709,37.300008],[-5.969745,37.300008],[-5.969745,37.300037],[-5.969781,37.300037],[-5.969781,37.300066],[-5.969817,37.300066],[-5.969853,37.300066],[-5.969889,37.300037],[-5.969925,37.300037],[-5.969961,37.300037],[-5.969997,37.300037],[-5.970033,37.300037],[-5.970069,37.300008],[-5.970105,37.300008],[-5.970105,37.29998],[-5.97014,37.29998],[-5.97014,37.300008],[-5.970176,37.300008],[-5.970212,37.300008],[-5.970212,37.300037],[-5.970176,37.300037],[-5.970176,37.300066],[-5.97014,37.300066],[-5.97014,37.300094],[-5.970105,37.300094],[-5.970069,37.300094],[-5.970033,37.300094],[-5.970033,37.300123],[-5.970069,37.300123],[-5.970069,37.300151],[-5.970105,37.300151],[-5.97014,37.300123],[-5.970176,37.300123],[-5.970176,37.300151],[-5.970212,37.300151],[-5.970212,37.30018],[-5.970248,37.30018],[-5.970248,37.300151],[-5.970248,37.300123],[-5.970284,37.300123],[-5.970284,37.300094],[-5.97032,37.300094],[-5.970356,37.300094],[-5.970392,37.300094],[-5.970392,37.300123],[-5.970428,37.300123],[-5.970428,37.300151],[-5.970428,37.30018],[-5.970464,37.30018],[-5.970464,37.300208],[-5.9705,37.300208],[-5.9705,37.300237],[-5.970536,37.300237],[-5.970572,37.300237],[-5.970572,37.300266],[-5.970572,37.300294],[-5.970572,37.300323],[-5.970608,37.300323],[-5.970644,37.300323],[-5.970679,37.300323],[-5.970679,37.300351],[-5.970679,37.30038],[-5.970715,37.30038],[-5.970715,37.300351],[-5.970751,37.300351],[-5.970787,37.300351],[-5.970787,37.30038],[-5.970823,37.30038],[-5.970823,37.300409],[-5.970823,37.300437],[-5.970823,37.300466],[-5.970859,37.300466],[-5.970859,37.300494],[-5.970895,37.300523],[-5.970931,37.300523],[-5.970931,37.300551],[-5.970931,37.30058],[-5.970931,37.300609],[-5.970931,37.300637],[-5.970895,37.300637],[-5.970859,37.300637],[-5.970859,37.300666],[-5.970859,37.300694],[-5.970859,37.300723],[-5.970895,37.300723],[-5.970895,37.300752],[-5.970931,37.300752],[-5.970931,37.30078],[-5.970967,37.30078],[-5.970967,37.300809],[-5.971003,37.300809],[-5.971039,37.300809],[-5.971075,37.300809],[-5.971111,37.300809],[-5.971111,37.300837],[-5.971111,37.300866],[-5.971147,37.300866],[-5.971147,37.300894],[-5.971183,37.300894],[-5.971183,37.300923],[-5.971218,37.300923],[-5.971254,37.300952],[-5.971254,37.30098],[-5.97129,37.30098],[-5.971326,37.301009],[-5.971362,37.301037],[-5.971398,37.301037],[-5.971398,37.301066],[-5.971434,37.301066],[-5.971434,37.301095],[-5.97147,37.301095],[-5.971506,37.301095],[-5.971542,37.301095],[-5.971542,37.301066],[-5.971578,37.301066],[-5.971578,37.301037],[-5.971614,37.301009],[-5.971614,37.30098],[-5.97165,37.300952],[-5.97165,37.300923],[-5.971686,37.300923],[-5.971686,37.300894],[-5.971722,37.300894],[-5.971722,37.300866],[-5.971757,37.300837],[-5.971793,37.300809],[-5.971793,37.30078],[-5.971829,37.30078],[-5.971829,37.300752],[-5.971865,37.300752],[-5.971865,37.300723],[-5.971901,37.300723],[-5.971937,37.300694],[-5.971973,37.300694],[-5.971973,37.300723],[-5.972009,37.300723],[-5.972045,37.300723],[-5.972045,37.300752],[-5.972081,37.300752],[-5.972117,37.300752],[-5.972117,37.30078],[-5.972153,37.30078],[-5.972189,37.30078],[-5.972189,37.300809],[-5.972189,37.300837],[-5.972225,37.300837],[-5.972225,37.300866],[-5.972261,37.300866],[-5.972296,37.300866],[-5.972332,37.300894],[-5.972368,37.300894],[-5.972404,37.300894],[-5.97244,37.300894],[-5.972476,37.300894],[-5.972548,37.300923],[-5.972584,37.300923],[-5.97262,37.300923],[-5.972656,37.300923],[-5.972692,37.300894],[-5.972728,37.300894],[-5.972764,37.300894],[-5.9728,37.300894],[-5.972835,37.300894],[-5.972871,37.300923],[-5.972907,37.300923],[-5.972943,37.300923],[-5.972979,37.300923],[-5.972979,37.300952],[-5.973015,37.300952],[-5.973051,37.30098],[-5.973087,37.30098],[-5.973123,37.301009],[-5.973159,37.301037],[-5.973195,37.301037],[-5.973231,37.301037],[-5.973231,37.301066],[-5.973267,37.301066],[-5.973303,37.301066],[-5.973303,37.301095],[-5.973338,37.301095],[-5.973374,37.301123],[-5.97341,37.301123],[-5.973446,37.301152],[-5.973482,37.301152],[-5.973518,37.301152],[-5.973518,37.30118],[-5.973554,37.30118],[-5.97359,37.30118],[-5.973626,37.30118],[-5.973626,37.301209],[-5.973662,37.301237],[-5.973698,37.301237],[-5.973734,37.301237],[-5.973734,37.301266],[-5.97377,37.301266],[-5.973806,37.301266],[-5.973842,37.301266],[-5.973877,37.301295],[-5.973913,37.301323],[-5.973949,37.301352],[-5.973985,37.301352],[-5.973985,37.30138],[-5.974021,37.30138],[-5.974057,37.301409],[-5.974057,37.301438],[-5.974093,37.301438],[-5.974093,37.301466],[-5.974129,37.301495],[-5.974165,37.301495],[-5.974165,37.301523],[-5.974165,37.301552],[-5.974201,37.301552],[-5.974237,37.301552],[-5.974273,37.301552],[-5.974309,37.301552],[-5.974381,37.30158],[-5.974416,37.30158],[-5.974452,37.30158],[-5.974452,37.301609],[-5.974488,37.301609],[-5.974524,37.301609],[-5.974524,37.301638],[-5.97456,37.301638],[-5.97456,37.301666],[-5.974596,37.301666],[-5.974632,37.301695],[-5.974668,37.301723],[-5.974704,37.301723],[-5.974704,37.301752],[-5.974776,37.301809],[-5.974812,37.301838],[-5.974848,37.301838],[-5.974848,37.301866],[-5.974884,37.301866],[-5.97492,37.301866],[-5.974955,37.301895],[-5.974991,37.301895],[-5.974991,37.301923],[-5.975027,37.301923],[-5.975063,37.301952],[-5.975063,37.301981],[-5.975099,37.301981],[-5.975099,37.302009],[-5.975135,37.302009],[-5.975135,37.302038],[-5.975171,37.302038],[-5.975207,37.302038],[-5.975243,37.302066],[-5.975279,37.302066],[-5.975279,37.302095],[-5.975315,37.302095],[-5.975351,37.302095],[-5.975387,37.302095],[-5.975387,37.302124],[-5.975423,37.302124],[-5.97553,37.302152],[-5.975566,37.302152],[-5.975602,37.302181],[-5.975638,37.302181],[-5.975638,37.302209],[-5.975674,37.302209],[-5.97571,37.302266],[-5.975782,37.302324],[-5.975818,37.302324],[-5.975818,37.302352],[-5.975854,37.302352],[-5.97589,37.302409],[-5.975926,37.302438],[-5.975962,37.302467],[-5.975962,37.302495],[-5.975998,37.302495],[-5.975998,37.302524],[-5.976033,37.302552],[-5.976033,37.302581],[-5.976069,37.302581],[-5.976069,37.302609],[-5.976069,37.302638],[-5.976105,37.302638],[-5.976105,37.302667],[-5.976105,37.302695],[-5.976141,37.302695],[-5.976141,37.302724],[-5.976141,37.302752],[-5.976141,37.302781],[-5.976141,37.30281],[-5.976141,37.302838],[-5.976141,37.302867],[-5.976141,37.302895],[-5.976141,37.302924],[-5.976141,37.302952],[-5.976141,37.302981],[-5.976105,37.302981],[-5.976105,37.30301],[-5.976069,37.303095],[-5.976033,37.303095],[-5.976033,37.303124],[-5.976033,37.303153],[-5.976033,37.303181],[-5.976033,37.30321],[-5.976033,37.303238],[-5.975998,37.303238],[-5.975998,37.303267],[-5.975998,37.303295],[-5.975998,37.303324],[-5.975998,37.303353],[-5.976033,37.303353],[-5.976033,37.303381],[-5.976105,37.30341],[-5.976105,37.303438],[-5.976141,37.303438],[-5.976141,37.303467],[-5.976141,37.303496],[-5.976141,37.303524],[-5.976177,37.303524],[-5.976177,37.303553],[-5.976177,37.303581],[-5.976213,37.303581],[-5.976249,37.303581],[-5.976249,37.30361],[-5.976285,37.30361],[-5.976285,37.303638],[-5.976321,37.303638],[-5.976357,37.303638],[-5.976357,37.30361],[-5.976393,37.30361],[-5.976393,37.303581],[-5.976429,37.303581],[-5.976465,37.303581],[-5.976465,37.30361],[-5.976429,37.30361],[-5.976429,37.303638],[-5.976465,37.303638],[-5.976465,37.303667],[-5.976501,37.303667],[-5.976537,37.303667],[-5.976537,37.303638],[-5.976572,37.303638],[-5.976572,37.30361],[-5.976572,37.303581],[-5.976572,37.303553],[-5.976537,37.303553],[-5.976537,37.303524],[-5.976501,37.303524],[-5.976501,37.303496],[-5.976465,37.303467],[-5.976465,37.303438],[-5.976429,37.30341],[-5.976429,37.303381],[-5.976429,37.303353],[-5.976429,37.303324],[-5.976429,37.303295],[-5.976393,37.303267],[-5.976357,37.30321],[-5.976357,37.303181],[-5.976357,37.303153],[-5.976393,37.303153],[-5.976393,37.303124],[-5.976429,37.303124],[-5.976429,37.303095],[-5.976429,37.303067],[-5.976429,37.303038],[-5.976429,37.30301],[-5.976429,37.302981],[-5.976429,37.302952],[-5.976429,37.302924],[-5.976429,37.302895],[-5.976429,37.302867],[-5.976429,37.302838],[-5.976465,37.302838],[-5.976465,37.30281],[-5.976501,37.30281],[-5.976501,37.302838],[-5.976501,37.302895],[-5.976537,37.302895],[-5.976572,37.302895],[-5.976608,37.302895],[-5.976608,37.302924],[-5.976644,37.302924],[-5.976644,37.302952],[-5.976608,37.302952],[-5.976608,37.302981],[-5.976608,37.30301],[-5.976608,37.303038],[-5.976608,37.303067],[-5.976608,37.303095],[-5.976608,37.303124],[-5.976644,37.303124],[-5.976644,37.303095],[-5.976644,37.303067],[-5.976644,37.303038],[-5.97668,37.303038],[-5.97668,37.30301],[-5.976716,37.30301],[-5.976752,37.30301],[-5.976752,37.303038],[-5.976788,37.303038],[-5.976788,37.303067],[-5.976788,37.303095],[-5.976824,37.303124],[-5.976824,37.303153],[-5.976824,37.303181],[-5.976824,37.30321],[-5.976824,37.303238],[-5.976824,37.303267],[-5.976824,37.303295],[-5.97686,37.303295],[-5.97686,37.303324],[-5.976896,37.303353],[-5.976932,37.303381],[-5.976932,37.30341],[-5.976968,37.30341],[-5.976968,37.303438],[-5.977004,37.303438],[-5.97704,37.303467],[-5.977075,37.303467],[-5.977075,37.303496],[-5.977111,37.303524],[-5.977147,37.303553],[-5.977219,37.30361],[-5.977255,37.30361],[-5.977291,37.303638],[-5.977327,37.303667],[-5.977363,37.303696],[-5.977399,37.303724],[-5.977435,37.303753],[-5.977471,37.303781],[-5.977507,37.30381],[-5.977507,37.303838],[-5.977543,37.303838],[-5.977579,37.303867],[-5.977614,37.303896],[-5.977614,37.303924],[-5.97765,37.303924],[-5.97765,37.303953],[-5.977686,37.303953],[-5.977686,37.303981],[-5.977722,37.303981],[-5.977722,37.30401],[-5.977758,37.304039],[-5.977794,37.304067],[-5.977794,37.304096],[-5.977794,37.304124],[-5.977794,37.304153],[-5.97783,37.304181],[-5.977866,37.304267],[-5.977866,37.304296],[-5.977902,37.304296],[-5.977902,37.304324],[-5.977866,37.304324],[-5.977866,37.304353],[-5.977866,37.304382],[-5.977866,37.30441],[-5.977866,37.304439],[-5.977866,37.304467],[-5.977866,37.304496],[-5.977902,37.304496],[-5.977902,37.304524],[-5.977938,37.304524],[-5.977974,37.304524],[-5.977974,37.304553],[-5.97801,37.304553],[-5.97801,37.304582],[-5.978046,37.30461],[-5.978046,37.304639],[-5.978082,37.304667],[-5.978082,37.304696],[-5.978082,37.304725],[-5.978118,37.304725],[-5.978118,37.304753],[-5.978118,37.304782],[-5.978118,37.30481],[-5.978118,37.304839],[-5.978082,37.304839],[-5.978082,37.304867],[-5.978082,37.304896],[-5.978046,37.304925],[-5.978046,37.304953],[-5.978046,37.304982],[-5.97801,37.304982],[-5.97801,37.30501],[-5.97801,37.305039],[-5.97801,37.305068],[-5.977974,37.305096],[-5.977974,37.305125],[-5.977974,37.305153],[-5.977974,37.305182],[-5.97801,37.305182],[-5.97801,37.30521],[-5.97801,37.305239],[-5.977974,37.305268],[-5.977974,37.305296],[-5.977938,37.305325],[-5.977938,37.305353],[-5.977938,37.305382],[-5.977902,37.305525],[-5.977902,37.305553],[-5.977866,37.305553],[-5.977866,37.305582],[-5.977866,37.305611],[-5.977866,37.305639],[-5.97783,37.305668],[-5.97783,37.305696],[-5.97783,37.305725],[-5.97783,37.305753],[-5.977794,37.305753],[-5.977794,37.305782],[-5.977794,37.305811],[-5.977794,37.305839],[-5.977794,37.305868],[-5.977758,37.305868],[-5.977758,37.305896],[-5.977758,37.305925],[-5.977758,37.305954],[-5.977722,37.305954],[-5.977722,37.305982],[-5.977686,37.306039],[-5.977686,37.306068],[-5.977686,37.306096],[-5.97765,37.306096],[-5.97765,37.306154],[-5.97765,37.306182],[-5.977614,37.306239],[-5.977614,37.306268],[-5.977614,37.306297],[-5.977579,37.306325],[-5.977579,37.306354],[-5.977579,37.306382],[-5.977579,37.306411],[-5.977579,37.306439],[-5.977579,37.306468],[-5.977614,37.306468],[-5.977614,37.306497],[-5.97765,37.306497],[-5.977686,37.306497],[-5.977722,37.306497],[-5.977758,37.306497],[-5.977758,37.306525],[-5.977794,37.306525],[-5.977794,37.306554],[-5.977758,37.306668],[-5.977722,37.306668],[-5.977686,37.306668],[-5.977686,37.306697],[-5.97765,37.306697],[-5.97765,37.306668],[-5.97765,37.306639],[-5.977614,37.306611],[-5.977579,37.306611],[-5.977543,37.306611],[-5.977435,37.306611],[-5.977399,37.306611],[-5.977363,37.306611],[-5.977363,37.306582],[-5.977327,37.306582],[-5.977291,37.306582],[-5.977291,37.306554],[-5.977255,37.306554],[-5.977219,37.306525],[-5.977183,37.306525],[-5.977147,37.306525],[-5.977111,37.306497],[-5.977075,37.306497],[-5.97704,37.306497],[-5.97704,37.306468],[-5.976968,37.306468],[-5.976932,37.306439],[-5.976896,37.306439],[-5.976896,37.306411],[-5.97686,37.306411],[-5.976824,37.306411],[-5.976824,37.306382],[-5.976788,37.306354],[-5.976752,37.306325],[-5.976716,37.306297],[-5.97668,37.306268],[-5.976644,37.306268],[-5.976644,37.306239],[-5.976644,37.306211],[-5.976608,37.306211],[-5.976608,37.306182],[-5.976608,37.306154],[-5.976572,37.306154],[-5.976537,37.306154],[-5.976537,37.306125],[-5.976501,37.306125],[-5.976501,37.306096],[-5.976465,37.306096],[-5.976429,37.306068],[-5.976429,37.306039],[-5.976393,37.306039],[-5.976393,37.306011],[-5.976357,37.306011],[-5.976357,37.305982],[-5.976321,37.305982],[-5.976321,37.305954],[-5.976285,37.305954],[-5.976285,37.305925],[-5.976249,37.305925],[-5.976213,37.305925],[-5.976177,37.305925],[-5.976177,37.305954],[-5.976141,37.305954],[-5.976105,37.305954],[-5.976105,37.305925],[-5.976069,37.305925],[-5.976069,37.305896],[-5.976033,37.305896],[-5.976033,37.305868],[-5.976033,37.305839],[-5.976069,37.305839],[-5.976105,37.305839],[-5.976105,37.305811],[-5.976141,37.305811],[-5.976177,37.305811],[-5.976213,37.305782],[-5.976213,37.305753],[-5.976213,37.305725],[-5.976177,37.305725],[-5.976141,37.305696],[-5.976105,37.305696],[-5.976105,37.305668],[-5.976105,37.305639],[-5.976105,37.305611],[-5.976141,37.305582],[-5.976141,37.305553],[-5.976141,37.305525],[-5.976141,37.305496],[-5.976141,37.305439],[-5.976141,37.30541],[-5.976141,37.305382],[-5.976141,37.305353],[-5.976141,37.305325],[-5.976105,37.305325],[-5.976105,37.305296],[-5.976105,37.305268],[-5.976105,37.30521],[-5.976105,37.305182],[-5.976105,37.305153],[-5.976069,37.305153],[-5.976069,37.305125],[-5.976069,37.305096],[-5.976069,37.305039],[-5.976033,37.30501],[-5.976033,37.304982],[-5.976033,37.304953],[-5.976033,37.304925],[-5.976033,37.304896],[-5.975998,37.304867],[-5.975998,37.304839],[-5.975998,37.30481],[-5.975962,37.304782],[-5.975962,37.304753],[-5.975962,37.304725],[-5.975962,37.304696],[-5.975926,37.304667],[-5.975926,37.304639],[-5.975926,37.30461],[-5.975926,37.304582],[-5.975926,37.304553],[-5.97589,37.304524],[-5.97589,37.304496],[-5.97589,37.304467],[-5.97589,37.30441],[-5.975854,37.30441],[-5.975854,37.304382],[-5.975854,37.304353],[-5.975854,37.304324],[-5.975854,37.304296],[-5.975818,37.304296],[-5.975818,37.304267],[-5.975818,37.304239],[-5.975818,37.30421],[-5.975782,37.304181],[-5.975782,37.304153],[-5.975782,37.304124],[-5.975782,37.304096],[-5.975746,37.304096],[-5.975746,37.304067],[-5.975746,37.304039],[-5.975674,37.303981],[-5.975674,37.303953],[-5.975638,37.303953],[-5.975638,37.303924],[-5.975638,37.303896],[-5.975602,37.303896],[-5.975602,37.303867],[-5.975602,37.303838],[-5.975566,37.303838],[-5.975566,37.30381],[-5.97553,37.30381],[-5.97553,37.303781],[-5.97553,37.303753],[-5.975494,37.303753],[-5.975494,37.303724],[-5.975459,37.303724],[-5.975459,37.303696],[-5.975387,37.303638],[-5.975351,37.303638],[-5.975351,37.30361],[-5.975351,37.303581],[-5.975351,37.303553],[-5.975315,37.303524],[-5.975315,37.303496],[-5.975279,37.303496],[-5.975279,37.303467],[-5.975207,37.303438],[-5.975171,37.303438],[-5.975171,37.30341],[-5.975135,37.303381],[-5.975099,37.303381],[-5.975099,37.303353],[-5.975099,37.303324],[-5.975063,37.303295],[-5.975063,37.303267],[-5.975027,37.303267],[-5.975027,37.303295],[-5.974991,37.303295],[-5.974955,37.303295],[-5.974955,37.303267],[-5.97492,37.303267],[-5.97492,37.303238],[-5.974955,37.303238],[-5.974955,37.30321],[-5.974955,37.303181],[-5.974955,37.303153],[-5.97492,37.303153],[-5.97492,37.303124],[-5.974884,37.303124],[-5.974884,37.303095],[-5.974848,37.303095],[-5.974812,37.303095],[-5.974812,37.303067],[-5.974776,37.303067],[-5.974776,37.303038],[-5.97474,37.303038],[-5.97474,37.30301],[-5.974704,37.30301],[-5.974704,37.302981],[-5.974668,37.302981],[-5.974632,37.302981],[-5.974632,37.302952],[-5.974596,37.302952],[-5.974596,37.302924],[-5.974596,37.302895],[-5.97456,37.302895],[-5.97456,37.302867],[-5.974524,37.302867],[-5.974524,37.302838],[-5.974488,37.302838],[-5.974488,37.302867],[-5.974488,37.302895],[-5.974452,37.302895],[-5.974452,37.302924],[-5.974488,37.302924],[-5.974488,37.302952],[-5.974524,37.302952],[-5.97456,37.302952],[-5.97456,37.302981],[-5.97456,37.30301],[-5.97456,37.303038],[-5.974524,37.303038],[-5.974524,37.30301],[-5.974488,37.30301],[-5.974488,37.302981],[-5.974452,37.302981],[-5.974416,37.302952],[-5.974416,37.302924],[-5.974381,37.302924],[-5.974345,37.302895],[-5.974309,37.302895],[-5.974273,37.302867],[-5.974273,37.302838],[-5.974237,37.302838],[-5.974237,37.30281],[-5.974201,37.30281],[-5.974165,37.30281],[-5.974165,37.302781],[-5.974129,37.302752],[-5.974093,37.302752],[-5.974093,37.302724],[-5.974057,37.302724],[-5.974021,37.302724],[-5.974021,37.302695],[-5.973985,37.302695],[-5.973985,37.302667],[-5.973949,37.302667],[-5.973913,37.302638],[-5.973913,37.302609],[-5.973877,37.302609],[-5.973842,37.302581],[-5.973806,37.302552],[-5.97377,37.302552],[-5.97377,37.302524],[-5.973734,37.302524],[-5.973698,37.302495],[-5.973662,37.302467],[-5.973626,37.302467],[-5.973626,37.302438],[-5.97359,37.302409],[-5.973554,37.302409],[-5.973554,37.302381],[-5.973518,37.302381],[-5.973518,37.302352],[-5.973482,37.302352],[-5.973446,37.302352],[-5.973446,37.302324],[-5.97341,37.302324],[-5.973374,37.302324],[-5.973374,37.302295],[-5.973338,37.302295],[-5.973303,37.302295],[-5.973303,37.302266],[-5.973267,37.302266],[-5.973267,37.302238],[-5.973231,37.302238],[-5.973231,37.302209],[-5.973195,37.302209],[-5.973195,37.302181],[-5.973159,37.302181],[-5.973123,37.302152],[-5.973087,37.302152],[-5.973051,37.302152],[-5.973015,37.302124],[-5.972979,37.302095],[-5.972979,37.302066],[-5.972943,37.302066],[-5.972943,37.302038],[-5.972907,37.302038],[-5.972871,37.302038],[-5.972871,37.302009],[-5.972835,37.302009],[-5.9728,37.302009],[-5.9728,37.301981],[-5.972764,37.301981],[-5.972728,37.301981],[-5.972728,37.301952],[-5.972692,37.301952],[-5.972656,37.301952],[-5.972656,37.301923],[-5.97262,37.301923],[-5.97262,37.301895],[-5.972584,37.301895],[-5.972584,37.301866],[-5.972548,37.301866],[-5.972548,37.301838],[-5.972512,37.301838],[-5.972512,37.301809],[-5.972476,37.301809],[-5.972476,37.301781],[-5.97244,37.301752],[-5.972404,37.301752],[-5.972404,37.301723],[-5.972368,37.301723],[-5.972332,37.301723],[-5.972296,37.301723],[-5.972261,37.301723],[-5.972261,37.301695],[-5.972225,37.301695],[-5.972189,37.301666],[-5.972153,37.301666],[-5.972117,37.301666],[-5.972081,37.301666],[-5.972045,37.301666],[-5.972009,37.301666],[-5.971973,37.301666],[-5.971937,37.301666],[-5.971937,37.301695],[-5.971901,37.301695],[-5.971865,37.301723],[-5.971829,37.301752],[-5.971793,37.301752],[-5.971757,37.301752],[-5.971757,37.301781],[-5.971722,37.301781],[-5.971722,37.301809],[-5.971686,37.301809],[-5.97165,37.301838],[-5.971614,37.301838],[-5.971614,37.301866],[-5.971578,37.301866],[-5.971542,37.301866],[-5.971542,37.301895],[-5.971506,37.301895],[-5.97147,37.301895],[-5.971434,37.301923],[-5.971398,37.301923],[-5.971362,37.301952],[-5.971326,37.301952],[-5.97129,37.301981],[-5.971254,37.301981],[-5.971218,37.301981],[-5.971183,37.301981],[-5.971147,37.301952],[-5.971111,37.301952],[-5.971075,37.301952],[-5.971075,37.301981],[-5.971039,37.301981],[-5.971039,37.302009],[-5.971003,37.302009],[-5.971003,37.302038],[-5.970967,37.302038],[-5.970931,37.302066],[-5.970931,37.302095],[-5.970895,37.302095],[-5.970859,37.302095],[-5.970859,37.302124],[-5.970823,37.302124],[-5.970787,37.302152],[-5.970787,37.302181],[-5.970751,37.302181],[-5.970715,37.302181],[-5.970679,37.302181],[-5.970644,37.302181],[-5.970608,37.302181],[-5.970608,37.302152],[-5.970572,37.302152],[-5.970572,37.302124],[-5.970536,37.302124],[-5.9705,37.302124],[-5.970464,37.302124],[-5.970428,37.302095],[-5.970392,37.302095],[-5.970356,37.302095],[-5.970356,37.302124],[-5.970356,37.302152],[-5.970356,37.302181],[-5.97032,37.302181],[-5.970284,37.302181],[-5.970284,37.302209],[-5.970248,37.302209],[-5.970248,37.302238],[-5.970212,37.302238],[-5.970212,37.302266],[-5.970176,37.302266],[-5.970176,37.302295],[-5.970176,37.302324],[-5.97014,37.302324],[-5.97014,37.302352],[-5.97014,37.302381],[-5.970105,37.302381],[-5.970069,37.302381],[-5.970033,37.302381],[-5.970033,37.302352],[-5.970069,37.302352],[-5.970069,37.302324],[-5.970105,37.302324],[-5.970105,37.302295],[-5.970069,37.302295],[-5.970033,37.302295],[-5.970033,37.302266],[-5.970069,37.302266],[-5.970069,37.302238],[-5.970105,37.302238],[-5.970105,37.302209],[-5.970069,37.302209],[-5.970069,37.302181],[-5.970033,37.302181],[-5.969997,37.302181],[-5.969997,37.302152],[-5.970033,37.302124],[-5.970033,37.302095],[-5.969997,37.302066],[-5.969997,37.302038],[-5.969961,37.302038],[-5.969961,37.302009],[-5.969961,37.301981],[-5.969961,37.301952],[-5.969925,37.301923],[-5.969925,37.301895],[-5.969925,37.301866],[-5.969925,37.301838],[-5.969889,37.301838],[-5.969889,37.301809],[-5.969853,37.301809],[-5.969817,37.301809],[-5.969817,37.301781],[-5.969817,37.301752],[-5.969817,37.301723],[-5.969817,37.301695],[-5.969781,37.301695],[-5.969745,37.301695],[-5.969709,37.301666],[-5.969745,37.301666],[-5.969745,37.301638],[-5.969709,37.301609],[-5.969709,37.30158],[-5.969709,37.301552],[-5.969673,37.301552],[-5.969637,37.301552],[-5.969602,37.301552],[-5.969566,37.301552],[-5.969566,37.301523],[-5.969566,37.301495],[-5.96953,37.301495],[-5.96953,37.301466],[-5.96953,37.301438],[-5.96953,37.301409],[-5.96953,37.30138],[-5.96953,37.301352],[-5.96953,37.301323],[-5.969494,37.301323],[-5.969494,37.301295],[-5.969494,37.301266],[-5.969458,37.301266],[-5.969458,37.301237],[-5.969458,37.301209],[-5.969494,37.301209],[-5.969494,37.30118],[-5.969494,37.301152],[-5.96953,37.301152],[-5.96953,37.301123],[-5.96953,37.301095],[-5.96953,37.301066],[-5.96953,37.301037],[-5.96953,37.301009],[-5.96953,37.30098],[-5.96953,37.300952],[-5.96953,37.300923],[-5.96953,37.300894],[-5.96953,37.300866],[-5.969494,37.300866],[-5.969494,37.300837],[-5.969458,37.300809],[-5.969422,37.300809],[-5.969422,37.30078],[-5.969422,37.300752],[-5.969458,37.300752],[-5.969458,37.300723],[-5.969422,37.300723],[-5.969422,37.300694],[-5.969422,37.300666],[-5.969422,37.300637],[-5.969458,37.300637],[-5.969458,37.300609],[-5.969458,37.30058],[-5.969422,37.30058],[-5.969386,37.30058],[-5.96935,37.30058],[-5.96935,37.300609],[-5.969314,37.300609],[-5.969314,37.30058],[-5.969278,37.300551],[-5.969278,37.300523],[-5.969314,37.300523],[-5.96935,37.300523],[-5.969386,37.300551],[-5.969422,37.300551],[-5.969422,37.300523],[-5.969458,37.300523],[-5.969458,37.300494],[-5.969458,37.300466],[-5.969458,37.300437],[-5.969458,37.300409],[-5.969422,37.300409],[-5.969386,37.300437],[-5.969386,37.300466],[-5.96935,37.300466],[-5.96935,37.300494],[-5.969314,37.300494],[-5.969278,37.300494],[-5.969242,37.300494],[-5.969206,37.300494],[-5.969206,37.300466],[-5.96917,37.300466],[-5.96917,37.300437],[-5.96917,37.300409],[-5.969134,37.300409],[-5.969098,37.30038],[-5.969063,37.30038],[-5.969063,37.300351],[-5.969027,37.300351],[-5.968991,37.300351],[-5.968991,37.300323],[-5.968955,37.300323],[-5.968919,37.300323],[-5.968919,37.300294],[-5.968883,37.300294],[-5.968847,37.300294],[-5.968811,37.300294],[-5.968775,37.300294],[-5.968775,37.300266],[-5.968739,37.300266],[-5.968703,37.300266],[-5.968667,37.300237],[-5.968667,37.300208],[-5.968631,37.300208],[-5.968631,37.30018],[-5.968595,37.30018],[-5.968559,37.300151],[-5.968559,37.300123],[-5.968524,37.300123],[-5.968488,37.300123],[-5.968452,37.300123],[-5.968452,37.300094],[-5.968416,37.300094],[-5.96838,37.300094],[-5.96838,37.300066],[-5.968344,37.300066],[-5.968344,37.300037],[-5.968308,37.300008],[-5.968272,37.300008],[-5.968272,37.29998],[-5.968236,37.29998],[-5.9682,37.29998],[-5.968164,37.299951],[-5.968128,37.299951],[-5.968092,37.299951],[-5.968056,37.299923],[-5.96802,37.299923],[-5.96802,37.299894],[-5.967985,37.299894],[-5.967949,37.299865],[-5.967913,37.299865],[-5.967913,37.299837],[-5.967877,37.299837],[-5.967841,37.299837],[-5.967841,37.299808],[-5.967805,37.299808],[-5.967805,37.29978],[-5.967769,37.29978],[-5.967733,37.29978],[-5.967733,37.299751],[-5.967697,37.299751],[-5.967697,37.299723],[-5.967661,37.299694],[-5.967625,37.299694],[-5.967589,37.299665],[-5.967553,37.299665],[-5.967517,37.299665],[-5.967517,37.299637],[-5.967481,37.299637],[-5.967481,37.299608],[-5.967446,37.299608],[-5.96741,37.29958],[-5.967374,37.29958],[-5.967374,37.299551],[-5.967338,37.299551],[-5.967302,37.299522],[-5.967266,37.299522],[-5.967266,37.299494],[-5.96723,37.299494],[-5.96723,37.299465],[-5.967194,37.299465],[-5.967158,37.299437],[-5.967122,37.299437],[-5.967122,37.299408],[-5.967086,37.29938],[-5.96705,37.29938],[-5.96705,37.299351],[-5.967014,37.299351],[-5.967014,37.299322],[-5.966978,37.299322],[-5.966978,37.299294],[-5.966942,37.299294],[-5.966907,37.299265],[-5.966871,37.299237],[-5.966835,37.299208],[-5.966799,37.299208],[-5.966799,37.299179],[-5.966763,37.299179],[-5.966763,37.299151],[-5.966727,37.299122],[-5.966691,37.299122],[-5.966691,37.299094],[-5.966655,37.299094],[-5.966655,37.299065],[-5.966619,37.299065],[-5.966583,37.299037],[-5.966547,37.299037],[-5.966547,37.299008],[-5.966511,37.299008],[-5.966511,37.298979],[-5.966475,37.298979],[-5.966475,37.298951],[-5.966439,37.298951],[-5.966439,37.298922],[-5.966404,37.298922],[-5.966368,37.298922],[-5.966368,37.298894],[-5.966332,37.298894],[-5.966296,37.298865],[-5.96626,37.298865],[-5.966224,37.298836],[-5.966224,37.298808],[-5.966188,37.298808],[-5.966152,37.298808],[-5.966152,37.298779],[-5.966116,37.298779],[-5.966116,37.298751],[-5.96608,37.298751],[-5.966044,37.298722],[-5.966008,37.298694],[-5.965972,37.298694],[-5.965936,37.298694],[-5.965936,37.298665],[-5.9659,37.298665],[-5.965865,37.298665],[-5.965865,37.298636],[-5.965829,37.298636],[-5.965793,37.298636],[-5.965757,37.298636],[-5.965721,37.298665],[-5.965685,37.298665],[-5.965649,37.298694],[-5.965613,37.298694],[-5.965577,37.298694],[-5.965577,37.298722],[-5.965541,37.298722],[-5.965541,37.298751],[-5.965505,37.298751],[-5.965505,37.298779],[-5.965469,37.298779],[-5.965469,37.298808],[-5.965433,37.298808],[-5.965433,37.298836],[-5.965433,37.298865],[-5.965433,37.298922],[-5.965433,37.298951],[-5.965433,37.299008],[-5.965433,37.299037],[-5.965433,37.299065],[-5.965397,37.299094],[-5.965397,37.299122],[-5.965397,37.299151],[-5.965397,37.299179],[-5.965397,37.299208],[-5.965397,37.299237],[-5.965397,37.299265],[-5.965397,37.299294],[-5.965397,37.299322],[-5.965397,37.299351],[-5.965361,37.29938],[-5.965361,37.299408],[-5.965361,37.299437],[-5.965361,37.299465],[-5.965361,37.299494],[-5.965361,37.299522],[-5.965326,37.299551],[-5.96529,37.299551],[-5.965254,37.299551],[-5.965218,37.299551],[-5.965218,37.299522],[-5.965218,37.299494],[-5.965182,37.299494],[-5.965182,37.299465],[-5.965146,37.299437],[-5.96511,37.299437],[-5.96511,37.299465],[-5.965074,37.299465],[-5.965038,37.299465],[-5.965038,37.299494],[-5.965002,37.299494],[-5.964966,37.299494],[-5.96493,37.299494],[-5.96493,37.299465],[-5.964894,37.299465],[-5.964894,37.299437],[-5.964822,37.299408],[-5.964822,37.29938],[-5.964787,37.29938],[-5.964787,37.299351],[-5.964751,37.299322],[-5.964751,37.299294],[-5.964715,37.299294],[-5.964679,37.299294],[-5.964643,37.299294],[-5.964643,37.299265],[-5.964607,37.299265],[-5.964607,37.299237],[-5.964571,37.299237],[-5.964535,37.299237],[-5.964499,37.299237],[-5.964499,37.299208],[-5.964463,37.299208],[-5.964427,37.299208],[-5.964391,37.299208],[-5.964391,37.299179],[-5.964391,37.299151],[-5.964391,37.299122],[-5.964391,37.299094],[-5.964391,37.299065],[-5.964391,37.299037],[-5.964391,37.299008],[-5.964391,37.298979],[-5.964391,37.298951],[-5.964427,37.298951],[-5.964427,37.298922],[-5.964427,37.298894],[-5.964427,37.298836],[-5.964427,37.298808],[-5.964463,37.298808],[-5.964463,37.298779],[-5.964427,37.298751],[-5.964391,37.298751],[-5.964391,37.298722],[-5.964355,37.298722],[-5.964319,37.298722],[-5.964283,37.298722],[-5.964283,37.298751],[-5.964283,37.298779],[-5.964283,37.298836],[-5.964283,37.298865],[-5.964283,37.298894],[-5.964283,37.298922],[-5.964283,37.298951],[-5.964283,37.298979],[-5.964283,37.299008],[-5.964283,37.299037],[-5.964248,37.299065],[-5.964248,37.299094],[-5.964248,37.299151],[-5.964248,37.299179],[-5.964212,37.299237],[-5.964212,37.299265],[-5.964212,37.299294],[-5.964212,37.29938],[-5.964176,37.299437],[-5.964176,37.299465],[-5.964176,37.299494],[-5.96414,37.299494],[-5.96414,37.299465],[-5.964104,37.299465],[-5.964104,37.299494],[-5.964104,37.299522],[-5.964104,37.299551],[-5.964068,37.299551],[-5.964068,37.29958],[-5.964068,37.299608],[-5.964104,37.299608],[-5.964104,37.299637],[-5.964104,37.299665],[-5.964068,37.299665],[-5.964068,37.299694],[-5.964068,37.299723],[-5.964068,37.299751],[-5.964068,37.29978],[-5.964104,37.29978],[-5.964104,37.299808],[-5.964068,37.299808],[-5.964032,37.299808],[-5.964032,37.299837],[-5.964032,37.299865],[-5.963996,37.299865],[-5.96396,37.299865],[-5.96396,37.299837],[-5.963924,37.299837],[-5.963888,37.299837],[-5.963852,37.299837],[-5.963816,37.299837],[-5.963744,37.299865],[-5.963709,37.299865],[-5.963673,37.299865],[-5.963421,37.299894],[-5.963385,37.299894],[-5.963349,37.299894],[-5.963313,37.299894],[-5.963277,37.299894],[-5.963241,37.299894],[-5.963206,37.299894],[-5.96317,37.299894],[-5.96317,37.299923],[-5.963134,37.299923],[-5.963098,37.299923],[-5.963098,37.299894],[-5.963062,37.299894],[-5.963062,37.299865],[-5.963026,37.299865],[-5.96299,37.299865],[-5.962954,37.299837],[-5.962918,37.299837],[-5.962918,37.299808],[-5.962882,37.299808],[-5.962882,37.29978],[-5.962882,37.299751],[-5.962846,37.299751],[-5.962846,37.299723],[-5.96281,37.299723],[-5.962774,37.299723],[-5.962738,37.299723],[-5.962738,37.299751],[-5.962702,37.299751],[-5.962702,37.299723],[-5.962667,37.299723],[-5.962631,37.299723],[-5.962595,37.299723],[-5.962559,37.299723],[-5.962523,37.299694],[-5.962487,37.299694],[-5.962451,37.299694],[-5.962451,37.299665],[-5.962451,37.299637],[-5.962415,37.299637],[-5.962415,37.299608],[-5.962415,37.29958],[-5.962415,37.299551],[-5.962379,37.299551],[-5.962379,37.299522],[-5.962379,37.299494],[-5.962415,37.299494],[-5.962451,37.299494],[-5.962451,37.299465],[-5.962415,37.299465],[-5.962415,37.299437],[-5.962379,37.299437],[-5.962379,37.299465],[-5.962343,37.299465],[-5.962307,37.299465],[-5.962271,37.299465],[-5.962199,37.299494],[-5.962163,37.299494],[-5.962128,37.299494],[-5.962092,37.299494],[-5.962056,37.299494],[-5.96202,37.299494],[-5.961984,37.299465],[-5.961912,37.299437],[-5.961876,37.299437],[-5.96184,37.299408],[-5.961804,37.299408],[-5.961804,37.29938],[-5.961768,37.29938],[-5.961768,37.299351],[-5.961732,37.299322],[-5.961696,37.299322],[-5.96166,37.299322],[-5.96166,37.299294],[-5.96166,37.299265],[-5.96166,37.299237],[-5.96166,37.299208],[-5.961696,37.299208],[-5.961696,37.299179],[-5.961732,37.299151],[-5.961732,37.299122],[-5.961768,37.299122],[-5.961768,37.299094],[-5.961768,37.299065],[-5.961804,37.299065],[-5.961804,37.299037],[-5.961804,37.299008],[-5.96184,37.299008],[-5.96184,37.298979],[-5.961876,37.298979],[-5.961876,37.298951],[-5.961876,37.298922],[-5.961912,37.298922],[-5.961912,37.298894],[-5.961948,37.298894],[-5.961948,37.298865],[-5.961984,37.298865],[-5.961984,37.298836],[-5.961984,37.298808],[-5.96202,37.298808],[-5.962056,37.298779],[-5.962092,37.298779],[-5.962128,37.298779],[-5.962128,37.298751],[-5.962128,37.298722],[-5.962092,37.298722],[-5.962092,37.298694],[-5.962092,37.298665],[-5.962092,37.298636],[-5.962056,37.298636],[-5.96202,37.298636],[-5.961984,37.298636],[-5.961948,37.298608],[-5.961948,37.298636],[-5.961912,37.298636],[-5.961876,37.298636],[-5.96184,37.298636],[-5.96184,37.298608],[-5.961804,37.298608],[-5.961768,37.298608],[-5.961732,37.298608],[-5.961696,37.298579],[-5.96166,37.298579],[-5.961624,37.298579],[-5.961624,37.298551],[-5.961589,37.298551],[-5.961553,37.298551],[-5.961517,37.298551],[-5.961517,37.298522],[-5.961481,37.298522],[-5.961445,37.298522],[-5.961409,37.298522],[-5.961373,37.298493],[-5.961373,37.298465],[-5.961337,37.298465],[-5.961337,37.298436],[-5.961301,37.298436],[-5.961301,37.298408],[-5.961265,37.298436],[-5.961229,37.298436],[-5.961193,37.298465],[-5.961157,37.298465],[-5.961157,37.298493],[-5.961121,37.298522],[-5.961121,37.298551],[-5.961085,37.298551],[-5.96105,37.298551],[-5.961014,37.298551],[-5.960978,37.298551],[-5.960942,37.298551],[-5.960906,37.298551],[-5.960906,37.298522],[-5.96087,37.298522],[-5.960834,37.298493],[-5.960798,37.298493],[-5.960798,37.298465],[-5.960762,37.298465],[-5.960726,37.298465],[-5.960726,37.298493],[-5.96069,37.298493],[-5.960654,37.298493],[-5.960654,37.298465],[-5.960618,37.298465],[-5.960582,37.298465],[-5.960546,37.298465],[-5.960511,37.298465],[-5.960511,37.298493],[-5.960475,37.298493],[-5.960439,37.298493],[-5.960403,37.298493],[-5.960403,37.298465],[-5.960367,37.298465],[-5.960331,37.298465],[-5.960295,37.298465],[-5.960259,37.298493],[-5.960259,37.298465],[-5.960223,37.298436],[-5.960223,37.298408],[-5.960223,37.298379],[-5.960187,37.298379],[-5.960151,37.298379],[-5.960151,37.298408],[-5.960115,37.298408],[-5.960079,37.298408],[-5.960079,37.298379],[-5.960043,37.298379],[-5.960007,37.298379],[-5.960007,37.298408],[-5.959972,37.298408],[-5.959936,37.298408],[-5.9599,37.298379],[-5.959864,37.298379],[-5.959792,37.298351],[-5.959756,37.298351],[-5.95972,37.298351],[-5.959684,37.298351],[-5.959684,37.298379],[-5.959648,37.298379],[-5.959612,37.298379],[-5.959576,37.298379],[-5.95954,37.298379],[-5.95954,37.298351],[-5.959504,37.298351],[-5.959469,37.298351],[-5.959433,37.298322],[-5.959397,37.298322],[-5.959361,37.298322],[-5.959361,37.298351],[-5.959325,37.298351],[-5.959325,37.298379],[-5.959289,37.298408],[-5.959289,37.298436],[-5.959289,37.298465],[-5.959253,37.298465],[-5.959253,37.298493],[-5.959217,37.298493],[-5.959217,37.298522],[-5.959217,37.298551],[-5.959217,37.298579],[-5.959181,37.298579],[-5.959181,37.298551],[-5.959181,37.298522],[-5.959145,37.298522],[-5.959145,37.298551],[-5.959145,37.298579],[-5.959109,37.298579],[-5.959109,37.298551],[-5.959109,37.298522],[-5.959073,37.298522],[-5.959073,37.298493],[-5.959037,37.298493],[-5.959001,37.298493],[-5.959001,37.298465],[-5.958965,37.298465],[-5.95893,37.298408],[-5.958894,37.298379],[-5.958858,37.298351],[-5.958822,37.298351],[-5.958822,37.298322],[-5.958786,37.298322],[-5.958786,37.298293],[-5.95875,37.298293],[-5.95875,37.298265],[-5.958714,37.298265],[-5.958714,37.298293],[-5.958678,37.298293],[-5.958642,37.298293],[-5.958606,37.298293],[-5.95857,37.298293],[-5.958534,37.298293],[-5.958534,37.298322],[-5.958498,37.298322],[-5.958462,37.298322],[-5.958462,37.298293],[-5.958426,37.298293],[-5.958391,37.298293],[-5.958355,37.298293],[-5.958319,37.298293],[-5.958283,37.298293],[-5.958247,37.298293],[-5.958211,37.298293],[-5.958175,37.298293],[-5.958139,37.298293],[-5.958103,37.298293],[-5.958103,37.298322],[-5.958103,37.298351],[-5.958067,37.298351],[-5.958067,37.298322],[-5.958031,37.298322],[-5.957995,37.298322],[-5.957995,37.298351],[-5.958031,37.298351],[-5.958031,37.298379],[-5.958067,37.298379],[-5.958067,37.298408],[-5.958067,37.298436],[-5.958031,37.298436],[-5.958031,37.298408],[-5.957959,37.298408],[-5.957923,37.298408],[-5.957887,37.298408],[-5.957887,37.298436],[-5.957852,37.298436],[-5.957852,37.298465],[-5.957816,37.298493],[-5.957816,37.298522],[-5.95778,37.298522],[-5.95778,37.298551],[-5.957816,37.298551],[-5.957852,37.298551],[-5.957852,37.298579],[-5.957887,37.298551],[-5.957923,37.298551],[-5.957959,37.298551],[-5.957995,37.298551],[-5.958031,37.298522],[-5.958067,37.298522],[-5.958067,37.298551],[-5.958067,37.298579],[-5.958067,37.298608],[-5.958103,37.298608],[-5.958067,37.298636],[-5.958031,37.298636],[-5.957995,37.298636],[-5.957959,37.298636],[-5.957923,37.298636],[-5.957887,37.298636],[-5.957887,37.298665],[-5.957852,37.298665],[-5.957852,37.298694],[-5.957887,37.298694],[-5.957923,37.298694],[-5.957959,37.298722],[-5.957959,37.298751],[-5.957995,37.298751],[-5.957995,37.298779],[-5.958031,37.298779],[-5.958031,37.298808],[-5.958031,37.298836],[-5.958067,37.298836],[-5.958067,37.298865],[-5.958103,37.298865],[-5.958103,37.298894],[-5.958103,37.298922],[-5.958139,37.298922],[-5.958139,37.298951],[-5.958175,37.298951],[-5.958175,37.298979],[-5.958211,37.299008],[-5.958247,37.299008],[-5.958247,37.299037],[-5.958211,37.299037],[-5.958175,37.299008],[-5.958139,37.299008],[-5.958103,37.298979],[-5.958067,37.298979],[-5.958067,37.298951],[-5.958031,37.298951],[-5.957995,37.298951],[-5.957995,37.298922],[-5.957959,37.298894],[-5.957923,37.298894],[-5.957923,37.298865],[-5.957887,37.298865],[-5.957887,37.298894],[-5.957923,37.298894],[-5.957923,37.298922],[-5.957959,37.298922],[-5.957959,37.298951],[-5.957995,37.298979],[-5.958031,37.298979],[-5.958031,37.299008],[-5.958067,37.299008],[-5.958103,37.299008],[-5.958103,37.299037],[-5.958139,37.299037],[-5.958139,37.299065],[-5.958175,37.299065],[-5.958175,37.299094],[-5.958139,37.299094],[-5.958103,37.299094],[-5.958103,37.299122],[-5.958139,37.299122],[-5.958139,37.299151],[-5.958175,37.299151],[-5.958175,37.299179],[-5.958211,37.299179],[-5.958247,37.299179],[-5.958247,37.299208],[-5.958247,37.299237],[-5.958283,37.299237],[-5.958319,37.299237],[-5.958319,37.299265],[-5.958355,37.299294],[-5.958391,37.299294],[-5.958391,37.299322],[-5.958426,37.299322],[-5.958426,37.299351],[-5.958391,37.299351],[-5.958355,37.299351],[-5.958319,37.299351],[-5.958319,37.29938],[-5.958319,37.299408],[-5.958319,37.299437],[-5.958355,37.299437],[-5.958355,37.299465],[-5.958319,37.299465],[-5.958283,37.299465],[-5.958283,37.299437],[-5.958247,37.299437],[-5.958211,37.299408],[-5.958175,37.299408],[-5.958139,37.29938],[-5.958103,37.29938],[-5.958067,37.299351],[-5.958031,37.299351],[-5.957995,37.299351],[-5.957995,37.299322],[-5.957959,37.299322],[-5.957923,37.299322],[-5.957923,37.299294],[-5.957959,37.299265],[-5.957959,37.299237],[-5.957923,37.299237],[-5.957923,37.299208],[-5.957887,37.299208],[-5.957887,37.299179],[-5.957852,37.299179],[-5.957852,37.299151],[-5.957816,37.299151],[-5.95778,37.299151],[-5.95778,37.299122],[-5.957744,37.299122],[-5.957708,37.299122],[-5.957672,37.299122],[-5.957672,37.299094],[-5.957636,37.299094],[-5.9576,37.299094],[-5.957564,37.299122],[-5.957564,37.299151],[-5.957528,37.299151],[-5.957492,37.299151],[-5.957492,37.299122],[-5.957492,37.299094],[-5.957456,37.299065],[-5.957456,37.299037],[-5.957456,37.299008],[-5.957456,37.298979],[-5.95742,37.298979],[-5.95742,37.298951],[-5.957384,37.298951],[-5.957348,37.298951],[-5.957348,37.298922],[-5.957313,37.298922],[-5.957313,37.298894],[-5.957277,37.298894],[-5.957277,37.298865],[-5.957241,37.298865],[-5.957205,37.298865],[-5.957205,37.298836],[-5.957169,37.298836],[-5.957133,37.298836],[-5.957133,37.298808],[-5.957097,37.298808],[-5.957097,37.298779],[-5.957061,37.298779],[-5.957061,37.298751],[-5.957025,37.298751],[-5.956989,37.298722],[-5.956953,37.298722],[-5.956917,37.298694],[-5.956881,37.298694],[-5.956881,37.298665],[-5.956845,37.298665],[-5.956809,37.298636],[-5.956774,37.298608],[-5.956738,37.298608],[-5.956738,37.298579],[-5.956702,37.298579],[-5.956666,37.298551],[-5.95663,37.298551],[-5.95663,37.298522],[-5.956594,37.298522],[-5.956594,37.298493],[-5.956558,37.298493],[-5.956486,37.298465],[-5.956486,37.298436],[-5.95645,37.298436],[-5.956414,37.298408],[-5.956378,37.298408],[-5.956378,37.298379],[-5.956342,37.298379],[-5.956306,37.298351],[-5.956271,37.298351],[-5.956235,37.298322],[-5.956199,37.298293],[-5.956163,37.298293],[-5.956127,37.298265],[-5.956091,37.298265],[-5.956091,37.298236],[-5.956055,37.298236],[-5.956055,37.298208],[-5.956019,37.298208],[-5.955983,37.298208],[-5.955983,37.298179],[-5.955947,37.298179],[-5.955947,37.29815],[-5.955911,37.29815],[-5.955875,37.29815],[-5.955875,37.298122],[-5.955839,37.298122],[-5.955839,37.298093],[-5.955803,37.298093],[-5.955767,37.298065],[-5.955732,37.298065],[-5.955732,37.298036],[-5.955696,37.298036],[-5.95566,37.298036],[-5.955624,37.298008],[-5.955588,37.298008],[-5.955588,37.297979],[-5.955552,37.297979],[-5.955552,37.29795],[-5.95548,37.297922],[-5.955444,37.297922],[-5.955444,37.297893],[-5.955408,37.297893],[-5.955372,37.297865],[-5.955372,37.297836],[-5.955336,37.297836],[-5.9553,37.297836],[-5.955264,37.297807],[-5.955228,37.297779],[-5.955193,37.29775],[-5.955157,37.29775],[-5.955121,37.29775],[-5.955121,37.297722],[-5.955085,37.297693],[-5.955049,37.297693],[-5.955013,37.297693],[-5.955013,37.297722],[-5.954977,37.29775],[-5.954977,37.297779],[-5.954941,37.297779],[-5.954941,37.297807],[-5.954905,37.297807],[-5.954905,37.297779],[-5.954869,37.297779],[-5.954833,37.29775],[-5.954797,37.29775],[-5.954797,37.297722],[-5.954761,37.297722],[-5.954725,37.297722],[-5.954725,37.297693],[-5.954689,37.297693],[-5.954689,37.297665],[-5.954654,37.297665],[-5.954618,37.297665],[-5.954618,37.297636],[-5.954582,37.297636],[-5.954582,37.297607],[-5.954546,37.297607],[-5.95451,37.297579],[-5.954474,37.297579],[-5.954438,37.29755],[-5.954402,37.29755],[-5.954402,37.297522],[-5.954366,37.297522],[-5.95433,37.297493],[-5.954294,37.297493],[-5.954258,37.297464],[-5.954222,37.297464],[-5.954222,37.297436],[-5.954186,37.297436],[-5.95415,37.297436],[-5.95415,37.297407],[-5.954115,37.297407],[-5.954079,37.297407],[-5.954043,37.297407],[-5.954043,37.297436],[-5.954007,37.297436],[-5.953971,37.297436],[-5.953971,37.297464],[-5.953935,37.297493],[-5.953899,37.297493],[-5.953899,37.297522],[-5.953863,37.297522],[-5.953827,37.29755],[-5.953791,37.29755],[-5.953791,37.297579],[-5.953755,37.297579],[-5.953755,37.297607],[-5.953719,37.297607],[-5.953719,37.297636],[-5.953683,37.297636],[-5.953683,37.297665],[-5.953647,37.297665],[-5.953611,37.297665],[-5.953611,37.297693],[-5.953576,37.297693],[-5.953576,37.297722],[-5.95354,37.29775],[-5.953504,37.297779],[-5.953468,37.297807],[-5.953432,37.297807],[-5.953396,37.297836],[-5.95336,37.297865],[-5.953324,37.297865],[-5.953324,37.297893],[-5.953288,37.297893],[-5.953252,37.297893],[-5.953252,37.297922],[-5.953216,37.297922],[-5.95318,37.297922],[-5.95318,37.29795],[-5.953144,37.29795],[-5.953073,37.297979],[-5.953037,37.297979],[-5.953037,37.298008],[-5.953001,37.298008],[-5.952965,37.298036],[-5.952929,37.298036],[-5.952893,37.298036],[-5.952893,37.298065],[-5.952821,37.298065],[-5.952785,37.298093],[-5.952749,37.298122],[-5.952713,37.298122],[-5.952677,37.298122],[-5.952641,37.29815],[-5.952605,37.29815],[-5.952569,37.29815],[-5.952534,37.29815],[-5.952498,37.29815],[-5.952462,37.298179],[-5.952426,37.298179],[-5.95239,37.298179],[-5.952354,37.298179],[-5.952318,37.298179],[-5.952282,37.298179],[-5.952174,37.298179],[-5.952138,37.298179],[-5.952102,37.298179],[-5.952066,37.298179],[-5.952066,37.298208],[-5.95203,37.298208],[-5.95203,37.298236],[-5.951995,37.298236],[-5.951959,37.298236],[-5.951923,37.298236],[-5.951887,37.298236],[-5.951851,37.298236],[-5.951815,37.298236],[-5.951779,37.298265],[-5.951743,37.298265],[-5.951707,37.298265],[-5.951671,37.298293],[-5.951635,37.298293],[-5.951599,37.298293],[-5.951563,37.298293],[-5.951563,37.298322],[-5.951491,37.298322],[-5.951491,37.298351],[-5.951456,37.298351],[-5.951456,37.298379],[-5.95142,37.298379],[-5.951384,37.298408],[-5.951348,37.298408],[-5.951348,37.298436],[-5.951312,37.298436],[-5.951312,37.298408],[-5.951276,37.298408],[-5.95124,37.298408],[-5.951204,37.298408],[-5.951168,37.298408],[-5.951168,37.298436],[-5.951132,37.298436],[-5.951096,37.298465],[-5.95106,37.298465],[-5.95106,37.298493],[-5.951024,37.298493],[-5.950988,37.298493],[-5.950952,37.298493],[-5.950917,37.298522],[-5.950881,37.298522],[-5.950845,37.298522],[-5.950809,37.298522],[-5.950809,37.298551],[-5.950773,37.298551],[-5.950737,37.298551],[-5.950737,37.298579],[-5.950701,37.298579],[-5.950665,37.298608],[-5.950629,37.298608],[-5.950593,37.298608],[-5.950521,37.298636],[-5.950485,37.298636],[-5.950485,37.298665],[-5.950449,37.298665],[-5.950413,37.298694],[-5.950378,37.298694],[-5.950342,37.298694],[-5.950306,37.298694],[-5.95027,37.298722],[-5.950234,37.298722],[-5.950198,37.298722],[-5.950198,37.298751],[-5.950162,37.298751],[-5.950162,37.298779],[-5.950162,37.298808],[-5.950198,37.298808],[-5.950198,37.298836],[-5.950198,37.298865],[-5.950234,37.298865],[-5.950234,37.298894],[-5.950234,37.298922],[-5.95027,37.298922],[-5.95027,37.298951],[-5.950306,37.298951],[-5.950306,37.298979],[-5.950342,37.298979],[-5.950378,37.299008],[-5.950413,37.299037],[-5.950449,37.299065],[-5.950485,37.299065],[-5.950485,37.299094],[-5.950521,37.299094],[-5.950557,37.299094],[-5.950557,37.299122],[-5.950593,37.299122],[-5.950629,37.299122],[-5.950665,37.299122],[-5.950701,37.299151],[-5.950737,37.299151],[-5.950773,37.299151],[-5.950809,37.299151],[-5.950845,37.299151],[-5.950845,37.299179],[-5.950845,37.299208],[-5.950809,37.299208],[-5.950773,37.299208],[-5.950737,37.299208],[-5.950737,37.299179],[-5.950701,37.299179],[-5.950701,37.299208],[-5.950665,37.299208],[-5.950629,37.299179],[-5.950593,37.299179],[-5.950557,37.299179],[-5.950521,37.299151],[-5.950485,37.299151],[-5.950449,37.299151],[-5.950449,37.299122],[-5.950413,37.299122],[-5.950378,37.299122],[-5.950378,37.299094],[-5.950342,37.299094],[-5.950342,37.299065],[-5.950306,37.299065],[-5.95027,37.299037],[-5.950234,37.299037],[-5.950234,37.299008],[-5.950198,37.298979],[-5.950162,37.298979],[-5.950162,37.298951],[-5.950126,37.298951],[-5.95009,37.298951],[-5.95009,37.298922],[-5.95009,37.298894],[-5.950054,37.298894],[-5.950018,37.298865],[-5.949982,37.298865],[-5.949982,37.298836],[-5.949982,37.298808],[-5.949946,37.298808],[-5.949946,37.298836],[-5.949946,37.298865],[-5.94991,37.298865],[-5.949875,37.298865],[-5.949839,37.298865],[-5.949803,37.298865],[-5.949803,37.298894],[-5.949767,37.298894],[-5.949731,37.298894],[-5.949695,37.298894],[-5.949659,37.298894],[-5.949623,37.298894],[-5.949587,37.298894],[-5.949587,37.298922],[-5.949551,37.298922],[-5.949515,37.298951],[-5.949479,37.298951],[-5.949443,37.298951],[-5.949407,37.298979],[-5.949371,37.298979],[-5.9493,37.299037],[-5.949264,37.299008],[-5.9493,37.298922],[-5.949336,37.298922],[-5.949336,37.298865],[-5.949371,37.298865],[-5.949371,37.298836],[-5.949407,37.298808],[-5.949443,37.298779],[-5.949479,37.298751],[-5.949479,37.298722],[-5.949515,37.298722],[-5.949515,37.298694],[-5.949551,37.298665],[-5.949587,37.298636],[-5.949623,37.298608],[-5.949623,37.298579],[-5.949659,37.298579],[-5.949659,37.298551],[-5.949695,37.298551],[-5.949695,37.298522],[-5.949731,37.298493],[-5.949731,37.298465],[-5.949767,37.298465],[-5.949767,37.298436],[-5.949803,37.298408],[-5.949803,37.298379],[-5.949839,37.298379],[-5.949839,37.298351],[-5.949839,37.298322],[-5.949839,37.298293],[-5.949839,37.298265],[-5.949803,37.298265],[-5.949803,37.298236],[-5.949803,37.298208],[-5.949803,37.298179],[-5.949803,37.29815],[-5.949803,37.298122],[-5.949803,37.298093],[-5.949803,37.298065],[-5.949767,37.298065],[-5.949767,37.298036],[-5.949767,37.298008],[-5.949767,37.297979],[-5.949767,37.29795],[-5.949767,37.297922],[-5.949803,37.297922],[-5.949803,37.29795],[-5.949803,37.297979],[-5.949839,37.297979],[-5.949839,37.298008],[-5.949839,37.298036],[-5.949875,37.298065],[-5.949875,37.298093],[-5.949875,37.298122],[-5.949875,37.29815],[-5.94991,37.298179],[-5.94991,37.298208],[-5.94991,37.298265],[-5.949946,37.298293],[-5.949946,37.298322],[-5.949946,37.298436],[-5.949982,37.298436],[-5.949982,37.298465],[-5.949982,37.298493],[-5.949982,37.298522],[-5.950018,37.298522],[-5.950018,37.298551],[-5.950018,37.298579],[-5.950054,37.298579],[-5.95009,37.298579],[-5.950126,37.298579],[-5.950162,37.298579],[-5.950198,37.298579],[-5.950234,37.298579],[-5.95027,37.298579],[-5.950306,37.298579],[-5.950342,37.298579],[-5.950342,37.298551],[-5.950378,37.298551],[-5.950378,37.298522],[-5.950413,37.298522],[-5.950413,37.298493],[-5.950449,37.298493],[-5.950449,37.298465],[-5.950485,37.298465],[-5.950485,37.298436],[-5.950521,37.298436],[-5.950557,37.298436],[-5.950593,37.298436],[-5.950629,37.298436],[-5.950665,37.298408],[-5.950701,37.298408],[-5.950737,37.298408],[-5.950773,37.298408],[-5.950773,37.298379],[-5.950809,37.298379],[-5.950845,37.298379],[-5.950881,37.298379],[-5.950917,37.298379],[-5.950952,37.298379],[-5.950988,37.298351],[-5.951024,37.298351],[-5.95106,37.298351],[-5.95106,37.298322],[-5.951132,37.298293],[-5.951168,37.298293],[-5.951204,37.298265],[-5.951204,37.298236],[-5.95124,37.298236],[-5.95124,37.298208],[-5.951276,37.298208],[-5.951276,37.298179],[-5.951312,37.298179],[-5.951312,37.29815],[-5.951312,37.298122],[-5.951276,37.298122],[-5.951276,37.298093],[-5.951312,37.298093],[-5.951312,37.298065],[-5.951348,37.298065],[-5.951384,37.298065],[-5.951384,37.298036],[-5.951384,37.298008],[-5.951384,37.297979],[-5.95142,37.29795],[-5.951456,37.29795],[-5.951491,37.29795],[-5.951491,37.297922],[-5.951491,37.297893],[-5.951527,37.297893],[-5.951563,37.297893],[-5.951563,37.297865],[-5.951599,37.297865],[-5.951599,37.297893],[-5.951635,37.297893],[-5.951671,37.297893],[-5.951707,37.297893],[-5.951707,37.297865],[-5.951743,37.297865],[-5.951779,37.297865],[-5.951815,37.297836],[-5.951815,37.297807],[-5.951851,37.297807],[-5.951851,37.297779],[-5.951851,37.29775],[-5.951851,37.297722],[-5.951815,37.297722],[-5.951815,37.297693],[-5.951851,37.297693],[-5.951851,37.297665],[-5.951815,37.297665],[-5.951815,37.297636],[-5.951779,37.297636],[-5.951743,37.297636],[-5.951707,37.297636],[-5.951671,37.297636],[-5.951671,37.297607],[-5.951671,37.297579],[-5.951635,37.297579],[-5.951635,37.29755],[-5.951671,37.29755],[-5.951671,37.297522],[-5.951707,37.297522],[-5.951707,37.297493],[-5.951743,37.297493],[-5.951779,37.297493],[-5.951779,37.297464],[-5.951815,37.297436],[-5.951851,37.297436],[-5.951851,37.297464],[-5.951887,37.297493],[-5.951923,37.297493],[-5.951959,37.297493],[-5.951959,37.297464],[-5.951995,37.297464],[-5.951995,37.297493],[-5.951995,37.297522],[-5.951995,37.29755],[-5.95203,37.29755],[-5.95203,37.297579],[-5.952066,37.297579],[-5.952102,37.297579],[-5.952102,37.29755],[-5.952102,37.297522],[-5.952138,37.297493],[-5.952138,37.297464],[-5.952174,37.297464],[-5.95221,37.297464],[-5.95221,37.297436],[-5.95221,37.297407],[-5.952246,37.297407],[-5.952246,37.297379],[-5.952282,37.297379],[-5.952282,37.29735],[-5.952318,37.29735],[-5.952354,37.297322],[-5.952354,37.297293],[-5.952354,37.297264],[-5.952354,37.297236],[-5.95239,37.297236],[-5.95239,37.297207],[-5.952426,37.297179],[-5.95239,37.297179],[-5.952354,37.297179],[-5.952354,37.29715],[-5.952354,37.297121],[-5.95239,37.297121],[-5.952426,37.297093],[-5.952462,37.297064],[-5.952498,37.297036],[-5.952534,37.297036],[-5.952534,37.297007],[-5.952534,37.296979],[-5.952498,37.296979],[-5.952462,37.29695],[-5.952426,37.296921],[-5.95239,37.296921],[-5.95239,37.296893],[-5.952354,37.296864],[-5.95239,37.296836],[-5.95239,37.296807],[-5.952426,37.296807],[-5.952426,37.296778],[-5.952462,37.296778],[-5.952498,37.296778],[-5.952498,37.29675],[-5.952534,37.29675],[-5.952534,37.296721],[-5.952534,37.296693],[-5.952569,37.296664],[-5.952569,37.296635],[-5.952605,37.296635],[-5.952605,37.296607],[-5.952641,37.296607],[-5.952641,37.296578],[-5.952641,37.29655],[-5.952605,37.29655],[-5.952605,37.296521],[-5.952569,37.296521],[-5.952534,37.296521],[-5.952498,37.296521],[-5.952462,37.296521],[-5.952426,37.296493],[-5.952318,37.296435],[-5.952282,37.296435],[-5.952246,37.296435],[-5.952246,37.296407],[-5.95221,37.296407],[-5.95221,37.296378],[-5.952174,37.296378],[-5.952138,37.296378],[-5.952138,37.29635],[-5.952102,37.29635],[-5.952102,37.296321],[-5.952066,37.296321],[-5.952066,37.296292],[-5.95203,37.296292],[-5.95203,37.296264],[-5.952066,37.296264],[-5.952102,37.296264],[-5.952138,37.296264],[-5.952138,37.296235],[-5.952174,37.296207],[-5.95221,37.296178],[-5.952246,37.29615],[-5.952318,37.296121],[-5.952318,37.296092],[-5.952354,37.296064],[-5.95239,37.296035],[-5.952426,37.296035],[-5.952462,37.296035],[-5.952498,37.296035],[-5.952534,37.296035],[-5.952534,37.296064],[-5.952569,37.296064],[-5.952569,37.296092],[-5.952605,37.296092],[-5.952605,37.296121],[-5.952641,37.296121],[-5.952677,37.296121],[-5.952713,37.29615],[-5.952749,37.29615],[-5.952785,37.296178],[-5.952821,37.296207],[-5.952857,37.296207],[-5.952857,37.296235],[-5.952893,37.296235],[-5.952929,37.296264],[-5.952965,37.296264],[-5.953001,37.296292],[-5.953001,37.296321],[-5.953037,37.296321],[-5.953073,37.296321],[-5.953073,37.29635],[-5.953108,37.29635],[-5.953144,37.296378],[-5.95318,37.296407],[-5.95318,37.296435],[-5.953216,37.296435],[-5.953252,37.296435],[-5.953288,37.296435],[-5.953288,37.296464],[-5.953324,37.296464],[-5.953324,37.296493],[-5.95336,37.296493],[-5.95336,37.296521],[-5.953396,37.296521],[-5.953396,37.29655],[-5.953432,37.29655],[-5.953468,37.29655],[-5.953504,37.29655],[-5.95354,37.29655],[-5.953576,37.29655],[-5.953576,37.296578],[-5.953611,37.296578],[-5.953611,37.296607],[-5.953647,37.296607],[-5.953647,37.296635],[-5.953683,37.296635],[-5.953683,37.296607],[-5.953719,37.296607],[-5.953755,37.296607],[-5.953755,37.296635],[-5.953791,37.296635],[-5.953791,37.296664],[-5.953827,37.296664],[-5.953827,37.296693],[-5.953863,37.296693],[-5.953899,37.296693],[-5.953935,37.296693],[-5.953935,37.296721],[-5.953935,37.29675],[-5.953971,37.29675],[-5.953971,37.296778],[-5.953971,37.296807],[-5.953971,37.296836],[-5.954007,37.296836],[-5.954043,37.296836],[-5.954043,37.296807],[-5.954007,37.296807],[-5.954007,37.296778],[-5.954043,37.296778],[-5.954079,37.296778],[-5.954079,37.296807],[-5.954079,37.296836],[-5.954115,37.296836],[-5.95415,37.296836],[-5.954186,37.296836],[-5.954186,37.296864],[-5.954222,37.296864],[-5.954222,37.296893],[-5.954258,37.296893],[-5.954258,37.296921],[-5.954258,37.29695],[-5.954294,37.29695],[-5.954294,37.296979],[-5.95433,37.296979],[-5.95433,37.297007],[-5.954366,37.296979],[-5.954402,37.296979],[-5.954402,37.29695],[-5.954402,37.296921],[-5.954366,37.296893],[-5.954366,37.296864],[-5.95433,37.296864],[-5.95433,37.296836],[-5.954294,37.296864],[-5.954258,37.296864],[-5.954222,37.296836],[-5.954186,37.296836],[-5.954186,37.296807],[-5.95415,37.296807],[-5.954115,37.296807],[-5.954115,37.296778],[-5.95415,37.296778],[-5.95415,37.29675],[-5.954115,37.29675],[-5.954079,37.29675],[-5.954079,37.296721],[-5.954043,37.296721],[-5.954007,37.296721],[-5.954007,37.296693],[-5.953971,37.296664],[-5.953935,37.296664],[-5.953935,37.296635],[-5.953899,37.296635],[-5.953863,37.296635],[-5.953827,37.296635],[-5.953791,37.296607],[-5.953791,37.296578],[-5.953791,37.29655],[-5.953791,37.296521],[-5.953791,37.296493],[-5.953827,37.296493],[-5.953863,37.296493],[-5.953899,37.296493],[-5.953899,37.296521],[-5.953935,37.296521],[-5.953935,37.29655],[-5.953971,37.29655],[-5.954007,37.29655],[-5.954007,37.296578],[-5.954043,37.296578],[-5.954079,37.296578],[-5.954079,37.29655],[-5.954115,37.29655],[-5.954115,37.296578],[-5.954115,37.296607],[-5.95415,37.296607],[-5.95415,37.296578],[-5.954186,37.296578],[-5.954222,37.29655],[-5.954222,37.296521],[-5.954258,37.296521],[-5.954258,37.296493],[-5.954294,37.296493],[-5.954294,37.296464],[-5.95433,37.296464],[-5.954366,37.296464],[-5.954366,37.296435],[-5.954402,37.296435],[-5.954402,37.296464],[-5.954438,37.296464],[-5.954474,37.296464],[-5.95451,37.296435],[-5.954546,37.296435],[-5.954618,37.296407],[-5.954654,37.296407],[-5.954654,37.296378],[-5.954689,37.296378],[-5.954725,37.296378],[-5.954725,37.29635],[-5.954761,37.29635],[-5.954797,37.29635],[-5.954797,37.296321],[-5.954833,37.296321],[-5.954869,37.296321],[-5.954869,37.296292],[-5.954905,37.296292],[-5.954941,37.296292],[-5.954977,37.296264],[-5.955013,37.296264],[-5.955049,37.296235],[-5.955085,37.296235],[-5.955121,37.296235],[-5.955157,37.296235],[-5.955157,37.296207],[-5.955193,37.296207],[-5.955228,37.296207],[-5.955264,37.296207],[-5.9553,37.296207],[-5.955336,37.296207],[-5.955372,37.296207],[-5.955408,37.296207],[-5.955444,37.296207],[-5.95548,37.296178],[-5.955516,37.296178],[-5.955552,37.296178],[-5.955588,37.296178],[-5.955588,37.29615],[-5.955624,37.29615],[-5.955624,37.296121],[-5.95566,37.296121],[-5.955696,37.29615],[-5.955732,37.29615],[-5.955732,37.296121],[-5.955767,37.296121],[-5.955732,37.296092],[-5.955696,37.296092],[-5.955696,37.296064],[-5.95566,37.296064],[-5.95566,37.296035],[-5.955624,37.296035],[-5.955588,37.296035],[-5.955552,37.296035],[-5.955552,37.296007],[-5.955516,37.296007],[-5.955516,37.295978],[-5.955552,37.295978],[-5.955588,37.295978],[-5.955624,37.295978],[-5.955624,37.295949],[-5.95566,37.295949],[-5.955696,37.295949],[-5.955696,37.295921],[-5.955696,37.295892],[-5.955732,37.295921],[-5.955767,37.295921],[-5.955803,37.295921],[-5.955839,37.295892],[-5.955911,37.295892]]]]},"properties":{"FID":1706,"ID_ZONA":"ES050_APSFR_BG061-01_T010","ZONA":"Arroyo de las Culebras en Dos Hermanas","TIPO_ZONA":"Q Periodo de retorno T10","RIO":"Arroyo de Baena; Río Guadaira","LONG_KM":7.65,"HIPOTESIS":"Q10 régimen natural","HIDROLOGIA":"CAUMAX","PRECISION_":"MDT 1x1 procedente de LIDAR IGN PNOA","HIDRAUL":"IBER","ESTUDIO":"SNCZI. Zonas inundables del sistema bajo del Guadalquivir","TIPO_EST":"Estudio de Desarrollo del SNCZI","DOCUMENTO":"Implantación y seguimiento del plan de gestión del riesgo de inundación de las demarcaciones hidrográficas del Guadalquivir, Ceuta y Melilla. Fase 1. Revisión de la EPRI y mapas de peligrosidad y riesgo de inundación","FECHA_APRO":1587340800000,"FECHA_GEO":"05/2014","ORGANISMO":"Ministerio para la transición ecológica","CLAVE_EXPE":"05.840-0015/0411","DEMARCACIO":"Guadalquivir","ID_DEMAR":51,"Q_M3_S":"15; 495","ZI_DIRECTI":"ES050_APSFR_BG061","CICLO":2,"Shape_Leng":21213.1516729,"Fecha_Lim":1745107200000,"Shape_Le_1":0.220036056911,"Shape__Area":5.7315128131563142E-05,"Shape__Length":0.22003605694958153}},{"type":"Feature","id":1683,"geometry":{"type":"MultiPolygon","coordinates":[[[[-6.040065,37.458964],[-6.04064,37.458993],[-6.041071,37.459021],[-6.041431,37.459021],[-6.041431,37.459078],[-6.041467,37.459164],[-6.041395,37.459221],[-6.041395,37.459392],[-6.041323,37.45942],[-6.041395,37.459534],[-6.041359,37.459563],[-6.041323,37.459677],[-6.041323,37.459991],[-6.041287,37.460019],[-6.041323,37.460076],[-6.041323,37.460219],[-6.041287,37.460219],[-6.041251,37.460305],[-6.041323,37.460447],[-6.041323,37.460504],[-6.041215,37.460533],[-6.041179,37.460561],[-6.041179,37.460818],[-6.041179,37.460961],[-6.041143,37.461018],[-6.041143,37.461388],[-6.041071,37.461702],[-6.041071,37.461845],[-6.041036,37.461873],[-6.041036,37.462044],[-6.040856,37.462529],[-6.040892,37.462586],[-6.040856,37.462757],[-6.040784,37.462843],[-6.040784,37.463014],[-6.040712,37.463128],[-6.040676,37.463242],[-6.040532,37.463442],[-6.040497,37.463642],[-6.040425,37.463699],[-6.040425,37.463813],[-6.040353,37.46387],[-6.040245,37.464098],[-6.040173,37.464155],[-6.040173,37.464241],[-6.040101,37.464298],[-6.040173,37.464383],[-6.039993,37.464526],[-6.039922,37.464526],[-6.039922,37.464583],[-6.03985,37.46464],[-6.03985,37.464668],[-6.03967,37.464811],[-6.039562,37.465011],[-6.03949,37.465068],[-6.039455,37.465125],[-6.03949,37.465182],[-6.039311,37.465353],[-6.039311,37.46541],[-6.039131,37.465524],[-6.039059,37.465524],[-6.039023,37.46561],[-6.038916,37.465638],[-6.038951,37.465724],[-6.038987,37.465724],[-6.039167,37.465724],[-6.039275,37.465752],[-6.039347,37.465752],[-6.039419,37.465781],[-6.039562,37.465752],[-6.039742,37.465752],[-6.039958,37.465809],[-6.040137,37.465781],[-6.040281,37.465809],[-6.040281,37.465866],[-6.040353,37.465838],[-6.040425,37.465866],[-6.040568,37.465838],[-6.040568,37.465895],[-6.040712,37.465866],[-6.04082,37.465895],[-6.040892,37.465866],[-6.040964,37.465923],[-6.041179,37.465895],[-6.041215,37.465952],[-6.041251,37.466009],[-6.041539,37.466094],[-6.041575,37.466151],[-6.041431,37.46618],[-6.041395,37.466094],[-6.041287,37.466094],[-6.041143,37.466009],[-6.041071,37.466009],[-6.041036,37.46598],[-6.040568,37.46598],[-6.040532,37.466009],[-6.040532,37.466094],[-6.040676,37.466151],[-6.040676,37.466208],[-6.040604,37.466237],[-6.040568,37.466151],[-6.040497,37.466151],[-6.040425,37.46598],[-6.040317,37.46598],[-6.040209,37.465923],[-6.040137,37.465923],[-6.040101,37.46598],[-6.039993,37.466009],[-6.039993,37.46598],[-6.03985,37.46598],[-6.039814,37.465952],[-6.039742,37.466009],[-6.03967,37.466009],[-6.039598,37.465923],[-6.039383,37.465952],[-6.039347,37.465895],[-6.039275,37.465895],[-6.039167,37.465895],[-6.039131,37.46598],[-6.039059,37.466009],[-6.039023,37.46598],[-6.038987,37.465923],[-6.03888,37.465895],[-6.038844,37.465838],[-6.038736,37.465809],[-6.038736,37.465895],[-6.038628,37.46598],[-6.038592,37.466094],[-6.03852,37.466123],[-6.038377,37.466237],[-6.038377,37.466294],[-6.038305,37.466437],[-6.037873,37.46675],[-6.037694,37.466807],[-6.037514,37.467007],[-6.037299,37.467093],[-6.037119,37.467264],[-6.036939,37.467663],[-6.034568,37.467749],[-6.034568,37.46772],[-6.03464,37.467691],[-6.03464,37.467634],[-6.034747,37.467634],[-6.034711,37.46752],[-6.034855,37.467406],[-6.034891,37.467321],[-6.034999,37.467264],[-6.034999,37.467178],[-6.035071,37.467121],[-6.035179,37.467121],[-6.035143,37.467007],[-6.035394,37.466836],[-6.035394,37.466722],[-6.035502,37.466665],[-6.035538,37.466665],[-6.03561,37.466722],[-6.03561,37.466636],[-6.035646,37.466579],[-6.035789,37.466579],[-6.035825,37.466551],[-6.035789,37.466465],[-6.035861,37.466437],[-6.035897,37.46638],[-6.035933,37.46638],[-6.036005,37.466237],[-6.036077,37.466237],[-6.036149,37.46618],[-6.036149,37.466151],[-6.036257,37.466066],[-6.036257,37.46598],[-6.036436,37.465866],[-6.036436,37.465838],[-6.036544,37.465752],[-6.036544,37.465695],[-6.036724,37.465552],[-6.036795,37.465524],[-6.037047,37.465324],[-6.037083,37.465267],[-6.037155,37.465267],[-6.037263,37.465153],[-6.037334,37.465153],[-6.037442,37.465011],[-6.037442,37.464982],[-6.037622,37.464925],[-6.037622,37.464811],[-6.037694,37.464782],[-6.037694,37.464725],[-6.037766,37.464668],[-6.03773,37.464554],[-6.03773,37.464469],[-6.037802,37.46444],[-6.037802,37.464383],[-6.037909,37.464298],[-6.037981,37.464155],[-6.038053,37.464126],[-6.038053,37.464069],[-6.038233,37.463955],[-6.03852,37.463356],[-6.038628,37.463299],[-6.038628,37.463271],[-6.038844,37.463071],[-6.038844,37.463043],[-6.039239,37.462729],[-6.039275,37.462615],[-6.039311,37.462558],[-6.039311,37.462501],[-6.039419,37.462244],[-6.039419,37.461902],[-6.039526,37.461759],[-6.039526,37.461702],[-6.039562,37.461645],[-6.039562,37.46156],[-6.039634,37.461502],[-6.039634,37.461445],[-6.039706,37.46136],[-6.039706,37.461075],[-6.039814,37.461018],[-6.039778,37.460818],[-6.039886,37.460704],[-6.039922,37.460476],[-6.040065,37.459962],[-6.040173,37.459848],[-6.040137,37.459706],[-6.040137,37.459335],[-6.040065,37.458964]]],[[[-6.040317,37.461331],[-6.040317,37.461388],[-6.040281,37.461417],[-6.040281,37.46156],[-6.040173,37.461731],[-6.040245,37.461759],[-6.040281,37.461845],[-6.040317,37.461902],[-6.040389,37.461759],[-6.040461,37.461731],[-6.040461,37.461645],[-6.040425,37.461645],[-6.040425,37.461617],[-6.040353,37.46156],[-6.040389,37.461445],[-6.040317,37.461331]]],[[[-6.03949,37.463328],[-6.039347,37.463328],[-6.039203,37.463442],[-6.039167,37.463613],[-6.039059,37.46367],[-6.039023,37.46387],[-6.038951,37.463898],[-6.039023,37.463898],[-6.039131,37.463955],[-6.039311,37.463841],[-6.039311,37.463784],[-6.039383,37.463727],[-6.039347,37.463642],[-6.039419,37.463556],[-6.039455,37.463528],[-6.03949,37.463385],[-6.03949,37.463328]]],[[[-6.04161,37.45865],[-6.04161,37.458679],[-6.041646,37.458736],[-6.041467,37.45885],[-6.041467,37.458935],[-6.041467,37.458964],[-6.041036,37.458935],[-6.040532,37.458935],[-6.03985,37.458907],[-6.039778,37.458764],[-6.04161,37.45865]]],[[[-6.000216,37.458365],[-6.000575,37.458422],[-6.000611,37.458536],[-6.000611,37.458622],[-6.000719,37.458622],[-6.000755,37.458565],[-6.000827,37.458565],[-6.000899,37.458622],[-6.001007,37.458508],[-6.001078,37.458593],[-6.001186,37.458565],[-6.00151,37.458679],[-6.001617,37.458679],[-6.001653,37.458622],[-6.001905,37.45865],[-6.002085,37.458622],[-6.002444,37.458707],[-6.002588,37.458679],[-6.003773,37.460875],[-6.003773,37.460932],[-6.003809,37.460961],[-6.003809,37.461018],[-6.003881,37.461075],[-6.003881,37.46116],[-6.003917,37.461189],[-6.003917,37.461417],[-6.003845,37.461445],[-6.003809,37.46136],[-6.003881,37.461331],[-6.003881,37.461246],[-6.003845,37.461246],[-6.003809,37.461189],[-6.003773,37.46116],[-6.003773,37.461217],[-6.003666,37.461217],[-6.003666,37.461274],[-6.003737,37.461331],[-6.003702,37.461502],[-6.003773,37.461502],[-6.003773,37.461588],[-6.003737,37.461645],[-6.003666,37.461645],[-6.003558,37.461731],[-6.00345,37.461702],[-6.003342,37.461788],[-6.003127,37.461816],[-6.003091,37.461873],[-6.002839,37.461873],[-6.002767,37.461959],[-6.00248,37.461959],[-6.002372,37.462044],[-6.002192,37.462044],[-6.002192,37.462073],[-6.002121,37.462044],[-6.002049,37.462073],[-6.002013,37.462016],[-6.001905,37.46213],[-6.001653,37.46213],[-6.001546,37.462073],[-6.001366,37.462073],[-6.001294,37.462101],[-6.001222,37.462187],[-6.001007,37.462187],[-6.000971,37.462158],[-6.000899,37.462158],[-6.000575,37.462301],[-6.000504,37.462358],[-6.000468,37.462387],[-6.000432,37.46233],[-6.000396,37.462387],[-6.000324,37.462387],[-6.000252,37.462444],[-5.999677,37.462472],[-5.999641,37.462501],[-5.999533,37.46233],[-5.999426,37.462387],[-5.99921,37.462387],[-5.999138,37.462358],[-5.999066,37.462387],[-5.999102,37.462301],[-5.999318,37.462044],[-5.999318,37.462016],[-5.998923,37.461902],[-5.998815,37.461788],[-5.998527,37.461816],[-5.998455,37.461816],[-5.998455,37.461873],[-5.998384,37.461845],[-5.998348,37.461674],[-5.998419,37.461474],[-5.998132,37.461246],[-5.998132,37.461217],[-5.99806,37.46116],[-5.99806,37.461132],[-5.997988,37.461132],[-5.99788,37.461217],[-5.997701,37.461303],[-5.997557,37.461417],[-5.997485,37.461417],[-5.997449,37.461474],[-5.997377,37.461502],[-5.997377,37.46156],[-5.996946,37.461588],[-5.996587,37.46156],[-5.996587,37.461645],[-5.996371,37.461702],[-5.996299,37.461531],[-5.996407,37.461474],[-5.996443,37.461445],[-5.996587,37.461445],[-5.996731,37.46136],[-5.996767,37.461388],[-5.996623,37.461502],[-5.99727,37.461474],[-5.997306,37.461331],[-5.997341,37.461303],[-5.997341,37.461246],[-5.997485,37.460961],[-5.997485,37.460904],[-5.997413,37.460904],[-5.997413,37.460846],[-5.997341,37.460875],[-5.99727,37.460818],[-5.99727,37.460932],[-5.997234,37.460932],[-5.996982,37.460789],[-5.996767,37.460761],[-5.996587,37.460818],[-5.996587,37.460875],[-5.996443,37.460789],[-5.996371,37.460789],[-5.996228,37.460904],[-5.996012,37.460875],[-5.995976,37.460846],[-5.995868,37.460846],[-5.995832,37.460904],[-5.995796,37.460932],[-5.995509,37.460932],[-5.995473,37.460961],[-5.995437,37.460961],[-5.995401,37.461046],[-5.995437,37.461018],[-5.995473,37.461217],[-5.995509,37.460989],[-5.995545,37.461217],[-5.995689,37.461246],[-5.99576,37.461274],[-5.99576,37.461331],[-5.995868,37.461388],[-5.995904,37.461502],[-5.99612,37.461445],[-5.996228,37.461531],[-5.996264,37.461816],[-5.996012,37.462016],[-5.995868,37.461674],[-5.995868,37.46156],[-5.995473,37.461303],[-5.995473,37.461246],[-5.995257,37.461217],[-5.995257,37.461103],[-5.995186,37.461103],[-5.995114,37.461018],[-5.995042,37.461046],[-5.994934,37.461132],[-5.994718,37.461132],[-5.994611,37.461217],[-5.994395,37.461217],[-5.994359,37.461246],[-5.994143,37.461274],[-5.994036,37.461246],[-5.994,37.461303],[-5.993856,37.461303],[-5.99382,37.461417],[-5.99364,37.461445],[-5.99364,37.461531],[-5.993389,37.461531],[-5.993353,37.461588],[-5.993066,37.461617],[-5.993066,37.461674],[-5.992886,37.461702],[-5.992886,37.461731],[-5.992778,37.461759],[-5.992634,37.461873],[-5.992527,37.461845],[-5.992347,37.461902],[-5.992239,37.462044],[-5.992239,37.462187],[-5.99188,37.462187],[-5.991844,37.46213],[-5.991628,37.462158],[-5.991556,37.462216],[-5.991341,37.462216],[-5.991341,37.462358],[-5.991017,37.462387],[-5.990945,37.462444],[-5.99073,37.462444],[-5.990658,37.462529],[-5.990622,37.462529],[-5.990622,37.462672],[-5.99055,37.462672],[-5.990478,37.462757],[-5.990406,37.462672],[-5.990299,37.462672],[-5.990119,37.462843],[-5.989903,37.462843],[-5.98976,37.462929],[-5.989688,37.462929],[-5.989652,37.462957],[-5.98958,37.462957],[-5.989544,37.463014],[-5.989293,37.4631],[-5.989221,37.463157],[-5.989221,37.463299],[-5.989041,37.463413],[-5.988718,37.463413],[-5.988358,37.463756],[-5.988143,37.463699],[-5.988179,37.463756],[-5.988107,37.463756],[-5.988107,37.46387],[-5.988071,37.463898],[-5.987963,37.463927],[-5.987891,37.46387],[-5.987783,37.46387],[-5.987783,37.463927],[-5.987747,37.463927],[-5.987604,37.464041],[-5.98746,37.464041],[-5.987424,37.464183],[-5.987244,37.464183],[-5.987244,37.464326],[-5.987065,37.464355],[-5.987029,37.464469],[-5.986921,37.464469],[-5.986813,37.46444],[-5.986598,37.46464],[-5.986382,37.46464],[-5.986346,37.464782],[-5.986202,37.464811],[-5.986202,37.464954],[-5.986166,37.464954],[-5.986131,37.465011],[-5.986059,37.465068],[-5.986059,37.465096],[-5.985987,37.465125],[-5.985951,37.465296],[-5.985843,37.465296],[-5.985663,37.465381],[-5.985663,37.46541],[-5.98552,37.465467],[-5.985376,37.465552],[-5.985017,37.465724],[-5.984837,37.465866],[-5.984621,37.465923],[-5.984621,37.465952],[-5.984585,37.465952],[-5.984621,37.466009],[-5.98437,37.466208],[-5.984478,37.466351],[-5.984549,37.466408],[-5.984585,37.466494],[-5.984693,37.466608],[-5.984693,37.466693],[-5.984837,37.466807],[-5.984837,37.466864],[-5.984909,37.466893],[-5.984909,37.467007],[-5.984981,37.467007],[-5.984981,37.467093],[-5.985053,37.467207],[-5.985088,37.467435],[-5.98516,37.467577],[-5.985232,37.467634],[-5.985268,37.467691],[-5.98534,37.468005],[-5.98534,37.468262],[-5.985412,37.468376],[-5.985412,37.46849],[-5.985376,37.468547],[-5.985376,37.468604],[-5.985412,37.468604],[-5.985412,37.46869],[-5.985304,37.468747],[-5.985412,37.468918],[-5.985484,37.468918],[-5.985627,37.469032],[-5.985699,37.46906],[-5.985735,37.469174],[-5.985771,37.469174],[-5.984837,37.469203],[-5.982753,37.46926],[-5.980345,37.469346],[-5.980381,37.469232],[-5.980741,37.46906],[-5.980777,37.468975],[-5.980956,37.468832],[-5.981028,37.46869],[-5.9811,37.468661],[-5.9811,37.468547],[-5.981244,37.46849],[-5.981244,37.468433],[-5.98128,37.468347],[-5.981351,37.468319],[-5.981387,37.468233],[-5.981495,37.468319],[-5.981495,37.468376],[-5.981603,37.468404],[-5.981711,37.468404],[-5.981711,37.468347],[-5.981855,37.468319],[-5.981819,37.468119],[-5.981675,37.468119],[-5.981675,37.468005],[-5.981603,37.467977],[-5.981819,37.467806],[-5.981998,37.467806],[-5.98207,37.467749],[-5.98207,37.467663],[-5.982034,37.467634],[-5.982034,37.467492],[-5.981855,37.467463],[-5.981855,37.467435],[-5.981998,37.467321],[-5.982034,37.467007],[-5.982142,37.466836],[-5.982142,37.466722],[-5.982178,37.466665],[-5.982178,37.466408],[-5.982322,37.466294],[-5.982322,37.466237],[-5.982394,37.46618],[-5.982394,37.466066],[-5.982429,37.466037],[-5.982537,37.465895],[-5.982537,37.465752],[-5.982681,37.46561],[-5.982681,37.465495],[-5.982753,37.465495],[-5.982753,37.46541],[-5.982897,37.465267],[-5.982897,37.46521],[-5.983004,37.465125],[-5.983004,37.465039],[-5.983184,37.464954],[-5.983148,37.464897],[-5.98322,37.464868],[-5.98322,37.464811],[-5.983328,37.464754],[-5.983364,37.46464],[-5.983579,37.464497],[-5.983615,37.464412],[-5.983831,37.464212],[-5.983867,37.464155],[-5.983975,37.464098],[-5.98401,37.463984],[-5.984118,37.463955],[-5.984262,37.463841],[-5.98437,37.463784],[-5.984478,37.46367],[-5.984657,37.463642],[-5.984657,37.463499],[-5.984765,37.463499],[-5.984837,37.463442],[-5.984909,37.463442],[-5.984981,37.463328],[-5.98516,37.463271],[-5.985412,37.463014],[-5.98552,37.463014],[-5.985663,37.4629],[-5.985807,37.462843],[-5.985807,37.462786],[-5.985915,37.462757],[-5.985915,37.462729],[-5.986095,37.462672],[-5.986131,37.462615],[-5.986274,37.462558],[-5.986382,37.462558],[-5.986382,37.462501],[-5.98649,37.462444],[-5.98649,37.462415],[-5.986562,37.462387],[-5.986562,37.462358],[-5.986598,37.462387],[-5.986634,37.462358],[-5.986777,37.462273],[-5.986849,37.462244],[-5.986957,37.462216],[-5.987029,37.46213],[-5.987137,37.46213],[-5.987208,37.462044],[-5.987496,37.461959],[-5.987532,37.461873],[-5.987712,37.461873],[-5.987819,37.461816],[-5.987963,37.461816],[-5.987963,37.461788],[-5.988071,37.461788],[-5.988071,37.461759],[-5.988179,37.461731],[-5.988179,37.461702],[-5.988251,37.461674],[-5.988286,37.461702],[-5.988358,37.461645],[-5.98843,37.461645],[-5.988538,37.461531],[-5.988646,37.46156],[-5.988646,37.461531],[-5.988682,37.461531],[-5.988718,37.461474],[-5.988825,37.461474],[-5.988825,37.461445],[-5.988969,37.461417],[-5.988969,37.461388],[-5.989041,37.46136],[-5.989077,37.461303],[-5.989185,37.461303],[-5.989185,37.461246],[-5.989149,37.461217],[-5.989149,37.46116],[-5.989257,37.46116],[-5.989329,37.461189],[-5.9894,37.461189],[-5.9894,37.461132],[-5.989544,37.46116],[-5.989616,37.461132],[-5.989688,37.461018],[-5.989867,37.461018],[-5.989867,37.460989],[-5.989975,37.460932],[-5.989939,37.460904],[-5.990047,37.460904],[-5.990227,37.460704],[-5.990299,37.460704],[-5.990371,37.460647],[-5.990478,37.460675],[-5.990478,37.46059],[-5.990766,37.46059],[-5.99073,37.460533],[-5.990766,37.460504],[-5.990802,37.46039],[-5.99091,37.46039],[-5.99091,37.460276],[-5.990945,37.460276],[-5.991017,37.460219],[-5.991089,37.460219],[-5.991269,37.460076],[-5.991556,37.460048],[-5.991772,37.459905],[-5.99188,37.459905],[-5.991988,37.460076],[-5.992167,37.460019],[-5.992275,37.459934],[-5.992239,37.45982],[-5.992167,37.459763],[-5.992239,37.459677],[-5.992347,37.459649],[-5.992455,37.459591],[-5.992742,37.459591],[-5.992922,37.459563],[-5.992994,37.45962],[-5.993066,37.459591],[-5.993137,37.459677],[-5.993245,37.459677],[-5.993245,37.459649],[-5.993389,37.459649],[-5.993461,37.459591],[-5.993497,37.459591],[-5.993497,37.459534],[-5.993604,37.459477],[-5.993712,37.459506],[-5.993676,37.45942],[-5.993712,37.459392],[-5.99382,37.459392],[-5.993856,37.459363],[-5.993964,37.459335],[-5.994036,37.459392],[-5.994359,37.459392],[-5.994395,37.45942],[-5.994431,37.459363],[-5.994503,37.459363],[-5.994539,37.459306],[-5.994647,37.459306],[-5.994647,37.459335],[-5.994754,37.459335],[-5.994754,37.459278],[-5.994826,37.459278],[-5.994826,37.459249],[-5.994898,37.459221],[-5.994934,37.459192],[-5.995042,37.459135],[-5.995186,37.459164],[-5.995221,37.459107],[-5.995293,37.459107],[-5.995365,37.459164],[-5.995401,37.459107],[-5.995437,37.459107],[-5.995473,37.459021],[-5.99576,37.459021],[-5.995904,37.458964],[-5.996228,37.458935],[-5.996299,37.458878],[-5.996371,37.458878],[-5.996479,37.458793],[-5.996587,37.458821],[-5.996623,37.458878],[-5.996731,37.458878],[-5.996946,37.45885],[-5.997018,37.458793],[-5.997234,37.458793],[-5.997306,37.458764],[-5.997341,37.458736],[-5.997413,37.458736],[-5.997413,37.458764],[-5.997521,37.458764],[-5.997521,37.458736],[-5.998168,37.458736],[-5.998168,37.458707],[-5.998348,37.458707],[-5.998455,37.45865],[-5.998491,37.45865],[-5.998527,37.458679],[-5.998779,37.458679],[-5.998815,37.458622],[-5.998923,37.458622],[-5.999066,37.458593],[-5.999174,37.458593],[-5.999246,37.458593],[-5.999677,37.458565],[-5.999677,37.458508],[-5.999749,37.458536],[-5.999785,37.45865],[-6.000252,37.458622],[-6.000288,37.458536],[-6.000216,37.458451],[-6.000216,37.458365]]],[[[-6.007942,37.454457],[-6.008049,37.454486],[-6.008445,37.454543],[-6.009918,37.454771],[-6.010133,37.4548],[-6.010133,37.454828],[-6.010205,37.454914],[-6.010205,37.454942],[-6.010205,37.455028],[-6.010169,37.455313],[-6.010169,37.455513],[-6.010169,37.455541],[-6.010169,37.455684],[-6.010169,37.455712],[-6.010205,37.455826],[-6.010205,37.456083],[-6.010169,37.456083],[-6.010133,37.456112],[-6.010133,37.456311],[-6.00999,37.456568],[-6.010026,37.456654],[-6.00999,37.456654],[-6.009918,37.456825],[-6.00981,37.456882],[-6.00981,37.456939],[-6.009666,37.456996],[-6.009702,37.457081],[-6.00963,37.457138],[-6.00963,37.457224],[-6.009666,37.457253],[-6.009595,37.457338],[-6.009595,37.457424],[-6.009559,37.457481],[-6.009523,37.457623],[-6.009343,37.457737],[-6.009307,37.457737],[-6.009199,37.457937],[-6.009056,37.457937],[-6.009056,37.458023],[-6.009056,37.458165],[-6.008984,37.458194],[-6.008948,37.458251],[-6.008876,37.458279],[-6.00884,37.458394],[-6.008732,37.458422],[-6.008732,37.458479],[-6.008696,37.458479],[-6.008624,37.458536],[-6.008552,37.45865],[-6.008301,37.45885],[-6.008301,37.458935],[-6.008265,37.458935],[-6.008085,37.459107],[-6.008013,37.459107],[-6.007942,37.459164],[-6.007834,37.459164],[-6.007798,37.459221],[-6.007726,37.459221],[-6.007726,37.459335],[-6.007798,37.459363],[-6.007798,37.459449],[-6.007618,37.459449],[-6.007546,37.459534],[-6.00751,37.459534],[-6.007403,37.45962],[-6.007367,37.45982],[-6.007151,37.459848],[-6.007187,37.459877],[-6.007079,37.459905],[-6.007079,37.459934],[-6.007007,37.459991],[-6.006864,37.459991],[-6.006828,37.460105],[-6.00672,37.460162],[-6.006648,37.460133],[-6.006504,37.460133],[-6.006432,37.460162],[-6.006325,37.460162],[-6.006289,37.460133],[-6.006181,37.460133],[-6.006181,37.460162],[-6.006001,37.460162],[-6.005965,37.460219],[-6.005858,37.460219],[-6.005822,37.460276],[-6.005642,37.460305],[-6.005534,37.460419],[-6.005426,37.460447],[-6.005354,37.460504],[-6.005283,37.460533],[-6.005247,37.460504],[-6.005211,37.460504],[-6.005031,37.460675],[-6.004959,37.460675],[-6.004887,37.460618],[-6.004636,37.460618],[-6.004528,37.460533],[-6.004456,37.460561],[-6.004348,37.460647],[-6.004169,37.460647],[-6.004205,37.460932],[-6.004276,37.460989],[-6.004169,37.461046],[-6.004205,37.461132],[-6.004169,37.461189],[-6.004061,37.46116],[-6.004061,37.461046],[-6.003989,37.461046],[-6.003989,37.460989],[-6.003917,37.460904],[-6.003917,37.460818],[-6.003845,37.460818],[-6.003486,37.460105],[-6.002803,37.45885],[-6.002731,37.45865],[-6.002803,37.458707],[-6.002875,37.45865],[-6.003198,37.45865],[-6.003342,37.458679],[-6.00345,37.458679],[-6.003522,37.45865],[-6.003702,37.458679],[-6.004025,37.45865],[-6.004276,37.458593],[-6.004528,37.458479],[-6.004815,37.458451],[-6.004923,37.458394],[-6.004959,37.458422],[-6.005103,37.458394],[-6.005139,37.458365],[-6.00557,37.458336],[-6.005678,37.458279],[-6.005893,37.458279],[-6.005929,37.458165],[-6.006001,37.458165],[-6.006145,37.458165],[-6.006181,37.458137],[-6.006217,37.458108],[-6.006217,37.45808],[-6.006289,37.458051],[-6.006325,37.457937],[-6.006361,37.457937],[-6.006397,37.457937],[-6.006648,37.45768],[-6.00672,37.45768],[-6.00672,37.457623],[-6.006864,37.457509],[-6.006864,37.457481],[-6.006935,37.457481],[-6.006935,37.457424],[-6.007223,37.457224],[-6.007187,37.457167],[-6.007367,37.456996],[-6.007367,37.45691],[-6.007474,37.456853],[-6.00751,37.456853],[-6.00751,37.456682],[-6.007582,37.456654],[-6.007582,37.456368],[-6.00751,37.456055],[-6.007618,37.455969],[-6.007582,37.455969],[-6.007582,37.455912],[-6.007654,37.455883],[-6.007654,37.455769],[-6.00769,37.455741],[-6.00769,37.455655],[-6.00769,37.45557],[-6.007726,37.455513],[-6.007834,37.455427],[-6.00787,37.455199],[-6.007762,37.455142],[-6.007798,37.455142],[-6.007978,37.454971],[-6.008013,37.454914],[-6.008013,37.454885],[-6.007978,37.454685],[-6.008049,37.454657],[-6.008049,37.4546],[-6.007942,37.454514],[-6.00787,37.454514],[-6.007942,37.454457]]],[[[-5.993317,37.428438],[-5.993425,37.428609],[-5.992527,37.428952],[-5.991916,37.42918],[-5.991556,37.429323],[-5.99152,37.429323],[-5.991377,37.42938],[-5.991305,37.429408],[-5.990945,37.429551],[-5.99091,37.429551],[-5.990586,37.429694],[-5.99055,37.429694],[-5.990406,37.429751],[-5.990263,37.429808],[-5.990083,37.429865],[-5.990047,37.429865],[-5.990047,37.429808],[-5.989975,37.429865],[-5.989867,37.429865],[-5.989867,37.429836],[-5.989939,37.429836],[-5.990047,37.429722],[-5.990155,37.429694],[-5.990227,37.429665],[-5.990299,37.429637],[-5.990514,37.429551],[-5.990586,37.429523],[-5.99091,37.429408],[-5.990945,37.42938],[-5.991125,37.429294],[-5.991197,37.429294],[-5.991377,37.429209],[-5.991377,37.429095],[-5.991413,37.429066],[-5.991556,37.429037],[-5.991556,37.429123],[-5.991736,37.429095],[-5.991736,37.429066],[-5.992095,37.428923],[-5.992131,37.428895],[-5.992131,37.428781],[-5.992239,37.428809],[-5.992275,37.428838],[-5.992383,37.428809],[-5.992419,37.428781],[-5.992562,37.428724],[-5.99267,37.428695],[-5.993245,37.428467],[-5.993317,37.428438]]],[[[-6.001114,37.425899],[-6.001186,37.425984],[-6.001078,37.425984],[-6.001043,37.425927],[-6.001114,37.425899]]],[[[-6.002803,37.424472],[-6.002624,37.424729],[-6.002444,37.424957],[-6.002228,37.425157],[-6.002013,37.425299],[-6.001905,37.425356],[-6.001797,37.425385],[-6.001653,37.425442],[-6.001366,37.425556],[-6.001043,37.42567],[-6.001007,37.425727],[-6.001007,37.425784],[-6.000935,37.425813],[-6.000899,37.425784],[-6.000899,37.425756],[-5.998168,37.426812],[-5.998096,37.426812],[-5.997988,37.426869],[-5.997952,37.426897],[-5.997737,37.426954],[-5.997701,37.426983],[-5.997521,37.42704],[-5.997341,37.427126],[-5.997162,37.427183],[-5.996982,37.42724],[-5.996982,37.427268],[-5.996802,37.427325],[-5.996767,37.427325],[-5.996731,37.427354],[-5.996695,37.427354],[-5.996551,37.427411],[-5.996515,37.42744],[-5.996371,37.427497],[-5.996264,37.427525],[-5.996228,37.427525],[-5.996084,37.427582],[-5.995904,37.427668],[-5.994898,37.428067],[-5.994575,37.428181],[-5.994539,37.428181],[-5.993461,37.428609],[-5.993353,37.42841],[-5.994539,37.427953],[-5.994647,37.427896],[-5.995042,37.427753],[-5.995078,37.427725],[-5.99515,37.427696],[-5.995221,37.427696],[-5.995329,37.427639],[-5.995473,37.427582],[-5.995617,37.427525],[-5.995653,37.427525],[-5.99576,37.427468],[-5.995868,37.42744],[-5.99594,37.427411],[-5.996479,37.427211],[-5.996659,37.427154],[-5.997054,37.426983],[-5.997234,37.426926],[-5.997306,37.426897],[-5.997377,37.426869],[-5.997413,37.42684],[-5.997557,37.426783],[-5.997665,37.426755],[-5.997701,37.426726],[-5.997845,37.426669],[-5.997952,37.426612],[-5.998743,37.426298],[-5.99903,37.426184],[-5.999174,37.426127],[-5.99921,37.426098],[-5.999354,37.42607],[-5.999354,37.426041],[-5.999533,37.425984],[-5.999605,37.425956],[-5.999713,37.425927],[-5.999929,37.425842],[-6,37.425813],[-6.00018,37.425727],[-6.00036,37.42567],[-6.000504,37.425613],[-6.000611,37.425556],[-6.000647,37.425556],[-6.000863,37.425699],[-6.000935,37.42567],[-6.000755,37.425499],[-6.001114,37.425356],[-6.00115,37.425356],[-6.001258,37.425299],[-6.001402,37.425242],[-6.001438,37.425242],[-6.00151,37.425214],[-6.001582,37.425185],[-6.001725,37.425128],[-6.001797,37.4251],[-6.001941,37.425043],[-6.001869,37.425043],[-6.001869,37.424871],[-6.002013,37.424871],[-6.002013,37.424814],[-6.002192,37.424729],[-6.002336,37.4247],[-6.002336,37.424672],[-6.002444,37.424643],[-6.002516,37.424586],[-6.002588,37.424586],[-6.002624,37.424557],[-6.002803,37.424472]]],[[[-6.00319,37.424393],[-6.003127,37.424529],[-6.002875,37.424814],[-6.00266,37.425014],[-6.002444,37.425157],[-6.0023,37.425214],[-6.002588,37.424928],[-6.002803,37.424672],[-6.002911,37.424557],[-6.002947,37.4245],[-6.003127,37.424443],[-6.00319,37.424393]]],[[[-6.003216,37.424336],[-6.003234,37.424358],[-6.00319,37.424393],[-6.003216,37.424336]]],[[[-6.003234,37.424301],[-6.003216,37.424336],[-6.003198,37.424301],[-6.003234,37.424301]]],[[[-6.007403,37.422845],[-6.007403,37.422902],[-6.007474,37.423273],[-6.007403,37.423273],[-6.007367,37.423245],[-6.007331,37.423245],[-6.007187,37.42333],[-6.007115,37.42333],[-6.006935,37.423416],[-6.006792,37.423473],[-6.006648,37.42353],[-6.006432,37.423616],[-6.006253,37.423673],[-6.006181,37.423701],[-6.006073,37.423758],[-6.006001,37.423787],[-6.005642,37.423901],[-6.005606,37.423958],[-6.005283,37.424072],[-6.005211,37.424072],[-6.004959,37.424186],[-6.004923,37.424186],[-6.003666,37.424672],[-6.00363,37.4247],[-6.003342,37.424814],[-6.00327,37.424843],[-6.003091,37.4249],[-6.002839,37.425014],[-6.002803,37.425014],[-6.003055,37.424757],[-6.003198,37.424586],[-6.003378,37.424329],[-6.003414,37.424329],[-6.00345,37.424301],[-6.003809,37.424272],[-6.004061,37.424215],[-6.004133,37.424186],[-6.004564,37.424015],[-6.006109,37.423416],[-6.007403,37.422845]]],[[[-6.015308,37.420391],[-6.015236,37.42042],[-6.015272,37.420391],[-6.015308,37.420391]]],[[[-6.016314,37.419364],[-6.017176,37.419364],[-6.017428,37.419364],[-6.017464,37.419392],[-6.017607,37.419421],[-6.017536,37.419449],[-6.016961,37.419649],[-6.012433,37.42139],[-6.012397,37.421333],[-6.012469,37.421162],[-6.012469,37.421104],[-6.012577,37.42099],[-6.012577,37.420962],[-6.012757,37.420734],[-6.012972,37.420477],[-6.013008,37.420448],[-6.01308,37.420391],[-6.013116,37.420334],[-6.013188,37.420248],[-6.013547,37.42002],[-6.013835,37.419877],[-6.013906,37.419849],[-6.014014,37.419792],[-6.014122,37.419763],[-6.014517,37.419649],[-6.015308,37.419449],[-6.015452,37.419449],[-6.015595,37.419421],[-6.016062,37.419364],[-6.016314,37.419364]]],[[[-6.021776,37.418679],[-6.021776,37.418821],[-6.021668,37.418821],[-6.021632,37.41885],[-6.021632,37.418879],[-6.021632,37.418964],[-6.02174,37.41905],[-6.02174,37.419078],[-6.021632,37.419107],[-6.02156,37.419164],[-6.021416,37.419164],[-6.021416,37.419192],[-6.021452,37.419221],[-6.021416,37.419335],[-6.02156,37.419421],[-6.02156,37.419449],[-6.021632,37.419478],[-6.021632,37.419535],[-6.021883,37.419706],[-6.021883,37.419735],[-6.022027,37.419849],[-6.021668,37.419877],[-6.021524,37.419763],[-6.021704,37.419934],[-6.021704,37.419963],[-6.021991,37.419963],[-6.021991,37.420191],[-6.021919,37.420334],[-6.021704,37.420277],[-6.021668,37.420334],[-6.021632,37.420334],[-6.021524,37.42042],[-6.02138,37.420477],[-6.02138,37.420791],[-6.021524,37.420905],[-6.02156,37.420933],[-6.021668,37.421019],[-6.021776,37.421104],[-6.021812,37.421133],[-6.021991,37.421304],[-6.022279,37.421618],[-6.022422,37.421761],[-6.023536,37.423159],[-6.023896,37.423587],[-6.023896,37.423701],[-6.024075,37.423701],[-6.024183,37.423673],[-6.024183,37.423644],[-6.024255,37.423587],[-6.024255,37.423387],[-6.024291,37.42333],[-6.024291,37.423245],[-6.024363,37.423131],[-6.02465,37.423074],[-6.024578,37.423273],[-6.024507,37.423387],[-6.024542,37.423587],[-6.024399,37.423815],[-6.024363,37.423815],[-6.024327,37.423873],[-6.024507,37.42393],[-6.024507,37.423844],[-6.024614,37.423844],[-6.024758,37.423758],[-6.02501,37.423844],[-6.025046,37.423901],[-6.025046,37.423987],[-6.024974,37.424044],[-6.024722,37.424072],[-6.024614,37.424044],[-6.024686,37.424158],[-6.024614,37.424215],[-6.024507,37.424186],[-6.024327,37.424244],[-6.024291,37.424301],[-6.024291,37.424386],[-6.024363,37.424443],[-6.024363,37.424814],[-6.024614,37.425014],[-6.02465,37.425014],[-6.024542,37.425071],[-6.024542,37.425471],[-6.024578,37.425499],[-6.024578,37.425613],[-6.024722,37.425699],[-6.024722,37.425813],[-6.024614,37.425842],[-6.024614,37.425899],[-6.024614,37.42607],[-6.024866,37.42607],[-6.024902,37.426127],[-6.024866,37.42627],[-6.024866,37.426469],[-6.024974,37.426526],[-6.024974,37.426555],[-6.024902,37.426669],[-6.025081,37.426698],[-6.025081,37.426897],[-6.025189,37.426954],[-6.025189,37.427097],[-6.025261,37.427154],[-6.025297,37.427582],[-6.025477,37.427696],[-6.025477,37.427753],[-6.025333,37.427896],[-6.025656,37.428124],[-6.025692,37.42821],[-6.025297,37.428181],[-6.025333,37.428695],[-6.025225,37.428895],[-6.025225,37.42898],[-6.025297,37.429037],[-6.025297,37.429123],[-6.025153,37.42958],[-6.025081,37.429951],[-6.02501,37.430008],[-6.024866,37.430236],[-6.024794,37.430692],[-6.024722,37.43075],[-6.024758,37.430835],[-6.025117,37.431406],[-6.025225,37.431491],[-6.025153,37.431919],[-6.025441,37.432148],[-6.025764,37.432262],[-6.025764,37.43249],[-6.026052,37.43269],[-6.026052,37.432747],[-6.026159,37.432804],[-6.026195,37.433004],[-6.026303,37.43346],[-6.026375,37.43366],[-6.026411,37.43386],[-6.026411,37.433917],[-6.026483,37.434031],[-6.026519,37.434345],[-6.026591,37.434573],[-6.026627,37.434601],[-6.026698,37.434573],[-6.026842,37.434573],[-6.026986,37.434459],[-6.02713,37.434516],[-6.027166,37.434573],[-6.027201,37.43463],[-6.027237,37.434687],[-6.027237,37.434858],[-6.027309,37.434858],[-6.027309,37.434887],[-6.027345,37.435001],[-6.027309,37.435029],[-6.027309,37.435115],[-6.027381,37.435115],[-6.027417,37.435201],[-6.027489,37.435229],[-6.027525,37.435315],[-6.027525,37.435486],[-6.027597,37.435514],[-6.027633,37.435629],[-6.027525,37.435743],[-6.027309,37.4358],[-6.027237,37.435914],[-6.027273,37.435942],[-6.027309,37.436085],[-6.027381,37.436114],[-6.027453,37.436285],[-6.027669,37.436599],[-6.02774,37.436684],[-6.027812,37.436798],[-6.027884,37.436827],[-6.02792,37.436913],[-6.028028,37.437027],[-6.0281,37.437112],[-6.028172,37.437141],[-6.028244,37.437255],[-6.028279,37.437312],[-6.028315,37.437398],[-6.028387,37.437512],[-6.028387,37.437569],[-6.028423,37.437683],[-6.028495,37.43774],[-6.028531,37.437911],[-6.028567,37.43794],[-6.028639,37.438025],[-6.028639,37.438168],[-6.028711,37.438311],[-6.028711,37.438396],[-6.028747,37.43851],[-6.028818,37.43871],[-6.028818,37.438767],[-6.028854,37.439024],[-6.02889,37.439024],[-6.02889,37.439338],[-6.028962,37.439338],[-6.028962,37.439509],[-6.028998,37.439594],[-6.028998,37.439623],[-6.028962,37.439908],[-6.029142,37.440051],[-6.029286,37.440336],[-6.029286,37.440393],[-6.029178,37.44045],[-6.029286,37.440564],[-6.029286,37.440707],[-6.029286,37.440764],[-6.02925,37.440964],[-6.029286,37.441192],[-6.029286,37.441392],[-6.02925,37.441506],[-6.029214,37.441848],[-6.02925,37.441905],[-6.029322,37.441934],[-6.029393,37.442019],[-6.029501,37.442105],[-6.029573,37.442134],[-6.029681,37.442191],[-6.029717,37.442276],[-6.029753,37.442276],[-6.029753,37.442305],[-6.029825,37.442362],[-6.02986,37.442419],[-6.03004,37.442533],[-6.030076,37.442562],[-6.03022,37.442647],[-6.030399,37.442761],[-6.030399,37.442904],[-6.030471,37.442961],[-6.030471,37.443161],[-6.030543,37.443189],[-6.030579,37.443332],[-6.030507,37.443389],[-6.030507,37.443417],[-6.030543,37.443474],[-6.030435,37.443503],[-6.030399,37.44376],[-6.030364,37.443817],[-6.030435,37.444016],[-6.030435,37.444045],[-6.030579,37.444131],[-6.030651,37.444016],[-6.030687,37.444131],[-6.030831,37.444159],[-6.030759,37.444216],[-6.030687,37.444216],[-6.030759,37.444359],[-6.03101,37.444444],[-6.030938,37.444701],[-6.030759,37.444701],[-6.030723,37.444616],[-6.030615,37.444587],[-6.030579,37.444587],[-6.030184,37.444444],[-6.030112,37.444387],[-6.029968,37.444359],[-6.029932,37.444473],[-6.029825,37.444501],[-6.029825,37.444559],[-6.029789,37.444616],[-6.029645,37.44473],[-6.02925,37.445072],[-6.02925,37.445101],[-6.029357,37.445272],[-6.029429,37.445272],[-6.029465,37.445329],[-6.029537,37.445357],[-6.029501,37.445528],[-6.029322,37.445643],[-6.029286,37.445643],[-6.029286,37.445671],[-6.029322,37.4457],[-6.029429,37.445871],[-6.029465,37.445985],[-6.029573,37.446099],[-6.029932,37.447012],[-6.02889,37.44704],[-6.028854,37.447069],[-6.028603,37.447126],[-6.028603,37.447155],[-6.028495,37.447183],[-6.028351,37.447297],[-6.0281,37.447411],[-6.028028,37.447839],[-6.028064,37.447839],[-6.028172,37.44801],[-6.028315,37.448039],[-6.028387,37.448182],[-6.028783,37.448495],[-6.028783,37.448524],[-6.02889,37.448609],[-6.028998,37.448781],[-6.029214,37.448724],[-6.029429,37.448752],[-6.029753,37.44898],[-6.029896,37.44898],[-6.02986,37.449123],[-6.030004,37.44918],[-6.03004,37.449266],[-6.029789,37.449266],[-6.02986,37.44938],[-6.030076,37.44938],[-6.030112,37.449351],[-6.030184,37.449323],[-6.03022,37.449266],[-6.030292,37.449266],[-6.030399,37.44918],[-6.030507,37.44918],[-6.030579,37.449094],[-6.030615,37.449094],[-6.030651,37.449009],[-6.030938,37.449009],[-6.03101,37.448952],[-6.032304,37.448895],[-6.032376,37.44898],[-6.032555,37.44898],[-6.032663,37.448895],[-6.032807,37.448895],[-6.032987,37.449037],[-6.033166,37.449037],[-6.033238,37.449009],[-6.03313,37.448923],[-6.033094,37.448724],[-6.03331,37.448552],[-6.033382,37.448524],[-6.03349,37.448724],[-6.033418,37.448923],[-6.033526,37.449151],[-6.033526,37.44918],[-6.033921,37.449151],[-6.033885,37.449294],[-6.033957,37.449323],[-6.034065,37.449294],[-6.034065,37.449209],[-6.034101,37.449151],[-6.034244,37.449151],[-6.034244,37.449209],[-6.03428,37.449294],[-6.034316,37.449351],[-6.034388,37.449437],[-6.034496,37.449465],[-6.034747,37.449494],[-6.034855,37.449408],[-6.034999,37.449437],[-6.035107,37.449494],[-6.035179,37.449494],[-6.035179,37.449465],[-6.035286,37.449465],[-6.035322,37.449551],[-6.035394,37.449551],[-6.035466,37.449608],[-6.03561,37.449636],[-6.035933,37.449779],[-6.036077,37.449922],[-6.036185,37.449893],[-6.036257,37.44995],[-6.036328,37.449979],[-6.036436,37.450036],[-6.03658,37.450064],[-6.036724,37.45015],[-6.036724,37.450207],[-6.036795,37.450264],[-6.036831,37.450235],[-6.036831,37.450293],[-6.037011,37.450264],[-6.037047,37.450293],[-6.037083,37.450378],[-6.037263,37.450407],[-6.037299,37.450464],[-6.03755,37.450435],[-6.03755,37.450378],[-6.037694,37.450378],[-6.037766,37.450378],[-6.037909,37.450378],[-6.037945,37.450378],[-6.037981,37.450378],[-6.038161,37.450378],[-6.038305,37.450378],[-6.038377,37.450378],[-6.038448,37.450378],[-6.038772,37.450407],[-6.03888,37.450492],[-6.03888,37.450521],[-6.039059,37.450492],[-6.039131,37.450521],[-6.039203,37.450521],[-6.039239,37.450606],[-6.039383,37.450606],[-6.03949,37.450692],[-6.039598,37.450635],[-6.039706,37.45072],[-6.039634,37.450777],[-6.039778,37.450863],[-6.039886,37.450863],[-6.039778,37.450492],[-6.039778,37.450464],[-6.039886,37.450464],[-6.039922,37.450521],[-6.040029,37.450549],[-6.040065,37.45072],[-6.040101,37.450749],[-6.040101,37.450892],[-6.040209,37.45092],[-6.040245,37.450977],[-6.040317,37.451006],[-6.040317,37.451177],[-6.040461,37.451262],[-6.040568,37.451377],[-6.04064,37.451548],[-6.040748,37.45169],[-6.040748,37.451719],[-6.04082,37.451804],[-6.040892,37.45189],[-6.040892,37.451918],[-6.041,37.452061],[-6.041071,37.452204],[-6.041107,37.452346],[-6.041179,37.452518],[-6.041215,37.452746],[-6.041323,37.452803],[-6.041395,37.452803],[-6.041431,37.452888],[-6.041503,37.452917],[-6.041467,37.452945],[-6.041323,37.453031],[-6.041323,37.453117],[-6.041359,37.453145],[-6.041395,37.453231],[-6.041395,37.453345],[-6.041539,37.45363],[-6.041539,37.453687],[-6.041431,37.453687],[-6.041431,37.453744],[-6.041431,37.453773],[-6.041503,37.453773],[-6.041575,37.453744],[-6.04161,37.453716],[-6.041718,37.454343],[-6.04179,37.454372],[-6.041754,37.454514],[-6.041826,37.454685],[-6.04179,37.454857],[-6.041862,37.454914],[-6.041862,37.455028],[-6.041862,37.455199],[-6.04179,37.455227],[-6.041826,37.455341],[-6.041826,37.455484],[-6.041826,37.455541],[-6.041898,37.455541],[-6.041898,37.45557],[-6.041934,37.456368],[-6.041862,37.456511],[-6.041898,37.456768],[-6.041754,37.457538],[-6.041646,37.45768],[-6.041682,37.457852],[-6.04161,37.458051],[-6.04161,37.458365],[-6.041682,37.458422],[-6.04161,37.458536],[-6.039742,37.45865],[-6.039706,37.458565],[-6.039778,37.458565],[-6.039886,37.458622],[-6.039922,37.458593],[-6.040137,37.458536],[-6.040209,37.458451],[-6.040425,37.458536],[-6.040461,37.458508],[-6.040425,37.458251],[-6.040604,37.458251],[-6.040568,37.45808],[-6.04064,37.458023],[-6.040712,37.458023],[-6.040712,37.457994],[-6.04064,37.457937],[-6.040425,37.45788],[-6.040389,37.457795],[-6.040461,37.457623],[-6.040461,37.457595],[-6.040389,37.457538],[-6.040425,37.457452],[-6.040389,37.457367],[-6.040281,37.457395],[-6.040173,37.457452],[-6.040173,37.457395],[-6.040065,37.457395],[-6.040029,37.457338],[-6.03985,37.457281],[-6.039814,37.457253],[-6.039778,37.456939],[-6.039634,37.456853],[-6.039634,37.456796],[-6.039562,37.456796],[-6.039455,37.456711],[-6.039383,37.456711],[-6.039347,37.456768],[-6.039275,37.456625],[-6.039275,37.456568],[-6.039311,37.456539],[-6.039778,37.45634],[-6.040029,37.455456],[-6.039958,37.455284],[-6.039958,37.455113],[-6.039778,37.455113],[-6.039814,37.455085],[-6.039814,37.454999],[-6.039742,37.454885],[-6.039814,37.4546],[-6.039742,37.454571],[-6.039634,37.4544],[-6.039562,37.454315],[-6.039526,37.454172],[-6.039455,37.453716],[-6.039383,37.453687],[-6.039275,37.453601],[-6.039275,37.453573],[-6.039131,37.453487],[-6.039239,37.453402],[-6.039239,37.453259],[-6.039059,37.453174],[-6.038951,37.452917],[-6.038772,37.452746],[-6.038772,37.452603],[-6.038844,37.452546],[-6.038844,37.45246],[-6.038664,37.452375],[-6.038664,37.452346],[-6.038628,37.452346],[-6.038556,37.452289],[-6.038448,37.452232],[-6.038341,37.452118],[-6.038269,37.452061],[-6.038197,37.452004],[-6.038053,37.451918],[-6.037802,37.45189],[-6.037694,37.451776],[-6.03755,37.451776],[-6.03737,37.451719],[-6.037191,37.451719],[-6.037119,37.451605],[-6.036975,37.451576],[-6.036975,37.451548],[-6.036724,37.451491],[-6.036544,37.451377],[-6.036364,37.451377],[-6.036185,37.451234],[-6.03561,37.451148],[-6.035538,37.451063],[-6.035358,37.451034],[-6.035358,37.450977],[-6.03525,37.450977],[-6.035214,37.450949],[-6.034891,37.450977],[-6.034675,37.450863],[-6.034568,37.450692],[-6.034532,37.450692],[-6.034496,37.450663],[-6.034136,37.450692],[-6.034029,37.450606],[-6.033993,37.450606],[-6.033957,37.450435],[-6.033885,37.45035],[-6.033777,37.45035],[-6.033705,37.450321],[-6.033597,37.450264],[-6.03349,37.450293],[-6.033418,37.450264],[-6.033274,37.450293],[-6.033346,37.450378],[-6.033274,37.450407],[-6.03313,37.450492],[-6.033058,37.450777],[-6.032807,37.451006],[-6.032735,37.45112],[-6.032376,37.451091],[-6.032016,37.451234],[-6.031909,37.451091],[-6.031801,37.451006],[-6.031693,37.450835],[-6.031729,37.450749],[-6.031837,37.450635],[-6.031729,37.450492],[-6.031657,37.450464],[-6.031621,37.450464],[-6.031477,37.450321],[-6.03119,37.45035],[-6.031154,37.450464],[-6.030974,37.450521],[-6.030903,37.450606],[-6.030651,37.45072],[-6.030543,37.450806],[-6.029789,37.450235],[-6.029429,37.450264],[-6.029286,37.450235],[-6.02907,37.450235],[-6.028998,37.450178],[-6.028495,37.450121],[-6.028351,37.450235],[-6.028244,37.45015],[-6.028208,37.45015],[-6.0281,37.450093],[-6.027597,37.450007],[-6.027453,37.449979],[-6.027453,37.450007],[-6.027237,37.450007],[-6.027166,37.44995],[-6.02713,37.449922],[-6.026734,37.449865],[-6.026662,37.449836],[-6.026339,37.449751],[-6.026159,37.449693],[-6.026124,37.449665],[-6.026016,37.449608],[-6.025944,37.449608],[-6.0258,37.449693],[-6.025656,37.449693],[-6.025585,37.449665],[-6.02562,37.449494],[-6.025441,37.449494],[-6.025297,37.44938],[-6.025225,37.449351],[-6.025081,37.449209],[-6.024758,37.44918],[-6.024686,37.449066],[-6.024363,37.448866],[-6.024111,37.448667],[-6.02386,37.448467],[-6.023824,37.448381],[-6.023752,37.448267],[-6.02368,37.447896],[-6.023644,37.447725],[-6.023644,37.44764],[-6.02368,37.447354],[-6.02368,37.447326],[-6.023716,37.447269],[-6.023752,37.44724],[-6.023788,37.447183],[-6.024039,37.446955],[-6.024111,37.446869],[-6.024147,37.446841],[-6.024147,37.446812],[-6.024219,37.446784],[-6.024255,37.446755],[-6.024327,37.446698],[-6.024507,37.446613],[-6.024542,37.446584],[-6.024614,37.446527],[-6.024938,37.446527],[-6.025081,37.446413],[-6.025153,37.446356],[-6.025225,37.446299],[-6.025369,37.446185],[-6.025405,37.446156],[-6.025441,37.446128],[-6.025585,37.445985],[-6.02562,37.445956],[-6.025764,37.445814],[-6.0258,37.445814],[-6.025872,37.445757],[-6.025944,37.4457],[-6.02598,37.445671],[-6.026016,37.445643],[-6.026124,37.445586],[-6.026159,37.445557],[-6.026231,37.4455],[-6.026267,37.4455],[-6.026375,37.445357],[-6.026411,37.445329],[-6.026447,37.445329],[-6.026627,37.445243],[-6.026662,37.445243],[-6.026734,37.445215],[-6.026878,37.445158],[-6.026986,37.445072],[-6.027058,37.445044],[-6.027058,37.445015],[-6.02713,37.444986],[-6.027058,37.444958],[-6.026698,37.445072],[-6.026662,37.445072],[-6.026591,37.445129],[-6.026483,37.445158],[-6.026411,37.445186],[-6.026375,37.445243],[-6.026267,37.445272],[-6.026267,37.445329],[-6.026231,37.445357],[-6.026195,37.445414],[-6.026088,37.4455],[-6.026052,37.445557],[-6.02598,37.445586],[-6.025872,37.445671],[-6.025836,37.4457],[-6.0258,37.445728],[-6.025728,37.445785],[-6.025656,37.445842],[-6.02562,37.445871],[-6.025441,37.445985],[-6.025405,37.446013],[-6.025333,37.446071],[-6.025297,37.446071],[-6.025153,37.446156],[-6.025117,37.446185],[-6.025046,37.446185],[-6.024974,37.446213],[-6.024938,37.446213],[-6.024902,37.446242],[-6.024866,37.446242],[-6.02483,37.446242],[-6.024614,37.446299],[-6.024578,37.446327],[-6.024542,37.446327],[-6.024327,37.446327],[-6.024147,37.446327],[-6.024111,37.446327],[-6.023896,37.446327],[-6.023752,37.446327],[-6.023608,37.446213],[-6.023213,37.446242],[-6.022746,37.446213],[-6.022674,37.446156],[-6.022674,37.446099],[-6.022279,37.446071],[-6.022279,37.446042],[-6.022243,37.446042],[-6.022243,37.445985],[-6.022171,37.445985],[-6.022135,37.446071],[-6.022027,37.446099],[-6.021991,37.446071],[-6.021848,37.446099],[-6.021812,37.446042],[-6.021704,37.446042],[-6.021704,37.446071],[-6.021416,37.446071],[-6.021344,37.446042],[-6.021273,37.445985],[-6.021201,37.445985],[-6.020877,37.446013],[-6.02059,37.445956],[-6.020554,37.445956],[-6.020231,37.445871],[-6.020051,37.445814],[-6.019943,37.445785],[-6.019907,37.445757],[-6.019763,37.445728],[-6.019692,37.445671],[-6.019584,37.445671],[-6.019476,37.445614],[-6.019368,37.445586],[-6.019332,37.445557],[-6.019296,37.445557],[-6.019189,37.4455],[-6.018973,37.445471],[-6.018937,37.445443],[-6.018829,37.445414],[-6.018757,37.445386],[-6.018614,37.445215],[-6.018506,37.445158],[-6.01829,37.445129],[-6.018182,37.445072],[-6.018218,37.444929],[-6.018039,37.444815],[-6.017859,37.444815],[-6.017607,37.444787],[-6.017464,37.444701],[-6.01732,37.444758],[-6.017176,37.444758],[-6.017033,37.44473],[-6.016278,37.44473],[-6.016242,37.444673],[-6.01617,37.444644],[-6.015991,37.44473],[-6.015955,37.444616],[-6.015811,37.444616],[-6.015739,37.444501],[-6.015703,37.444501],[-6.015667,37.444559],[-6.015272,37.444587],[-6.01502,37.444616],[-6.014913,37.444644],[-6.014805,37.444673],[-6.014553,37.444787],[-6.014445,37.444872],[-6.014445,37.444958],[-6.014409,37.444986],[-6.014194,37.445015],[-6.014086,37.445044],[-6.01405,37.445072],[-6.013906,37.445129],[-6.013835,37.445158],[-6.013727,37.445186],[-6.013691,37.445215],[-6.013511,37.445243],[-6.013224,37.445272],[-6.012972,37.445272],[-6.0129,37.445243],[-6.012828,37.445186],[-6.012685,37.445215],[-6.012469,37.445186],[-6.012433,37.445072],[-6.012325,37.445044],[-6.012254,37.445015],[-6.012254,37.444958],[-6.012074,37.444929],[-6.01193,37.444815],[-6.01193,37.444787],[-6.011894,37.44473],[-6.011858,37.444644],[-6.011786,37.444587],[-6.011786,37.444387],[-6.011715,37.444359],[-6.011679,37.444159],[-6.011607,37.444131],[-6.011607,37.444016],[-6.011535,37.443931],[-6.011499,37.443902],[-6.011463,37.443788],[-6.011319,37.443703],[-6.011283,37.44376],[-6.011211,37.44376],[-6.011176,37.443674],[-6.01114,37.443674],[-6.011104,37.443646],[-6.011032,37.443646],[-6.01078,37.443674],[-6.010924,37.443817],[-6.010924,37.443874],[-6.010924,37.443988],[-6.01078,37.444102],[-6.010708,37.444102],[-6.010601,37.444216],[-6.010493,37.444245],[-6.010205,37.44433],[-6.010026,37.444302],[-6.009918,37.444188],[-6.009882,37.444188],[-6.009595,37.443988],[-6.009559,37.443988],[-6.009415,37.443874],[-6.009379,37.44356],[-6.009487,37.443474],[-6.009487,37.443446],[-6.009415,37.443332],[-6.009343,37.44336],[-6.009271,37.443303],[-6.009271,37.443218],[-6.009163,37.443218],[-6.009127,37.443161],[-6.009091,37.443275],[-6.008984,37.443275],[-6.008948,37.443246],[-6.00902,37.443132],[-6.008948,37.443132],[-6.008912,37.443075],[-6.008804,37.443075],[-6.008768,37.443161],[-6.008876,37.443275],[-6.008552,37.443275],[-6.008517,37.44356],[-6.008552,37.444045],[-6.008696,37.444216],[-6.008804,37.444473],[-6.008732,37.444473],[-6.008732,37.44453],[-6.008588,37.44453],[-6.008552,37.444587],[-6.008445,37.444644],[-6.008445,37.444673],[-6.008373,37.44473],[-6.008265,37.444929],[-6.008049,37.445015],[-6.008049,37.445044],[-6.007942,37.445072],[-6.008013,37.445186],[-6.008085,37.445186],[-6.008013,37.445243],[-6.008121,37.4453],[-6.008121,37.445329],[-6.007942,37.445386],[-6.007978,37.445443],[-6.007978,37.445586],[-6.008049,37.445614],[-6.008013,37.4457],[-6.008085,37.445757],[-6.008157,37.445899],[-6.008121,37.445956],[-6.008121,37.446071],[-6.008229,37.446156],[-6.008193,37.446356],[-6.008301,37.446356],[-6.008301,37.446498],[-6.008409,37.446584],[-6.008409,37.446641],[-6.008373,37.446698],[-6.008481,37.446755],[-6.008517,37.446926],[-6.008552,37.446955],[-6.008552,37.446983],[-6.008588,37.44704],[-6.008588,37.447155],[-6.00866,37.447212],[-6.00866,37.447297],[-6.008804,37.447297],[-6.008876,37.447354],[-6.008876,37.447383],[-6.008984,37.447411],[-6.008984,37.44744],[-6.009091,37.44801],[-6.009163,37.448153],[-6.009127,37.44821],[-6.009199,37.448296],[-6.009235,37.448353],[-6.009199,37.44841],[-6.009271,37.448495],[-6.009307,37.448667],[-6.009343,37.448695],[-6.009451,37.448809],[-6.009451,37.448923],[-6.009559,37.449266],[-6.009559,37.449294],[-6.009666,37.449579],[-6.009738,37.449722],[-6.009774,37.449922],[-6.009846,37.449979],[-6.009882,37.450036],[-6.009954,37.450235],[-6.010026,37.450407],[-6.010026,37.450435],[-6.010026,37.450521],[-6.010062,37.450549],[-6.010062,37.450606],[-6.010062,37.450692],[-6.010062,37.450749],[-6.010098,37.45092],[-6.010098,37.451034],[-6.010133,37.451405],[-6.010098,37.451918],[-6.010062,37.451976],[-6.010062,37.452175],[-6.010062,37.452375],[-6.010133,37.452489],[-6.010169,37.452489],[-6.010241,37.452603],[-6.010241,37.45286],[-6.010277,37.45306],[-6.010277,37.453231],[-6.010241,37.453288],[-6.010313,37.453316],[-6.010349,37.453459],[-6.010349,37.453516],[-6.010277,37.453544],[-6.010313,37.453659],[-6.010349,37.453659],[-6.010385,37.454029],[-6.010349,37.454086],[-6.010313,37.454172],[-6.010277,37.454286],[-6.010241,37.454343],[-6.010241,37.454429],[-6.010241,37.454571],[-6.010133,37.454685],[-6.010133,37.454714],[-6.007906,37.454372],[-6.007978,37.454343],[-6.007798,37.454315],[-6.007798,37.454286],[-6.007762,37.454258],[-6.007654,37.454229],[-6.007762,37.454115],[-6.007762,37.454058],[-6.007834,37.453972],[-6.007834,37.453887],[-6.007798,37.453687],[-6.00769,37.453687],[-6.007582,37.453601],[-6.00751,37.452974],[-6.007474,37.452489],[-6.007151,37.452004],[-6.006828,37.451719],[-6.00672,37.451747],[-6.006397,37.451519],[-6.006325,37.451519],[-6.006253,37.451434],[-6.006181,37.451262],[-6.006001,37.45112],[-6.005965,37.451063],[-6.005462,37.450892],[-6.005426,37.450863],[-6.005283,37.450835],[-6.005283,37.450777],[-6.005103,37.450749],[-6.005067,37.450692],[-6.004959,37.450663],[-6.004492,37.450692],[-6.004384,37.450492],[-6.004133,37.45035],[-6.004169,37.450207],[-6.004276,37.450064],[-6.004348,37.449779],[-6.00442,37.449722],[-6.00442,37.449693],[-6.004205,37.449437],[-6.004205,37.44938],[-6.004097,37.449323],[-6.004061,37.44918],[-6.003809,37.449009],[-6.003737,37.448923],[-6.003666,37.448923],[-6.00363,37.448781],[-6.00363,37.448667],[-6.003666,37.448609],[-6.003702,37.448524],[-6.003881,37.448324],[-6.003845,37.448182],[-6.004025,37.448039],[-6.004061,37.447982],[-6.004241,37.447925],[-6.00442,37.447925],[-6.004636,37.447725],[-6.004672,37.447725],[-6.004672,37.447668],[-6.004744,37.44764],[-6.00478,37.447554],[-6.004815,37.447525],[-6.004815,37.447183],[-6.004887,37.447155],[-6.004815,37.447098],[-6.004815,37.446926],[-6.005175,37.446926],[-6.005462,37.446755],[-6.005678,37.446727],[-6.005822,37.446755],[-6.005858,37.446698],[-6.005822,37.446641],[-6.005642,37.446698],[-6.005426,37.446641],[-6.005247,37.446555],[-6.005283,37.446527],[-6.005319,37.446498],[-6.005354,37.44627],[-6.005426,37.44627],[-6.005462,37.446213],[-6.00557,37.446185],[-6.005642,37.446099],[-6.005678,37.446013],[-6.005678,37.445842],[-6.005606,37.445842],[-6.005606,37.445757],[-6.005498,37.445671],[-6.005534,37.445614],[-6.005498,37.445557],[-6.005606,37.445471],[-6.005534,37.445414],[-6.005462,37.445186],[-6.005462,37.444359],[-6.005426,37.444245],[-6.005462,37.444159],[-6.00539,37.444074],[-6.005426,37.443959],[-6.00539,37.443817],[-6.005354,37.443788],[-6.005354,37.443703],[-6.005283,37.443417],[-6.005283,37.443275],[-6.005247,37.443189],[-6.005247,37.442904],[-6.005211,37.442847],[-6.005211,37.442162],[-6.005103,37.441991],[-6.005067,37.441649],[-6.005067,37.441534],[-6.004995,37.441477],[-6.005031,37.441392],[-6.004995,37.441306],[-6.004959,37.441078],[-6.004959,37.441049],[-6.004887,37.441049],[-6.004887,37.441021],[-6.004959,37.440992],[-6.004959,37.440793],[-6.004959,37.440365],[-6.004923,37.440279],[-6.004851,37.440251],[-6.004851,37.440051],[-6.004923,37.440022],[-6.004851,37.439937],[-6.004887,37.439794],[-6.004815,37.439709],[-6.004815,37.439651],[-6.004887,37.439566],[-6.004815,37.439224],[-6.004887,37.439109],[-6.004887,37.438967],[-6.004923,37.438739],[-6.004995,37.43851],[-6.005031,37.438225],[-6.004995,37.438082],[-6.005067,37.437968],[-6.005031,37.43774],[-6.005031,37.437654],[-6.005067,37.437312],[-6.005031,37.437141],[-6.005067,37.436884],[-6.005031,37.436713],[-6.005103,37.436599],[-6.005139,37.436599],[-6.005103,37.436513],[-6.005175,37.436142],[-6.005139,37.436],[-6.005211,37.435942],[-6.005211,37.4358],[-6.005247,37.4358],[-6.005211,37.4356],[-6.005283,37.435058],[-6.005283,37.435029],[-6.005319,37.434972],[-6.005283,37.43483],[-6.005319,37.434716],[-6.005247,37.434659],[-6.005319,37.434601],[-6.005354,37.434487],[-6.005354,37.434059],[-6.005283,37.43386],[-6.005319,37.433831],[-6.005283,37.433346],[-6.005283,37.433289],[-6.005139,37.433146],[-6.005247,37.433061],[-6.005247,37.432832],[-6.005175,37.432718],[-6.005175,37.432633],[-6.005139,37.432576],[-6.005103,37.432462],[-6.005067,37.432347],[-6.004959,37.432347],[-6.004851,37.432262],[-6.00478,37.432262],[-6.004672,37.432233],[-6.0046,37.432176],[-6.004564,37.432176],[-6.003809,37.431663],[-6.003019,37.431063],[-6.002839,37.431035],[-6.002408,37.430864],[-6.002264,37.430864],[-6.002192,37.430778],[-6.001869,37.430664],[-6.001797,37.430607],[-6.001689,37.430607],[-6.001582,37.430521],[-6.001582,37.430464],[-6.001222,37.430464],[-6.001186,37.430407],[-6.000899,37.430179],[-6.000575,37.429951],[-6.000396,37.429865],[-6.000144,37.429694],[-6.000072,37.429551],[-5.999569,37.429551],[-5.999497,37.429494],[-5.99939,37.429437],[-5.999354,37.429437],[-5.998994,37.429152],[-5.99903,37.429152],[-5.999066,37.429009],[-5.99903,37.429009],[-5.998851,37.428923],[-5.998599,37.428952],[-5.998599,37.428838],[-5.998743,37.428724],[-5.998815,37.428724],[-5.998887,37.428781],[-5.998958,37.428809],[-5.998994,37.428838],[-5.999066,37.428895],[-5.999102,37.428952],[-5.999354,37.42898],[-5.999426,37.429009],[-5.999677,37.429009],[-6.000216,37.429237],[-6.000216,37.42938],[-6.000432,37.42938],[-6.000575,37.429494],[-6.000719,37.429465],[-6.000791,37.429408],[-6.000899,37.429408],[-6.000935,37.429494],[-6.001007,37.429494],[-6.001043,37.429551],[-6.00115,37.429523],[-6.001222,37.429551],[-6.001258,37.42958],[-6.001402,37.429665],[-6.001689,37.429722],[-6.002121,37.429865],[-6.002228,37.429951],[-6.002372,37.429951],[-6.002516,37.430036],[-6.002695,37.430093],[-6.002731,37.430122],[-6.002839,37.43015],[-6.002983,37.43015],[-6.003198,37.430321],[-6.003198,37.430436],[-6.003306,37.430464],[-6.003414,37.430493],[-6.003414,37.430521],[-6.003594,37.430578],[-6.003702,37.430664],[-6.003773,37.430692],[-6.004133,37.430949],[-6.004169,37.430978],[-6.004169,37.431035],[-6.004241,37.431092],[-6.004348,37.431035],[-6.004348,37.431006],[-6.004384,37.431035],[-6.00442,37.43112],[-6.004564,37.431149],[-6.00478,37.431092],[-6.005031,37.431063],[-6.005139,37.431006],[-6.00539,37.431092],[-6.005498,37.431035],[-6.005642,37.430892],[-6.005678,37.430807],[-6.005714,37.43075],[-6.005786,37.430635],[-6.00575,37.43055],[-6.005822,37.430379],[-6.005893,37.430379],[-6.005965,37.430179],[-6.006145,37.430036],[-6.006145,37.429951],[-6.006289,37.429665],[-6.006325,37.429608],[-6.006325,37.429494],[-6.006397,37.429408],[-6.006432,37.429209],[-6.006468,37.429209],[-6.006576,37.429066],[-6.006576,37.428923],[-6.00672,37.428524],[-6.006756,37.42841],[-6.006756,37.428267],[-6.006828,37.42821],[-6.006828,37.428124],[-6.006756,37.428067],[-6.00672,37.428067],[-6.006792,37.42801],[-6.006756,37.427839],[-6.006792,37.427782],[-6.006756,37.427525],[-6.006792,37.427497],[-6.006792,37.42744],[-6.006864,37.426954],[-6.0069,37.426783],[-6.006971,37.426612],[-6.006971,37.426469],[-6.007007,37.426384],[-6.007007,37.426241],[-6.007079,37.425927],[-6.007115,37.425756],[-6.007259,37.425642],[-6.007259,37.425585],[-6.007151,37.425556],[-6.007187,37.425499],[-6.007223,37.425471],[-6.007223,37.425242],[-6.007259,37.4251],[-6.007295,37.425071],[-6.007331,37.425043],[-6.007367,37.424757],[-6.007403,37.424729],[-6.007403,37.424643],[-6.007439,37.4245],[-6.007439,37.424472],[-6.007474,37.424215],[-6.007582,37.424101],[-6.007654,37.424044],[-6.007762,37.423758],[-6.00769,37.423502],[-6.007582,37.423445],[-6.007582,37.423359],[-6.008337,37.423045],[-6.010852,37.422103],[-6.010816,37.422189],[-6.010816,37.422303],[-6.01078,37.422417],[-6.010744,37.422446],[-6.010672,37.42256],[-6.010637,37.422902],[-6.010565,37.423045],[-6.010565,37.423159],[-6.010493,37.423216],[-6.010493,37.423644],[-6.010421,37.424015],[-6.010385,37.424215],[-6.010313,37.424557],[-6.010277,37.424757],[-6.010205,37.424814],[-6.010169,37.425043],[-6.010062,37.425157],[-6.010026,37.425385],[-6.010026,37.425756],[-6.00999,37.425842],[-6.00999,37.425984],[-6.009882,37.426127],[-6.009918,37.426526],[-6.009882,37.426641],[-6.00981,37.426641],[-6.00981,37.426783],[-6.009774,37.426869],[-6.009738,37.427411],[-6.00963,37.427611],[-6.00963,37.427868],[-6.009595,37.428124],[-6.009559,37.428181],[-6.009487,37.428324],[-6.009487,37.428524],[-6.009415,37.428866],[-6.009307,37.429009],[-6.009343,37.429266],[-6.009307,37.429465],[-6.009271,37.429523],[-6.009199,37.429836],[-6.009163,37.429979],[-6.009127,37.430093],[-6.009127,37.43035],[-6.00902,37.430464],[-6.00902,37.430692],[-6.008768,37.431548],[-6.008696,37.431663],[-6.008696,37.431919],[-6.008624,37.432034],[-6.008552,37.432319],[-6.008552,37.432604],[-6.008624,37.432576],[-6.00866,37.432633],[-6.008948,37.433032],[-6.009091,37.433203],[-6.009307,37.433517],[-6.009379,37.433631],[-6.009595,37.434002],[-6.009595,37.434031],[-6.00963,37.434116],[-6.009666,37.434202],[-6.009702,37.434202],[-6.009774,37.434345],[-6.009846,37.434487],[-6.009846,37.434516],[-6.009882,37.43463],[-6.00999,37.434915],[-6.010026,37.435029],[-6.010133,37.435343],[-6.010205,37.435514],[-6.010205,37.4356],[-6.010277,37.435828],[-6.010313,37.435857],[-6.010385,37.436142],[-6.010457,37.436313],[-6.010565,37.437883],[-6.010529,37.438082],[-6.010529,37.438311],[-6.010493,37.438739],[-6.010457,37.439281],[-6.010457,37.439623],[-6.010421,37.439651],[-6.010493,37.441392],[-6.010421,37.441449],[-6.010385,37.441506],[-6.010349,37.442447],[-6.010385,37.442476],[-6.011427,37.442704],[-6.011499,37.442733],[-6.011643,37.442761],[-6.01175,37.442704],[-6.011894,37.44259],[-6.01193,37.442447],[-6.012146,37.442276],[-6.012146,37.442191],[-6.012218,37.442134],[-6.012254,37.442077],[-6.012254,37.442048],[-6.012325,37.442048],[-6.012397,37.441962],[-6.012433,37.441962],[-6.012541,37.441848],[-6.012757,37.441763],[-6.012828,37.441677],[-6.012828,37.441649],[-6.012936,37.441449],[-6.013188,37.441192],[-6.013296,37.440935],[-6.013331,37.440878],[-6.013331,37.440736],[-6.013403,37.440736],[-6.013475,37.44065],[-6.013511,37.44065],[-6.013583,37.440308],[-6.013691,37.440165],[-6.013655,37.439908],[-6.013727,37.439452],[-6.013691,37.438539],[-6.013727,37.438168],[-6.013727,37.437711],[-6.013619,37.437369],[-6.013511,37.43637],[-6.013475,37.436228],[-6.013475,37.436028],[-6.013547,37.435885],[-6.013583,37.4356],[-6.013475,37.434944],[-6.013331,37.434573],[-6.01326,37.434202],[-6.013224,37.434173],[-6.013152,37.434031],[-6.01308,37.433974],[-6.013152,37.433888],[-6.013044,37.433603],[-6.012972,37.432889],[-6.012864,37.432604],[-6.012864,37.432547],[-6.0129,37.432091],[-6.0129,37.431919],[-6.0129,37.431805],[-6.012828,37.431178],[-6.012828,37.430949],[-6.012828,37.430921],[-6.012793,37.430664],[-6.012685,37.43015],[-6.012649,37.429922],[-6.012613,37.42918],[-6.012541,37.429095],[-6.012505,37.428752],[-6.012577,37.428724],[-6.012577,37.428238],[-6.012505,37.428181],[-6.012505,37.428096],[-6.012505,37.428067],[-6.012469,37.427925],[-6.012469,37.427896],[-6.012469,37.427782],[-6.012469,37.427725],[-6.012397,37.427582],[-6.012361,37.427411],[-6.012254,37.427354],[-6.012254,37.427297],[-6.01211,37.427211],[-6.01211,37.427069],[-6.012146,37.427011],[-6.012146,37.426926],[-6.012074,37.426926],[-6.012074,37.426783],[-6.01193,37.426726],[-6.01193,37.426583],[-6.011858,37.426498],[-6.011679,37.426641],[-6.011607,37.426612],[-6.011715,37.426526],[-6.011786,37.426498],[-6.011822,37.426441],[-6.011786,37.426355],[-6.011679,37.426327],[-6.011643,37.426298],[-6.011463,37.426241],[-6.011499,37.426127],[-6.011463,37.425784],[-6.011571,37.425727],[-6.011571,37.425642],[-6.011535,37.425613],[-6.011535,37.425414],[-6.011571,37.424928],[-6.011535,37.424757],[-6.011571,37.424643],[-6.011535,37.4245],[-6.011571,37.424215],[-6.011643,37.423901],[-6.011643,37.423844],[-6.011715,37.423559],[-6.011715,37.423302],[-6.01175,37.423216],[-6.011822,37.422874],[-6.011858,37.422817],[-6.011822,37.422788],[-6.011858,37.422731],[-6.011858,37.422588],[-6.01193,37.42256],[-6.01193,37.422275],[-6.012002,37.422189],[-6.012038,37.421989],[-6.01211,37.421875],[-6.01211,37.421818],[-6.012182,37.421789],[-6.012182,37.421732],[-6.012254,37.421704],[-6.012361,37.42159],[-6.012361,37.421533],[-6.012361,37.421504],[-6.015236,37.42042],[-6.014661,37.420876],[-6.014302,37.421104],[-6.014266,37.421104],[-6.013799,37.421533],[-6.013763,37.421704],[-6.013655,37.421932],[-6.013655,37.421961],[-6.013619,37.422046],[-6.013583,37.422075],[-6.013547,37.422189],[-6.013475,37.422417],[-6.013367,37.422674],[-6.013296,37.422902],[-6.01326,37.422959],[-6.013188,37.423216],[-6.013152,37.423273],[-6.013116,37.423958],[-6.013152,37.424443],[-6.013152,37.424586],[-6.013116,37.424615],[-6.01308,37.425043],[-6.013116,37.425214],[-6.013116,37.425271],[-6.01308,37.425299],[-6.01308,37.425528],[-6.013152,37.425613],[-6.013152,37.425642],[-6.013152,37.425699],[-6.013152,37.425756],[-6.013152,37.425956],[-6.013116,37.426041],[-6.013188,37.426498],[-6.013152,37.426755],[-6.013224,37.426783],[-6.013296,37.427183],[-6.013296,37.427382],[-6.013367,37.427468],[-6.013367,37.427753],[-6.013403,37.427925],[-6.013403,37.427982],[-6.013439,37.428067],[-6.013439,37.428096],[-6.013475,37.42821],[-6.013475,37.428267],[-6.013475,37.428381],[-6.013547,37.428552],[-6.013511,37.428781],[-6.013547,37.428838],[-6.013583,37.428866],[-6.013619,37.429209],[-6.013691,37.429351],[-6.013763,37.429751],[-6.013799,37.429751],[-6.013835,37.429893],[-6.013799,37.430008],[-6.013727,37.430008],[-6.013583,37.430065],[-6.013511,37.430122],[-6.013511,37.430293],[-6.013583,37.43035],[-6.013583,37.431206],[-6.013727,37.431292],[-6.013727,37.431606],[-6.013799,37.431691],[-6.013763,37.431748],[-6.013799,37.432233],[-6.01387,37.432233],[-6.01387,37.432576],[-6.013978,37.432918],[-6.014014,37.433546],[-6.01405,37.433631],[-6.014086,37.433631],[-6.014086,37.43366],[-6.014122,37.434031],[-6.014194,37.434202],[-6.01423,37.434288],[-6.014266,37.434402],[-6.014266,37.434487],[-6.014266,37.435001],[-6.014302,37.435086],[-6.014338,37.435372],[-6.014338,37.435572],[-6.014409,37.436256],[-6.014374,37.436399],[-6.014481,37.437369],[-6.014481,37.437654],[-6.014517,37.437711],[-6.014553,37.437826],[-6.014481,37.437854],[-6.014517,37.438111],[-6.014553,37.438168],[-6.014589,37.438253],[-6.014553,37.438396],[-6.014481,37.438425],[-6.014481,37.438653],[-6.014517,37.438824],[-6.014481,37.438995],[-6.014445,37.439224],[-6.014481,37.439338],[-6.014445,37.439737],[-6.014445,37.439766],[-6.014409,37.439937],[-6.014374,37.439965],[-6.014302,37.440079],[-6.014302,37.440279],[-6.014266,37.440422],[-6.01423,37.440479],[-6.01423,37.440593],[-6.014086,37.440907],[-6.014014,37.441221],[-6.01387,37.441306],[-6.01387,37.441392],[-6.013835,37.44142],[-6.013727,37.441563],[-6.013763,37.441592],[-6.013655,37.441649],[-6.013619,37.441791],[-6.013475,37.441877],[-6.013367,37.442134],[-6.013224,37.442162],[-6.013188,37.442276],[-6.012972,37.442476],[-6.012864,37.442562],[-6.012793,37.442562],[-6.012793,37.442619],[-6.012541,37.442818],[-6.012397,37.442932],[-6.012433,37.443047],[-6.012541,37.443132],[-6.012541,37.443189],[-6.012685,37.443189],[-6.01326,37.443303],[-6.013296,37.443303],[-6.013942,37.443446],[-6.014302,37.443474],[-6.014733,37.44356],[-6.014733,37.443474],[-6.014877,37.443303],[-6.014948,37.443104],[-6.01502,37.44279],[-6.015056,37.442362],[-6.015128,37.442276],[-6.015344,37.442048],[-6.015452,37.441991],[-6.015559,37.441962],[-6.015667,37.441962],[-6.015739,37.442019],[-6.015847,37.442019],[-6.015847,37.441991],[-6.015919,37.441991],[-6.015991,37.441905],[-6.016026,37.441905],[-6.016098,37.44182],[-6.016314,37.441791],[-6.016422,37.441734],[-6.016673,37.441734],[-6.016853,37.441734],[-6.016925,37.441706],[-6.016961,37.441734],[-6.016997,37.441791],[-6.017104,37.441791],[-6.017176,37.441791],[-6.017248,37.44182],[-6.017356,37.441848],[-6.017428,37.441905],[-6.017536,37.441962],[-6.017572,37.441991],[-6.017607,37.442134],[-6.017715,37.442191],[-6.017715,37.442276],[-6.017859,37.442305],[-6.017967,37.44239],[-6.018075,37.44239],[-6.018146,37.442447],[-6.018182,37.44259],[-6.01829,37.442676],[-6.018254,37.442704],[-6.018326,37.442818],[-6.018362,37.443018],[-6.018434,37.443018],[-6.018434,37.443104],[-6.018542,37.443189],[-6.018578,37.443246],[-6.018685,37.443246],[-6.018793,37.443332],[-6.018865,37.443332],[-6.018973,37.443474],[-6.019045,37.443503],[-6.019045,37.443531],[-6.019189,37.443646],[-6.01944,37.443731],[-6.019584,37.443874],[-6.019692,37.443845],[-6.019727,37.443874],[-6.019799,37.443874],[-6.019835,37.443931],[-6.019907,37.443959],[-6.020159,37.444159],[-6.020195,37.444159],[-6.020374,37.44433],[-6.02041,37.44433],[-6.020626,37.444444],[-6.020662,37.444444],[-6.020877,37.444616],[-6.021093,37.444559],[-6.021201,37.44473],[-6.021596,37.445044],[-6.021632,37.445329],[-6.021632,37.445386],[-6.02156,37.445386],[-6.02156,37.445443],[-6.021632,37.445471],[-6.021668,37.445443],[-6.021776,37.445414],[-6.021812,37.445471],[-6.021848,37.445471],[-6.021848,37.445414],[-6.021991,37.445414],[-6.021991,37.4453],[-6.022027,37.445272],[-6.022135,37.445243],[-6.022171,37.445215],[-6.022279,37.445186],[-6.022351,37.445101],[-6.022458,37.445186],[-6.022638,37.445158],[-6.02271,37.445101],[-6.022818,37.445158],[-6.022926,37.445158],[-6.023069,37.445044],[-6.023536,37.445015],[-6.023572,37.444986],[-6.023644,37.444958],[-6.023788,37.444872],[-6.024039,37.445015],[-6.024219,37.445015],[-6.024255,37.444986],[-6.024363,37.444901],[-6.024399,37.444901],[-6.024507,37.444787],[-6.024686,37.444815],[-6.025046,37.444787],[-6.025261,37.444701],[-6.025477,37.44453],[-6.025513,37.44453],[-6.025585,37.444444],[-6.025656,37.444416],[-6.025764,37.44433],[-6.0258,37.444016],[-6.025764,37.443959],[-6.025692,37.443931],[-6.025728,37.443788],[-6.02562,37.443531],[-6.025441,37.443446],[-6.025477,37.443417],[-6.025477,37.44336],[-6.025405,37.443303],[-6.025297,37.443189],[-6.025297,37.443161],[-6.025225,37.443132],[-6.025153,37.443132],[-6.02501,37.443018],[-6.024686,37.442818],[-6.02465,37.442733],[-6.024614,37.442676],[-6.024542,37.442647],[-6.024363,37.442504],[-6.024291,37.442276],[-6.024183,37.442191],[-6.024147,37.441934],[-6.024039,37.441877],[-6.023968,37.44182],[-6.023932,37.441763],[-6.023896,37.44162],[-6.023968,37.441534],[-6.023968,37.441107],[-6.024111,37.440964],[-6.024183,37.440764],[-6.024363,37.440593],[-6.024471,37.440564],[-6.024507,37.440536],[-6.024614,37.440507],[-6.02465,37.440479],[-6.024722,37.44045],[-6.024866,37.44045],[-6.024974,37.44045],[-6.02501,37.440393],[-6.025297,37.440393],[-6.025513,37.440365],[-6.025585,37.440365],[-6.025692,37.440365],[-6.0258,37.440422],[-6.026159,37.440422],[-6.026339,37.440479],[-6.026519,37.440536],[-6.02677,37.440622],[-6.026878,37.440764],[-6.026986,37.440764],[-6.027273,37.440821],[-6.027345,37.440907],[-6.027489,37.440907],[-6.027525,37.440992],[-6.027561,37.441021],[-6.027633,37.441021],[-6.027669,37.441049],[-6.02774,37.441049],[-6.027776,37.440992],[-6.02774,37.440907],[-6.027669,37.440793],[-6.027812,37.44065],[-6.027776,37.440393],[-6.027597,37.440222],[-6.027597,37.440165],[-6.027525,37.440108],[-6.027525,37.440022],[-6.027597,37.439994],[-6.027597,37.439937],[-6.027597,37.439651],[-6.027237,37.439366],[-6.027201,37.439166],[-6.027094,37.439109],[-6.027094,37.439052],[-6.027201,37.438967],[-6.027201,37.438767],[-6.026806,37.438653],[-6.02677,37.43871],[-6.026627,37.438739],[-6.026483,37.438881],[-6.026411,37.438881],[-6.026088,37.438624],[-6.02598,37.438624],[-6.02598,37.438453],[-6.026052,37.438396],[-6.026052,37.438368],[-6.026159,37.438311],[-6.026195,37.438225],[-6.025944,37.438054],[-6.025944,37.43794],[-6.025585,37.437683],[-6.025549,37.43734],[-6.025549,37.437084],[-6.025261,37.436855],[-6.025225,37.43657],[-6.025046,37.436399],[-6.02501,37.436142],[-6.024902,37.436114],[-6.02483,37.435971],[-6.02483,37.435828],[-6.024758,37.435771],[-6.02465,37.435657],[-6.024578,37.435486],[-6.024471,37.435172],[-6.024471,37.435001],[-6.024399,37.434972],[-6.024291,37.434801],[-6.024255,37.434744],[-6.024255,37.434716],[-6.024219,37.43463],[-6.024147,37.434487],[-6.023968,37.434145],[-6.023824,37.433803],[-6.023788,37.433688],[-6.023752,37.433688],[-6.023752,37.433603],[-6.023608,37.433489],[-6.023572,37.433403],[-6.0235,37.433375],[-6.023429,37.433232],[-6.023357,37.433175],[-6.023141,37.432947],[-6.023033,37.432747],[-6.022997,37.432633],[-6.022961,37.432233],[-6.023177,37.431634],[-6.023177,37.431235],[-6.023141,37.431149],[-6.023105,37.430949],[-6.023033,37.430807],[-6.023033,37.430664],[-6.022961,37.430607],[-6.022961,37.430464],[-6.022854,37.430122],[-6.022818,37.429979],[-6.022782,37.429922],[-6.02271,37.429494],[-6.022674,37.429408],[-6.022674,37.429294],[-6.022638,37.429237],[-6.022566,37.428866],[-6.022494,37.428781],[-6.022458,37.428524],[-6.022458,37.42821],[-6.022422,37.428153],[-6.022422,37.428096],[-6.022387,37.427782],[-6.022422,37.426983],[-6.022387,37.426954],[-6.022351,37.42684],[-6.022351,37.426612],[-6.022243,37.426213],[-6.022315,37.425956],[-6.022279,37.425927],[-6.022315,37.425927],[-6.022387,37.42587],[-6.022351,37.425756],[-6.022315,37.42567],[-6.022279,37.42567],[-6.022243,37.425471],[-6.022135,37.425299],[-6.022063,37.4251],[-6.022027,37.424871],[-6.022099,37.424814],[-6.022063,37.424786],[-6.021955,37.424757],[-6.021883,37.424729],[-6.021848,37.424557],[-6.021812,37.4245],[-6.021776,37.424472],[-6.02174,37.424386],[-6.021704,37.424358],[-6.021596,37.424158],[-6.021524,37.424044],[-6.021488,37.424015],[-6.021416,37.423901],[-6.021452,37.423787],[-6.021344,37.42373],[-6.021309,37.423644],[-6.021237,37.423616],[-6.021201,37.423445],[-6.021093,37.423359],[-6.021057,37.423216],[-6.021093,37.423102],[-6.021165,37.423074],[-6.021237,37.423016],[-6.021237,37.422788],[-6.020913,37.422531],[-6.020913,37.422503],[-6.020734,37.422389],[-6.02059,37.42236],[-6.020662,37.422275],[-6.020662,37.422217],[-6.020554,37.422132],[-6.02041,37.421904],[-6.020015,37.421675],[-6.019763,37.421104],[-6.019404,37.420962],[-6.019224,37.420562],[-6.019189,37.420562],[-6.018937,37.420391],[-6.018937,37.420334],[-6.018865,37.420277],[-6.017212,37.420277],[-6.016458,37.420305],[-6.015559,37.420334],[-6.015487,37.420305],[-6.017607,37.419506],[-6.017679,37.419535],[-6.018111,37.419563],[-6.018398,37.419478],[-6.018901,37.419649],[-6.019189,37.419706],[-6.019476,37.419763],[-6.019727,37.419849],[-6.019907,37.419906],[-6.019943,37.419934],[-6.020015,37.419963],[-6.020087,37.419992],[-6.020195,37.420049],[-6.020518,37.420163],[-6.020554,37.420191],[-6.020626,37.42022],[-6.02077,37.420305],[-6.020805,37.420191],[-6.02059,37.419963],[-6.02059,37.419934],[-6.021057,37.419449],[-6.021057,37.419392],[-6.021129,37.419392],[-6.021237,37.419221],[-6.021273,37.41905],[-6.021416,37.418907],[-6.021416,37.418879],[-6.021488,37.418821],[-6.02156,37.418679],[-6.021704,37.418707],[-6.021776,37.418679]]],[[[-6.009774,37.413713],[-6.012721,37.41377],[-6.012685,37.413827],[-6.012685,37.413941],[-6.012649,37.414198],[-6.012505,37.414655],[-6.012397,37.415083],[-6.012361,37.415254],[-6.012289,37.415454],[-6.012254,37.415682],[-6.012074,37.416367],[-6.012074,37.416567],[-6.012002,37.416852],[-6.011894,37.417309],[-6.011894,37.417452],[-6.01175,37.417994],[-6.011715,37.418165],[-6.011679,37.418251],[-6.011643,37.418422],[-6.011643,37.41845],[-6.011571,37.418736],[-6.011571,37.418821],[-6.011427,37.419535],[-6.011391,37.419563],[-6.011283,37.420049],[-6.011247,37.420277],[-6.01114,37.420819],[-6.011104,37.42099],[-6.011032,37.421276],[-6.010996,37.421361],[-6.01096,37.421618],[-6.010888,37.421732],[-6.010888,37.421818],[-6.010816,37.421904],[-6.010888,37.421989],[-6.010852,37.422018],[-6.007726,37.423245],[-6.007618,37.423188],[-6.007546,37.422788],[-6.007582,37.42276],[-6.007798,37.42256],[-6.007798,37.42236],[-6.008157,37.420791],[-6.008265,37.420334],[-6.008337,37.420106],[-6.008373,37.42002],[-6.008409,37.419877],[-6.008409,37.419849],[-6.008445,37.419678],[-6.008517,37.419392],[-6.008588,37.419078],[-6.008696,37.41865],[-6.008732,37.41845],[-6.00884,37.417937],[-6.008912,37.417509],[-6.008948,37.41728],[-6.009056,37.416881],[-6.009056,37.416767],[-6.009091,37.416624],[-6.009127,37.416538],[-6.009127,37.416453],[-6.009163,37.416396],[-6.009235,37.415939],[-6.009271,37.415768],[-6.009379,37.415454],[-6.009379,37.415397],[-6.009523,37.414769],[-6.009595,37.414626],[-6.009666,37.414255],[-6.009738,37.41397],[-6.009774,37.413713]]],[[[-6.015775,37.392076],[-6.018398,37.392676],[-6.018398,37.392704],[-6.01829,37.393018],[-6.018326,37.393133],[-6.01829,37.393161],[-6.018254,37.393247],[-6.018182,37.393447],[-6.018182,37.393532],[-6.017967,37.394217],[-6.017931,37.394389],[-6.017895,37.394446],[-6.017823,37.394674],[-6.017823,37.394703],[-6.017787,37.394788],[-6.017715,37.395017],[-6.017679,37.39516],[-6.017643,37.395331],[-6.017607,37.395416],[-6.017536,37.395645],[-6.0175,37.395845],[-6.017428,37.396016],[-6.017392,37.39613],[-6.017356,37.396216],[-6.01732,37.396416],[-6.017248,37.396615],[-6.017104,37.397072],[-6.017068,37.397243],[-6.016961,37.397529],[-6.016925,37.397757],[-6.016853,37.397986],[-6.016817,37.398157],[-6.016781,37.398186],[-6.016745,37.3983],[-6.016709,37.398642],[-6.016565,37.399099],[-6.016529,37.399156],[-6.016458,37.399413],[-6.016422,37.399499],[-6.016134,37.40064],[-6.015595,37.402553],[-6.015487,37.402981],[-6.015416,37.403324],[-6.015416,37.403352],[-6.015344,37.403666],[-6.014661,37.406064],[-6.014194,37.408005],[-6.013942,37.408947],[-6.013296,37.411487],[-6.01326,37.411515],[-6.013152,37.412029],[-6.013116,37.412172],[-6.01308,37.412257],[-6.013044,37.412372],[-6.013008,37.412486],[-6.012972,37.412543],[-6.012828,37.412999],[-6.012828,37.413171],[-6.012793,37.41337],[-6.012757,37.413485],[-6.009846,37.413456],[-6.00999,37.412857],[-6.00999,37.412828],[-6.010026,37.412714],[-6.010026,37.412686],[-6.010169,37.412115],[-6.010205,37.411972],[-6.010313,37.411515],[-6.010349,37.411373],[-6.010457,37.410887],[-6.010637,37.41026],[-6.010637,37.410202],[-6.010816,37.409489],[-6.010924,37.409089],[-6.010924,37.409004],[-6.011068,37.40849],[-6.011104,37.408347],[-6.011104,37.40829],[-6.011427,37.407206],[-6.011535,37.407091],[-6.011679,37.407091],[-6.01175,37.407006],[-6.011715,37.406949],[-6.011607,37.40692],[-6.011571,37.406692],[-6.011607,37.406606],[-6.011679,37.406549],[-6.011715,37.406492],[-6.011679,37.406321],[-6.011715,37.406121],[-6.011858,37.405579],[-6.011858,37.405521],[-6.011966,37.405122],[-6.012038,37.404808],[-6.012146,37.40438],[-6.012254,37.40398],[-6.012325,37.403923],[-6.012433,37.403523],[-6.012469,37.403352],[-6.012685,37.402467],[-6.012793,37.402125],[-6.012793,37.402011],[-6.012828,37.401868],[-6.012936,37.401525],[-6.013008,37.401268],[-6.01308,37.400954],[-6.013116,37.400869],[-6.013188,37.400669],[-6.013188,37.400583],[-6.013296,37.400241],[-6.013331,37.400155],[-6.013439,37.399756],[-6.013439,37.399698],[-6.013583,37.399242],[-6.013763,37.398585],[-6.013763,37.398528],[-6.01405,37.397386],[-6.014517,37.395816],[-6.015056,37.393989],[-6.015128,37.393818],[-6.01538,37.393133],[-6.015416,37.393076],[-6.015559,37.392619],[-6.015703,37.392362],[-6.015703,37.392248],[-6.015775,37.392076]]],[[[-6.01944,37.389307],[-6.019404,37.389336],[-6.019332,37.389364],[-6.019332,37.389507],[-6.019332,37.389621],[-6.019332,37.38965],[-6.019332,37.389792],[-6.019404,37.389935],[-6.019476,37.390021],[-6.019763,37.389992],[-6.019656,37.390192],[-6.019656,37.390306],[-6.019692,37.390363],[-6.020015,37.390421],[-6.020123,37.390363],[-6.020302,37.390363],[-6.020338,37.390278],[-6.020482,37.390278],[-6.020626,37.390363],[-6.020734,37.390449],[-6.021057,37.390449],[-6.021057,37.390563],[-6.020877,37.390592],[-6.020734,37.390649],[-6.02059,37.390649],[-6.020518,37.390649],[-6.020518,37.390592],[-6.020446,37.390535],[-6.020338,37.390506],[-6.020123,37.390535],[-6.020015,37.390649],[-6.019584,37.390649],[-6.019368,37.39062],[-6.019153,37.39062],[-6.019081,37.390592],[-6.018973,37.39102],[-6.018865,37.391334],[-6.018614,37.391962],[-6.018614,37.392048],[-6.018578,37.392162],[-6.018542,37.392276],[-6.01847,37.392448],[-6.01847,37.392505],[-6.018434,37.392562],[-6.015811,37.391991],[-6.015847,37.391905],[-6.015955,37.391648],[-6.016026,37.391477],[-6.016134,37.391049],[-6.016242,37.390792],[-6.016242,37.39062],[-6.016278,37.390535],[-6.016278,37.390335],[-6.016242,37.390306],[-6.01617,37.390078],[-6.016206,37.389792],[-6.016278,37.389735],[-6.016314,37.389621],[-6.016601,37.389536],[-6.016601,37.389421],[-6.017428,37.389393],[-6.01944,37.389307]]],[[[-6.021524,37.372318],[-6.021704,37.372318],[-6.02271,37.372318],[-6.023572,37.372375],[-6.023572,37.372404],[-6.023572,37.372433],[-6.023536,37.372433],[-6.023536,37.372518],[-6.023536,37.373375],[-6.023572,37.373432],[-6.023536,37.373489],[-6.023536,37.373546],[-6.023572,37.373575],[-6.023536,37.373632],[-6.0235,37.373632],[-6.0235,37.374003],[-6.0235,37.374174],[-6.023464,37.374232],[-6.023464,37.37426],[-6.0235,37.374317],[-6.0235,37.374431],[-6.023572,37.374431],[-6.023572,37.374374],[-6.023644,37.374403],[-6.023572,37.37446],[-6.0235,37.37446],[-6.023464,37.374517],[-6.023464,37.374746],[-6.023393,37.374888],[-6.023393,37.375002],[-6.023429,37.37506],[-6.023464,37.375402],[-6.023357,37.375459],[-6.023321,37.375602],[-6.023393,37.375745],[-6.023357,37.375802],[-6.023285,37.375802],[-6.023321,37.376116],[-6.023285,37.376202],[-6.023177,37.376287],[-6.023177,37.37643],[-6.023141,37.376516],[-6.023141,37.376602],[-6.023105,37.376716],[-6.023033,37.376916],[-6.023033,37.376944],[-6.022961,37.377201],[-6.022926,37.377315],[-6.022926,37.377401],[-6.02289,37.377487],[-6.022854,37.377658],[-6.022818,37.377715],[-6.02271,37.377744],[-6.022674,37.377829],[-6.022746,37.378229],[-6.022818,37.378172],[-6.022926,37.378315],[-6.023213,37.378343],[-6.023213,37.378429],[-6.023105,37.378543],[-6.023069,37.378572],[-6.02289,37.378715],[-6.022854,37.378743],[-6.022602,37.378743],[-6.02253,37.378857],[-6.022458,37.378943],[-6.022387,37.379086],[-6.022494,37.379229],[-6.022422,37.379286],[-6.022207,37.379485],[-6.022243,37.3796],[-6.022135,37.379685],[-6.022135,37.379828],[-6.022135,37.379914],[-6.022099,37.379942],[-6.021812,37.381027],[-6.02174,37.381142],[-6.02174,37.38137],[-6.02156,37.381684],[-6.021596,37.38177],[-6.02156,37.381827],[-6.021524,37.381998],[-6.02156,37.382284],[-6.021488,37.382312],[-6.021488,37.382426],[-6.02156,37.382426],[-6.02156,37.382455],[-6.021524,37.382484],[-6.021524,37.382541],[-6.021452,37.382626],[-6.021416,37.38274],[-6.021416,37.382969],[-6.021452,37.382997],[-6.02138,37.383055],[-6.02138,37.383112],[-6.02138,37.383369],[-6.021309,37.383511],[-6.021273,37.383654],[-6.021273,37.383825],[-6.021201,37.383854],[-6.021165,37.383997],[-6.020985,37.384054],[-6.020949,37.38414],[-6.020985,37.384225],[-6.020949,37.384425],[-6.020877,37.384454],[-6.020877,37.384568],[-6.020698,37.385025],[-6.020698,37.385396],[-6.020626,37.385596],[-6.02059,37.385681],[-6.020518,37.38571],[-6.020482,37.38591],[-6.02041,37.386195],[-6.020338,37.386395],[-6.020338,37.386452],[-6.020302,37.386566],[-6.020159,37.386766],[-6.020159,37.386995],[-6.020051,37.38728],[-6.020051,37.387309],[-6.020015,37.387423],[-6.019943,37.387537],[-6.019907,37.387794],[-6.019799,37.387937],[-6.019763,37.388251],[-6.01962,37.388422],[-6.01962,37.388651],[-6.019548,37.388736],[-6.019512,37.388936],[-6.019548,37.388993],[-6.019548,37.389022],[-6.019296,37.38905],[-6.017033,37.389107],[-6.016673,37.389107],[-6.016709,37.38905],[-6.016745,37.38885],[-6.016889,37.388708],[-6.016925,37.388565],[-6.016997,37.388451],[-6.016997,37.388336],[-6.016997,37.388165],[-6.01714,37.388165],[-6.017248,37.38788],[-6.017248,37.387765],[-6.017356,37.387737],[-6.017428,37.387309],[-6.0175,37.386995],[-6.017536,37.386823],[-6.017536,37.386595],[-6.017679,37.386138],[-6.017715,37.386138],[-6.017823,37.385938],[-6.017859,37.385681],[-6.017931,37.385367],[-6.018075,37.38511],[-6.018111,37.384882],[-6.018146,37.384653],[-6.018362,37.384197],[-6.01847,37.383997],[-6.01847,37.38394],[-6.01847,37.383797],[-6.018434,37.383626],[-6.018614,37.383511],[-6.018614,37.383312],[-6.018757,37.383112],[-6.018829,37.382912],[-6.018793,37.382769],[-6.018973,37.382598],[-6.018973,37.382341],[-6.019045,37.382284],[-6.019009,37.382112],[-6.019117,37.382141],[-6.019117,37.381713],[-6.019081,37.381655],[-6.019081,37.381598],[-6.019296,37.381655],[-6.019296,37.381199],[-6.019404,37.381199],[-6.01944,37.381113],[-6.01944,37.380742],[-6.019584,37.380456],[-6.01962,37.380314],[-6.019727,37.380085],[-6.019727,37.380028],[-6.019727,37.379971],[-6.019763,37.379857],[-6.019799,37.379628],[-6.019943,37.379428],[-6.020087,37.379143],[-6.020087,37.379],[-6.020123,37.378743],[-6.020051,37.378543],[-6.020195,37.378258],[-6.02041,37.378343],[-6.02059,37.377915],[-6.020662,37.377829],[-6.020626,37.377744],[-6.020734,37.377544],[-6.02077,37.377458],[-6.020805,37.377458],[-6.020877,37.377344],[-6.020877,37.377287],[-6.020841,37.377258],[-6.020841,37.377087],[-6.020913,37.377058],[-6.020949,37.376973],[-6.021057,37.376516],[-6.021129,37.376402],[-6.021165,37.376316],[-6.021129,37.376088],[-6.021165,37.375888],[-6.021201,37.375802],[-6.021237,37.375773],[-6.021309,37.375631],[-6.021273,37.375231],[-6.021309,37.375145],[-6.02138,37.375088],[-6.021416,37.374974],[-6.021452,37.374688],[-6.021416,37.374346],[-6.021488,37.374289],[-6.021488,37.374032],[-6.02156,37.373718],[-6.021524,37.372318]]],[[[-6.021452,37.371433],[-6.02174,37.371462],[-6.023069,37.37149],[-6.023536,37.371519],[-6.023572,37.371576],[-6.0235,37.371661],[-6.023572,37.371833],[-6.023536,37.372061],[-6.023608,37.372118],[-6.023608,37.372261],[-6.023321,37.372233],[-6.022387,37.372204],[-6.021524,37.372204],[-6.021524,37.371604],[-6.021488,37.371519],[-6.021452,37.37149],[-6.021452,37.371433]]],[[[-6.021344,37.368063],[-6.021848,37.368092],[-6.023429,37.368149],[-6.023644,37.368149],[-6.023644,37.368178],[-6.023752,37.368235],[-6.023788,37.368235],[-6.02368,37.368292],[-6.023716,37.368463],[-6.023752,37.368463],[-6.023824,37.36852],[-6.023716,37.368577],[-6.023752,37.368891],[-6.02368,37.369206],[-6.02368,37.369406],[-6.023644,37.369663],[-6.02386,37.369691],[-6.024039,37.36992],[-6.024291,37.369663],[-6.024399,37.369663],[-6.024399,37.369777],[-6.024219,37.369862],[-6.024183,37.36992],[-6.024147,37.36992],[-6.024111,37.369977],[-6.024039,37.369977],[-6.024075,37.370262],[-6.024291,37.370376],[-6.024291,37.370462],[-6.024219,37.370462],[-6.024111,37.370519],[-6.024039,37.370462],[-6.023932,37.370291],[-6.023896,37.370291],[-6.023896,37.370234],[-6.023968,37.370234],[-6.024003,37.369977],[-6.023644,37.369862],[-6.02368,37.370405],[-6.023644,37.370576],[-6.023608,37.370605],[-6.023644,37.370776],[-6.023572,37.371176],[-6.023608,37.37129],[-6.023572,37.371319],[-6.023464,37.371319],[-6.022602,37.37129],[-6.021452,37.371262],[-6.021452,37.371176],[-6.021452,37.371119],[-6.021452,37.370862],[-6.021416,37.370833],[-6.021416,37.370405],[-6.021309,37.370319],[-6.02138,37.370234],[-6.02138,37.370119],[-6.021273,37.370034],[-6.021273,37.36972],[-6.021309,37.369463],[-6.021273,37.369149],[-6.021344,37.369091],[-6.021344,37.368949],[-6.021273,37.368863],[-6.021309,37.368806],[-6.021344,37.368692],[-6.021237,37.368606],[-6.021237,37.368577],[-6.021344,37.368492],[-6.021309,37.368263],[-6.021344,37.368063]]],[[[-6.02368,37.367264],[-6.023716,37.367578],[-6.023932,37.367664],[-6.02368,37.367721],[-6.02368,37.367806],[-6.023644,37.367921],[-6.023572,37.367949],[-6.023608,37.368006],[-6.023608,37.368063],[-6.023464,37.368063],[-6.021632,37.368006],[-6.02138,37.367978],[-6.021344,37.367978],[-6.021344,37.367835],[-6.021309,37.367835],[-6.021237,37.367721],[-6.021237,37.367521],[-6.022566,37.367378],[-6.0235,37.367292],[-6.02368,37.367264]]],[[[-6.051708,37.271705],[-6.055121,37.272678],[-6.055013,37.272735],[-6.054906,37.272821],[-6.054654,37.272849],[-6.054618,37.272992],[-6.054367,37.273335],[-6.054331,37.273535],[-6.054259,37.27385],[-6.054259,37.27425],[-6.054151,37.274365],[-6.054043,37.274508],[-6.054007,37.274593],[-6.054043,37.274679],[-6.054007,37.274736],[-6.053935,37.274794],[-6.053648,37.274879],[-6.053684,37.27528],[-6.05354,37.275423],[-6.05354,37.275451],[-6.05336,37.275508],[-6.053396,37.275766],[-6.053324,37.27588],[-6.053253,37.275966],[-6.053253,37.276023],[-6.053181,37.27608],[-6.053145,37.276109],[-6.053109,37.276137],[-6.053001,37.276195],[-6.05275,37.276338],[-6.052642,37.276395],[-6.05257,37.276509],[-6.05257,37.276681],[-6.052498,37.276909],[-6.05239,37.277024],[-6.052282,37.277138],[-6.051959,37.277396],[-6.051923,37.277424],[-6.051923,37.277453],[-6.051923,37.277481],[-6.051887,37.27751],[-6.051887,37.277567],[-6.051851,37.277653],[-6.051851,37.277739],[-6.051779,37.277853],[-6.051564,37.27811],[-6.051564,37.278196],[-6.0516,37.27831],[-6.051492,37.278539],[-6.051564,37.278596],[-6.051636,37.278654],[-6.051779,37.278739],[-6.05275,37.279082],[-6.052821,37.279111],[-6.052786,37.279225],[-6.052534,37.279168],[-6.052318,37.279054],[-6.052175,37.279025],[-6.052067,37.278968],[-6.051995,37.278968],[-6.051923,37.278939],[-6.051851,37.278911],[-6.051672,37.278854],[-6.051528,37.278768],[-6.051492,37.278768],[-6.05124,37.278997],[-6.051204,37.278997],[-6.050989,37.279225],[-6.050809,37.279454],[-6.050486,37.279826],[-6.05027,37.280169],[-6.050126,37.280398],[-6.050126,37.280426],[-6.050126,37.280455],[-6.050019,37.280741],[-6.049839,37.281055],[-6.049623,37.281484],[-6.049444,37.281827],[-6.049408,37.281913],[-6.049264,37.282199],[-6.049156,37.282485],[-6.049013,37.282742],[-6.048977,37.282971],[-6.048905,37.283114],[-6.048869,37.283257],[-6.048905,37.283485],[-6.048905,37.283543],[-6.048833,37.283543],[-6.048797,37.2836],[-6.048761,37.283743],[-6.048725,37.283771],[-6.048689,37.283914],[-6.048653,37.284],[-6.04851,37.284572],[-6.048545,37.284658],[-6.04851,37.284972],[-6.048474,37.285058],[-6.048474,37.285229],[-6.048438,37.285287],[-6.048402,37.285429],[-6.048402,37.285944],[-6.04833,37.286116],[-6.048294,37.286344],[-6.048186,37.28663],[-6.048186,37.286945],[-6.048006,37.287545],[-6.048006,37.287602],[-6.047935,37.287802],[-6.047719,37.288345],[-6.047611,37.288717],[-6.047503,37.28906],[-6.047396,37.289146],[-6.047252,37.289946],[-6.047216,37.290118],[-6.047144,37.290547],[-6.047108,37.290718],[-6.047072,37.290775],[-6.047072,37.29089],[-6.047072,37.290947],[-6.047036,37.291118],[-6.047036,37.291147],[-6.046964,37.291576],[-6.046928,37.291633],[-6.046857,37.291805],[-6.046713,37.292062],[-6.046677,37.292148],[-6.046605,37.292262],[-6.046569,37.292348],[-6.046533,37.292433],[-6.046497,37.292519],[-6.046461,37.292576],[-6.046425,37.292605],[-6.046425,37.292634],[-6.046389,37.292719],[-6.046354,37.292805],[-6.046318,37.292862],[-6.046282,37.292891],[-6.046282,37.292919],[-6.046246,37.292977],[-6.04621,37.293034],[-6.046102,37.293291],[-6.04603,37.293405],[-6.045815,37.293834],[-6.045707,37.294034],[-6.045671,37.294091],[-6.045671,37.29412],[-6.045635,37.294177],[-6.045635,37.294206],[-6.045599,37.294234],[-6.045599,37.294263],[-6.045527,37.294377],[-6.045419,37.294549],[-6.045276,37.294749],[-6.045204,37.294806],[-6.045096,37.294892],[-6.04488,37.295063],[-6.044629,37.295464],[-6.044377,37.295807],[-6.044305,37.295807],[-6.044234,37.295864],[-6.044234,37.296007],[-6.044162,37.296064],[-6.04409,37.296121],[-6.044018,37.296178],[-6.043838,37.296321],[-6.043766,37.296464],[-6.043695,37.296493],[-6.043659,37.296578],[-6.043479,37.296721],[-6.043443,37.296778],[-6.043371,37.296807],[-6.043299,37.296921],[-6.043156,37.297007],[-6.043084,37.297207],[-6.043012,37.297264],[-6.042976,37.297293],[-6.042904,37.297322],[-6.042904,37.29735],[-6.042832,37.297379],[-6.042796,37.297407],[-6.04276,37.297436],[-6.042688,37.297493],[-6.042653,37.297522],[-6.042545,37.297607],[-6.042437,37.297636],[-6.042401,37.297779],[-6.042293,37.297836],[-6.042257,37.297893],[-6.042114,37.298065],[-6.04197,37.29815],[-6.041682,37.298208],[-6.041646,37.298293],[-6.041539,37.298351],[-6.041539,37.298436],[-6.041431,37.298493],[-6.041431,37.298636],[-6.041359,37.298751],[-6.041287,37.298836],[-6.040928,37.298865],[-6.04082,37.298922],[-6.040784,37.298951],[-6.040497,37.299008],[-6.040353,37.299122],[-6.040353,37.299208],[-6.039886,37.299208],[-6.03985,37.299237],[-6.039455,37.299265],[-6.039419,37.299322],[-6.039239,37.299351],[-6.039203,37.29938],[-6.039059,37.299437],[-6.03888,37.299608],[-6.038772,37.299608],[-6.0387,37.299665],[-6.0387,37.299808],[-6.03888,37.300008],[-6.03888,37.300123],[-6.038844,37.300123],[-6.038736,37.30018],[-6.038592,37.300066],[-6.03852,37.300008],[-6.038448,37.299894],[-6.038125,37.299808],[-6.038125,37.29978],[-6.037945,37.299723],[-6.037838,37.299751],[-6.037766,37.299837],[-6.037586,37.299923],[-6.037406,37.299951],[-6.037083,37.300066],[-6.036903,37.300123],[-6.03676,37.30018],[-6.036364,37.300208],[-6.036113,37.300266],[-6.035861,37.300294],[-6.035718,37.300351],[-6.035753,37.300437],[-6.035646,37.300694],[-6.03561,37.300752],[-6.035538,37.300809],[-6.035394,37.300866],[-6.035358,37.300923],[-6.035214,37.301009],[-6.035143,37.301123],[-6.034927,37.30118],[-6.034568,37.301209],[-6.034496,37.30118],[-6.034136,37.30118],[-6.033993,37.301266],[-6.033921,37.301295],[-6.033813,37.301323],[-6.033382,37.301495],[-6.032951,37.301552],[-6.032915,37.30158],[-6.032735,37.301666],[-6.032771,37.301781],[-6.03252,37.302009],[-6.032484,37.302009],[-6.032376,37.302095],[-6.032196,37.302152],[-6.032124,37.302209],[-6.031981,37.302238],[-6.031873,37.302352],[-6.031801,37.302438],[-6.03119,37.302467],[-6.031082,37.302467],[-6.03101,37.302524],[-6.030903,37.302524],[-6.030831,37.302581],[-6.030867,37.302667],[-6.030795,37.302724],[-6.030831,37.302895],[-6.030795,37.303038],[-6.030723,37.303124],[-6.030471,37.30321],[-6.030471,37.303295],[-6.030435,37.303353],[-6.030328,37.30341],[-6.03022,37.303438],[-6.03022,37.303553],[-6.030364,37.30361],[-6.030364,37.303724],[-6.030292,37.303838],[-6.03004,37.303981],[-6.02986,37.303981],[-6.029789,37.303981],[-6.029753,37.303924],[-6.029609,37.303953],[-6.029573,37.303981],[-6.029501,37.303981],[-6.029429,37.304153],[-6.029322,37.30421],[-6.029286,37.30441],[-6.02925,37.304524],[-6.029178,37.304667],[-6.028854,37.304839],[-6.028675,37.304896],[-6.028495,37.304896],[-6.028387,37.304953],[-6.028279,37.305096],[-6.0281,37.305525],[-6.027992,37.305611],[-6.027776,37.305811],[-6.027633,37.305896],[-6.027381,37.305954],[-6.026986,37.305982],[-6.026914,37.306096],[-6.02677,37.306211],[-6.026411,37.306582],[-6.026303,37.306725],[-6.026231,37.306782],[-6.026195,37.30684],[-6.026088,37.307068],[-6.026016,37.307125],[-6.026052,37.307354],[-6.02598,37.307468],[-6.025944,37.30764],[-6.025872,37.307668],[-6.025872,37.307754],[-6.0258,37.307811],[-6.025549,37.30804],[-6.025189,37.308211],[-6.025046,37.308183],[-6.024686,37.308211],[-6.024542,37.308269],[-6.024507,37.308411],[-6.024363,37.308583],[-6.024363,37.308726],[-6.024255,37.30884],[-6.024147,37.308897],[-6.024111,37.308954],[-6.024111,37.309012],[-6.024183,37.309069],[-6.024147,37.309126],[-6.024219,37.30944],[-6.024219,37.309612],[-6.024147,37.309669],[-6.024039,37.309812],[-6.024003,37.309898],[-6.02386,37.310012],[-6.023824,37.310041],[-6.023752,37.310098],[-6.023572,37.310155],[-6.023105,37.310383],[-6.022854,37.310469],[-6.022674,37.310555],[-6.022494,37.310641],[-6.022387,37.310726],[-6.022279,37.310841],[-6.022279,37.310898],[-6.022207,37.310926],[-6.022135,37.311069],[-6.022099,37.311384],[-6.021955,37.311641],[-6.021812,37.311698],[-6.021344,37.312127],[-6.021201,37.31227],[-6.020913,37.312413],[-6.020626,37.312641],[-6.020338,37.312927],[-6.020195,37.312984],[-6.019979,37.312984],[-6.019835,37.313041],[-6.019727,37.313041],[-6.019548,37.313127],[-6.019476,37.313327],[-6.019404,37.313499],[-6.019296,37.313784],[-6.019081,37.314042],[-6.018901,37.314184],[-6.018721,37.314242],[-6.018614,37.314327],[-6.01847,37.31447],[-6.018398,37.314556],[-6.018218,37.314699],[-6.018182,37.314756],[-6.018075,37.31487],[-6.018039,37.314927],[-6.017823,37.315156],[-6.017787,37.315299],[-6.017536,37.315613],[-6.017428,37.315785],[-6.017392,37.315842],[-6.017284,37.316071],[-6.017284,37.316156],[-6.016889,37.316842],[-6.016853,37.316928],[-6.016781,37.317099],[-6.016781,37.317128],[-6.016745,37.317214],[-6.016709,37.317271],[-6.016565,37.317585],[-6.016422,37.317699],[-6.016422,37.317871],[-6.016386,37.317957],[-6.01635,37.318042],[-6.016314,37.3181],[-6.016278,37.318214],[-6.016134,37.318471],[-6.01617,37.318728],[-6.016134,37.3189],[-6.016134,37.319014],[-6.016062,37.319185],[-6.015991,37.319271],[-6.015991,37.319443],[-6.015955,37.3195],[-6.015919,37.319586],[-6.015847,37.3197],[-6.015847,37.319728],[-6.015811,37.319786],[-6.015775,37.3199],[-6.015775,37.3201],[-6.015739,37.320557],[-6.015631,37.320586],[-6.015559,37.320614],[-6.015595,37.320729],[-6.015667,37.320757],[-6.015667,37.320871],[-6.015595,37.321129],[-6.015559,37.321614],[-6.015559,37.321757],[-6.015523,37.322243],[-6.015416,37.3225],[-6.015452,37.322757],[-6.015416,37.322815],[-6.015452,37.323015],[-6.015452,37.323357],[-6.015559,37.3239],[-6.015559,37.324615],[-6.015523,37.324729],[-6.015416,37.324729],[-6.015416,37.324843],[-6.015487,37.325043],[-6.015523,37.325015],[-6.015559,37.325129],[-6.015631,37.325358],[-6.015667,37.325729],[-6.015775,37.325986],[-6.015811,37.326129],[-6.015811,37.326186],[-6.015847,37.326329],[-6.015919,37.326529],[-6.016062,37.326843],[-6.01617,37.327043],[-6.016206,37.327043],[-6.016278,37.327158],[-6.016458,37.327472],[-6.016637,37.327729],[-6.016709,37.327901],[-6.016997,37.328272],[-6.017104,37.328501],[-6.01714,37.328529],[-6.017176,37.328644],[-6.017428,37.328844],[-6.017464,37.328901],[-6.017607,37.329129],[-6.017643,37.329186],[-6.017895,37.329644],[-6.018039,37.329729],[-6.018075,37.329872],[-6.018146,37.330072],[-6.018254,37.330186],[-6.018362,37.330272],[-6.018434,37.330301],[-6.018362,37.330358],[-6.018362,37.330415],[-6.01847,37.330472],[-6.01847,37.330615],[-6.01865,37.330758],[-6.018685,37.330901],[-6.018757,37.330958],[-6.018757,37.330986],[-6.018865,37.331072],[-6.019009,37.331072],[-6.019117,37.331158],[-6.019081,37.331215],[-6.019009,37.331244],[-6.019045,37.331472],[-6.019189,37.331501],[-6.019189,37.331586],[-6.01926,37.331644],[-6.019368,37.331644],[-6.019368,37.331729],[-6.019404,37.331872],[-6.019584,37.332158],[-6.019763,37.332444],[-6.019799,37.332586],[-6.019799,37.332729],[-6.019871,37.332758],[-6.019979,37.332901],[-6.020087,37.333101],[-6.020159,37.333329],[-6.020231,37.333444],[-6.020374,37.333558],[-6.020302,37.333672],[-6.020482,37.333786],[-6.02059,37.334015],[-6.020626,37.334129],[-6.020698,37.334215],[-6.020805,37.334358],[-6.020877,37.334501],[-6.020949,37.334586],[-6.020985,37.334901],[-6.021057,37.334901],[-6.021057,37.334958],[-6.021273,37.335244],[-6.021452,37.335615],[-6.021452,37.335672],[-6.021524,37.335815],[-6.02156,37.335929],[-6.021632,37.335986],[-6.021668,37.336043],[-6.021668,37.336101],[-6.02174,37.336129],[-6.021668,37.336215],[-6.02174,37.336243],[-6.021776,37.336443],[-6.021848,37.336501],[-6.021955,37.336558],[-6.021955,37.336729],[-6.022099,37.336758],[-6.022099,37.336872],[-6.022063,37.336872],[-6.022063,37.337072],[-6.022315,37.337272],[-6.022243,37.337329],[-6.022243,37.337358],[-6.022351,37.337415],[-6.022351,37.337501],[-6.022422,37.337558],[-6.022458,37.337558],[-6.022494,37.337615],[-6.022494,37.337672],[-6.022458,37.337701],[-6.022458,37.337815],[-6.02253,37.337843],[-6.022566,37.338072],[-6.022674,37.338072],[-6.022746,37.338129],[-6.022782,37.338415],[-6.022782,37.338586],[-6.022818,37.338586],[-6.022818,37.338643],[-6.022746,37.338672],[-6.022782,37.338843],[-6.02289,37.338815],[-6.022926,37.3389],[-6.022961,37.3389],[-6.022961,37.339215],[-6.023069,37.339272],[-6.023069,37.339358],[-6.023069,37.339415],[-6.023069,37.339586],[-6.023177,37.339557],[-6.023249,37.339529],[-6.023285,37.3395],[-6.023429,37.3395],[-6.023464,37.339586],[-6.023536,37.339643],[-6.023608,37.339786],[-6.023608,37.339843],[-6.0235,37.339929],[-6.023249,37.339957],[-6.023177,37.339872],[-6.023177,37.340015],[-6.023321,37.340043],[-6.023429,37.340015],[-6.023644,37.340072],[-6.023824,37.340129],[-6.024003,37.340186],[-6.024003,37.340272],[-6.023932,37.3403],[-6.023752,37.340357],[-6.023644,37.340357],[-6.023608,37.340272],[-6.023464,37.340243],[-6.023285,37.340357],[-6.023321,37.340586],[-6.023393,37.340586],[-6.023393,37.340872],[-6.023572,37.340872],[-6.023572,37.341157],[-6.0235,37.341186],[-6.023536,37.341357],[-6.023536,37.341443],[-6.023608,37.341443],[-6.023644,37.342043],[-6.02368,37.342186],[-6.02368,37.342329],[-6.023752,37.342357],[-6.023752,37.342557],[-6.023824,37.342843],[-6.023824,37.342986],[-6.023824,37.343128],[-6.023896,37.3437],[-6.023896,37.343928],[-6.023896,37.344014],[-6.02386,37.344157],[-6.023896,37.344443],[-6.023932,37.344642],[-6.023932,37.344928],[-6.023932,37.3451],[-6.023932,37.345271],[-6.023932,37.345328],[-6.023932,37.345757],[-6.023932,37.345842],[-6.023896,37.346671],[-6.023824,37.346728],[-6.023824,37.346842],[-6.02386,37.346871],[-6.02386,37.346928],[-6.023824,37.346985],[-6.02386,37.347471],[-6.023752,37.347528],[-6.023788,37.34787],[-6.02386,37.347899],[-6.02386,37.34807],[-6.023788,37.348099],[-6.023788,37.348327],[-6.023716,37.348527],[-6.023716,37.348642],[-6.023716,37.348727],[-6.023716,37.348756],[-6.023716,37.349042],[-6.023716,37.349184],[-6.023716,37.349299],[-6.023716,37.349356],[-6.023752,37.34987],[-6.023896,37.349956],[-6.024183,37.349956],[-6.024255,37.349784],[-6.024327,37.349784],[-6.024363,37.349841],[-6.024435,37.35007],[-6.024327,37.35007],[-6.024147,37.350184],[-6.024183,37.350384],[-6.024003,37.350384],[-6.024003,37.350413],[-6.023824,37.350498],[-6.023824,37.350327],[-6.023896,37.350298],[-6.023896,37.350127],[-6.023716,37.350127],[-6.02368,37.350356],[-6.02368,37.350384],[-6.02368,37.350613],[-6.02368,37.350813],[-6.023644,37.351013],[-6.02368,37.351098],[-6.023644,37.351155],[-6.023608,37.351555],[-6.023572,37.351555],[-6.023536,37.351841],[-6.0235,37.351898],[-6.0235,37.352069],[-6.023572,37.351984],[-6.023644,37.351984],[-6.023644,37.352041],[-6.023572,37.352127],[-6.0235,37.352212],[-6.023536,37.352926],[-6.0235,37.353126],[-6.0235,37.353412],[-6.023464,37.353469],[-6.023464,37.353583],[-6.023572,37.35364],[-6.023608,37.354326],[-6.023572,37.35444],[-6.023572,37.354783],[-6.0235,37.35484],[-6.023572,37.354869],[-6.023536,37.355069],[-6.023572,37.355211],[-6.023536,37.355268],[-6.023536,37.355811],[-6.023572,37.35644],[-6.023608,37.356468],[-6.023608,37.357011],[-6.023644,37.357039],[-6.023608,37.357154],[-6.023644,37.357239],[-6.023608,37.357268],[-6.023608,37.357411],[-6.023572,37.357525],[-6.023572,37.35781],[-6.023644,37.357839],[-6.023644,37.357953],[-6.023572,37.358125],[-6.0235,37.358239],[-6.023536,37.358467],[-6.023572,37.359124],[-6.023536,37.359181],[-6.0235,37.35921],[-6.023572,37.359638],[-6.023572,37.359895],[-6.0235,37.359895],[-6.0235,37.359981],[-6.023572,37.36001],[-6.023608,37.36021],[-6.023572,37.360495],[-6.023536,37.360581],[-6.023536,37.360781],[-6.023572,37.360866],[-6.023536,37.360924],[-6.023536,37.361181],[-6.023608,37.361323],[-6.023608,37.361552],[-6.023644,37.361609],[-6.023572,37.361695],[-6.023608,37.361838],[-6.023644,37.361866],[-6.023644,37.361923],[-6.023608,37.361952],[-6.023608,37.362123],[-6.023644,37.36218],[-6.023572,37.362237],[-6.023572,37.362266],[-6.023536,37.362294],[-6.023536,37.362352],[-6.023464,37.362409],[-6.023464,37.362494],[-6.023572,37.362523],[-6.023572,37.362666],[-6.023572,37.363037],[-6.023572,37.363808],[-6.023572,37.364665],[-6.023572,37.364693],[-6.023572,37.364722],[-6.023536,37.364636],[-6.0235,37.364465],[-6.023429,37.364322],[-6.023393,37.364322],[-6.023429,37.364494],[-6.023536,37.364779],[-6.023536,37.364808],[-6.023572,37.364836],[-6.023608,37.364893],[-6.023644,37.365036],[-6.02368,37.365407],[-6.023752,37.365465],[-6.023824,37.365693],[-6.023824,37.365807],[-6.023788,37.365807],[-6.023752,37.365893],[-6.023716,37.36595],[-6.023716,37.366064],[-6.023896,37.366064],[-6.023716,37.366093],[-6.023716,37.366378],[-6.02368,37.366493],[-6.02368,37.366693],[-6.023644,37.367035],[-6.023788,37.367064],[-6.023716,37.367149],[-6.023429,37.367207],[-6.021596,37.367407],[-6.021237,37.367435],[-6.021165,37.367178],[-6.021165,37.367007],[-6.021093,37.366864],[-6.021093,37.366664],[-6.021129,37.366521],[-6.021129,37.366464],[-6.021129,37.366378],[-6.021057,37.365379],[-6.021129,37.36495],[-6.021237,37.364808],[-6.021201,37.364522],[-6.021273,37.364208],[-6.021309,37.363865],[-6.021344,37.363808],[-6.021309,37.363665],[-6.02138,37.363608],[-6.02138,37.362751],[-6.021344,37.362523],[-6.02138,37.362437],[-6.021452,37.362266],[-6.021524,37.36218],[-6.02156,37.362009],[-6.021524,37.361895],[-6.021488,37.361866],[-6.021488,37.361666],[-6.02156,37.361552],[-6.021524,37.360609],[-6.021452,37.360524],[-6.021416,37.360324],[-6.021416,37.359895],[-6.021488,37.35981],[-6.021488,37.359638],[-6.021524,37.35961],[-6.02156,37.35941],[-6.021524,37.359239],[-6.021524,37.35881],[-6.021524,37.358325],[-6.021524,37.358267],[-6.021524,37.358039],[-6.02156,37.357925],[-6.02156,37.357896],[-6.02156,37.357753],[-6.021416,37.357639],[-6.021452,37.357582],[-6.021488,37.357553],[-6.021416,37.356411],[-6.02138,37.355868],[-6.02138,37.35564],[-6.021488,37.355554],[-6.021488,37.355326],[-6.021452,37.354583],[-6.021488,37.354155],[-6.021416,37.353469],[-6.021416,37.35344],[-6.021416,37.353326],[-6.02138,37.353212],[-6.021416,37.353155],[-6.021524,37.353155],[-6.02156,37.352469],[-6.021524,37.352269],[-6.02156,37.352041],[-6.02156,37.351984],[-6.02156,37.351898],[-6.02156,37.351812],[-6.021632,37.351384],[-6.021668,37.351298],[-6.021632,37.350327],[-6.021668,37.350184],[-6.021668,37.349984],[-6.021668,37.349956],[-6.021704,37.349641],[-6.021704,37.34947],[-6.02174,37.349356],[-6.02174,37.34927],[-6.02174,37.349242],[-6.02174,37.349099],[-6.021776,37.348527],[-6.021848,37.348499],[-6.021848,37.348156],[-6.021812,37.347899],[-6.021848,37.347699],[-6.021776,37.34767],[-6.02174,37.347585],[-6.021883,37.347528],[-6.021848,37.347271],[-6.021848,37.346785],[-6.021776,37.346842],[-6.021668,37.346756],[-6.021632,37.346671],[-6.021632,37.346385],[-6.021704,37.346471],[-6.021704,37.346642],[-6.021812,37.346642],[-6.021848,37.346671],[-6.021883,37.346499],[-6.021883,37.346385],[-6.021883,37.346328],[-6.021919,37.345871],[-6.021812,37.345814],[-6.021919,37.345728],[-6.021883,37.345414],[-6.021704,37.345271],[-6.021668,37.345185],[-6.021668,37.344957],[-6.021632,37.3449],[-6.021632,37.344671],[-6.021596,37.344357],[-6.02156,37.344071],[-6.02156,37.343785],[-6.021524,37.343386],[-6.021488,37.343014],[-6.02156,37.342928],[-6.021488,37.342871],[-6.021488,37.342757],[-6.021452,37.342671],[-6.021452,37.342271],[-6.02138,37.341472],[-6.021273,37.341414],[-6.021273,37.341386],[-6.021201,37.341329],[-6.021201,37.341272],[-6.021237,37.341243],[-6.021273,37.341186],[-6.021237,37.341186],[-6.021165,37.341129],[-6.021129,37.341043],[-6.021165,37.3409],[-6.021093,37.3409],[-6.021093,37.340786],[-6.021057,37.3407],[-6.021021,37.340357],[-6.020985,37.340357],[-6.020949,37.339929],[-6.020913,37.339815],[-6.020841,37.339786],[-6.020877,37.339443],[-6.02077,37.339386],[-6.020662,37.339243],[-6.020626,37.339215],[-6.020554,37.338643],[-6.020266,37.338358],[-6.020266,37.3383],[-6.020159,37.338072],[-6.020123,37.337872],[-6.020051,37.337843],[-6.019871,37.337872],[-6.019835,37.337929],[-6.019727,37.338015],[-6.019727,37.338043],[-6.019584,37.338129],[-6.019584,37.3383],[-6.019548,37.338358],[-6.019153,37.338358],[-6.019117,37.338329],[-6.019117,37.338272],[-6.019153,37.338243],[-6.019153,37.338215],[-6.019189,37.338186],[-6.01926,37.338072],[-6.019332,37.338015],[-6.019368,37.337958],[-6.019512,37.337929],[-6.019584,37.337872],[-6.019727,37.337786],[-6.019656,37.337615],[-6.019548,37.337501],[-6.019692,37.337358],[-6.019727,37.337272],[-6.01962,37.337186],[-6.019548,37.337186],[-6.019476,37.337186],[-6.01944,37.337215],[-6.019404,37.336958],[-6.01944,37.336929],[-6.01944,37.336901],[-6.019404,37.336843],[-6.019332,37.336643],[-6.019153,37.336615],[-6.019081,37.336415],[-6.019081,37.336301],[-6.019153,37.336158],[-6.019153,37.336072],[-6.019332,37.336072],[-6.01926,37.335901],[-6.019224,37.335815],[-6.019189,37.335758],[-6.019081,37.335558],[-6.019009,37.335558],[-6.018937,37.335186],[-6.018901,37.335129],[-6.018865,37.335044],[-6.018685,37.334929],[-6.018793,37.334844],[-6.018685,37.334701],[-6.018542,37.334729],[-6.018542,37.334644],[-6.01847,37.334644],[-6.01847,37.334529],[-6.01829,37.334444],[-6.018254,37.334358],[-6.018218,37.334158],[-6.018111,37.334072],[-6.018039,37.333786],[-6.017895,37.333672],[-6.017679,37.333644],[-6.0175,37.333529],[-6.017607,37.333329],[-6.017679,37.333329],[-6.017679,37.333101],[-6.0175,37.333129],[-6.017464,37.333215],[-6.01714,37.332929],[-6.017176,37.332901],[-6.017536,37.332872],[-6.017679,37.332758],[-6.017572,37.332672],[-6.017536,37.332644],[-6.0175,37.332586],[-6.017392,37.332472],[-6.01714,37.332358],[-6.016997,37.332186],[-6.016817,37.332015],[-6.016781,37.331901],[-6.016529,37.331815],[-6.016529,37.331672],[-6.016529,37.331501],[-6.01635,37.331444],[-6.01635,37.331415],[-6.016278,37.331386],[-6.016278,37.331358],[-6.01635,37.331301],[-6.01635,37.331244],[-6.016242,37.331244],[-6.016242,37.331158],[-6.01617,37.330986],[-6.016026,37.331015],[-6.015919,37.330986],[-6.015919,37.330815],[-6.015883,37.330815],[-6.015847,37.330615],[-6.015667,37.330472],[-6.015631,37.330472],[-6.015559,37.330415],[-6.015164,37.330129],[-6.015056,37.330044],[-6.014948,37.329929],[-6.014877,37.329872],[-6.014625,37.329701],[-6.014517,37.329529],[-6.014697,37.329386],[-6.014661,37.329386],[-6.014553,37.329329],[-6.014517,37.329329],[-6.014517,37.329358],[-6.014445,37.329358],[-6.014445,37.329329],[-6.014122,37.329329],[-6.014122,37.329244],[-6.014445,37.329244],[-6.014374,37.329101],[-6.014122,37.328958],[-6.014374,37.328901],[-6.014445,37.328786],[-6.014553,37.328786],[-6.014625,37.328729],[-6.014625,37.328672],[-6.014589,37.328644],[-6.014481,37.328472],[-6.014409,37.328444],[-6.014338,37.328386],[-6.01405,37.328386],[-6.013942,37.328301],[-6.013906,37.328244],[-6.013906,37.328158],[-6.013835,37.328101],[-6.014014,37.328044],[-6.01405,37.327929],[-6.014122,37.327958],[-6.014122,37.327986],[-6.014194,37.327929],[-6.014158,37.327815],[-6.013978,37.327529],[-6.013942,37.327472],[-6.013835,37.327472],[-6.013547,37.327701],[-6.013511,37.328129],[-6.013583,37.328158],[-6.013619,37.328329],[-6.013547,37.328501],[-6.013439,37.328501],[-6.013331,37.328472],[-6.013188,37.328586],[-6.012793,37.328586],[-6.012757,37.328615],[-6.012613,37.328644],[-6.012577,37.328501],[-6.012505,37.328472],[-6.012469,37.328444],[-6.012541,37.328101],[-6.012613,37.327786],[-6.012577,37.327644],[-6.012361,37.327301],[-6.012182,37.327158],[-6.012182,37.327129],[-6.012146,37.327101],[-6.012074,37.327101],[-6.011894,37.327186],[-6.011679,37.327186],[-6.011391,37.327129],[-6.011283,37.327015],[-6.011211,37.327015],[-6.01114,37.326929],[-6.010996,37.326929],[-6.010924,37.326901],[-6.010744,37.326929],[-6.010708,37.326958],[-6.010565,37.326958],[-6.010565,37.326929],[-6.010565,37.326872],[-6.010637,37.326758],[-6.010708,37.326643],[-6.01096,37.326215],[-6.01096,37.326186],[-6.011104,37.325929],[-6.01114,37.325901],[-6.011211,37.325758],[-6.011247,37.325729],[-6.011427,37.325443],[-6.011499,37.325386],[-6.011607,37.325386],[-6.011535,37.325501],[-6.011607,37.325558],[-6.011822,37.325558],[-6.012002,37.325643],[-6.012361,37.325643],[-6.012433,37.325615],[-6.012613,37.325672],[-6.012685,37.325729],[-6.012793,37.325758],[-6.012864,37.325786],[-6.012936,37.325843],[-6.012972,37.325929],[-6.013044,37.325929],[-6.013188,37.325901],[-6.01326,37.325929],[-6.013296,37.325872],[-6.013224,37.325672],[-6.013224,37.325129],[-6.013152,37.324843],[-6.013116,37.323757],[-6.013044,37.323586],[-6.013044,37.3231],[-6.013008,37.322815],[-6.012936,37.322557],[-6.012972,37.322214],[-6.012972,37.321643],[-6.013008,37.321329],[-6.013008,37.321243],[-6.013044,37.320986],[-6.013044,37.320929],[-6.013044,37.320786],[-6.01308,37.3207],[-6.01308,37.3203],[-6.013152,37.320014],[-6.013188,37.319728],[-6.01326,37.319528],[-6.013296,37.319471],[-6.013367,37.319157],[-6.013403,37.319128],[-6.013439,37.319014],[-6.013475,37.318985],[-6.013511,37.318814],[-6.013655,37.318614],[-6.013691,37.318528],[-6.013691,37.318414],[-6.013835,37.318128],[-6.013835,37.3181],[-6.01387,37.318014],[-6.013942,37.317757],[-6.014122,37.317299],[-6.01423,37.317099],[-6.014266,37.317014],[-6.014374,37.316814],[-6.014338,37.316614],[-6.014194,37.316585],[-6.014158,37.316614],[-6.01405,37.316642],[-6.013906,37.316814],[-6.013727,37.316842],[-6.013655,37.316928],[-6.013583,37.316928],[-6.013619,37.317014],[-6.013655,37.317014],[-6.013619,37.317042],[-6.013511,37.317099],[-6.013475,37.317128],[-6.013439,37.317128],[-6.013296,37.317185],[-6.013152,37.317242],[-6.013008,37.317271],[-6.012828,37.317299],[-6.012649,37.317357],[-6.012613,37.317357],[-6.012577,37.317385],[-6.012325,37.317499],[-6.012074,37.317557],[-6.01175,37.317699],[-6.010601,37.317957],[-6.010529,37.317985],[-6.010457,37.318014],[-6.010313,37.317871],[-6.010133,37.317842],[-6.010062,37.317785],[-6.009954,37.317757],[-6.009882,37.317842],[-6.009666,37.3179],[-6.009307,37.318014],[-6.009056,37.318128],[-6.008732,37.318214],[-6.008552,37.3183],[-6.008445,37.318357],[-6.008157,37.318442],[-6.007978,37.318528],[-6.007942,37.3185],[-6.007654,37.3185],[-6.007546,37.318328],[-6.00751,37.318271],[-6.007474,37.318242],[-6.007834,37.318071],[-6.007978,37.317785],[-6.00787,37.317585],[-6.007654,37.317328],[-6.007367,37.317271],[-6.007115,37.317328],[-6.007007,37.317271],[-6.006971,37.316871],[-6.007007,37.316471],[-6.007079,37.316299],[-6.007115,37.316271],[-6.007295,37.316242],[-6.007295,37.316156],[-6.007367,37.316128],[-6.007618,37.316099],[-6.00769,37.316042],[-6.007834,37.316071],[-6.008121,37.316013],[-6.008337,37.316013],[-6.008373,37.315956],[-6.008445,37.315956],[-6.008517,37.315899],[-6.008588,37.315899],[-6.00866,37.315871],[-6.008696,37.315928],[-6.008804,37.315813],[-6.008876,37.315785],[-6.008912,37.315785],[-6.008984,37.315785],[-6.009163,37.315699],[-6.009091,37.315642],[-6.009487,37.315328],[-6.009523,37.315328],[-6.009487,37.315442],[-6.009559,37.31547],[-6.009559,37.315499],[-6.009702,37.315442],[-6.009666,37.315785],[-6.010062,37.315699],[-6.010313,37.315671],[-6.010349,37.31547],[-6.010421,37.315356],[-6.010385,37.315213],[-6.010493,37.315213],[-6.010529,37.315128],[-6.010601,37.315099],[-6.010708,37.31507],[-6.011032,37.315042],[-6.011032,37.314985],[-6.01114,37.314899],[-6.011319,37.314927],[-6.011391,37.314899],[-6.011571,37.314956],[-6.011715,37.315099],[-6.011786,37.315099],[-6.011786,37.315013],[-6.011679,37.314985],[-6.011607,37.314842],[-6.011499,37.314756],[-6.011715,37.314585],[-6.011822,37.314613],[-6.012002,37.314585],[-6.012074,37.314527],[-6.012182,37.314499],[-6.012289,37.31447],[-6.012469,37.314356],[-6.012577,37.314356],[-6.012649,37.314299],[-6.012721,37.314242],[-6.0129,37.314242],[-6.01308,37.314299],[-6.01308,37.314327],[-6.012936,37.314413],[-6.0129,37.314499],[-6.012936,37.314613],[-6.012864,37.31467],[-6.012972,37.314642],[-6.013008,37.314642],[-6.012936,37.314699],[-6.012936,37.314756],[-6.013475,37.314613],[-6.013583,37.314556],[-6.013403,37.314499],[-6.013619,37.314413],[-6.013691,37.31427],[-6.013835,37.314242],[-6.01387,37.313984],[-6.013799,37.313842],[-6.013835,37.313813],[-6.013978,37.313756],[-6.014122,37.313641],[-6.01423,37.313641],[-6.014338,37.313556],[-6.014445,37.313584],[-6.014481,37.313613],[-6.014589,37.31367],[-6.014625,37.313613],[-6.014948,37.313527],[-6.015092,37.313356],[-6.015164,37.313327],[-6.01538,37.313156],[-6.015416,37.313127],[-6.015452,37.313098],[-6.015559,37.31307],[-6.015595,37.312956],[-6.015631,37.312956],[-6.015667,37.313098],[-6.015559,37.313299],[-6.015559,37.313356],[-6.015487,37.313499],[-6.015452,37.313556],[-6.015416,37.313584],[-6.015416,37.313613],[-6.015308,37.313756],[-6.015272,37.313784],[-6.015272,37.313813],[-6.01538,37.313813],[-6.015416,37.313756],[-6.015487,37.313641],[-6.015487,37.313584],[-6.015523,37.313556],[-6.015595,37.31347],[-6.015631,37.313413],[-6.015703,37.313213],[-6.015811,37.31307],[-6.015847,37.312956],[-6.015919,37.312841],[-6.015919,37.312698],[-6.016062,37.312498],[-6.016062,37.312384],[-6.015955,37.31227],[-6.016134,37.312241],[-6.016206,37.312184],[-6.016242,37.312184],[-6.016422,37.312041],[-6.016494,37.311841],[-6.016637,37.311727],[-6.016709,37.31167],[-6.017356,37.311555],[-6.017536,37.311412],[-6.017643,37.311384],[-6.017859,37.311241],[-6.017895,37.311155],[-6.017967,37.311069],[-6.018075,37.310984],[-6.018182,37.310955],[-6.018182,37.310898],[-6.018326,37.310812],[-6.018362,37.310726],[-6.018506,37.310612],[-6.018542,37.310469],[-6.01865,37.310383],[-6.01865,37.310326],[-6.018757,37.310212],[-6.018793,37.310098],[-6.018865,37.310041],[-6.018901,37.309983],[-6.018937,37.309926],[-6.019009,37.309812],[-6.019081,37.309698],[-6.019153,37.30964],[-6.019189,37.309526],[-6.019224,37.309498],[-6.019296,37.309498],[-6.019512,37.309269],[-6.01962,37.309269],[-6.019727,37.309155],[-6.019835,37.308926],[-6.019979,37.308754],[-6.020051,37.308669],[-6.020087,37.308612],[-6.020195,37.308526],[-6.020374,37.308469],[-6.020518,37.308383],[-6.020734,37.308383],[-6.020949,37.308383],[-6.020949,37.308411],[-6.021093,37.308469],[-6.021165,37.30844],[-6.021237,37.308383],[-6.021273,37.308269],[-6.02138,37.308183],[-6.021524,37.307926],[-6.021668,37.307783],[-6.02174,37.307668],[-6.022027,37.30744],[-6.022063,37.307354],[-6.022171,37.307297],[-6.022207,37.307183],[-6.022243,37.307125],[-6.022315,37.307125],[-6.022387,37.307068],[-6.022566,37.306897],[-6.022602,37.306811],[-6.022926,37.306582],[-6.022961,37.306497],[-6.023141,37.306411],[-6.023141,37.306325],[-6.023105,37.306211],[-6.023105,37.306096],[-6.023177,37.306039],[-6.023177,37.305925],[-6.023285,37.305811],[-6.023321,37.305696],[-6.023357,37.305639],[-6.023464,37.305553],[-6.023752,37.305496],[-6.023824,37.305439],[-6.023932,37.305439],[-6.024147,37.305353],[-6.024327,37.305125],[-6.024507,37.305039],[-6.024614,37.304839],[-6.024722,37.30481],[-6.024722,37.304725],[-6.024794,37.304696],[-6.024758,37.30461],[-6.024758,37.304353],[-6.024794,37.304324],[-6.02483,37.304239],[-6.024902,37.304181],[-6.02501,37.303924],[-6.025117,37.303867],[-6.025297,37.303781],[-6.025477,37.303753],[-6.025585,37.303667],[-6.02562,37.303467],[-6.025836,37.303324],[-6.026698,37.303067],[-6.026662,37.302781],[-6.026734,37.302638],[-6.026698,37.302495],[-6.02677,37.302381],[-6.026806,37.302181],[-6.026914,37.302095],[-6.026914,37.302038],[-6.02695,37.301981],[-6.027166,37.301981],[-6.027273,37.301866],[-6.027597,37.301752],[-6.027776,37.30158],[-6.027956,37.30158],[-6.0281,37.301352],[-6.0281,37.301209],[-6.028208,37.301066],[-6.028387,37.301009],[-6.028459,37.30098],[-6.028675,37.30078],[-6.028675,37.300637],[-6.028747,37.300551],[-6.02889,37.300466],[-6.029106,37.300466],[-6.029178,37.300409],[-6.02925,37.300437],[-6.029357,37.300409],[-6.029645,37.300409],[-6.029968,37.300323],[-6.030076,37.300208],[-6.030184,37.300208],[-6.030328,37.300037],[-6.030507,37.299951],[-6.030543,37.299894],[-6.030687,37.299808],[-6.030974,37.299694],[-6.031226,37.299637],[-6.031513,37.299608],[-6.031657,37.299551],[-6.031945,37.299351],[-6.03234,37.298836],[-6.032987,37.298579],[-6.033418,37.298408],[-6.033597,37.298379],[-6.033669,37.298436],[-6.033849,37.298436],[-6.033957,37.298522],[-6.034172,37.298522],[-6.03428,37.298465],[-6.034352,37.298465],[-6.034532,37.298436],[-6.034604,37.298465],[-6.034891,37.298465],[-6.035107,37.298436],[-6.035179,37.298465],[-6.035214,37.298522],[-6.035322,37.298522],[-6.035502,37.298408],[-6.035538,37.298408],[-6.03561,37.298351],[-6.035753,37.298351],[-6.035825,37.298265],[-6.036257,37.298179],[-6.036328,37.29815],[-6.036508,37.297979],[-6.03658,37.297979],[-6.036795,37.297893],[-6.037011,37.297636],[-6.037263,37.29755],[-6.037334,37.29755],[-6.037514,37.297464],[-6.037622,37.297436],[-6.03773,37.297322],[-6.038089,37.297236],[-6.038197,37.29715],[-6.038197,37.297121],[-6.038305,37.297036],[-6.0387,37.296921],[-6.038772,37.296893],[-6.038951,37.296836],[-6.039167,37.29675],[-6.039598,37.296721],[-6.039778,37.296693],[-6.039993,37.296635],[-6.040209,37.296521],[-6.040353,37.296435],[-6.040568,37.29635],[-6.04064,37.296264],[-6.040856,37.296121],[-6.040928,37.296064],[-6.041036,37.295978],[-6.041107,37.295921],[-6.041179,37.295864],[-6.041323,37.295721],[-6.041359,37.295664],[-6.041539,37.295521],[-6.041646,37.295464],[-6.041826,37.295321],[-6.041862,37.295321],[-6.042006,37.295206],[-6.042006,37.295149],[-6.042149,37.295092],[-6.042149,37.294949],[-6.042221,37.294863],[-6.042365,37.294806],[-6.042545,37.294663],[-6.042545,37.294635],[-6.042868,37.294349],[-6.042868,37.294234],[-6.042904,37.294206],[-6.042976,37.294177],[-6.042976,37.293891],[-6.043012,37.293834],[-6.043084,37.293806],[-6.043156,37.293634],[-6.043263,37.293548],[-6.043299,37.293405],[-6.043443,37.293405],[-6.043623,37.29332],[-6.043587,37.293034],[-6.043766,37.292776],[-6.043766,37.292576],[-6.04391,37.292348],[-6.04391,37.292005],[-6.043982,37.29189],[-6.043982,37.291719],[-6.044018,37.29169],[-6.044126,37.29149],[-6.044269,37.291033],[-6.044305,37.291033],[-6.044305,37.291004],[-6.044269,37.290976],[-6.043946,37.291004],[-6.04391,37.290947],[-6.043766,37.290947],[-6.044126,37.29089],[-6.044305,37.290918],[-6.044305,37.29089],[-6.044377,37.290861],[-6.044557,37.290661],[-6.044737,37.290547],[-6.044808,37.290347],[-6.044808,37.290232],[-6.04488,37.290232],[-6.044916,37.290146],[-6.044952,37.289946],[-6.044988,37.289889],[-6.044988,37.289803],[-6.045024,37.289718],[-6.04506,37.28946],[-6.045096,37.289403],[-6.04506,37.289203],[-6.045132,37.289146],[-6.045132,37.28886],[-6.045204,37.288717],[-6.04524,37.288431],[-6.04524,37.288374],[-6.045132,37.288231],[-6.045096,37.288088],[-6.045132,37.288031],[-6.045204,37.288031],[-6.045347,37.287888],[-6.045527,37.287488],[-6.045527,37.287431],[-6.045419,37.287345],[-6.045455,37.287259],[-6.045419,37.287173],[-6.045455,37.286887],[-6.045455,37.286859],[-6.045419,37.286859],[-6.045419,37.286773],[-6.045455,37.286716],[-6.045563,37.286659],[-6.045527,37.286573],[-6.045635,37.286459],[-6.045635,37.286173],[-6.045671,37.286116],[-6.045707,37.285944],[-6.045671,37.285773],[-6.045743,37.28563],[-6.045743,37.285458],[-6.045851,37.285372],[-6.045886,37.285258],[-6.045851,37.285115],[-6.045958,37.284886],[-6.045958,37.284743],[-6.04603,37.284515],[-6.04603,37.284372],[-6.04603,37.284314],[-6.046066,37.284172],[-6.045922,37.284029],[-6.04603,37.284029],[-6.04603,37.283971],[-6.046138,37.283657],[-6.046174,37.2836],[-6.046246,37.283571],[-6.046282,37.283428],[-6.046389,37.283314],[-6.046389,37.283228],[-6.046497,37.283171],[-6.046533,37.282999],[-6.046569,37.282971],[-6.046569,37.282856],[-6.046713,37.282656],[-6.046749,37.282485],[-6.046857,37.282428],[-6.046893,37.282113],[-6.046857,37.282056],[-6.046857,37.282027],[-6.046857,37.281913],[-6.046928,37.281684],[-6.046893,37.281627],[-6.046964,37.281455],[-6.047036,37.281255],[-6.047072,37.281112],[-6.047144,37.280998],[-6.047216,37.280741],[-6.047324,37.280569],[-6.047324,37.280283],[-6.04736,37.280226],[-6.047467,37.28014],[-6.047503,37.280026],[-6.047575,37.279969],[-6.047611,37.279912],[-6.047575,37.279826],[-6.047611,37.27974],[-6.047683,37.279683],[-6.047683,37.279654],[-6.047791,37.279568],[-6.047827,37.279511],[-6.047791,37.27934],[-6.047683,37.279283],[-6.047611,37.279225],[-6.047575,37.279054],[-6.047647,37.278997],[-6.047647,37.278911],[-6.047755,37.278711],[-6.047755,37.278682],[-6.047791,37.278482],[-6.047791,37.278196],[-6.047827,37.278196],[-6.047971,37.27811],[-6.048006,37.27811],[-6.048186,37.277967],[-6.048186,37.277939],[-6.048366,37.277882],[-6.048438,37.277824],[-6.048581,37.277796],[-6.048617,37.277853],[-6.048761,37.277882],[-6.048833,37.27771],[-6.048941,37.277681],[-6.048941,37.277567],[-6.048977,37.277538],[-6.048977,37.277481],[-6.049049,37.277424],[-6.049049,37.277396],[-6.049084,37.277396],[-6.049264,37.277024],[-6.049264,37.276938],[-6.0493,37.276852],[-6.0493,37.276795],[-6.049264,37.276766],[-6.049264,37.276738],[-6.049264,37.276652],[-6.0493,37.276452],[-6.049336,37.276423],[-6.049372,37.276223],[-6.049408,37.276195],[-6.049444,37.276137],[-6.04948,37.276137],[-6.049552,37.276052],[-6.049552,37.276023],[-6.049695,37.275966],[-6.049911,37.275794],[-6.049947,37.275651],[-6.050055,37.275566],[-6.050091,37.275566],[-6.050126,37.275451],[-6.050126,37.275165],[-6.050198,37.275051],[-6.050342,37.274965],[-6.050342,37.274937],[-6.050414,37.274908],[-6.05045,37.274765],[-6.050486,37.274708],[-6.050522,37.274708],[-6.050594,37.274536],[-6.050522,37.274479],[-6.050486,37.274279],[-6.050558,37.274136],[-6.050594,37.274079],[-6.050665,37.274022],[-6.050737,37.273821],[-6.050773,37.273736],[-6.050917,37.273564],[-6.050989,37.273421],[-6.051169,37.27325],[-6.051312,37.273192],[-6.051348,37.273107],[-6.051456,37.272906],[-6.051564,37.272735],[-6.051492,37.27262],[-6.051492,37.272506],[-6.051636,37.272392],[-6.051636,37.272277],[-6.051672,37.272277],[-6.051708,37.272163],[-6.051636,37.271848],[-6.051708,37.271705]]]]},"properties":{"FID":1683,"ID_ZONA":"ES050_APSFR_BG013-01_T010","ZONA":"Río Guadalquivir entre Alcalá del Río y La Puebla","TIPO_ZONA":"Q Periodo de retorno T10","RIO":"Río Guadalquivir","LONG_KM":24.38,"HIPOTESIS":"Q10 régimen alterado","HIDROLOGIA":"Procedente de otros estudios","PRECISION_":"MDT 2x2 procedente de LIDAR IGN PNOA","HIDRAUL":"IBER","ESTUDIO":"SNCZI. Zonas inundables del sistema bajo del Guadalquivir","TIPO_EST":"Estudio de Desarrollo del SNCZI","DOCUMENTO":"Elaboración de cartografía de dominio público hidráulico y mapas de peligrosidad y riesgo de la Directiva 2007/60 en el marco del SNCZI en las demarcaciones hidrográficas del Guadalquivir, Ceuta y Melilla. Cofinanciado con fondos FEDER","FECHA_APRO":1443139200000,"FECHA_GEO":"05/2014","ORGANISMO":"Ministerio de agricultura, alimentación y medio ambiente","CLAVE_EXPE":"CU(CO)-4615","DEMARCACIO":"Guadalquivir","ID_DEMAR":51,"Q_M3_S":"3564","ZI_DIRECTI":"ES050_APSFR_BG013","CICLO":1,"Shape_Leng":101254.350869,"Fecha_Lim":1745107200000,"Shape_Le_1":1.00230996035,"Shape__Area":0.00087291469469619187,"Shape__Length":1.0023099535022197}},{"type":"Feature","id":1620,"geometry":{"type":"MultiPolygon","coordinates":[[[[-6.15293,37.358639],[-6.152966,37.358696],[-6.153002,37.358696],[-6.153145,37.358696],[-6.153217,37.358667],[-6.153289,37.358667],[-6.153361,37.358667],[-6.153397,37.358696],[-6.153433,37.358724],[-6.153469,37.358867],[-6.153469,37.358953],[-6.153433,37.359124],[-6.153469,37.359324],[-6.153576,37.359553],[-6.15372,37.359753],[-6.153792,37.359781],[-6.153828,37.359781],[-6.153936,37.359696],[-6.154044,37.359724],[-6.154331,37.35981],[-6.154331,37.359867],[-6.154367,37.359953],[-6.154475,37.36001],[-6.154547,37.360067],[-6.154654,37.360067],[-6.15469,37.360095],[-6.154834,37.36021],[-6.15505,37.360295],[-6.155158,37.360352],[-6.155158,37.360381],[-6.155158,37.36041],[-6.155158,37.360495],[-6.155158,37.360552],[-6.155193,37.360609],[-6.155337,37.360724],[-6.155373,37.360809],[-6.155445,37.360866],[-6.155589,37.361066],[-6.155732,37.361266],[-6.155804,37.361409],[-6.155876,37.361466],[-6.155948,37.361495],[-6.155948,37.361552],[-6.155948,37.36158],[-6.155948,37.361609],[-6.155984,37.361752],[-6.156092,37.362009],[-6.156271,37.362237],[-6.156307,37.362294],[-6.156343,37.362323],[-6.156415,37.362323],[-6.156523,37.362237],[-6.156595,37.362152],[-6.156703,37.362123],[-6.156739,37.362095],[-6.156774,37.362095],[-6.156918,37.362209],[-6.15699,37.362352],[-6.157026,37.362466],[-6.157098,37.362523],[-6.157134,37.36258],[-6.157206,37.362666],[-6.157349,37.362751],[-6.157421,37.362751],[-6.157493,37.362751],[-6.157529,37.362751],[-6.157673,37.362809],[-6.157781,37.362951],[-6.157817,37.362951],[-6.157996,37.362923],[-6.158032,37.362866],[-6.158068,37.362809],[-6.158068,37.36278],[-6.158104,37.36278],[-6.158212,37.36278],[-6.158248,37.362809],[-6.158284,37.362837],[-6.15832,37.362951],[-6.158356,37.363008],[-6.158391,37.363037],[-6.158463,37.363037],[-6.158535,37.363094],[-6.158535,37.363123],[-6.158427,37.363208],[-6.158463,37.363237],[-6.158463,37.363266],[-6.158535,37.363266],[-6.158607,37.363266],[-6.158679,37.363323],[-6.158715,37.363408],[-6.158787,37.363637],[-6.158823,37.363865],[-6.158859,37.363922],[-6.158895,37.364037],[-6.15893,37.364037],[-6.159002,37.364065],[-6.159038,37.364094],[-6.15911,37.364237],[-6.159146,37.364294],[-6.15929,37.364465],[-6.159362,37.364465],[-6.159433,37.364465],[-6.159541,37.364465],[-6.159577,37.364608],[-6.159685,37.364693],[-6.159793,37.364693],[-6.160044,37.364808],[-6.16008,37.364836],[-6.160332,37.365093],[-6.160368,37.365179],[-6.160547,37.365322],[-6.160583,37.36535],[-6.160619,37.36535],[-6.160619,37.365436],[-6.160619,37.365465],[-6.160655,37.365465],[-6.160763,37.365465],[-6.160799,37.365493],[-6.160907,37.365579],[-6.16123,37.365836],[-6.161266,37.365921],[-6.161266,37.36595],[-6.16123,37.366036],[-6.161158,37.366036],[-6.161086,37.366064],[-6.161158,37.366207],[-6.161374,37.366407],[-6.161841,37.366121],[-6.161877,37.366121],[-6.161913,37.366121],[-6.161877,37.366179],[-6.161589,37.366378],[-6.161733,37.366521],[-6.161913,37.366407],[-6.161913,37.366378],[-6.162164,37.36615],[-6.162164,37.366179],[-6.162164,37.366264],[-6.162128,37.366264],[-6.162093,37.366264],[-6.162057,37.366321],[-6.162093,37.366378],[-6.162164,37.36635],[-6.162236,37.366407],[-6.162308,37.366378],[-6.162452,37.36655],[-6.162703,37.366778],[-6.162919,37.367035],[-6.162919,37.367064],[-6.162919,37.367121],[-6.162847,37.367321],[-6.162811,37.367349],[-6.162703,37.367435],[-6.162703,37.367464],[-6.162703,37.367492],[-6.16353,37.36812],[-6.163781,37.368035],[-6.163889,37.368063],[-6.163961,37.36812],[-6.164033,37.368206],[-6.164213,37.368492],[-6.164248,37.368606],[-6.1645,37.369149],[-6.164536,37.369348],[-6.164572,37.36952],[-6.164572,37.369548],[-6.164536,37.369605],[-6.164536,37.369634],[-6.164608,37.36972],[-6.16468,37.369777],[-6.164716,37.369777],[-6.164859,37.369748],[-6.164931,37.369748],[-6.164967,37.369805],[-6.164967,37.369977],[-6.164967,37.370177],[-6.165003,37.370234],[-6.165075,37.370234],[-6.165219,37.370234],[-6.165291,37.370234],[-6.165326,37.370262],[-6.165362,37.370291],[-6.165398,37.370348],[-6.165578,37.370405],[-6.16565,37.370548],[-6.165722,37.370576],[-6.165758,37.370605],[-6.166045,37.370776],[-6.166153,37.370833],[-6.166261,37.370862],[-6.16644,37.371033],[-6.166548,37.37109],[-6.166728,37.371233],[-6.166764,37.37129],[-6.166764,37.371404],[-6.1668,37.37149],[-6.166907,37.371633],[-6.166943,37.371747],[-6.166979,37.371776],[-6.167087,37.371776],[-6.167123,37.371804],[-6.167159,37.37189],[-6.167159,37.371947],[-6.167195,37.371947],[-6.167375,37.371947],[-6.167482,37.372118],[-6.167626,37.372233],[-6.16777,37.372433],[-6.16777,37.372461],[-6.167734,37.372518],[-6.167698,37.372547],[-6.167734,37.372604],[-6.16777,37.372604],[-6.16795,37.372604],[-6.168309,37.372632],[-6.168381,37.372661],[-6.168453,37.372747],[-6.168489,37.372804],[-6.168453,37.372832],[-6.168489,37.372889],[-6.168632,37.372832],[-6.168668,37.372975],[-6.168776,37.373146],[-6.168992,37.373432],[-6.169063,37.373689],[-6.169171,37.373832],[-6.169171,37.373889],[-6.169135,37.373917],[-6.169099,37.373946],[-6.169099,37.373975],[-6.169099,37.374003],[-6.169135,37.374003],[-6.169243,37.37406],[-6.169315,37.37406],[-6.169387,37.374032],[-6.169459,37.37406],[-6.169566,37.374117],[-6.169602,37.374174],[-6.169638,37.374289],[-6.169602,37.374374],[-6.169566,37.37446],[-6.169566,37.374517],[-6.169602,37.374603],[-6.169674,37.37466],[-6.16971,37.374717],[-6.169818,37.374774],[-6.169962,37.374945],[-6.169998,37.375174],[-6.169818,37.375431],[-6.169746,37.375459],[-6.16971,37.375488],[-6.169674,37.375574],[-6.16971,37.375602],[-6.169674,37.375602],[-6.16971,37.375688],[-6.169746,37.375716],[-6.169746,37.375859],[-6.169674,37.375916],[-6.169638,37.375945],[-6.169638,37.376002],[-6.16971,37.376173],[-6.169746,37.376373],[-6.16971,37.376487],[-6.169746,37.376544],[-6.169746,37.376573],[-6.169854,37.376602],[-6.170034,37.376744],[-6.170249,37.376801],[-6.170357,37.376859],[-6.170429,37.376944],[-6.170465,37.376973],[-6.170501,37.376973],[-6.170716,37.377001],[-6.170752,37.37703],[-6.170752,37.377058],[-6.170752,37.377144],[-6.170824,37.377258],[-6.17086,37.377344],[-6.171112,37.377572],[-6.171327,37.377715],[-6.171363,37.377772],[-6.171687,37.378515],[-6.171722,37.3786],[-6.171722,37.378829],[-6.171794,37.378886],[-6.17183,37.378886],[-6.171866,37.378914],[-6.171938,37.378914],[-6.17201,37.378857],[-6.172046,37.378857],[-6.172046,37.378886],[-6.172046,37.378914],[-6.17201,37.379029],[-6.17201,37.379057],[-6.17201,37.379171],[-6.172046,37.379257],[-6.172046,37.379428],[-6.172046,37.379457],[-6.171974,37.379543],[-6.171938,37.379571],[-6.171902,37.3796],[-6.171758,37.3796],[-6.171758,37.379628],[-6.171722,37.379657],[-6.171758,37.379714],[-6.171866,37.3798],[-6.171866,37.379828],[-6.171902,37.379828],[-6.171938,37.3798],[-6.171974,37.3798],[-6.172154,37.379857],[-6.172154,37.379885],[-6.172513,37.3798],[-6.172585,37.379742],[-6.172657,37.379714],[-6.172693,37.379714],[-6.172764,37.379742],[-6.172764,37.379771],[-6.172764,37.379828],[-6.172657,37.379828],[-6.172585,37.379885],[-6.172549,37.379885],[-6.172549,37.379914],[-6.1728,37.380342],[-6.172836,37.380399],[-6.172836,37.380456],[-6.172764,37.380485],[-6.172729,37.380513],[-6.172729,37.380542],[-6.172872,37.380799],[-6.172944,37.380799],[-6.17298,37.380799],[-6.173016,37.380827],[-6.173016,37.380856],[-6.172944,37.381113],[-6.172944,37.381199],[-6.172944,37.381227],[-6.172908,37.381313],[-6.172908,37.381399],[-6.172944,37.381427],[-6.172944,37.381456],[-6.17298,37.381541],[-6.173052,37.38157],[-6.173088,37.381598],[-6.17316,37.381598],[-6.173232,37.381598],[-6.173232,37.381627],[-6.173268,37.381684],[-6.173483,37.381684],[-6.173519,37.381713],[-6.173519,37.381741],[-6.173483,37.38177],[-6.173519,37.381941],[-6.173519,37.382084],[-6.173627,37.382312],[-6.173627,37.382341],[-6.173555,37.382398],[-6.173483,37.382541],[-6.173519,37.382683],[-6.173519,37.382712],[-6.173519,37.38274],[-6.173268,37.382826],[-6.173232,37.382883],[-6.173196,37.382969],[-6.17316,37.382969],[-6.173088,37.382997],[-6.17298,37.382997],[-6.172944,37.382969],[-6.172872,37.38294],[-6.1728,37.38294],[-6.172693,37.382969],[-6.172693,37.383055],[-6.172693,37.383312],[-6.172729,37.383369],[-6.172764,37.383369],[-6.1728,37.383369],[-6.172836,37.383369],[-6.172872,37.383312],[-6.172944,37.383312],[-6.172944,37.38334],[-6.17298,37.383397],[-6.17298,37.383426],[-6.172872,37.383454],[-6.172836,37.383454],[-6.172836,37.383483],[-6.172836,37.383568],[-6.172764,37.383626],[-6.172836,37.383768],[-6.172872,37.383797],[-6.172908,37.383797],[-6.172944,37.383825],[-6.172944,37.383883],[-6.172908,37.383968],[-6.172908,37.383997],[-6.172908,37.384025],[-6.172944,37.384054],[-6.172944,37.384082],[-6.172944,37.384111],[-6.172836,37.384082],[-6.1728,37.384111],[-6.1728,37.384254],[-6.172836,37.384311],[-6.172836,37.384396],[-6.172872,37.384425],[-6.172944,37.384596],[-6.172944,37.384625],[-6.172836,37.384625],[-6.1728,37.384682],[-6.1728,37.384768],[-6.172836,37.384768],[-6.17298,37.384796],[-6.173483,37.384882],[-6.173483,37.38491],[-6.173483,37.385025],[-6.173483,37.385082],[-6.173339,37.385139],[-6.173303,37.385196],[-6.173268,37.385282],[-6.173232,37.38531],[-6.173196,37.385367],[-6.173124,37.385367],[-6.17298,37.385367],[-6.172944,37.385396],[-6.172908,37.385396],[-6.172944,37.385424],[-6.173016,37.385481],[-6.173016,37.38551],[-6.173016,37.385567],[-6.173016,37.385624],[-6.17298,37.385653],[-6.172908,37.385681],[-6.1728,37.385681],[-6.172764,37.385738],[-6.172764,37.385767],[-6.172764,37.385824],[-6.172836,37.38591],[-6.172872,37.385938],[-6.173016,37.385938],[-6.173016,37.385967],[-6.173016,37.385995],[-6.173016,37.386024],[-6.17298,37.386052],[-6.172836,37.386081],[-6.1728,37.38611],[-6.172764,37.386138],[-6.172764,37.386167],[-6.172836,37.386252],[-6.172836,37.386281],[-6.172872,37.386452],[-6.172693,37.38708],[-6.172657,37.387166],[-6.172657,37.387194],[-6.172621,37.387194],[-6.172405,37.387223],[-6.172261,37.387223],[-6.17219,37.387252],[-6.172154,37.387309],[-6.172082,37.38748],[-6.171974,37.387623],[-6.17183,37.387708],[-6.171758,37.387823],[-6.171758,37.38788],[-6.171794,37.387937],[-6.171758,37.387994],[-6.171687,37.38808],[-6.171651,37.388108],[-6.171615,37.388194],[-6.171579,37.388251],[-6.171543,37.388279],[-6.171543,37.388336],[-6.171579,37.388365],[-6.171615,37.388365],[-6.171687,37.388365],[-6.171722,37.388365],[-6.171687,37.388593],[-6.171687,37.388622],[-6.171687,37.388651],[-6.171758,37.388679],[-6.171758,37.388708],[-6.171758,37.388765],[-6.171651,37.388936],[-6.171543,37.389022],[-6.171543,37.389079],[-6.171579,37.389164],[-6.171579,37.389221],[-6.171579,37.38925],[-6.171543,37.389279],[-6.171471,37.389393],[-6.171399,37.389735],[-6.171255,37.389935],[-6.171327,37.389992],[-6.171327,37.390021],[-6.171291,37.390049],[-6.171183,37.390107],[-6.171148,37.390135],[-6.171148,37.390249],[-6.171112,37.390335],[-6.171112,37.390363],[-6.171148,37.390563],[-6.171148,37.390649],[-6.171112,37.390706],[-6.170968,37.39082],[-6.171004,37.390906],[-6.171004,37.390963],[-6.171004,37.390992],[-6.170824,37.391134],[-6.170752,37.391191],[-6.170644,37.39122],[-6.170609,37.39122],[-6.170609,37.391248],[-6.170609,37.391334],[-6.170537,37.391448],[-6.170573,37.391534],[-6.17068,37.391534],[-6.170788,37.391563],[-6.170824,37.391677],[-6.170752,37.391734],[-6.170644,37.391762],[-6.170573,37.391819],[-6.170573,37.391962],[-6.170573,37.392133],[-6.170573,37.392219],[-6.170609,37.392476],[-6.170609,37.392533],[-6.170537,37.392704],[-6.170537,37.39279],[-6.170573,37.393047],[-6.170573,37.393104],[-6.170573,37.393133],[-6.170644,37.393133],[-6.17068,37.393161],[-6.17068,37.393447],[-6.170644,37.393618],[-6.170501,37.393989],[-6.170465,37.394103],[-6.170501,37.39416],[-6.170537,37.394217],[-6.170537,37.394246],[-6.170429,37.39436],[-6.170393,37.394389],[-6.170285,37.394474],[-6.170213,37.394589],[-6.170105,37.394674],[-6.170034,37.39476],[-6.169962,37.394817],[-6.169926,37.394846],[-6.169926,37.394874],[-6.169926,37.39496],[-6.169962,37.395045],[-6.169998,37.395074],[-6.169926,37.395188],[-6.169926,37.395245],[-6.169818,37.395531],[-6.169818,37.395559],[-6.169782,37.395702],[-6.16892,37.395645],[-6.168848,37.395388],[-6.168812,37.395245],[-6.168812,37.394931],[-6.168848,37.394674],[-6.16892,37.394474],[-6.169099,37.394217],[-6.169207,37.394046],[-6.169243,37.393618],[-6.169315,37.393589],[-6.169351,37.393532],[-6.169351,37.39339],[-6.169351,37.393361],[-6.169459,37.393361],[-6.169459,37.393304],[-6.169531,37.39279],[-6.16971,37.392647],[-6.169674,37.392362],[-6.169674,37.392048],[-6.169782,37.391991],[-6.17007,37.391991],[-6.17007,37.391848],[-6.170034,37.391734],[-6.17007,37.391734],[-6.170141,37.391762],[-6.170177,37.391734],[-6.170249,37.391448],[-6.170285,37.39142],[-6.170321,37.391363],[-6.170357,37.391306],[-6.170321,37.391248],[-6.170321,37.391191],[-6.170393,37.391134],[-6.170429,37.391077],[-6.170429,37.39102],[-6.170393,37.390934],[-6.170393,37.390877],[-6.170393,37.390849],[-6.170465,37.390877],[-6.170501,37.390849],[-6.170573,37.390763],[-6.17068,37.390649],[-6.17068,37.390563],[-6.17068,37.390449],[-6.170716,37.390363],[-6.170716,37.390306],[-6.170716,37.390278],[-6.170609,37.390164],[-6.170609,37.390078],[-6.170573,37.389992],[-6.170573,37.389964],[-6.170609,37.389935],[-6.170609,37.389907],[-6.170644,37.389878],[-6.170644,37.389821],[-6.170537,37.389478],[-6.170537,37.389421],[-6.170465,37.389336],[-6.170465,37.389279],[-6.170465,37.389221],[-6.170501,37.389136],[-6.170537,37.389136],[-6.170573,37.389107],[-6.170609,37.389107],[-6.170609,37.38905],[-6.170537,37.388936],[-6.170537,37.388879],[-6.170573,37.388765],[-6.170501,37.388708],[-6.170501,37.388536],[-6.17068,37.388336],[-6.170752,37.388308],[-6.17086,37.388308],[-6.170896,37.388279],[-6.170968,37.388222],[-6.170968,37.388165],[-6.17104,37.388022],[-6.171076,37.38788],[-6.171076,37.387823],[-6.171076,37.387765],[-6.171076,37.387737],[-6.171148,37.387708],[-6.171148,37.387651],[-6.171112,37.387566],[-6.171112,37.38748],[-6.171148,37.387423],[-6.171219,37.387366],[-6.171219,37.387309],[-6.171219,37.387137],[-6.171255,37.387137],[-6.171291,37.387137],[-6.171363,37.387166],[-6.171399,37.387137],[-6.171435,37.386966],[-6.171471,37.386909],[-6.171507,37.386852],[-6.171543,37.386766],[-6.171543,37.386738],[-6.171579,37.386709],[-6.171687,37.386709],[-6.171722,37.386709],[-6.171722,37.386424],[-6.171794,37.386224],[-6.171794,37.386167],[-6.171758,37.38611],[-6.171758,37.386081],[-6.171794,37.386081],[-6.17183,37.386024],[-6.171866,37.385938],[-6.171902,37.385881],[-6.171902,37.385653],[-6.171866,37.385539],[-6.17201,37.385167],[-6.171974,37.385053],[-6.17201,37.384996],[-6.172046,37.38491],[-6.172118,37.384853],[-6.172154,37.384825],[-6.172226,37.384825],[-6.172226,37.384796],[-6.172226,37.384739],[-6.172226,37.384711],[-6.172261,37.384682],[-6.172333,37.384625],[-6.172333,37.383883],[-6.172297,37.383797],[-6.17219,37.383597],[-6.17219,37.383369],[-6.172118,37.383283],[-6.172118,37.383197],[-6.172046,37.382855],[-6.17201,37.382712],[-6.171938,37.382712],[-6.171866,37.382626],[-6.171758,37.382598],[-6.171758,37.382569],[-6.171758,37.382541],[-6.171758,37.382484],[-6.171758,37.382455],[-6.171758,37.382398],[-6.171758,37.382341],[-6.171758,37.382312],[-6.171758,37.382284],[-6.171758,37.382255],[-6.171794,37.382169],[-6.171794,37.382084],[-6.171794,37.382027],[-6.171722,37.38197],[-6.171722,37.381855],[-6.171687,37.381827],[-6.171651,37.381827],[-6.171651,37.381741],[-6.171687,37.381655],[-6.171794,37.38157],[-6.17183,37.38157],[-6.171974,37.38157],[-6.17201,37.38157],[-6.172046,37.38157],[-6.172046,37.381513],[-6.171974,37.381427],[-6.171974,37.381313],[-6.171938,37.381256],[-6.17201,37.381227],[-6.171974,37.381142],[-6.171974,37.381056],[-6.171902,37.381027],[-6.17183,37.380999],[-6.171722,37.380999],[-6.171687,37.380999],[-6.171687,37.38097],[-6.171722,37.38097],[-6.171866,37.380942],[-6.171866,37.380885],[-6.17183,37.38077],[-6.171794,37.380685],[-6.171758,37.380685],[-6.171651,37.380685],[-6.171651,37.380656],[-6.171758,37.380628],[-6.171651,37.380371],[-6.171615,37.380342],[-6.171579,37.380285],[-6.171543,37.380256],[-6.171471,37.380256],[-6.171435,37.380228],[-6.171435,37.380199],[-6.171471,37.380171],[-6.171507,37.380114],[-6.171507,37.380057],[-6.171471,37.380028],[-6.171435,37.380028],[-6.171255,37.380028],[-6.171148,37.380028],[-6.171076,37.379999],[-6.17104,37.379942],[-6.170932,37.379742],[-6.170896,37.379657],[-6.170788,37.379543],[-6.170716,37.379543],[-6.170644,37.379485],[-6.170357,37.379086],[-6.170357,37.379057],[-6.170393,37.379],[-6.170357,37.379],[-6.170285,37.378886],[-6.170177,37.378829],[-6.170105,37.378772],[-6.170034,37.378686],[-6.169926,37.378486],[-6.16989,37.3784],[-6.16989,37.378343],[-6.169854,37.378286],[-6.169746,37.378172],[-6.169746,37.378143],[-6.169746,37.378115],[-6.169782,37.378086],[-6.169854,37.378086],[-6.169854,37.378058],[-6.169854,37.378029],[-6.169854,37.378001],[-6.169818,37.378001],[-6.169782,37.377972],[-6.169746,37.377972],[-6.169602,37.377972],[-6.169531,37.377944],[-6.169531,37.377858],[-6.169566,37.377858],[-6.169602,37.377801],[-6.169602,37.377744],[-6.169602,37.377715],[-6.169531,37.377658],[-6.169459,37.37763],[-6.169351,37.37763],[-6.169315,37.377601],[-6.169279,37.377572],[-6.169135,37.377315],[-6.169135,37.377258],[-6.169135,37.37723],[-6.169135,37.377173],[-6.169243,37.377144],[-6.169207,37.377058],[-6.169207,37.37703],[-6.169099,37.376973],[-6.168956,37.376801],[-6.168884,37.376744],[-6.168848,37.376716],[-6.168776,37.376402],[-6.168668,37.376088],[-6.168668,37.376002],[-6.168632,37.375888],[-6.168596,37.375574],[-6.16856,37.375431],[-6.168453,37.375317],[-6.168453,37.375288],[-6.168596,37.375174],[-6.168524,37.375088],[-6.168381,37.374974],[-6.168309,37.374888],[-6.168273,37.374631],[-6.168201,37.374603],[-6.167842,37.374403],[-6.167698,37.374317],[-6.167662,37.374289],[-6.167698,37.374174],[-6.167662,37.37406],[-6.16759,37.37386],[-6.167518,37.373746],[-6.167446,37.373632],[-6.167339,37.373489],[-6.167123,37.373346],[-6.1668,37.373061],[-6.166764,37.373004],[-6.166764,37.372918],[-6.16662,37.372661],[-6.166548,37.37249],[-6.166404,37.372404],[-6.166189,37.372147],[-6.166081,37.372118],[-6.166045,37.37209],[-6.166009,37.37189],[-6.165973,37.371833],[-6.165901,37.371776],[-6.165794,37.371747],[-6.16547,37.37149],[-6.165255,37.371233],[-6.165111,37.371119],[-6.164967,37.371119],[-6.164931,37.37109],[-6.164895,37.37109],[-6.164536,37.370776],[-6.164428,37.370633],[-6.164392,37.370576],[-6.164392,37.370548],[-6.164392,37.370519],[-6.164428,37.370519],[-6.164572,37.370434],[-6.164608,37.370405],[-6.1645,37.370291],[-6.164428,37.370205],[-6.16432,37.369948],[-6.164284,37.369891],[-6.164177,37.36972],[-6.164033,37.369548],[-6.163961,37.369491],[-6.163889,37.369463],[-6.163709,37.369434],[-6.163386,37.369177],[-6.163278,37.369206],[-6.163242,37.369177],[-6.163242,37.369149],[-6.163242,37.36912],[-6.16335,37.368949],[-6.163422,37.368806],[-6.163386,37.368777],[-6.163278,37.368663],[-6.163278,37.368634],[-6.163278,37.368606],[-6.163278,37.368577],[-6.16317,37.36852],[-6.163135,37.368492],[-6.163063,37.368549],[-6.162883,37.368577],[-6.162667,37.368663],[-6.162596,37.368692],[-6.16256,37.368692],[-6.16256,37.368663],[-6.162596,37.368634],[-6.162631,37.368606],[-6.162667,37.368606],[-6.162739,37.368549],[-6.162703,37.368549],[-6.162739,37.36852],[-6.162775,37.36852],[-6.163063,37.368377],[-6.163027,37.368349],[-6.163063,37.36832],[-6.163099,37.368349],[-6.163278,37.368263],[-6.163206,37.368178],[-6.162811,37.367806],[-6.162703,37.367863],[-6.162703,37.367892],[-6.162667,37.367863],[-6.162703,37.367806],[-6.162775,37.367778],[-6.162775,37.367749],[-6.162596,37.367578],[-6.162344,37.367378],[-6.162164,37.367207],[-6.161769,37.366921],[-6.161374,37.36655],[-6.161266,37.366607],[-6.16123,37.366664],[-6.161086,37.366721],[-6.160979,37.366721],[-6.160943,37.366721],[-6.160907,37.366693],[-6.160799,37.366607],[-6.160799,37.36655],[-6.160799,37.366436],[-6.160763,37.366378],[-6.160619,37.366236],[-6.160655,37.366179],[-6.160583,37.366121],[-6.160655,37.366093],[-6.160655,37.366121],[-6.160871,37.365979],[-6.160727,37.365836],[-6.160691,37.365893],[-6.160116,37.36535],[-6.160116,37.365236],[-6.160116,37.365179],[-6.160116,37.36515],[-6.16008,37.36515],[-6.159972,37.365093],[-6.159613,37.364979],[-6.159433,37.364865],[-6.15929,37.364779],[-6.159254,37.364722],[-6.159218,37.364722],[-6.159038,37.364665],[-6.158966,37.364636],[-6.15893,37.364665],[-6.158895,37.364665],[-6.158751,37.364636],[-6.158607,37.364608],[-6.158248,37.364465],[-6.158104,37.364408],[-6.157996,37.364351],[-6.157781,37.364237],[-6.157709,37.364179],[-6.157637,37.364094],[-6.157565,37.363979],[-6.157529,37.363751],[-6.157493,37.363751],[-6.157421,37.36378],[-6.157313,37.36378],[-6.157242,37.363751],[-6.156882,37.363465],[-6.156774,37.363266],[-6.156774,37.363237],[-6.156882,37.363151],[-6.156918,37.363123],[-6.156954,37.363066],[-6.156954,37.363037],[-6.156882,37.363008],[-6.156774,37.36298],[-6.156739,37.362951],[-6.156631,37.362894],[-6.156523,37.362837],[-6.156523,37.362809],[-6.156559,37.36278],[-6.156487,37.362723],[-6.156451,37.362666],[-6.156415,37.362523],[-6.156379,37.362494],[-6.156343,37.362466],[-6.156271,37.362466],[-6.1562,37.362437],[-6.156128,37.362409],[-6.156092,37.362352],[-6.156056,37.362323],[-6.15602,37.362237],[-6.156056,37.362237],[-6.156056,37.362209],[-6.155984,37.362095],[-6.155876,37.361895],[-6.15584,37.361866],[-6.155768,37.361838],[-6.155768,37.361809],[-6.155481,37.361466],[-6.155481,37.361438],[-6.155517,37.361438],[-6.155553,37.361381],[-6.155589,37.361352],[-6.155553,37.361323],[-6.155481,37.361266],[-6.155373,37.361266],[-6.155301,37.361238],[-6.155122,37.361038],[-6.155014,37.360981],[-6.154942,37.360952],[-6.15487,37.360924],[-6.154654,37.360895],[-6.154619,37.360866],[-6.154367,37.360695],[-6.154295,37.360695],[-6.154151,37.360695],[-6.154115,37.360667],[-6.15408,37.360667],[-6.154223,37.360552],[-6.154151,37.360495],[-6.154008,37.360581],[-6.1539,37.360609],[-6.153864,37.360638],[-6.153828,37.360638],[-6.153792,37.360609],[-6.153828,37.360609],[-6.153756,37.360524],[-6.15372,37.360495],[-6.1539,37.360381],[-6.153828,37.360352],[-6.153756,37.360267],[-6.15372,37.360267],[-6.153684,37.360238],[-6.153648,37.36021],[-6.153648,37.360152],[-6.153576,37.360067],[-6.153145,37.359724],[-6.153002,37.359667],[-6.15293,37.35961],[-6.152858,37.359553],[-6.152714,37.359438],[-6.152678,37.359381],[-6.15257,37.359181],[-6.152534,37.359039],[-6.152463,37.358981],[-6.152463,37.358953],[-6.152427,37.358924],[-6.152211,37.358896],[-6.152067,37.358896],[-6.152031,37.358896],[-6.151924,37.358924],[-6.151888,37.358953],[-6.151852,37.358981],[-6.151852,37.358896],[-6.151816,37.358867],[-6.15178,37.358839],[-6.151636,37.358839],[-6.1516,37.358839],[-6.1516,37.35881],[-6.151636,37.358782],[-6.152175,37.358753],[-6.152211,37.358753],[-6.152211,37.358667],[-6.152283,37.358639],[-6.152319,37.358696],[-6.152391,37.358724],[-6.152463,37.358724],[-6.152678,37.358724],[-6.15275,37.358696],[-6.152822,37.358667],[-6.152822,37.358639],[-6.15293,37.358639]]],[[[-6.148474,37.355154],[-6.148582,37.355211],[-6.148618,37.35524],[-6.148726,37.355326],[-6.148833,37.355411],[-6.148977,37.35544],[-6.149049,37.355497],[-6.149121,37.355583],[-6.149121,37.35564],[-6.149157,37.355725],[-6.149229,37.355754],[-6.149229,37.355783],[-6.149229,37.35584],[-6.149229,37.355868],[-6.149372,37.355954],[-6.14948,37.355983],[-6.149588,37.355983],[-6.149768,37.355954],[-6.149839,37.355954],[-6.149911,37.355983],[-6.149911,37.356011],[-6.149911,37.35604],[-6.149875,37.356068],[-6.149839,37.356125],[-6.149804,37.356154],[-6.149732,37.356182],[-6.149696,37.356182],[-6.149696,37.356211],[-6.149732,37.356268],[-6.149804,37.356325],[-6.149947,37.356382],[-6.150019,37.356411],[-6.150091,37.35644],[-6.150127,37.356468],[-6.150127,37.356525],[-6.150486,37.356754],[-6.150594,37.356839],[-6.15063,37.356868],[-6.150774,37.356982],[-6.15081,37.357011],[-6.150953,37.357125],[-6.151025,37.357154],[-6.151097,37.357268],[-6.151169,37.357325],[-6.151205,37.357325],[-6.151241,37.357325],[-6.151277,37.357325],[-6.151313,37.357325],[-6.151349,37.357382],[-6.151421,37.357411],[-6.151528,37.357496],[-6.151564,37.357553],[-6.1516,37.357611],[-6.151672,37.357668],[-6.151708,37.357696],[-6.151744,37.357696],[-6.15178,37.357696],[-6.151852,37.357639],[-6.152031,37.357582],[-6.152103,37.357611],[-6.152139,37.357668],[-6.152211,37.357782],[-6.152355,37.357782],[-6.152534,37.357782],[-6.15257,37.357782],[-6.152606,37.357839],[-6.152642,37.357868],[-6.152786,37.357896],[-6.152822,37.357896],[-6.152858,37.357953],[-6.152858,37.358039],[-6.152894,37.358068],[-6.15293,37.358125],[-6.152966,37.358153],[-6.152894,37.358267],[-6.152822,37.358267],[-6.15275,37.358239],[-6.152714,37.358182],[-6.152642,37.358182],[-6.152031,37.358182],[-6.151924,37.358182],[-6.151888,37.35821],[-6.151888,37.358267],[-6.151852,37.358267],[-6.151744,37.358153],[-6.151636,37.358068],[-6.151564,37.358068],[-6.151456,37.358096],[-6.151421,37.358068],[-6.151385,37.358039],[-6.151385,37.35801],[-6.151421,37.357982],[-6.151492,37.357953],[-6.1516,37.357953],[-6.151636,37.357925],[-6.151636,37.357896],[-6.1516,37.357839],[-6.151528,37.357782],[-6.151492,37.357696],[-6.151456,37.357611],[-6.151456,37.357582],[-6.151385,37.357553],[-6.151241,37.357525],[-6.151061,37.357439],[-6.150989,37.357382],[-6.150953,37.357296],[-6.150917,37.357211],[-6.15081,37.357154],[-6.150738,37.357068],[-6.150558,37.356954],[-6.150486,37.356896],[-6.150271,37.356782],[-6.150127,37.356697],[-6.150019,37.356639],[-6.149983,37.356611],[-6.149983,37.356525],[-6.149947,37.356525],[-6.149875,37.356468],[-6.149696,37.356354],[-6.149588,37.356297],[-6.149516,37.356211],[-6.149444,37.356154],[-6.149444,37.356125],[-6.149372,37.356154],[-6.149336,37.356154],[-6.1493,37.356125],[-6.149265,37.356125],[-6.149229,37.356097],[-6.149229,37.356011],[-6.149229,37.355983],[-6.149013,37.35584],[-6.148762,37.355611],[-6.14869,37.355583],[-6.148654,37.355526],[-6.148618,37.35544],[-6.148582,37.355411],[-6.148546,37.355383],[-6.148474,37.355383],[-6.148438,37.355354],[-6.148402,37.355326],[-6.148223,37.355211],[-6.148187,37.355183],[-6.148151,37.355154],[-6.148223,37.355154],[-6.148366,37.355154],[-6.148474,37.355154]]],[[[-6.145851,37.353098],[-6.145923,37.353212],[-6.146031,37.353355],[-6.146102,37.353412],[-6.146174,37.35344],[-6.14621,37.353469],[-6.146246,37.353498],[-6.146246,37.353526],[-6.146282,37.353526],[-6.146354,37.353498],[-6.14639,37.353526],[-6.146462,37.353555],[-6.146498,37.35364],[-6.146534,37.353669],[-6.146606,37.353698],[-6.146749,37.353755],[-6.146785,37.353783],[-6.146821,37.353869],[-6.146857,37.353897],[-6.146929,37.353869],[-6.146965,37.353869],[-6.147001,37.353897],[-6.147037,37.353926],[-6.147073,37.354012],[-6.147073,37.354126],[-6.147145,37.354183],[-6.14718,37.35424],[-6.147252,37.354297],[-6.14736,37.354297],[-6.147396,37.354326],[-6.14754,37.354469],[-6.147971,37.35484],[-6.148079,37.354926],[-6.148151,37.354983],[-6.148187,37.354954],[-6.148151,37.354897],[-6.148151,37.354869],[-6.148079,37.35484],[-6.148079,37.354811],[-6.148115,37.354754],[-6.148151,37.354754],[-6.148258,37.35484],[-6.148258,37.354926],[-6.148258,37.354983],[-6.148187,37.35504],[-6.148187,37.355097],[-6.148115,37.355126],[-6.147791,37.35484],[-6.147396,37.354469],[-6.14736,37.35444],[-6.147252,37.354383],[-6.147145,37.354326],[-6.146929,37.354126],[-6.146857,37.354069],[-6.146713,37.353926],[-6.146641,37.353869],[-6.146606,37.353812],[-6.146498,37.353726],[-6.146354,37.353669],[-6.146318,37.35364],[-6.146174,37.353555],[-6.146067,37.353469],[-6.145959,37.353383],[-6.145815,37.353269],[-6.145779,37.353183],[-6.145743,37.353126],[-6.145779,37.353126],[-6.145779,37.353098],[-6.145815,37.353098],[-6.145851,37.353098]]],[[[-6.138054,37.34887],[-6.138125,37.348899],[-6.138233,37.348984],[-6.138269,37.349013],[-6.138413,37.34927],[-6.138557,37.349384],[-6.138988,37.349756],[-6.13906,37.349813],[-6.139096,37.349813],[-6.139311,37.34987],[-6.139383,37.349927],[-6.139563,37.350013],[-6.139706,37.350041],[-6.139778,37.350098],[-6.139886,37.350127],[-6.14003,37.350184],[-6.140174,37.35027],[-6.140174,37.350298],[-6.14021,37.350356],[-6.140281,37.350413],[-6.140461,37.350441],[-6.140605,37.350498],[-6.14082,37.350556],[-6.140892,37.350584],[-6.140964,37.350641],[-6.141,37.350641],[-6.141036,37.35067],[-6.141036,37.350698],[-6.141,37.350784],[-6.140964,37.350784],[-6.141072,37.350898],[-6.141072,37.350927],[-6.141216,37.351013],[-6.141323,37.351098],[-6.141467,37.351184],[-6.141611,37.35127],[-6.141791,37.351355],[-6.142042,37.351498],[-6.142114,37.351527],[-6.142222,37.351584],[-6.142294,37.351612],[-6.142509,37.351727],[-6.142617,37.351841],[-6.142689,37.351898],[-6.142797,37.351984],[-6.14294,37.352098],[-6.143192,37.352184],[-6.143408,37.352241],[-6.143479,37.352269],[-6.143731,37.352269],[-6.143839,37.352269],[-6.143982,37.352355],[-6.144054,37.352384],[-6.144234,37.352469],[-6.144378,37.352526],[-6.144486,37.352555],[-6.144557,37.352584],[-6.144737,37.352612],[-6.144809,37.352612],[-6.144881,37.352641],[-6.144953,37.352698],[-6.14506,37.352726],[-6.145384,37.352755],[-6.14542,37.352755],[-6.145492,37.352783],[-6.145599,37.352869],[-6.145743,37.352983],[-6.145779,37.353012],[-6.145779,37.353041],[-6.145779,37.353069],[-6.145743,37.353098],[-6.145599,37.353069],[-6.145564,37.353012],[-6.145528,37.352955],[-6.145456,37.352869],[-6.145384,37.352841],[-6.145312,37.352812],[-6.145204,37.352841],[-6.144989,37.352812],[-6.144486,37.352698],[-6.144162,37.352584],[-6.144126,37.352555],[-6.14409,37.352526],[-6.143947,37.352441],[-6.143839,37.352441],[-6.143731,37.352384],[-6.143551,37.352384],[-6.143479,37.352384],[-6.143479,37.352355],[-6.143443,37.352326],[-6.143408,37.352298],[-6.143228,37.352298],[-6.143048,37.352241],[-6.143012,37.352184],[-6.14294,37.352155],[-6.142797,37.352127],[-6.142725,37.352069],[-6.142653,37.352012],[-6.142509,37.351898],[-6.142437,37.351841],[-6.142366,37.351784],[-6.14233,37.351727],[-6.14233,37.351698],[-6.142294,37.351698],[-6.142186,37.351698],[-6.14215,37.35167],[-6.141898,37.351584],[-6.141683,37.351412],[-6.141503,37.351355],[-6.141467,37.351355],[-6.141431,37.351327],[-6.141395,37.351327],[-6.141323,37.351212],[-6.141288,37.351155],[-6.141144,37.35107],[-6.141108,37.35107],[-6.141072,37.351013],[-6.141036,37.350984],[-6.141,37.350955],[-6.140928,37.350955],[-6.140892,37.350955],[-6.140856,37.350898],[-6.140856,37.350813],[-6.140856,37.350755],[-6.140856,37.350698],[-6.14082,37.35067],[-6.140677,37.350641],[-6.140425,37.350584],[-6.140281,37.350556],[-6.140245,37.350527],[-6.14021,37.350441],[-6.140174,37.350413],[-6.140138,37.350384],[-6.140066,37.350356],[-6.139994,37.350327],[-6.139886,37.35027],[-6.139886,37.350241],[-6.139886,37.350184],[-6.13985,37.350184],[-6.139778,37.350156],[-6.139599,37.350098],[-6.139419,37.35007],[-6.139347,37.350041],[-6.139275,37.349927],[-6.139203,37.349927],[-6.139168,37.349956],[-6.139096,37.349927],[-6.139024,37.349899],[-6.13888,37.349841],[-6.138521,37.349556],[-6.138413,37.349441],[-6.138341,37.349299],[-6.138269,37.349213],[-6.138197,37.349184],[-6.138161,37.349127],[-6.138125,37.349013],[-6.138018,37.348984],[-6.137982,37.348927],[-6.137946,37.348927],[-6.137946,37.34887],[-6.138054,37.34887]]],[[[-6.130831,37.3413],[-6.130903,37.341357],[-6.130939,37.3415],[-6.13155,37.342414],[-6.131586,37.342529],[-6.131622,37.342586],[-6.131694,37.342614],[-6.132017,37.342757],[-6.132197,37.342843],[-6.132376,37.343043],[-6.132556,37.343386],[-6.132592,37.343471],[-6.132628,37.343643],[-6.132628,37.343671],[-6.1327,37.343728],[-6.132771,37.343757],[-6.132843,37.343757],[-6.132915,37.343814],[-6.133167,37.343871],[-6.13367,37.344071],[-6.133742,37.344071],[-6.133849,37.3441],[-6.133885,37.344128],[-6.133957,37.344185],[-6.133993,37.3443],[-6.134065,37.344385],[-6.134101,37.344471],[-6.134173,37.344528],[-6.134173,37.344585],[-6.134281,37.344671],[-6.134317,37.344928],[-6.134353,37.344985],[-6.134353,37.345014],[-6.134424,37.345014],[-6.13446,37.345042],[-6.134424,37.345042],[-6.134353,37.345042],[-6.134353,37.345071],[-6.134317,37.3451],[-6.134317,37.345157],[-6.134388,37.345414],[-6.134496,37.345614],[-6.134568,37.345728],[-6.134568,37.345785],[-6.134568,37.345842],[-6.134568,37.345928],[-6.134568,37.345985],[-6.134568,37.346071],[-6.134568,37.346128],[-6.134604,37.346214],[-6.134676,37.346271],[-6.134856,37.346556],[-6.134999,37.346699],[-6.135035,37.346814],[-6.135107,37.346899],[-6.135215,37.346985],[-6.135359,37.347071],[-6.135431,37.347185],[-6.135466,37.347299],[-6.135466,37.347413],[-6.135502,37.347442],[-6.135538,37.347499],[-6.13561,37.347528],[-6.135646,37.347556],[-6.135718,37.347613],[-6.135826,37.347728],[-6.136041,37.347899],[-6.136113,37.347956],[-6.136329,37.348128],[-6.136401,37.348185],[-6.136473,37.348242],[-6.136616,37.348299],[-6.136796,37.348327],[-6.136868,37.348385],[-6.137012,37.34847],[-6.137047,37.34847],[-6.137191,37.348527],[-6.137263,37.348556],[-6.137407,37.348556],[-6.137443,37.348556],[-6.137694,37.34867],[-6.137802,37.348727],[-6.137874,37.348813],[-6.137838,37.348899],[-6.137766,37.348899],[-6.13773,37.348842],[-6.137443,37.34867],[-6.137407,37.348642],[-6.137335,37.348642],[-6.137263,37.348613],[-6.137119,37.348613],[-6.137047,37.348613],[-6.136904,37.348527],[-6.136688,37.348442],[-6.136473,37.348356],[-6.136401,37.348299],[-6.136293,37.348213],[-6.136221,37.348185],[-6.136149,37.348128],[-6.136041,37.348099],[-6.135934,37.347956],[-6.135862,37.34787],[-6.135646,37.347728],[-6.135502,37.347613],[-6.135395,37.347528],[-6.135323,37.347471],[-6.135323,37.347356],[-6.135287,37.347242],[-6.135251,37.347156],[-6.135215,37.347128],[-6.135179,37.347071],[-6.135143,37.347042],[-6.135035,37.347013],[-6.134999,37.347013],[-6.134963,37.346985],[-6.134927,37.346899],[-6.134892,37.346842],[-6.13482,37.346728],[-6.134748,37.346614],[-6.13446,37.346185],[-6.13446,37.346156],[-6.13446,37.346071],[-6.134424,37.345985],[-6.134424,37.345928],[-6.13446,37.345842],[-6.13446,37.345814],[-6.134424,37.345814],[-6.134317,37.345785],[-6.134173,37.345785],[-6.133921,37.345899],[-6.133418,37.346185],[-6.133275,37.346328],[-6.133023,37.346471],[-6.132807,37.346585],[-6.132771,37.346642],[-6.132736,37.346756],[-6.131262,37.345814],[-6.131298,37.345814],[-6.131298,37.345785],[-6.131334,37.345757],[-6.131334,37.345728],[-6.131262,37.345642],[-6.131155,37.345528],[-6.131047,37.3453],[-6.131011,37.345271],[-6.130975,37.345271],[-6.130867,37.345271],[-6.130831,37.345242],[-6.130867,37.345185],[-6.130831,37.345014],[-6.130867,37.344985],[-6.130867,37.344957],[-6.130903,37.344928],[-6.130975,37.344842],[-6.131011,37.344785],[-6.131155,37.344614],[-6.131155,37.344557],[-6.131083,37.344414],[-6.131083,37.344385],[-6.130975,37.344328],[-6.130975,37.344271],[-6.130975,37.344214],[-6.130975,37.344185],[-6.131047,37.344157],[-6.131047,37.344128],[-6.131047,37.344014],[-6.131083,37.343957],[-6.13119,37.343957],[-6.131729,37.3439],[-6.131765,37.3439],[-6.131801,37.343871],[-6.131837,37.343671],[-6.131837,37.343586],[-6.131873,37.343557],[-6.131909,37.343557],[-6.131945,37.343557],[-6.132053,37.343528],[-6.132233,37.343557],[-6.132304,37.343614],[-6.132484,37.343643],[-6.13252,37.343586],[-6.132484,37.343528],[-6.132484,37.343443],[-6.132412,37.343386],[-6.132376,37.3433],[-6.13234,37.343157],[-6.132233,37.343014],[-6.132053,37.342871],[-6.132017,37.342843],[-6.131945,37.342814],[-6.131837,37.342757],[-6.131694,37.342729],[-6.131586,37.342671],[-6.131478,37.342557],[-6.130975,37.341729],[-6.130723,37.341386],[-6.130831,37.3413]]],[[[-6.132628,37.3439],[-6.132484,37.343957],[-6.132484,37.343985],[-6.132448,37.344014],[-6.132448,37.344071],[-6.132484,37.3441],[-6.132556,37.344214],[-6.132628,37.344443],[-6.132664,37.344528],[-6.132664,37.344585],[-6.1327,37.344585],[-6.132771,37.344585],[-6.132807,37.344585],[-6.132843,37.344614],[-6.132951,37.344871],[-6.132951,37.344928],[-6.132951,37.344957],[-6.132915,37.344985],[-6.1327,37.345157],[-6.132592,37.345214],[-6.132484,37.345271],[-6.132376,37.3453],[-6.132197,37.345442],[-6.132053,37.345471],[-6.131981,37.345499],[-6.131945,37.345528],[-6.131945,37.345585],[-6.131873,37.345614],[-6.131694,37.345614],[-6.131586,37.345642],[-6.13155,37.345671],[-6.13155,37.345699],[-6.131622,37.345757],[-6.131658,37.345842],[-6.131694,37.345871],[-6.131729,37.345871],[-6.131801,37.345842],[-6.131909,37.345842],[-6.132233,37.346299],[-6.132304,37.346385],[-6.13234,37.346414],[-6.132556,37.346614],[-6.133562,37.345985],[-6.133706,37.345957],[-6.133849,37.345871],[-6.134029,37.345785],[-6.134065,37.345757],[-6.134065,37.345728],[-6.134029,37.345671],[-6.133993,37.345557],[-6.133957,37.345499],[-6.133957,37.345471],[-6.133957,37.345442],[-6.133993,37.345442],[-6.134029,37.345442],[-6.134029,37.345528],[-6.134065,37.345528],[-6.134101,37.345557],[-6.134137,37.345528],[-6.134209,37.345471],[-6.134209,37.345042],[-6.134209,37.345014],[-6.134209,37.344957],[-6.134245,37.3449],[-6.134209,37.344842],[-6.134209,37.344814],[-6.134137,37.344728],[-6.134101,37.344671],[-6.134065,37.344585],[-6.134029,37.344528],[-6.133957,37.344357],[-6.133814,37.344243],[-6.133742,37.344157],[-6.133598,37.344128],[-6.13349,37.3441],[-6.132843,37.3439],[-6.132771,37.3439],[-6.132628,37.3439]]],[[[-6.131011,37.338215],[-6.131011,37.338415],[-6.131047,37.338443],[-6.131119,37.3385],[-6.131155,37.338558],[-6.13119,37.3387],[-6.131226,37.338786],[-6.131262,37.338986],[-6.131298,37.339072],[-6.131334,37.339186],[-6.13137,37.3393],[-6.13137,37.339329],[-6.13137,37.339386],[-6.131334,37.339472],[-6.131298,37.339529],[-6.131262,37.339557],[-6.131262,37.3397],[-6.131298,37.339815],[-6.131298,37.340015],[-6.131298,37.340129],[-6.131262,37.340186],[-6.131155,37.340243],[-6.131119,37.340272],[-6.131083,37.340329],[-6.131011,37.340357],[-6.130903,37.340443],[-6.130867,37.3405],[-6.130867,37.340529],[-6.130867,37.340586],[-6.130867,37.340615],[-6.130831,37.340872],[-6.130759,37.340929],[-6.130759,37.340957],[-6.130759,37.341043],[-6.130723,37.3411],[-6.130723,37.341186],[-6.130723,37.341214],[-6.130616,37.341272],[-6.13058,37.341243],[-6.130544,37.341157],[-6.130544,37.3411],[-6.130544,37.341043],[-6.130651,37.3409],[-6.130687,37.340757],[-6.130723,37.3407],[-6.130759,37.340643],[-6.130759,37.3405],[-6.130795,37.340415],[-6.130867,37.3403],[-6.131011,37.340243],[-6.131119,37.340186],[-6.131119,37.340129],[-6.131155,37.340072],[-6.13119,37.340015],[-6.13119,37.339986],[-6.13119,37.339957],[-6.131119,37.339843],[-6.131047,37.339757],[-6.131011,37.339729],[-6.131011,37.3397],[-6.131119,37.339557],[-6.131155,37.3395],[-6.131226,37.339386],[-6.131226,37.339329],[-6.131226,37.339215],[-6.131155,37.339072],[-6.131119,37.338758],[-6.131083,37.3387],[-6.131047,37.338643],[-6.130975,37.338558],[-6.130939,37.338443],[-6.130939,37.338215],[-6.131011,37.338215]]],[[[-6.13234,37.335101],[-6.13234,37.335272],[-6.13234,37.335329],[-6.132304,37.335358],[-6.132053,37.335586],[-6.131981,37.335729],[-6.131873,37.335843],[-6.131801,37.335986],[-6.131658,37.336186],[-6.131586,37.336329],[-6.13155,37.336415],[-6.131442,37.336701],[-6.131406,37.336729],[-6.13137,37.336843],[-6.131262,37.337243],[-6.131226,37.337358],[-6.131155,37.337615],[-6.131011,37.337872],[-6.131011,37.337986],[-6.131011,37.338043],[-6.131011,37.338158],[-6.130939,37.338158],[-6.130903,37.338015],[-6.130939,37.337929],[-6.130939,37.337843],[-6.131011,37.337615],[-6.131047,37.337415],[-6.131155,37.337215],[-6.13119,37.337158],[-6.131226,37.336958],[-6.131262,37.336815],[-6.131298,37.336701],[-6.131406,37.336386],[-6.131514,37.336186],[-6.131586,37.336072],[-6.131801,37.335786],[-6.131981,37.335529],[-6.132197,37.335329],[-6.132233,37.335272],[-6.132233,37.335215],[-6.132233,37.335129],[-6.132233,37.335101],[-6.13234,37.335101]]],[[[-6.133814,37.333072],[-6.133849,37.333129],[-6.133814,37.333158],[-6.133706,37.333186],[-6.133634,37.333186],[-6.133275,37.333272],[-6.133167,37.333272],[-6.133167,37.333301],[-6.133059,37.333386],[-6.132987,37.333558],[-6.132951,37.333615],[-6.132843,37.333701],[-6.1327,37.333844],[-6.132556,37.334015],[-6.132448,37.334415],[-6.132376,37.334644],[-6.132304,37.334786],[-6.13234,37.335044],[-6.132233,37.335015],[-6.132233,37.334929],[-6.132233,37.334729],[-6.132268,37.334615],[-6.132376,37.334386],[-6.132376,37.334272],[-6.132412,37.334129],[-6.132448,37.333958],[-6.132484,37.333929],[-6.132664,37.333729],[-6.1327,37.333701],[-6.132736,37.333644],[-6.132843,37.333558],[-6.132915,37.333415],[-6.132987,37.333301],[-6.133059,37.333244],[-6.133131,37.333215],[-6.133203,37.333186],[-6.133454,37.333158],[-6.133634,37.333129],[-6.13367,37.333101],[-6.133778,37.333072],[-6.133814,37.333072]]],[[[-6.136616,37.330815],[-6.136724,37.330872],[-6.136652,37.330929],[-6.136616,37.331044],[-6.13658,37.331072],[-6.136544,37.331158],[-6.136508,37.331215],[-6.136437,37.331272],[-6.136257,37.331358],[-6.136185,37.331386],[-6.136113,37.331415],[-6.136077,37.331472],[-6.136077,37.331529],[-6.136113,37.331558],[-6.136113,37.331586],[-6.136077,37.331615],[-6.136041,37.331615],[-6.135862,37.331644],[-6.135754,37.331615],[-6.135682,37.331615],[-6.135323,37.331758],[-6.135215,37.331844],[-6.135071,37.331929],[-6.135035,37.331986],[-6.134999,37.332044],[-6.134963,37.332072],[-6.134927,37.332101],[-6.134856,37.332129],[-6.134784,37.332215],[-6.134604,37.332301],[-6.134532,37.332386],[-6.134424,37.332615],[-6.134281,37.332672],[-6.134209,37.332701],[-6.134173,37.332729],[-6.133957,37.333044],[-6.133921,37.333044],[-6.133885,37.333044],[-6.133849,37.333015],[-6.133921,37.332901],[-6.133993,37.332758],[-6.134029,37.332729],[-6.134173,37.332644],[-6.134281,37.332615],[-6.134353,37.332558],[-6.134424,37.332472],[-6.13446,37.332358],[-6.134532,37.332272],[-6.134604,37.332215],[-6.134784,37.332101],[-6.134892,37.332015],[-6.135107,37.331815],[-6.135107,37.331758],[-6.135179,37.331701],[-6.135215,37.331672],[-6.135538,37.331558],[-6.135682,37.331529],[-6.135826,37.331501],[-6.135934,37.331529],[-6.136005,37.331529],[-6.136005,37.331501],[-6.136005,37.331386],[-6.136041,37.331358],[-6.136113,37.331329],[-6.136365,37.331215],[-6.136437,37.331186],[-6.136473,37.331044],[-6.136473,37.330958],[-6.136473,37.330901],[-6.136508,37.330901],[-6.136544,37.330844],[-6.136616,37.330815]]]]},"properties":{"FID":1620,"ID_ZONA":"ES050_APSFR_BG031-01_T010","ZONA":"Urbanización El Capricho","TIPO_ZONA":"Q Periodo de retorno T10","RIO":"Arroyo de Majalberraque; Sin nombre","LONG_KM":8.89,"HIPOTESIS":"Q10 régimen natural","HIDROLOGIA":"Método racional","PRECISION_":"MDT 2x2 procedente de LIDAR IGN PNOA","HIDRAUL":"IBER","ESTUDIO":"SNCZI. Zonas inundables del sistema bajo del Guadalquivir","TIPO_EST":"Estudio de Desarrollo del SNCZI","DOCUMENTO":"Elaboración de cartografía de dominio público hidráulico y mapas de peligrosidad y riesgo de la Directiva 2007/60 en el marco del SNCZI en las demarcaciones hidrográficas del Guadalquivir, Ceuta y Melilla. Cofinanciado con fondos FEDER","FECHA_APRO":1443139200000,"FECHA_GEO":"05/2014","ORGANISMO":"Ministerio de agricultura, alimentación y medio ambiente","CLAVE_EXPE":"CU(CO)-4615","DEMARCACIO":"Guadalquivir","ID_DEMAR":51,"Q_M3_S":"16; 5","ZI_DIRECTI":"ES050_APSFR_BG031","CICLO":1,"Shape_Leng":22297.3118432,"Fecha_Lim":1745107200000,"Shape_Le_1":0.222430244229,"Shape__Area":4.8866460403473866E-05,"Shape__Length":0.22243024324106259}},{"type":"Feature","id":1703,"geometry":{"type":"MultiPolygon","coordinates":[[[[-5.997629,37.500767],[-5.997629,37.500795],[-5.997593,37.500795],[-5.997629,37.500767]]],[[[-5.984837,37.469203],[-5.984873,37.46926],[-5.984981,37.469317],[-5.985088,37.469346],[-5.98516,37.469403],[-5.985196,37.46946],[-5.985304,37.469488],[-5.98534,37.469688],[-5.985412,37.469716],[-5.985484,37.469773],[-5.98552,37.46983],[-5.985556,37.469887],[-5.985627,37.469859],[-5.985735,37.469973],[-5.985807,37.470002],[-5.985879,37.47003],[-5.985987,37.470087],[-5.986095,37.470116],[-5.986166,37.470258],[-5.986238,37.470258],[-5.986238,37.470287],[-5.98631,37.470344],[-5.986346,37.470372],[-5.986418,37.470372],[-5.986526,37.470458],[-5.986598,37.470515],[-5.986669,37.470543],[-5.986705,37.470629],[-5.986777,37.470686],[-5.986741,37.470715],[-5.986849,37.470829],[-5.986957,37.470829],[-5.986993,37.470829],[-5.987029,37.470886],[-5.987065,37.470943],[-5.987173,37.471],[-5.987173,37.471057],[-5.987388,37.471228],[-5.98746,37.471342],[-5.987496,37.471427],[-5.987532,37.471484],[-5.98764,37.471513],[-5.987676,37.471542],[-5.987712,37.47157],[-5.987783,37.471684],[-5.987783,37.471741],[-5.987783,37.471798],[-5.987819,37.471855],[-5.987855,37.471912],[-5.987963,37.471884],[-5.987999,37.471912],[-5.988035,37.471912],[-5.988215,37.471884],[-5.988286,37.471884],[-5.988358,37.471884],[-5.98843,37.471855],[-5.988538,37.471912],[-5.988574,37.471969],[-5.988538,37.472055],[-5.988502,37.472083],[-5.988394,37.471998],[-5.988358,37.472026],[-5.988322,37.472083],[-5.988322,37.47214],[-5.988322,37.472197],[-5.988286,37.472226],[-5.988286,37.472254],[-5.988322,37.472283],[-5.988358,37.472283],[-5.98843,37.472312],[-5.988394,37.472369],[-5.988502,37.472397],[-5.988538,37.472511],[-5.98861,37.472568],[-5.988646,37.472625],[-5.988718,37.472711],[-5.988754,37.472796],[-5.98879,37.472768],[-5.988825,37.472825],[-5.988861,37.472853],[-5.988897,37.47291],[-5.988969,37.47291],[-5.988969,37.472939],[-5.989041,37.473053],[-5.989077,37.47311],[-5.989113,37.473139],[-5.989185,37.473224],[-5.989221,37.473281],[-5.989257,37.473338],[-5.989293,37.473424],[-5.989364,37.473481],[-5.9894,37.473481],[-5.989436,37.473566],[-5.989508,37.473652],[-5.989508,37.473709],[-5.98958,37.473709],[-5.989616,37.473766],[-5.989652,37.473794],[-5.989688,37.47388],[-5.989724,37.473966],[-5.98976,37.473994],[-5.989796,37.47408],[-5.989867,37.474137],[-5.989903,37.474194],[-5.989975,37.474194],[-5.990011,37.474279],[-5.990011,37.474336],[-5.990083,37.474393],[-5.990119,37.474422],[-5.990191,37.474564],[-5.990227,37.474593],[-5.990299,37.474621],[-5.990371,37.474707],[-5.990406,37.474764],[-5.990442,37.474821],[-5.990478,37.474907],[-5.990586,37.474964],[-5.990586,37.474992],[-5.990658,37.475049],[-5.990694,37.475106],[-5.990766,37.475192],[-5.990874,37.475306],[-5.99091,37.475306],[-5.990945,37.475334],[-5.990981,37.475391],[-5.990981,37.47542],[-5.991125,37.475534],[-5.991305,37.475648],[-5.991377,37.475734],[-5.99152,37.475848],[-5.991556,37.475848],[-5.991592,37.475905],[-5.991628,37.475933],[-5.9917,37.475962],[-5.991736,37.47599],[-5.991808,37.476104],[-5.991844,37.476104],[-5.99188,37.476104],[-5.991916,37.476133],[-5.991988,37.47619],[-5.992059,37.476218],[-5.992167,37.476304],[-5.992275,37.476389],[-5.992347,37.476475],[-5.992383,37.476561],[-5.992455,37.476561],[-5.992527,37.476618],[-5.992598,37.476703],[-5.992634,37.47676],[-5.992634,37.476732],[-5.992742,37.476789],[-5.992778,37.476817],[-5.99285,37.476846],[-5.992814,37.476903],[-5.99285,37.476903],[-5.992886,37.476931],[-5.992922,37.476988],[-5.992958,37.476988],[-5.992994,37.477017],[-5.99303,37.477045],[-5.993066,37.477102],[-5.993101,37.477131],[-5.993137,37.477131],[-5.993173,37.477131],[-5.993209,37.477159],[-5.993245,37.477188],[-5.993281,37.477216],[-5.993317,37.477216],[-5.993425,37.477302],[-5.993461,37.47733],[-5.993533,37.477388],[-5.993712,37.477502],[-5.993712,37.47753],[-5.993748,37.477559],[-5.993784,37.477559],[-5.993928,37.477616],[-5.994036,37.477673],[-5.994143,37.47773],[-5.994287,37.477787],[-5.994503,37.477929],[-5.994611,37.477958],[-5.994754,37.478043],[-5.994898,37.478072],[-5.99497,37.4781],[-5.995006,37.478129],[-5.995042,37.478157],[-5.99515,37.478214],[-5.995186,37.478214],[-5.995293,37.478272],[-5.995365,37.478357],[-5.995473,37.478357],[-5.995545,37.478386],[-5.995581,37.478414],[-5.995653,37.478443],[-5.995725,37.478471],[-5.995796,37.478471],[-5.995832,37.478471],[-5.995868,37.4785],[-5.995904,37.4785],[-5.996048,37.478528],[-5.996156,37.478557],[-5.996264,37.478614],[-5.996335,37.478642],[-5.996371,37.478671],[-5.996443,37.478699],[-5.996479,37.478699],[-5.996551,37.478728],[-5.996659,37.478785],[-5.996695,37.478756],[-5.996838,37.478728],[-5.996874,37.478756],[-5.996982,37.478756],[-5.997054,37.478813],[-5.997126,37.478842],[-5.997126,37.47887],[-5.997162,37.47887],[-5.997234,37.478842],[-5.99727,37.47887],[-5.997306,37.478899],[-5.997449,37.478899],[-5.997485,37.478927],[-5.997593,37.478927],[-5.997665,37.478927],[-5.997701,37.478927],[-5.997737,37.478956],[-5.997773,37.478927],[-5.997809,37.478956],[-5.997845,37.478984],[-5.997916,37.478984],[-5.997952,37.479013],[-5.998024,37.479041],[-5.99806,37.478984],[-5.998024,37.478927],[-5.99806,37.47887],[-5.998132,37.478842],[-5.998276,37.478842],[-5.998348,37.478842],[-5.998419,37.47887],[-5.998491,37.47887],[-5.998527,37.478842],[-5.998527,37.478813],[-5.998455,37.478671],[-5.998419,37.4785],[-5.998312,37.478386],[-5.998132,37.4781],[-5.997952,37.477815],[-5.99788,37.477701],[-5.997809,37.477616],[-5.997737,37.47753],[-5.997629,37.477445],[-5.997521,37.477273],[-5.997485,37.477388],[-5.997377,37.477416],[-5.997341,37.477416],[-5.997198,37.477216],[-5.997234,37.477188],[-5.997341,37.477216],[-5.997485,37.477245],[-5.997629,37.477074],[-5.997665,37.477074],[-5.997773,37.477017],[-5.997809,37.477017],[-5.997845,37.477045],[-5.997952,37.476988],[-5.99806,37.476931],[-5.99806,37.47696],[-5.998132,37.477017],[-5.998168,37.477102],[-5.99824,37.477131],[-5.998276,37.477188],[-5.998419,37.477245],[-5.998491,37.47733],[-5.998599,37.477445],[-5.998635,37.477502],[-5.998671,37.47753],[-5.998923,37.477758],[-5.998994,37.477815],[-5.99921,37.478072],[-5.999246,37.478157],[-5.999354,37.478186],[-5.999533,37.478386],[-5.999677,37.4785],[-5.999641,37.478585],[-5.999569,37.478585],[-5.999533,37.478614],[-5.999426,37.478671],[-5.999318,37.478699],[-5.999282,37.478728],[-5.99921,37.478756],[-5.999138,37.478756],[-5.999066,37.478813],[-5.999102,37.478842],[-5.999174,37.478842],[-5.999246,37.478927],[-5.999354,37.478927],[-5.99939,37.478899],[-5.999426,37.478927],[-5.999533,37.478927],[-5.999749,37.478956],[-5.999857,37.479013],[-6.000072,37.479127],[-6.00018,37.479155],[-6.000288,37.479184],[-6.000396,37.479298],[-6.000504,37.479355],[-6.000575,37.479384],[-6.000647,37.479469],[-6.000791,37.479583],[-6.000863,37.479583],[-6.000899,37.479669],[-6.001007,37.479726],[-6.001043,37.479726],[-6.001114,37.479754],[-6.001186,37.479783],[-6.001222,37.479783],[-6.001294,37.479783],[-6.00133,37.479811],[-6.001366,37.479811],[-6.001438,37.47984],[-6.00151,37.479868],[-6.001546,37.479897],[-6.001617,37.479925],[-6.001689,37.479925],[-6.001761,37.479982],[-6.001833,37.479954],[-6.001869,37.480011],[-6.001905,37.480011],[-6.002013,37.480068],[-6.002121,37.480068],[-6.002192,37.480096],[-6.002264,37.480125],[-6.002336,37.480182],[-6.002408,37.480211],[-6.002516,37.480268],[-6.002588,37.480268],[-6.00266,37.480268],[-6.002731,37.480296],[-6.002767,37.480325],[-6.002803,37.480353],[-6.002983,37.480382],[-6.002983,37.48041],[-6.003055,37.480467],[-6.003091,37.480496],[-6.003163,37.480524],[-6.00327,37.480638],[-6.003342,37.480638],[-6.003414,37.480695],[-6.003522,37.480724],[-6.003594,37.480752],[-6.003594,37.480781],[-6.00363,37.480809],[-6.003702,37.480838],[-6.003881,37.480952],[-6.003881,37.48098],[-6.003989,37.481037],[-6.004025,37.481094],[-6.004169,37.48118],[-6.004169,37.481209],[-6.004205,37.481237],[-6.004205,37.481266],[-6.004276,37.481294],[-6.004276,37.481323],[-6.004312,37.481351],[-6.004348,37.481351],[-6.004348,37.481323],[-6.004456,37.481294],[-6.004492,37.481294],[-6.004492,37.481323],[-6.004492,37.481351],[-6.004456,37.481408],[-6.004456,37.481494],[-6.00442,37.481494],[-6.004456,37.481522],[-6.004456,37.481551],[-6.004456,37.481579],[-6.004492,37.481608],[-6.004528,37.481608],[-6.004564,37.481636],[-6.004564,37.481665],[-6.0046,37.481665],[-6.004672,37.481693],[-6.004708,37.48175],[-6.004708,37.481836],[-6.004744,37.481836],[-6.00478,37.481893],[-6.00478,37.481921],[-6.004815,37.48195],[-6.004851,37.48195],[-6.004887,37.482007],[-6.004923,37.482035],[-6.004959,37.482064],[-6.004959,37.482121],[-6.004995,37.482121],[-6.005031,37.48215],[-6.005067,37.482207],[-6.005139,37.482235],[-6.005211,37.482321],[-6.005211,37.482378],[-6.005247,37.482435],[-6.005283,37.482463],[-6.005319,37.482463],[-6.005354,37.482549],[-6.005462,37.482634],[-6.005462,37.482663],[-6.005498,37.48272],[-6.00557,37.482777],[-6.005606,37.482862],[-6.005606,37.482891],[-6.005642,37.482919],[-6.005642,37.483005],[-6.005714,37.483062],[-6.005714,37.48309],[-6.005786,37.483148],[-6.005858,37.483148],[-6.005929,37.483262],[-6.005929,37.483347],[-6.005929,37.483376],[-6.005965,37.483404],[-6.006001,37.483518],[-6.006073,37.483575],[-6.006109,37.483661],[-6.006145,37.483718],[-6.006181,37.483803],[-6.006253,37.48386],[-6.006289,37.483946],[-6.006325,37.484003],[-6.006361,37.48406],[-6.006361,37.484117],[-6.006397,37.484117],[-6.006432,37.484174],[-6.006468,37.484231],[-6.00654,37.484345],[-6.006612,37.484431],[-6.006612,37.484488],[-6.006648,37.484602],[-6.006648,37.484659],[-6.006684,37.484744],[-6.006684,37.484801],[-6.006684,37.484915],[-6.006684,37.484944],[-6.00672,37.484944],[-6.006792,37.485058],[-6.006756,37.485086],[-6.006756,37.485143],[-6.006756,37.4852],[-6.006756,37.485229],[-6.006756,37.485257],[-6.006792,37.485315],[-6.006792,37.485372],[-6.006792,37.485457],[-6.006828,37.485486],[-6.006828,37.485543],[-6.006864,37.485628],[-6.0069,37.485714],[-6.006935,37.485771],[-6.0069,37.485885],[-6.0069,37.486027],[-6.006935,37.486113],[-6.006935,37.486141],[-6.006971,37.486198],[-6.007007,37.486255],[-6.007007,37.486312],[-6.006971,37.486341],[-6.006971,37.486369],[-6.006971,37.486398],[-6.006971,37.486455],[-6.006971,37.486484],[-6.006935,37.486512],[-6.006935,37.486769],[-6.0069,37.486854],[-6.0069,37.486997],[-6.006828,37.487082],[-6.006792,37.487111],[-6.006792,37.487139],[-6.006792,37.487168],[-6.006792,37.487225],[-6.006792,37.487282],[-6.00672,37.487339],[-6.00672,37.487424],[-6.006648,37.48751],[-6.006648,37.487567],[-6.006576,37.487624],[-6.00654,37.487624],[-6.00654,37.487653],[-6.006504,37.48771],[-6.006504,37.487795],[-6.006432,37.487881],[-6.006432,37.488023],[-6.006432,37.488109],[-6.006397,37.488166],[-6.006397,37.488194],[-6.006397,37.488251],[-6.006361,37.488308],[-6.006325,37.488337],[-6.006289,37.488394],[-6.006289,37.488565],[-6.006253,37.488593],[-6.006217,37.488593],[-6.006217,37.48865],[-6.006181,37.488707],[-6.006073,37.488793],[-6.006073,37.488822],[-6.006073,37.48885],[-6.006001,37.488907],[-6.006001,37.488964],[-6.005965,37.488993],[-6.005893,37.48905],[-6.005858,37.489107],[-6.005858,37.489192],[-6.005858,37.489249],[-6.005893,37.489249],[-6.005858,37.489306],[-6.005858,37.489335],[-6.005786,37.48942],[-6.00575,37.489506],[-6.005606,37.489677],[-6.005534,37.489762],[-6.005534,37.489791],[-6.005462,37.489876],[-6.005426,37.489933],[-6.00539,37.490019],[-6.005319,37.490048],[-6.005319,37.490076],[-6.005319,37.490105],[-6.005247,37.49019],[-6.005175,37.490276],[-6.005103,37.490333],[-6.005067,37.490361],[-6.005067,37.49039],[-6.005031,37.490418],[-6.005031,37.490447],[-6.004995,37.490504],[-6.004959,37.490561],[-6.004959,37.490589],[-6.004923,37.490589],[-6.004887,37.490646],[-6.004887,37.490732],[-6.004959,37.490789],[-6.004959,37.490846],[-6.004923,37.490874],[-6.004851,37.490874],[-6.00478,37.490846],[-6.004708,37.490874],[-6.004708,37.490903],[-6.004672,37.49096],[-6.004636,37.491017],[-6.004564,37.491045],[-6.004456,37.491045],[-6.00442,37.491074],[-6.004348,37.491102],[-6.004348,37.491131],[-6.004348,37.491159],[-6.004312,37.491216],[-6.004276,37.491245],[-6.004276,37.491273],[-6.004241,37.491273],[-6.004205,37.491273],[-6.004205,37.49133],[-6.004169,37.491359],[-6.004169,37.491388],[-6.004061,37.491473],[-6.003989,37.491502],[-6.003953,37.491559],[-6.003881,37.491587],[-6.003845,37.491644],[-6.003773,37.491644],[-6.003737,37.491701],[-6.003737,37.491758],[-6.003702,37.491787],[-6.003666,37.491844],[-6.00363,37.491901],[-6.003558,37.491958],[-6.003486,37.491986],[-6.00345,37.492015],[-6.003414,37.4921],[-6.003378,37.492186],[-6.003306,37.492271],[-6.00327,37.492271],[-6.003234,37.4923],[-6.003198,37.492328],[-6.003091,37.492385],[-6.003055,37.492414],[-6.003019,37.492414],[-6.002983,37.492499],[-6.002911,37.492613],[-6.002803,37.492699],[-6.002767,37.492756],[-6.002731,37.492756],[-6.002695,37.492813],[-6.00266,37.492842],[-6.002624,37.492842],[-6.002588,37.49287],[-6.002552,37.492899],[-6.002516,37.492956],[-6.002444,37.492956],[-6.002408,37.492984],[-6.002408,37.493013],[-6.002336,37.49307],[-6.002264,37.493127],[-6.002228,37.493155],[-6.002192,37.493155],[-6.002085,37.493241],[-6.002049,37.493298],[-6.002013,37.493298],[-6.001941,37.493355],[-6.001941,37.493412],[-6.001905,37.493412],[-6.001833,37.49344],[-6.001833,37.493497],[-6.001797,37.493497],[-6.001725,37.493554],[-6.001653,37.493583],[-6.001582,37.493583],[-6.001582,37.493611],[-6.001546,37.49364],[-6.00151,37.493668],[-6.001474,37.493697],[-6.001438,37.493668],[-6.001402,37.493697],[-6.001402,37.493725],[-6.001366,37.493754],[-6.00133,37.493754],[-6.00133,37.493811],[-6.001294,37.493839],[-6.001258,37.493868],[-6.001222,37.493896],[-6.001186,37.493925],[-6.00115,37.493953],[-6.001114,37.493953],[-6.001043,37.49401],[-6.000899,37.494067],[-6.000863,37.494067],[-6.000827,37.494096],[-6.000827,37.494153],[-6.000899,37.494124],[-6.000863,37.494153],[-6.000827,37.494181],[-6.000755,37.49421],[-6.000719,37.494239],[-6.000683,37.494267],[-6.000647,37.494239],[-6.000611,37.494267],[-6.000647,37.494324],[-6.000647,37.494353],[-6.000611,37.49441],[-6.000539,37.494438],[-6.000468,37.49441],[-6.00036,37.49441],[-6.000324,37.49441],[-6.00036,37.494467],[-6.00036,37.494495],[-6.000396,37.494524],[-6.000324,37.494552],[-6.000288,37.494609],[-6.000216,37.494666],[-6.000108,37.494666],[-6.000036,37.494723],[-6,37.49478],[-5.999929,37.494837],[-5.999857,37.494837],[-5.999821,37.494809],[-5.999785,37.494809],[-5.999749,37.494866],[-5.999785,37.494894],[-5.999821,37.494866],[-5.999857,37.494866],[-5.999893,37.494894],[-5.999857,37.494923],[-5.999821,37.494923],[-5.999785,37.494951],[-5.999749,37.49498],[-5.999677,37.495065],[-5.999569,37.495065],[-5.999497,37.495094],[-5.99939,37.495179],[-5.999354,37.495236],[-5.999354,37.495265],[-5.999282,37.495322],[-5.999174,37.49535],[-5.999102,37.495379],[-5.99903,37.495436],[-5.998958,37.495464],[-5.998923,37.495493],[-5.998851,37.49555],[-5.998779,37.495578],[-5.998707,37.495635],[-5.998599,37.495635],[-5.998563,37.495664],[-5.998527,37.495664],[-5.998491,37.495664],[-5.998419,37.495749],[-5.998419,37.495835],[-5.998348,37.495835],[-5.998276,37.495835],[-5.998276,37.495892],[-5.998276,37.495921],[-5.998204,37.495949],[-5.998168,37.495949],[-5.998096,37.495978],[-5.998132,37.496006],[-5.99806,37.496035],[-5.997988,37.49612],[-5.997952,37.496177],[-5.997916,37.496206],[-5.99788,37.496263],[-5.997809,37.496291],[-5.997773,37.496348],[-5.997773,37.496434],[-5.997737,37.496491],[-5.997665,37.496491],[-5.997665,37.496548],[-5.997593,37.496605],[-5.997557,37.496719],[-5.997593,37.496719],[-5.997557,37.496776],[-5.997521,37.496833],[-5.997521,37.49689],[-5.997449,37.496947],[-5.997485,37.496947],[-5.997413,37.497032],[-5.997413,37.497061],[-5.997413,37.497089],[-5.997413,37.497118],[-5.997377,37.497146],[-5.997377,37.497232],[-5.997306,37.497317],[-5.997306,37.497403],[-5.997306,37.497489],[-5.99727,37.497546],[-5.997306,37.497546],[-5.99727,37.497631],[-5.99727,37.497688],[-5.997234,37.497745],[-5.997234,37.497802],[-5.997198,37.497831],[-5.997162,37.497888],[-5.997126,37.497973],[-5.997018,37.498116],[-5.996946,37.498173],[-5.99691,37.49823],[-5.99691,37.498315],[-5.996874,37.498344],[-5.996838,37.498401],[-5.996767,37.498458],[-5.996731,37.498515],[-5.996695,37.4986],[-5.996731,37.498657],[-5.996767,37.498657],[-5.996802,37.498686],[-5.996731,37.498686],[-5.996767,37.498714],[-5.996802,37.498714],[-5.99691,37.498714],[-5.997018,37.498714],[-5.997162,37.498743],[-5.997198,37.498714],[-5.99727,37.498743],[-5.997341,37.498771],[-5.997413,37.4988],[-5.997557,37.498885],[-5.997593,37.498914],[-5.997629,37.498942],[-5.997665,37.498942],[-5.997773,37.498971],[-5.99788,37.499056],[-5.997916,37.499085],[-5.997952,37.499142],[-5.997988,37.499342],[-5.997952,37.499456],[-5.99788,37.499541],[-5.997845,37.499655],[-5.997809,37.499684],[-5.997773,37.499741],[-5.997737,37.499798],[-5.997665,37.499883],[-5.997593,37.499883],[-5.997557,37.499912],[-5.997521,37.49994],[-5.997485,37.49994],[-5.997485,37.499997],[-5.997413,37.500054],[-5.997341,37.500083],[-5.997234,37.500083],[-5.997234,37.500111],[-5.997198,37.50014],[-5.997162,37.500111],[-5.997126,37.500111],[-5.997126,37.50014],[-5.997054,37.500197],[-5.996946,37.500197],[-5.996946,37.500225],[-5.996874,37.500254],[-5.996767,37.500425],[-5.996767,37.500482],[-5.996802,37.50051],[-5.99691,37.500596],[-5.99691,37.500624],[-5.996982,37.500624],[-5.997018,37.500653],[-5.997018,37.50071],[-5.99709,37.500767],[-5.997162,37.500795],[-5.99727,37.500795],[-5.997306,37.500767],[-5.997341,37.500767],[-5.997413,37.500767],[-5.997485,37.500767],[-5.997593,37.500795],[-5.997665,37.500824],[-5.997629,37.500767],[-5.997665,37.500767],[-5.997701,37.500767],[-5.997737,37.500852],[-5.997773,37.500909],[-5.997845,37.500938],[-5.997916,37.501023],[-5.997916,37.501109],[-5.997916,37.501137],[-5.997952,37.501194],[-5.997952,37.501252],[-5.997988,37.50128],[-5.997988,37.501366],[-5.998024,37.501394],[-5.99806,37.501451],[-5.99806,37.50148],[-5.99806,37.501537],[-5.99806,37.501622],[-5.998096,37.501708],[-5.998132,37.501736],[-5.998132,37.501765],[-5.998132,37.501793],[-5.998168,37.501822],[-5.998204,37.501879],[-5.998204,37.501907],[-5.998132,37.501936],[-5.998168,37.501993],[-5.998132,37.50205],[-5.998096,37.502021],[-5.998096,37.502078],[-5.998132,37.502107],[-5.998096,37.502135],[-5.99806,37.502135],[-5.998024,37.502164],[-5.997988,37.502221],[-5.997988,37.502278],[-5.997916,37.502278],[-5.997916,37.502363],[-5.99788,37.50242],[-5.99788,37.502477],[-5.99788,37.502506],[-5.997809,37.50262],[-5.997701,37.502677],[-5.997629,37.502734],[-5.997557,37.502734],[-5.997521,37.502762],[-5.997377,37.502848],[-5.997198,37.502933],[-5.997054,37.503133],[-5.99691,37.503589],[-5.996874,37.503789],[-5.99691,37.503874],[-5.996946,37.50396],[-5.996802,37.504074],[-5.996802,37.504131],[-5.996767,37.504131],[-5.996695,37.504131],[-5.996623,37.504159],[-5.996659,37.504188],[-5.996767,37.504216],[-5.996802,37.504216],[-5.996874,37.504245],[-5.997054,37.504416],[-5.997162,37.50453],[-5.997306,37.504672],[-5.997306,37.504729],[-5.997306,37.504815],[-5.997521,37.504929],[-5.997701,37.505071],[-5.997737,37.505242],[-5.997737,37.50547],[-5.997737,37.505613],[-5.997809,37.505784],[-5.997845,37.505983],[-5.997809,37.506069],[-5.997809,37.506212],[-5.997809,37.506383],[-5.997665,37.50644],[-5.997665,37.506525],[-5.997629,37.506582],[-5.997593,37.506668],[-5.997521,37.506668],[-5.997485,37.506696],[-5.997306,37.506696],[-5.99727,37.506696],[-5.99709,37.506725],[-5.997054,37.506725],[-5.99691,37.506753],[-5.996802,37.506753],[-5.996767,37.506753],[-5.996695,37.506782],[-5.996659,37.506782],[-5.996551,37.506782],[-5.996551,37.506696],[-5.996515,37.506525],[-5.996515,37.506411],[-5.996587,37.506383],[-5.996515,37.506354],[-5.996515,37.506383],[-5.996479,37.506354],[-5.996479,37.506297],[-5.996407,37.50624],[-5.996335,37.506183],[-5.996335,37.506155],[-5.996299,37.506069],[-5.996335,37.506012],[-5.996335,37.505983],[-5.996443,37.505926],[-5.996407,37.505755],[-5.996335,37.505698],[-5.996299,37.50567],[-5.996192,37.505613],[-5.996084,37.505556],[-5.99594,37.505385],[-5.995725,37.505299],[-5.995653,37.505271],[-5.995437,37.505128],[-5.995401,37.5051],[-5.995365,37.505043],[-5.995401,37.504986],[-5.995437,37.504929],[-5.995473,37.504872],[-5.995509,37.504843],[-5.995509,37.504815],[-5.995581,37.504758],[-5.995617,37.504758],[-5.995653,37.504701],[-5.995617,37.504672],[-5.995509,37.504587],[-5.995401,37.50453],[-5.995329,37.504473],[-5.99515,37.504473],[-5.995042,37.504416],[-5.995006,37.504387],[-5.994898,37.504302],[-5.994862,37.504273],[-5.994826,37.504245],[-5.99479,37.504216],[-5.994754,37.504188],[-5.99479,37.504131],[-5.994718,37.504045],[-5.994682,37.503988],[-5.994754,37.503846],[-5.994862,37.50376],[-5.99497,37.503589],[-5.995114,37.503446],[-5.99515,37.503418],[-5.995293,37.503247],[-5.995365,37.503161],[-5.995437,37.503104],[-5.995473,37.503047],[-5.995545,37.502962],[-5.995617,37.502819],[-5.995689,37.502734],[-5.99576,37.502648],[-5.995868,37.50262],[-5.995868,37.502591],[-5.995904,37.502591],[-5.995976,37.502534],[-5.995976,37.502506],[-5.996048,37.502449],[-5.996048,37.502363],[-5.996156,37.502221],[-5.996228,37.502107],[-5.996228,37.502021],[-5.996335,37.501964],[-5.996659,37.501822],[-5.996695,37.501793],[-5.996982,37.501736],[-5.997054,37.501708],[-5.997234,37.501651],[-5.997377,37.50148],[-5.997521,37.50148],[-5.997593,37.50148],[-5.997665,37.501451],[-5.997701,37.501366],[-5.997701,37.501337],[-5.997701,37.501309],[-5.997701,37.501223],[-5.997665,37.501194],[-5.997557,37.501109],[-5.997521,37.500995],[-5.997449,37.500966],[-5.997413,37.500966],[-5.997306,37.500966],[-5.997234,37.501023],[-5.997198,37.500995],[-5.997162,37.500995],[-5.997126,37.500995],[-5.997054,37.500966],[-5.997018,37.500938],[-5.99691,37.500909],[-5.996874,37.500909],[-5.996515,37.500653],[-5.996443,37.500596],[-5.996443,37.50051],[-5.996407,37.500425],[-5.996407,37.500396],[-5.996443,37.500339],[-5.996443,37.500282],[-5.996515,37.500254],[-5.996587,37.500225],[-5.996623,37.500168],[-5.996695,37.500111],[-5.996802,37.500111],[-5.996838,37.500054],[-5.996946,37.49994],[-5.997054,37.499883],[-5.997162,37.499855],[-5.997198,37.499826],[-5.997234,37.499798],[-5.997306,37.499769],[-5.997341,37.499741],[-5.997413,37.499712],[-5.997485,37.499655],[-5.997557,37.499598],[-5.997593,37.49957],[-5.997557,37.499484],[-5.997557,37.499427],[-5.997557,37.49937],[-5.997557,37.499313],[-5.997557,37.499256],[-5.997521,37.499199],[-5.997413,37.499142],[-5.997341,37.499085],[-5.99727,37.499085],[-5.997162,37.499085],[-5.997054,37.499142],[-5.996946,37.499113],[-5.996874,37.499085],[-5.996838,37.499056],[-5.996767,37.498999],[-5.996659,37.498999],[-5.996623,37.498999],[-5.996515,37.498999],[-5.996443,37.498971],[-5.996335,37.498942],[-5.996299,37.498914],[-5.996192,37.498885],[-5.996156,37.4988],[-5.99612,37.498743],[-5.996156,37.498629],[-5.996156,37.498543],[-5.996192,37.498515],[-5.996264,37.498486],[-5.996335,37.498429],[-5.996371,37.498372],[-5.996407,37.498287],[-5.996407,37.49823],[-5.996407,37.498173],[-5.996443,37.498144],[-5.996479,37.498116],[-5.996515,37.498087],[-5.996515,37.498059],[-5.996623,37.497973],[-5.996623,37.497945],[-5.996659,37.497916],[-5.996695,37.497831],[-5.996695,37.497745],[-5.996731,37.497688],[-5.996731,37.497631],[-5.996731,37.497546],[-5.996767,37.497517],[-5.996767,37.49746],[-5.996767,37.497432],[-5.996731,37.497403],[-5.996623,37.49746],[-5.996659,37.497489],[-5.996623,37.497517],[-5.996587,37.497517],[-5.996551,37.497546],[-5.996515,37.497574],[-5.996479,37.497603],[-5.996479,37.49766],[-5.996371,37.497688],[-5.996335,37.497717],[-5.996335,37.497745],[-5.996299,37.497774],[-5.996192,37.497859],[-5.996192,37.497916],[-5.996156,37.497973],[-5.996084,37.498059],[-5.996012,37.498087],[-5.99594,37.498144],[-5.995904,37.498173],[-5.995868,37.498201],[-5.995796,37.49823],[-5.99576,37.49823],[-5.995689,37.498315],[-5.995581,37.498401],[-5.995473,37.498486],[-5.995437,37.498515],[-5.995401,37.498515],[-5.995365,37.498572],[-5.995329,37.4986],[-5.995257,37.498686],[-5.995221,37.498743],[-5.995186,37.498771],[-5.995186,37.4988],[-5.99515,37.498828],[-5.995078,37.498885],[-5.995042,37.498942],[-5.99497,37.498942],[-5.99497,37.498971],[-5.994934,37.498999],[-5.994934,37.499028],[-5.994862,37.499113],[-5.994754,37.499142],[-5.994754,37.49917],[-5.994754,37.499227],[-5.994647,37.499227],[-5.994647,37.499313],[-5.994611,37.499342],[-5.994539,37.49937],[-5.994431,37.499399],[-5.994359,37.499456],[-5.994323,37.499513],[-5.994287,37.499513],[-5.994251,37.499541],[-5.994215,37.499598],[-5.994179,37.499655],[-5.994108,37.499684],[-5.994072,37.499684],[-5.994072,37.499712],[-5.994036,37.499741],[-5.994,37.499798],[-5.993964,37.499826],[-5.993964,37.499912],[-5.993928,37.499997],[-5.99382,37.500054],[-5.993784,37.500111],[-5.993784,37.500168],[-5.993712,37.500197],[-5.993604,37.500254],[-5.993604,37.500311],[-5.993533,37.500368],[-5.993461,37.500425],[-5.993425,37.500482],[-5.993389,37.500567],[-5.993281,37.500596],[-5.993209,37.500624],[-5.993173,37.500681],[-5.993173,37.500738],[-5.993137,37.500795],[-5.99303,37.500852],[-5.992922,37.500824],[-5.992922,37.500795],[-5.992886,37.500767],[-5.992814,37.500795],[-5.992814,37.500881],[-5.992814,37.500966],[-5.992742,37.500995],[-5.992706,37.500995],[-5.99267,37.500995],[-5.99267,37.501023],[-5.992598,37.50108],[-5.992527,37.501109],[-5.992491,37.501166],[-5.992455,37.501223],[-5.992383,37.501252],[-5.992311,37.501337],[-5.992311,37.501366],[-5.992275,37.501394],[-5.992239,37.501423],[-5.992239,37.50148],[-5.992203,37.501508],[-5.992131,37.501537],[-5.992095,37.501565],[-5.992059,37.501622],[-5.991952,37.501679],[-5.991844,37.501765],[-5.991772,37.501793],[-5.991772,37.501822],[-5.991808,37.501907],[-5.9917,37.501964],[-5.991664,37.502021],[-5.991664,37.502107],[-5.991556,37.502164],[-5.99152,37.502221],[-5.991449,37.502278],[-5.991341,37.502335],[-5.991305,37.502363],[-5.991305,37.502392],[-5.991269,37.50242],[-5.991233,37.502477],[-5.991233,37.502506],[-5.991197,37.502534],[-5.991197,37.502648],[-5.991125,37.502677],[-5.991089,37.502677],[-5.991053,37.502677],[-5.991017,37.502705],[-5.990945,37.502705],[-5.99091,37.502705],[-5.990802,37.502791],[-5.990874,37.502762],[-5.990874,37.502791],[-5.990838,37.502876],[-5.990802,37.502876],[-5.990802,37.502905],[-5.990766,37.50299],[-5.99073,37.503019],[-5.990694,37.503019],[-5.990622,37.503076],[-5.990586,37.503161],[-5.990478,37.503247],[-5.990442,37.503304],[-5.990406,37.503389],[-5.990263,37.503532],[-5.990155,37.503532],[-5.990083,37.503589],[-5.989975,37.503618],[-5.989903,37.503675],[-5.989867,37.50376],[-5.989832,37.503789],[-5.989832,37.503846],[-5.989832,37.503874],[-5.98976,37.503931],[-5.989688,37.504017],[-5.989652,37.504045],[-5.989472,37.504074],[-5.989472,37.504131],[-5.9894,37.504188],[-5.989364,37.504273],[-5.989293,37.50433],[-5.989257,37.504302],[-5.989185,37.504302],[-5.989185,37.50433],[-5.989257,37.504359],[-5.989185,37.504387],[-5.989149,37.504416],[-5.989041,37.504444],[-5.989005,37.504473],[-5.989005,37.504501],[-5.988969,37.50453],[-5.988897,37.504558],[-5.988825,37.504587],[-5.98879,37.504615],[-5.988754,37.504644],[-5.988718,37.504729],[-5.988682,37.504815],[-5.988646,37.504843],[-5.988574,37.5049],[-5.988574,37.504929],[-5.988538,37.504957],[-5.988466,37.504986],[-5.98843,37.505014],[-5.988358,37.504986],[-5.988322,37.504986],[-5.988322,37.505014],[-5.988358,37.505071],[-5.988322,37.505128],[-5.988286,37.505128],[-5.988251,37.505157],[-5.988179,37.505185],[-5.988143,37.505242],[-5.988143,37.505271],[-5.987999,37.505356],[-5.987963,37.505385],[-5.987891,37.505442],[-5.987819,37.505499],[-5.987783,37.505556],[-5.987712,37.505584],[-5.98764,37.505613],[-5.987568,37.505698],[-5.98746,37.505812],[-5.987316,37.505898],[-5.987244,37.505955],[-5.987173,37.505955],[-5.987137,37.505983],[-5.987101,37.50604],[-5.987065,37.506069],[-5.986957,37.506155],[-5.986885,37.506212],[-5.986741,37.50624],[-5.986669,37.506212],[-5.986669,37.50624],[-5.986598,37.50624],[-5.986562,37.506269],[-5.986562,37.506326],[-5.986526,37.506383],[-5.986454,37.50644],[-5.986418,37.50644],[-5.986346,37.506497],[-5.98631,37.506497],[-5.986238,37.506525],[-5.986166,37.506554],[-5.986131,37.506611],[-5.986095,37.506639],[-5.986059,37.506668],[-5.986023,37.506696],[-5.985987,37.506696],[-5.985987,37.506725],[-5.985915,37.506725],[-5.985879,37.506696],[-5.985843,37.506725],[-5.985807,37.506753],[-5.985771,37.506782],[-5.985807,37.50681],[-5.985663,37.506924],[-5.985592,37.506981],[-5.98552,37.507038],[-5.985376,37.507124],[-5.985304,37.507124],[-5.985304,37.507181],[-5.985268,37.507209],[-5.985196,37.507238],[-5.985196,37.507266],[-5.98516,37.507266],[-5.984981,37.507181],[-5.983328,37.50604],[-5.983256,37.506012],[-5.983328,37.506012],[-5.983328,37.505983],[-5.9834,37.505955],[-5.983436,37.505926],[-5.983471,37.505898],[-5.983507,37.505898],[-5.983579,37.505898],[-5.983651,37.505869],[-5.983687,37.505812],[-5.983723,37.505784],[-5.983795,37.505755],[-5.983903,37.50567],[-5.983939,37.50567],[-5.98401,37.505641],[-5.984082,37.505584],[-5.984226,37.505527],[-5.984298,37.505527],[-5.98437,37.505499],[-5.984478,37.50547],[-5.984549,37.505442],[-5.984585,37.505385],[-5.984585,37.505356],[-5.984549,37.505328],[-5.984478,37.505271],[-5.984442,37.505271],[-5.984406,37.505242],[-5.984334,37.505157],[-5.98437,37.5051],[-5.984585,37.5049],[-5.984585,37.504872],[-5.984657,37.504815],[-5.984729,37.504729],[-5.984765,37.504701],[-5.984837,37.504644],[-5.984837,37.504615],[-5.984873,37.504587],[-5.985017,37.504444],[-5.985088,37.504387],[-5.985124,37.504359],[-5.985124,37.50433],[-5.98516,37.504302],[-5.985196,37.504273],[-5.985268,37.504216],[-5.985304,37.504188],[-5.98534,37.504188],[-5.985412,37.504216],[-5.985484,37.504188],[-5.98552,37.504159],[-5.98552,37.504131],[-5.985556,37.504131],[-5.985556,37.504159],[-5.985592,37.504159],[-5.985592,37.504188],[-5.985627,37.504188],[-5.985627,37.504216],[-5.985663,37.504245],[-5.985699,37.504188],[-5.985735,37.504216],[-5.985771,37.504216],[-5.985879,37.504273],[-5.985915,37.504302],[-5.986023,37.50433],[-5.986095,37.50433],[-5.986202,37.504302],[-5.986202,37.504245],[-5.986238,37.504245],[-5.98631,37.504188],[-5.98631,37.504159],[-5.986346,37.504159],[-5.986346,37.504188],[-5.986382,37.504245],[-5.986454,37.504216],[-5.986562,37.504245],[-5.986634,37.504216],[-5.986634,37.504245],[-5.986562,37.504302],[-5.98649,37.504359],[-5.986454,37.504387],[-5.98631,37.504387],[-5.986202,37.504501],[-5.986095,37.504501],[-5.986131,37.50453],[-5.986131,37.504587],[-5.985987,37.504672],[-5.985951,37.504672],[-5.985951,37.504701],[-5.985915,37.504815],[-5.985807,37.5049],[-5.985807,37.504929],[-5.985843,37.5049],[-5.985879,37.5049],[-5.985951,37.504843],[-5.986023,37.504758],[-5.986059,37.504729],[-5.986095,37.504701],[-5.986131,37.504644],[-5.986202,37.504615],[-5.986238,37.504615],[-5.986274,37.504558],[-5.98631,37.50453],[-5.986346,37.50453],[-5.986418,37.504473],[-5.986526,37.504387],[-5.986598,37.50433],[-5.986634,37.504302],[-5.986669,37.504273],[-5.986705,37.504245],[-5.986741,37.504245],[-5.986813,37.504159],[-5.986921,37.504074],[-5.986993,37.504045],[-5.987029,37.503988],[-5.987137,37.50396],[-5.987244,37.503846],[-5.98728,37.503846],[-5.987388,37.50376],[-5.987352,37.503703],[-5.987388,37.503703],[-5.987424,37.503618],[-5.987424,37.503589],[-5.987388,37.503532],[-5.987424,37.503504],[-5.98746,37.503446],[-5.98746,37.503332],[-5.987388,37.503361],[-5.987316,37.503361],[-5.98728,37.503304],[-5.987316,37.503218],[-5.987352,37.503304],[-5.987496,37.503275],[-5.987532,37.503247],[-5.987496,37.50319],[-5.987352,37.503161],[-5.987316,37.503047],[-5.987316,37.502905],[-5.987173,37.502905],[-5.987208,37.502876],[-5.987316,37.502876],[-5.987424,37.502791],[-5.987496,37.502791],[-5.987568,37.502762],[-5.987532,37.502705],[-5.987568,37.502648],[-5.98764,37.50262],[-5.987568,37.50262],[-5.98746,37.50262],[-5.987424,37.502591],[-5.98746,37.502563],[-5.987424,37.502506],[-5.987496,37.50242],[-5.987532,37.502392],[-5.987676,37.502278],[-5.987712,37.502278],[-5.987783,37.502278],[-5.987819,37.502221],[-5.987819,37.502164],[-5.987927,37.502107],[-5.987999,37.502078],[-5.987999,37.502021],[-5.988035,37.502021],[-5.988071,37.502021],[-5.988071,37.501993],[-5.988107,37.501964],[-5.988286,37.50185],[-5.988322,37.50185],[-5.988394,37.501793],[-5.988502,37.501708],[-5.988538,37.501651],[-5.988682,37.501565],[-5.988718,37.501508],[-5.988754,37.501508],[-5.988825,37.501508],[-5.988933,37.501451],[-5.988933,37.501394],[-5.989005,37.501366],[-5.989005,37.501337],[-5.989041,37.501309],[-5.989221,37.501166],[-5.989257,37.501109],[-5.989293,37.501109],[-5.989329,37.501109],[-5.989329,37.50108],[-5.9894,37.501023],[-5.989508,37.500938],[-5.989652,37.500824],[-5.989724,37.500795],[-5.990011,37.500567],[-5.990047,37.500539],[-5.990119,37.500482],[-5.990191,37.500453],[-5.990371,37.500282],[-5.990442,37.500254],[-5.99055,37.50014],[-5.990586,37.50014],[-5.990694,37.500054],[-5.99073,37.500026],[-5.990945,37.499855],[-5.991017,37.499855],[-5.991017,37.499826],[-5.991125,37.499741],[-5.991161,37.499712],[-5.991197,37.499712],[-5.991305,37.499627],[-5.991341,37.499598],[-5.991413,37.499541],[-5.99152,37.499456],[-5.991628,37.49937],[-5.991736,37.499285],[-5.991844,37.499199],[-5.991916,37.499227],[-5.991952,37.499227],[-5.992023,37.49917],[-5.992095,37.499113],[-5.992203,37.499056],[-5.992275,37.498971],[-5.992311,37.498942],[-5.992383,37.498885],[-5.992455,37.498828],[-5.992491,37.4988],[-5.992562,37.498714],[-5.992634,37.498686],[-5.99267,37.498657],[-5.992706,37.4986],[-5.992778,37.498543],[-5.992922,37.498429],[-5.992994,37.498344],[-5.993066,37.498287],[-5.993101,37.498258],[-5.993173,37.498201],[-5.993245,37.498173],[-5.993317,37.498144],[-5.993353,37.498087],[-5.993389,37.49803],[-5.993425,37.498002],[-5.993461,37.497916],[-5.993497,37.497916],[-5.993604,37.497802],[-5.993676,37.497774],[-5.993712,37.497745],[-5.993784,37.497717],[-5.993856,37.49766],[-5.993928,37.497603],[-5.993928,37.497546],[-5.993964,37.497546],[-5.994,37.497489],[-5.994036,37.49746],[-5.994072,37.497432],[-5.994072,37.497403],[-5.994108,37.497403],[-5.994143,37.497317],[-5.994251,37.497232],[-5.994287,37.497232],[-5.994359,37.497146],[-5.994395,37.497146],[-5.994431,37.497089],[-5.994503,37.497032],[-5.994503,37.497004],[-5.994539,37.496975],[-5.994611,37.496947],[-5.994647,37.49689],[-5.994718,37.496833],[-5.99479,37.496776],[-5.994862,37.496747],[-5.994898,37.49669],[-5.994898,37.496662],[-5.99497,37.496605],[-5.995006,37.496548],[-5.995078,37.496491],[-5.995114,37.496434],[-5.995186,37.496405],[-5.995186,37.496348],[-5.995257,37.496348],[-5.995293,37.496291],[-5.995329,37.496263],[-5.995365,37.496206],[-5.995401,37.496177],[-5.995437,37.496177],[-5.995473,37.49612],[-5.995509,37.496092],[-5.995581,37.496006],[-5.995617,37.495978],[-5.995653,37.495949],[-5.995725,37.495892],[-5.995796,37.495835],[-5.995868,37.495807],[-5.995904,37.495721],[-5.99594,37.495721],[-5.99594,37.495692],[-5.995976,37.495607],[-5.996012,37.495607],[-5.996048,37.495607],[-5.996084,37.495578],[-5.99612,37.495521],[-5.996156,37.495521],[-5.996156,37.495493],[-5.996228,37.495436],[-5.996299,37.495407],[-5.996371,37.49535],[-5.996443,37.495265],[-5.996515,37.495208],[-5.996623,37.495122],[-5.996695,37.495037],[-5.996695,37.495008],[-5.996731,37.49498],[-5.996838,37.494894],[-5.996946,37.49478],[-5.996982,37.494723],[-5.99709,37.494581],[-5.997162,37.494524],[-5.997198,37.494524],[-5.997162,37.494438],[-5.997234,37.494381],[-5.997341,37.494324],[-5.997413,37.494324],[-5.997557,37.494267],[-5.997629,37.494239],[-5.997701,37.49421],[-5.997701,37.494124],[-5.997773,37.494039],[-5.997988,37.493868],[-5.99806,37.493839],[-5.998132,37.493811],[-5.998276,37.493725],[-5.998384,37.493668],[-5.998419,37.49364],[-5.998527,37.493554],[-5.998671,37.493497],[-5.998707,37.493469],[-5.998779,37.493412],[-5.998887,37.493383],[-5.998923,37.493355],[-5.998994,37.493298],[-5.999066,37.493269],[-5.999138,37.493212],[-5.999174,37.493184],[-5.999246,37.493155],[-5.999354,37.49307],[-5.999426,37.49307],[-5.999462,37.493098],[-5.999462,37.49307],[-5.999497,37.493041],[-5.999533,37.493041],[-5.999569,37.493041],[-5.999641,37.492984],[-5.999677,37.492956],[-5.999785,37.492899],[-5.999857,37.492842],[-5.999929,37.492813],[-5.999929,37.492785],[-6.000072,37.492727],[-6.00018,37.492642],[-6.000216,37.492613],[-6.000288,37.492585],[-6.00036,37.492528],[-6.000396,37.492499],[-6.000468,37.492442],[-6.000539,37.492385],[-6.000611,37.492385],[-6.000647,37.492328],[-6.000719,37.492271],[-6.000755,37.492243],[-6.000827,37.492214],[-6.000899,37.492129],[-6.001007,37.492072],[-6.001043,37.492072],[-6.001078,37.492015],[-6.00115,37.491958],[-6.001186,37.491929],[-6.001186,37.491901],[-6.001222,37.491844],[-6.001294,37.491787],[-6.001402,37.491758],[-6.001474,37.491673],[-6.001582,37.491644],[-6.001617,37.491587],[-6.001689,37.491559],[-6.001725,37.49153],[-6.001761,37.491502],[-6.001797,37.491445],[-6.001833,37.491445],[-6.001869,37.491416],[-6.001941,37.491416],[-6.001941,37.491359],[-6.002013,37.491302],[-6.002085,37.491245],[-6.002121,37.491188],[-6.002156,37.491131],[-6.002228,37.491102],[-6.002264,37.491045],[-6.002264,37.491017],[-6.002336,37.49096],[-6.002408,37.490931],[-6.00248,37.490874],[-6.002516,37.490846],[-6.002552,37.490789],[-6.002588,37.49076],[-6.002624,37.490732],[-6.002731,37.490618],[-6.002767,37.490589],[-6.002803,37.490532],[-6.002839,37.490532],[-6.002839,37.490447],[-6.002911,37.49039],[-6.002983,37.490304],[-6.003019,37.490247],[-6.003055,37.490247],[-6.003127,37.490162],[-6.003163,37.490133],[-6.003198,37.490048],[-6.003234,37.490019],[-6.00327,37.489962],[-6.003306,37.489933],[-6.003342,37.489876],[-6.00345,37.489762],[-6.003486,37.489734],[-6.003558,37.489648],[-6.00363,37.489591],[-6.00363,37.489534],[-6.003702,37.489477],[-6.003737,37.48942],[-6.003773,37.489335],[-6.003845,37.489278],[-6.003917,37.489192],[-6.003989,37.489078],[-6.004025,37.48905],[-6.004061,37.489021],[-6.003989,37.488964],[-6.004025,37.488907],[-6.004061,37.48885],[-6.004061,37.488793],[-6.004133,37.488736],[-6.004133,37.488707],[-6.004169,37.488679],[-6.004205,37.488679],[-6.004241,37.488622],[-6.004241,37.488593],[-6.004241,37.488536],[-6.004276,37.488508],[-6.004348,37.488508],[-6.004348,37.488451],[-6.004384,37.488365],[-6.004456,37.488308],[-6.004456,37.488251],[-6.004492,37.488223],[-6.004492,37.488166],[-6.004528,37.488109],[-6.004564,37.488137],[-6.004636,37.488109],[-6.004708,37.48808],[-6.004708,37.487995],[-6.004636,37.487995],[-6.0046,37.487966],[-6.0046,37.487938],[-6.004636,37.487881],[-6.004672,37.487852],[-6.004672,37.487767],[-6.004708,37.487738],[-6.004744,37.48771],[-6.004815,37.487624],[-6.004851,37.487624],[-6.004887,37.487653],[-6.004887,37.487624],[-6.004887,37.487567],[-6.004887,37.48751],[-6.004851,37.487481],[-6.004887,37.487453],[-6.004923,37.487453],[-6.004923,37.487396],[-6.004959,37.487367],[-6.004995,37.487339],[-6.005031,37.487253],[-6.005031,37.487168],[-6.004959,37.487168],[-6.004959,37.487111],[-6.004995,37.487054],[-6.005031,37.487025],[-6.005103,37.486997],[-6.005067,37.486968],[-6.005067,37.486883],[-6.005103,37.486797],[-6.005103,37.486683],[-6.005139,37.486655],[-6.005139,37.486512],[-6.005139,37.486484],[-6.005139,37.486398],[-6.005139,37.486312],[-6.005139,37.486227],[-6.005175,37.486198],[-6.005175,37.486027],[-6.005175,37.485885],[-6.005139,37.485657],[-6.005103,37.485543],[-6.005103,37.485486],[-6.005067,37.485372],[-6.005067,37.485257],[-6.005103,37.485257],[-6.005067,37.485229],[-6.005031,37.485229],[-6.004995,37.485172],[-6.004959,37.485143],[-6.004923,37.485086],[-6.004887,37.485086],[-6.004887,37.485143],[-6.004744,37.485115],[-6.004636,37.485086],[-6.004492,37.484944],[-6.004348,37.48483],[-6.004241,37.484744],[-6.004169,37.484716],[-6.004061,37.48463],[-6.003917,37.484573],[-6.003737,37.484459],[-6.003522,37.484374],[-6.003378,37.484317],[-6.003234,37.484288],[-6.002983,37.484203],[-6.002911,37.484174],[-6.002839,37.484145],[-6.002767,37.484117],[-6.002695,37.484088],[-6.002624,37.48406],[-6.002552,37.484031],[-6.002516,37.484031],[-6.002444,37.484003],[-6.002372,37.483946],[-6.0023,37.483917],[-6.002192,37.48386],[-6.002049,37.483775],[-6.002013,37.483746],[-6.001941,37.483746],[-6.001869,37.483689],[-6.001761,37.483632],[-6.001653,37.483604],[-6.001582,37.483547],[-6.00151,37.483518],[-6.001366,37.483461],[-6.00133,37.483433],[-6.001294,37.483404],[-6.001186,37.483347],[-6.001043,37.48329],[-6.000971,37.483233],[-6.000827,37.483148],[-6.000827,37.483119],[-6.000863,37.483033],[-6.000827,37.483033],[-6.000755,37.483062],[-6.000719,37.483005],[-6.000683,37.483005],[-6.000647,37.482976],[-6.000575,37.482976],[-6.000504,37.482976],[-6.000468,37.482948],[-6.000396,37.482919],[-6.00036,37.482891],[-6.000324,37.482862],[-6.000288,37.482862],[-6.000216,37.482834],[-6.00018,37.482805],[-6.000144,37.482805],[-6.000036,37.482748],[-6.000036,37.48272],[-5.999965,37.48272],[-5.999893,37.482663],[-5.999821,37.482606],[-5.999785,37.482606],[-5.999713,37.482577],[-5.999569,37.48252],[-5.999318,37.482406],[-5.999282,37.482406],[-5.999174,37.482378],[-5.999102,37.482321],[-5.998958,37.482235],[-5.998923,37.482235],[-5.998851,37.482178],[-5.998779,37.48215],[-5.998671,37.482092],[-5.998635,37.482064],[-5.998563,37.482035],[-5.998491,37.481978],[-5.998384,37.48195],[-5.998312,37.481893],[-5.998204,37.481836],[-5.998096,37.481779],[-5.998024,37.48175],[-5.997952,37.481693],[-5.997845,37.481636],[-5.997737,37.481579],[-5.997665,37.481551],[-5.997593,37.481522],[-5.997521,37.481465],[-5.997413,37.481408],[-5.997341,37.48138],[-5.997198,37.481294],[-5.99709,37.481209],[-5.997018,37.48118],[-5.99691,37.481123],[-5.996838,37.481094],[-5.996767,37.481037],[-5.996731,37.481009],[-5.996659,37.480952],[-5.996587,37.480923],[-5.996479,37.480866],[-5.996443,37.480838],[-5.996371,37.480781],[-5.996299,37.480752],[-5.996192,37.480667],[-5.99612,37.480638],[-5.996012,37.480581],[-5.995976,37.480553],[-5.99594,37.480553],[-5.995832,37.480524],[-5.995689,37.480467],[-5.995581,37.480467],[-5.995473,37.48041],[-5.995401,37.480382],[-5.995257,37.480296],[-5.995186,37.480268],[-5.99515,37.480239],[-5.995042,37.480182],[-5.995006,37.480182],[-5.99497,37.480125],[-5.994898,37.480125],[-5.994826,37.480039],[-5.994754,37.480039],[-5.994718,37.480011],[-5.994611,37.479954],[-5.994503,37.479897],[-5.994431,37.479868],[-5.994359,37.479783],[-5.994215,37.479726],[-5.994072,37.47964],[-5.994036,37.479612],[-5.994036,37.479555],[-5.994036,37.479498],[-5.994,37.479498],[-5.993928,37.479498],[-5.993856,37.479469],[-5.99382,37.479469],[-5.993748,37.479412],[-5.993676,37.479384],[-5.993604,37.479355],[-5.993569,37.479327],[-5.993461,37.479241],[-5.993353,37.479184],[-5.993281,37.479184],[-5.993209,37.479155],[-5.993066,37.479041],[-5.992994,37.478927],[-5.992958,37.478899],[-5.99285,37.478813],[-5.992706,37.478785],[-5.992634,37.478756],[-5.992634,37.478728],[-5.992598,37.478671],[-5.992527,37.478671],[-5.992491,37.478671],[-5.992455,37.478614],[-5.992347,37.478557],[-5.992311,37.4785],[-5.992275,37.478471],[-5.992239,37.478443],[-5.992203,37.478414],[-5.992167,37.478386],[-5.991988,37.478272],[-5.991952,37.478214],[-5.991916,37.478186],[-5.991916,37.478157],[-5.991808,37.478072],[-5.991808,37.478043],[-5.991808,37.478015],[-5.9917,37.477958],[-5.991664,37.477958],[-5.991628,37.477929],[-5.991592,37.477929],[-5.991556,37.477872],[-5.99152,37.477844],[-5.991484,37.477815],[-5.991449,37.477758],[-5.991413,37.477758],[-5.991413,37.47773],[-5.991377,37.477673],[-5.991341,37.477644],[-5.991233,37.477673],[-5.991197,37.477644],[-5.991125,37.477701],[-5.991125,37.477644],[-5.991197,37.477616],[-5.991161,37.477559],[-5.991125,37.477473],[-5.991089,37.477473],[-5.991053,37.477445],[-5.991053,37.477416],[-5.991017,37.477359],[-5.991017,37.47733],[-5.990981,37.47733],[-5.990874,37.477273],[-5.990802,37.477216],[-5.990766,37.477188],[-5.99073,37.477159],[-5.990658,37.477074],[-5.990586,37.477045],[-5.990586,37.476988],[-5.99055,37.47696],[-5.990514,37.47696],[-5.990371,37.476846],[-5.990299,37.476817],[-5.990227,37.476789],[-5.990083,37.476732],[-5.990047,37.476675],[-5.990011,37.476589],[-5.989903,37.476532],[-5.989867,37.476475],[-5.989867,37.476446],[-5.989724,37.476418],[-5.989616,37.476361],[-5.989544,37.476275],[-5.989508,37.476218],[-5.9894,37.476133],[-5.989329,37.476076],[-5.989257,37.476047],[-5.989221,37.47599],[-5.989149,37.475933],[-5.989149,37.475876],[-5.989077,37.475819],[-5.989041,37.475734],[-5.988969,37.475705],[-5.988861,37.475591],[-5.988825,37.475534],[-5.98879,37.475505],[-5.988754,37.475448],[-5.988718,37.47542],[-5.988682,37.475391],[-5.988682,37.475363],[-5.988646,37.475334],[-5.988574,37.475306],[-5.988538,37.475277],[-5.988502,37.475249],[-5.988466,37.475192],[-5.98843,37.475163],[-5.988394,37.475106],[-5.988286,37.475049],[-5.988143,37.474935],[-5.988035,37.474793],[-5.987855,37.47465],[-5.987783,37.474593],[-5.987747,37.474507],[-5.987712,37.47445],[-5.98764,37.474393],[-5.987532,37.474279],[-5.987388,37.474165],[-5.987352,37.474108],[-5.98728,37.474051],[-5.987173,37.473823],[-5.987029,37.473737],[-5.986993,37.47368],[-5.986957,37.473566],[-5.986957,37.473538],[-5.986849,37.473538],[-5.986813,37.473538],[-5.986705,37.473481],[-5.986669,37.473481],[-5.986669,37.473395],[-5.986598,37.473338],[-5.986526,37.47331],[-5.986454,37.473281],[-5.986346,37.473196],[-5.986274,37.473139],[-5.986238,37.473053],[-5.986166,37.472996],[-5.986202,37.472967],[-5.986202,37.472939],[-5.986238,37.472882],[-5.986274,37.472739],[-5.986238,37.472711],[-5.986202,37.472711],[-5.986131,37.472654],[-5.986131,37.472568],[-5.986023,37.472511],[-5.986023,37.472454],[-5.985987,37.472454],[-5.985951,37.472426],[-5.985915,37.47234],[-5.985807,37.472283],[-5.985735,37.472283],[-5.985663,37.472226],[-5.985663,37.472169],[-5.985663,37.47214],[-5.985484,37.471998],[-5.985412,37.471969],[-5.98534,37.471941],[-5.98534,37.471884],[-5.985268,37.471855],[-5.985268,37.471798],[-5.985268,37.471713],[-5.985268,37.471684],[-5.985268,37.471656],[-5.985196,37.471656],[-5.98516,37.471656],[-5.985053,37.47157],[-5.985053,37.471542],[-5.985053,37.471513],[-5.984981,37.471427],[-5.984945,37.47137],[-5.984837,37.471313],[-5.984765,37.471256],[-5.984657,37.471142],[-5.984549,37.471114],[-5.984442,37.471114],[-5.98437,37.471171],[-5.984334,37.471228],[-5.984262,37.471256],[-5.98419,37.471256],[-5.984154,37.471285],[-5.984118,37.471313],[-5.984046,37.471313],[-5.98401,37.471342],[-5.98401,37.471313],[-5.984118,37.471228],[-5.984154,37.471171],[-5.98419,37.471114],[-5.98419,37.471028],[-5.98419,37.470971],[-5.98419,37.470886],[-5.984154,37.470829],[-5.984154,37.4708],[-5.98419,37.470772],[-5.984226,37.470743],[-5.984154,37.470715],[-5.984118,37.470686],[-5.984046,37.470657],[-5.98401,37.470572],[-5.983903,37.470515],[-5.983831,37.470486],[-5.983723,37.470401],[-5.983651,37.470344],[-5.983579,37.470258],[-5.983471,37.470173],[-5.983436,37.470116],[-5.983328,37.47003],[-5.983256,37.469973],[-5.98322,37.469887],[-5.983184,37.469802],[-5.983112,37.469745],[-5.98304,37.469688],[-5.983004,37.469602],[-5.982968,37.469545],[-5.982933,37.469488],[-5.982897,37.469431],[-5.982825,37.469374],[-5.982825,37.469346],[-5.982753,37.469289],[-5.982753,37.46926],[-5.984837,37.469203]]]]},"properties":{"FID":1703,"ID_ZONA":"ES050_APSFR_BG004-03_T010","ZONA":"Guadalquivir en Rinconada","TIPO_ZONA":"Q Periodo de retorno T10","RIO":"Río Guadalquivir","LONG_KM":7.52,"HIPOTESIS":"Q10 régimen alterado","HIDROLOGIA":"CAUMAX","PRECISION_":"MDT 1x1 procedente de LIDAR IGN PNOA","HIDRAUL":"IBER","ESTUDIO":"SNCZI. Zonas inundables del sistema bajo del Guadalquivir","TIPO_EST":"Estudio de Desarrollo del SNCZI","DOCUMENTO":"Implantación y seguimiento del plan de gestión del riesgo de inundación de las demarcaciones hidrográficas del Guadalquivir, Ceuta y Melilla. Fase 1. Revisión de la EPRI y mapas de peligrosidad y riesgo de inundación","FECHA_APRO":1587340800000,"FECHA_GEO":"05/2014","ORGANISMO":"Ministerio para la transición ecológica","CLAVE_EXPE":"05.840-0015/0411","DEMARCACIO":"Guadalquivir","ID_DEMAR":51,"Q_M3_S":"3960","ZI_DIRECTI":"ES050_APSFR_BG004","CICLO":2,"Shape_Leng":17293.1704741,"Fecha_Lim":1745107200000,"Shape_Le_1":0.17534341024,"Shape__Area":0.0001328457581166731,"Shape__Length":0.17534340554126288}},{"type":"Feature","id":1617,"geometry":{"type":"MultiPolygon","coordinates":[[[[-6.09842,37.371376],[-6.098492,37.371404],[-6.098636,37.371404],[-6.098636,37.371433],[-6.098636,37.371462],[-6.0986,37.37149],[-6.098564,37.371547],[-6.098564,37.371604],[-6.098564,37.37169],[-6.0986,37.371833],[-6.0986,37.371947],[-6.0986,37.371976],[-6.0986,37.372033],[-6.098636,37.372118],[-6.098671,37.372375],[-6.098707,37.372461],[-6.098815,37.372547],[-6.098851,37.372575],[-6.098923,37.372661],[-6.098995,37.372718],[-6.099067,37.372804],[-6.099139,37.372918],[-6.099175,37.373004],[-6.099175,37.373261],[-6.09921,37.373375],[-6.099246,37.373489],[-6.099246,37.373546],[-6.099282,37.373575],[-6.099318,37.373718],[-6.099426,37.373889],[-6.099642,37.374232],[-6.099785,37.374546],[-6.099821,37.374574],[-6.099893,37.374746],[-6.100001,37.37486],[-6.100037,37.374945],[-6.100109,37.375088],[-6.100145,37.375117],[-6.100217,37.375145],[-6.100288,37.375174],[-6.100432,37.375202],[-6.100504,37.375231],[-6.100576,37.375259],[-6.100612,37.375288],[-6.10072,37.375345],[-6.100791,37.375374],[-6.100827,37.375431],[-6.100899,37.375488],[-6.100935,37.375574],[-6.101007,37.375745],[-6.101043,37.376002],[-6.101079,37.376345],[-6.101115,37.376487],[-6.101151,37.376602],[-6.101223,37.376659],[-6.101259,37.376716],[-6.101295,37.376744],[-6.10133,37.37683],[-6.101366,37.376916],[-6.101366,37.377116],[-6.10133,37.377315],[-6.10133,37.377458],[-6.101402,37.377772],[-6.101438,37.377858],[-6.10151,37.377944],[-6.101546,37.377972],[-6.101546,37.378086],[-6.101582,37.378143],[-6.101618,37.378201],[-6.101654,37.378258],[-6.10169,37.378286],[-6.101762,37.378258],[-6.101834,37.378258],[-6.101869,37.378229],[-6.101905,37.378229],[-6.101941,37.378229],[-6.101977,37.378229],[-6.101977,37.378258],[-6.101941,37.378286],[-6.101726,37.378315],[-6.10169,37.378343],[-6.10169,37.378372],[-6.10169,37.378429],[-6.101762,37.378486],[-6.101798,37.378543],[-6.101869,37.3786],[-6.101869,37.378629],[-6.101905,37.378657],[-6.101941,37.378715],[-6.101977,37.378772],[-6.102013,37.378857],[-6.102049,37.378886],[-6.102049,37.378943],[-6.102049,37.379086],[-6.102049,37.379114],[-6.102013,37.379171],[-6.102013,37.379229],[-6.102013,37.379257],[-6.102085,37.379314],[-6.102085,37.379371],[-6.102049,37.379371],[-6.102013,37.379343],[-6.101977,37.379314],[-6.101941,37.379314],[-6.101941,37.379343],[-6.101905,37.379457],[-6.101869,37.379543],[-6.101834,37.3796],[-6.101834,37.379914],[-6.101834,37.379942],[-6.101905,37.379999],[-6.101905,37.380057],[-6.101941,37.380142],[-6.101941,37.380199],[-6.101977,37.380228],[-6.102013,37.380285],[-6.102049,37.380314],[-6.102157,37.380342],[-6.102193,37.380428],[-6.102229,37.380513],[-6.102301,37.380656],[-6.102373,37.38097],[-6.102408,37.381541],[-6.102408,37.381798],[-6.102408,37.382027],[-6.102444,37.382512],[-6.10248,37.382598],[-6.102588,37.382683],[-6.102624,37.382769],[-6.10266,37.382826],[-6.102696,37.383026],[-6.102768,37.383426],[-6.102624,37.383426],[-6.102588,37.383312],[-6.102516,37.382997],[-6.102516,37.382883],[-6.10248,37.382826],[-6.102408,37.382769],[-6.102373,37.382683],[-6.102337,37.382655],[-6.102337,37.382569],[-6.102301,37.382512],[-6.102301,37.382398],[-6.102265,37.382312],[-6.102265,37.382227],[-6.102265,37.382141],[-6.102229,37.381912],[-6.102193,37.381256],[-6.102157,37.381027],[-6.102085,37.380742],[-6.102049,37.380685],[-6.102013,37.380628],[-6.102013,37.380542],[-6.101977,37.380513],[-6.101941,37.380342],[-6.101869,37.380314],[-6.101869,37.380285],[-6.101834,37.380228],[-6.101798,37.380171],[-6.101762,37.380114],[-6.101726,37.380028],[-6.101654,37.379942],[-6.101654,37.379857],[-6.101654,37.3798],[-6.101654,37.379628],[-6.10169,37.379571],[-6.101726,37.379485],[-6.101762,37.379428],[-6.101834,37.379343],[-6.101834,37.379314],[-6.101834,37.3792],[-6.101869,37.379029],[-6.101905,37.378886],[-6.101869,37.378857],[-6.101834,37.3788],[-6.101798,37.378743],[-6.10169,37.3786],[-6.101618,37.378543],[-6.101546,37.378343],[-6.101402,37.378229],[-6.101366,37.378143],[-6.10133,37.377972],[-6.101223,37.377772],[-6.101187,37.37763],[-6.101151,37.377344],[-6.101151,37.377201],[-6.101151,37.37703],[-6.101151,37.376859],[-6.101151,37.376801],[-6.101115,37.376744],[-6.101007,37.376659],[-6.100935,37.376573],[-6.100899,37.376088],[-6.100863,37.375888],[-6.100827,37.375659],[-6.100791,37.375602],[-6.10072,37.375574],[-6.100648,37.375459],[-6.100612,37.375431],[-6.10054,37.375402],[-6.100504,37.375374],[-6.100396,37.375288],[-6.100324,37.375288],[-6.100145,37.375288],[-6.100037,37.375231],[-6.100001,37.375202],[-6.099857,37.375031],[-6.099749,37.37486],[-6.099713,37.374774],[-6.099642,37.374688],[-6.09957,37.374574],[-6.099462,37.374317],[-6.099426,37.37426],[-6.09939,37.374203],[-6.099354,37.374146],[-6.099318,37.374089],[-6.099246,37.373975],[-6.09921,37.373946],[-6.099139,37.37386],[-6.099103,37.373746],[-6.099031,37.373489],[-6.098995,37.373346],[-6.098995,37.373232],[-6.098959,37.373089],[-6.098959,37.373061],[-6.098923,37.372947],[-6.098887,37.372889],[-6.098851,37.372804],[-6.098815,37.372775],[-6.098743,37.37269],[-6.098636,37.372632],[-6.098564,37.372547],[-6.098528,37.372518],[-6.098492,37.372433],[-6.098456,37.372375],[-6.098456,37.372204],[-6.09842,37.37209],[-6.09842,37.372004],[-6.09842,37.371976],[-6.098456,37.371861],[-6.09842,37.371776],[-6.09842,37.371604],[-6.098384,37.371547],[-6.098348,37.371519],[-6.098348,37.37149],[-6.098276,37.37149],[-6.098276,37.371462],[-6.098276,37.371433],[-6.098384,37.371376],[-6.09842,37.371376]]],[[[-6.098312,37.371233],[-6.098384,37.37129],[-6.098276,37.371347],[-6.09824,37.371262],[-6.098312,37.371233]]],[[[-6.097198,37.360495],[-6.09727,37.360524],[-6.09727,37.360552],[-6.09727,37.360609],[-6.097198,37.360667],[-6.097198,37.360695],[-6.097234,37.360724],[-6.09727,37.360752],[-6.097234,37.360838],[-6.097234,37.360981],[-6.097162,37.361038],[-6.097126,37.361066],[-6.097126,37.361152],[-6.097054,37.361209],[-6.097054,37.361352],[-6.097054,37.361381],[-6.097019,37.361409],[-6.097019,37.361466],[-6.096983,37.361466],[-6.096911,37.361495],[-6.096875,37.361495],[-6.096875,37.361523],[-6.096911,37.361552],[-6.096983,37.361552],[-6.096983,37.361609],[-6.096983,37.361638],[-6.096947,37.361666],[-6.096947,37.361723],[-6.096911,37.361752],[-6.096803,37.361838],[-6.096803,37.361895],[-6.096803,37.362037],[-6.096803,37.362066],[-6.096767,37.362095],[-6.096695,37.362123],[-6.096695,37.362209],[-6.096623,37.362266],[-6.096551,37.362323],[-6.096515,37.362352],[-6.096551,37.362494],[-6.096551,37.362523],[-6.096551,37.36258],[-6.096551,37.362609],[-6.09648,37.362637],[-6.09648,37.362751],[-6.096444,37.362837],[-6.096444,37.362923],[-6.09648,37.36298],[-6.09648,37.363008],[-6.096444,37.363037],[-6.096444,37.363066],[-6.096444,37.363151],[-6.09648,37.363266],[-6.096444,37.363294],[-6.096444,37.363351],[-6.096408,37.363465],[-6.096408,37.363494],[-6.096444,37.363551],[-6.096444,37.363665],[-6.096444,37.363694],[-6.096408,37.363722],[-6.096372,37.363837],[-6.096372,37.363922],[-6.096408,37.364008],[-6.096408,37.364065],[-6.096372,37.364094],[-6.096336,37.364151],[-6.0963,37.364151],[-6.0963,37.364208],[-6.096336,37.364265],[-6.0963,37.364322],[-6.096264,37.364351],[-6.096228,37.364351],[-6.096156,37.364322],[-6.096084,37.364351],[-6.096084,37.364379],[-6.096048,37.364436],[-6.096084,37.364551],[-6.09612,37.364636],[-6.096156,37.364665],[-6.09612,37.364751],[-6.096156,37.364808],[-6.096156,37.364922],[-6.096192,37.365008],[-6.096192,37.365093],[-6.096228,37.365093],[-6.0963,37.36515],[-6.096336,37.365208],[-6.096372,37.365208],[-6.096444,37.365208],[-6.096444,37.365236],[-6.09648,37.365265],[-6.096515,37.365322],[-6.096515,37.36535],[-6.096444,37.365379],[-6.096444,37.365407],[-6.096408,37.365436],[-6.096408,37.365465],[-6.096551,37.365579],[-6.096587,37.365607],[-6.096587,37.36575],[-6.096515,37.365836],[-6.096515,37.365864],[-6.096551,37.36595],[-6.096551,37.366007],[-6.096551,37.366121],[-6.096515,37.366179],[-6.096515,37.366207],[-6.096515,37.366321],[-6.096515,37.366407],[-6.096515,37.366493],[-6.096551,37.366578],[-6.096515,37.366664],[-6.096551,37.366778],[-6.096587,37.366835],[-6.096587,37.366892],[-6.096587,37.366921],[-6.096551,37.36695],[-6.09648,37.366978],[-6.096444,37.366978],[-6.096444,37.367007],[-6.096408,37.367064],[-6.096444,37.367121],[-6.09648,37.367149],[-6.096551,37.367178],[-6.096587,37.367207],[-6.096551,37.367235],[-6.096515,37.367264],[-6.096408,37.367292],[-6.0963,37.367292],[-6.0963,37.367349],[-6.0963,37.367407],[-6.096336,37.367464],[-6.096372,37.367549],[-6.096408,37.367549],[-6.096408,37.367578],[-6.096408,37.367635],[-6.096408,37.367664],[-6.096444,37.367721],[-6.096551,37.367749],[-6.096551,37.367778],[-6.096551,37.367863],[-6.096587,37.367921],[-6.096623,37.368035],[-6.096623,37.368149],[-6.096623,37.368178],[-6.096731,37.368235],[-6.096767,37.368292],[-6.096803,37.36832],[-6.096839,37.36832],[-6.096983,37.36832],[-6.097054,37.36832],[-6.09709,37.368349],[-6.097162,37.368349],[-6.097234,37.368349],[-6.097378,37.368406],[-6.09745,37.368435],[-6.097522,37.368463],[-6.097558,37.368492],[-6.097593,37.368549],[-6.097665,37.368606],[-6.097665,37.368663],[-6.097665,37.368692],[-6.097593,37.36872],[-6.097558,37.368749],[-6.097558,37.368777],[-6.097593,37.368834],[-6.097629,37.368891],[-6.097629,37.368977],[-6.097593,37.369034],[-6.097558,37.369034],[-6.097522,37.369091],[-6.097558,37.369149],[-6.097522,37.369177],[-6.097486,37.369234],[-6.097522,37.369348],[-6.097522,37.369463],[-6.097593,37.369548],[-6.097629,37.369663],[-6.097665,37.369748],[-6.097701,37.369805],[-6.097737,37.369862],[-6.097773,37.36992],[-6.097773,37.370005],[-6.097809,37.370148],[-6.097737,37.370205],[-6.097737,37.370234],[-6.097809,37.370291],[-6.097881,37.370348],[-6.097917,37.370434],[-6.097917,37.370462],[-6.097989,37.370462],[-6.098025,37.370491],[-6.097917,37.370548],[-6.097881,37.370576],[-6.097917,37.370633],[-6.098025,37.370776],[-6.097953,37.370805],[-6.097845,37.370633],[-6.097809,37.370605],[-6.097773,37.370605],[-6.097773,37.370576],[-6.097665,37.370491],[-6.097593,37.370405],[-6.097558,37.370319],[-6.097593,37.370205],[-6.097558,37.370148],[-6.097522,37.370091],[-6.097522,37.370062],[-6.09745,37.370005],[-6.097414,37.369977],[-6.097414,37.369948],[-6.097378,37.369891],[-6.097378,37.369834],[-6.097342,37.369777],[-6.09727,37.369463],[-6.09727,37.369291],[-6.097234,37.369263],[-6.097162,37.369234],[-6.097126,37.369206],[-6.097126,37.36912],[-6.097198,37.369063],[-6.097198,37.369006],[-6.097198,37.368834],[-6.097198,37.368777],[-6.097162,37.368749],[-6.09709,37.36872],[-6.097054,37.368663],[-6.096983,37.368634],[-6.096947,37.368606],[-6.096911,37.368577],[-6.096911,37.36852],[-6.096875,37.368492],[-6.096839,37.368492],[-6.096731,37.368463],[-6.096659,37.368435],[-6.096587,37.368435],[-6.096551,37.368406],[-6.096551,37.368349],[-6.096515,37.36832],[-6.09648,37.368292],[-6.096408,37.368263],[-6.096372,37.368235],[-6.096372,37.368206],[-6.096336,37.368149],[-6.0963,37.368092],[-6.096264,37.367978],[-6.096264,37.367892],[-6.0963,37.367806],[-6.096264,37.367778],[-6.096264,37.367749],[-6.096192,37.367749],[-6.09612,37.367749],[-6.096084,37.367749],[-6.096012,37.367664],[-6.095977,37.367549],[-6.095905,37.367492],[-6.095941,37.367407],[-6.095941,37.367349],[-6.095869,37.367292],[-6.095869,37.367264],[-6.095833,37.367264],[-6.095761,37.367292],[-6.095725,37.367264],[-6.095725,37.367207],[-6.095725,37.367121],[-6.095761,37.367035],[-6.095761,37.366892],[-6.095797,37.366835],[-6.095833,37.36675],[-6.095869,37.366721],[-6.095905,37.366664],[-6.095941,37.366635],[-6.096048,37.366635],[-6.09612,37.366607],[-6.096156,37.366464],[-6.096192,37.366378],[-6.09612,37.366293],[-6.09612,37.366236],[-6.096084,37.366207],[-6.096012,37.366179],[-6.095941,37.366121],[-6.095905,37.366093],[-6.095905,37.366036],[-6.095905,37.365921],[-6.095905,37.365864],[-6.095905,37.365807],[-6.095941,37.365779],[-6.095941,37.36575],[-6.095941,37.365722],[-6.095905,37.365664],[-6.095905,37.365636],[-6.095905,37.365522],[-6.095869,37.365493],[-6.095941,37.365407],[-6.096012,37.365322],[-6.096012,37.365265],[-6.096048,37.365236],[-6.096084,37.365179],[-6.096048,37.365036],[-6.096048,37.36495],[-6.096048,37.364865],[-6.096012,37.364808],[-6.095941,37.364779],[-6.095905,37.364751],[-6.095905,37.364722],[-6.095869,37.364693],[-6.095833,37.364693],[-6.095797,37.364665],[-6.095725,37.364579],[-6.095725,37.364522],[-6.095761,37.364465],[-6.095833,37.364351],[-6.095905,37.364294],[-6.095977,37.364265],[-6.096084,37.364179],[-6.096084,37.364151],[-6.096084,37.364122],[-6.096048,37.364065],[-6.096048,37.364037],[-6.096084,37.364008],[-6.09612,37.363979],[-6.09612,37.363865],[-6.096156,37.363837],[-6.096192,37.363751],[-6.096192,37.363665],[-6.09612,37.36358],[-6.096084,37.363551],[-6.09612,37.363494],[-6.096156,37.363437],[-6.096156,37.363408],[-6.096156,37.36338],[-6.09612,37.363237],[-6.096084,37.363151],[-6.096084,37.363037],[-6.096084,37.362894],[-6.09612,37.362866],[-6.09612,37.362809],[-6.09612,37.36278],[-6.09612,37.362694],[-6.09612,37.362637],[-6.09612,37.362609],[-6.09612,37.36258],[-6.096228,37.362494],[-6.096192,37.362437],[-6.096156,37.36238],[-6.09612,37.362323],[-6.096156,37.362237],[-6.096192,37.362152],[-6.096228,37.362095],[-6.096264,37.36198],[-6.096264,37.361895],[-6.096336,37.361838],[-6.096336,37.361809],[-6.096336,37.361695],[-6.096336,37.361638],[-6.096336,37.361552],[-6.096372,37.361466],[-6.096372,37.361238],[-6.096372,37.361152],[-6.096336,37.360981],[-6.096336,37.360924],[-6.096336,37.360895],[-6.096372,37.360866],[-6.096408,37.360838],[-6.09648,37.360781],[-6.096587,37.360752],[-6.096623,37.360752],[-6.096659,37.360838],[-6.096695,37.360866],[-6.096731,37.360866],[-6.096803,37.360752],[-6.096875,37.360695],[-6.096911,37.360667],[-6.096947,37.360667],[-6.096983,37.360638],[-6.097019,37.360609],[-6.097019,37.360552],[-6.097198,37.360495]]],[[[-6.095402,37.356354],[-6.095438,37.356411],[-6.095509,37.35644],[-6.095545,37.356468],[-6.095545,37.356497],[-6.095581,37.356582],[-6.095617,37.356639],[-6.095617,37.356668],[-6.095617,37.356725],[-6.095617,37.356754],[-6.095617,37.356782],[-6.095545,37.356811],[-6.095545,37.356868],[-6.095509,37.356925],[-6.095473,37.356954],[-6.095438,37.357011],[-6.095438,37.357039],[-6.095473,37.357096],[-6.095473,37.357211],[-6.095473,37.357268],[-6.095473,37.357296],[-6.095438,37.357325],[-6.095402,37.357439],[-6.095402,37.357468],[-6.095438,37.357525],[-6.095473,37.357553],[-6.095473,37.357725],[-6.095545,37.35781],[-6.095545,37.357868],[-6.095581,37.357925],[-6.095617,37.357982],[-6.095653,37.358096],[-6.095653,37.358153],[-6.095653,37.35821],[-6.095653,37.358267],[-6.095689,37.358296],[-6.095761,37.358325],[-6.095833,37.358353],[-6.095833,37.35841],[-6.095905,37.358439],[-6.095941,37.358582],[-6.096048,37.35861],[-6.096084,37.358667],[-6.09612,37.358696],[-6.096156,37.358753],[-6.096264,37.358839],[-6.096264,37.358896],[-6.096336,37.358981],[-6.096372,37.35901],[-6.096336,37.359096],[-6.096336,37.359181],[-6.096408,37.359296],[-6.096408,37.359381],[-6.096444,37.35941],[-6.09648,37.359438],[-6.096515,37.359438],[-6.096695,37.359353],[-6.096803,37.359353],[-6.096839,37.359353],[-6.096911,37.359438],[-6.096911,37.359467],[-6.096875,37.359524],[-6.096875,37.359553],[-6.096911,37.359553],[-6.096983,37.359581],[-6.097019,37.359581],[-6.097019,37.359638],[-6.097054,37.359667],[-6.097126,37.359724],[-6.097198,37.359753],[-6.097234,37.359838],[-6.097306,37.359895],[-6.097342,37.359895],[-6.097342,37.36001],[-6.097342,37.360067],[-6.097306,37.360152],[-6.097234,37.36021],[-6.097198,37.360267],[-6.097198,37.360295],[-6.097198,37.360381],[-6.097162,37.360381],[-6.096947,37.360467],[-6.096911,37.360467],[-6.096911,37.36041],[-6.096947,37.360324],[-6.096947,37.360295],[-6.096983,37.360295],[-6.096983,37.360267],[-6.096911,37.360238],[-6.096911,37.36021],[-6.096875,37.36001],[-6.096839,37.359924],[-6.096803,37.359867],[-6.096731,37.359838],[-6.096695,37.359781],[-6.096623,37.359753],[-6.096587,37.359724],[-6.096551,37.359696],[-6.096551,37.359667],[-6.096515,37.359638],[-6.096444,37.359581],[-6.096408,37.359553],[-6.096336,37.359438],[-6.0963,37.359381],[-6.096264,37.359324],[-6.096264,37.359296],[-6.096228,37.359267],[-6.096192,37.35921],[-6.096156,37.359181],[-6.09612,37.359067],[-6.096084,37.358981],[-6.096048,37.358896],[-6.096048,37.358867],[-6.096012,37.358839],[-6.095905,37.358753],[-6.095797,37.358667],[-6.095761,37.35861],[-6.095689,37.358582],[-6.095653,37.358553],[-6.095653,37.358525],[-6.095653,37.358496],[-6.095617,37.358467],[-6.095581,37.358439],[-6.095545,37.358353],[-6.095509,37.358267],[-6.095473,37.35821],[-6.095438,37.358153],[-6.095438,37.358125],[-6.095402,37.358068],[-6.09533,37.357925],[-6.09533,37.357868],[-6.095294,37.35781],[-6.095258,37.357753],[-6.095222,37.357696],[-6.095222,37.357639],[-6.095222,37.357553],[-6.095222,37.357468],[-6.095258,37.357125],[-6.095258,37.356982],[-6.095294,37.356839],[-6.095402,37.356811],[-6.095438,37.356782],[-6.095473,37.356754],[-6.095473,37.356697],[-6.095473,37.356639],[-6.095438,37.356582],[-6.095402,37.356554],[-6.09533,37.356525],[-6.095258,37.356468],[-6.095258,37.35644],[-6.09533,37.356354],[-6.095366,37.356354],[-6.095402,37.356354]]],[[[-6.092491,37.344328],[-6.092527,37.344357],[-6.092599,37.344385],[-6.092635,37.344414],[-6.092671,37.344471],[-6.092671,37.344528],[-6.092671,37.344585],[-6.092671,37.344614],[-6.092743,37.344671],[-6.092778,37.344757],[-6.092743,37.344785],[-6.092707,37.344842],[-6.092743,37.344871],[-6.092814,37.3449],[-6.09285,37.3449],[-6.09285,37.344928],[-6.092886,37.344985],[-6.092886,37.345014],[-6.092922,37.345042],[-6.09303,37.345042],[-6.093066,37.345071],[-6.093066,37.3451],[-6.093066,37.345157],[-6.093102,37.345185],[-6.093102,37.345214],[-6.093102,37.345328],[-6.093138,37.345442],[-6.093138,37.345499],[-6.093102,37.345528],[-6.09303,37.345585],[-6.092958,37.345642],[-6.09285,37.345728],[-6.092814,37.345757],[-6.092707,37.345814],[-6.092707,37.345871],[-6.092635,37.345871],[-6.092599,37.345899],[-6.092563,37.345928],[-6.092599,37.345985],[-6.092599,37.346014],[-6.092635,37.346014],[-6.092671,37.346014],[-6.092707,37.345985],[-6.092743,37.346014],[-6.092778,37.346014],[-6.092814,37.345985],[-6.09285,37.345957],[-6.092922,37.346014],[-6.09303,37.346014],[-6.093138,37.346071],[-6.093246,37.346071],[-6.093282,37.346099],[-6.093389,37.346156],[-6.093461,37.346214],[-6.093461,37.346299],[-6.093533,37.346356],[-6.093533,37.346414],[-6.093533,37.346642],[-6.093533,37.346728],[-6.093533,37.346814],[-6.093497,37.346956],[-6.093461,37.347128],[-6.093497,37.347242],[-6.093533,37.347442],[-6.093533,37.347499],[-6.093533,37.347728],[-6.093569,37.347756],[-6.093569,37.347785],[-6.093713,37.347899],[-6.093892,37.348013],[-6.093964,37.348042],[-6.094,37.348099],[-6.094072,37.348099],[-6.09418,37.348156],[-6.094216,37.348185],[-6.094252,37.348242],[-6.094288,37.34827],[-6.09436,37.348327],[-6.094395,37.348356],[-6.094395,37.348385],[-6.094503,37.348385],[-6.094575,37.348442],[-6.094647,37.34847],[-6.094647,37.348527],[-6.094683,37.34867],[-6.094719,37.348727],[-6.094719,37.348785],[-6.094719,37.348813],[-6.094683,37.34887],[-6.094683,37.349042],[-6.094647,37.349242],[-6.094683,37.34927],[-6.094719,37.349299],[-6.094791,37.349356],[-6.094863,37.349384],[-6.094899,37.349384],[-6.094934,37.349413],[-6.094934,37.34947],[-6.09497,37.349527],[-6.095006,37.349556],[-6.095006,37.349699],[-6.09497,37.349756],[-6.09497,37.349899],[-6.094934,37.349956],[-6.094899,37.350013],[-6.094863,37.35007],[-6.094863,37.35027],[-6.094863,37.350298],[-6.094899,37.350327],[-6.095006,37.350413],[-6.095042,37.350441],[-6.095042,37.350498],[-6.095078,37.350698],[-6.095042,37.350784],[-6.095042,37.350927],[-6.095042,37.350984],[-6.095078,37.351041],[-6.095078,37.35107],[-6.095078,37.35127],[-6.095114,37.35127],[-6.09515,37.351298],[-6.09515,37.351327],[-6.095186,37.351412],[-6.095186,37.351498],[-6.095186,37.351555],[-6.095186,37.351584],[-6.09515,37.351612],[-6.095114,37.35167],[-6.095114,37.351698],[-6.09515,37.351812],[-6.095186,37.351869],[-6.095222,37.351927],[-6.095186,37.351984],[-6.095114,37.352041],[-6.095006,37.352098],[-6.09497,37.352184],[-6.094863,37.352298],[-6.094755,37.352441],[-6.094719,37.352555],[-6.094683,37.352612],[-6.094647,37.352669],[-6.094647,37.352698],[-6.094611,37.352726],[-6.094575,37.352869],[-6.094575,37.352955],[-6.094611,37.353069],[-6.094647,37.353126],[-6.094683,37.353298],[-6.094719,37.353498],[-6.094683,37.353555],[-6.094647,37.35364],[-6.094611,37.353698],[-6.094539,37.353755],[-6.094539,37.353869],[-6.094539,37.354012],[-6.094539,37.354069],[-6.094575,37.354126],[-6.094611,37.354183],[-6.094647,37.354297],[-6.094647,37.354497],[-6.094611,37.354697],[-6.094647,37.35484],[-6.094647,37.354926],[-6.094647,37.35504],[-6.094647,37.35524],[-6.094539,37.355468],[-6.094539,37.355611],[-6.094503,37.355697],[-6.094539,37.355897],[-6.094575,37.355954],[-6.094611,37.355983],[-6.094683,37.35604],[-6.094827,37.356125],[-6.094934,37.356182],[-6.09497,37.356182],[-6.095006,37.356211],[-6.095078,37.35624],[-6.095222,37.356325],[-6.095258,37.356354],[-6.095186,37.35644],[-6.09515,37.35644],[-6.095078,37.35644],[-6.095042,37.356411],[-6.094934,37.356354],[-6.094827,37.356297],[-6.094719,37.356268],[-6.094719,37.35624],[-6.094467,37.356068],[-6.094431,37.356011],[-6.09436,37.355925],[-6.09436,37.355868],[-6.09436,37.355811],[-6.09436,37.355497],[-6.094395,37.355383],[-6.094431,37.355326],[-6.094467,37.355268],[-6.094503,37.355154],[-6.094539,37.355069],[-6.094539,37.355011],[-6.094539,37.354954],[-6.094539,37.354897],[-6.094503,37.354754],[-6.094467,37.354726],[-6.094467,37.354697],[-6.094467,37.354612],[-6.094467,37.354497],[-6.094503,37.354383],[-6.094503,37.354354],[-6.094503,37.354269],[-6.094431,37.354183],[-6.094395,37.354126],[-6.09436,37.353955],[-6.09436,37.353869],[-6.094395,37.353726],[-6.094467,37.35364],[-6.094503,37.353555],[-6.094539,37.353498],[-6.094539,37.35344],[-6.094467,37.353212],[-6.094431,37.353155],[-6.094395,37.353126],[-6.094395,37.353041],[-6.09436,37.352955],[-6.09436,37.352869],[-6.094395,37.352783],[-6.094467,37.352698],[-6.094503,37.352641],[-6.094539,37.352555],[-6.094575,37.352469],[-6.094575,37.352412],[-6.094611,37.352326],[-6.094611,37.352298],[-6.094647,37.352212],[-6.094683,37.352155],[-6.094791,37.352069],[-6.094827,37.351927],[-6.094827,37.351898],[-6.094899,37.351869],[-6.094934,37.351869],[-6.094934,37.35167],[-6.09497,37.351527],[-6.09497,37.351441],[-6.094899,37.351212],[-6.094899,37.351155],[-6.094863,37.351098],[-6.094863,37.35107],[-6.094863,37.351013],[-6.094899,37.350984],[-6.094934,37.350898],[-6.094934,37.350841],[-6.094934,37.350813],[-6.094899,37.350784],[-6.094899,37.350755],[-6.094899,37.35067],[-6.094899,37.350584],[-6.094899,37.350527],[-6.094863,37.350498],[-6.094791,37.350413],[-6.094719,37.350298],[-6.094647,37.350241],[-6.094611,37.350184],[-6.094575,37.350127],[-6.094539,37.35007],[-6.094539,37.349984],[-6.094575,37.349956],[-6.094611,37.349927],[-6.094719,37.349899],[-6.094755,37.34987],[-6.094791,37.349784],[-6.094791,37.349699],[-6.094827,37.349584],[-6.094827,37.349527],[-6.094791,37.349499],[-6.094611,37.349413],[-6.094539,37.349384],[-6.094503,37.349356],[-6.094467,37.34927],[-6.094467,37.349184],[-6.094467,37.349099],[-6.094467,37.348984],[-6.094503,37.348899],[-6.094503,37.348727],[-6.094503,37.34867],[-6.094503,37.348613],[-6.094467,37.348585],[-6.094395,37.348527],[-6.094324,37.348499],[-6.094288,37.348499],[-6.094216,37.348442],[-6.09418,37.348413],[-6.094144,37.348356],[-6.094108,37.348356],[-6.094036,37.348327],[-6.093964,37.348327],[-6.093892,37.348327],[-6.093821,37.348299],[-6.093821,37.34827],[-6.093785,37.348242],[-6.093749,37.348213],[-6.093713,37.348156],[-6.093605,37.34807],[-6.093569,37.348042],[-6.093533,37.347985],[-6.093461,37.347956],[-6.093353,37.347785],[-6.093317,37.347699],[-6.093317,37.347413],[-6.093246,37.347328],[-6.093246,37.347271],[-6.093246,37.347128],[-6.093282,37.347042],[-6.093282,37.346899],[-6.093317,37.346642],[-6.093282,37.346528],[-6.093282,37.346471],[-6.093246,37.346442],[-6.09321,37.346414],[-6.093138,37.346385],[-6.09303,37.346328],[-6.092958,37.346271],[-6.092922,37.346271],[-6.092886,37.346299],[-6.09285,37.346328],[-6.09285,37.346356],[-6.092707,37.346385],[-6.092635,37.346385],[-6.092527,37.346356],[-6.092491,37.346356],[-6.092419,37.346271],[-6.092383,37.346242],[-6.092311,37.346014],[-6.092347,37.345842],[-6.092383,37.345785],[-6.092383,37.345757],[-6.092527,37.345699],[-6.092563,37.345614],[-6.092635,37.345414],[-6.092671,37.3453],[-6.092671,37.345242],[-6.092635,37.345185],[-6.092635,37.345071],[-6.092527,37.344985],[-6.092527,37.344871],[-6.092455,37.344785],[-6.092419,37.3447],[-6.092419,37.344585],[-6.092419,37.344557],[-6.092383,37.344528],[-6.092311,37.344528],[-6.09224,37.344528],[-6.092168,37.344557],[-6.09206,37.344557],[-6.092024,37.344585],[-6.091952,37.344642],[-6.09188,37.344671],[-6.091629,37.344728],[-6.091593,37.344728],[-6.091557,37.344757],[-6.091521,37.344785],[-6.091449,37.344785],[-6.091413,37.344757],[-6.091413,37.344728],[-6.091449,37.3447],[-6.091844,37.344585],[-6.092132,37.344443],[-6.092491,37.344328]]],[[[-6.092204,37.338986],[-6.09224,37.339043],[-6.092275,37.339186],[-6.092275,37.339329],[-6.092275,37.339415],[-6.092311,37.339472],[-6.092311,37.339557],[-6.092419,37.339872],[-6.092383,37.340015],[-6.092383,37.3401],[-6.092347,37.340186],[-6.092347,37.340243],[-6.092311,37.340272],[-6.092311,37.340329],[-6.092311,37.340386],[-6.092347,37.340415],[-6.092383,37.340443],[-6.092383,37.340529],[-6.092419,37.340615],[-6.092455,37.340672],[-6.092491,37.340843],[-6.092455,37.340986],[-6.092455,37.341014],[-6.092419,37.341043],[-6.092347,37.3411],[-6.092311,37.341214],[-6.092311,37.341329],[-6.092311,37.341443],[-6.092275,37.341472],[-6.092275,37.341557],[-6.092275,37.341586],[-6.09224,37.341643],[-6.092275,37.3417],[-6.092275,37.341814],[-6.09224,37.341843],[-6.092275,37.3419],[-6.09224,37.341957],[-6.092204,37.342129],[-6.09224,37.342157],[-6.092275,37.342214],[-6.092311,37.342243],[-6.092311,37.342357],[-6.092347,37.342414],[-6.092347,37.342586],[-6.092347,37.342614],[-6.092311,37.342671],[-6.092311,37.3427],[-6.092311,37.342786],[-6.092275,37.342843],[-6.09224,37.342928],[-6.092204,37.343014],[-6.092204,37.343186],[-6.09224,37.343243],[-6.092275,37.343271],[-6.09224,37.343328],[-6.09224,37.343357],[-6.09224,37.343386],[-6.092275,37.343614],[-6.092347,37.343671],[-6.092347,37.343757],[-6.092419,37.343814],[-6.092491,37.343871],[-6.092491,37.3439],[-6.092491,37.343957],[-6.092491,37.343985],[-6.092527,37.343985],[-6.092563,37.344014],[-6.092599,37.343985],[-6.092635,37.343985],[-6.092707,37.343985],[-6.092814,37.343928],[-6.09285,37.343957],[-6.092922,37.344014],[-6.092922,37.344071],[-6.092922,37.3441],[-6.092886,37.344157],[-6.092814,37.344185],[-6.092132,37.344385],[-6.091808,37.344528],[-6.091736,37.344557],[-6.091736,37.344528],[-6.091808,37.344443],[-6.091772,37.344385],[-6.091772,37.344328],[-6.091808,37.3443],[-6.091808,37.344271],[-6.09188,37.344243],[-6.091916,37.344214],[-6.091916,37.344043],[-6.091916,37.343985],[-6.091952,37.343957],[-6.091988,37.343871],[-6.091988,37.343785],[-6.09206,37.343728],[-6.09206,37.343643],[-6.092096,37.343528],[-6.09206,37.3435],[-6.09206,37.343443],[-6.09206,37.343414],[-6.09206,37.343386],[-6.09206,37.343357],[-6.092024,37.343357],[-6.092024,37.3433],[-6.091988,37.342928],[-6.091988,37.342871],[-6.09206,37.342671],[-6.09206,37.342443],[-6.09206,37.342357],[-6.09206,37.3423],[-6.092096,37.342271],[-6.092096,37.342243],[-6.09206,37.342186],[-6.092024,37.342129],[-6.092024,37.3419],[-6.092024,37.341786],[-6.092024,37.3417],[-6.09206,37.341586],[-6.09206,37.341414],[-6.092096,37.341357],[-6.092132,37.341214],[-6.092132,37.341157],[-6.092168,37.341072],[-6.09224,37.340929],[-6.09224,37.340872],[-6.092204,37.340643],[-6.092204,37.340615],[-6.092132,37.340586],[-6.092096,37.340557],[-6.092096,37.340443],[-6.09206,37.340357],[-6.09206,37.340272],[-6.092096,37.340157],[-6.092096,37.340072],[-6.092168,37.339986],[-6.092168,37.339929],[-6.092132,37.339786],[-6.092096,37.339729],[-6.09206,37.339615],[-6.09206,37.339415],[-6.092024,37.339329],[-6.09206,37.339272],[-6.09206,37.339158],[-6.092096,37.339129],[-6.092204,37.338986]]],[[[-6.090407,37.316299],[-6.090443,37.316328],[-6.090479,37.316414],[-6.090515,37.316442],[-6.090551,37.316499],[-6.090658,37.316528],[-6.090838,37.316556],[-6.09091,37.316614],[-6.091054,37.316614],[-6.091126,37.316642],[-6.091162,37.316699],[-6.091305,37.316756],[-6.091377,37.316814],[-6.091413,37.316956],[-6.091449,37.317071],[-6.091413,37.317214],[-6.091377,37.317414],[-6.091413,37.317757],[-6.091413,37.317814],[-6.091485,37.317871],[-6.091485,37.317928],[-6.091521,37.318014],[-6.091557,37.3181],[-6.091557,37.318185],[-6.091593,37.318385],[-6.091557,37.318442],[-6.091521,37.318528],[-6.091485,37.318614],[-6.091485,37.318728],[-6.091485,37.318757],[-6.091449,37.318785],[-6.091413,37.318871],[-6.091377,37.318985],[-6.091377,37.319271],[-6.091377,37.319414],[-6.091413,37.320128],[-6.091449,37.320157],[-6.091449,37.320243],[-6.091485,37.320328],[-6.091557,37.320414],[-6.091593,37.3205],[-6.091593,37.320614],[-6.091593,37.320729],[-6.091629,37.320929],[-6.091665,37.320957],[-6.091736,37.321043],[-6.091736,37.321129],[-6.091772,37.321243],[-6.091808,37.321271],[-6.091844,37.321329],[-6.091916,37.321557],[-6.091916,37.321614],[-6.091916,37.321786],[-6.091916,37.321986],[-6.09188,37.322043],[-6.091844,37.3221],[-6.091844,37.322129],[-6.091844,37.322386],[-6.091844,37.322472],[-6.091808,37.322529],[-6.091736,37.322586],[-6.091736,37.322615],[-6.091665,37.322757],[-6.091701,37.322843],[-6.091736,37.322986],[-6.091772,37.323043],[-6.091844,37.323072],[-6.09188,37.3231],[-6.091916,37.3231],[-6.091988,37.3231],[-6.092024,37.323043],[-6.092204,37.322986],[-6.092311,37.322986],[-6.092419,37.322986],[-6.092491,37.322986],[-6.092527,37.323015],[-6.092599,37.323072],[-6.092635,37.323129],[-6.092671,37.323129],[-6.092707,37.323157],[-6.092778,37.323215],[-6.092814,37.323272],[-6.09285,37.323329],[-6.092886,37.323415],[-6.092922,37.323472],[-6.092922,37.3235],[-6.092958,37.323586],[-6.09303,37.3237],[-6.093066,37.323757],[-6.093066,37.323815],[-6.093102,37.323843],[-6.093138,37.323958],[-6.09321,37.324015],[-6.093246,37.324043],[-6.093389,37.324158],[-6.093425,37.324215],[-6.093497,37.324272],[-6.093569,37.324329],[-6.093605,37.324358],[-6.093677,37.324415],[-6.093713,37.324472],[-6.093749,37.3245],[-6.093856,37.324586],[-6.093892,37.324643],[-6.093928,37.324672],[-6.094,37.324758],[-6.094036,37.324843],[-6.094036,37.324958],[-6.094,37.325129],[-6.093964,37.325158],[-6.093964,37.325215],[-6.093892,37.325243],[-6.093892,37.3253],[-6.093785,37.325329],[-6.093749,37.325415],[-6.093605,37.325529],[-6.093605,37.325558],[-6.093569,37.325615],[-6.093533,37.325701],[-6.093497,37.325758],[-6.093497,37.325901],[-6.093461,37.326158],[-6.093389,37.326329],[-6.093353,37.326415],[-6.093317,37.326501],[-6.093353,37.326672],[-6.093317,37.326843],[-6.093282,37.326901],[-6.093282,37.326929],[-6.093282,37.327043],[-6.093282,37.327186],[-6.093246,37.327501],[-6.093138,37.327815],[-6.093138,37.327872],[-6.093102,37.327929],[-6.093066,37.327986],[-6.093066,37.328072],[-6.09303,37.328158],[-6.092994,37.328215],[-6.092958,37.328358],[-6.092958,37.328386],[-6.092922,37.328444],[-6.092886,37.328472],[-6.092886,37.328501],[-6.092958,37.328586],[-6.092922,37.328615],[-6.092922,37.328672],[-6.092922,37.328729],[-6.092958,37.328786],[-6.092958,37.328872],[-6.092922,37.328929],[-6.092958,37.329072],[-6.09303,37.329158],[-6.093066,37.329244],[-6.093102,37.329301],[-6.09321,37.329386],[-6.093246,37.329472],[-6.093246,37.329501],[-6.093317,37.329558],[-6.093353,37.329615],[-6.093425,37.329672],[-6.093461,37.329901],[-6.093461,37.330015],[-6.093461,37.330101],[-6.093425,37.330186],[-6.093389,37.330272],[-6.093353,37.330301],[-6.093317,37.330358],[-6.093246,37.330444],[-6.093138,37.330501],[-6.093066,37.330586],[-6.093066,37.330615],[-6.093066,37.330644],[-6.093066,37.330786],[-6.09303,37.330929],[-6.092994,37.331044],[-6.092958,37.331301],[-6.092922,37.331558],[-6.092886,37.331615],[-6.092778,37.331758],[-6.092599,37.331901],[-6.092563,37.331929],[-6.092563,37.332072],[-6.092527,37.332186],[-6.092527,37.332244],[-6.092455,37.332329],[-6.092455,37.332358],[-6.092455,37.332386],[-6.092527,37.332529],[-6.092563,37.332586],[-6.092635,37.332672],[-6.092707,37.332729],[-6.092743,37.332786],[-6.092814,37.332844],[-6.09285,37.332872],[-6.092886,37.332958],[-6.092886,37.333101],[-6.092886,37.333186],[-6.092886,37.333329],[-6.092886,37.333358],[-6.092886,37.333472],[-6.092922,37.333529],[-6.092922,37.333615],[-6.092958,37.333644],[-6.092958,37.333758],[-6.092994,37.333786],[-6.092958,37.333815],[-6.092922,37.333815],[-6.092922,37.333901],[-6.092922,37.333929],[-6.092886,37.333958],[-6.092814,37.333986],[-6.092778,37.334015],[-6.092778,37.334044],[-6.092743,37.334444],[-6.092743,37.334644],[-6.092778,37.334729],[-6.092814,37.334786],[-6.092886,37.334872],[-6.092886,37.334986],[-6.092886,37.335044],[-6.092886,37.335072],[-6.092922,37.335101],[-6.092958,37.335129],[-6.092994,37.335244],[-6.093066,37.335329],[-6.093066,37.335358],[-6.093102,37.335386],[-6.093174,37.335558],[-6.09321,37.335644],[-6.093282,37.335758],[-6.093353,37.335872],[-6.093389,37.336043],[-6.093425,37.336158],[-6.093461,37.336443],[-6.093461,37.336472],[-6.093497,37.336501],[-6.093461,37.336501],[-6.093425,37.336529],[-6.093353,37.336643],[-6.093282,37.336701],[-6.09321,37.336815],[-6.092994,37.337072],[-6.092994,37.337101],[-6.092958,37.337129],[-6.092922,37.337129],[-6.092886,37.337158],[-6.092814,37.337215],[-6.092778,37.337272],[-6.092671,37.337386],[-6.092671,37.337443],[-6.092563,37.337501],[-6.092491,37.337558],[-6.092455,37.337586],[-6.092419,37.337672],[-6.092347,37.337729],[-6.092275,37.337786],[-6.09224,37.337815],[-6.092132,37.337929],[-6.092096,37.337986],[-6.092096,37.338015],[-6.09206,37.338072],[-6.092024,37.338215],[-6.09206,37.338272],[-6.09206,37.338358],[-6.092024,37.338386],[-6.091988,37.338472],[-6.091988,37.3385],[-6.091988,37.338529],[-6.092024,37.338586],[-6.09206,37.338615],[-6.092096,37.338786],[-6.092096,37.338815],[-6.092168,37.338843],[-6.092204,37.338929],[-6.092024,37.339072],[-6.091988,37.3391],[-6.091952,37.339072],[-6.091916,37.339015],[-6.09188,37.338843],[-6.09188,37.338729],[-6.091844,37.338586],[-6.091808,37.338558],[-6.091808,37.3385],[-6.091808,37.338443],[-6.091844,37.338158],[-6.09188,37.3381],[-6.091916,37.3381],[-6.091952,37.338015],[-6.091952,37.337958],[-6.092024,37.337872],[-6.09206,37.337815],[-6.092096,37.337786],[-6.092168,37.337729],[-6.092204,37.337672],[-6.092275,37.337615],[-6.092347,37.337529],[-6.092383,37.337472],[-6.092455,37.337386],[-6.092491,37.337358],[-6.092563,37.337301],[-6.092671,37.337186],[-6.092707,37.337129],[-6.092707,37.337101],[-6.092743,37.337072],[-6.092814,37.337043],[-6.092886,37.336958],[-6.092994,37.336843],[-6.093174,37.336586],[-6.09321,37.336558],[-6.093246,37.336501],[-6.093282,37.336472],[-6.093246,37.336186],[-6.09321,37.335986],[-6.093174,37.335929],[-6.093138,37.335872],[-6.093102,37.335786],[-6.09303,37.335729],[-6.092994,37.335672],[-6.092958,37.335615],[-6.092922,37.335529],[-6.092922,37.335501],[-6.09285,37.335358],[-6.092814,37.335301],[-6.092814,37.335244],[-6.092778,37.335186],[-6.092778,37.335101],[-6.092778,37.335015],[-6.092707,37.334901],[-6.092599,37.334844],[-6.092599,37.334786],[-6.092563,37.334758],[-6.092563,37.334644],[-6.092527,37.334586],[-6.092563,37.334529],[-6.092563,37.334329],[-6.092563,37.334272],[-6.092599,37.334186],[-6.092635,37.334101],[-6.092635,37.334015],[-6.092671,37.333958],[-6.092707,37.333901],[-6.092743,37.333844],[-6.092743,37.333786],[-6.092707,37.333672],[-6.092707,37.333586],[-6.092671,37.333501],[-6.092671,37.333444],[-6.092671,37.333386],[-6.092707,37.333272],[-6.092707,37.333015],[-6.092635,37.332929],[-6.092599,37.332872],[-6.092527,37.332786],[-6.092491,37.332729],[-6.092383,37.332644],[-6.092347,37.332529],[-6.09224,37.332472],[-6.09224,37.332444],[-6.09224,37.332386],[-6.09224,37.332358],[-6.092275,37.332272],[-6.092311,37.332215],[-6.092347,37.332158],[-6.092347,37.332101],[-6.092347,37.331929],[-6.092347,37.331901],[-6.092383,37.331901],[-6.092455,37.331844],[-6.092527,37.331815],[-6.092563,37.331758],[-6.092599,37.331729],[-6.092599,37.331644],[-6.092671,37.331586],[-6.092671,37.331558],[-6.092671,37.331358],[-6.092707,37.331329],[-6.092743,37.331272],[-6.092778,37.331129],[-6.092814,37.331044],[-6.092814,37.330672],[-6.09285,37.330615],[-6.09285,37.330558],[-6.092922,37.330529],[-6.092958,37.330444],[-6.093174,37.330272],[-6.09321,37.330244],[-6.09321,37.330215],[-6.093246,37.329958],[-6.093246,37.329901],[-6.093174,37.329844],[-6.093174,37.329729],[-6.093102,37.329586],[-6.092994,37.329472],[-6.092958,37.329386],[-6.092958,37.329358],[-6.092886,37.329272],[-6.092814,37.329215],[-6.092778,37.329158],[-6.092743,37.329101],[-6.092743,37.329072],[-6.092743,37.328901],[-6.092743,37.328786],[-6.092743,37.328501],[-6.092743,37.328386],[-6.092743,37.328301],[-6.092778,37.328158],[-6.092814,37.328072],[-6.09285,37.328015],[-6.092886,37.327958],[-6.092922,37.327901],[-6.092922,37.327815],[-6.092958,37.327672],[-6.092994,37.327644],[-6.09303,37.327586],[-6.093066,37.327558],[-6.093066,37.327415],[-6.093066,37.327243],[-6.093066,37.327043],[-6.093102,37.326929],[-6.093102,37.326472],[-6.093138,37.326272],[-6.093174,37.326243],[-6.09321,37.326101],[-6.09321,37.325929],[-6.093246,37.325701],[-6.093282,37.325672],[-6.093317,37.325615],[-6.093353,37.325529],[-6.093353,37.325501],[-6.093425,37.325443],[-6.093461,37.325386],[-6.093605,37.325272],[-6.093713,37.325158],[-6.093785,37.3251],[-6.093821,37.325015],[-6.093856,37.324929],[-6.093856,37.324872],[-6.093856,37.324843],[-6.093821,37.324786],[-6.093785,37.324758],[-6.093749,37.3247],[-6.093641,37.324615],[-6.093497,37.3245],[-6.093461,37.324443],[-6.093353,37.324386],[-6.093317,37.324329],[-6.093246,37.324272],[-6.093138,37.324215],[-6.093138,37.324186],[-6.093066,37.324158],[-6.09303,37.324129],[-6.092994,37.324043],[-6.092958,37.323929],[-6.092886,37.323872],[-6.09285,37.323815],[-6.092778,37.323786],[-6.092778,37.323757],[-6.092743,37.323672],[-6.092707,37.323615],[-6.092707,37.323557],[-6.092635,37.323472],[-6.092599,37.323386],[-6.092527,37.323243],[-6.092455,37.323215],[-6.092383,37.323186],[-6.092275,37.323186],[-6.092204,37.323243],[-6.092168,37.323243],[-6.092096,37.323215],[-6.091952,37.323243],[-6.09188,37.323243],[-6.091772,37.323215],[-6.091701,37.323215],[-6.091665,37.323186],[-6.091629,37.323129],[-6.091557,37.323072],[-6.091485,37.322929],[-6.091449,37.322843],[-6.091449,37.322757],[-6.091449,37.322557],[-6.091485,37.322472],[-6.091557,37.322357],[-6.091557,37.322243],[-6.091593,37.322214],[-6.091629,37.322157],[-6.091629,37.321986],[-6.091665,37.3219],[-6.091665,37.321843],[-6.091701,37.321786],[-6.091701,37.321729],[-6.091665,37.321414],[-6.091629,37.321357],[-6.091557,37.321271],[-6.091521,37.321186],[-6.091449,37.3211],[-6.091413,37.320957],[-6.091341,37.320614],[-6.091233,37.320157],[-6.091197,37.319986],[-6.091162,37.319814],[-6.091126,37.319157],[-6.091162,37.318985],[-6.091162,37.318928],[-6.091197,37.318871],[-6.091233,37.318843],[-6.091233,37.318785],[-6.091269,37.3187],[-6.091305,37.318671],[-6.091341,37.318643],[-6.091377,37.318357],[-6.091377,37.318157],[-6.091341,37.3181],[-6.091305,37.318014],[-6.091233,37.3179],[-6.091233,37.317842],[-6.091197,37.317728],[-6.091126,37.317528],[-6.091126,37.317471],[-6.091162,37.317385],[-6.091162,37.317299],[-6.091162,37.317128],[-6.091162,37.317099],[-6.091197,37.317014],[-6.091197,37.316985],[-6.091162,37.316928],[-6.091162,37.316871],[-6.091126,37.316871],[-6.09109,37.316842],[-6.091018,37.316814],[-6.090982,37.316785],[-6.090838,37.316728],[-6.090766,37.316671],[-6.09073,37.316671],[-6.090407,37.316671],[-6.090299,37.316642],[-6.090227,37.316614],[-6.090155,37.316528],[-6.090155,37.316442],[-6.090155,37.316414],[-6.090227,37.316356],[-6.090371,37.316299],[-6.090407,37.316299]]],[[[-6.069315,37.292948],[-6.069422,37.293034],[-6.069422,37.293062],[-6.069494,37.293091],[-6.069638,37.293205],[-6.069674,37.293205],[-6.069818,37.293205],[-6.069853,37.293177],[-6.069925,37.293148],[-6.069961,37.293177],[-6.070033,37.293205],[-6.070069,37.293234],[-6.070141,37.293291],[-6.070177,37.29332],[-6.070285,37.29332],[-6.070357,37.29332],[-6.070464,37.29332],[-6.070536,37.293291],[-6.070572,37.293348],[-6.070608,37.293348],[-6.07068,37.293348],[-6.07068,37.293291],[-6.070716,37.293262],[-6.070752,37.293291],[-6.070752,37.29332],[-6.070788,37.29332],[-6.070824,37.29332],[-6.07086,37.29332],[-6.070824,37.293262],[-6.070824,37.293234],[-6.07086,37.293205],[-6.070896,37.293205],[-6.070931,37.293234],[-6.070931,37.29332],[-6.070967,37.293348],[-6.071039,37.293377],[-6.071183,37.293377],[-6.071219,37.293377],[-6.071219,37.293405],[-6.071219,37.293434],[-6.071183,37.293548],[-6.071183,37.293577],[-6.071111,37.293663],[-6.071075,37.293777],[-6.071039,37.293891],[-6.071039,37.29392],[-6.071111,37.294006],[-6.071183,37.294034],[-6.071219,37.294063],[-6.071291,37.294149],[-6.071291,37.294234],[-6.071327,37.294292],[-6.071327,37.29432],[-6.071363,37.294349],[-6.071435,37.294349],[-6.07147,37.294349],[-6.071578,37.294234],[-6.071614,37.294206],[-6.07165,37.294206],[-6.071686,37.294234],[-6.071722,37.294263],[-6.071722,37.294292],[-6.071722,37.294349],[-6.071686,37.294406],[-6.071686,37.294463],[-6.071758,37.29452],[-6.071866,37.294606],[-6.071794,37.294692],[-6.071794,37.29472],[-6.071794,37.294749],[-6.07183,37.294749],[-6.071938,37.294749],[-6.071974,37.294749],[-6.071974,37.294777],[-6.071974,37.294806],[-6.071974,37.294863],[-6.071974,37.294892],[-6.072045,37.294892],[-6.072081,37.29492],[-6.072117,37.294978],[-6.072153,37.295035],[-6.072369,37.295035],[-6.072405,37.295035],[-6.072441,37.295063],[-6.072441,37.295092],[-6.072441,37.295235],[-6.072441,37.295292],[-6.072513,37.295321],[-6.072584,37.295349],[-6.07262,37.295378],[-6.072656,37.295464],[-6.072692,37.295492],[-6.072728,37.295521],[-6.072836,37.295635],[-6.072872,37.295749],[-6.072908,37.295749],[-6.07298,37.295749],[-6.073016,37.295778],[-6.073016,37.295807],[-6.073016,37.295864],[-6.073016,37.295892],[-6.073087,37.295949],[-6.073123,37.296007],[-6.073195,37.296035],[-6.073231,37.296035],[-6.073231,37.296064],[-6.073195,37.296178],[-6.073231,37.296264],[-6.073267,37.296292],[-6.073375,37.296321],[-6.073411,37.29635],[-6.073411,37.296464],[-6.073411,37.296521],[-6.073447,37.296521],[-6.073555,37.296464],[-6.07359,37.296464],[-6.07359,37.296493],[-6.073555,37.296607],[-6.07359,37.296635],[-6.073626,37.296664],[-6.073662,37.296664],[-6.073698,37.296693],[-6.073806,37.296721],[-6.073842,37.296836],[-6.073842,37.296893],[-6.073842,37.29695],[-6.073806,37.296979],[-6.073734,37.296979],[-6.073698,37.297007],[-6.073734,37.297036],[-6.073806,37.297121],[-6.073842,37.29715],[-6.073878,37.297179],[-6.074022,37.297179],[-6.074201,37.29715],[-6.074237,37.29715],[-6.074273,37.297179],[-6.074237,37.297207],[-6.074165,37.297264],[-6.074058,37.297293],[-6.074058,37.297322],[-6.074165,37.297407],[-6.074201,37.297464],[-6.074309,37.297522],[-6.074453,37.297636],[-6.074489,37.297693],[-6.074561,37.297722],[-6.074668,37.297865],[-6.07474,37.297922],[-6.074776,37.29795],[-6.074884,37.298093],[-6.075064,37.298265],[-6.075172,37.298351],[-6.075315,37.298465],[-6.075423,37.298522],[-6.075675,37.298636],[-6.075962,37.298808],[-6.075998,37.298865],[-6.076106,37.298894],[-6.076142,37.298894],[-6.076178,37.298894],[-6.076285,37.298836],[-6.076321,37.298836],[-6.076357,37.298779],[-6.076393,37.298751],[-6.076465,37.298751],[-6.076501,37.298751],[-6.076501,37.298779],[-6.076501,37.298808],[-6.076429,37.298894],[-6.076429,37.298922],[-6.076465,37.298951],[-6.076717,37.299122],[-6.076788,37.299151],[-6.07686,37.299179],[-6.076896,37.299265],[-6.076968,37.299294],[-6.07704,37.299322],[-6.077256,37.299494],[-6.077327,37.299522],[-6.077507,37.299637],[-6.077543,37.299665],[-6.077687,37.299751],[-6.077759,37.299808],[-6.077795,37.299808],[-6.078405,37.300266],[-6.078513,37.30038],[-6.078549,37.300409],[-6.078621,37.300437],[-6.078657,37.300494],[-6.078729,37.300551],[-6.078801,37.300609],[-6.079052,37.300809],[-6.07916,37.300894],[-6.079304,37.301009],[-6.07934,37.301037],[-6.079412,37.301066],[-6.079483,37.301123],[-6.079519,37.301152],[-6.079627,37.301237],[-6.079663,37.301237],[-6.079843,37.301352],[-6.079879,37.30138],[-6.079986,37.301438],[-6.080094,37.301495],[-6.080166,37.30158],[-6.080274,37.301609],[-6.080418,37.301723],[-6.08049,37.301752],[-6.080525,37.301781],[-6.080597,37.301866],[-6.080957,37.302095],[-6.081603,37.302609],[-6.081711,37.302638],[-6.081747,37.302695],[-6.081819,37.302695],[-6.081855,37.302724],[-6.081891,37.302781],[-6.081927,37.30281],[-6.081999,37.302867],[-6.082107,37.302895],[-6.082178,37.302952],[-6.082286,37.303038],[-6.082358,37.303124],[-6.082466,37.30321],[-6.082646,37.303295],[-6.082789,37.30341],[-6.083005,37.303496],[-6.083077,37.303553],[-6.083149,37.303581],[-6.08322,37.30361],[-6.083256,37.303638],[-6.0834,37.303781],[-6.083436,37.303838],[-6.083472,37.303867],[-6.08358,37.303924],[-6.083616,37.303981],[-6.083831,37.304124],[-6.083867,37.304153],[-6.083975,37.304296],[-6.084047,37.304353],[-6.084155,37.304496],[-6.084191,37.304524],[-6.084262,37.304667],[-6.084334,37.304725],[-6.08437,37.30481],[-6.084406,37.304839],[-6.084478,37.304925],[-6.08455,37.305096],[-6.084622,37.305182],[-6.084658,37.305268],[-6.08473,37.305325],[-6.084801,37.30541],[-6.084873,37.305439],[-6.084909,37.305525],[-6.084909,37.305582],[-6.084945,37.305639],[-6.085053,37.305753],[-6.085125,37.305782],[-6.085161,37.305868],[-6.085233,37.305896],[-6.085305,37.305954],[-6.085376,37.306011],[-6.085448,37.306096],[-6.085556,37.306154],[-6.085844,37.306354],[-6.085987,37.306439],[-6.086167,37.306554],[-6.086203,37.306582],[-6.086239,37.306639],[-6.086347,37.306754],[-6.086418,37.306868],[-6.086454,37.306982],[-6.086454,37.307211],[-6.086418,37.307268],[-6.086454,37.307354],[-6.086454,37.307411],[-6.086454,37.30744],[-6.086418,37.307497],[-6.086418,37.307554],[-6.08649,37.307668],[-6.086526,37.307811],[-6.086562,37.307868],[-6.086598,37.307954],[-6.086634,37.308011],[-6.086742,37.308154],[-6.086814,37.30824],[-6.086886,37.308354],[-6.086921,37.308411],[-6.086993,37.308526],[-6.087029,37.308554],[-6.087209,37.308726],[-6.087245,37.308783],[-6.087389,37.308869],[-6.087604,37.30904],[-6.087712,37.309126],[-6.08782,37.309212],[-6.087928,37.309326],[-6.087964,37.309383],[-6.088035,37.309469],[-6.088071,37.309555],[-6.088143,37.309612],[-6.088215,37.309726],[-6.088251,37.309812],[-6.088287,37.309869],[-6.088251,37.309898],[-6.088251,37.309955],[-6.088215,37.310069],[-6.088107,37.310183],[-6.088071,37.310269],[-6.088071,37.310298],[-6.088107,37.310441],[-6.088143,37.310498],[-6.088143,37.310555],[-6.088179,37.310612],[-6.088215,37.310698],[-6.088251,37.310726],[-6.088323,37.310755],[-6.088359,37.310841],[-6.088395,37.310898],[-6.088395,37.310926],[-6.088359,37.310926],[-6.088359,37.310955],[-6.088395,37.311012],[-6.088431,37.311184],[-6.088467,37.311384],[-6.088574,37.312012],[-6.08861,37.312098],[-6.088646,37.312155],[-6.088718,37.312241],[-6.08879,37.312298],[-6.088826,37.312384],[-6.088934,37.312441],[-6.08897,37.312498],[-6.089006,37.312527],[-6.089042,37.312584],[-6.089149,37.312641],[-6.089185,37.312727],[-6.089293,37.312784],[-6.089329,37.312841],[-6.089401,37.312927],[-6.089437,37.313013],[-6.089473,37.31307],[-6.089545,37.313127],[-6.08958,37.313184],[-6.089616,37.313356],[-6.089688,37.313413],[-6.089688,37.31347],[-6.089724,37.313584],[-6.089724,37.31367],[-6.08976,37.313727],[-6.08976,37.313784],[-6.08976,37.313813],[-6.08976,37.313842],[-6.089796,37.313842],[-6.089832,37.313842],[-6.090191,37.313699],[-6.090263,37.31367],[-6.090371,37.31367],[-6.090443,37.313699],[-6.090479,37.313699],[-6.090515,37.313756],[-6.090551,37.313756],[-6.090587,37.313784],[-6.090658,37.313784],[-6.090694,37.313813],[-6.09073,37.31387],[-6.090694,37.313927],[-6.090694,37.313956],[-6.09073,37.313984],[-6.09073,37.314013],[-6.09073,37.314042],[-6.090694,37.314013],[-6.090623,37.314042],[-6.090587,37.314099],[-6.090551,37.314156],[-6.090551,37.314184],[-6.090443,37.314242],[-6.090407,37.314242],[-6.090299,37.314213],[-6.090263,37.314213],[-6.090227,37.314242],[-6.090227,37.31427],[-6.090227,37.314442],[-6.090227,37.314499],[-6.090227,37.314527],[-6.090155,37.314499],[-6.090119,37.314499],[-6.090048,37.314527],[-6.090012,37.314585],[-6.090012,37.314756],[-6.090012,37.314985],[-6.090012,37.31527],[-6.090048,37.315299],[-6.090119,37.315356],[-6.090155,37.315385],[-6.090191,37.315442],[-6.090191,37.315528],[-6.090227,37.315585],[-6.090227,37.315756],[-6.090191,37.315813],[-6.090227,37.315985],[-6.090263,37.316128],[-6.090299,37.316185],[-6.090335,37.316213],[-6.090299,37.316242],[-6.090191,37.316299],[-6.090155,37.316299],[-6.090119,37.316299],[-6.090084,37.316271],[-6.090084,37.316242],[-6.090048,37.316099],[-6.090048,37.316042],[-6.090012,37.315928],[-6.090012,37.315871],[-6.089976,37.315813],[-6.08994,37.315642],[-6.089904,37.315585],[-6.089904,37.315499],[-6.089796,37.315385],[-6.08976,37.315299],[-6.089724,37.315213],[-6.089688,37.31487],[-6.08976,37.31467],[-6.089724,37.314585],[-6.08976,37.314527],[-6.089724,37.31447],[-6.089688,37.314413],[-6.089652,37.314327],[-6.089652,37.314213],[-6.089652,37.314127],[-6.089652,37.314013],[-6.08958,37.313756],[-6.08958,37.313527],[-6.089545,37.313441],[-6.089509,37.313384],[-6.089401,37.313327],[-6.089365,37.313184],[-6.089329,37.313127],[-6.089293,37.31307],[-6.089221,37.312984],[-6.089185,37.312898],[-6.089149,37.312898],[-6.089113,37.31287],[-6.089077,37.312841],[-6.089006,37.312756],[-6.088934,37.31267],[-6.088898,37.312584],[-6.088862,37.312584],[-6.08879,37.312555],[-6.088754,37.312498],[-6.088718,37.312441],[-6.088646,37.312355],[-6.088574,37.312298],[-6.088574,37.31227],[-6.088503,37.312184],[-6.088503,37.312127],[-6.088467,37.312098],[-6.088431,37.312098],[-6.088287,37.312098],[-6.088251,37.31207],[-6.088215,37.312041],[-6.088143,37.311984],[-6.087999,37.312012],[-6.087856,37.312012],[-6.087748,37.311984],[-6.087748,37.311927],[-6.087676,37.311898],[-6.08764,37.311841],[-6.087568,37.311784],[-6.087317,37.311441],[-6.087317,37.311384],[-6.087353,37.311355],[-6.087353,37.311269],[-6.087353,37.311241],[-6.087389,37.311184],[-6.087389,37.311155],[-6.087317,37.311069],[-6.087317,37.311012],[-6.087317,37.310955],[-6.087353,37.310926],[-6.087353,37.310898],[-6.087317,37.310841],[-6.087245,37.310812],[-6.087245,37.310784],[-6.087317,37.310784],[-6.087353,37.310755],[-6.087389,37.310726],[-6.087389,37.310698],[-6.087425,37.310526],[-6.087389,37.310526],[-6.087353,37.310498],[-6.087353,37.310469],[-6.087425,37.310412],[-6.087425,37.310241],[-6.087389,37.310183],[-6.087317,37.310126],[-6.087281,37.310098],[-6.087317,37.310098],[-6.087353,37.310041],[-6.087353,37.309983],[-6.087281,37.309869],[-6.087281,37.309783],[-6.087245,37.309755],[-6.087173,37.30964],[-6.087173,37.309555],[-6.087137,37.309469],[-6.087101,37.309383],[-6.087173,37.309326],[-6.087173,37.309297],[-6.087173,37.309212],[-6.087173,37.309183],[-6.087065,37.309097],[-6.086993,37.309097],[-6.086957,37.309069],[-6.086921,37.308983],[-6.086814,37.308897],[-6.086706,37.30884],[-6.086634,37.308726],[-6.086598,37.308697],[-6.086526,37.308669],[-6.086526,37.30864],[-6.086562,37.308583],[-6.086742,37.308583],[-6.086778,37.308554],[-6.086778,37.308526],[-6.086742,37.308469],[-6.08667,37.308411],[-6.086634,37.308383],[-6.086598,37.308354],[-6.086598,37.308269],[-6.086526,37.308154],[-6.08649,37.308126],[-6.086418,37.308126],[-6.086418,37.308097],[-6.086418,37.308069],[-6.086347,37.307983],[-6.086347,37.307868],[-6.086275,37.307783],[-6.086275,37.307554],[-6.086275,37.307297],[-6.086275,37.307183],[-6.086239,37.306897],[-6.086203,37.30684],[-6.086059,37.306725],[-6.086023,37.306668],[-6.085915,37.306554],[-6.085844,37.306554],[-6.085772,37.306525],[-6.0857,37.306497],[-6.085592,37.306411],[-6.08552,37.306325],[-6.085376,37.306297],[-6.085197,37.306154],[-6.085053,37.306011],[-6.084945,37.305925],[-6.084909,37.305868],[-6.084837,37.305782],[-6.084766,37.305725],[-6.08473,37.305696],[-6.084658,37.305582],[-6.084622,37.305525],[-6.084586,37.305496],[-6.084478,37.305296],[-6.084406,37.305153],[-6.08437,37.305125],[-6.084334,37.30501],[-6.084227,37.304867],[-6.084191,37.304782],[-6.084155,37.304725],[-6.084119,37.304667],[-6.084083,37.30461],[-6.084011,37.304553],[-6.083939,37.304496],[-6.083867,37.30441],[-6.083831,37.304382],[-6.083795,37.304353],[-6.083759,37.304324],[-6.083688,37.304239],[-6.083616,37.304181],[-6.083508,37.304153],[-6.083472,37.304124],[-6.083436,37.304096],[-6.0834,37.304039],[-6.083364,37.303981],[-6.083184,37.303924],[-6.083184,37.303896],[-6.083149,37.303838],[-6.083113,37.30381],[-6.083005,37.303781],[-6.082969,37.303753],[-6.082933,37.303724],[-6.082861,37.303638],[-6.082753,37.303581],[-6.082717,37.303553],[-6.082574,37.303496],[-6.082502,37.303467],[-6.082358,37.303381],[-6.082286,37.303353],[-6.082142,37.303181],[-6.082071,37.303124],[-6.082035,37.303067],[-6.081891,37.303038],[-6.081675,37.302838],[-6.081603,37.30281],[-6.081532,37.302752],[-6.08146,37.302724],[-6.081424,37.302695],[-6.081352,37.302638],[-6.08128,37.302609],[-6.081172,37.302524],[-6.080921,37.302352],[-6.080885,37.302266],[-6.080777,37.302238],[-6.080525,37.302038],[-6.080418,37.301981],[-6.080346,37.301923],[-6.08031,37.301895],[-6.080238,37.301838],[-6.080166,37.301781],[-6.080058,37.301723],[-6.079986,37.301695],[-6.079915,37.301638],[-6.079879,37.301609],[-6.079771,37.301523],[-6.079663,37.301495],[-6.079627,37.301466],[-6.079483,37.301352],[-6.079412,37.301323],[-6.079376,37.301266],[-6.079232,37.30118],[-6.07916,37.301123],[-6.079088,37.301066],[-6.079016,37.301037],[-6.07898,37.301009],[-6.078909,37.30098],[-6.078909,37.300923],[-6.078873,37.300894],[-6.078585,37.300723],[-6.078549,37.300666],[-6.078477,37.300609],[-6.078405,37.300551],[-6.078226,37.300409],[-6.07801,37.300266],[-6.077974,37.300266],[-6.077866,37.300266],[-6.077831,37.300237],[-6.077759,37.300151],[-6.077687,37.300123],[-6.077615,37.300094],[-6.077256,37.299808],[-6.077112,37.299723],[-6.077076,37.299694],[-6.07704,37.299665],[-6.077004,37.299665],[-6.076968,37.299637],[-6.076932,37.299551],[-6.076896,37.299522],[-6.076788,37.299465],[-6.076681,37.299465],[-6.076537,37.299351],[-6.076465,37.299294],[-6.076285,37.299179],[-6.076214,37.299151],[-6.076214,37.299094],[-6.076178,37.299094],[-6.076142,37.299094],[-6.07607,37.299122],[-6.076034,37.299151],[-6.075962,37.299179],[-6.07589,37.299237],[-6.075854,37.299237],[-6.075854,37.299208],[-6.075854,37.299179],[-6.075926,37.299151],[-6.075962,37.299094],[-6.075998,37.299065],[-6.075962,37.299037],[-6.075926,37.299008],[-6.075711,37.298951],[-6.075639,37.298894],[-6.075495,37.298865],[-6.075423,37.298808],[-6.075387,37.298779],[-6.075279,37.298722],[-6.075064,37.298551],[-6.075028,37.298522],[-6.074992,37.298465],[-6.07492,37.298408],[-6.074884,37.298379],[-6.074812,37.298293],[-6.074668,37.29815],[-6.074525,37.298036],[-6.074453,37.29795],[-6.074309,37.297836],[-6.074273,37.297807],[-6.074201,37.297722],[-6.074094,37.297636],[-6.074022,37.297579],[-6.07395,37.297522],[-6.073878,37.297436],[-6.073842,37.297436],[-6.073806,37.297436],[-6.073626,37.297493],[-6.073447,37.297522],[-6.073411,37.297493],[-6.073411,37.297464],[-6.073411,37.297436],[-6.073483,37.297407],[-6.073555,37.297379],[-6.07359,37.29735],[-6.073626,37.29735],[-6.073626,37.297322],[-6.073626,37.297264],[-6.07359,37.297236],[-6.073519,37.297236],[-6.073483,37.297179],[-6.073411,37.297121],[-6.073339,37.297121],[-6.073195,37.297121],[-6.073159,37.297121],[-6.073123,37.297121],[-6.073123,37.297064],[-6.073159,37.29695],[-6.073159,37.296864],[-6.073123,37.296836],[-6.07298,37.29675],[-6.072944,37.296664],[-6.072836,37.296607],[-6.0728,37.29655],[-6.072764,37.296521],[-6.072692,37.296435],[-6.072656,37.296378],[-6.07262,37.296321],[-6.07262,37.296264],[-6.072548,37.296178],[-6.072477,37.296092],[-6.072441,37.296007],[-6.072333,37.295835],[-6.072297,37.295778],[-6.072225,37.295692],[-6.072117,37.295606],[-6.072081,37.295549],[-6.072009,37.295521],[-6.071902,37.295435],[-6.071722,37.295263],[-6.07165,37.295235],[-6.071363,37.294978],[-6.071219,37.294892],[-6.071147,37.294835],[-6.070967,37.29472],[-6.070967,37.294692],[-6.070824,37.294606],[-6.070644,37.294463],[-6.070536,37.294377],[-6.070428,37.294292],[-6.070321,37.294177],[-6.070105,37.293948],[-6.070069,37.29392],[-6.069997,37.293891],[-6.069925,37.293777],[-6.069925,37.293748],[-6.069818,37.293663],[-6.069782,37.293605],[-6.06971,37.293548],[-6.069674,37.293491],[-6.069602,37.293491],[-6.069566,37.293463],[-6.069494,37.293405],[-6.069386,37.29332],[-6.06935,37.293262],[-6.06935,37.293234],[-6.069243,37.293177],[-6.069135,37.293148],[-6.069099,37.293091],[-6.069315,37.292977],[-6.069315,37.292948]]],[[[-6.069853,37.293291],[-6.069818,37.293291],[-6.069782,37.29332],[-6.069746,37.293348],[-6.069925,37.293491],[-6.070105,37.293691],[-6.070213,37.293806],[-6.070285,37.293863],[-6.070357,37.293977],[-6.070536,37.294091],[-6.070572,37.294149],[-6.070644,37.294177],[-6.070716,37.294263],[-6.070788,37.294292],[-6.07086,37.294349],[-6.070896,37.294377],[-6.070931,37.294434],[-6.070967,37.294463],[-6.071039,37.29452],[-6.071219,37.294635],[-6.071363,37.29472],[-6.071614,37.29492],[-6.071794,37.295063],[-6.07183,37.295092],[-6.071938,37.295178],[-6.072009,37.295235],[-6.072117,37.295349],[-6.072189,37.295406],[-6.072225,37.295464],[-6.072405,37.295635],[-6.072548,37.295749],[-6.072584,37.295835],[-6.072656,37.295892],[-6.072692,37.295921],[-6.072764,37.296035],[-6.0728,37.29615],[-6.072872,37.296235],[-6.072908,37.296321],[-6.07298,37.296435],[-6.073087,37.296521],[-6.073159,37.296607],[-6.073267,37.296693],[-6.073411,37.296778],[-6.073483,37.296864],[-6.073519,37.296893],[-6.073555,37.29695],[-6.07359,37.296979],[-6.073662,37.296979],[-6.073662,37.296864],[-6.073626,37.296836],[-6.07359,37.296807],[-6.073555,37.29675],[-6.073411,37.296664],[-6.073339,37.296607],[-6.073159,37.296464],[-6.073123,37.29635],[-6.073051,37.296321],[-6.073016,37.296292],[-6.07298,37.296207],[-6.072944,37.29615],[-6.072908,37.296121],[-6.0728,37.295921],[-6.072692,37.295749],[-6.072656,37.295692],[-6.072477,37.295521],[-6.072441,37.295464],[-6.072405,37.295378],[-6.072297,37.295349],[-6.072225,37.295321],[-6.072225,37.295292],[-6.072189,37.295235],[-6.072153,37.295206],[-6.072081,37.295149],[-6.071974,37.295063],[-6.071938,37.295035],[-6.071902,37.294949],[-6.071866,37.294949],[-6.071794,37.294892],[-6.07165,37.294777],[-6.071614,37.29472],[-6.071542,37.294663],[-6.071327,37.29452],[-6.071219,37.294463],[-6.071183,37.294406],[-6.071111,37.294377],[-6.071075,37.294349],[-6.071039,37.29432],[-6.071075,37.294234],[-6.071039,37.294234],[-6.070967,37.294234],[-6.07086,37.294177],[-6.070824,37.29412],[-6.070752,37.294091],[-6.07068,37.294034],[-6.0705,37.293891],[-6.070464,37.293863],[-6.070392,37.293777],[-6.070357,37.293748],[-6.070321,37.293691],[-6.070249,37.293634],[-6.070177,37.293577],[-6.070141,37.29352],[-6.070033,37.293434],[-6.069961,37.293377],[-6.069889,37.29332],[-6.069853,37.293291]]]]},"properties":{"FID":1617,"ID_ZONA":"ES050_APSFR_BG008-01_T010","ZONA":"Arroyo Riopudio","TIPO_ZONA":"Q Periodo de retorno T10","RIO":"Arroyo del Repudio; Arroyo Sequillo; Sin nombre","LONG_KM":12.03,"HIPOTESIS":"Q10 régimen natural","HIDROLOGIA":"Método racional","PRECISION_":"MDT 2x2 procedente de LIDAR IGN PNOA","HIDRAUL":"IBER","ESTUDIO":"SNCZI. Zonas inundables del sistema bajo del Guadalquivir","TIPO_EST":"Estudio de Desarrollo del SNCZI","DOCUMENTO":"Elaboración de cartografía de dominio público hidráulico y mapas de peligrosidad y riesgo de la Directiva 2007/60 en el marco del SNCZI en las demarcaciones hidrográficas del Guadalquivir, Ceuta y Melilla. Cofinanciado con fondos FEDER","FECHA_APRO":1443139200000,"FECHA_GEO":"05/2014","ORGANISMO":"Ministerio de agricultura, alimentación y medio ambiente","CLAVE_EXPE":"CU(CO)-4615","DEMARCACIO":"Guadalquivir","ID_DEMAR":51,"Q_M3_S":"23; 6; 3","ZI_DIRECTI":"ES050_APSFR_BG008","CICLO":1,"Shape_Leng":26097.7821726,"Fecha_Lim":1745107200000,"Shape_Le_1":0.252412660794,"Shape__Area":2.9308482226042543E-05,"Shape__Length":0.25241265803890928}}]}