{"type":"FeatureCollection","crs":{"type":"name","properties":{"name":"EPSG:4326"}},"features":[{"type":"Feature","id":1780,"geometry":{"type":"MultiPolygon","coordinates":[[[[-5.992105,37.357444],[-5.992117,37.357163],[-5.991982,37.357184],[-5.991975,37.357004],[-5.992275,37.353763],[-5.992297,37.352599],[-5.9926,37.351132],[-5.992452,37.350252],[-5.992399,37.348437],[-5.994013,37.349799],[-5.993908,37.349963],[-5.993969,37.350935],[-5.993996,37.35106],[-5.994438,37.351373],[-5.994384,37.352294],[-5.994527,37.352489],[-5.994616,37.353009],[-6.000177,37.357734],[-6.000127,37.359879],[-5.999922,37.359849],[-5.999768,37.359943],[-5.994632,37.355694],[-5.9945,37.355787],[-5.994057,37.355438],[-5.993899,37.355424],[-5.993745,37.355536],[-5.993774,37.355697],[-5.994257,37.355919],[-5.994236,37.357668],[-5.994046,37.360823],[-5.994294,37.361397],[-5.994172,37.361724],[-5.993598,37.362045],[-5.99346,37.365959],[-5.993291,37.367432],[-5.992058,37.367417],[-5.991686,37.367338],[-5.992105,37.357444]]],[[[-5.993266,37.367568],[-5.991678,37.367524],[-5.991683,37.367418],[-5.993279,37.3675],[-5.993266,37.367568]]],[[[-6.014124,37.366077],[-6.011695,37.364072],[-6.010453,37.362933],[-6.009045,37.362158],[-6.007735,37.361002],[-6.007192,37.360421],[-6.006946,37.359922],[-6.006851,37.35924],[-6.006676,37.358794],[-6.006183,37.35832],[-6.0057,37.358098],[-6.004976,37.35808],[-6.004394,37.358203],[-6.002874,37.356872],[-6.00287,37.356196],[-6.003104,37.349694],[-6.003487,37.34954],[-6.003857,37.34926],[-6.00544,37.348769],[-6.007009,37.348477],[-6.009127,37.348646],[-6.010587,37.348363],[-6.011013,37.348141],[-6.011298,37.347856],[-6.011455,37.34753],[-6.011487,37.347203],[-6.011371,37.346836],[-6.011034,37.346325],[-6.010551,37.346127],[-6.009671,37.346193],[-6.00922,37.346077],[-6.009994,37.344094],[-6.01065,37.343573],[-6.010669,37.343482],[-6.010484,37.343379],[-6.010192,37.343404],[-6.010004,37.343769],[-6.009464,37.343638],[-6.009451,37.343495],[-6.009086,37.343397],[-6.0088,37.343025],[-6.008392,37.342982],[-6.008186,37.342356],[-6.007911,37.342255],[-6.007881,37.342616],[-6.007715,37.342999],[-6.007538,37.343075],[-6.007455,37.343258],[-6.006966,37.34345],[-6.006537,37.343443],[-6.005966,37.343278],[-6.005122,37.343624],[-6.005224,37.343927],[-6.004843,37.343991],[-6.004523,37.343891],[-6.004389,37.34393],[-6.004418,37.344074],[-6.004257,37.344006],[-6.003942,37.344032],[-6.003872,37.343962],[-6.003447,37.344081],[-6.003557,37.338329],[-6.003622,37.338273],[-6.003569,37.338076],[-6.003644,37.337696],[-6.00357,37.336959],[-6.00369,37.332546],[-6.00385,37.330392],[-6.007583,37.326459],[-6.007742,37.326385],[-6.009188,37.327319],[-6.009721,37.327552],[-6.010059,37.327435],[-6.01045,37.326813],[-6.010557,37.326358],[-6.010683,37.326152],[-6.010534,37.326073],[-6.010341,37.326279],[-6.010309,37.326558],[-6.009861,37.327271],[-6.009587,37.327285],[-6.009148,37.327055],[-6.00945,37.326935],[-6.009756,37.326171],[-6.010119,37.326024],[-6.010257,37.325885],[-6.010114,37.32565],[-6.009724,37.325348],[-6.010117,37.325393],[-6.01031,37.32532],[-6.008961,37.32488],[-6.008484,37.325011],[-6.008334,37.325269],[-6.008009,37.325015],[-6.007723,37.324469],[-6.007458,37.324166],[-6.007439,37.323952],[-6.007187,37.323756],[-6.007062,37.323375],[-6.006633,37.323005],[-6.006439,37.322703],[-6.006488,37.322544],[-6.007164,37.322673],[-6.006767,37.322039],[-6.006725,37.321543],[-6.006814,37.320835],[-6.007026,37.320634],[-6.007342,37.320626],[-6.007584,37.320476],[-6.0079,37.320486],[-6.007484,37.320785],[-6.007511,37.32091],[-6.007974,37.321205],[-6.008107,37.321147],[-6.008493,37.321191],[-6.00869,37.321619],[-6.008401,37.321716],[-6.008409,37.321932],[-6.008104,37.322213],[-6.008072,37.322529],[-6.007897,37.322641],[-6.007994,37.322824],[-6.008278,37.322855],[-6.008423,37.322967],[-6.008278,37.323151],[-6.008371,37.324082],[-6.012045,37.324813],[-6.012057,37.325141],[-6.013197,37.325419],[-6.012899,37.322467],[-6.012938,37.321262],[-6.0133,37.319107],[-6.013814,37.318078],[-6.014125,37.317029],[-6.013299,37.317231],[-6.01183,37.317755],[-6.0104,37.31811],[-6.010014,37.317885],[-6.009711,37.31792],[-6.008203,37.318484],[-6.008206,37.318784],[-6.008059,37.318582],[-6.00783,37.318528],[-6.007577,37.318593],[-6.007404,37.318323],[-6.007169,37.318408],[-6.007042,37.318309],[-6.006926,37.318321],[-6.006815,37.318415],[-6.006591,37.318406],[-6.006239,37.318523],[-6.006112,37.318639],[-6.005954,37.318643],[-6.005716,37.318465],[-6.005535,37.318645],[-6.005417,37.318934],[-6.005075,37.318893],[-6.004681,37.319246],[-6.004393,37.319207],[-6.003948,37.319279],[-6.003662,37.319526],[-6.003573,37.319746],[-6.003733,37.319953],[-6.003625,37.320038],[-6.001525,37.320756],[-6.001312,37.321068],[-6.001417,37.321425],[-6.001351,37.321481],[-6.001197,37.321575],[-6.001014,37.321526],[-5.999441,37.32225],[-5.999315,37.322488],[-5.998964,37.322731],[-5.999014,37.322856],[-5.998769,37.322934],[-5.998199,37.323922],[-5.997622,37.324729],[-5.99689,37.32619],[-5.996874,37.32637],[-5.997032,37.326348],[-5.996966,37.326404],[-5.997039,37.326546],[-5.996926,37.326531],[-5.996911,37.32673],[-5.996758,37.326842],[-5.996626,37.328071],[-5.996502,37.328344],[-5.996497,37.328795],[-5.996273,37.329395],[-5.996257,37.330134],[-5.996137,37.330648],[-5.995808,37.330761],[-5.995421,37.332949],[-5.99537,37.333383],[-5.995773,37.333282],[-5.99589,37.333406],[-5.995921,37.333603],[-5.99545,37.334822],[-5.996854,37.337202],[-5.995312,37.338047],[-5.99545,37.338228],[-5.995185,37.338379],[-5.995325,37.338484],[-5.995568,37.338352],[-5.996302,37.339216],[-5.996082,37.339366],[-5.995892,37.339136],[-5.995553,37.339109],[-5.995526,37.339001],[-5.995613,37.338909],[-5.995151,37.339227],[-5.99492,37.345342],[-5.995152,37.346057],[-5.995041,37.346114],[-5.995036,37.346547],[-5.994903,37.346604],[-5.995155,37.346706],[-5.995185,37.346903],[-5.994905,37.34837],[-5.994116,37.348949],[-5.994082,37.349571],[-5.992445,37.348173],[-5.992644,37.34713],[-5.992654,37.346247],[-5.992801,37.345414],[-5.992735,37.344875],[-5.992805,37.34381],[-5.992971,37.343445],[-5.992985,37.343229],[-5.992779,37.343144],[-5.992658,37.342949],[-5.992754,37.341955],[-5.992984,37.341499],[-5.993143,37.341513],[-5.993136,37.341333],[-5.993,37.341336],[-5.993006,37.340903],[-5.992894,37.340924],[-5.992863,37.340727],[-5.993005,37.339173],[-5.992828,37.338709],[-5.992842,37.338475],[-5.993003,37.338561],[-5.993069,37.337045],[-5.992841,37.337012],[-5.993045,37.336217],[-5.991578,37.333039],[-5.990446,37.329792],[-5.990216,37.328511],[-5.989954,37.327759],[-5.988754,37.322797],[-5.988786,37.322142],[-5.993032,37.315421],[-5.993188,37.315363],[-5.993669,37.315549],[-5.993849,37.315544],[-5.994061,37.315755],[-5.99498,37.316182],[-5.995091,37.316125],[-5.995109,37.316017],[-5.995201,37.31605],[-5.995206,37.316195],[-5.995298,37.316228],[-5.995281,37.316373],[-5.995112,37.316647],[-5.995,37.316686],[-5.994816,37.316583],[-5.994707,37.316694],[-5.994397,37.317404],[-5.99416,37.317681],[-5.994186,37.31777],[-5.994368,37.31782],[-5.994144,37.317861],[-5.994037,37.318008],[-5.993236,37.319993],[-5.992667,37.322134],[-5.992384,37.324105],[-5.992321,37.325927],[-5.992355,37.326791],[-5.992429,37.326951],[-5.993079,37.327404],[-5.993329,37.327451],[-5.994094,37.327378],[-5.994356,37.327173],[-5.994736,37.326515],[-5.996158,37.323685],[-5.9963,37.323267],[-5.996906,37.322621],[-5.997198,37.322019],[-5.997803,37.321337],[-5.99798,37.32126],[-5.998663,37.32027],[-5.999243,37.319552],[-5.999485,37.319384],[-5.999566,37.319148],[-5.999976,37.318669],[-6.000143,37.31834],[-6.000136,37.31816],[-5.99849,37.318202],[-5.998026,37.31843],[-5.99764,37.318385],[-5.997949,37.318197],[-5.997942,37.318035],[-5.995716,37.317083],[-5.995642,37.31694],[-5.99579,37.316684],[-5.995946,37.316644],[-5.996268,37.31678],[-5.996447,37.31674],[-5.996474,37.316865],[-5.996614,37.31697],[-5.99691,37.317034],[-5.997303,37.317277],[-5.998358,37.317701],[-5.998784,37.317636],[-5.999036,37.317737],[-6.000052,37.317748],[-6.000092,37.31762],[-6.000164,37.317727],[-6.000545,37.317663],[-6.00067,37.317408],[-6.000666,37.3173],[-6.000575,37.317284],[-5.999677,37.317415],[-5.999648,37.317235],[-6.000115,37.317061],[-6.000791,37.317044],[-6.000809,37.316935],[-6.001733,37.316912],[-6.002157,37.316793],[-6.002352,37.31659],[-6.002642,37.31651],[-6.003797,37.316607],[-6.003793,37.316495],[-6.003889,37.316431],[-6.004463,37.316459],[-6.005093,37.316219],[-6.006335,37.316235],[-6.006178,37.316043],[-6.006774,37.315876],[-6.007075,37.315623],[-6.007063,37.315335],[-6.007536,37.315323],[-6.00769,37.315467],[-6.007857,37.315441],[-6.008192,37.31536],[-6.008858,37.315027],[-6.009355,37.314538],[-6.01064,37.312797],[-6.011191,37.310731],[-6.011259,37.310513],[-6.011361,37.310458],[-6.010913,37.310047],[-6.007072,37.308757],[-6.00166,37.30657],[-6.001438,37.306647],[-5.998467,37.311426],[-5.992129,37.308916],[-5.993774,37.306247],[-5.993931,37.306243],[-5.994048,37.306348],[-5.994204,37.30629],[-5.994396,37.306015],[-5.994856,37.305661],[-5.995067,37.304736],[-5.994748,37.304636],[-5.997718,37.299912],[-5.998024,37.29967],[-5.998099,37.29983],[-5.998375,37.299985],[-5.998943,37.300079],[-5.999248,37.299801],[-5.999222,37.299729],[-6.00036,37.299412],[-6.000491,37.299301],[-6.000502,37.299012],[-6.000699,37.298863],[-6.000777,37.298555],[-6.000722,37.298304],[-6.000397,37.29806],[-6.000102,37.298013],[-5.999884,37.29764],[-6.000016,37.297565],[-6.000238,37.29691],[-6.001464,37.295978],[-6.001668,37.295432],[-6.002103,37.295025],[-6.001892,37.294814],[-6.002296,37.294768],[-6.002484,37.294384],[-6.002476,37.294186],[-6.002996,37.292515],[-6.003129,37.292458],[-6.003017,37.291902],[-6.002753,37.291512],[-6.002476,37.291357],[-6.002329,37.290729],[-6.002428,37.289463],[-6.003269,37.286605],[-6.006283,37.278753],[-6.006562,37.278422],[-6.007236,37.278351],[-6.007432,37.278166],[-6.008004,37.278385],[-6.008144,37.277931],[-6.008657,37.277774],[-6.008481,37.277328],[-6.009377,37.276044],[-6.009531,37.27595],[-6.009888,37.275292],[-6.010016,37.27455],[-6.010103,37.274457],[-6.010029,37.27372],[-6.00983,37.273257],[-6.010304,37.272704],[-6.010356,37.272324],[-6.01071,37.272135],[-6.010793,37.271971],[-6.011035,37.271802],[-6.011477,37.271593],[-6.012216,37.272025],[-6.012329,37.272022],[-6.012878,37.271665],[-6.013171,37.271081],[-6.013177,37.270685],[-6.013087,37.270687],[-6.01285,37.270963],[-6.012359,37.271084],[-6.012209,37.270727],[-6.011778,37.270666],[-6.011407,37.270405],[-6.011529,37.27006],[-6.012171,37.269321],[-6.013311,37.268393],[-6.014511,37.267947],[-6.014567,37.267658],[-6.015433,37.266753],[-6.016872,37.26495],[-6.017028,37.26491],[-6.017545,37.264302],[-6.017604,37.264084],[-6.017438,37.263872],[-6.017497,37.263654],[-6.017846,37.263375],[-6.018029,37.263391],[-6.01823,37.263205],[-6.018764,37.262359],[-6.055226,37.272715],[-6.054879,37.272896],[-6.05469,37.272872],[-6.054699,37.273052],[-6.054431,37.273319],[-6.054339,37.274242],[-6.05417,37.274401],[-6.054063,37.274782],[-6.053766,37.274943],[-6.053749,37.275267],[-6.053416,37.27596],[-6.053028,37.27636],[-6.052692,37.276465],[-6.052599,37.276936],[-6.05223,37.277288],[-6.051593,37.278491],[-6.051997,37.278773],[-6.052844,37.279059],[-6.052764,37.279265],[-6.051513,37.278844],[-6.050734,37.27964],[-6.050249,37.280334],[-6.049704,37.281752],[-6.049365,37.282309],[-6.04911,37.283244],[-6.049179,37.283278],[-6.049164,37.283458],[-6.04928,37.283546],[-6.049125,37.283622],[-6.048917,37.284042],[-6.048659,37.284211],[-6.048594,37.284535],[-6.048695,37.284696],[-6.048484,37.285476],[-6.048517,37.285872],[-6.048308,37.286519],[-6.048271,37.28705],[-6.047603,37.288941],[-6.04741,37.28928],[-6.047331,37.28965],[-6.047289,37.290085],[-6.047514,37.290079],[-6.047406,37.290208],[-6.047478,37.290296],[-6.047423,37.290622],[-6.047579,37.290564],[-6.047605,37.290653],[-6.047517,37.290709],[-6.047402,37.290658],[-6.04732,37.290859],[-6.047285,37.29167],[-6.047198,37.291745],[-6.047284,37.292211],[-6.047812,37.293549],[-6.048016,37.29358],[-6.048225,37.293737],[-6.048768,37.293759],[-6.048797,37.293938],[-6.04896,37.29406],[-6.049044,37.293896],[-6.04909,37.293931],[-6.049178,37.294415],[-6.048997,37.294402],[-6.04894,37.294673],[-6.048763,37.294768],[-6.0488,37.295128],[-6.048545,37.295513],[-6.048642,37.295672],[-6.048442,37.295736],[-6.047922,37.296844],[-6.048859,37.297144],[-6.049104,37.297066],[-6.048967,37.297574],[-6.048755,37.297904],[-6.048622,37.297961],[-6.048652,37.298159],[-6.048473,37.298267],[-6.045071,37.297188],[-6.044874,37.297337],[-6.044861,37.297554],[-6.044429,37.297475],[-6.044261,37.297518],[-6.042472,37.300967],[-6.043634,37.301457],[-6.048156,37.299271],[-6.048261,37.299088],[-6.04842,37.299102],[-6.048617,37.298971],[-6.048489,37.299154],[-6.048604,37.299205],[-6.049493,37.298858],[-6.049676,37.298925],[-6.049693,37.298799],[-6.049828,37.298795],[-6.049799,37.299175],[-6.0501,37.299383],[-6.050151,37.299526],[-6.050479,37.299824],[-6.050438,37.299933],[-6.050624,37.300599],[-6.050715,37.300647],[-6.050728,37.300971],[-6.050845,37.301058],[-6.050851,37.301202],[-6.050653,37.301333],[-6.050635,37.30146],[-6.050797,37.301564],[-6.050901,37.301885],[-6.050719,37.301854],[-6.050414,37.302114],[-6.04925,37.302733],[-6.049422,37.303314],[-6.049594,37.303417],[-6.049716,37.303267],[-6.050512,37.302868],[-6.051673,37.302515],[-6.052206,37.304032],[-6.052315,37.304161],[-6.052619,37.304202],[-6.052694,37.304939],[-6.052424,37.306081],[-6.052448,37.306675],[-6.052214,37.307023],[-6.052057,37.307046],[-6.052002,37.307371],[-6.051577,37.308013],[-6.05127,37.308778],[-6.051008,37.309001],[-6.050928,37.309255],[-6.051015,37.30974],[-6.05089,37.309977],[-6.050754,37.309981],[-6.050613,37.309822],[-6.050457,37.30988],[-6.05045,37.310277],[-6.050853,37.310194],[-6.050972,37.310353],[-6.051287,37.310327],[-6.051159,37.310511],[-6.051146,37.310745],[-6.051014,37.310821],[-6.050408,37.312008],[-6.050415,37.312188],[-6.050281,37.312227],[-6.050263,37.312336],[-6.050062,37.312377],[-6.050157,37.31306],[-6.050021,37.313045],[-6.049598,37.313741],[-6.049029,37.313629],[-6.04897,37.314388],[-6.048772,37.314519],[-6.048814,37.315004],[-6.048659,37.315639],[-6.048149,37.315851],[-6.048088,37.316014],[-6.047803,37.316238],[-6.047646,37.316242],[-6.047164,37.316597],[-6.047234,37.316667],[-6.047055,37.316708],[-6.046803,37.316606],[-6.046739,37.316698],[-6.046444,37.316651],[-6.046291,37.316781],[-6.04586,37.31672],[-6.045552,37.316909],[-6.045886,37.317369],[-6.046306,37.3177],[-6.046511,37.317749],[-6.046538,37.317856],[-6.045136,37.318945],[-6.043224,37.319552],[-6.042522,37.320104],[-6.042413,37.320244],[-6.042288,37.320859],[-6.041997,37.321343],[-6.041659,37.32164],[-6.041688,37.321961],[-6.041615,37.322221],[-6.041342,37.322275],[-6.041229,37.322709],[-6.040082,37.324301],[-6.039282,37.32518],[-6.038938,37.325242],[-6.038589,37.325779],[-6.037961,37.326205],[-6.037597,37.326124],[-6.037238,37.326169],[-6.037116,37.326515],[-6.036734,37.326543],[-6.036406,37.326821],[-6.03618,37.326809],[-6.036142,37.326972],[-6.036009,37.327048],[-6.035285,37.326994],[-6.035454,37.326702],[-6.035154,37.326547],[-6.035168,37.32633],[-6.03534,37.326128],[-6.035803,37.325846],[-6.035773,37.325666],[-6.036134,37.325657],[-6.036355,37.325543],[-6.036408,37.325181],[-6.036315,37.325112],[-6.036725,37.322398],[-6.03523,37.321149],[-6.035004,37.321089],[-6.035187,37.321007],[-6.035151,37.320841],[-6.034988,37.32069],[-6.034892,37.320913],[-6.034785,37.320833],[-6.034917,37.320642],[-6.033752,37.319735],[-6.03359,37.319892],[-6.033258,37.319793],[-6.033113,37.31991],[-6.033059,37.320048],[-6.033218,37.320098],[-6.033355,37.319975],[-6.033581,37.320029],[-6.034053,37.320458],[-6.033181,37.322149],[-6.033302,37.322188],[-6.034139,37.320551],[-6.034527,37.320732],[-6.034637,37.32086],[-6.034583,37.321011],[-6.034782,37.321143],[-6.034141,37.322643],[-6.033847,37.322567],[-6.033616,37.32277],[-6.0333,37.323243],[-6.032808,37.322898],[-6.033039,37.323267],[-6.033393,37.32333],[-6.03338,37.32339],[-6.032926,37.323407],[-6.032883,37.323456],[-6.033003,37.323674],[-6.032937,37.323699],[-6.032801,37.323643],[-6.032636,37.32326],[-6.032467,37.323324],[-6.032125,37.323166],[-6.031902,37.323207],[-6.032291,37.323412],[-6.032017,37.323633],[-6.031956,37.323808],[-6.031251,37.323889],[-6.03107,37.324146],[-6.03118,37.324234],[-6.030517,37.325108],[-6.031532,37.325443],[-6.031711,37.325395],[-6.031978,37.325574],[-6.032278,37.325459],[-6.032382,37.325471],[-6.032381,37.325567],[-6.032731,37.325594],[-6.032708,37.325688],[-6.032538,37.325695],[-6.032029,37.326595],[-6.032497,37.326755],[-6.032394,37.327061],[-6.033173,37.32759],[-6.032991,37.327514],[-6.032224,37.32784],[-6.03198,37.327692],[-6.031516,37.328058],[-6.031178,37.328127],[-6.030862,37.328682],[-6.031045,37.328743],[-6.030955,37.328925],[-6.029542,37.33042],[-6.029394,37.330447],[-6.029078,37.330884],[-6.029196,37.331025],[-6.028649,37.331453],[-6.028646,37.331614],[-6.028766,37.331721],[-6.028313,37.332079],[-6.028663,37.33223],[-6.028371,37.332759],[-6.027778,37.332864],[-6.027537,37.332796],[-6.027008,37.333948],[-6.027239,37.334013],[-6.026514,37.335965],[-6.026663,37.335992],[-6.026674,37.336593],[-6.026025,37.336507],[-6.026067,37.33693],[-6.026315,37.337648],[-6.026364,37.338194],[-6.025913,37.338209],[-6.025947,37.33839],[-6.026233,37.338634],[-6.026275,37.339083],[-6.026638,37.340103],[-6.027179,37.340869],[-6.027558,37.341142],[-6.027817,37.341472],[-6.027785,37.34168],[-6.028005,37.341789],[-6.028159,37.342053],[-6.028211,37.342348],[-6.027828,37.342523],[-6.027913,37.342842],[-6.028319,37.342818],[-6.028414,37.343048],[-6.029346,37.343735],[-6.029234,37.343835],[-6.028507,37.344043],[-6.028834,37.34426],[-6.029172,37.3442],[-6.029191,37.344255],[-6.028908,37.344299],[-6.029107,37.344511],[-6.029377,37.344518],[-6.029173,37.3446],[-6.029301,37.344807],[-6.029526,37.344839],[-6.029347,37.344902],[-6.029409,37.34502],[-6.029792,37.344983],[-6.030163,37.345578],[-6.029723,37.345659],[-6.029741,37.345724],[-6.030071,37.345677],[-6.030147,37.345891],[-6.030253,37.345876],[-6.030279,37.345924],[-6.029869,37.345996],[-6.029924,37.346162],[-6.030354,37.346096],[-6.030355,37.346415],[-6.030441,37.346401],[-6.03051,37.346552],[-6.030415,37.346565],[-6.030477,37.347175],[-6.030961,37.347751],[-6.031006,37.347941],[-6.030756,37.34803],[-6.030767,37.348394],[-6.030414,37.348424],[-6.030441,37.348776],[-6.030734,37.348773],[-6.030815,37.348842],[-6.030828,37.349148],[-6.030941,37.349163],[-6.031106,37.349339],[-6.031285,37.349857],[-6.031385,37.350648],[-6.031569,37.35131],[-6.03139,37.351909],[-6.031216,37.352076],[-6.031048,37.352878],[-6.030928,37.352941],[-6.030526,37.352885],[-6.030409,37.352758],[-6.030296,37.351303],[-6.030125,37.351329],[-6.030184,37.35256],[-6.030092,37.352497],[-6.030048,37.352042],[-6.029624,37.352077],[-6.029596,37.352513],[-6.029522,37.35244],[-6.029482,37.352081],[-6.029099,37.352117],[-6.02915,37.352736],[-6.029432,37.352779],[-6.029414,37.35289],[-6.029213,37.352907],[-6.029222,37.35313],[-6.028912,37.353308],[-6.028795,37.353278],[-6.028751,37.353408],[-6.028851,37.354299],[-6.028328,37.354387],[-6.02831,37.354325],[-6.028011,37.354315],[-6.028011,37.354407],[-6.02766,37.354303],[-6.027556,37.354801],[-6.02737,37.354793],[-6.027332,37.355401],[-6.027971,37.355451],[-6.027972,37.355601],[-6.028135,37.355723],[-6.028472,37.355678],[-6.029448,37.355816],[-6.029792,37.355951],[-6.029775,37.356077],[-6.028261,37.356062],[-6.028244,37.356189],[-6.028561,37.356217],[-6.028644,37.356382],[-6.029013,37.35639],[-6.029009,37.356505],[-6.029122,37.356525],[-6.029171,37.356439],[-6.029678,37.356476],[-6.029681,37.356566],[-6.029072,37.357699],[-6.028802,37.358039],[-6.028656,37.358082],[-6.02845,37.358306],[-6.028269,37.35816],[-6.028098,37.358175],[-6.028092,37.358031],[-6.027575,37.357728],[-6.027321,37.357656],[-6.027295,37.357456],[-6.026886,37.356866],[-6.026538,37.355995],[-6.026628,37.355754],[-6.026435,37.355558],[-6.026727,37.355565],[-6.026698,37.355183],[-6.026059,37.355778],[-6.02628,37.356037],[-6.026286,37.356195],[-6.02648,37.356351],[-6.026113,37.356339],[-6.026057,37.356637],[-6.026277,37.35676],[-6.026221,37.356912],[-6.026319,37.357157],[-6.026048,37.357184],[-6.025885,37.356917],[-6.02578,37.356973],[-6.025867,37.357364],[-6.025946,37.35743],[-6.026065,37.357373],[-6.026737,37.357496],[-6.026186,37.357606],[-6.026301,37.357796],[-6.026897,37.358124],[-6.027464,37.358119],[-6.027316,37.358934],[-6.02744,37.359165],[-6.027178,37.359562],[-6.026721,37.359441],[-6.026583,37.359799],[-6.026293,37.359879],[-6.025831,37.360197],[-6.025741,37.360181],[-6.025736,37.35991],[-6.025614,37.359842],[-6.025525,37.359881],[-6.025374,37.360605],[-6.025297,37.360754],[-6.025158,37.360797],[-6.024976,37.361625],[-6.025238,37.361561],[-6.025255,37.361632],[-6.025013,37.362157],[-6.024953,37.362933],[-6.024981,37.363226],[-6.025132,37.363233],[-6.025239,37.363021],[-6.025084,37.363843],[-6.025093,37.364701],[-6.025413,37.364688],[-6.02546,37.364847],[-6.02562,37.36495],[-6.025562,37.365152],[-6.025807,37.365806],[-6.025787,37.365958],[-6.025658,37.365983],[-6.025497,37.365769],[-6.025283,37.365896],[-6.024793,37.365758],[-6.02466,37.365794],[-6.024569,37.366873],[-6.02463,37.366928],[-6.024552,37.367062],[-6.015087,37.368124],[-6.014799,37.367724],[-6.014439,37.366616],[-6.014124,37.366077]]],[[[-6.01099,37.314286],[-6.011188,37.314197],[-6.011525,37.314248],[-6.012122,37.313919],[-6.01238,37.314019],[-6.012911,37.313824],[-6.013108,37.313825],[-6.014116,37.313336],[-6.014404,37.312986],[-6.012291,37.311287],[-6.01174,37.310926],[-6.011512,37.310917],[-6.011434,37.311679],[-6.011178,37.312657],[-6.011008,37.313066],[-6.010598,37.313648],[-6.010611,37.313753],[-6.01087,37.31389],[-6.01089,37.31413],[-6.01099,37.314286]]],[[[-6.012194,37.311145],[-6.012288,37.311147],[-6.012308,37.311074],[-6.014166,37.312397],[-6.014193,37.312504],[-6.014631,37.312745],[-6.016512,37.311256],[-6.013235,37.30887],[-6.012626,37.308663],[-6.012293,37.308392],[-6.011787,37.308204],[-6.01163,37.308208],[-6.011656,37.308298],[-6.01184,37.308401],[-6.01185,37.308635],[-6.012013,37.308775],[-6.011422,37.308646],[-6.011227,37.308867],[-6.011325,37.309045],[-6.011294,37.309591],[-6.011432,37.30993],[-6.011731,37.310188],[-6.012013,37.310821],[-6.011967,37.310907],[-6.012194,37.311145]]],[[[-6.032497,37.30818],[-6.032545,37.30825],[-6.032947,37.308132],[-6.032961,37.308492],[-6.033271,37.308899],[-6.033594,37.309089],[-6.034272,37.309139],[-6.035709,37.308926],[-6.035751,37.308853],[-6.036646,37.308686],[-6.037514,37.308375],[-6.037465,37.308286],[-6.034784,37.308932],[-6.034177,37.309001],[-6.033815,37.308957],[-6.033354,37.308716],[-6.03315,37.308167],[-6.033229,37.307296],[-6.033443,37.307002],[-6.033796,37.306813],[-6.034404,37.306779],[-6.035258,37.306944],[-6.038033,37.307263],[-6.038255,37.307167],[-6.037909,37.307],[-6.036441,37.306943],[-6.036325,37.306856],[-6.036011,37.3069],[-6.035489,37.306823],[-6.035235,37.306686],[-6.034626,37.306701],[-6.034486,37.306579],[-6.033945,37.306593],[-6.033613,37.306745],[-6.033409,37.306733],[-6.033125,37.306956],[-6.032902,37.307593],[-6.032115,37.307366],[-6.031441,37.307365],[-6.031092,37.307459],[-6.031089,37.307945],[-6.032497,37.30818]]],[[[-6.040197,37.306108],[-6.040254,37.306953],[-6.040148,37.307118],[-6.040158,37.30737],[-6.040278,37.307547],[-6.040483,37.307596],[-6.04102,37.307474],[-6.041172,37.307344],[-6.041214,37.306694],[-6.040463,37.306533],[-6.040448,37.306173],[-6.040707,37.305878],[-6.040416,37.305922],[-6.040197,37.306108]]],[[[-6.043409,37.305755],[-6.043325,37.305901],[-6.042181,37.30632],[-6.042038,37.307046],[-6.042088,37.307122],[-6.042404,37.307114],[-6.042937,37.30692],[-6.043023,37.306792],[-6.043271,37.306803],[-6.043581,37.306651],[-6.043696,37.306702],[-6.043573,37.307012],[-6.043603,37.307191],[-6.043808,37.307258],[-6.044026,37.307054],[-6.043861,37.306896],[-6.043867,37.306464],[-6.043555,37.305445],[-6.042897,37.305353],[-6.042165,37.305102],[-6.042009,37.30516],[-6.041972,37.305359],[-6.042112,37.305464],[-6.042567,37.305578],[-6.042788,37.305446],[-6.043409,37.305755]]],[[[-6.040765,37.305643],[-6.041275,37.305413],[-6.041291,37.305251],[-6.041174,37.305145],[-6.040746,37.305156],[-6.040749,37.305246],[-6.040571,37.305305],[-6.040494,37.305631],[-6.04061,37.305701],[-6.040765,37.305643]]],[[[-6.04447,37.306322],[-6.044701,37.306331],[-6.046618,37.30533],[-6.047542,37.304747],[-6.047515,37.304622],[-6.046406,37.304542],[-6.044276,37.305468],[-6.044368,37.306164],[-6.04447,37.306322]]],[[[-6.039515,37.308774],[-6.039625,37.309258],[-6.039626,37.309853],[-6.039325,37.310203],[-6.039265,37.310403],[-6.039001,37.310572],[-6.038963,37.310735],[-6.038592,37.311069],[-6.038555,37.311268],[-6.038444,37.311307],[-6.03856,37.311394],[-6.039013,37.311436],[-6.039989,37.310456],[-6.041004,37.309889],[-6.041096,37.309923],[-6.041538,37.309695],[-6.041357,37.3097],[-6.041339,37.309791],[-6.040934,37.309819],[-6.040916,37.309946],[-6.040533,37.309956],[-6.040294,37.310178],[-6.040049,37.310256],[-6.040046,37.310184],[-6.040201,37.310126],[-6.040175,37.310019],[-6.040501,37.309722],[-6.040493,37.309524],[-6.040377,37.309455],[-6.040087,37.309534],[-6.039925,37.309431],[-6.04025,37.30908],[-6.039802,37.308623],[-6.039515,37.308774]]],[[[-6.040865,37.309244],[-6.040924,37.309585],[-6.041263,37.309594],[-6.041552,37.309479],[-6.041793,37.30931],[-6.041768,37.309239],[-6.042007,37.309017],[-6.042063,37.308745],[-6.041626,37.30908],[-6.040865,37.309244]]],[[[-6.049254,37.30355],[-6.048947,37.302955],[-6.046956,37.304204],[-6.048091,37.304373],[-6.049254,37.30355]]],[[[-6.04375,37.28567],[-6.043957,37.285215],[-6.044482,37.285363],[-6.044864,37.285335],[-6.045004,37.28544],[-6.044976,37.285314],[-6.045215,37.285092],[-6.045607,37.285298],[-6.045783,37.285186],[-6.045753,37.285006],[-6.045856,37.284769],[-6.045798,37.284446],[-6.045948,37.284244],[-6.045759,37.284033],[-6.046023,37.283864],[-6.04605,37.283431],[-6.046225,37.2833],[-6.045887,37.283309],[-6.045701,37.283151],[-6.045254,37.283253],[-6.04518,37.283111],[-6.044956,37.283152],[-6.044829,37.283354],[-6.04532,37.283792],[-6.045258,37.28392],[-6.045538,37.284165],[-6.044482,37.283705],[-6.044419,37.283815],[-6.043724,37.283905],[-6.043818,37.284011],[-6.04302,37.283797],[-6.042644,37.284545],[-6.042977,37.285528],[-6.042982,37.285654],[-6.042872,37.285711],[-6.042727,37.286039],[-6.043112,37.286083],[-6.043146,37.286911],[-6.043306,37.286961],[-6.043458,37.286831],[-6.043317,37.286673],[-6.043445,37.285949],[-6.04375,37.28567]]],[[[-5.993972,37.332939],[-5.994001,37.333003],[-5.994427,37.332938],[-5.994677,37.332986],[-5.994872,37.333341],[-5.99503,37.333445],[-5.995493,37.331037],[-5.995189,37.331099],[-5.993988,37.330967],[-5.993505,37.331303],[-5.993432,37.331738],[-5.993972,37.332939]]],[[[-6.015446,37.368165],[-6.024552,37.367143],[-6.024544,37.367718],[-6.024816,37.367845],[-6.024129,37.368055],[-6.021128,37.368005],[-6.01638,37.368839],[-6.015695,37.368674],[-6.01516,37.368196],[-6.015446,37.368165]]],[[[-6.026685,37.371336],[-6.026377,37.37126],[-6.026278,37.37107],[-6.026511,37.37092],[-6.026669,37.370934],[-6.026797,37.371309],[-6.026685,37.371336]]],[[[-6.026149,37.371092],[-6.02636,37.371329],[-6.026051,37.371321],[-6.026149,37.371092]]],[[[-6.016349,37.371324],[-6.016129,37.370458],[-6.016356,37.370367],[-6.016444,37.370045],[-6.016677,37.370068],[-6.016403,37.369792],[-6.016011,37.369189],[-6.016069,37.369022],[-6.016185,37.368949],[-6.021099,37.368092],[-6.024278,37.36811],[-6.024944,37.367886],[-6.025757,37.367232],[-6.026124,37.36747],[-6.026248,37.367059],[-6.026185,37.366748],[-6.02632,37.366744],[-6.026316,37.366902],[-6.027075,37.367536],[-6.027135,37.367791],[-6.02741,37.368014],[-6.027724,37.368471],[-6.02821,37.368832],[-6.028239,37.368889],[-6.028067,37.368969],[-6.028319,37.369314],[-6.028481,37.369227],[-6.029235,37.370166],[-6.029348,37.370163],[-6.029624,37.37058],[-6.029525,37.370795],[-6.028985,37.370967],[-6.028047,37.371181],[-6.026911,37.371314],[-6.026778,37.370823],[-6.02642,37.370905],[-6.026255,37.370747],[-6.02608,37.370877],[-6.025721,37.370923],[-6.025724,37.370995],[-6.026016,37.370969],[-6.02594,37.37124],[-6.025378,37.371359],[-6.019557,37.371237],[-6.018325,37.371352],[-6.016471,37.371657],[-6.016508,37.371572],[-6.016388,37.37149],[-6.016349,37.371324]]],[[[-6.026761,37.371529],[-6.02681,37.371616],[-6.026755,37.371672],[-6.026435,37.371578],[-6.026761,37.371529]]],[[[-6.026238,37.372405],[-6.026165,37.37234],[-6.026162,37.372077],[-6.026414,37.371878],[-6.027276,37.371982],[-6.026926,37.371703],[-6.026942,37.371522],[-6.028302,37.371342],[-6.027496,37.372264],[-6.027264,37.372406],[-6.026497,37.372522],[-6.026238,37.372405]]],[[[-6.021465,37.372204],[-6.019275,37.372309],[-6.016762,37.372612],[-6.016572,37.372089],[-6.016707,37.371925],[-6.016663,37.371856],[-6.0191,37.371458],[-6.020496,37.371418],[-6.025493,37.371545],[-6.026179,37.371596],[-6.02655,37.37173],[-6.026244,37.371796],[-6.025995,37.371984],[-6.025959,37.372362],[-6.026016,37.372489],[-6.026168,37.372554],[-6.026116,37.372592],[-6.023335,37.372249],[-6.021465,37.372204]]],[[[-6.027406,37.37254],[-6.027708,37.372334],[-6.027798,37.372689],[-6.027701,37.373251],[-6.027435,37.37369],[-6.027251,37.37331],[-6.026836,37.372826],[-6.027359,37.372646],[-6.027406,37.37254]]],[[[-5.992357,37.375136],[-5.991542,37.369396],[-5.991577,37.369143],[-5.991474,37.368262],[-5.991629,37.368186],[-5.991668,37.367769],[-5.99322,37.367818],[-5.993265,37.368433],[-5.993448,37.368501],[-5.994227,37.368229],[-5.99437,37.368405],[-5.994221,37.368643],[-5.993502,37.368734],[-5.993472,37.369671],[-5.993657,37.369775],[-5.993454,37.36978],[-5.993418,37.370574],[-5.993655,37.374849],[-5.992357,37.375136]]],[[[-5.995014,37.380261],[-5.993338,37.377658],[-5.992413,37.375408],[-5.993676,37.375111],[-5.993716,37.375608],[-5.99561,37.379124],[-5.99595,37.37923],[-5.996082,37.379494],[-5.99621,37.379438],[-5.996539,37.380059],[-5.996967,37.380306],[-5.995583,37.381024],[-5.995014,37.380261]]],[[[-5.998026,37.383649],[-5.996945,37.382595],[-5.995718,37.381179],[-5.997133,37.38045],[-5.99757,37.381262],[-5.999385,37.383052],[-5.999265,37.38313],[-5.999417,37.383284],[-5.999537,37.383212],[-6.000772,37.384198],[-6.002694,37.385415],[-6.002826,37.385676],[-6.001887,37.386733],[-6.000573,37.385801],[-5.998589,37.384193],[-5.998026,37.383649]]],[[[-6.027363,37.388181],[-6.02729,37.388038],[-6.027381,37.38809],[-6.027363,37.388181]]],[[[-6.027409,37.388198],[-6.027443,37.388398],[-6.027325,37.388344],[-6.027409,37.388198]]],[[[-6.013846,37.387896],[-6.013984,37.387946],[-6.013893,37.388931],[-6.013599,37.388906],[-6.013711,37.387899],[-6.013846,37.387896]]],[[[-6.014444,37.389303],[-6.014348,37.389144],[-6.014411,37.389034],[-6.015298,37.388633],[-6.015547,37.388645],[-6.015269,37.388472],[-6.014821,37.388555],[-6.014295,37.388389],[-6.014199,37.388247],[-6.014318,37.385577],[-6.014529,37.385211],[-6.014407,37.38498],[-6.014309,37.383878],[-6.014465,37.381924],[-6.014616,37.381696],[-6.014769,37.38106],[-6.014622,37.380199],[-6.014748,37.378844],[-6.01494,37.37801],[-6.014865,37.377255],[-6.015165,37.376851],[-6.015136,37.37669],[-6.014998,37.376639],[-6.014984,37.376279],[-6.015191,37.375805],[-6.015989,37.374866],[-6.015947,37.373822],[-6.016151,37.373834],[-6.016233,37.373634],[-6.016674,37.37337],[-6.016898,37.373329],[-6.016932,37.373039],[-6.017067,37.373036],[-6.017128,37.372872],[-6.016833,37.372826],[-6.016805,37.372733],[-6.018532,37.372507],[-6.020631,37.37234],[-6.022714,37.372335],[-6.024422,37.372464],[-6.026088,37.372746],[-6.026237,37.372855],[-6.026224,37.373055],[-6.026679,37.37398],[-6.027097,37.373717],[-6.027172,37.374247],[-6.026701,37.375203],[-6.026416,37.375241],[-6.026221,37.375113],[-6.026164,37.374765],[-6.026215,37.374208],[-6.026093,37.374343],[-6.025976,37.374719],[-6.025993,37.375102],[-6.026372,37.375814],[-6.026431,37.376529],[-6.026007,37.380004],[-6.025448,37.383283],[-6.025288,37.385441],[-6.025186,37.385713],[-6.025437,37.385761],[-6.025472,37.386085],[-6.02541,37.38623],[-6.025461,37.386373],[-6.025529,37.386371],[-6.025519,37.386137],[-6.025608,37.386081],[-6.025643,37.385828],[-6.02564,37.385197],[-6.025736,37.385087],[-6.026215,37.386248],[-6.026931,37.387338],[-6.02722,37.387986],[-6.027107,37.387989],[-6.026871,37.387793],[-6.026417,37.387011],[-6.026032,37.386842],[-6.025707,37.386872],[-6.026186,37.386985],[-6.026303,37.387091],[-6.026699,37.387945],[-6.02606,37.387782],[-6.025068,37.387825],[-6.024961,37.387965],[-6.024601,37.388017],[-6.024712,37.38796],[-6.024531,37.387947],[-6.024504,37.387839],[-6.024999,37.387232],[-6.025163,37.386813],[-6.025067,37.38669],[-6.024856,37.387056],[-6.02451,37.387425],[-6.023212,37.38843],[-6.022071,37.38881],[-6.020658,37.389007],[-6.015967,37.389137],[-6.014444,37.389303]]],[[[-6.013573,37.389252],[-6.013859,37.389254],[-6.013845,37.389381],[-6.013565,37.389361],[-6.013573,37.389252]]],[[[-6.013495,37.389846],[-6.013509,37.389724],[-6.013807,37.389739],[-6.013793,37.389873],[-6.013495,37.389846]]],[[[-6.005563,37.390309],[-6.005382,37.389715],[-6.00507,37.389254],[-6.004396,37.388785],[-6.004389,37.388623],[-6.003623,37.388084],[-6.003642,37.387993],[-6.00334,37.387803],[-6.003336,37.387695],[-6.002311,37.38691],[-6.002054,37.386821],[-6.002972,37.385799],[-6.003774,37.38626],[-6.004225,37.386875],[-6.004913,37.387268],[-6.006597,37.38876],[-6.006934,37.38944],[-6.007097,37.390139],[-6.005563,37.390309]]],[[[-5.998044,37.404607],[-5.996522,37.403789],[-6.003872,37.395955],[-6.005582,37.39699],[-6.005564,37.397099],[-6.005679,37.397168],[-6.005637,37.397241],[-6.005813,37.397111],[-6.005384,37.39768],[-6.005413,37.397842],[-6.0053,37.397845],[-6.005327,37.397952],[-6.005483,37.397894],[-6.005531,37.397965],[-6.004984,37.398429],[-6.004968,37.398574],[-6.004678,37.398599],[-6.004518,37.399333],[-6.004619,37.399466],[-6.004491,37.399646],[-6.003968,37.399572],[-6.004035,37.399553],[-6.004031,37.399445],[-6.004145,37.39946],[-6.004048,37.3993],[-6.004008,37.398869],[-6.004313,37.398591],[-6.00431,37.398501],[-6.00401,37.398346],[-6.003881,37.398511],[-6.003547,37.398628],[-6.003377,37.398903],[-6.003243,37.398942],[-6.002808,37.39935],[-6.002644,37.399786],[-6.001813,37.401033],[-6.000011,37.402845],[-6.000005,37.402701],[-5.999482,37.403183],[-5.999556,37.403343],[-5.999308,37.403349],[-5.99896,37.403682],[-5.998967,37.403862],[-5.998821,37.404172],[-5.998165,37.404712],[-5.998044,37.404607]]],[[[-6.032617,37.409256],[-6.032546,37.408995],[-6.0327,37.408812],[-6.032685,37.408655],[-6.032557,37.408587],[-6.032448,37.408111],[-6.032716,37.408082],[-6.032847,37.408236],[-6.032918,37.408199],[-6.030003,37.404321],[-6.02815,37.401729],[-6.027416,37.400547],[-6.026219,37.398081],[-6.025733,37.396248],[-6.025605,37.394492],[-6.025733,37.393124],[-6.02594,37.39211],[-6.025825,37.392059],[-6.02581,37.392239],[-6.025656,37.392351],[-6.025297,37.39072],[-6.025806,37.391059],[-6.025935,37.391045],[-6.025627,37.390812],[-6.025452,37.390545],[-6.025489,37.390427],[-6.026343,37.390562],[-6.027083,37.390486],[-6.027366,37.390566],[-6.027007,37.390849],[-6.026957,37.390984],[-6.027024,37.390983],[-6.028393,37.390345],[-6.029737,37.389922],[-6.030142,37.389876],[-6.030138,37.389785],[-6.028713,37.389944],[-6.027267,37.390288],[-6.02671,37.390327],[-6.026705,37.390256],[-6.025935,37.390147],[-6.025427,37.389946],[-6.024891,37.389451],[-6.024759,37.389028],[-6.02472,37.388147],[-6.024899,37.388122],[-6.024986,37.388213],[-6.025914,37.388185],[-6.026608,37.388301],[-6.026931,37.388428],[-6.027255,37.388747],[-6.027333,37.389206],[-6.027268,37.389733],[-6.027322,37.389966],[-6.02739,37.389964],[-6.02778,37.388987],[-6.027783,37.388608],[-6.02762,37.38848],[-6.027578,37.388139],[-6.027831,37.388025],[-6.028016,37.388128],[-6.028128,37.388107],[-6.02769,37.387373],[-6.026831,37.386578],[-6.026418,37.386024],[-6.026351,37.386026],[-6.026274,37.385794],[-6.026012,37.385476],[-6.025804,37.384779],[-6.025811,37.383841],[-6.026156,37.381742],[-6.026162,37.381327],[-6.026227,37.381272],[-6.026222,37.380875],[-6.026368,37.380295],[-6.026348,37.379791],[-6.026438,37.379771],[-6.026424,37.379428],[-6.026508,37.379282],[-6.026521,37.37903],[-6.026451,37.378977],[-6.026537,37.378867],[-6.026468,37.378833],[-6.026579,37.378794],[-6.026586,37.378397],[-6.026651,37.378341],[-6.026613,37.377946],[-6.026722,37.377853],[-6.02671,37.377565],[-6.026796,37.377437],[-6.02672,37.37724],[-6.026851,37.377129],[-6.026855,37.376678],[-6.026943,37.376622],[-6.026861,37.376264],[-6.026938,37.375937],[-6.027254,37.375371],[-6.027441,37.374594],[-6.02799,37.373384],[-6.027984,37.372141],[-6.028485,37.371521],[-6.029654,37.37104],[-6.03002,37.371155],[-6.030069,37.371244],[-6.030806,37.371045],[-6.030097,37.371387],[-6.030301,37.371414],[-6.030395,37.371551],[-6.030332,37.371692],[-6.029965,37.371807],[-6.030203,37.372248],[-6.030591,37.372142],[-6.030767,37.372468],[-6.031039,37.372574],[-6.031192,37.372878],[-6.031871,37.37268],[-6.031815,37.372813],[-6.031617,37.372878],[-6.031686,37.373048],[-6.031582,37.373237],[-6.031742,37.373544],[-6.032498,37.373441],[-6.032697,37.373924],[-6.032614,37.373786],[-6.032322,37.373867],[-6.032245,37.373687],[-6.032066,37.373748],[-6.031929,37.373661],[-6.031813,37.373703],[-6.032185,37.374451],[-6.031463,37.374685],[-6.031531,37.374917],[-6.031037,37.375085],[-6.031223,37.375477],[-6.032993,37.374881],[-6.033062,37.374915],[-6.033066,37.375023],[-6.032509,37.3752],[-6.032141,37.375606],[-6.032242,37.375912],[-6.032125,37.375968],[-6.032174,37.376055],[-6.032088,37.376172],[-6.032201,37.37622],[-6.03221,37.376347],[-6.032509,37.376406],[-6.032509,37.376596],[-6.032305,37.376542],[-6.032294,37.376649],[-6.032094,37.376667],[-6.031956,37.377135],[-6.031706,37.377243],[-6.031912,37.377547],[-6.031916,37.377815],[-6.0316,37.378145],[-6.031661,37.37871],[-6.031057,37.379298],[-6.031478,37.380479],[-6.03247,37.381198],[-6.032817,37.381648],[-6.032939,37.383016],[-6.03329,37.383377],[-6.033336,37.384138],[-6.033481,37.384218],[-6.033718,37.386012],[-6.033554,37.387703],[-6.03332,37.387828],[-6.032861,37.387859],[-6.032861,37.38849],[-6.032786,37.38848],[-6.03275,37.388325],[-6.03147,37.388442],[-6.031817,37.388701],[-6.032577,37.388644],[-6.032626,37.38877],[-6.032008,37.388821],[-6.032616,37.389247],[-6.033169,37.388781],[-6.033302,37.38886],[-6.032835,37.389297],[-6.032423,37.389486],[-6.032095,37.389484],[-6.031346,37.389792],[-6.030641,37.389882],[-6.03043,37.389832],[-6.030733,37.389981],[-6.031438,37.390025],[-6.032032,37.389965],[-6.032569,37.389807],[-6.032675,37.389753],[-6.032635,37.38969],[-6.033007,37.3895],[-6.033231,37.389765],[-6.033095,37.390172],[-6.033233,37.391578],[-6.033423,37.391748],[-6.03337,37.392135],[-6.033634,37.39246],[-6.033476,37.392475],[-6.033484,37.392655],[-6.033348,37.392659],[-6.033397,37.393306],[-6.033747,37.393331],[-6.033799,37.393878],[-6.033649,37.393904],[-6.033737,37.394393],[-6.033942,37.394834],[-6.03451,37.397386],[-6.034367,37.397583],[-6.034062,37.39747],[-6.033926,37.397473],[-6.033929,37.397527],[-6.034321,37.397734],[-6.03447,37.398072],[-6.034587,37.398042],[-6.0353,37.398495],[-6.035514,37.398799],[-6.035191,37.398563],[-6.03475,37.39884],[-6.034753,37.39893],[-6.034881,37.398958],[-6.035155,37.398811],[-6.035424,37.398977],[-6.035226,37.399078],[-6.034728,37.399048],[-6.034703,37.399364],[-6.034938,37.399368],[-6.035082,37.399511],[-6.034682,37.399484],[-6.034559,37.400441],[-6.034819,37.400568],[-6.034575,37.400497],[-6.03449,37.400824],[-6.034412,37.400783],[-6.034334,37.400971],[-6.034342,37.401057],[-6.034625,37.401175],[-6.034791,37.4011],[-6.034623,37.401392],[-6.034748,37.401647],[-6.03473,37.401724],[-6.034514,37.401417],[-6.034399,37.40146],[-6.034176,37.401972],[-6.034667,37.40211],[-6.034104,37.401993],[-6.033867,37.402578],[-6.033429,37.40326],[-6.034656,37.404058],[-6.035112,37.403421],[-6.034721,37.404116],[-6.034948,37.404313],[-6.034688,37.404176],[-6.034487,37.404524],[-6.035208,37.404933],[-6.03513,37.404993],[-6.035041,37.404939],[-6.034913,37.405135],[-6.035535,37.405415],[-6.035171,37.405929],[-6.035602,37.406146],[-6.035151,37.405976],[-6.035045,37.406167],[-6.035526,37.406317],[-6.035529,37.406407],[-6.035256,37.406342],[-6.035045,37.406721],[-6.034791,37.406633],[-6.034617,37.406736],[-6.034663,37.40659],[-6.033435,37.406089],[-6.033311,37.406283],[-6.033198,37.406286],[-6.033031,37.406441],[-6.03549,37.407098],[-6.035492,37.407159],[-6.034898,37.406999],[-6.034838,37.407181],[-6.034769,37.407165],[-6.034808,37.407002],[-6.0341,37.406804],[-6.033991,37.407059],[-6.035441,37.407515],[-6.03247,37.406737],[-6.032473,37.4068],[-6.032818,37.406963],[-6.035422,37.407653],[-6.035447,37.407724],[-6.035131,37.407732],[-6.035157,37.407822],[-6.035023,37.407843],[-6.034857,37.408636],[-6.034721,37.408607],[-6.034701,37.408763],[-6.034472,37.409013],[-6.034327,37.409069],[-6.033914,37.408917],[-6.033925,37.409205],[-6.0337,37.409211],[-6.033882,37.409413],[-6.034338,37.409613],[-6.033216,37.409581],[-6.033039,37.409426],[-6.032662,37.409421],[-6.032617,37.409256]]],[[[-6.033308,37.409759],[-6.033282,37.409691],[-6.03366,37.409694],[-6.033308,37.409759]]],[[[-6.034198,37.409748],[-6.033967,37.409704],[-6.034405,37.409718],[-6.034438,37.409809],[-6.034198,37.409748]]],[[[-6.034492,37.410886],[-6.034709,37.410699],[-6.034611,37.410771],[-6.034764,37.410982],[-6.034705,37.411184],[-6.034798,37.412354],[-6.034548,37.412297],[-6.03436,37.411165],[-6.034492,37.410886]]],[[[-5.993965,37.41327],[-5.993947,37.41319],[-5.994218,37.413248],[-5.994178,37.413517],[-5.99402,37.413521],[-5.993965,37.41327]]],[[[-6.03365,37.413171],[-6.033546,37.413171],[-6.033689,37.412976],[-6.0338,37.413001],[-6.03365,37.413171]]],[[[-6.033865,37.413297],[-6.033827,37.413216],[-6.03397,37.413044],[-6.034084,37.41308],[-6.034063,37.41328],[-6.033865,37.413297]]],[[[-6.034204,37.413202],[-6.034214,37.413121],[-6.034334,37.413159],[-6.034613,37.413368],[-6.034647,37.413656],[-6.034188,37.413328],[-6.034204,37.413202]]],[[[-6.032231,37.413011],[-6.032263,37.412798],[-6.032645,37.412734],[-6.032831,37.412873],[-6.032962,37.412762],[-6.032263,37.412407],[-6.032542,37.410654],[-6.032995,37.410121],[-6.033356,37.409886],[-6.033853,37.409822],[-6.03441,37.409982],[-6.034383,37.41006],[-6.034534,37.410115],[-6.034619,37.410262],[-6.034556,37.410651],[-6.034307,37.411063],[-6.034086,37.41039],[-6.033918,37.410682],[-6.033978,37.41106],[-6.033815,37.411128],[-6.033314,37.411152],[-6.032817,37.410855],[-6.033007,37.411085],[-6.0329,37.411223],[-6.03293,37.411319],[-6.033116,37.411532],[-6.033109,37.411934],[-6.032964,37.412041],[-6.032938,37.412506],[-6.033279,37.41279],[-6.033459,37.412749],[-6.033467,37.41295],[-6.033578,37.412963],[-6.033412,37.413187],[-6.033251,37.413205],[-6.033017,37.413553],[-6.033097,37.413858],[-6.032993,37.414077],[-6.032949,37.414126],[-6.03286,37.414053],[-6.032487,37.413607],[-6.032231,37.413011]]],[[[-6.03155,37.416311],[-6.031987,37.414355],[-6.031858,37.414335],[-6.032093,37.413134],[-6.032489,37.41383],[-6.032877,37.414208],[-6.032798,37.414298],[-6.032434,37.414235],[-6.032437,37.414307],[-6.033241,37.414647],[-6.033083,37.414651],[-6.032952,37.414762],[-6.032478,37.415333],[-6.032226,37.415808],[-6.032084,37.416296],[-6.03155,37.416311]]],[[[-6.032593,37.41591],[-6.032748,37.415867],[-6.032723,37.415795],[-6.032921,37.415664],[-6.033366,37.415491],[-6.03417,37.415272],[-6.034421,37.415319],[-6.033149,37.415712],[-6.033131,37.415821],[-6.033038,37.415769],[-6.032951,37.415844],[-6.033054,37.416165],[-6.032924,37.416304],[-6.032354,37.416296],[-6.032593,37.41591]]],[[[-6.031537,37.416637],[-6.031536,37.416375],[-6.03206,37.416361],[-6.031959,37.416464],[-6.031803,37.417063],[-6.031095,37.418],[-6.030744,37.418261],[-6.031295,37.417364],[-6.031537,37.416637]]],[[[-5.950206,37.424593],[-5.950442,37.424547],[-5.950506,37.424456],[-5.950924,37.424409],[-5.950984,37.424564],[-5.950252,37.424711],[-5.950206,37.424593]]],[[[-5.951589,37.424987],[-5.95151,37.424701],[-5.951956,37.424546],[-5.951568,37.424447],[-5.951133,37.424535],[-5.951066,37.424316],[-5.951407,37.424361],[-5.951404,37.424307],[-5.952488,37.42428],[-5.952554,37.424224],[-5.953775,37.424248],[-5.95393,37.424172],[-5.957775,37.424415],[-5.957619,37.424628],[-5.957131,37.424542],[-5.956865,37.424675],[-5.956392,37.424723],[-5.956118,37.42464],[-5.955825,37.424683],[-5.955751,37.424505],[-5.955369,37.424568],[-5.955275,37.424463],[-5.954796,37.424366],[-5.954505,37.424428],[-5.954421,37.424592],[-5.953897,37.424479],[-5.953837,37.424679],[-5.953595,37.424847],[-5.953186,37.424785],[-5.952877,37.424973],[-5.951998,37.425049],[-5.951754,37.425145],[-5.951589,37.424987]]],[[[-5.959696,37.424838],[-5.958466,37.424599],[-5.957756,37.424648],[-5.957891,37.424426],[-5.959437,37.424575],[-5.960514,37.424902],[-5.960539,37.425173],[-5.959696,37.424838]]],[[[-5.949843,37.424833],[-5.949948,37.424614],[-5.950124,37.42475],[-5.9499,37.42512],[-5.949631,37.42518],[-5.948662,37.425835],[-5.948571,37.425801],[-5.948565,37.425657],[-5.949447,37.425095],[-5.949574,37.424875],[-5.949843,37.424833]]],[[[-5.960596,37.425139],[-5.960575,37.424927],[-5.96143,37.425282],[-5.962193,37.425713],[-5.963101,37.426393],[-5.964071,37.427486],[-5.964532,37.428303],[-5.964769,37.429144],[-5.964862,37.429214],[-5.965026,37.430881],[-5.964735,37.4309],[-5.964495,37.429079],[-5.964144,37.428205],[-5.963668,37.427586],[-5.963098,37.42688],[-5.962446,37.426256],[-5.960616,37.425213],[-5.960596,37.425139]]],[[[-5.983737,37.430861],[-5.986354,37.427555],[-5.9866,37.427477],[-5.987047,37.427916],[-5.987059,37.428222],[-5.987182,37.428472],[-5.986671,37.428701],[-5.986651,37.428773],[-5.986811,37.428823],[-5.987372,37.428701],[-5.987784,37.429411],[-5.988039,37.429585],[-5.987997,37.429658],[-5.988116,37.429817],[-5.988056,37.429999],[-5.98654,37.430524],[-5.984208,37.431538],[-5.983869,37.431547],[-5.983428,37.431252],[-5.983737,37.430861]]],[[[-5.965551,37.434431],[-5.96554,37.434369],[-5.965336,37.434356],[-5.965398,37.434193],[-5.965165,37.434036],[-5.965156,37.433802],[-5.965022,37.433842],[-5.964974,37.433771],[-5.965077,37.433516],[-5.964736,37.430922],[-5.96503,37.430902],[-5.965073,37.431119],[-5.965141,37.431135],[-5.965075,37.431173],[-5.965186,37.431693],[-5.965151,37.431946],[-5.965271,37.432141],[-5.965306,37.433023],[-5.965416,37.433525],[-5.965923,37.434342],[-5.966164,37.434588],[-5.966052,37.434861],[-5.965551,37.434431]]],[[[-5.973409,37.435977],[-5.973954,37.435888],[-5.973742,37.436255],[-5.973213,37.436274],[-5.973409,37.435977]]],[[[-5.972545,37.436277],[-5.972575,37.435982],[-5.973039,37.435964],[-5.972825,37.436288],[-5.972545,37.436277]]],[[[-5.967557,37.435652],[-5.966731,37.435348],[-5.966568,37.435208],[-5.966458,37.435283],[-5.966317,37.435161],[-5.966358,37.435065],[-5.96617,37.434936],[-5.966277,37.434711],[-5.966643,37.434828],[-5.967083,37.435105],[-5.967701,37.435288],[-5.971681,37.435927],[-5.972376,37.435946],[-5.972375,37.436304],[-5.971199,37.436299],[-5.967557,37.435652]]],[[[-6.044934,37.456749],[-6.044841,37.456679],[-6.044722,37.45676],[-6.044698,37.456485],[-6.044808,37.45641],[-6.044773,37.456104],[-6.044549,37.455606],[-6.044567,37.455497],[-6.044737,37.45524],[-6.045164,37.455157],[-6.045371,37.45526],[-6.045499,37.455077],[-6.044344,37.454401],[-6.04398,37.454059],[-6.042673,37.45172],[-6.042589,37.451711],[-6.042533,37.451811],[-6.042471,37.451763],[-6.040268,37.449397],[-6.040005,37.449264],[-6.037581,37.446974],[-6.035988,37.44528],[-6.03493,37.443815],[-6.034498,37.443039],[-6.034035,37.442043],[-6.033693,37.441053],[-6.033271,37.439278],[-6.032779,37.436182],[-6.032492,37.43401],[-6.032494,37.432606],[-6.032454,37.432406],[-6.032342,37.432373],[-6.032153,37.432076],[-6.031782,37.429689],[-6.032165,37.429631],[-6.032096,37.429368],[-6.031352,37.427814],[-6.031168,37.427699],[-6.02955,37.424849],[-6.029144,37.423973],[-6.028969,37.423238],[-6.029014,37.421874],[-6.029148,37.421834],[-6.02905,37.421638],[-6.029086,37.421403],[-6.02941,37.420494],[-6.030241,37.419247],[-6.031691,37.41766],[-6.032032,37.417147],[-6.032237,37.416637],[-6.032372,37.416615],[-6.032323,37.416358],[-6.03287,37.416362],[-6.032794,37.416442],[-6.032807,37.416748],[-6.032877,37.416801],[-6.032786,37.416803],[-6.032789,37.416875],[-6.033808,37.416939],[-6.033902,37.417009],[-6.033584,37.416981],[-6.032981,37.41714],[-6.032797,37.417073],[-6.032558,37.417313],[-6.03266,37.417599],[-6.032823,37.417703],[-6.033338,37.4176],[-6.03388,37.417604],[-6.033905,37.417657],[-6.03248,37.417856],[-6.032603,37.41839],[-6.034084,37.418175],[-6.03406,37.418348],[-6.033283,37.418484],[-6.03336,37.420374],[-6.033588,37.420423],[-6.033697,37.42033],[-6.033967,37.420305],[-6.033925,37.420396],[-6.034039,37.420411],[-6.034126,37.420319],[-6.034205,37.420605],[-6.034381,37.420492],[-6.03461,37.420559],[-6.034633,37.421135],[-6.03481,37.421599],[-6.034822,37.421887],[-6.034624,37.422018],[-6.034637,37.422342],[-6.034957,37.422442],[-6.035057,37.422674],[-6.034973,37.422838],[-6.033597,37.422891],[-6.033526,37.422803],[-6.033564,37.42264],[-6.033087,37.422562],[-6.033209,37.422793],[-6.033507,37.422912],[-6.033284,37.422971],[-6.03327,37.423089],[-6.034324,37.422981],[-6.034353,37.423142],[-6.034465,37.423121],[-6.034573,37.423569],[-6.034891,37.423615],[-6.035043,37.423449],[-6.035245,37.423426],[-6.035347,37.423711],[-6.035534,37.423869],[-6.035341,37.424108],[-6.035591,37.424156],[-6.035369,37.424251],[-6.035463,37.424898],[-6.035598,37.424336],[-6.035695,37.424477],[-6.035785,37.424475],[-6.035769,37.424638],[-6.035905,37.424652],[-6.035946,37.424543],[-6.036126,37.42452],[-6.036202,37.424735],[-6.036065,37.425261],[-6.036065,37.425819],[-6.035673,37.426172],[-6.035644,37.426587],[-6.035578,37.426625],[-6.035582,37.426733],[-6.035719,37.426765],[-6.035738,37.427233],[-6.035939,37.427174],[-6.035968,37.427336],[-6.03606,37.427369],[-6.036023,37.427568],[-6.035797,37.427574],[-6.035799,37.428224],[-6.037388,37.42948],[-6.03739,37.429534],[-6.037231,37.429502],[-6.036788,37.429171],[-6.036962,37.429563],[-6.037122,37.429613],[-6.036767,37.429766],[-6.036313,37.429724],[-6.036162,37.42989],[-6.036214,37.43005],[-6.036329,37.430102],[-6.036598,37.430059],[-6.036872,37.430124],[-6.03696,37.430067],[-6.037213,37.430187],[-6.036949,37.430356],[-6.03693,37.430447],[-6.036615,37.430473],[-6.036487,37.430656],[-6.036221,37.430789],[-6.036278,37.431076],[-6.0362,37.431384],[-6.036435,37.432171],[-6.036696,37.432489],[-6.036236,37.432284],[-6.035759,37.432225],[-6.035691,37.432767],[-6.035869,37.433614],[-6.036073,37.434037],[-6.036038,37.434731],[-6.036122,37.435069],[-6.03606,37.43519],[-6.036128,37.435207],[-6.03616,37.435422],[-6.036272,37.435419],[-6.036442,37.435703],[-6.036532,37.435701],[-6.036466,37.435739],[-6.036543,37.435971],[-6.036695,37.43594],[-6.036723,37.43602],[-6.036565,37.436058],[-6.036744,37.43649],[-6.037394,37.436328],[-6.03741,37.43613],[-6.037567,37.436125],[-6.037674,37.435996],[-6.038124,37.43593],[-6.038283,37.435962],[-6.038271,37.436215],[-6.038542,37.436208],[-6.038505,37.436425],[-6.038328,37.436502],[-6.038554,37.436514],[-6.038605,37.436657],[-6.038695,37.436636],[-6.038568,37.436297],[-6.038624,37.436217],[-6.038803,37.436252],[-6.038818,37.436327],[-6.038683,37.436348],[-6.038687,37.436438],[-6.038978,37.436377],[-6.038971,37.436197],[-6.039038,37.436195],[-6.039067,37.436338],[-6.039358,37.436277],[-6.039329,37.436115],[-6.039396,37.436096],[-6.039469,37.43622],[-6.039805,37.436157],[-6.039824,37.436067],[-6.040418,37.436214],[-6.041796,37.436196],[-6.041801,37.436322],[-6.041169,37.436356],[-6.041107,37.436502],[-6.039974,37.436423],[-6.039932,37.436496],[-6.039772,37.436464],[-6.038457,37.436871],[-6.03832,37.436862],[-6.038383,37.436752],[-6.03789,37.436297],[-6.037803,37.436371],[-6.038248,37.436774],[-6.038057,37.437085],[-6.037153,37.43716],[-6.037067,37.437235],[-6.037174,37.437434],[-6.037013,37.437342],[-6.036434,37.437541],[-6.036553,37.437973],[-6.036499,37.437992],[-6.036718,37.438615],[-6.037255,37.438475],[-6.037296,37.438537],[-6.037122,37.438601],[-6.037367,37.439013],[-6.038305,37.438737],[-6.03829,37.438806],[-6.037444,37.439111],[-6.038058,37.439921],[-6.038465,37.439745],[-6.038434,37.439689],[-6.038661,37.439719],[-6.038666,37.439845],[-6.038897,37.439965],[-6.038905,37.440163],[-6.038773,37.440257],[-6.038802,37.440418],[-6.039046,37.440286],[-6.039127,37.440049],[-6.039201,37.440209],[-6.03945,37.440221],[-6.039452,37.440275],[-6.039293,37.440261],[-6.039421,37.440482],[-6.04025,37.440453],[-6.04029,37.440308],[-6.040545,37.440481],[-6.040738,37.440765],[-6.040976,37.440506],[-6.040969,37.440344],[-6.041129,37.440376],[-6.041202,37.440518],[-6.041311,37.440407],[-6.041757,37.44027],[-6.041258,37.440769],[-6.041158,37.441096],[-6.041262,37.441436],[-6.041832,37.442124],[-6.043188,37.443242],[-6.044048,37.443815],[-6.04446,37.443948],[-6.04484,37.443849],[-6.045542,37.443867],[-6.045546,37.443975],[-6.045297,37.443963],[-6.044965,37.444134],[-6.045251,37.444505],[-6.045197,37.444831],[-6.045729,37.4457],[-6.046294,37.446262],[-6.047249,37.448057],[-6.047287,37.448453],[-6.047672,37.448461],[-6.047517,37.448537],[-6.047392,37.448793],[-6.047209,37.448743],[-6.047193,37.448906],[-6.04733,37.448938],[-6.047333,37.449028],[-6.047119,37.449161],[-6.046547,37.453031],[-6.046779,37.453187],[-6.047072,37.453162],[-6.047144,37.453268],[-6.047106,37.453449],[-6.047357,37.453497],[-6.047316,37.453606],[-6.047181,37.453628],[-6.047363,37.453659],[-6.047764,37.453504],[-6.047782,37.453396],[-6.047939,37.453356],[-6.0482,37.453115],[-6.048489,37.45354],[-6.048698,37.453696],[-6.048857,37.45371],[-6.048886,37.453872],[-6.049025,37.45394],[-6.048838,37.453242],[-6.048878,37.453115],[-6.048806,37.453009],[-6.048894,37.452935],[-6.048801,37.452883],[-6.048791,37.452649],[-6.048991,37.452554],[-6.049084,37.452605],[-6.049281,37.452456],[-6.049443,37.452542],[-6.049926,37.452205],[-6.050449,37.452282],[-6.050486,37.452082],[-6.050868,37.452019],[-6.051011,37.452754],[-6.05085,37.453244],[-6.051568,37.453118],[-6.051491,37.452885],[-6.051762,37.452878],[-6.051704,37.453114],[-6.052022,37.45316],[-6.051638,37.45317],[-6.051582,37.45346],[-6.051266,37.453468],[-6.051113,37.453598],[-6.051274,37.453666],[-6.051278,37.453756],[-6.051075,37.453761],[-6.051069,37.453617],[-6.050928,37.453495],[-6.050775,37.453625],[-6.050692,37.453807],[-6.050873,37.453803],[-6.050926,37.453999],[-6.051159,37.454174],[-6.050931,37.454125],[-6.050799,37.454201],[-6.050766,37.454508],[-6.050586,37.454531],[-6.050218,37.454378],[-6.050088,37.454526],[-6.049999,37.454546],[-6.049858,37.454423],[-6.049726,37.454499],[-6.049796,37.454569],[-6.049683,37.454572],[-6.04968,37.4545],[-6.049473,37.454397],[-6.049178,37.454369],[-6.049125,37.454172],[-6.048989,37.454176],[-6.048221,37.454586],[-6.046947,37.455093],[-6.046611,37.455174],[-6.046199,37.45504],[-6.04579,37.455556],[-6.046067,37.455693],[-6.046033,37.455982],[-6.046141,37.456394],[-6.045749,37.456223],[-6.045569,37.456246],[-6.045899,37.45658],[-6.04596,37.456957],[-6.045787,37.457142],[-6.045246,37.457192],[-6.045039,37.457089],[-6.044934,37.456749]]],[[[-5.967594,37.468594],[-5.96755,37.467478],[-5.967709,37.46751],[-5.967838,37.467326],[-5.967746,37.46731],[-5.967809,37.467165],[-5.967777,37.466931],[-5.967498,37.46674],[-5.967491,37.46656],[-5.967642,37.466394],[-5.967659,37.466249],[-5.967835,37.466119],[-5.967846,37.46583],[-5.967955,37.465719],[-5.967988,37.465412],[-5.968076,37.465356],[-5.968089,37.465103],[-5.968355,37.464988],[-5.968418,37.464861],[-5.968368,37.464736],[-5.968705,37.464691],[-5.968948,37.464541],[-5.968916,37.46429],[-5.96915,37.463923],[-5.969321,37.463108],[-5.969648,37.462793],[-5.969763,37.462268],[-5.969472,37.462347],[-5.969171,37.462175],[-5.969189,37.462048],[-5.969117,37.46196],[-5.969007,37.462017],[-5.969002,37.461909],[-5.969093,37.461924],[-5.96908,37.461582],[-5.969258,37.461506],[-5.969141,37.461419],[-5.969252,37.461362],[-5.969159,37.46131],[-5.969233,37.460876],[-5.969365,37.460782],[-5.969273,37.460748],[-5.969386,37.460187],[-5.969309,37.459937],[-5.969419,37.459862],[-5.969531,37.459264],[-5.969713,37.459314],[-5.969719,37.45917],[-5.969594,37.459155],[-5.969607,37.458902],[-5.969684,37.458576],[-5.969796,37.458537],[-5.969722,37.458394],[-5.969827,37.458176],[-5.969834,37.457797],[-5.96997,37.457812],[-5.970006,37.457576],[-5.969915,37.457543],[-5.96991,37.457435],[-5.970024,37.45745],[-5.969991,37.45718],[-5.970245,37.456759],[-5.97015,37.456636],[-5.970135,37.456834],[-5.970067,37.456818],[-5.97006,37.456638],[-5.970213,37.456508],[-5.970514,37.456699],[-5.970521,37.456861],[-5.970835,37.456817],[-5.970913,37.45649],[-5.971089,37.456378],[-5.971201,37.45578],[-5.971811,37.455188],[-5.972432,37.454884],[-5.972449,37.454758],[-5.972602,37.454628],[-5.972825,37.45455],[-5.973165,37.454559],[-5.973146,37.454091],[-5.973319,37.453889],[-5.973294,37.453817],[-5.975366,37.454198],[-5.975469,37.453943],[-5.975715,37.453882],[-5.975677,37.453505],[-5.975871,37.453248],[-5.975863,37.453068],[-5.975704,37.453036],[-5.975996,37.452416],[-5.976289,37.452408],[-5.976327,37.452227],[-5.976236,37.452193],[-5.976435,37.452098],[-5.976605,37.451824],[-5.97755,37.45171],[-5.977545,37.451584],[-5.977654,37.451491],[-5.977645,37.451257],[-5.977754,37.451164],[-5.977669,37.450716],[-5.977765,37.450299],[-5.977645,37.450103],[-5.979419,37.449824],[-5.979458,37.449661],[-5.979388,37.449609],[-5.979752,37.449672],[-5.979749,37.449582],[-5.97995,37.449523],[-5.979969,37.449432],[-5.97976,37.449311],[-5.979604,37.448793],[-5.979128,37.44875],[-5.978863,37.448901],[-5.978659,37.448906],[-5.978471,37.449272],[-5.978335,37.449275],[-5.977662,37.448824],[-5.977635,37.448716],[-5.977047,37.448154],[-5.977471,37.447999],[-5.977502,37.447656],[-5.977024,37.44756],[-5.977471,37.447441],[-5.977523,37.447043],[-5.976935,37.44704],[-5.976899,37.447275],[-5.976016,37.447225],[-5.975002,37.447305],[-5.974093,37.447183],[-5.973237,37.447259],[-5.972597,37.447654],[-5.972414,37.447586],[-5.972395,37.447695],[-5.971869,37.448104],[-5.97174,37.447693],[-5.971377,37.447648],[-5.971464,37.447574],[-5.971451,37.44725],[-5.971721,37.447207],[-5.972157,37.447376],[-5.971972,37.446696],[-5.972101,37.446531],[-5.971861,37.446194],[-5.97175,37.445675],[-5.971658,37.445623],[-5.971771,37.44562],[-5.971791,37.445547],[-5.971775,37.445151],[-5.971739,37.445386],[-5.971603,37.445372],[-5.971612,37.445029],[-5.9717,37.444973],[-5.971615,37.444525],[-5.971686,37.444036],[-5.972,37.443992],[-5.972052,37.444153],[-5.972185,37.444096],[-5.972133,37.443917],[-5.972197,37.443825],[-5.971793,37.443889],[-5.971965,37.443669],[-5.971781,37.443601],[-5.971753,37.442881],[-5.971953,37.442804],[-5.972122,37.442511],[-5.971932,37.442264],[-5.971961,37.441867],[-5.972139,37.44179],[-5.972178,37.441627],[-5.972267,37.441607],[-5.972294,37.441138],[-5.972603,37.44095],[-5.973408,37.440731],[-5.974436,37.440072],[-5.974418,37.439984],[-5.97608,37.439608],[-5.976981,37.439596],[-5.976906,37.439537],[-5.97605,37.439538],[-5.973503,37.440109],[-5.97327,37.440104],[-5.972549,37.440333],[-5.972167,37.440222],[-5.972228,37.439463],[-5.972358,37.439334],[-5.972348,37.439064],[-5.972689,37.438551],[-5.972561,37.438175],[-5.972738,37.438081],[-5.973231,37.437402],[-5.973457,37.437414],[-5.973384,37.437272],[-5.973889,37.436898],[-5.973908,37.436808],[-5.974153,37.436712],[-5.974194,37.436602],[-5.974485,37.436541],[-5.974338,37.436238],[-5.973933,37.436247],[-5.974123,37.435856],[-5.975507,37.435524],[-5.979548,37.434086],[-5.979474,37.434636],[-5.979316,37.434864],[-5.979249,37.435891],[-5.979326,37.436027],[-5.979559,37.435568],[-5.979718,37.434916],[-5.979633,37.43457],[-5.979725,37.434019],[-5.981242,37.433295],[-5.982656,37.432298],[-5.984084,37.43183],[-5.988529,37.430089],[-5.989567,37.432143],[-5.989768,37.43231],[-5.989747,37.431965],[-5.989187,37.430686],[-5.98902,37.430607],[-5.988655,37.430038],[-5.996548,37.427045],[-5.996699,37.426879],[-5.996688,37.426591],[-5.99723,37.426595],[-5.997341,37.426538],[-5.997423,37.426338],[-5.997562,37.426424],[-5.997502,37.426606],[-5.99775,37.426582],[-5.99781,37.4264],[-5.997532,37.426227],[-5.997649,37.425773],[-5.997378,37.425762],[-5.997376,37.425708],[-5.997599,37.425631],[-5.997737,37.425699],[-5.99839,37.425647],[-5.998381,37.42543],[-5.998495,37.425446],[-5.998537,37.425372],[-5.998173,37.42531],[-5.997988,37.425188],[-5.997912,37.424992],[-5.997658,37.424854],[-5.997625,37.424603],[-5.997424,37.424662],[-5.9974,37.425185],[-5.997009,37.425573],[-5.996666,37.425474],[-5.996514,37.42564],[-5.996401,37.425643],[-5.996282,37.425484],[-5.996101,37.42547],[-5.996547,37.425333],[-5.996568,37.425278],[-5.996455,37.425281],[-5.996562,37.425134],[-5.99681,37.425128],[-5.996888,37.42482],[-5.996839,37.424713],[-5.997014,37.424582],[-5.997187,37.423821],[-5.996926,37.423503],[-5.996705,37.423617],[-5.996388,37.423607],[-5.996181,37.423504],[-5.99592,37.423781],[-5.995933,37.424087],[-5.995525,37.424061],[-5.995219,37.424321],[-5.995612,37.424546],[-5.995663,37.424689],[-5.995913,37.424736],[-5.995815,37.425099],[-5.995885,37.425151],[-5.995658,37.425121],[-5.995696,37.42494],[-5.995488,37.424837],[-5.995262,37.424843],[-5.995197,37.424917],[-5.995168,37.424737],[-5.995087,37.424991],[-5.994933,37.425085],[-5.994702,37.424947],[-5.994498,37.424934],[-5.99462,37.424607],[-5.994197,37.423626],[-5.994762,37.42363],[-5.99489,37.423447],[-5.994425,37.423116],[-5.994245,37.423121],[-5.994028,37.423342],[-5.993871,37.423382],[-5.993847,37.423906],[-5.99365,37.424073],[-5.993638,37.424343],[-5.993369,37.424404],[-5.993374,37.424512],[-5.993161,37.424283],[-5.99312,37.424375],[-5.992984,37.424378],[-5.993063,37.424088],[-5.992602,37.423847],[-5.992892,37.423768],[-5.992906,37.423551],[-5.992636,37.423576],[-5.992599,37.423793],[-5.992192,37.423767],[-5.992006,37.423646],[-5.992041,37.423393],[-5.991836,37.423344],[-5.991576,37.423621],[-5.991571,37.423495],[-5.991319,37.423429],[-5.991313,37.423267],[-5.991132,37.423272],[-5.991127,37.423128],[-5.990946,37.423132],[-5.990942,37.423024],[-5.991053,37.422985],[-5.990755,37.422867],[-5.990698,37.42258],[-5.99054,37.422584],[-5.990431,37.422677],[-5.990468,37.422477],[-5.990562,37.422565],[-5.990692,37.422436],[-5.990371,37.4223],[-5.990367,37.42221],[-5.99068,37.422112],[-5.99067,37.421878],[-5.990557,37.421862],[-5.990637,37.421608],[-5.990323,37.42167],[-5.989958,37.421589],[-5.989893,37.421663],[-5.989969,37.421283],[-5.989783,37.421161],[-5.989837,37.420799],[-5.98977,37.420837],[-5.989738,37.420586],[-5.989891,37.420474],[-5.990045,37.42092],[-5.990112,37.420901],[-5.990303,37.421166],[-5.990307,37.420697],[-5.9906,37.42069],[-5.991189,37.421288],[-5.991761,37.421454],[-5.991938,37.421377],[-5.991749,37.421166],[-5.992009,37.420889],[-5.992487,37.420967],[-5.993104,37.420573],[-5.994158,37.420384],[-5.994525,37.420518],[-5.994005,37.419937],[-5.994229,37.419895],[-5.994257,37.420021],[-5.994697,37.420298],[-5.99464,37.42057],[-5.994754,37.420585],[-5.994665,37.420623],[-5.994721,37.420892],[-5.995181,37.421097],[-5.995116,37.42117],[-5.995148,37.421404],[-5.995037,37.421461],[-5.995336,37.421579],[-5.995338,37.421651],[-5.996044,37.421777],[-5.996277,37.421393],[-5.996461,37.421479],[-5.997181,37.421406],[-5.997033,37.421086],[-5.996611,37.4207],[-5.996157,37.420639],[-5.996142,37.420838],[-5.995758,37.420848],[-5.995822,37.420756],[-5.995573,37.420744],[-5.995488,37.420872],[-5.995353,37.420894],[-5.995262,37.420878],[-5.995254,37.420662],[-5.995025,37.420596],[-5.995271,37.420518],[-5.995355,37.420371],[-5.995877,37.420412],[-5.995828,37.420323],[-5.995993,37.419941],[-5.996529,37.419765],[-5.996521,37.419567],[-5.996671,37.419383],[-5.996019,37.418877],[-5.995365,37.418911],[-5.995282,37.419094],[-5.994969,37.419174],[-5.994897,37.419085],[-5.995046,37.418847],[-5.994331,37.418487],[-5.994323,37.418271],[-5.994137,37.41815],[-5.993962,37.418298],[-5.994003,37.418766],[-5.993873,37.418895],[-5.993884,37.419165],[-5.993748,37.419169],[-5.99374,37.418971],[-5.993604,37.418956],[-5.993175,37.418949],[-5.993113,37.419113],[-5.992857,37.418921],[-5.992889,37.418596],[-5.992863,37.418506],[-5.992726,37.418474],[-5.992721,37.418348],[-5.99236,37.418357],[-5.99203,37.418581],[-5.991706,37.418373],[-5.99148,37.41782],[-5.991462,37.417352],[-5.991254,37.417231],[-5.991273,37.417159],[-5.990872,37.416736],[-5.990611,37.416995],[-5.99052,37.416962],[-5.99049,37.416224],[-5.990258,37.416049],[-5.989675,37.417307],[-5.989523,37.418032],[-5.989571,37.418103],[-5.989363,37.418559],[-5.989412,37.420342],[-5.989485,37.420484],[-5.989642,37.420444],[-5.98958,37.42059],[-5.98951,37.420537],[-5.989519,37.420771],[-5.989681,37.420857],[-5.989614,37.420895],[-5.989643,37.421057],[-5.989575,37.42104],[-5.989649,37.421201],[-5.989582,37.42122],[-5.989658,37.421417],[-5.989797,37.421503],[-5.989733,37.421595],[-5.989831,37.421809],[-5.990433,37.422731],[-5.990477,37.422693],[-5.990548,37.422782],[-5.99053,37.42289],[-5.990786,37.423082],[-5.990813,37.42319],[-5.99172,37.423833],[-5.991694,37.423762],[-5.991785,37.42376],[-5.991812,37.423885],[-5.992342,37.424142],[-5.992507,37.4243],[-5.993633,37.424776],[-5.996412,37.426161],[-5.996376,37.426556],[-5.996216,37.426858],[-5.99506,37.427292],[-5.994682,37.427361],[-5.992827,37.426459],[-5.992538,37.426227],[-5.992358,37.42625],[-5.99224,37.426109],[-5.991735,37.425923],[-5.991339,37.425627],[-5.991158,37.425614],[-5.989941,37.424563],[-5.989645,37.424499],[-5.989616,37.424337],[-5.989427,37.424144],[-5.98947,37.424089],[-5.989355,37.424019],[-5.988048,37.421854],[-5.987688,37.41961],[-5.98787,37.417948],[-5.988182,37.416696],[-5.989009,37.414189],[-5.989427,37.413926],[-5.989642,37.41365],[-5.989681,37.413482],[-5.991505,37.413525],[-5.991362,37.413715],[-5.99087,37.414989],[-5.991145,37.415072],[-5.991173,37.415215],[-5.991498,37.415423],[-5.991701,37.415418],[-5.991772,37.415488],[-5.991808,37.41583],[-5.992054,37.415769],[-5.992734,37.415824],[-5.992663,37.415736],[-5.993,37.415709],[-5.99348,37.415283],[-5.993328,37.414854],[-5.993686,37.414773],[-5.993904,37.414569],[-5.993766,37.414501],[-5.993714,37.41434],[-5.993892,37.414281],[-5.993732,37.414231],[-5.993796,37.414139],[-5.993748,37.414051],[-5.993906,37.414047],[-5.993971,37.413991],[-5.99392,37.413841],[-5.994187,37.413735],[-5.99419,37.41381],[-5.994999,37.413712],[-5.998595,37.413783],[-5.998572,37.41357],[-6.004596,37.413634],[-6.004578,37.413882],[-6.004372,37.413966],[-6.004086,37.414959],[-6.003938,37.415216],[-6.003447,37.415354],[-6.003325,37.4157],[-6.003097,37.415633],[-6.002898,37.415747],[-6.002814,37.415911],[-6.002884,37.415963],[-6.002853,37.416883],[-6.002967,37.416916],[-6.002938,37.417313],[-6.002565,37.417593],[-6.002484,37.41783],[-6.002178,37.41809],[-6.002215,37.418449],[-6.001801,37.41882],[-6.001576,37.418844],[-6.000326,37.419795],[-6.00033,37.419903],[-6.000581,37.419968],[-6.000731,37.419766],[-6.001001,37.419741],[-6.001084,37.419541],[-6.001512,37.419512],[-6.001258,37.419951],[-6.000909,37.420266],[-6.000956,37.42086],[-6.000779,37.420954],[-6.000792,37.421297],[-6.000262,37.421598],[-6.000454,37.421882],[-6.000702,37.421875],[-6.00085,37.422178],[-6.000536,37.422222],[-6.0005,37.422457],[-6.000681,37.422471],[-6.000561,37.422852],[-6.00067,37.423318],[-6.000783,37.423315],[-6.000971,37.423509],[-6.001234,37.423304],[-6.001392,37.4233],[-6.001675,37.423599],[-6.001991,37.423591],[-6.002321,37.423366],[-6.002646,37.423574],[-6.002515,37.423704],[-6.002334,37.42369],[-6.002025,37.42386],[-6.002049,37.423914],[-6.001936,37.423899],[-6.00187,37.423954],[-6.001963,37.424006],[-6.001944,37.424115],[-6.001539,37.424143],[-6.001543,37.424251],[-6.001704,37.424319],[-6.001416,37.424452],[-6.00142,37.42456],[-6.00116,37.424837],[-5.998938,37.425777],[-5.998651,37.425964],[-5.998701,37.426071],[-6.00128,37.425014],[-6.002617,37.424368],[-6.003137,37.423994],[-6.003528,37.423901],[-6.00388,37.423363],[-6.004271,37.422956],[-6.006086,37.421468],[-6.006622,37.420734],[-6.007351,37.418212],[-6.007476,37.418019],[-6.007628,37.417068],[-6.007746,37.416932],[-6.007954,37.416162],[-6.007825,37.415783],[-6.007683,37.415643],[-6.007792,37.415532],[-6.007786,37.41537],[-6.007965,37.415347],[-6.008011,37.414806],[-6.008078,37.414786],[-6.008004,37.414625],[-6.008135,37.414496],[-6.00806,37.414318],[-6.008193,37.41426],[-6.008184,37.414026],[-6.008294,37.413969],[-6.00831,37.413789],[-6.008239,37.413709],[-6.013163,37.41378],[-6.013518,37.413878],[-6.015815,37.413852],[-6.015873,37.413498],[-6.013767,37.413383],[-6.013461,37.413373],[-6.013315,37.413466],[-6.012972,37.413492],[-6.008353,37.413445],[-6.008495,37.413333],[-6.008403,37.412723],[-6.008305,37.412545],[-6.008217,37.412602],[-6.008053,37.412462],[-6.008391,37.412435],[-6.0085,37.412342],[-6.008461,37.412487],[-6.008549,37.412539],[-6.008705,37.411814],[-6.008657,37.411744],[-6.008389,37.411822],[-6.008403,37.411606],[-6.00847,37.411586],[-6.008377,37.411516],[-6.008441,37.411425],[-6.00835,37.411409],[-6.008346,37.411301],[-6.008437,37.411317],[-6.008432,37.411191],[-6.008336,37.411067],[-6.008067,37.41111],[-6.008143,37.411324],[-6.008035,37.411435],[-6.008024,37.411742],[-6.007914,37.411816],[-6.007735,37.411839],[-6.007726,37.411634],[-6.007066,37.411514],[-6.006972,37.411426],[-6.006726,37.411468],[-6.006657,37.411416],[-6.00642,37.412287],[-6.006353,37.412307],[-6.006557,37.412338],[-6.006333,37.412379],[-6.006406,37.412522],[-6.006226,37.412526],[-6.00633,37.412307],[-6.006061,37.412368],[-6.006214,37.41222],[-6.00625,37.412003],[-6.006136,37.411988],[-6.006277,37.411552],[-6.006345,37.41155],[-6.006319,37.411461],[-6.006494,37.411312],[-6.006554,37.41113],[-6.005786,37.41106],[-6.005607,37.411731],[-6.005451,37.411807],[-6.005288,37.411667],[-6.005512,37.411625],[-6.005454,37.411302],[-6.005521,37.411283],[-6.005294,37.411252],[-6.005287,37.411072],[-6.005442,37.410996],[-6.005691,37.411026],[-6.005645,37.410805],[-6.005478,37.410779],[-6.005459,37.410311],[-6.005365,37.410205],[-6.004341,37.410033],[-6.0041,37.410174],[-6.003006,37.409979],[-6.002854,37.410359],[-6.002978,37.41041],[-6.003005,37.410518],[-6.002894,37.410575],[-6.002693,37.410291],[-6.00261,37.410512],[-6.002399,37.410623],[-6.002381,37.410732],[-6.002475,37.41082],[-6.002319,37.410878],[-6.002324,37.410986],[-6.002698,37.411033],[-6.002748,37.411182],[-6.002563,37.411322],[-6.001891,37.411268],[-6.001747,37.411829],[-6.001795,37.4119],[-6.001508,37.411789],[-6.001649,37.411385],[-6.00177,37.41127],[-6.001701,37.411236],[-6.001469,37.411354],[-6.001422,37.411759],[-6.001301,37.411869],[-6.000459,37.411826],[-6.000564,37.411942],[-6.000928,37.411972],[-6.000989,37.412131],[-6.000476,37.412087],[-6.001168,37.412581],[-6.001892,37.412627],[-6.002198,37.412558],[-6.002241,37.412386],[-6.001857,37.412317],[-6.001975,37.412131],[-6.003272,37.412291],[-6.003532,37.412403],[-6.003881,37.41238],[-6.00463,37.412507],[-6.004628,37.412693],[-6.00506,37.412754],[-6.005026,37.412536],[-6.004729,37.412269],[-6.004803,37.412235],[-6.005041,37.41235],[-6.005201,37.41231],[-6.005144,37.412222],[-6.005422,37.41223],[-6.005417,37.412344],[-6.005693,37.412391],[-6.005714,37.412462],[-6.005556,37.412552],[-6.006075,37.412746],[-6.00526,37.412888],[-6.004947,37.413021],[-6.004627,37.413208],[-6.004613,37.413403],[-5.998545,37.41331],[-5.998521,37.413083],[-5.995721,37.4131],[-5.994384,37.413007],[-5.994242,37.41309],[-5.99393,37.412964],[-5.993924,37.412803],[-5.993808,37.412734],[-5.993848,37.412606],[-5.993757,37.412573],[-5.99389,37.412515],[-5.993879,37.412245],[-5.993761,37.412122],[-5.993852,37.41212],[-5.993804,37.412067],[-5.993891,37.411975],[-5.994049,37.411971],[-5.994263,37.412253],[-5.994524,37.411977],[-5.99447,37.411762],[-5.993925,37.411685],[-5.993918,37.411523],[-5.994164,37.411463],[-5.994049,37.411412],[-5.994046,37.411322],[-5.994274,37.411388],[-5.994329,37.411621],[-5.994597,37.41156],[-5.994985,37.411658],[-5.995204,37.411473],[-5.996337,37.410993],[-5.996561,37.410952],[-5.996813,37.411035],[-5.996804,37.410801],[-5.996529,37.4107],[-5.996909,37.410618],[-5.996935,37.41069],[-5.997094,37.410704],[-5.997066,37.410578],[-5.99742,37.410389],[-5.997432,37.410137],[-5.996338,37.409317],[-5.996326,37.409029],[-5.996522,37.408826],[-5.996273,37.408815],[-5.996163,37.408889],[-5.996168,37.409033],[-5.995965,37.409039],[-5.995935,37.408841],[-5.995897,37.409022],[-5.995606,37.409084],[-5.995266,37.409074],[-5.995395,37.408891],[-5.995237,37.408895],[-5.995231,37.408751],[-5.99557,37.40876],[-5.995462,37.408871],[-5.995596,37.40885],[-5.995615,37.408741],[-5.995855,37.408537],[-5.995995,37.408524],[-5.996386,37.408116],[-5.995987,37.407885],[-5.996029,37.407793],[-5.996673,37.408102],[-5.996738,37.40801],[-5.996669,37.407994],[-5.996663,37.407849],[-5.996893,37.407952],[-5.997072,37.407893],[-5.99702,37.407714],[-5.997085,37.407659],[-5.997013,37.407552],[-5.997167,37.40744],[-5.997352,37.407544],[-5.997334,37.40767],[-5.9972,37.40771],[-5.99718,37.407782],[-5.997269,37.407744],[-5.997271,37.407798],[-5.997032,37.40802],[-5.997148,37.408107],[-5.997211,37.40798],[-5.997508,37.408062],[-5.997247,37.408321],[-5.997471,37.40828],[-5.997476,37.408406],[-5.997299,37.4085],[-5.997457,37.408496],[-5.99769,37.40867],[-5.997697,37.40885],[-5.997869,37.40863],[-5.997855,37.40827],[-5.997938,37.408087],[-5.997827,37.408144],[-5.997812,37.408325],[-5.997763,37.408218],[-5.997605,37.408222],[-5.997533,37.408116],[-5.997647,37.408149],[-5.997865,37.407945],[-5.998004,37.408032],[-5.997928,37.408394],[-5.997991,37.408861],[-5.997904,37.408935],[-5.997678,37.408941],[-5.997287,37.408753],[-5.997339,37.408932],[-5.997251,37.408988],[-5.997437,37.409127],[-5.997597,37.409736],[-5.997825,37.409784],[-5.997929,37.410124],[-5.99809,37.41021],[-5.998117,37.410318],[-5.998254,37.41035],[-5.998304,37.410475],[-5.998486,37.410488],[-5.998513,37.410596],[-5.998759,37.410536],[-5.998831,37.410642],[-5.999384,37.410916],[-5.999493,37.410823],[-5.999629,37.410838],[-5.999589,37.410965],[-5.999681,37.411017],[-5.999671,37.411323],[-5.999941,37.41128],[-5.999863,37.411607],[-6.000138,37.411708],[-6.001148,37.411819],[-6.001474,37.410802],[-6.001205,37.41069],[-6.001002,37.410713],[-6.000954,37.410642],[-6.000997,37.410569],[-6.00138,37.410559],[-6.001338,37.410056],[-6.00122,37.409932],[-6.00089,37.410157],[-6.000797,37.410105],[-6.000837,37.40996],[-6.0007,37.409928],[-6.000593,37.410074],[-6.000775,37.410124],[-6.000713,37.41027],[-6.000642,37.410181],[-5.999761,37.410138],[-5.999522,37.409991],[-5.999456,37.409905],[-5.999499,37.409832],[-5.999831,37.409679],[-5.999775,37.409392],[-5.99937,37.409439],[-5.999455,37.40931],[-5.999228,37.40928],[-5.999055,37.409413],[-5.998958,37.409329],[-5.998877,37.408966],[-5.998695,37.408941],[-5.998596,37.408677],[-5.998438,37.408545],[-5.998437,37.408305],[-5.998563,37.408195],[-5.99858,37.407712],[-5.998714,37.407725],[-5.998569,37.407122],[-5.998259,37.407212],[-5.997899,37.407115],[-5.997726,37.4073],[-5.997545,37.407286],[-5.997519,37.407215],[-5.997363,37.407255],[-5.997336,37.407166],[-5.997023,37.407246],[-5.996968,37.406995],[-5.997081,37.406992],[-5.997034,37.406939],[-5.997099,37.406865],[-5.996935,37.406725],[-5.996642,37.406733],[-5.996601,37.406842],[-5.996488,37.406845],[-5.996515,37.406952],[-5.996424,37.406954],[-5.99642,37.406846],[-5.996529,37.406754],[-5.996327,37.406777],[-5.996356,37.406938],[-5.996251,37.407139],[-5.996159,37.407087],[-5.995831,37.407366],[-5.995901,37.407436],[-5.996011,37.407361],[-5.996083,37.407468],[-5.995907,37.40758],[-5.995767,37.407476],[-5.995571,37.407643],[-5.995463,37.407772],[-5.99551,37.407825],[-5.995357,37.407955],[-5.995541,37.408022],[-5.995388,37.408152],[-5.99527,37.408029],[-5.995123,37.408321],[-5.995237,37.408336],[-5.995264,37.408444],[-5.995444,37.408421],[-5.995472,37.408564],[-5.995424,37.408494],[-5.995243,37.408498],[-5.994983,37.408757],[-5.994915,37.408759],[-5.99498,37.408685],[-5.994866,37.40867],[-5.993175,37.410443],[-5.99267,37.411375],[-5.99213,37.412019],[-5.992072,37.412255],[-5.991897,37.412385],[-5.991561,37.413196],[-5.989737,37.41319],[-5.989687,37.412495],[-5.990152,37.411691],[-5.994188,37.40638],[-5.996377,37.403942],[-5.997853,37.40481],[-5.997724,37.404975],[-5.997817,37.405045],[-5.997688,37.405228],[-5.997684,37.40512],[-5.997572,37.405141],[-5.997077,37.405767],[-5.997124,37.405801],[-5.997321,37.405652],[-5.997305,37.405815],[-5.997529,37.405773],[-5.997659,37.405626],[-5.997692,37.405877],[-5.997361,37.406084],[-5.997478,37.406189],[-5.997497,37.406098],[-5.997655,37.406094],[-5.997662,37.406256],[-5.997351,37.40639],[-5.997668,37.406418],[-5.997563,37.406619],[-5.997387,37.406732],[-5.997471,37.406568],[-5.997311,37.406518],[-5.997306,37.406391],[-5.997415,37.406299],[-5.997275,37.406194],[-5.997165,37.406269],[-5.997216,37.406412],[-5.997018,37.406543],[-5.997024,37.406705],[-5.997139,37.406756],[-5.99716,37.406702],[-5.997187,37.406827],[-5.997349,37.406913],[-5.997482,37.406838],[-5.997368,37.406822],[-5.997498,37.406693],[-5.997589,37.406691],[-5.997526,37.406818],[-5.997704,37.40676],[-5.997788,37.406596],[-5.998066,37.406769],[-5.998062,37.406661],[-5.99828,37.406475],[-5.998438,37.406453],[-5.998623,37.406574],[-5.99848,37.406956],[-5.998901,37.406747],[-5.998895,37.406603],[-5.999414,37.40659],[-5.999589,37.406442],[-5.999549,37.406569],[-5.999754,37.406618],[-5.999857,37.406363],[-5.999697,37.406313],[-5.999734,37.406096],[-5.999848,37.406129],[-6.000107,37.405834],[-6.000011,37.405692],[-5.999976,37.405369],[-6.000185,37.405525],[-6.000637,37.405514],[-6.000672,37.405279],[-6.001329,37.405316],[-6.001504,37.405168],[-6.001799,37.405214],[-6.001816,37.40507],[-6.000564,37.404831],[-6.000533,37.404616],[-6.000965,37.404695],[-6.001166,37.404618],[-6.001147,37.404726],[-6.00142,37.404773],[-6.00169,37.404748],[-6.00191,37.404581],[-6.001898,37.404293],[-6.001603,37.404246],[-6.00156,37.403743],[-6.001898,37.403734],[-6.001915,37.404148],[-6.001998,37.403966],[-6.002216,37.40378],[-6.002027,37.403568],[-6.002115,37.403512],[-6.002276,37.403562],[-6.002398,37.403235],[-6.002001,37.40292],[-6.001969,37.402669],[-6.002234,37.402518],[-6.002423,37.402729],[-6.00243,37.402351],[-6.00229,37.402228],[-6.002689,37.402038],[-6.00264,37.401931],[-6.002725,37.401803],[-6.002542,37.401753],[-6.002538,37.401645],[-6.002763,37.401639],[-6.002626,37.401589],[-6.002526,37.401357],[-6.002864,37.401331],[-6.002966,37.400799],[-6.003102,37.400631],[-6.003045,37.400872],[-6.003433,37.400945],[-6.003391,37.401128],[-6.003626,37.401167],[-6.004001,37.399824],[-6.003952,37.399735],[-6.003996,37.399686],[-6.004473,37.399758],[-6.004438,37.400029],[-6.004351,37.400103],[-6.004496,37.400346],[-6.004329,37.401239],[-6.004174,37.401315],[-6.004134,37.401442],[-6.004064,37.401408],[-6.004107,37.401353],[-6.003995,37.401356],[-6.003891,37.401593],[-6.003413,37.401497],[-6.003439,37.401586],[-6.003849,37.401666],[-6.004096,37.401642],[-6.004092,37.401534],[-6.004251,37.401566],[-6.004719,37.400274],[-6.004703,37.40015],[-6.004856,37.399946],[-6.004822,37.399847],[-6.005251,37.399064],[-6.005186,37.398798],[-6.004996,37.398665],[-6.005302,37.398409],[-6.005291,37.398285],[-6.005919,37.397504],[-6.005938,37.397432],[-6.005779,37.3974],[-6.005799,37.397345],[-6.005869,37.397398],[-6.006183,37.397336],[-6.006337,37.397242],[-6.006173,37.397084],[-6.006326,37.396954],[-6.00664,37.396891],[-6.006632,37.396693],[-6.00652,37.396714],[-6.006512,37.396516],[-6.006895,37.396507],[-6.006856,37.396652],[-6.006927,37.396722],[-6.007061,37.396701],[-6.007088,37.396808],[-6.006885,37.396813],[-6.006558,37.39711],[-6.006525,37.397291],[-6.006235,37.397661],[-6.006163,37.397968],[-6.006374,37.39802],[-6.00643,37.397852],[-6.006836,37.397842],[-6.006827,37.397626],[-6.006985,37.397622],[-6.006979,37.397478],[-6.007566,37.397463],[-6.007578,37.397769],[-6.007285,37.397776],[-6.007288,37.397848],[-6.007559,37.397841],[-6.007569,37.398093],[-6.007478,37.398096],[-6.007471,37.397916],[-6.007291,37.39792],[-6.007296,37.398064],[-6.007161,37.398068],[-6.007152,37.397834],[-6.007061,37.397836],[-6.007071,37.398088],[-6.006981,37.39809],[-6.006978,37.398],[-6.006797,37.398005],[-6.006806,37.398239],[-6.006673,37.398296],[-6.006905,37.398435],[-6.006928,37.399029],[-6.008059,37.399054],[-6.008056,37.398982],[-6.007898,37.398986],[-6.007886,37.398698],[-6.008044,37.398694],[-6.008063,37.398603],[-6.008537,37.398591],[-6.008548,37.398861],[-6.008864,37.398853],[-6.008905,37.398185],[-6.008499,37.398196],[-6.008502,37.398286],[-6.008728,37.39828],[-6.008737,37.398514],[-6.00788,37.398536],[-6.007822,37.397096],[-6.007213,37.397111],[-6.007124,37.397131],[-6.007129,37.397257],[-6.006904,37.397299],[-6.007164,37.397022],[-6.007796,37.397006],[-6.007793,37.396916],[-6.007635,37.39692],[-6.00763,37.396794],[-6.007517,37.396797],[-6.007521,37.396905],[-6.00725,37.396912],[-6.007245,37.396786],[-6.007421,37.396655],[-6.007456,37.396402],[-6.007386,37.39635],[-6.007211,37.396498],[-6.007047,37.39634],[-6.0072,37.39621],[-6.006862,37.396237],[-6.007079,37.396015],[-6.00735,37.396008],[-6.007363,37.395774],[-6.007206,37.395814],[-6.00727,37.395704],[-6.007181,37.395742],[-6.007223,37.395669],[-6.00713,37.395599],[-6.007043,37.395674],[-6.007091,37.395763],[-6.007027,37.395854],[-6.006763,37.396023],[-6.006791,37.396167],[-6.006724,37.396186],[-6.006743,37.396096],[-6.006675,37.39608],[-6.006548,37.396299],[-6.006327,37.396413],[-6.006506,37.396372],[-6.006554,37.396443],[-6.006332,37.396539],[-6.006305,37.396431],[-6.00617,37.396435],[-6.006156,37.396669],[-6.006069,37.396744],[-6.006315,37.396683],[-6.006162,37.396814],[-6.006167,37.39694],[-6.006035,37.397015],[-6.006047,37.396762],[-6.005964,37.396945],[-6.005848,37.396858],[-6.005752,37.39695],[-6.003949,37.395869],[-6.004984,37.394465],[-6.005461,37.393407],[-6.005693,37.39241],[-6.005732,37.391695],[-6.005664,37.390576],[-6.007134,37.390431],[-6.0073,37.391378],[-6.007449,37.391717],[-6.007385,37.391809],[-6.007865,37.391941],[-6.007984,37.3921],[-6.007992,37.392298],[-6.008104,37.392277],[-6.008056,37.392206],[-6.008121,37.39215],[-6.00819,37.392167],[-6.008174,37.392329],[-6.008018,37.392387],[-6.007947,37.392299],[-6.007884,37.392427],[-6.00787,37.392643],[-6.007963,37.392713],[-6.007864,37.393058],[-6.007976,37.393019],[-6.007926,37.392912],[-6.008015,37.392874],[-6.007984,37.392676],[-6.008254,37.392633],[-6.008462,37.392754],[-6.008421,37.392863],[-6.008307,37.39283],[-6.008449,37.392989],[-6.008342,37.393154],[-6.008567,37.39313],[-6.00855,37.393275],[-6.008708,37.393253],[-6.008704,37.392604],[-6.009043,37.392613],[-6.009058,37.392415],[-6.009239,37.392428],[-6.009178,37.392592],[-6.009355,37.392497],[-6.009673,37.391985],[-6.009648,37.391354],[-6.009868,37.391205],[-6.010094,37.391199],[-6.010549,37.391295],[-6.010648,37.391509],[-6.010503,37.391837],[-6.009729,37.392812],[-6.009743,37.393154],[-6.009885,37.393313],[-6.009997,37.39331],[-6.010171,37.393125],[-6.010123,37.393054],[-6.010235,37.393034],[-6.010452,37.39337],[-6.010433,37.393461],[-6.010819,37.393523],[-6.010982,37.393645],[-6.010933,37.393538],[-6.01104,37.393391],[-6.010885,37.393467],[-6.010542,37.393368],[-6.010578,37.393133],[-6.010758,37.393128],[-6.010711,37.393075],[-6.01082,37.392983],[-6.010728,37.392931],[-6.010883,37.392873],[-6.010898,37.392674],[-6.011808,37.392831],[-6.011859,37.392974],[-6.011923,37.392882],[-6.012328,37.392854],[-6.012965,37.392964],[-6.012916,37.392875],[-6.013005,37.392837],[-6.013001,37.392747],[-6.01291,37.392731],[-6.012847,37.392841],[-6.012819,37.392697],[-6.012659,37.392665],[-6.01261,37.392558],[-6.012674,37.392467],[-6.0127,37.392556],[-6.013042,37.39262],[-6.01307,37.392204],[-6.013227,37.392164],[-6.013014,37.391935],[-6.013012,37.391881],[-6.01317,37.391877],[-6.013002,37.391629],[-6.012896,37.391812],[-6.012883,37.392047],[-6.012581,37.392397],[-6.011831,37.392272],[-6.011909,37.391982],[-6.01182,37.39202],[-6.011794,37.391913],[-6.011852,37.391677],[-6.011964,37.391656],[-6.011714,37.391626],[-6.011711,37.391536],[-6.011572,37.39145],[-6.011234,37.391476],[-6.011196,37.391657],[-6.010933,37.391862],[-6.010659,37.391779],[-6.010653,37.391635],[-6.010765,37.391596],[-6.010777,37.391344],[-6.010686,37.391328],[-6.010447,37.39101],[-6.010509,37.390864],[-6.010731,37.39075],[-6.010498,37.390576],[-6.010384,37.390543],[-6.0101,37.390784],[-6.010224,37.391069],[-6.009795,37.39108],[-6.00988,37.390952],[-6.009565,37.390978],[-6.009356,37.390821],[-6.00988,37.390375],[-6.009333,37.390245],[-6.009601,37.390166],[-6.00966,37.389967],[-6.009498,37.389863],[-6.009478,37.389935],[-6.009365,37.38992],[-6.009339,37.389831],[-6.010104,37.389768],[-6.01029,37.389339],[-6.009514,37.389141],[-6.009366,37.389379],[-6.009423,37.389108],[-6.008075,37.388727],[-6.007866,37.389147],[-6.007501,37.389066],[-6.007472,37.388905],[-6.007382,37.388907],[-6.007333,37.3888],[-6.007493,37.388868],[-6.007644,37.388684],[-6.006185,37.387784],[-6.005987,37.387898],[-6.005849,37.387847],[-6.006046,37.38768],[-6.005221,37.387028],[-6.004056,37.385928],[-6.004211,37.385852],[-6.004383,37.385632],[-6.004336,37.385597],[-6.00454,37.38561],[-6.004335,37.385894],[-6.004364,37.386055],[-6.005496,37.387108],[-6.005809,37.387368],[-6.005878,37.387309],[-6.006238,37.387637],[-6.006659,37.387424],[-6.006726,37.387493],[-6.006371,37.38778],[-6.00724,37.3883],[-6.007594,37.38847],[-6.007757,37.388153],[-6.007992,37.388153],[-6.008394,37.388312],[-6.008207,37.388652],[-6.010308,37.389275],[-6.010776,37.387361],[-6.01057,37.387312],[-6.010819,37.387306],[-6.010977,37.386743],[-6.01116,37.386811],[-6.011105,37.387299],[-6.011407,37.387327],[-6.01141,37.387399],[-6.011053,37.38739],[-6.010716,37.388646],[-6.010877,37.388764],[-6.010675,37.388787],[-6.010599,37.38915],[-6.010624,37.389221],[-6.011054,37.389246],[-6.01108,37.389318],[-6.010515,37.389381],[-6.010478,37.389513],[-6.010275,37.389518],[-6.01037,37.389642],[-6.010235,37.389646],[-6.010173,37.389791],[-6.009865,37.389997],[-6.009729,37.390001],[-6.009847,37.390106],[-6.010044,37.389957],[-6.010414,37.390164],[-6.010426,37.39047],[-6.010797,37.390712],[-6.010823,37.390802],[-6.010694,37.390967],[-6.010744,37.391092],[-6.010901,37.391052],[-6.011131,37.391172],[-6.011218,37.39108],[-6.011539,37.391198],[-6.011611,37.391304],[-6.011859,37.391298],[-6.011902,37.391225],[-6.012063,37.391311],[-6.012629,37.391333],[-6.012647,37.391224],[-6.013071,37.391105],[-6.013244,37.390902],[-6.013335,37.390918],[-6.013362,37.391044],[-6.013458,37.390178],[-6.013759,37.390198],[-6.013676,37.390981],[-6.01388,37.390994],[-6.014114,37.390069],[-6.014453,37.389617],[-6.015762,37.389476],[-6.021004,37.389252],[-6.022042,37.3893],[-6.022893,37.389482],[-6.022933,37.389355],[-6.022681,37.389277],[-6.021978,37.389162],[-6.020936,37.389125],[-6.022446,37.388893],[-6.023422,37.388547],[-6.023954,37.388444],[-6.02424,37.388567],[-6.02436,37.388744],[-6.02433,37.389682],[-6.024556,37.389874],[-6.024648,37.390215],[-6.024578,37.390252],[-6.024209,37.390046],[-6.024053,37.390104],[-6.024286,37.390296],[-6.024978,37.391197],[-6.025233,37.39193],[-6.025122,37.391986],[-6.025135,37.392292],[-6.02532,37.392414],[-6.025344,37.393008],[-6.025147,37.393157],[-6.025094,37.394096],[-6.025205,37.394039],[-6.025289,37.394403],[-6.0252,37.395048],[-6.025854,37.39814],[-6.026783,37.400143],[-6.026768,37.400324],[-6.026902,37.400301],[-6.027923,37.402107],[-6.030232,37.40533],[-6.030532,37.405724],[-6.030618,37.405722],[-6.030838,37.406015],[-6.030771,37.406042],[-6.0318,37.407376],[-6.032173,37.40796],[-6.032315,37.408556],[-6.032245,37.408674],[-6.032447,37.408964],[-6.032449,37.409551],[-6.032362,37.409548],[-6.032333,37.409421],[-6.031704,37.409402],[-6.031355,37.409196],[-6.031361,37.408895],[-6.031604,37.408689],[-6.031825,37.408626],[-6.031831,37.408547],[-6.031606,37.408517],[-6.031351,37.40866],[-6.03117,37.408836],[-6.031101,37.409124],[-6.031192,37.409365],[-6.031415,37.409573],[-6.032356,37.409771],[-6.032104,37.411544],[-6.031852,37.412682],[-6.031625,37.413211],[-6.031137,37.413586],[-6.031124,37.413692],[-6.031532,37.413501],[-6.031915,37.413161],[-6.031721,37.414315],[-6.031578,37.414293],[-6.031488,37.414854],[-6.031174,37.414358],[-6.030896,37.414202],[-6.03129,37.414985],[-6.031405,37.415604],[-6.031334,37.416318],[-6.028874,37.416498],[-6.025739,37.41701],[-6.024911,37.417059],[-6.023881,37.417284],[-6.020934,37.418152],[-6.005354,37.424195],[-6.017704,37.419468],[-6.018317,37.41939],[-6.019742,37.418849],[-6.021991,37.418473],[-6.024,37.418001],[-6.024103,37.417932],[-6.024121,37.417638],[-6.025229,37.417228],[-6.025728,37.417128],[-6.025733,37.417072],[-6.02888,37.416558],[-6.031329,37.416381],[-6.031233,37.416951],[-6.031007,37.417497],[-6.029093,37.419907],[-6.028756,37.420511],[-6.028395,37.421637],[-6.028404,37.422989],[-6.029251,37.42506],[-6.030718,37.427843],[-6.031193,37.429653],[-6.031405,37.429706],[-6.031784,37.432073],[-6.031652,37.432566],[-6.031673,37.432849],[-6.032032,37.434008],[-6.03299,37.439748],[-6.033271,37.440928],[-6.033775,37.442374],[-6.034514,37.443802],[-6.035416,37.445114],[-6.036007,37.44583],[-6.036998,37.446894],[-6.040656,37.450462],[-6.041915,37.451961],[-6.042091,37.452407],[-6.042277,37.452529],[-6.042258,37.452619],[-6.042445,37.452777],[-6.043203,37.454224],[-6.043556,37.455091],[-6.043575,37.455559],[-6.043737,37.456221],[-6.043944,37.456306],[-6.044083,37.456933],[-6.044127,37.456998],[-6.044261,37.456982],[-6.044314,37.457243],[-6.044192,37.457399],[-6.044234,37.457884],[-6.044084,37.458068],[-6.044155,37.458157],[-6.044275,37.459433],[-6.044294,37.461036],[-6.044386,37.461135],[-6.044708,37.461206],[-6.044281,37.461271],[-6.044132,37.463149],[-6.043554,37.465074],[-6.043506,37.466121],[-6.043788,37.466384],[-6.044175,37.466446],[-6.044518,37.467448],[-5.967687,37.469721],[-5.967594,37.468594]]],[[[-5.970647,37.4612],[-5.970507,37.461078],[-5.970223,37.461337],[-5.970524,37.461528],[-5.970656,37.461435],[-5.970647,37.4612]]],[[[-5.970875,37.460672],[-5.970868,37.460492],[-5.97068,37.460893],[-5.970924,37.460779],[-5.970875,37.460672]]],[[[-5.971144,37.460053],[-5.971053,37.460037],[-5.970922,37.460148],[-5.970995,37.460291],[-5.970905,37.460293],[-5.970866,37.460438],[-5.971043,37.460362],[-5.971144,37.460053]]],[[[-5.971416,37.458928],[-5.971451,37.458675],[-5.971379,37.458551],[-5.971468,37.458531],[-5.971465,37.458441],[-5.971264,37.458518],[-5.971181,37.4587],[-5.971261,37.459004],[-5.971171,37.459007],[-5.971204,37.459276],[-5.971051,37.459406],[-5.971078,37.459514],[-5.971012,37.459569],[-5.971105,37.459639],[-5.971109,37.459729],[-5.971041,37.459731],[-5.971074,37.459982],[-5.971307,37.459598],[-5.971289,37.45913],[-5.971416,37.458928]]],[[[-5.971723,37.45811],[-5.971477,37.457611],[-5.971253,37.457671],[-5.97129,37.458013],[-5.971227,37.45814],[-5.971435,37.458261],[-5.971323,37.458282],[-5.971328,37.458408],[-5.971486,37.458404],[-5.971482,37.458314],[-5.971723,37.45811]]],[[[-6.009129,37.409983],[-6.009433,37.409129],[-6.00932,37.40969],[-6.009625,37.409737],[-6.010441,37.406652],[-6.010123,37.406606],[-6.010048,37.406987],[-6.009908,37.40697],[-6.009876,37.407207],[-6.009613,37.407412],[-6.009477,37.407398],[-6.009517,37.407829],[-6.009497,37.407902],[-6.009339,37.407888],[-6.009336,37.408392],[-6.00893,37.408403],[-6.00872,37.408246],[-6.009279,37.408105],[-6.008821,37.407937],[-6.008862,37.407828],[-6.008578,37.407511],[-6.008321,37.40786],[-6.008378,37.408164],[-6.008046,37.408894],[-6.007972,37.409292],[-6.008274,37.409519],[-6.008429,37.409443],[-6.008544,37.409476],[-6.008637,37.409545],[-6.008642,37.409671],[-6.008511,37.409783],[-6.007868,37.409529],[-6.007782,37.409639],[-6.007829,37.409692],[-6.007769,37.409874],[-6.007719,37.409767],[-6.007591,37.409733],[-6.007251,37.410994],[-6.007636,37.411065],[-6.007678,37.410994],[-6.007972,37.411004],[-6.008327,37.410274],[-6.008447,37.410451],[-6.008702,37.410607],[-6.008707,37.410733],[-6.008401,37.410993],[-6.008567,37.411187],[-6.008704,37.41122],[-6.008549,37.411296],[-6.008619,37.411366],[-6.008554,37.41144],[-6.008629,37.4116],[-6.008566,37.411728],[-6.008677,37.411689],[-6.009129,37.409983]]],[[[-6.005314,37.408927],[-6.005539,37.408921],[-6.005799,37.408627],[-6.00589,37.40866],[-6.005896,37.408804],[-6.005912,37.408624],[-6.006119,37.408727],[-6.006479,37.408681],[-6.00629,37.408488],[-6.006285,37.408362],[-6.006443,37.408358],[-6.006437,37.408214],[-6.006346,37.40818],[-6.00651,37.407761],[-6.006587,37.40776],[-6.006775,37.407052],[-6.007072,37.407134],[-6.006977,37.407029],[-6.007065,37.406972],[-6.007115,37.407079],[-6.007318,37.407074],[-6.007299,37.407165],[-6.007387,37.407108],[-6.007467,37.406854],[-6.007646,37.406795],[-6.007664,37.406687],[-6.00805,37.406749],[-6.008195,37.406421],[-6.008161,37.406134],[-6.008222,37.406071],[-6.007324,37.405916],[-6.007082,37.406269],[-6.00681,37.40624],[-6.006688,37.406009],[-6.006623,37.406083],[-6.006554,37.406048],[-6.006426,37.406232],[-6.006224,37.406273],[-6.006018,37.406206],[-6.006047,37.406368],[-6.005891,37.406408],[-6.005822,37.406373],[-6.005858,37.406156],[-6.005677,37.406143],[-6.005626,37.406],[-6.005272,37.406189],[-6.005323,37.406332],[-6.005117,37.406265],[-6.005092,37.406212],[-6.005204,37.406173],[-6.005087,37.406086],[-6.004999,37.406142],[-6.005025,37.406213],[-6.004912,37.406234],[-6.004819,37.406147],[-6.00455,37.406207],[-6.003934,37.406061],[-6.003869,37.406117],[-6.003618,37.406069],[-6.003562,37.406359],[-6.003767,37.406408],[-6.003496,37.406414],[-6.003278,37.407159],[-6.003436,37.407173],[-6.003462,37.407262],[-6.003242,37.407394],[-6.003382,37.407499],[-6.003389,37.407697],[-6.003236,37.407806],[-6.003531,37.407851],[-6.003524,37.407675],[-6.00375,37.407669],[-6.00382,37.40774],[-6.003761,37.407958],[-6.004138,37.408204],[-6.004035,37.408579],[-6.004584,37.408682],[-6.004684,37.408378],[-6.004876,37.408402],[-6.004809,37.408725],[-6.005309,37.408819],[-6.005314,37.408927]]],[[[-6.005154,37.406066],[-6.005271,37.406171],[-6.005261,37.405901],[-6.005616,37.405748],[-6.005613,37.405676],[-6.005796,37.405743],[-6.005815,37.405635],[-6.005882,37.405633],[-6.006497,37.40577],[-6.006673,37.405168],[-6.006588,37.4052],[-6.006493,37.405095],[-6.006292,37.405154],[-6.006129,37.405032],[-6.006286,37.404992],[-6.00663,37.405127],[-6.006696,37.405072],[-6.006676,37.405144],[-6.006787,37.405105],[-6.006715,37.404999],[-6.006803,37.404925],[-6.006711,37.404891],[-6.006788,37.404565],[-6.006516,37.404536],[-6.006466,37.404411],[-6.006577,37.404354],[-6.007347,37.404406],[-6.007314,37.404155],[-6.007174,37.404032],[-6.007193,37.40396],[-6.006987,37.403875],[-6.006786,37.403934],[-6.006693,37.403864],[-6.006655,37.404063],[-6.006587,37.404047],[-6.006615,37.404191],[-6.005887,37.404065],[-6.006593,37.404209],[-6.006465,37.404375],[-6.006006,37.404206],[-6.005895,37.404263],[-6.00578,37.404212],[-6.005582,37.404325],[-6.00533,37.404259],[-6.00522,37.404316],[-6.005116,37.404535],[-6.004787,37.404219],[-6.004537,37.404189],[-6.004495,37.404281],[-6.004744,37.404292],[-6.004794,37.404399],[-6.004579,37.405252],[-6.004309,37.405276],[-6.003692,37.405094],[-6.003653,37.405239],[-6.003319,37.405374],[-6.003369,37.405481],[-6.003303,37.405536],[-6.00342,37.405641],[-6.003551,37.40553],[-6.003456,37.405406],[-6.003749,37.405399],[-6.003824,37.405577],[-6.003938,37.405592],[-6.004156,37.405389],[-6.004396,37.405743],[-6.004528,37.405649],[-6.004708,37.405645],[-6.004849,37.405767],[-6.005073,37.405726],[-6.005098,37.405797],[-6.00499,37.405926],[-6.005154,37.406066]]],[[[-6.011489,37.401237],[-6.011938,37.39946],[-6.012207,37.39884],[-6.012231,37.398317],[-6.012567,37.397137],[-6.012916,37.396245],[-6.012557,37.396308],[-6.012412,37.396179],[-6.012379,37.396488],[-6.012124,37.396931],[-6.012023,37.396887],[-6.011729,37.397627],[-6.011388,37.397581],[-6.011302,37.397692],[-6.011138,37.397552],[-6.011077,37.397698],[-6.010688,37.397588],[-6.010681,37.397419],[-6.01075,37.397436],[-6.010828,37.397146],[-6.010521,37.397086],[-6.010487,37.396958],[-6.010659,37.396852],[-6.010696,37.396644],[-6.010511,37.396541],[-6.0105,37.396847],[-6.010053,37.396949],[-6.009823,37.397423],[-6.009837,37.397765],[-6.009654,37.398274],[-6.009648,37.398689],[-6.00918,37.399422],[-6.009048,37.400056],[-6.009046,37.400579],[-6.009334,37.400445],[-6.009374,37.400318],[-6.009444,37.40037],[-6.009454,37.400604],[-6.009593,37.400691],[-6.00975,37.400669],[-6.009747,37.400597],[-6.00995,37.400592],[-6.009998,37.400662],[-6.010221,37.400585],[-6.010382,37.400653],[-6.010299,37.400853],[-6.010383,37.401247],[-6.010786,37.401165],[-6.010633,37.400718],[-6.010702,37.400753],[-6.010763,37.400589],[-6.010875,37.40055],[-6.010458,37.400308],[-6.01012,37.400335],[-6.009702,37.400039],[-6.009679,37.399463],[-6.011122,37.399408],[-6.011131,37.399624],[-6.010898,37.400009],[-6.010989,37.400024],[-6.011133,37.400237],[-6.011199,37.400181],[-6.011518,37.400263],[-6.011214,37.400559],[-6.011399,37.400681],[-6.011225,37.400847],[-6.011273,37.401477],[-6.011103,37.401752],[-6.01111,37.401914],[-6.010978,37.402007],[-6.010987,37.402241],[-6.010922,37.402297],[-6.010981,37.402656],[-6.010804,37.402732],[-6.010872,37.402749],[-6.010877,37.402857],[-6.010787,37.402877],[-6.010818,37.403092],[-6.01071,37.403221],[-6.010943,37.403396],[-6.010969,37.402908],[-6.011057,37.402852],[-6.011489,37.401237]]],[[[-6.008872,37.402998],[-6.008936,37.402906],[-6.008925,37.402636],[-6.009013,37.40258],[-6.008942,37.402491],[-6.009029,37.402417],[-6.008908,37.402222],[-6.00909,37.402235],[-6.009164,37.401837],[-6.009071,37.401767],[-6.009244,37.401583],[-6.009061,37.401515],[-6.008979,37.401716],[-6.008698,37.40147],[-6.00907,37.401173],[-6.009014,37.400904],[-6.009254,37.400699],[-6.009049,37.400651],[-6.008606,37.400878],[-6.008677,37.400966],[-6.008398,37.401316],[-6.007998,37.401488],[-6.00815,37.40134],[-6.007698,37.401316],[-6.00768,37.401442],[-6.007824,37.401655],[-6.007759,37.401729],[-6.007822,37.40216],[-6.008078,37.402351],[-6.008022,37.402641],[-6.008181,37.402673],[-6.008284,37.402418],[-6.008395,37.402379],[-6.008474,37.402648],[-6.008291,37.402598],[-6.008294,37.40267],[-6.008204,37.402672],[-6.008549,37.40277],[-6.008756,37.402929],[-6.00876,37.403037],[-6.008872,37.402998]]],[[[-5.998343,37.42107],[-5.998718,37.420845],[-5.998843,37.420571],[-5.999061,37.420385],[-5.999066,37.420511],[-5.999304,37.420794],[-5.999787,37.421016],[-6.000059,37.421027],[-6.000211,37.420879],[-6.0001,37.420359],[-6.00025,37.420157],[-5.9993,37.420127],[-5.998535,37.41966],[-5.998296,37.419324],[-5.997727,37.419212],[-5.997517,37.419055],[-5.99709,37.419102],[-5.996784,37.41938],[-5.996829,37.419937],[-5.997518,37.420208],[-5.997683,37.420384],[-5.998207,37.420497],[-5.998253,37.421073],[-5.998343,37.42107]]],[[[-5.994322,37.416559],[-5.994154,37.416311],[-5.994172,37.416202],[-5.993899,37.416155],[-5.99389,37.41648],[-5.993782,37.416609],[-5.993793,37.416897],[-5.993862,37.416931],[-5.993827,37.417743],[-5.994521,37.418158],[-5.995016,37.418091],[-5.994932,37.41712],[-5.994645,37.416731],[-5.994322,37.416559]]],[[[-5.995871,37.416303],[-5.996391,37.416308],[-5.996532,37.41589],[-5.99647,37.415459],[-5.996351,37.4153],[-5.995988,37.415273],[-5.995869,37.415114],[-5.995192,37.415149],[-5.995152,37.415276],[-5.99484,37.415392],[-5.994914,37.415535],[-5.994932,37.415985],[-5.995871,37.416303]]],[[[-5.963216,37.469389],[-5.963756,37.468744],[-5.963782,37.468834],[-5.964012,37.468936],[-5.964975,37.469272],[-5.965104,37.469089],[-5.965439,37.468432],[-5.964429,37.468043],[-5.964441,37.467772],[-5.964553,37.467751],[-5.96452,37.467482],[-5.964607,37.467389],[-5.966302,37.467365],[-5.966408,37.4672],[-5.967087,37.467219],[-5.967142,37.467452],[-5.967305,37.467592],[-5.967217,37.467648],[-5.967174,37.468262],[-5.967274,37.469733],[-5.962956,37.469859],[-5.963216,37.469389]]]]},"properties":{"OBJECTID":1780,"ID_ZONA":"ES050_APSFR_BG013-01_T100","ZONA":"Río Guadalquivir entre Alcalá del Río y La Puebla","TIPO_ZONA":"Q Periodo de retorno T100","RIO":"Río Guadalquivir","LONG_KM":24.38,"HIPOTESIS":"Q100 régimen alterado","HIDROLOGIA":"Procedente de otros estudios","PRECISION_":"MDT 2x2 procedente de LIDAR IGN PNOA","HIDRAUL":"IBER","ESTUDIO":"SNCZI. Zonas inundables del sistema bajo del Guadalquivir","TIPO_EST":"Estudio de Desarrollo del SNCZI","DOCUMENTO":"Elaboración de cartografía de dominio público hidráulico y mapas de peligrosidad y riesgo de la directiva 2007/60 en el marco del SNCZI en las demarcaciones hidrográficas del Guadalquivir, Ceuta y Melilla. Cofinanciado con fondos FEDER","FECHA_APRO":1443139200000,"FECHA_GEO":"05/2014","ORGANISMO":"Ministerio de agricultura, alimentación y medio ambiente","CLAVE_EXPE":"CU(CO)-4615","DEMARCACIO":"Guadalquivir","ID_DEMAR":51,"Q_M3_S":"7294","ZI_DIRECTI":"ES050_APSFR_BG013","CICLO":1,"Shape_Leng":249694.177207,"Fecha_Lim":1745107200000,"Shape__Area":0.008055975893626055,"Shape__Length":2.515636813067275}},{"type":"Feature","id":1791,"geometry":{"type":"MultiPolygon","coordinates":[[[[-6.061594,37.285343],[-6.061613,37.285192],[-6.06171,37.285201],[-6.061687,37.285347],[-6.061594,37.285343]]],[[[-6.062299,37.28325],[-6.062424,37.28283],[-6.062667,37.282687],[-6.06314,37.282939],[-6.063176,37.28304],[-6.062788,37.282832],[-6.062767,37.282923],[-6.063307,37.283258],[-6.063483,37.283201],[-6.063481,37.283282],[-6.063605,37.283299],[-6.06357,37.283147],[-6.063706,37.283105],[-6.063723,37.283224],[-6.063949,37.283461],[-6.063909,37.283518],[-6.06372,37.283375],[-6.063687,37.283439],[-6.063875,37.283632],[-6.063487,37.28364],[-6.063487,37.28346],[-6.063046,37.283439],[-6.062996,37.283346],[-6.062709,37.283296],[-6.062432,37.283591],[-6.062397,37.283258],[-6.062041,37.284817],[-6.062041,37.285153],[-6.062122,37.285207],[-6.062073,37.285445],[-6.06185,37.285361],[-6.062299,37.28325]]],[[[-6.062493,37.285432],[-6.062251,37.285437],[-6.062256,37.285217],[-6.064036,37.285448],[-6.063933,37.28562],[-6.062493,37.285432]]],[[[-6.055512,37.286271],[-6.055454,37.286329],[-6.055396,37.28625],[-6.054814,37.286123],[-6.054866,37.285905],[-6.054127,37.285546],[-6.053945,37.285365],[-6.05433,37.285606],[-6.054591,37.28567],[-6.053624,37.284963],[-6.0535,37.284985],[-6.053493,37.284896],[-6.052795,37.284186],[-6.05271,37.283879],[-6.052559,37.28411],[-6.052443,37.284013],[-6.05259,37.283614],[-6.05195,37.283269],[-6.051784,37.283388],[-6.051797,37.283266],[-6.051337,37.28297],[-6.05528,37.272731],[-6.059646,37.272326],[-6.059395,37.273791],[-6.059275,37.273889],[-6.059071,37.273849],[-6.059059,37.274154],[-6.058862,37.274167],[-6.059058,37.274212],[-6.059148,37.27435],[-6.058834,37.275098],[-6.058581,37.275441],[-6.058721,37.275828],[-6.058616,37.276005],[-6.05872,37.27614],[-6.058643,37.27625],[-6.058738,37.276284],[-6.058511,37.276626],[-6.058706,37.276635],[-6.058684,37.276708],[-6.059196,37.277041],[-6.059379,37.2769],[-6.059433,37.277073],[-6.058218,37.278314],[-6.05846,37.278637],[-6.058027,37.27849],[-6.057445,37.279063],[-6.05785,37.27943],[-6.058098,37.279237],[-6.057989,37.279094],[-6.058184,37.279161],[-6.058378,37.279016],[-6.058468,37.279062],[-6.058398,37.279264],[-6.058279,37.279352],[-6.058169,37.279302],[-6.057918,37.279509],[-6.05815,37.279764],[-6.057846,37.279834],[-6.057957,37.279686],[-6.057702,37.279454],[-6.057049,37.280253],[-6.057293,37.280398],[-6.05766,37.28003],[-6.057679,37.280098],[-6.057369,37.280434],[-6.057469,37.28052],[-6.05772,37.280298],[-6.057922,37.280333],[-6.058127,37.280208],[-6.058633,37.280557],[-6.05852,37.28069],[-6.058403,37.280687],[-6.058402,37.280802],[-6.058203,37.280776],[-6.058147,37.280891],[-6.057951,37.280943],[-6.057782,37.281128],[-6.057834,37.281263],[-6.05761,37.281253],[-6.057179,37.281648],[-6.057277,37.281856],[-6.057647,37.281906],[-6.057604,37.281986],[-6.057847,37.282061],[-6.057676,37.282087],[-6.057842,37.282207],[-6.057773,37.282297],[-6.057735,37.282231],[-6.057688,37.282272],[-6.057889,37.282517],[-6.058671,37.282105],[-6.058768,37.281924],[-6.05853,37.281909],[-6.058416,37.282014],[-6.058205,37.281948],[-6.058127,37.282027],[-6.058099,37.28193],[-6.058175,37.281874],[-6.058476,37.281925],[-6.058648,37.281801],[-6.058908,37.2818],[-6.059158,37.28159],[-6.059203,37.281354],[-6.059336,37.281448],[-6.059193,37.281685],[-6.059538,37.281569],[-6.05979,37.281717],[-6.059742,37.281845],[-6.059815,37.281821],[-6.059888,37.282031],[-6.05997,37.282042],[-6.059978,37.281955],[-6.06007,37.281968],[-6.060022,37.282059],[-6.060205,37.282],[-6.060642,37.282269],[-6.060599,37.282419],[-6.05948,37.283495],[-6.059362,37.283431],[-6.059365,37.283332],[-6.059261,37.283312],[-6.059263,37.283181],[-6.059028,37.283063],[-6.059115,37.283013],[-6.058913,37.282988],[-6.058934,37.282917],[-6.058837,37.282836],[-6.058674,37.282823],[-6.058529,37.283084],[-6.058702,37.283172],[-6.058878,37.283483],[-6.057789,37.282819],[-6.057626,37.282811],[-6.057594,37.282878],[-6.057728,37.283097],[-6.058185,37.283438],[-6.058528,37.283574],[-6.06075,37.285059],[-6.061483,37.285178],[-6.061464,37.285338],[-6.060752,37.28526],[-6.060411,37.285121],[-6.05747,37.283248],[-6.057385,37.283275],[-6.057109,37.28297],[-6.056792,37.283337],[-6.057013,37.283462],[-6.056982,37.283532],[-6.057297,37.283915],[-6.057089,37.284099],[-6.056438,37.283625],[-6.056301,37.283773],[-6.056769,37.284135],[-6.056792,37.284184],[-6.056696,37.284156],[-6.055823,37.283472],[-6.055702,37.283531],[-6.055734,37.283423],[-6.055669,37.283368],[-6.055371,37.283536],[-6.055562,37.283322],[-6.055056,37.282952],[-6.055043,37.282785],[-6.054948,37.282832],[-6.054419,37.282458],[-6.054635,37.282287],[-6.054479,37.282108],[-6.054689,37.282236],[-6.054782,37.282173],[-6.054689,37.281986],[-6.054745,37.281953],[-6.054944,37.282213],[-6.054616,37.28249],[-6.054832,37.282646],[-6.055034,37.282672],[-6.055236,37.282108],[-6.054859,37.281626],[-6.053775,37.2826],[-6.055127,37.283461],[-6.053712,37.28265],[-6.053634,37.282726],[-6.053811,37.28295],[-6.053867,37.283195],[-6.054478,37.283666],[-6.054469,37.283773],[-6.054404,37.283811],[-6.053722,37.28317],[-6.053757,37.282967],[-6.05358,37.282796],[-6.053208,37.283117],[-6.052998,37.283416],[-6.053904,37.28395],[-6.052968,37.283464],[-6.05277,37.283819],[-6.053169,37.283972],[-6.053268,37.284123],[-6.054001,37.284502],[-6.054384,37.284296],[-6.053964,37.284713],[-6.054446,37.284975],[-6.054652,37.284805],[-6.054827,37.284893],[-6.054822,37.285093],[-6.054674,37.285294],[-6.054923,37.285268],[-6.05508,37.285593],[-6.054967,37.285565],[-6.054902,37.285639],[-6.055147,37.285784],[-6.055028,37.285886],[-6.055325,37.286031],[-6.055451,37.285971],[-6.055986,37.286377],[-6.055512,37.286271]]],[[[-6.064057,37.285663],[-6.064206,37.285502],[-6.064896,37.285929],[-6.066187,37.287892],[-6.065903,37.287958],[-6.064842,37.286234],[-6.064498,37.2859],[-6.064057,37.285663]]],[[[-6.065988,37.288094],[-6.066248,37.287989],[-6.066299,37.288052],[-6.066855,37.289537],[-6.066609,37.289592],[-6.06656,37.289531],[-6.065988,37.288094]]],[[[-6.068903,37.292642],[-6.068778,37.292469],[-6.068632,37.291826],[-6.067912,37.290683],[-6.066756,37.289953],[-6.066133,37.289767],[-6.067294,37.289553],[-6.066943,37.289698],[-6.066965,37.289771],[-6.067322,37.290099],[-6.068159,37.290572],[-6.068336,37.290932],[-6.068711,37.291346],[-6.068994,37.291961],[-6.069017,37.29232],[-6.069301,37.292631],[-6.06922,37.292672],[-6.069295,37.292734],[-6.069287,37.292911],[-6.069064,37.292976],[-6.068937,37.292835],[-6.068903,37.292642]]],[[[-6.069302,37.292967],[-6.069103,37.293106],[-6.069084,37.29303],[-6.069302,37.292967]]]]},"properties":{"OBJECTID":1791,"ID_ZONA":"ES050_APSFR_BG008-02_T100","ZONA":"Arroyo Repudio","TIPO_ZONA":"Q Periodo de retorno T100","RIO":"Arroyo del Repudio; Río Guadalquivir","LONG_KM":2.6,"HIPOTESIS":"Q100 régimen natural","HIDROLOGIA":"CAUMAX","PRECISION_":"MDT 1x1 procedente de LIDAR IGN PNOA","HIDRAUL":"IBER","ESTUDIO":"SNCZI. Zonas inundables del sistema bajo del Guadalquivir","TIPO_EST":"Estudio de Desarrollo del SNCZI","DOCUMENTO":"Implantación y seguimiento del plan de gestión del riesgo de inundación de las demarcaciones hidrográficas del Guadalquivir, Ceuta y Melilla. Fase 1. Revisión de la EPRI y mapas de peligrosidad y riesgo de inundación","FECHA_APRO":1587340800000,"FECHA_GEO":"05/2014","ORGANISMO":"Ministerio para la transición ecológica","CLAVE_EXPE":"05.840-0015/0411","DEMARCACIO":"Guadalquivir","ID_DEMAR":51,"Q_M3_S":"72; 3978","ZI_DIRECTI":"ES050_APSFR_BG008","CICLO":2,"Shape_Leng":13581.3683487,"Fecha_Lim":1745107200000,"Shape__Area":6.4057596503630521E-05,"Shape__Length":0.13641810644060551}},{"type":"Feature","id":1708,"geometry":{"type":"Polygon","coordinates":[[[-6.117009,37.321017],[-6.116915,37.32104],[-6.116763,37.320915],[-6.116647,37.320938],[-6.116303,37.320773],[-6.116027,37.320935],[-6.115899,37.320339],[-6.115744,37.320198],[-6.115717,37.319878],[-6.11554,37.319562],[-6.115095,37.319285],[-6.115029,37.319003],[-6.114382,37.317817],[-6.114046,37.316704],[-6.114133,37.316475],[-6.11393,37.315647],[-6.113967,37.315561],[-6.11379,37.315137],[-6.113082,37.314954],[-6.112734,37.315068],[-6.112662,37.315011],[-6.112847,37.314454],[-6.113019,37.313453],[-6.112584,37.312705],[-6.112625,37.312557],[-6.112424,37.312069],[-6.11256,37.311915],[-6.11238,37.311657],[-6.112397,37.311239],[-6.112181,37.311123],[-6.112161,37.310942],[-6.112414,37.310925],[-6.112411,37.310783],[-6.112048,37.310752],[-6.112407,37.310711],[-6.112344,37.30973],[-6.112076,37.309768],[-6.112309,37.309609],[-6.112301,37.309508],[-6.111758,37.309498],[-6.112152,37.309403],[-6.111923,37.309107],[-6.111711,37.309024],[-6.111599,37.308642],[-6.11084,37.307662],[-6.1101,37.306987],[-6.110084,37.306834],[-6.109916,37.30679],[-6.110067,37.306589],[-6.109961,37.306335],[-6.110058,37.306017],[-6.110191,37.305937],[-6.110152,37.305762],[-6.110282,37.305452],[-6.110155,37.305417],[-6.110287,37.305235],[-6.109841,37.304524],[-6.109571,37.304231],[-6.108829,37.303705],[-6.108587,37.303367],[-6.108522,37.303041],[-6.107879,37.301998],[-6.107954,37.301176],[-6.107884,37.300561],[-6.107385,37.299706],[-6.107984,37.299573],[-6.108282,37.300486],[-6.108473,37.300745],[-6.108575,37.301512],[-6.10884,37.302018],[-6.109224,37.302517],[-6.109291,37.303245],[-6.109778,37.303558],[-6.110306,37.304363],[-6.110446,37.304457],[-6.110645,37.304879],[-6.110972,37.306084],[-6.110873,37.306161],[-6.111327,37.306331],[-6.111132,37.306626],[-6.111121,37.306832],[-6.111313,37.307121],[-6.111547,37.307081],[-6.111622,37.307141],[-6.11155,37.307265],[-6.111978,37.308079],[-6.112732,37.308597],[-6.112673,37.308809],[-6.11278,37.309272],[-6.112687,37.309327],[-6.112732,37.309367],[-6.113194,37.309175],[-6.113316,37.309216],[-6.113354,37.309426],[-6.113224,37.309274],[-6.112557,37.309505],[-6.112714,37.309655],[-6.112786,37.30963],[-6.113009,37.309964],[-6.113079,37.31023],[-6.112901,37.310298],[-6.113051,37.310549],[-6.1134,37.310454],[-6.113386,37.310712],[-6.113504,37.31072],[-6.113493,37.310817],[-6.113353,37.310868],[-6.11353,37.311239],[-6.113638,37.311208],[-6.11379,37.311353],[-6.113706,37.311635],[-6.113834,37.311797],[-6.113656,37.311916],[-6.113823,37.312114],[-6.113931,37.312009],[-6.113994,37.312169],[-6.113932,37.312297],[-6.114038,37.312327],[-6.114312,37.312656],[-6.114518,37.31324],[-6.114668,37.313284],[-6.114724,37.313422],[-6.114949,37.31348],[-6.115159,37.313788],[-6.115351,37.313915],[-6.115656,37.315645],[-6.115815,37.315744],[-6.115665,37.315861],[-6.115711,37.316276],[-6.11585,37.316488],[-6.116189,37.318176],[-6.116664,37.318874],[-6.116822,37.318956],[-6.11686,37.319116],[-6.117185,37.319478],[-6.117313,37.319741],[-6.117839,37.319855],[-6.117874,37.320045],[-6.118577,37.320747],[-6.118799,37.320848],[-6.118836,37.32125],[-6.117679,37.321674],[-6.117527,37.32145],[-6.117009,37.321017]],[[-6.115833,37.317549],[-6.115094,37.317645],[-6.114949,37.317918],[-6.115288,37.31836],[-6.115398,37.318686],[-6.115747,37.319063],[-6.116401,37.319228],[-6.116611,37.319047],[-6.116634,37.318928],[-6.116118,37.31832],[-6.115919,37.317601],[-6.115833,37.317549]]]},"properties":{"OBJECTID":1708,"ID_ZONA":"ES050_APSFR_BG007-01_T100","ZONA":"Almensilla","TIPO_ZONA":"Q Periodo de retorno T100","RIO":"Arroyo de Cañada Fría","LONG_KM":2.77,"HIPOTESIS":"Q100 régimen natural","HIDROLOGIA":"Método racional","PRECISION_":"MDT 2x2 procedente de LIDAR IGN PNOA","HIDRAUL":"SOBEK","ESTUDIO":"SNCZI. Zonas inundables del sistema bajo del Guadalquivir","TIPO_EST":"Estudio de Desarrollo del SNCZI","DOCUMENTO":"Elaboración de cartografía de dominio público hidráulico y mapas de peligrosidad y riesgo de la directiva 2007/60 en el marco del SNCZI en las demarcaciones hidrográficas del Guadalquivir, Ceuta y Melilla. Cofinanciado con fondos FEDER","FECHA_APRO":1443139200000,"FECHA_GEO":"05/2014","ORGANISMO":"Ministerio de agricultura, alimentación y medio ambiente","CLAVE_EXPE":"CU(CO)-4615","DEMARCACIO":"Guadalquivir","ID_DEMAR":51,"Q_M3_S":"30","ZI_DIRECTI":"ES050_APSFR_BG007","CICLO":1,"Shape_Leng":7011.83072801,"Fecha_Lim":1745107200000,"Shape__Area":2.7104602168037673E-05,"Shape__Length":0.0682038812111324}},{"type":"Feature","id":1790,"geometry":{"type":"Polygon","coordinates":[[[-5.985095,37.507242],[-5.96508,37.493832],[-5.965888,37.491254],[-5.966146,37.490067],[-5.966052,37.489961],[-5.966185,37.489904],[-5.966471,37.489122],[-5.966597,37.487486],[-5.966716,37.487331],[-5.967005,37.487198],[-5.967626,37.48719],[-5.967363,37.48705],[-5.966826,37.486942],[-5.966694,37.487035],[-5.965947,37.487016],[-5.965881,37.487042],[-5.965959,37.487091],[-5.966152,37.487107],[-5.966037,37.487194],[-5.965635,37.487024],[-5.965424,37.486679],[-5.964752,37.486636],[-5.965246,37.486886],[-5.965458,37.48711],[-5.965543,37.487328],[-5.965348,37.488491],[-5.965478,37.489979],[-5.96538,37.49014],[-5.965324,37.491007],[-5.965084,37.492364],[-5.964735,37.49345],[-5.963485,37.492539],[-5.963242,37.4926],[-5.953059,37.485774],[-5.953186,37.484414],[-5.953393,37.484193],[-5.953367,37.483998],[-5.95329,37.483911],[-5.953094,37.483988],[-5.952907,37.483938],[-5.952714,37.483769],[-5.952721,37.483642],[-5.952651,37.483604],[-5.952706,37.48349],[-5.952624,37.483419],[-5.952507,37.483497],[-5.95241,37.483333],[-5.951788,37.483269],[-5.951376,37.48306],[-5.951379,37.482676],[-5.95129,37.482624],[-5.95136,37.482177],[-5.951681,37.482266],[-5.951683,37.482151],[-5.951776,37.482175],[-5.951922,37.481985],[-5.952432,37.482095],[-5.952679,37.481818],[-5.952633,37.482006],[-5.952743,37.481941],[-5.953213,37.482007],[-5.953151,37.481919],[-5.953538,37.482067],[-5.953985,37.48206],[-5.954139,37.481779],[-5.95339,37.48169],[-5.954031,37.48163],[-5.95379,37.481547],[-5.953863,37.481446],[-5.954261,37.48147],[-5.954551,37.481282],[-5.954597,37.481427],[-5.954713,37.48128],[-5.954813,37.481361],[-5.954861,37.481204],[-5.954975,37.481223],[-5.954958,37.481346],[-5.954824,37.481375],[-5.955135,37.481365],[-5.955204,37.481268],[-5.955145,37.481203],[-5.955333,37.481118],[-5.955406,37.481208],[-5.955363,37.481282],[-5.955178,37.481354],[-5.955258,37.481429],[-5.954823,37.481456],[-5.954759,37.48137],[-5.954502,37.481518],[-5.954571,37.481559],[-5.954528,37.481622],[-5.954448,37.481548],[-5.954336,37.481667],[-5.954567,37.481715],[-5.954612,37.481767],[-5.954401,37.481802],[-5.954636,37.481952],[-5.954509,37.482221],[-5.954383,37.482206],[-5.954413,37.482143],[-5.95435,37.48218],[-5.954436,37.482316],[-5.954359,37.482505],[-5.954618,37.482562],[-5.954476,37.482592],[-5.954519,37.482656],[-5.954764,37.482739],[-5.955956,37.482976],[-5.956119,37.482027],[-5.957007,37.482089],[-5.956833,37.483625],[-5.957133,37.483832],[-5.957345,37.482175],[-5.958267,37.482199],[-5.95798,37.483995],[-5.958001,37.484452],[-5.975001,37.485742],[-5.975099,37.485754],[-5.974842,37.485793],[-5.974837,37.485888],[-5.975231,37.48591],[-5.975272,37.486008],[-5.975492,37.486027],[-5.975682,37.48588],[-5.975511,37.485794],[-5.976089,37.485785],[-5.97603,37.486088],[-5.976326,37.486134],[-5.976388,37.485928],[-5.976588,37.485911],[-5.976559,37.485771],[-5.976647,37.485717],[-5.976658,37.485503],[-5.976086,37.485402],[-5.976099,37.485247],[-5.976007,37.485129],[-5.975964,37.485347],[-5.975778,37.48538],[-5.973271,37.485104],[-5.968712,37.484791],[-5.968138,37.484672],[-5.968081,37.484728],[-5.967567,37.484707],[-5.967328,37.484624],[-5.967162,37.484677],[-5.964059,37.484413],[-5.963823,37.484241],[-5.963878,37.483952],[-5.963978,37.484039],[-5.964325,37.483632],[-5.964184,37.483563],[-5.964195,37.483665],[-5.963891,37.483871],[-5.963964,37.483356],[-5.963856,37.483393],[-5.96375,37.484152],[-5.963679,37.483992],[-5.963572,37.483992],[-5.963396,37.484149],[-5.962945,37.484231],[-5.960831,37.482843],[-5.960928,37.482512],[-5.96124,37.482571],[-5.961401,37.482517],[-5.961566,37.48264],[-5.961608,37.482552],[-5.961884,37.482615],[-5.961826,37.482551],[-5.961945,37.482504],[-5.962628,37.4826],[-5.962518,37.482661],[-5.96302,37.482584],[-5.964269,37.482709],[-5.964296,37.482509],[-5.964635,37.482456],[-5.964522,37.48244],[-5.964554,37.482382],[-5.966275,37.482493],[-5.966524,37.48229],[-5.966548,37.482086],[-5.96645,37.482015],[-5.966561,37.481974],[-5.966536,37.481902],[-5.966435,37.481925],[-5.966501,37.48142],[-5.967689,37.481338],[-5.967828,37.48114],[-5.968725,37.481254],[-5.969087,37.481224],[-5.969434,37.48138],[-5.969773,37.48137],[-5.969888,37.481278],[-5.972534,37.48146],[-5.972743,37.481307],[-5.975133,37.480758],[-5.975819,37.480777],[-5.976189,37.480407],[-5.976963,37.4799],[-5.976982,37.479677],[-5.976328,37.480075],[-5.975902,37.480233],[-5.975201,37.480403],[-5.97504,37.48034],[-5.975015,37.480452],[-5.973036,37.480872],[-5.972241,37.480947],[-5.972081,37.481063],[-5.970227,37.48093],[-5.970263,37.480782],[-5.970059,37.480769],[-5.970132,37.480749],[-5.970166,37.480527],[-5.970044,37.480409],[-5.970094,37.480372],[-5.970014,37.480049],[-5.969692,37.479311],[-5.969692,37.47902],[-5.969476,37.478603],[-5.969388,37.478723],[-5.96946,37.478833],[-5.96931,37.478895],[-5.96898,37.479308],[-5.96901,37.479416],[-5.968874,37.479414],[-5.968341,37.479777],[-5.968228,37.480078],[-5.968354,37.480132],[-5.968339,37.480307],[-5.968168,37.480168],[-5.967961,37.480386],[-5.967635,37.480429],[-5.967955,37.480604],[-5.968015,37.480729],[-5.967677,37.480543],[-5.967572,37.48039],[-5.967564,37.480174],[-5.967813,37.47905],[-5.967738,37.477443],[-5.967794,37.477149],[-5.967865,37.477148],[-5.967906,37.476831],[-5.967788,37.476708],[-5.967915,37.476621],[-5.967958,37.476153],[-5.967856,37.475553],[-5.968094,37.475525],[-5.968239,37.474125],[-5.968169,37.474092],[-5.968078,37.474216],[-5.968067,37.474034],[-5.968231,37.473919],[-5.968177,37.473822],[-5.968245,37.473498],[-5.96815,37.47368],[-5.968124,37.473508],[-5.968255,37.473335],[-5.968221,37.473129],[-5.96814,37.473166],[-5.968125,37.472954],[-5.968206,37.472811],[-5.968277,37.47284],[-5.968287,37.472569],[-5.968247,37.472002],[-5.967979,37.471819],[-5.967938,37.471334],[-5.968075,37.47107],[-5.968129,37.470526],[-5.968086,37.470457],[-5.968034,37.470547],[-5.96795,37.470491],[-5.967885,37.469715],[-6.015821,37.468303],[-6.016243,37.468931],[-6.01679,37.470111],[-6.01677,37.470241],[-6.016927,37.470597],[-6.017061,37.470656],[-6.01704,37.470554],[-6.017275,37.470525],[-6.017393,37.470366],[-6.017683,37.470278],[-6.017987,37.470395],[-6.017705,37.470448],[-6.017762,37.470602],[-6.017978,37.470579],[-6.018066,37.470397],[-6.018242,37.470415],[-6.018151,37.470485],[-6.018156,37.470591],[-6.018362,37.470653],[-6.018467,37.470604],[-6.018511,37.470673],[-6.018582,37.470437],[-6.018671,37.470401],[-6.018554,37.470272],[-6.018813,37.469945],[-6.018757,37.469926],[-6.018843,37.469779],[-6.018481,37.469665],[-6.018671,37.469562],[-6.018707,37.469677],[-6.018931,37.469697],[-6.018919,37.469239],[-6.019257,37.469361],[-6.019392,37.469502],[-6.01934,37.469748],[-6.019658,37.469683],[-6.019535,37.469725],[-6.019403,37.470085],[-6.019223,37.470218],[-6.019306,37.470331],[-6.019767,37.470461],[-6.019846,37.470368],[-6.020006,37.47051],[-6.020079,37.470504],[-6.020108,37.470381],[-6.020182,37.470522],[-6.020548,37.470407],[-6.020458,37.470156],[-6.020933,37.470583],[-6.020984,37.470538],[-6.020725,37.470281],[-6.020924,37.47013],[-6.020957,37.469852],[-6.0212,37.469722],[-6.021167,37.469677],[-6.02131,37.469547],[-6.021072,37.469368],[-6.021206,37.469296],[-6.021364,37.469352],[-6.021123,37.469164],[-6.021355,37.46908],[-6.021348,37.468923],[-6.021153,37.468681],[-6.021378,37.46856],[-6.021241,37.468424],[-6.021494,37.468354],[-6.021403,37.468287],[-6.021456,37.468251],[-6.022098,37.468274],[-6.021918,37.468399],[-6.021987,37.46863],[-6.021793,37.468593],[-6.021905,37.468694],[-6.021868,37.468816],[-6.021938,37.468908],[-6.021825,37.46902],[-6.021917,37.469069],[-6.021852,37.469146],[-6.022032,37.469162],[-6.021991,37.469297],[-6.02209,37.46942],[-6.021956,37.469575],[-6.022208,37.469518],[-6.022376,37.469354],[-6.022275,37.469155],[-6.022353,37.469134],[-6.022123,37.468949],[-6.022264,37.468848],[-6.022536,37.46902],[-6.022695,37.468971],[-6.022635,37.468834],[-6.023031,37.468667],[-6.022948,37.468757],[-6.022975,37.468848],[-6.023221,37.468954],[-6.023749,37.468898],[-6.024123,37.468725],[-6.024199,37.468851],[-6.024797,37.468274],[-6.025505,37.468279],[-6.025408,37.468394],[-6.024921,37.468471],[-6.024934,37.468562],[-6.024709,37.468807],[-6.024491,37.46952],[-6.024311,37.469653],[-6.02433,37.47012],[-6.024184,37.47028],[-6.024332,37.470307],[-6.024271,37.47019],[-6.024449,37.470172],[-6.024384,37.47036],[-6.024503,37.470434],[-6.024345,37.470435],[-6.024309,37.470551],[-6.024498,37.470641],[-6.024377,37.470613],[-6.024318,37.470715],[-6.024472,37.470699],[-6.024596,37.470832],[-6.024517,37.471153],[-6.024642,37.471138],[-6.024665,37.471036],[-6.024785,37.471089],[-6.024631,37.471257],[-6.024557,37.471275],[-6.0245,37.471176],[-6.024452,37.471271],[-6.024541,37.471335],[-6.02439,37.471339],[-6.024367,37.471464],[-6.024312,37.471412],[-6.02427,37.471498],[-6.024343,37.471578],[-6.024246,37.471841],[-6.024117,37.471868],[-6.024226,37.471807],[-6.024169,37.471589],[-6.024004,37.471678],[-6.024083,37.471759],[-6.023969,37.471698],[-6.023922,37.471749],[-6.023861,37.471656],[-6.023785,37.471729],[-6.023733,37.47164],[-6.023614,37.471719],[-6.023681,37.471896],[-6.023777,37.471926],[-6.023734,37.472001],[-6.023506,37.472009],[-6.023467,37.471885],[-6.023229,37.471939],[-6.023205,37.471868],[-6.023387,37.47176],[-6.023266,37.471763],[-6.023272,37.471516],[-6.023057,37.471473],[-6.023115,37.471273],[-6.022959,37.471259],[-6.023058,37.471352],[-6.022965,37.4714],[-6.022827,37.471249],[-6.02286,37.471368],[-6.022635,37.471406],[-6.022678,37.471216],[-6.022594,37.471271],[-6.022624,37.471487],[-6.02231,37.471495],[-6.022183,37.471679],[-6.021798,37.471676],[-6.02228,37.471856],[-6.0224,37.472052],[-6.022567,37.472031],[-6.022889,37.472241],[-6.023133,37.47228],[-6.023042,37.472306],[-6.023051,37.472413],[-6.023169,37.472644],[-6.023236,37.472691],[-6.023387,37.472622],[-6.024245,37.473203],[-6.024265,37.473148],[-6.024192,37.473163],[-6.023995,37.472968],[-6.024031,37.472912],[-6.023863,37.472887],[-6.02381,37.472782],[-6.023983,37.472531],[-6.023961,37.472199],[-6.024042,37.472118],[-6.024029,37.47228],[-6.02426,37.472165],[-6.024291,37.472389],[-6.024394,37.472349],[-6.024615,37.472011],[-6.024713,37.472173],[-6.024612,37.47239],[-6.024945,37.472368],[-6.024825,37.472405],[-6.024824,37.472523],[-6.02487,37.472562],[-6.025015,37.472418],[-6.025188,37.472676],[-6.025519,37.472514],[-6.025559,37.472378],[-6.025857,37.472503],[-6.025668,37.472608],[-6.025784,37.472795],[-6.02559,37.472796],[-6.025694,37.472939],[-6.025461,37.4728],[-6.025169,37.472939],[-6.025353,37.472953],[-6.025439,37.473111],[-6.025547,37.473098],[-6.0254,37.473078],[-6.025414,37.472895],[-6.0256,37.47292],[-6.02555,37.473043],[-6.025648,37.47316],[-6.025278,37.473383],[-6.025599,37.473482],[-6.025558,37.47379],[-6.025463,37.473797],[-6.025418,37.473693],[-6.025348,37.47376],[-6.025226,37.473695],[-6.02516,37.473569],[-6.025028,37.473619],[-6.024971,37.473535],[-6.024639,37.473463],[-6.024555,37.473523],[-6.025271,37.474075],[-6.025159,37.47426],[-6.025278,37.474315],[-6.025253,37.474546],[-6.025513,37.474586],[-6.025511,37.474456],[-6.025646,37.474408],[-6.025588,37.473997],[-6.025922,37.474123],[-6.025946,37.474225],[-6.025806,37.474352],[-6.025975,37.474244],[-6.026047,37.474373],[-6.025911,37.474465],[-6.025888,37.474595],[-6.026116,37.474634],[-6.026551,37.474488],[-6.026547,37.474605],[-6.026357,37.474566],[-6.026431,37.474715],[-6.026281,37.474725],[-6.026433,37.474934],[-6.026517,37.474881],[-6.026768,37.474984],[-6.026583,37.475047],[-6.026604,37.475132],[-6.026721,37.475006],[-6.026832,37.475119],[-6.026963,37.475093],[-6.027283,37.474878],[-6.027384,37.474536],[-6.02772,37.474159],[-6.027893,37.473974],[-6.028309,37.473778],[-6.028828,37.473679],[-6.029219,37.473741],[-6.029262,37.473839],[-6.029852,37.473773],[-6.030783,37.473476],[-6.030843,37.473387],[-6.030887,37.473437],[-6.030834,37.473448],[-6.031156,37.473647],[-6.03137,37.473659],[-6.03172,37.473552],[-6.031743,37.473438],[-6.032001,37.473197],[-6.032265,37.473116],[-6.032716,37.47309],[-6.033086,37.473228],[-6.03346,37.473264],[-6.033992,37.473173],[-6.034611,37.471783],[-6.034749,37.470906],[-6.034574,37.470288],[-6.034317,37.469821],[-6.034317,37.469646],[-6.034183,37.469533],[-6.033754,37.469929],[-6.033611,37.469853],[-6.034185,37.46941],[-6.034178,37.468911],[-6.034394,37.46834],[-6.03486,37.468343],[-6.034701,37.468523],[-6.034536,37.46908],[-6.034625,37.469198],[-6.034609,37.469567],[-6.03503,37.470502],[-6.035142,37.471147],[-6.035032,37.471836],[-6.034806,37.472085],[-6.034936,37.472303],[-6.034792,37.472729],[-6.035104,37.473939],[-6.035034,37.474069],[-6.03515,37.474491],[-6.035155,37.474883],[-6.034931,37.474223],[-6.034838,37.47349],[-6.034641,37.47324],[-6.034006,37.47359],[-6.033202,37.473549],[-6.032892,37.473404],[-6.032454,37.473397],[-6.032236,37.473467],[-6.031608,37.473952],[-6.031151,37.474017],[-6.030581,37.473887],[-6.029337,37.47413],[-6.028461,37.474032],[-6.027985,37.474401],[-6.027677,37.474944],[-6.027261,37.47531],[-6.026537,37.475649],[-6.025854,37.475855],[-6.02571,37.476002],[-6.025736,37.476184],[-6.025903,37.476376],[-6.025926,37.476593],[-6.026372,37.476857],[-6.026834,37.47765],[-6.027059,37.477913],[-6.027227,37.477991],[-6.027791,37.478804],[-6.027977,37.479332],[-6.027927,37.479497],[-6.028009,37.479867],[-6.027986,37.480131],[-6.027845,37.480384],[-6.027813,37.480823],[-6.027701,37.480971],[-6.027808,37.481134],[-6.027696,37.481404],[-6.027739,37.48206],[-6.027834,37.482161],[-6.027459,37.48317],[-6.027365,37.483518],[-6.027405,37.483673],[-6.027137,37.484062],[-6.027233,37.484164],[-6.027117,37.485249],[-6.026333,37.486511],[-6.026178,37.48655],[-6.026055,37.48669],[-6.025839,37.487311],[-6.025733,37.487363],[-6.025781,37.487427],[-6.02569,37.487631],[-6.025405,37.488002],[-6.025278,37.48834],[-6.025285,37.489008],[-6.025408,37.489139],[-6.025416,37.489337],[-6.02591,37.489829],[-6.026404,37.490002],[-6.026423,37.490195],[-6.026641,37.490567],[-6.026779,37.490618],[-6.026898,37.490519],[-6.026937,37.490559],[-6.02689,37.490883],[-6.027058,37.490868],[-6.027058,37.491003],[-6.027271,37.49113],[-6.027347,37.491495],[-6.027225,37.49183],[-6.027277,37.491964],[-6.027174,37.492246],[-6.027265,37.492313],[-6.027186,37.49254],[-6.027517,37.493223],[-6.027778,37.493512],[-6.028882,37.493798],[-6.0289,37.49346],[-6.028768,37.493255],[-6.028604,37.492657],[-6.028459,37.492465],[-6.028894,37.492355],[-6.028898,37.492285],[-6.028724,37.492075],[-6.028483,37.492046],[-6.028363,37.491887],[-6.02866,37.491787],[-6.028972,37.491921],[-6.029091,37.492117],[-6.029776,37.49382],[-6.030526,37.494101],[-6.03058,37.494049],[-6.030754,37.494121],[-6.030721,37.494164],[-6.030582,37.494241],[-6.030316,37.494057],[-6.030132,37.494167],[-6.028349,37.493936],[-6.028015,37.493844],[-6.027382,37.493414],[-6.027314,37.493217],[-6.027198,37.493151],[-6.026812,37.492239],[-6.0268,37.491474],[-6.026865,37.491368],[-6.02626,37.490333],[-6.026032,37.490111],[-6.025482,37.489879],[-6.025419,37.48967],[-6.025196,37.489384],[-6.024551,37.489894],[-6.024459,37.490221],[-6.024488,37.490481],[-6.024375,37.490142],[-6.024404,37.489998],[-6.024736,37.489607],[-6.024505,37.489608],[-6.024363,37.489338],[-6.024374,37.488751],[-6.02454,37.488526],[-6.024506,37.488412],[-6.024654,37.488392],[-6.024472,37.488351],[-6.024392,37.488248],[-6.023737,37.488236],[-6.023613,37.488374],[-6.023622,37.488197],[-6.023458,37.488203],[-6.023537,37.488528],[-6.023351,37.488145],[-6.022716,37.48829],[-6.022865,37.48847],[-6.022842,37.488701],[-6.022758,37.48884],[-6.022599,37.488907],[-6.022025,37.488781],[-6.021877,37.48879],[-6.021947,37.488862],[-6.021857,37.488933],[-6.021765,37.488825],[-6.021816,37.488741],[-6.02167,37.488636],[-6.021489,37.488691],[-6.02135,37.48864],[-6.021309,37.488732],[-6.021493,37.488797],[-6.021519,37.488888],[-6.021673,37.488848],[-6.021765,37.488989],[-6.021879,37.488963],[-6.022073,37.489185],[-6.022054,37.489355],[-6.02179,37.489369],[-6.021646,37.489156],[-6.021506,37.48914],[-6.021383,37.489536],[-6.021165,37.489733],[-6.020735,37.48907],[-6.020417,37.48889],[-6.020324,37.489012],[-6.019509,37.488975],[-6.019409,37.488734],[-6.019489,37.48852],[-6.019317,37.488422],[-6.019239,37.488474],[-6.019354,37.488916],[-6.019336,37.489247],[-6.019066,37.489184],[-6.018977,37.489265],[-6.018764,37.489242],[-6.018668,37.489381],[-6.018714,37.489476],[-6.018559,37.489459],[-6.018609,37.489391],[-6.018554,37.489164],[-6.018131,37.489162],[-6.018078,37.489132],[-6.018155,37.489062],[-6.017587,37.489043],[-6.017141,37.489143],[-6.016997,37.489381],[-6.016617,37.489572],[-6.016115,37.489486],[-6.016141,37.489734],[-6.016487,37.489894],[-6.016531,37.489813],[-6.016624,37.489876],[-6.016914,37.489728],[-6.016898,37.489926],[-6.016286,37.489973],[-6.015747,37.49034],[-6.015056,37.490243],[-6.014227,37.490615],[-6.014133,37.490527],[-6.013915,37.490731],[-6.014646,37.489953],[-6.014875,37.489958],[-6.014973,37.489854],[-6.014876,37.489796],[-6.015017,37.489773],[-6.014958,37.489677],[-6.014824,37.489797],[-6.014821,37.489693],[-6.015146,37.489623],[-6.015171,37.489518],[-6.01509,37.489502],[-6.015254,37.489432],[-6.015352,37.489033],[-6.015466,37.488911],[-6.015366,37.488797],[-6.015431,37.488699],[-6.015367,37.488437],[-6.01527,37.488426],[-6.015242,37.488914],[-6.015113,37.489077],[-6.015078,37.489354],[-6.014621,37.489837],[-6.014649,37.489927],[-6.014572,37.489911],[-6.014298,37.490186],[-6.014006,37.490277],[-6.01398,37.490382],[-6.01376,37.490428],[-6.013742,37.490619],[-6.013388,37.490816],[-6.013187,37.490669],[-6.013106,37.491206],[-6.012467,37.491918],[-6.012351,37.492773],[-6.012225,37.492911],[-6.011631,37.493037],[-6.011466,37.493195],[-6.01164,37.493465],[-6.011471,37.493582],[-6.011333,37.493546],[-6.011495,37.493853],[-6.011387,37.493941],[-6.011049,37.493778],[-6.011058,37.493694],[-6.010728,37.493392],[-6.010575,37.493816],[-6.01041,37.493389],[-6.010414,37.493596],[-6.010467,37.493588],[-6.010463,37.493677],[-6.010382,37.493675],[-6.010403,37.494836],[-6.010119,37.494893],[-6.009437,37.494695],[-6.009003,37.494791],[-6.008879,37.495171],[-6.009268,37.495811],[-6.009007,37.495776],[-6.00914,37.49601],[-6.00855,37.495492],[-6.008429,37.495653],[-6.007814,37.495975],[-6.007735,37.49598],[-6.007668,37.495712],[-6.007487,37.495877],[-6.007205,37.495966],[-6.005027,37.497761],[-6.003549,37.498724],[-6.002198,37.499436],[-6.001974,37.499608],[-6.00173,37.500082],[-6.001542,37.499956],[-6.001204,37.50002],[-6.000579,37.500315],[-5.999984,37.500684],[-5.999385,37.501364],[-5.998866,37.501798],[-5.998543,37.501962],[-5.998618,37.502048],[-5.998523,37.502595],[-5.998591,37.503148],[-5.99898,37.50373],[-5.999131,37.504203],[-5.999055,37.50453],[-5.999093,37.504816],[-5.999303,37.505109],[-5.99912,37.505766],[-5.998506,37.506369],[-5.998524,37.506504],[-5.998413,37.506579],[-5.994215,37.507115],[-5.994322,37.506721],[-5.995204,37.505442],[-5.995147,37.505081],[-5.995194,37.50495],[-5.995293,37.504922],[-5.995128,37.504625],[-5.994916,37.504559],[-5.994774,37.504364],[-5.994425,37.504145],[-5.994405,37.504227],[-5.994176,37.50422],[-5.993823,37.504404],[-5.993828,37.504466],[-5.993682,37.504465],[-5.993026,37.504787],[-5.990678,37.505632],[-5.98918,37.506489],[-5.988449,37.50709],[-5.987177,37.508637],[-5.985095,37.507242]]]},"properties":{"OBJECTID":1790,"ID_ZONA":"ES050_APSFR_BG004-03_T100","ZONA":"Guadalquivir en Rinconada","TIPO_ZONA":"Q Periodo de retorno T100","RIO":"Río Guadalquivir","LONG_KM":7.52,"HIPOTESIS":"Q100 régimen alterado","HIDROLOGIA":"CAUMAX","PRECISION_":"MDT 1x1 procedente de LIDAR IGN PNOA","HIDRAUL":"IBER","ESTUDIO":"SNCZI. Zonas inundables del sistema bajo del Guadalquivir","TIPO_EST":"Estudio de Desarrollo del SNCZI","DOCUMENTO":"Implantación y seguimiento del plan de gestión del riesgo de inundación de las demarcaciones hidrográficas del Guadalquivir, Ceuta y Melilla. Fase 1. Revisión de la EPRI y mapas de peligrosidad y riesgo de inundación","FECHA_APRO":1587340800000,"FECHA_GEO":"05/2014","ORGANISMO":"Ministerio para la transición ecológica","CLAVE_EXPE":"05.840-0015/0411","DEMARCACIO":"Guadalquivir","ID_DEMAR":51,"Q_M3_S":"7655","ZI_DIRECTI":"ES050_APSFR_BG004","CICLO":2,"Shape_Leng":43068.2681011,"Fecha_Lim":1745107200000,"Shape__Area":0.0018410851492234315,"Shape__Length":0.4423194596016935}},{"type":"Feature","id":1793,"geometry":{"type":"MultiPolygon","coordinates":[[[[-5.953165,37.297981],[-5.953199,37.298023],[-5.953153,37.298019],[-5.953165,37.297981]]],[[[-5.968444,37.298791],[-5.968388,37.298924],[-5.968369,37.29882],[-5.968444,37.298791]]],[[[-5.944644,37.302748],[-5.944561,37.302766],[-5.944302,37.302386],[-5.944391,37.302287],[-5.944663,37.302217],[-5.944678,37.302102],[-5.944516,37.301896],[-5.944552,37.301824],[-5.945886,37.301687],[-5.946346,37.301449],[-5.946661,37.300967],[-5.946867,37.300221],[-5.947057,37.300389],[-5.947227,37.30029],[-5.947308,37.300014],[-5.947465,37.299911],[-5.947513,37.299717],[-5.947441,37.29968],[-5.94671,37.299856],[-5.946553,37.299815],[-5.946663,37.299342],[-5.946938,37.299041],[-5.947228,37.29905],[-5.948143,37.299714],[-5.948102,37.299506],[-5.948656,37.299227],[-5.948304,37.298809],[-5.948188,37.298518],[-5.948995,37.299185],[-5.949099,37.299157],[-5.949134,37.29927],[-5.950191,37.299813],[-5.9503,37.299951],[-5.950142,37.300147],[-5.949812,37.300138],[-5.949527,37.300327],[-5.949478,37.300471],[-5.94922,37.300489],[-5.948566,37.299942],[-5.94849,37.299745],[-5.948192,37.299746],[-5.948156,37.299786],[-5.949026,37.300615],[-5.948901,37.300582],[-5.948774,37.300676],[-5.94822,37.30079],[-5.948097,37.300707],[-5.948074,37.300588],[-5.948247,37.300392],[-5.948103,37.300287],[-5.947713,37.300644],[-5.948073,37.300957],[-5.947681,37.301018],[-5.94681,37.301663],[-5.946,37.302089],[-5.945781,37.301925],[-5.945515,37.3022],[-5.945106,37.302224],[-5.945133,37.30234],[-5.945022,37.302441],[-5.944997,37.302631],[-5.944796,37.302543],[-5.944802,37.302779],[-5.944644,37.302748]]],[[[-5.928139,37.306802],[-5.927893,37.306462],[-5.927986,37.306366],[-5.927571,37.305524],[-5.927653,37.305235],[-5.927749,37.30526],[-5.928155,37.30587],[-5.928279,37.305947],[-5.92834,37.306187],[-5.928568,37.306243],[-5.928315,37.306432],[-5.929357,37.306037],[-5.929518,37.30606],[-5.929589,37.305706],[-5.930351,37.303702],[-5.930282,37.303609],[-5.930484,37.303513],[-5.93048,37.303206],[-5.930988,37.302831],[-5.931002,37.302494],[-5.930853,37.302307],[-5.930407,37.302352],[-5.930257,37.302269],[-5.930409,37.302067],[-5.930041,37.301852],[-5.930147,37.301604],[-5.929637,37.301795],[-5.929957,37.301557],[-5.929885,37.301425],[-5.930048,37.301481],[-5.930123,37.30132],[-5.93059,37.301308],[-5.931022,37.301491],[-5.931468,37.301508],[-5.931508,37.301592],[-5.931898,37.301514],[-5.932473,37.301608],[-5.932873,37.301688],[-5.933052,37.301841],[-5.933236,37.301753],[-5.933658,37.301836],[-5.933815,37.301796],[-5.933888,37.301884],[-5.934086,37.30177],[-5.93454,37.30188],[-5.934537,37.30175],[-5.935183,37.30219],[-5.935358,37.302127],[-5.935723,37.302299],[-5.936551,37.30247],[-5.936889,37.30246],[-5.936993,37.302195],[-5.937404,37.302349],[-5.93758,37.302534],[-5.938112,37.30244],[-5.938614,37.302534],[-5.939069,37.302481],[-5.939446,37.302579],[-5.939479,37.302658],[-5.93958,37.302623],[-5.939564,37.302728],[-5.939868,37.302811],[-5.940111,37.302637],[-5.940304,37.302916],[-5.940553,37.302861],[-5.940659,37.303073],[-5.9409,37.30306],[-5.941124,37.303209],[-5.941233,37.303072],[-5.941142,37.302999],[-5.94136,37.302813],[-5.941427,37.302896],[-5.941687,37.302848],[-5.942006,37.303017],[-5.94218,37.302832],[-5.942432,37.302818],[-5.94259,37.302518],[-5.942883,37.302382],[-5.942974,37.302181],[-5.943281,37.30194],[-5.943512,37.302051],[-5.943667,37.302494],[-5.943753,37.302551],[-5.943653,37.302942],[-5.943427,37.302987],[-5.943067,37.303276],[-5.943016,37.303417],[-5.942932,37.303388],[-5.942842,37.303152],[-5.942633,37.303371],[-5.94213,37.303583],[-5.941719,37.30363],[-5.941445,37.303477],[-5.941268,37.303506],[-5.941255,37.303568],[-5.940927,37.30355],[-5.940921,37.303472],[-5.940857,37.303634],[-5.94094,37.303697],[-5.940767,37.303765],[-5.940703,37.303703],[-5.940778,37.303585],[-5.940734,37.303467],[-5.940286,37.303583],[-5.939739,37.303555],[-5.939433,37.30367],[-5.939169,37.303626],[-5.938908,37.303762],[-5.938611,37.303661],[-5.938719,37.303612],[-5.938576,37.303552],[-5.938321,37.303654],[-5.938199,37.303623],[-5.93781,37.303068],[-5.937307,37.302916],[-5.937011,37.302948],[-5.936603,37.303191],[-5.936429,37.303012],[-5.936282,37.303061],[-5.935899,37.303002],[-5.935947,37.303094],[-5.935876,37.303113],[-5.935371,37.303053],[-5.934858,37.302825],[-5.934694,37.302876],[-5.933983,37.302522],[-5.933626,37.302436],[-5.933382,37.302493],[-5.932339,37.302382],[-5.932038,37.302427],[-5.931898,37.302364],[-5.931632,37.302457],[-5.931162,37.302457],[-5.931099,37.302517],[-5.931127,37.302901],[-5.931021,37.303201],[-5.930588,37.303333],[-5.930583,37.303521],[-5.930828,37.303553],[-5.930828,37.303622],[-5.930501,37.303893],[-5.929681,37.30588],[-5.929643,37.306127],[-5.92844,37.306566],[-5.928139,37.306802]]],[[[-5.939249,37.302696],[-5.938996,37.302721],[-5.938802,37.302997],[-5.938879,37.303101],[-5.939185,37.30314],[-5.939256,37.303284],[-5.939391,37.303291],[-5.939436,37.30322],[-5.939352,37.303109],[-5.93945,37.303039],[-5.939317,37.302851],[-5.939407,37.302782],[-5.939249,37.302696]]],[[[-5.942882,37.302661],[-5.942793,37.302719],[-5.942798,37.302828],[-5.943016,37.302819],[-5.942882,37.302661]]],[[[-5.927672,37.306559],[-5.927956,37.306938],[-5.927509,37.307111],[-5.927251,37.306755],[-5.927672,37.306559]]],[[[-5.977613,37.30666],[-5.976932,37.306497],[-5.976252,37.305974],[-5.976073,37.305962],[-5.976101,37.305371],[-5.975875,37.304655],[-5.975566,37.304647],[-5.975167,37.304784],[-5.974944,37.304695],[-5.975578,37.304467],[-5.975472,37.304171],[-5.975318,37.30416],[-5.975546,37.304052],[-5.975568,37.303963],[-5.9752,37.303531],[-5.973816,37.302706],[-5.973716,37.302529],[-5.973194,37.302201],[-5.972148,37.301665],[-5.971987,37.30167],[-5.970707,37.302217],[-5.96984,37.302411],[-5.969718,37.302077],[-5.969635,37.302032],[-5.969647,37.301867],[-5.969428,37.301587],[-5.969345,37.301591],[-5.969488,37.301404],[-5.969462,37.301222],[-5.969541,37.301094],[-5.969517,37.300887],[-5.969344,37.30077],[-5.969415,37.300643],[-5.968658,37.300307],[-5.968641,37.300224],[-5.968451,37.300127],[-5.968357,37.300149],[-5.968288,37.300012],[-5.96774,37.299785],[-5.965987,37.298717],[-5.965789,37.298688],[-5.965504,37.298846],[-5.965319,37.299825],[-5.965179,37.299922],[-5.965079,37.299757],[-5.964828,37.300054],[-5.964617,37.299839],[-5.964672,37.299405],[-5.96457,37.299306],[-5.964381,37.299318],[-5.964438,37.29877],[-5.964317,37.298739],[-5.964111,37.299905],[-5.964009,37.30005],[-5.96387,37.300089],[-5.963912,37.300155],[-5.963856,37.30018],[-5.96224,37.299853],[-5.962278,37.29963],[-5.961989,37.299672],[-5.961551,37.299421],[-5.961554,37.29928],[-5.96208,37.298725],[-5.962025,37.298665],[-5.961711,37.298667],[-5.961385,37.298547],[-5.961348,37.29867],[-5.960746,37.298499],[-5.960372,37.298679],[-5.960379,37.298491],[-5.960131,37.29854],[-5.95997,37.298452],[-5.959375,37.298415],[-5.959015,37.298729],[-5.959061,37.298619],[-5.958686,37.298331],[-5.95797,37.298314],[-5.958076,37.298434],[-5.9579,37.29843],[-5.957784,37.298551],[-5.958074,37.298546],[-5.958083,37.298638],[-5.957861,37.298692],[-5.958344,37.299097],[-5.957887,37.298896],[-5.958185,37.299077],[-5.958154,37.299157],[-5.958683,37.299474],[-5.95838,37.299348],[-5.958339,37.299484],[-5.957924,37.299309],[-5.957981,37.299267],[-5.95782,37.299157],[-5.957613,37.299087],[-5.957524,37.299164],[-5.957435,37.298981],[-5.957268,37.298876],[-5.955181,37.29776],[-5.95505,37.297712],[-5.954902,37.297799],[-5.954084,37.297428],[-5.952783,37.298165],[-5.951839,37.298255],[-5.951373,37.298448],[-5.951178,37.298437],[-5.950222,37.298745],[-5.950207,37.298819],[-5.95037,37.298992],[-5.950605,37.299112],[-5.951409,37.299137],[-5.951588,37.299078],[-5.951577,37.298902],[-5.951838,37.298591],[-5.95205,37.298646],[-5.952257,37.298499],[-5.952259,37.298631],[-5.952502,37.298651],[-5.952868,37.298316],[-5.95277,37.298246],[-5.952828,37.298143],[-5.952899,37.298155],[-5.952885,37.298257],[-5.95304,37.298248],[-5.953316,37.298061],[-5.953275,37.297957],[-5.953448,37.298001],[-5.953138,37.298228],[-5.953124,37.298343],[-5.952977,37.298303],[-5.952831,37.298395],[-5.9527,37.298552],[-5.952729,37.298701],[-5.952282,37.298756],[-5.952446,37.298819],[-5.952412,37.298856],[-5.952078,37.298765],[-5.951692,37.298815],[-5.951654,37.298916],[-5.951709,37.298856],[-5.951987,37.298862],[-5.952021,37.299034],[-5.951654,37.299012],[-5.9517,37.299077],[-5.951538,37.299207],[-5.9508,37.299322],[-5.949953,37.298903],[-5.94926,37.299002],[-5.949729,37.298434],[-5.949778,37.298265],[-5.949597,37.297691],[-5.949352,37.297314],[-5.94963,37.297285],[-5.949576,37.297339],[-5.949642,37.297518],[-5.94988,37.297765],[-5.950548,37.297203],[-5.950641,37.297246],[-5.950613,37.297166],[-5.950745,37.297039],[-5.95074,37.297175],[-5.950903,37.297177],[-5.95101,37.297015],[-5.951293,37.297098],[-5.95144,37.296957],[-5.951665,37.297091],[-5.951705,37.297352],[-5.951762,37.297286],[-5.952126,37.297428],[-5.952165,37.297327],[-5.952312,37.297321],[-5.952128,37.297007],[-5.952285,37.296967],[-5.952524,37.29657],[-5.951973,37.2963],[-5.952468,37.29602],[-5.952947,37.296212],[-5.9526,37.295947],[-5.953019,37.29614],[-5.952712,37.295903],[-5.952875,37.295827],[-5.953369,37.296079],[-5.953441,37.29598],[-5.953393,37.295862],[-5.953452,37.295646],[-5.953334,37.295697],[-5.9532,37.295637],[-5.95345,37.295513],[-5.95349,37.295617],[-5.953582,37.295608],[-5.953717,37.295467],[-5.953977,37.295435],[-5.954169,37.295449],[-5.954251,37.295593],[-5.954972,37.295869],[-5.954913,37.29598],[-5.955088,37.296001],[-5.955006,37.296041],[-5.955095,37.296165],[-5.954909,37.296264],[-5.955545,37.296152],[-5.955634,37.29607],[-5.955516,37.296049],[-5.955481,37.295951],[-5.956,37.295876],[-5.95612,37.296115],[-5.956941,37.29628],[-5.95697,37.296526],[-5.957444,37.296641],[-5.958044,37.297038],[-5.959036,37.297018],[-5.959755,37.296879],[-5.960168,37.296905],[-5.960573,37.297139],[-5.961078,37.297168],[-5.961455,37.297471],[-5.961887,37.297681],[-5.962389,37.297702],[-5.96429,37.298031],[-5.96448,37.298327],[-5.964619,37.298363],[-5.964793,37.298264],[-5.96529,37.298218],[-5.96535,37.298145],[-5.965379,37.298242],[-5.965771,37.298255],[-5.965389,37.298106],[-5.965746,37.298029],[-5.965645,37.297947],[-5.965783,37.297895],[-5.965717,37.297801],[-5.965765,37.297691],[-5.965883,37.297727],[-5.965888,37.297931],[-5.966005,37.297945],[-5.966009,37.297665],[-5.966097,37.297606],[-5.967452,37.297802],[-5.967345,37.29819],[-5.967433,37.298273],[-5.967581,37.298206],[-5.96752,37.298404],[-5.967689,37.298098],[-5.967675,37.298212],[-5.967991,37.298272],[-5.967983,37.298434],[-5.967686,37.298454],[-5.96765,37.298327],[-5.967647,37.298485],[-5.967831,37.298564],[-5.967645,37.298569],[-5.967698,37.298669],[-5.967846,37.298653],[-5.967877,37.298824],[-5.968165,37.298809],[-5.968165,37.29869],[-5.96786,37.298626],[-5.968068,37.29851],[-5.968456,37.298552],[-5.968342,37.298663],[-5.968547,37.298715],[-5.968239,37.298756],[-5.968129,37.29888],[-5.968216,37.298966],[-5.968183,37.299084],[-5.968212,37.299005],[-5.968484,37.299075],[-5.96827,37.299122],[-5.968491,37.299272],[-5.968561,37.299259],[-5.968553,37.299119],[-5.968652,37.299199],[-5.968864,37.29919],[-5.96889,37.299335],[-5.969273,37.299585],[-5.969449,37.299451],[-5.96967,37.29946],[-5.969688,37.29959],[-5.969774,37.299471],[-5.969841,37.299577],[-5.970327,37.299338],[-5.970474,37.299343],[-5.970429,37.299515],[-5.970569,37.299537],[-5.970474,37.299632],[-5.970588,37.299549],[-5.970676,37.299665],[-5.970636,37.299528],[-5.970768,37.299493],[-5.970852,37.299678],[-5.970759,37.300251],[-5.971141,37.300878],[-5.971454,37.301076],[-5.971534,37.301074],[-5.971901,37.300666],[-5.972543,37.300879],[-5.972786,37.300861],[-5.973864,37.30126],[-5.975533,37.302054],[-5.976473,37.30273],[-5.976494,37.302627],[-5.97614,37.302345],[-5.976193,37.302207],[-5.976143,37.302163],[-5.976591,37.302128],[-5.976665,37.302373],[-5.976812,37.302522],[-5.976635,37.302835],[-5.976937,37.303212],[-5.977225,37.303528],[-5.97791,37.303975],[-5.977962,37.304099],[-5.978219,37.304116],[-5.978158,37.304964],[-5.977718,37.306179],[-5.977805,37.306557],[-5.977664,37.306781],[-5.977613,37.30666]]],[[[-5.919152,37.308929],[-5.918391,37.308792],[-5.918342,37.308716],[-5.918125,37.308758],[-5.918047,37.308655],[-5.917977,37.308795],[-5.917834,37.308058],[-5.918442,37.308188],[-5.919141,37.308192],[-5.920272,37.30784],[-5.9206,37.307875],[-5.920545,37.308192],[-5.921128,37.308103],[-5.921248,37.307983],[-5.921415,37.30806],[-5.921716,37.307915],[-5.921966,37.307539],[-5.922224,37.307465],[-5.922776,37.307514],[-5.922862,37.3076],[-5.923158,37.30764],[-5.924373,37.307645],[-5.925153,37.307536],[-5.925925,37.307086],[-5.926266,37.306482],[-5.92647,37.3067],[-5.926753,37.306709],[-5.926932,37.306876],[-5.927042,37.306854],[-5.927278,37.307178],[-5.927058,37.30719],[-5.926218,37.307811],[-5.92579,37.307963],[-5.925815,37.308114],[-5.925709,37.308271],[-5.925672,37.308158],[-5.925431,37.308036],[-5.924544,37.308214],[-5.924627,37.308277],[-5.924562,37.308292],[-5.924144,37.308222],[-5.924044,37.308295],[-5.924092,37.308214],[-5.922972,37.308132],[-5.922625,37.308204],[-5.921892,37.308195],[-5.921142,37.308331],[-5.921084,37.308194],[-5.920505,37.308286],[-5.920196,37.308767],[-5.920247,37.308604],[-5.920193,37.308514],[-5.919864,37.308519],[-5.919776,37.308625],[-5.919548,37.308614],[-5.919468,37.308985],[-5.919152,37.308929]]],[[[-5.97797,37.306689],[-5.977997,37.306589],[-5.978109,37.306564],[-5.978745,37.306637],[-5.979624,37.306799],[-5.980197,37.307007],[-5.982702,37.308598],[-5.982743,37.308877],[-5.980192,37.307278],[-5.979398,37.306988],[-5.978136,37.306786],[-5.97797,37.306689]]],[[[-5.987148,37.311642],[-5.986795,37.311498],[-5.983251,37.309215],[-5.983143,37.309126],[-5.983102,37.308823],[-5.986834,37.311248],[-5.987556,37.311555],[-5.987438,37.311791],[-5.987148,37.311642]]]]},"properties":{"OBJECTID":1793,"ID_ZONA":"ES050_APSFR_BG061-01_T100","ZONA":"Arroyo de las Culebras en Dos Hermanas","TIPO_ZONA":"Q Periodo de retorno T100","RIO":"Arroyo de Baena; Río Guadaira","LONG_KM":7.65,"HIPOTESIS":"Q100 régimen natural","HIDROLOGIA":"CAUMAX","PRECISION_":"MDT 1x1 procedente de LIDAR IGN PNOA","HIDRAUL":"IBER","ESTUDIO":"SNCZI. Zonas inundables del sistema bajo del Guadalquivir","TIPO_EST":"Estudio de Desarrollo del SNCZI","DOCUMENTO":"Implantación y seguimiento del plan de gestión del riesgo de inundación de las demarcaciones hidrográficas del Guadalquivir, Ceuta y Melilla. Fase 1. Revisión de la EPRI y mapas de peligrosidad y riesgo de inundación","FECHA_APRO":1587340800000,"FECHA_GEO":"05/2014","ORGANISMO":"Ministerio para la transición ecológica","CLAVE_EXPE":"05.840-0015/0411","DEMARCACIO":"Guadalquivir","ID_DEMAR":51,"Q_M3_S":"37; 923","ZI_DIRECTI":"ES050_APSFR_BG061","CICLO":2,"Shape_Leng":23958.0984683,"Fecha_Lim":1745107200000,"Shape__Area":7.7016441750288323E-05,"Shape__Length":0.24766514186004934}},{"type":"Feature","id":1710,"geometry":{"type":"MultiPolygon","coordinates":[[[[-6.039189,37.396816],[-6.039104,37.396819],[-6.039373,37.396568],[-6.039369,37.396181],[-6.039775,37.396072],[-6.03974,37.395935],[-6.039947,37.395687],[-6.039824,37.39534],[-6.039896,37.394957],[-6.040187,37.394799],[-6.040243,37.394684],[-6.040217,37.39395],[-6.040147,37.393759],[-6.04018,37.393391],[-6.039939,37.393124],[-6.03997,37.392891],[-6.039868,37.392886],[-6.039957,37.392519],[-6.040123,37.392367],[-6.040271,37.392053],[-6.040655,37.391992],[-6.040952,37.391609],[-6.041273,37.391506],[-6.04159,37.391246],[-6.041623,37.391159],[-6.041484,37.390947],[-6.0417,37.391002],[-6.04165,37.39102],[-6.041742,37.391255],[-6.041223,37.391653],[-6.040987,37.391664],[-6.040716,37.392042],[-6.040366,37.392099],[-6.040085,37.392557],[-6.040024,37.393108],[-6.040252,37.393352],[-6.04032,37.394807],[-6.039974,37.394997],[-6.040009,37.395452],[-6.040104,37.395615],[-6.03989,37.39607],[-6.039449,37.396297],[-6.039517,37.396528],[-6.039199,37.397225],[-6.039381,37.397516],[-6.039205,37.397726],[-6.039111,37.398171],[-6.039182,37.398266],[-6.039156,37.398605],[-6.039057,37.398741],[-6.03899,37.398713],[-6.039085,37.398484],[-6.039008,37.398163],[-6.039084,37.397652],[-6.039274,37.397456],[-6.039017,37.397347],[-6.038994,37.397263],[-6.03905,37.397071],[-6.039197,37.396951],[-6.039189,37.396816]]],[[[-6.043422,37.399344],[-6.04317,37.399358],[-6.042605,37.399199],[-6.042342,37.399285],[-6.041842,37.399242],[-6.041604,37.399023],[-6.041292,37.399155],[-6.04132,37.399218],[-6.041239,37.399276],[-6.041045,37.399218],[-6.040665,37.399328],[-6.040209,37.399158],[-6.04026,37.399027],[-6.040504,37.399178],[-6.040657,37.399031],[-6.041182,37.399009],[-6.041329,37.3991],[-6.041608,37.39892],[-6.041772,37.399058],[-6.042403,37.399174],[-6.042613,37.399026],[-6.043206,37.399185],[-6.043474,37.399182],[-6.043551,37.399289],[-6.043674,37.399302],[-6.043582,37.39938],[-6.043422,37.399344]]],[[[-6.045095,37.399619],[-6.044376,37.399407],[-6.043612,37.399384],[-6.043731,37.399268],[-6.044397,37.399346],[-6.044557,37.399459],[-6.045267,37.399587],[-6.045265,37.399304],[-6.045489,37.399195],[-6.045652,37.399442],[-6.046758,37.398963],[-6.048208,37.399011],[-6.048175,37.399071],[-6.047992,37.399053],[-6.048027,37.399147],[-6.047787,37.399371],[-6.04758,37.399248],[-6.047525,37.399047],[-6.047251,37.399066],[-6.047187,37.399209],[-6.047026,37.399108],[-6.04681,37.399202],[-6.046711,37.39912],[-6.046531,37.39913],[-6.046209,37.399433],[-6.045817,37.399434],[-6.045576,37.399665],[-6.045095,37.399619]]],[[[-6.058051,37.40064],[-6.058037,37.40041],[-6.057773,37.40043],[-6.05769,37.400338],[-6.055879,37.400314],[-6.055705,37.400415],[-6.053953,37.399963],[-6.051887,37.399812],[-6.052346,37.399794],[-6.052435,37.399639],[-6.052536,37.399776],[-6.05284,37.399811],[-6.052778,37.398794],[-6.052869,37.398705],[-6.053012,37.398704],[-6.053253,37.398833],[-6.053338,37.399613],[-6.053255,37.399861],[-6.053863,37.399847],[-6.054038,37.39937],[-6.054382,37.399692],[-6.054354,37.399979],[-6.055374,37.40025],[-6.055755,37.400181],[-6.056281,37.400291],[-6.056872,37.400233],[-6.057456,37.400284],[-6.057643,37.40021],[-6.058242,37.400184],[-6.058883,37.400244],[-6.059153,37.400147],[-6.059183,37.400271],[-6.058902,37.400355],[-6.058877,37.400526],[-6.058712,37.400487],[-6.058297,37.400657],[-6.058051,37.40064]]]]},"properties":{"OBJECTID":1710,"ID_ZONA":"ES050_APSFR_BG014-01_T100","ZONA":"Camas, Castilleja de Guzmán, Valencina, Santiponce","TIPO_ZONA":"Q Periodo de retorno T100","RIO":"Sin nombre; Sin nombre","LONG_KM":2.81,"HIPOTESIS":"Q100 régimen natural","HIDROLOGIA":"Método racional","PRECISION_":"MDT 2x2 procedente de LIDAR IGN PNOA","HIDRAUL":"HEC-RAS 1D","ESTUDIO":"SNCZI. Zonas inundables del sistema bajo del Guadalquivir","TIPO_EST":"Estudio de Desarrollo del SNCZI","DOCUMENTO":"Elaboración de cartografía de dominio público hidráulico y mapas de peligrosidad y riesgo de la directiva 2007/60 en el marco del SNCZI en las demarcaciones hidrográficas del Guadalquivir, Ceuta y Melilla. Cofinanciado con fondos FEDER","FECHA_APRO":1443139200000,"FECHA_GEO":"05/2014","ORGANISMO":"Ministerio de agricultura, alimentación y medio ambiente","CLAVE_EXPE":"CU(CO)-4615","DEMARCACIO":"Guadalquivir","ID_DEMAR":51,"Q_M3_S":"7,07; 27,49","ZI_DIRECTI":"ES050_APSFR_BG014","CICLO":1,"Shape_Leng":5706.22211596,"Fecha_Lim":1745107200000,"Shape__Area":3.9322555807075332E-06,"Shape__Length":0.05864122515025616}},{"type":"Feature","id":1709,"geometry":{"type":"MultiPolygon","coordinates":[[[[-6.094799,37.351853],[-6.094926,37.351842],[-6.094946,37.351594],[-6.094837,37.351056],[-6.094877,37.35053],[-6.09464,37.350326],[-6.094521,37.35006],[-6.094546,37.349958],[-6.094738,37.349864],[-6.09479,37.349556],[-6.094477,37.349309],[-6.094479,37.348636],[-6.0938,37.348289],[-6.093409,37.347909],[-6.093189,37.347238],[-6.093263,37.346848],[-6.09305,37.346408],[-6.092556,37.346382],[-6.092366,37.346256],[-6.092324,37.345858],[-6.09255,37.345585],[-6.092618,37.345363],[-6.092401,37.344771],[-6.092056,37.344587],[-6.091476,37.344805],[-6.0912,37.3447],[-6.091519,37.344534],[-6.091817,37.344175],[-6.091989,37.343523],[-6.092,37.341806],[-6.092205,37.340872],[-6.092193,37.340683],[-6.092057,37.340488],[-6.092114,37.33998],[-6.091973,37.339565],[-6.092054,37.339128],[-6.091938,37.339057],[-6.091789,37.338543],[-6.091827,37.338152],[-6.092012,37.337831],[-6.092923,37.336929],[-6.09326,37.336457],[-6.09318,37.336001],[-6.092806,37.335355],[-6.092761,37.335026],[-6.092561,37.334804],[-6.092505,37.334611],[-6.092611,37.334014],[-6.092724,37.333864],[-6.092675,37.333049],[-6.092219,37.332418],[-6.092356,37.332099],[-6.092344,37.331897],[-6.092557,37.331762],[-6.092655,37.331577],[-6.092819,37.330609],[-6.093186,37.330199],[-6.093147,37.32976],[-6.092718,37.329082],[-6.092749,37.328179],[-6.093066,37.327405],[-6.093084,37.326415],[-6.093217,37.326114],[-6.093231,37.325698],[-6.093319,37.325501],[-6.093744,37.325103],[-6.093845,37.324873],[-6.092984,37.324074],[-6.092486,37.323269],[-6.092368,37.323205],[-6.092195,37.32327],[-6.09169,37.323227],[-6.091454,37.322941],[-6.091433,37.322609],[-6.091682,37.321669],[-6.09144,37.321044],[-6.091136,37.319746],[-6.091086,37.318935],[-6.091133,37.318757],[-6.091309,37.318644],[-6.091368,37.318367],[-6.091138,37.317584],[-6.09117,37.316979],[-6.091111,37.316881],[-6.09073,37.316706],[-6.090103,37.316696],[-6.08998,37.316571],[-6.089939,37.316297],[-6.090054,37.316119],[-6.089943,37.315657],[-6.089685,37.315207],[-6.089727,37.314587],[-6.089511,37.313459],[-6.089178,37.312923],[-6.088568,37.312331],[-6.088451,37.312105],[-6.088247,37.312104],[-6.08811,37.311995],[-6.087821,37.312035],[-6.087301,37.311436],[-6.08735,37.310904],[-6.08723,37.310808],[-6.0874,37.310558],[-6.087406,37.310274],[-6.087277,37.31012],[-6.08734,37.310014],[-6.087106,37.309424],[-6.087179,37.309217],[-6.086513,37.308668],[-6.086179,37.308191],[-6.08619,37.308082],[-6.086349,37.307979],[-6.086248,37.307743],[-6.086277,37.307366],[-6.086195,37.306868],[-6.085897,37.306589],[-6.084972,37.306103],[-6.084641,37.305646],[-6.084468,37.305535],[-6.084416,37.305419],[-6.084473,37.305325],[-6.08412,37.304715],[-6.083419,37.304071],[-6.082812,37.303639],[-6.082272,37.30338],[-6.081754,37.302926],[-6.081353,37.302664],[-6.081271,37.302682],[-6.081249,37.302589],[-6.080868,37.302298],[-6.079515,37.30155],[-6.078284,37.300696],[-6.078159,37.30048],[-6.077665,37.30026],[-6.076149,37.299126],[-6.075858,37.299257],[-6.075929,37.299033],[-6.075608,37.29892],[-6.07556,37.298973],[-6.075615,37.299097],[-6.075364,37.299029],[-6.075009,37.298653],[-6.075434,37.298944],[-6.075503,37.29892],[-6.075471,37.298856],[-6.074673,37.298195],[-6.074479,37.298274],[-6.073727,37.297689],[-6.073623,37.297743],[-6.073715,37.297925],[-6.073319,37.297743],[-6.073317,37.297675],[-6.073541,37.297567],[-6.073339,37.297543],[-6.073434,37.297342],[-6.073269,37.297357],[-6.073187,37.29717],[-6.073039,37.297114],[-6.073051,37.296971],[-6.072953,37.296909],[-6.073089,37.296826],[-6.072725,37.296514],[-6.072199,37.295691],[-6.070129,37.294019],[-6.070002,37.293989],[-6.069979,37.294147],[-6.069845,37.29415],[-6.069953,37.293956],[-6.069935,37.293815],[-6.069106,37.293125],[-6.069332,37.292959],[-6.069643,37.293196],[-6.069855,37.293187],[-6.069954,37.292962],[-6.070083,37.292991],[-6.070232,37.292913],[-6.069736,37.292699],[-6.073195,37.290472],[-6.073395,37.290496],[-6.073495,37.290402],[-6.073706,37.29068],[-6.074043,37.290934],[-6.074213,37.290966],[-6.074354,37.291178],[-6.074115,37.291272],[-6.074207,37.291537],[-6.074003,37.291751],[-6.073836,37.291743],[-6.073687,37.291627],[-6.073585,37.29171],[-6.073701,37.291887],[-6.073355,37.291884],[-6.073308,37.292048],[-6.073121,37.292211],[-6.073122,37.292363],[-6.073233,37.292706],[-6.07336,37.292772],[-6.073412,37.293122],[-6.073804,37.293161],[-6.073954,37.293258],[-6.074181,37.293815],[-6.074349,37.293792],[-6.07435,37.293957],[-6.074007,37.294033],[-6.074066,37.294201],[-6.074226,37.294397],[-6.074556,37.294408],[-6.074803,37.294573],[-6.074631,37.294691],[-6.074784,37.294913],[-6.074659,37.295043],[-6.074758,37.295273],[-6.074653,37.295322],[-6.074752,37.295436],[-6.074729,37.295531],[-6.074878,37.295584],[-6.074847,37.295805],[-6.075106,37.295932],[-6.075069,37.2962],[-6.075142,37.296268],[-6.075357,37.296228],[-6.075387,37.29643],[-6.075793,37.296627],[-6.075542,37.296696],[-6.075182,37.296609],[-6.075135,37.29666],[-6.075236,37.296792],[-6.075082,37.296791],[-6.075028,37.296933],[-6.075305,37.29695],[-6.076509,37.296581],[-6.077123,37.296649],[-6.076738,37.296858],[-6.076384,37.297317],[-6.076389,37.297631],[-6.076296,37.297816],[-6.076585,37.29799],[-6.076768,37.297898],[-6.076648,37.298074],[-6.076683,37.298308],[-6.076579,37.298436],[-6.076666,37.298664],[-6.07649,37.298964],[-6.077809,37.299823],[-6.079316,37.301006],[-6.081639,37.302606],[-6.081883,37.302706],[-6.082468,37.303186],[-6.083261,37.303633],[-6.083877,37.304152],[-6.08507,37.305742],[-6.086355,37.306729],[-6.086466,37.307034],[-6.086428,37.307564],[-6.086597,37.307929],[-6.087098,37.308619],[-6.087886,37.309237],[-6.088273,37.30978],[-6.088283,37.30994],[-6.08808,37.310304],[-6.088403,37.310903],[-6.088648,37.312125],[-6.089314,37.312795],[-6.089559,37.313147],[-6.089656,37.313017],[-6.090297,37.313071],[-6.09054,37.313253],[-6.09053,37.313408],[-6.090657,37.313393],[-6.090746,37.313548],[-6.090607,37.313667],[-6.090737,37.313813],[-6.090719,37.314314],[-6.090588,37.314349],[-6.090592,37.314473],[-6.09043,37.314616],[-6.090139,37.314709],[-6.090218,37.314884],[-6.09008,37.314967],[-6.09008,37.315249],[-6.09024,37.315533],[-6.09027,37.316016],[-6.0906,37.316184],[-6.090541,37.316399],[-6.090954,37.316504],[-6.091413,37.316773],[-6.091473,37.316951],[-6.091418,37.317604],[-6.091604,37.31839],[-6.091387,37.319157],[-6.091477,37.319275],[-6.091504,37.319796],[-6.091598,37.319984],[-6.091649,37.320871],[-6.091944,37.321692],[-6.091924,37.322487],[-6.091723,37.322691],[-6.091721,37.322818],[-6.091853,37.323061],[-6.092422,37.322966],[-6.092755,37.323168],[-6.093191,37.323979],[-6.093925,37.324621],[-6.094057,37.324902],[-6.093982,37.325208],[-6.093656,37.32551],[-6.093537,37.325747],[-6.093345,37.326659],[-6.09328,37.327507],[-6.092945,37.328527],[-6.092968,37.329014],[-6.093427,37.329663],[-6.093477,37.330133],[-6.093089,37.330643],[-6.092922,37.331587],[-6.092578,37.331948],[-6.092498,37.332354],[-6.092565,37.332564],[-6.092915,37.33298],[-6.0929,37.333436],[-6.092985,37.333749],[-6.093272,37.333861],[-6.093051,37.333861],[-6.092802,37.334026],[-6.092768,37.334631],[-6.093347,37.335844],[-6.093516,37.336505],[-6.092133,37.337952],[-6.091997,37.338498],[-6.092289,37.339124],[-6.092441,37.339974],[-6.092377,37.340334],[-6.092499,37.340724],[-6.092498,37.341032],[-6.092345,37.3412],[-6.092239,37.342151],[-6.092332,37.342253],[-6.092386,37.342604],[-6.092197,37.34302],[-6.092276,37.343539],[-6.09247,37.343823],[-6.09297,37.343704],[-6.093051,37.343996],[-6.092866,37.344322],[-6.092704,37.34439],[-6.0927,37.344551],[-6.092785,37.344781],[-6.092731,37.344847],[-6.093088,37.345088],[-6.093165,37.345481],[-6.092827,37.345767],[-6.092777,37.34592],[-6.093079,37.345844],[-6.093132,37.346057],[-6.093355,37.346119],[-6.093548,37.346346],[-6.093498,37.347114],[-6.093596,37.347781],[-6.094675,37.348491],[-6.094747,37.348764],[-6.094678,37.349232],[-6.094932,37.349395],[-6.095008,37.349574],[-6.094878,37.350204],[-6.095085,37.35051],[-6.095063,37.350988],[-6.095203,37.351498],[-6.09512,37.351704],[-6.095217,37.351944],[-6.094858,37.35231],[-6.094598,37.352842],[-6.094752,37.353375],[-6.094667,37.353699],[-6.094533,37.353866],[-6.09468,37.354377],[-6.094666,37.355233],[-6.094554,37.355456],[-6.094539,37.355728],[-6.094697,37.35603],[-6.095265,37.356342],[-6.095167,37.356466],[-6.094919,37.356385],[-6.094482,37.356104],[-6.094344,37.355889],[-6.09435,37.355532],[-6.094518,37.35488],[-6.094362,37.353871],[-6.094513,37.353453],[-6.094345,37.35288],[-6.094799,37.351853]]],[[[-6.076311,37.298757],[-6.076025,37.298712],[-6.075581,37.298433],[-6.075386,37.298397],[-6.074719,37.297753],[-6.074084,37.297308],[-6.075295,37.298438],[-6.076087,37.298873],[-6.076295,37.298838],[-6.076311,37.298757]]],[[[-6.073574,37.296831],[-6.073044,37.296342],[-6.072468,37.295513],[-6.071737,37.294853],[-6.070623,37.294029],[-6.069935,37.293357],[-6.069778,37.293331],[-6.070692,37.294237],[-6.072094,37.295312],[-6.072688,37.295922],[-6.072985,37.296432],[-6.073593,37.296952],[-6.073656,37.296941],[-6.073574,37.296831]]],[[[-6.07095,37.293279],[-6.071172,37.293355],[-6.071254,37.293287],[-6.071561,37.293309],[-6.07166,37.293226],[-6.071644,37.293375],[-6.071797,37.293464],[-6.07193,37.293831],[-6.072051,37.29388],[-6.072127,37.293663],[-6.072301,37.293542],[-6.072252,37.293389],[-6.072596,37.293064],[-6.072282,37.293057],[-6.072195,37.292835],[-6.071273,37.292784],[-6.071104,37.292905],[-6.071165,37.292997],[-6.070979,37.293119],[-6.07095,37.293279]]],[[[-6.073605,37.295404],[-6.073581,37.295494],[-6.073772,37.295488],[-6.073887,37.295594],[-6.073871,37.295737],[-6.073702,37.295791],[-6.073895,37.295916],[-6.073738,37.296028],[-6.073758,37.296102],[-6.074121,37.296276],[-6.074326,37.296136],[-6.074438,37.296245],[-6.074571,37.296146],[-6.074707,37.295711],[-6.07446,37.295628],[-6.074375,37.29551],[-6.074137,37.295581],[-6.073777,37.295201],[-6.073578,37.295329],[-6.073605,37.295404]]],[[[-6.096289,37.35943],[-6.096066,37.358945],[-6.095618,37.358525],[-6.095182,37.357752],[-6.095213,37.356877],[-6.094987,37.356727],[-6.095215,37.356515],[-6.095331,37.356541],[-6.095248,37.35645],[-6.09534,37.356344],[-6.095552,37.356455],[-6.095654,37.356706],[-6.095547,37.357003],[-6.095624,37.357133],[-6.095445,37.357375],[-6.095572,37.357419],[-6.095483,37.35765],[-6.095705,37.358212],[-6.095921,37.358431],[-6.095962,37.358579],[-6.096371,37.358941],[-6.096406,37.359281],[-6.096585,37.359371],[-6.096874,37.359369],[-6.097042,37.35965],[-6.09736,37.359906],[-6.097187,37.360392],[-6.096926,37.360484],[-6.096683,37.359867],[-6.096428,37.359684],[-6.096459,37.359611],[-6.096289,37.35943]]],[[[-6.095445,37.356643],[-6.095167,37.356597],[-6.095325,37.356798],[-6.095444,37.356757],[-6.095445,37.356643]]],[[[-6.097826,37.370632],[-6.097504,37.370608],[-6.097614,37.37045],[-6.097553,37.370145],[-6.097193,37.36984],[-6.097025,37.36937],[-6.097123,37.368982],[-6.096926,37.368827],[-6.096756,37.368811],[-6.09642,37.368465],[-6.096027,37.367756],[-6.095625,37.367427],[-6.095804,37.366708],[-6.096115,37.36661],[-6.096165,37.366478],[-6.096099,37.366249],[-6.09588,37.366035],[-6.095882,37.365437],[-6.096068,37.36517],[-6.09603,37.364867],[-6.095716,37.364546],[-6.095776,37.364399],[-6.096083,37.364168],[-6.09601,37.364056],[-6.096075,37.36366],[-6.096019,37.363307],[-6.096124,37.362821],[-6.096087,37.362613],[-6.096202,37.362493],[-6.096093,37.362261],[-6.096288,37.361672],[-6.096246,37.360978],[-6.096462,37.360781],[-6.096811,37.360703],[-6.097231,37.36049],[-6.097391,37.360618],[-6.097326,37.360696],[-6.097415,37.360735],[-6.097366,37.361],[-6.097141,37.361246],[-6.097188,37.361352],[-6.097053,37.361434],[-6.097013,37.362351],[-6.096879,37.362431],[-6.096673,37.362913],[-6.096505,37.362958],[-6.096458,37.363055],[-6.096438,37.363469],[-6.096507,37.363682],[-6.096405,37.363847],[-6.096435,37.364083],[-6.09632,37.364168],[-6.096349,37.364315],[-6.096246,37.364419],[-6.096404,37.36483],[-6.096346,37.364916],[-6.09673,37.365227],[-6.096704,37.365405],[-6.096785,37.365523],[-6.096592,37.366159],[-6.09671,37.367229],[-6.096412,37.367466],[-6.096622,37.367682],[-6.096728,37.368076],[-6.097644,37.368485],[-6.097794,37.368759],[-6.097802,37.368925],[-6.097641,37.369177],[-6.097687,37.369382],[-6.097635,37.369494],[-6.097922,37.370262],[-6.098134,37.370445],[-6.097903,37.370578],[-6.098037,37.370794],[-6.097964,37.370823],[-6.097826,37.370632]]],[[[-6.098252,37.371268],[-6.098391,37.371299],[-6.098269,37.371356],[-6.098252,37.371268]]],[[[-6.101767,37.379377],[-6.101875,37.378901],[-6.101394,37.378223],[-6.101228,37.377801],[-6.101151,37.376945],[-6.100904,37.376558],[-6.100787,37.375673],[-6.100379,37.375304],[-6.099982,37.375206],[-6.099258,37.374022],[-6.099036,37.373812],[-6.099003,37.373439],[-6.09886,37.373431],[-6.098733,37.373025],[-6.098092,37.372876],[-6.097681,37.373112],[-6.097557,37.373109],[-6.097082,37.372861],[-6.097048,37.372678],[-6.096277,37.372375],[-6.096105,37.372164],[-6.09814,37.371538],[-6.098455,37.371373],[-6.098754,37.371385],[-6.098725,37.371514],[-6.098974,37.371505],[-6.09922,37.371606],[-6.099043,37.371771],[-6.099369,37.371892],[-6.099401,37.372109],[-6.098964,37.372353],[-6.099273,37.372468],[-6.099275,37.372553],[-6.09917,37.372602],[-6.099404,37.372902],[-6.099248,37.37301],[-6.099253,37.373177],[-6.099377,37.373397],[-6.099661,37.373612],[-6.099406,37.373605],[-6.099414,37.373774],[-6.099788,37.374537],[-6.100054,37.374386],[-6.100065,37.374703],[-6.100212,37.374976],[-6.100131,37.37508],[-6.100735,37.375331],[-6.100963,37.375598],[-6.101111,37.376488],[-6.101325,37.376758],[-6.101388,37.376997],[-6.10135,37.377441],[-6.101451,37.377813],[-6.101649,37.378246],[-6.101904,37.378203],[-6.102026,37.378268],[-6.10172,37.378383],[-6.102051,37.378887],[-6.102009,37.379225],[-6.102114,37.379367],[-6.101954,37.379378],[-6.101852,37.37978],[-6.101981,37.380229],[-6.102173,37.380361],[-6.102312,37.380703],[-6.102395,37.38107],[-6.102456,37.382425],[-6.10269,37.382894],[-6.102767,37.38342],[-6.102597,37.383429],[-6.102538,37.383098],[-6.102279,37.382504],[-6.102163,37.381031],[-6.101634,37.379854],[-6.101767,37.379377]]]]},"properties":{"OBJECTID":1709,"ID_ZONA":"ES050_APSFR_BG008-01_T100","ZONA":"Arroyo Riopudio","TIPO_ZONA":"Q Periodo de retorno T100","RIO":"Arroyo del Repudio; Arroyo Sequillo; Sin nombre","LONG_KM":12.03,"HIPOTESIS":"Q100 régimen natural","HIDROLOGIA":"Método racional","PRECISION_":"MDT 2x2 procedente de LIDAR IGN PNOA","HIDRAUL":"IBER","ESTUDIO":"SNCZI. Zonas inundables del sistema bajo del Guadalquivir","TIPO_EST":"Estudio de Desarrollo del SNCZI","DOCUMENTO":"Elaboración de cartografía de dominio público hidráulico y mapas de peligrosidad y riesgo de la directiva 2007/60 en el marco del SNCZI en las demarcaciones hidrográficas del Guadalquivir, Ceuta y Melilla. Cofinanciado con fondos FEDER","FECHA_APRO":1443139200000,"FECHA_GEO":"05/2014","ORGANISMO":"Ministerio de agricultura, alimentación y medio ambiente","CLAVE_EXPE":"CU(CO)-4615","DEMARCACIO":"Guadalquivir","ID_DEMAR":51,"Q_M3_S":"44; 11; 6","ZI_DIRECTI":"ES050_APSFR_BG008","CICLO":1,"Shape_Leng":29512.5619147,"Fecha_Lim":1745107200000,"Shape__Area":6.0310899456794687E-05,"Shape__Length":0.28806721233658833}},{"type":"Feature","id":1712,"geometry":{"type":"MultiPolygon","coordinates":[[[[-6.135152,37.331678],[-6.135612,37.331518],[-6.135972,37.331497],[-6.136031,37.331357],[-6.13642,37.331169],[-6.136454,37.330947],[-6.136613,37.330798],[-6.136717,37.330887],[-6.136495,37.331259],[-6.13614,37.331428],[-6.136098,37.331624],[-6.135702,37.331636],[-6.135175,37.331885],[-6.134593,37.33236],[-6.134454,37.332637],[-6.134195,37.332736],[-6.133936,37.333075],[-6.13385,37.333018],[-6.133994,37.332721],[-6.134327,37.332545],[-6.134622,37.332162],[-6.134864,37.332023],[-6.135152,37.331678]]],[[[-6.15204,37.358182],[-6.151841,37.358281],[-6.151406,37.358091],[-6.151361,37.357914],[-6.151023,37.357587],[-6.150918,37.357237],[-6.150116,37.356726],[-6.149914,37.35667],[-6.149883,37.356539],[-6.149436,37.356171],[-6.149204,37.356157],[-6.149165,37.355977],[-6.148688,37.35583],[-6.14859,37.355728],[-6.148603,37.355438],[-6.148149,37.35519],[-6.147449,37.354536],[-6.14706,37.354537],[-6.147005,37.354446],[-6.146704,37.354492],[-6.146152,37.35418],[-6.145911,37.353911],[-6.144298,37.353481],[-6.144271,37.353352],[-6.144602,37.352899],[-6.144878,37.352935],[-6.144945,37.352854],[-6.144166,37.352618],[-6.143984,37.352466],[-6.143517,37.35243],[-6.143407,37.352323],[-6.143222,37.352335],[-6.142718,37.352147],[-6.142303,37.35171],[-6.142102,37.351699],[-6.141658,37.35141],[-6.141398,37.35137],[-6.141075,37.35101],[-6.14087,37.350951],[-6.140817,37.350701],[-6.140355,37.350602],[-6.139839,37.350186],[-6.139394,37.350099],[-6.138814,37.349821],[-6.138032,37.349004],[-6.137755,37.348917],[-6.137435,37.34867],[-6.137027,37.348609],[-6.136515,37.348404],[-6.136045,37.348114],[-6.135354,37.34752],[-6.135286,37.347316],[-6.135142,37.347428],[-6.134866,37.347462],[-6.134331,37.347281],[-6.134072,37.34733],[-6.134249,37.347177],[-6.134385,37.346903],[-6.134697,37.346675],[-6.134448,37.34616],[-6.134404,37.345829],[-6.134057,37.345858],[-6.13338,37.346247],[-6.133696,37.346367],[-6.133754,37.346324],[-6.133684,37.346136],[-6.133771,37.346138],[-6.133922,37.346254],[-6.133798,37.346455],[-6.133464,37.346504],[-6.133179,37.346384],[-6.132832,37.346601],[-6.13273,37.346752],[-6.13122,37.345796],[-6.131318,37.345754],[-6.131001,37.345289],[-6.130873,37.345307],[-6.130741,37.345468],[-6.130833,37.345125],[-6.130685,37.344809],[-6.130843,37.344746],[-6.130841,37.34447],[-6.130959,37.344109],[-6.130819,37.343948],[-6.131746,37.343878],[-6.131799,37.343691],[-6.131443,37.34356],[-6.131606,37.343392],[-6.132456,37.34348],[-6.132242,37.34303],[-6.131465,37.342567],[-6.130891,37.341631],[-6.130563,37.341236],[-6.130533,37.341089],[-6.130666,37.340789],[-6.130427,37.341004],[-6.130439,37.341263],[-6.131055,37.342176],[-6.130908,37.342281],[-6.130765,37.342619],[-6.130442,37.342897],[-6.130528,37.343288],[-6.130361,37.343899],[-6.130462,37.343968],[-6.130498,37.344333],[-6.13075,37.344469],[-6.130652,37.344676],[-6.130353,37.344667],[-6.130411,37.344429],[-6.130323,37.344222],[-6.130371,37.344047],[-6.130087,37.343925],[-6.129986,37.343789],[-6.130018,37.343708],[-6.130397,37.34356],[-6.130308,37.343342],[-6.13046,37.343247],[-6.130339,37.342918],[-6.130573,37.342612],[-6.130567,37.342069],[-6.130362,37.341852],[-6.130268,37.340809],[-6.130632,37.340654],[-6.13081,37.340331],[-6.130767,37.339845],[-6.130344,37.338807],[-6.130453,37.338287],[-6.13076,37.338219],[-6.130753,37.337848],[-6.130873,37.337707],[-6.130881,37.337531],[-6.131025,37.337465],[-6.131139,37.337261],[-6.130921,37.336752],[-6.131011,37.336288],[-6.131132,37.336156],[-6.131167,37.335679],[-6.13163,37.335257],[-6.13185,37.334699],[-6.132063,37.334408],[-6.132346,37.33427],[-6.13242,37.333996],[-6.133011,37.333279],[-6.133681,37.333082],[-6.133851,37.333126],[-6.133719,37.3332],[-6.133864,37.333406],[-6.133896,37.333758],[-6.133394,37.334055],[-6.133197,37.333941],[-6.133041,37.333988],[-6.132857,37.33438],[-6.132927,37.334661],[-6.132742,37.334727],[-6.132944,37.334859],[-6.133072,37.335434],[-6.133367,37.335766],[-6.133504,37.335795],[-6.133605,37.336056],[-6.133319,37.336123],[-6.133349,37.336267],[-6.133223,37.336408],[-6.133204,37.336356],[-6.133012,37.336409],[-6.133089,37.336602],[-6.132988,37.336772],[-6.132893,37.336789],[-6.13283,37.33662],[-6.132656,37.336679],[-6.132579,37.336799],[-6.132705,37.337101],[-6.132489,37.337118],[-6.132396,37.337213],[-6.132253,37.337107],[-6.132087,37.337291],[-6.132356,37.337879],[-6.133026,37.33774],[-6.133097,37.337571],[-6.133208,37.337719],[-6.1331,37.337794],[-6.133151,37.337892],[-6.13358,37.338184],[-6.133611,37.338283],[-6.13303,37.338851],[-6.133348,37.339087],[-6.132048,37.340249],[-6.13192,37.340444],[-6.131967,37.340525],[-6.132184,37.340534],[-6.132168,37.340883],[-6.132644,37.341257],[-6.13285,37.341698],[-6.132727,37.341931],[-6.13288,37.342308],[-6.132796,37.342441],[-6.132935,37.343055],[-6.132896,37.34319],[-6.133097,37.343301],[-6.133361,37.343698],[-6.133896,37.343934],[-6.133985,37.344161],[-6.134219,37.344162],[-6.134407,37.344323],[-6.134419,37.344769],[-6.134324,37.344876],[-6.134354,37.344994],[-6.134456,37.345034],[-6.134338,37.345127],[-6.134597,37.345739],[-6.134626,37.346166],[-6.134834,37.346511],[-6.135227,37.34636],[-6.135702,37.346983],[-6.135867,37.347499],[-6.135793,37.347651],[-6.1359,37.347764],[-6.136051,37.347767],[-6.136354,37.348128],[-6.136998,37.348444],[-6.137718,37.348637],[-6.138266,37.34899],[-6.138446,37.349287],[-6.139009,37.349771],[-6.139985,37.35015],[-6.140301,37.350423],[-6.140925,37.350602],[-6.141501,37.350899],[-6.141566,37.350979],[-6.141487,37.35103],[-6.141028,37.350758],[-6.141111,37.350942],[-6.142516,37.351745],[-6.142947,37.352099],[-6.143258,37.352212],[-6.143774,37.352259],[-6.145022,37.352711],[-6.145335,37.35273],[-6.145656,37.352626],[-6.145804,37.352726],[-6.146493,37.352638],[-6.146998,37.35333],[-6.147177,37.353284],[-6.147263,37.353527],[-6.147394,37.353622],[-6.147571,37.353571],[-6.147663,37.35382],[-6.148025,37.353871],[-6.148115,37.353947],[-6.148172,37.354205],[-6.148483,37.354475],[-6.14868,37.354513],[-6.148672,37.354648],[-6.14881,37.354808],[-6.149053,37.354787],[-6.149059,37.355022],[-6.149257,37.355221],[-6.14955,37.355306],[-6.149671,37.355449],[-6.149997,37.355588],[-6.150114,37.356116],[-6.150341,37.356352],[-6.151124,37.356921],[-6.151332,37.356936],[-6.15217,37.357678],[-6.152375,37.357693],[-6.152631,37.35786],[-6.152766,37.357828],[-6.153004,37.357957],[-6.152991,37.358158],[-6.152882,37.358284],[-6.152656,37.358196],[-6.15204,37.358182]]],[[[-6.146673,37.353909],[-6.14597,37.353431],[-6.145478,37.352912],[-6.145296,37.352853],[-6.145048,37.352863],[-6.144952,37.35303],[-6.144641,37.353067],[-6.144404,37.353333],[-6.144974,37.353545],[-6.145162,37.353445],[-6.145464,37.353604],[-6.145552,37.353514],[-6.145806,37.353816],[-6.145976,37.35368],[-6.146006,37.353897],[-6.146686,37.354359],[-6.146927,37.354224],[-6.146673,37.353909]]],[[[-6.13274,37.345345],[-6.132309,37.345398],[-6.132013,37.345496],[-6.131948,37.345609],[-6.131566,37.345668],[-6.131694,37.34587],[-6.131917,37.345856],[-6.132312,37.346389],[-6.132588,37.346609],[-6.133546,37.345968],[-6.133557,37.345874],[-6.133154,37.345443],[-6.13274,37.345345]]],[[[-6.133787,37.344222],[-6.132833,37.343898],[-6.132634,37.343935],[-6.1325,37.344063],[-6.132869,37.344641],[-6.133081,37.345162],[-6.133174,37.345209],[-6.133707,37.345125],[-6.133854,37.345264],[-6.134206,37.345219],[-6.13422,37.344849],[-6.133787,37.344222]]],[[[-6.13339,37.33811],[-6.133112,37.338178],[-6.133195,37.337996],[-6.132954,37.337839],[-6.132753,37.337877],[-6.132623,37.338017],[-6.131998,37.338086],[-6.131729,37.338262],[-6.131532,37.338234],[-6.13142,37.338515],[-6.131528,37.338718],[-6.131326,37.339114],[-6.131433,37.339178],[-6.131632,37.338992],[-6.131633,37.339191],[-6.131476,37.339278],[-6.13143,37.339477],[-6.13172,37.339549],[-6.131776,37.339658],[-6.131966,37.339732],[-6.131903,37.33997],[-6.131964,37.340185],[-6.132036,37.340195],[-6.132093,37.340067],[-6.133193,37.339077],[-6.132913,37.338859],[-6.133545,37.338275],[-6.13339,37.33811]]],[[[-6.132021,37.337119],[-6.132208,37.336943],[-6.132191,37.336804],[-6.132327,37.336818],[-6.132759,37.336397],[-6.133163,37.336293],[-6.133136,37.336081],[-6.133319,37.336031],[-6.133143,37.335876],[-6.132966,37.335967],[-6.133027,37.335857],[-6.132817,37.335668],[-6.132877,37.33551],[-6.132762,37.335266],[-6.132467,37.335054],[-6.13237,37.335085],[-6.132369,37.335303],[-6.13205,37.335663],[-6.132244,37.33575],[-6.132288,37.335858],[-6.131911,37.335832],[-6.131624,37.336265],[-6.131457,37.336671],[-6.131433,37.33704],[-6.131319,37.337131],[-6.131306,37.337246],[-6.131965,37.337262],[-6.132021,37.337119]]],[[[-6.131757,37.335835],[-6.131971,37.335506],[-6.132216,37.335309],[-6.132223,37.334624],[-6.131936,37.335134],[-6.131927,37.335354],[-6.131536,37.335648],[-6.131558,37.335856],[-6.131399,37.336287],[-6.131454,37.336312],[-6.131757,37.335835]]],[[[-6.132623,37.334691],[-6.132748,37.334629],[-6.132622,37.334358],[-6.132751,37.333924],[-6.132956,37.333786],[-6.133261,37.333829],[-6.133323,37.33362],[-6.133622,37.333568],[-6.133655,37.333219],[-6.133174,37.333303],[-6.132574,37.334003],[-6.132435,37.334558],[-6.132623,37.334691]]],[[[-6.168839,37.394661],[-6.169069,37.394247],[-6.169071,37.393956],[-6.169295,37.393514],[-6.169222,37.393223],[-6.169316,37.39303],[-6.169507,37.392935],[-6.169691,37.392523],[-6.169617,37.392276],[-6.169678,37.392057],[-6.16984,37.392001],[-6.169914,37.391768],[-6.170137,37.391569],[-6.170136,37.391364],[-6.170262,37.391193],[-6.170327,37.390896],[-6.170264,37.390773],[-6.170491,37.390692],[-6.17065,37.390364],[-6.170455,37.389888],[-6.170576,37.38978],[-6.170556,37.389609],[-6.170136,37.388861],[-6.170481,37.388551],[-6.17064,37.388275],[-6.170919,37.388251],[-6.170873,37.387977],[-6.171051,37.387783],[-6.171127,37.386922],[-6.171268,37.386639],[-6.171305,37.386781],[-6.17146,37.386786],[-6.171596,37.386622],[-6.171704,37.386329],[-6.171696,37.385985],[-6.171864,37.385721],[-6.171989,37.384812],[-6.172089,37.38465],[-6.172353,37.384639],[-6.172322,37.383944],[-6.172195,37.38361],[-6.171907,37.383363],[-6.172002,37.382748],[-6.171748,37.382584],[-6.17178,37.382042],[-6.171647,37.381741],[-6.171805,37.381581],[-6.171791,37.381479],[-6.171638,37.381421],[-6.171714,37.38105],[-6.171584,37.380959],[-6.171556,37.380731],[-6.171737,37.380618],[-6.171677,37.38044],[-6.171485,37.380424],[-6.171338,37.380265],[-6.171496,37.380073],[-6.171163,37.380133],[-6.170955,37.380012],[-6.170872,37.379717],[-6.170683,37.379622],[-6.170339,37.37915],[-6.170316,37.379008],[-6.17007,37.378782],[-6.169822,37.378322],[-6.16951,37.377973],[-6.169511,37.377791],[-6.169226,37.377606],[-6.169169,37.377388],[-6.169033,37.377352],[-6.169063,37.377175],[-6.168798,37.376699],[-6.168809,37.376552],[-6.168584,37.375974],[-6.168556,37.375508],[-6.168377,37.375311],[-6.16826,37.37469],[-6.1676,37.374307],[-6.167692,37.374187],[-6.167364,37.373742],[-6.167401,37.373592],[-6.166567,37.37285],[-6.166531,37.372577],[-6.165964,37.372093],[-6.165845,37.371803],[-6.165349,37.371352],[-6.165001,37.371234],[-6.164439,37.3708],[-6.164367,37.370554],[-6.164586,37.370411],[-6.164334,37.37],[-6.163989,37.370154],[-6.164286,37.36994],[-6.164065,37.369601],[-6.163503,37.369422],[-6.163356,37.369455],[-6.163281,37.369658],[-6.162972,37.369567],[-6.162582,37.368761],[-6.162375,37.368809],[-6.162365,37.368675],[-6.162653,37.368619],[-6.162733,37.368502],[-6.163258,37.368262],[-6.163221,37.36819],[-6.162821,37.367808],[-6.162666,37.367875],[-6.162782,37.367769],[-6.161386,37.36655],[-6.160737,37.366891],[-6.160686,37.366754],[-6.16092,37.366712],[-6.160704,37.366488],[-6.160762,37.366395],[-6.160601,37.366248],[-6.160595,37.366139],[-6.160864,37.365993],[-6.160117,37.365369],[-6.160105,37.365209],[-6.159133,37.364729],[-6.158632,37.364645],[-6.15804,37.364398],[-6.15772,37.364197],[-6.157393,37.363842],[-6.157145,37.363731],[-6.156759,37.363289],[-6.156931,37.36305],[-6.156514,37.362843],[-6.156409,37.362556],[-6.156094,37.362516],[-6.155911,37.362379],[-6.15537,37.36138],[-6.154858,37.360974],[-6.154589,37.360944],[-6.153812,37.360643],[-6.153676,37.360457],[-6.153746,37.360409],[-6.153525,37.360272],[-6.153591,37.360158],[-6.153262,37.360164],[-6.153051,37.360062],[-6.15301,37.359728],[-6.152692,37.35944],[-6.152449,37.358971],[-6.151939,37.359071],[-6.151851,37.359294],[-6.15183,37.358912],[-6.151762,37.358859],[-6.150424,37.358922],[-6.150261,37.359018],[-6.150139,37.358936],[-6.149806,37.358936],[-6.149794,37.358878],[-6.152148,37.358756],[-6.152296,37.358655],[-6.152394,37.358723],[-6.152687,37.358716],[-6.15292,37.358632],[-6.153719,37.358752],[-6.153706,37.358962],[-6.153599,37.359082],[-6.153719,37.359314],[-6.153694,37.359481],[-6.153962,37.359613],[-6.154304,37.359439],[-6.154389,37.359532],[-6.154336,37.359745],[-6.154545,37.359992],[-6.154931,37.359925],[-6.15543,37.360458],[-6.155559,37.360811],[-6.15566,37.360848],[-6.155686,37.361132],[-6.155998,37.361201],[-6.155918,37.361309],[-6.156076,37.361619],[-6.156053,37.36189],[-6.156192,37.362083],[-6.15684,37.362126],[-6.157249,37.362688],[-6.157437,37.362566],[-6.157715,37.36279],[-6.158291,37.362828],[-6.158347,37.362961],[-6.158866,37.363435],[-6.158914,37.363755],[-6.15902,37.363803],[-6.159271,37.364194],[-6.159297,37.364394],[-6.159557,37.364433],[-6.159681,37.364657],[-6.159875,37.364645],[-6.160132,37.364783],[-6.160967,37.365507],[-6.161307,37.365949],[-6.16115,37.366154],[-6.161387,37.366421],[-6.162097,37.365993],[-6.162093,37.366074],[-6.161757,37.366347],[-6.161923,37.36638],[-6.162187,37.366166],[-6.162098,37.366355],[-6.16234,37.366364],[-6.163052,37.367119],[-6.16271,37.367483],[-6.163517,37.368093],[-6.163933,37.367992],[-6.164059,37.368083],[-6.164137,37.368262],[-6.164353,37.36843],[-6.164347,37.368643],[-6.16468,37.369466],[-6.16484,37.369451],[-6.164871,37.36963],[-6.165018,37.369622],[-6.165058,37.369911],[-6.165244,37.37016],[-6.165459,37.370219],[-6.165754,37.370559],[-6.166603,37.371006],[-6.166929,37.371545],[-6.167098,37.371644],[-6.167179,37.371886],[-6.16741,37.371908],[-6.167794,37.37232],[-6.168123,37.372477],[-6.168189,37.372598],[-6.168594,37.372692],[-6.168711,37.373001],[-6.169123,37.373496],[-6.169144,37.373664],[-6.16929,37.373752],[-6.169421,37.373984],[-6.169664,37.374086],[-6.169802,37.374248],[-6.169789,37.37454],[-6.170109,37.374579],[-6.17,37.374734],[-6.170083,37.374854],[-6.170009,37.375022],[-6.170036,37.37523],[-6.169869,37.375457],[-6.169981,37.375783],[-6.170445,37.375884],[-6.170634,37.376109],[-6.170542,37.376294],[-6.170578,37.37642],[-6.170761,37.376494],[-6.17079,37.376668],[-6.171137,37.376873],[-6.171144,37.376967],[-6.171394,37.377178],[-6.17143,37.377453],[-6.171735,37.377555],[-6.171837,37.377673],[-6.171742,37.377807],[-6.17191,37.378036],[-6.171863,37.378206],[-6.172231,37.378561],[-6.172127,37.378955],[-6.172155,37.3794],[-6.172045,37.37965],[-6.172199,37.379819],[-6.172507,37.379805],[-6.172641,37.379664],[-6.172544,37.379604],[-6.172351,37.379646],[-6.172279,37.379568],[-6.172509,37.3794],[-6.172743,37.37962],[-6.172828,37.379832],[-6.172689,37.380037],[-6.1727,37.380151],[-6.173015,37.380486],[-6.17278,37.380629],[-6.172866,37.380795],[-6.173092,37.380842],[-6.173002,37.381242],[-6.173112,37.381295],[-6.173272,37.381676],[-6.17358,37.381732],[-6.173501,37.381791],[-6.173685,37.382395],[-6.173519,37.382613],[-6.17353,37.382805],[-6.173381,37.382824],[-6.173172,37.383161],[-6.172934,37.383136],[-6.17285,37.382944],[-6.172697,37.383015],[-6.172805,37.383257],[-6.173033,37.383381],[-6.172902,37.383628],[-6.172991,37.383878],[-6.172939,37.384016],[-6.173066,37.384222],[-6.173251,37.38418],[-6.173324,37.384319],[-6.17382,37.384284],[-6.173906,37.38397],[-6.173843,37.383676],[-6.17405,37.38363],[-6.174325,37.383391],[-6.17437,37.383676],[-6.174081,37.383855],[-6.174092,37.384053],[-6.173955,37.38448],[-6.174048,37.384565],[-6.173882,37.384755],[-6.173565,37.384821],[-6.173525,37.38495],[-6.173614,37.385144],[-6.173363,37.385248],[-6.173253,37.385907],[-6.173413,37.38591],[-6.173538,37.386125],[-6.173461,37.386234],[-6.173102,37.38622],[-6.173079,37.386549],[-6.172786,37.386772],[-6.172641,37.387212],[-6.172202,37.387382],[-6.171735,37.388125],[-6.171702,37.388335],[-6.171794,37.388484],[-6.171693,37.38857],[-6.17185,37.388796],[-6.171744,37.38889],[-6.171769,37.389023],[-6.171673,37.389107],[-6.171685,37.38925],[-6.17153,37.389553],[-6.171562,37.38965],[-6.171436,37.389721],[-6.171435,37.389875],[-6.171257,37.390125],[-6.171281,37.390307],[-6.171187,37.390439],[-6.171228,37.390651],[-6.171121,37.390955],[-6.170769,37.391383],[-6.170829,37.391871],[-6.170677,37.39203],[-6.170646,37.39219],[-6.170666,37.392391],[-6.170786,37.392475],[-6.170649,37.392675],[-6.170688,37.392901],[-6.170592,37.393041],[-6.170767,37.393212],[-6.170812,37.393371],[-6.171076,37.393447],[-6.171117,37.393686],[-6.17092,37.393869],[-6.170951,37.394107],[-6.170717,37.394644],[-6.170582,37.394693],[-6.170302,37.394584],[-6.169974,37.39485],[-6.170027,37.395093],[-6.16987,37.395552],[-6.16989,37.395699],[-6.168788,37.395654],[-6.168484,37.39548],[-6.168739,37.395104],[-6.168839,37.394661]]]]},"properties":{"OBJECTID":1712,"ID_ZONA":"ES050_APSFR_BG031-01_T100","ZONA":"Urbanización El Capricho","TIPO_ZONA":"Q Periodo de retorno T100","RIO":"Arroyo de Majalberraque; Sin nombre","LONG_KM":8.89,"HIPOTESIS":"Q100 régimen natural","HIDROLOGIA":"Método racional","PRECISION_":"MDT 2x2 procedente de LIDAR IGN PNOA","HIDRAUL":"IBER","ESTUDIO":"SNCZI. Zonas inundables del sistema bajo del Guadalquivir","TIPO_EST":"Estudio de Desarrollo del SNCZI","DOCUMENTO":"Elaboración de cartografía de dominio público hidráulico y mapas de peligrosidad y riesgo de la directiva 2007/60 en el marco del SNCZI en las demarcaciones hidrográficas del Guadalquivir, Ceuta y Melilla. Cofinanciado con fondos FEDER","FECHA_APRO":1443139200000,"FECHA_GEO":"05/2014","ORGANISMO":"Ministerio de agricultura, alimentación y medio ambiente","CLAVE_EXPE":"CU(CO)-4615","DEMARCACIO":"Guadalquivir","ID_DEMAR":51,"Q_M3_S":"30; 9","ZI_DIRECTI":"ES050_APSFR_BG031","CICLO":1,"Shape_Leng":28818.5444927,"Fecha_Lim":1745107200000,"Shape__Area":8.1130778141869087E-05,"Shape__Length":0.28841249636988853}}]}