<?xml version="1.0" encoding="UTF-8"?>
<kml xmlns="http://www.opengis.net/kml/2.2" xmlns:gx="http://www.google.com/kml/ext/2.2" xmlns:kml="http://www.opengis.net/kml/2.2" xmlns:atom="http://www.w3.org/2005/Atom">
<Document id="1TxsTKDvkuC2GlqZ4xqIs-mIk5CxFG7ZV">
	<name>HIDRANTES BORMUJOS</name>
	<gx:CascadingStyle kml:id="__managed_style_0EDFB42D8C410DE2EFAB_highlight">
		<Style>
			<IconStyle>
				<scale>1.2</scale>
				<Icon>
					<href>https://earth.google.com/earth/document/icon?color=1976d2&amp;id=2000&amp;scale=4</href>
				</Icon>
				<hotSpot x="64" y="128" xunits="pixels" yunits="insetPixels"/>
			</IconStyle>
			<LabelStyle>
			</LabelStyle>
			<LineStyle>
				<color>ff2f2fd3</color>
				<width>3</width>
			</LineStyle>
			<PolyStyle>
				<color>805053ef</color>
			</PolyStyle>
			<BalloonStyle>
			</BalloonStyle>
		</Style>
	</gx:CascadingStyle>
	<gx:CascadingStyle kml:id="__managed_style_02B2CEF6A1410DE2EFB8_highlight">
		<Style>
			<IconStyle>
				<scale>1.2</scale>
				<Icon>
					<href>https://earth.google.com/earth/document/icon?color=1976d2&amp;id=2000&amp;scale=4</href>
				</Icon>
				<hotSpot x="64" y="128" xunits="pixels" yunits="insetPixels"/>
			</IconStyle>
			<LabelStyle>
			</LabelStyle>
			<LineStyle>
				<color>ff2f2fd3</color>
				<width>3</width>
			</LineStyle>
			<PolyStyle>
				<color>405053ef</color>
			</PolyStyle>
			<BalloonStyle>
			</BalloonStyle>
		</Style>
	</gx:CascadingStyle>
	<gx:CascadingStyle kml:id="__managed_style_0EDFB42D8C410DE2EFAB_normal">
		<Style>
			<IconStyle>
				<Icon>
					<href>https://earth.google.com/earth/document/icon?color=1976d2&amp;id=2000&amp;scale=4</href>
				</Icon>
				<hotSpot x="64" y="128" xunits="pixels" yunits="insetPixels"/>
			</IconStyle>
			<LabelStyle>
			</LabelStyle>
			<LineStyle>
				<color>ff2f2fd3</color>
				<width>2</width>
			</LineStyle>
			<PolyStyle>
				<color>805053ef</color>
			</PolyStyle>
			<BalloonStyle>
			</BalloonStyle>
		</Style>
	</gx:CascadingStyle>
	<gx:CascadingStyle kml:id="__managed_style_02B2CEF6A1410DE2EFB8_normal">
		<Style>
			<IconStyle>
				<Icon>
					<href>https://earth.google.com/earth/document/icon?color=1976d2&amp;id=2000&amp;scale=4</href>
				</Icon>
				<hotSpot x="64" y="128" xunits="pixels" yunits="insetPixels"/>
			</IconStyle>
			<LabelStyle>
			</LabelStyle>
			<LineStyle>
				<color>ff2f2fd3</color>
				<width>2</width>
			</LineStyle>
			<PolyStyle>
				<color>405053ef</color>
			</PolyStyle>
			<BalloonStyle>
			</BalloonStyle>
		</Style>
	</gx:CascadingStyle>
	<StyleMap id="__managed_style_02B2CEF6A1410DE2EFB8">
		<Pair>
			<key>normal</key>
			<styleUrl>#__managed_style_02B2CEF6A1410DE2EFB8_normal</styleUrl>
		</Pair>
		<Pair>
			<key>highlight</key>
			<styleUrl>#__managed_style_02B2CEF6A1410DE2EFB8_highlight</styleUrl>
		</Pair>
	</StyleMap>
	<gx:CascadingStyle kml:id="__managed_style_199C424804410DE2EFB8_highlight">
		<Style>
			<IconStyle>
				<scale>1.2</scale>
				<Icon>
					<href>https://earth.google.com/earth/document/icon?color=1976d2&amp;id=2000&amp;scale=4</href>
				</Icon>
				<hotSpot x="64" y="128" xunits="pixels" yunits="insetPixels"/>
			</IconStyle>
			<LabelStyle>
			</LabelStyle>
			<LineStyle>
				<color>ff007cf5</color>
				<width>3</width>
			</LineStyle>
			<PolyStyle>
				<color>80007cf5</color>
			</PolyStyle>
			<BalloonStyle>
			</BalloonStyle>
		</Style>
	</gx:CascadingStyle>
	<StyleMap id="__managed_style_199C424804410DE2EFB8">
		<Pair>
			<key>normal</key>
			<styleUrl>#__managed_style_199C424804410DE2EFB8_normal</styleUrl>
		</Pair>
		<Pair>
			<key>highlight</key>
			<styleUrl>#__managed_style_199C424804410DE2EFB8_highlight</styleUrl>
		</Pair>
	</StyleMap>
	<gx:CascadingStyle kml:id="__managed_style_0F10737296410DE2EFB7_highlight">
		<Style>
			<IconStyle>
				<scale>1.2</scale>
				<Icon>
					<href>https://earth.google.com/earth/document/icon?color=1976d2&amp;id=2000&amp;scale=4</href>
				</Icon>
				<hotSpot x="64" y="128" xunits="pixels" yunits="insetPixels"/>
			</IconStyle>
			<LabelStyle>
			</LabelStyle>
			<LineStyle>
				<color>ff636e8d</color>
				<width>3</width>
			</LineStyle>
			<PolyStyle>
				<color>8062a3c5</color>
			</PolyStyle>
			<BalloonStyle>
			</BalloonStyle>
		</Style>
	</gx:CascadingStyle>
	<gx:CascadingStyle kml:id="__managed_style_0F10737296410DE2EFB7_normal">
		<Style>
			<IconStyle>
				<Icon>
					<href>https://earth.google.com/earth/document/icon?color=1976d2&amp;id=2000&amp;scale=4</href>
				</Icon>
				<hotSpot x="64" y="128" xunits="pixels" yunits="insetPixels"/>
			</IconStyle>
			<LabelStyle>
			</LabelStyle>
			<LineStyle>
				<color>ff636e8d</color>
				<width>2</width>
			</LineStyle>
			<PolyStyle>
				<color>8062a3c5</color>
			</PolyStyle>
			<BalloonStyle>
			</BalloonStyle>
		</Style>
	</gx:CascadingStyle>
	<StyleMap id="__managed_style_0F10737296410DE2EFB7">
		<Pair>
			<key>normal</key>
			<styleUrl>#__managed_style_0F10737296410DE2EFB7_normal</styleUrl>
		</Pair>
		<Pair>
			<key>highlight</key>
			<styleUrl>#__managed_style_0F10737296410DE2EFB7_highlight</styleUrl>
		</Pair>
	</StyleMap>
	<gx:CascadingStyle kml:id="__managed_style_19B3901DF4410DE2EFBE_highlight">
		<Style>
			<IconStyle>
				<scale>1.2</scale>
				<Icon>
					<href>https://earth.google.com/earth/document/icon?color=1976d2&amp;id=2000&amp;scale=4</href>
				</Icon>
				<hotSpot x="64" y="128" xunits="pixels" yunits="insetPixels"/>
			</IconStyle>
			<LabelStyle>
			</LabelStyle>
			<LineStyle>
				<color>ff636e8d</color>
				<width>3</width>
			</LineStyle>
			<PolyStyle>
				<color>8094d4e3</color>
			</PolyStyle>
			<BalloonStyle>
			</BalloonStyle>
		</Style>
	</gx:CascadingStyle>
	<gx:CascadingStyle kml:id="__managed_style_1E50363930410DE2EFB6_highlight">
		<Style>
			<IconStyle>
				<scale>1.2</scale>
				<Icon>
					<href>https://earth.google.com/earth/document/icon?color=1976d2&amp;id=2000&amp;scale=4</href>
				</Icon>
				<hotSpot x="64" y="128" xunits="pixels" yunits="insetPixels"/>
			</IconStyle>
			<LabelStyle>
			</LabelStyle>
			<LineStyle>
				<color>ff2dc0fb</color>
				<width>3</width>
			</LineStyle>
			<PolyStyle>
				<color>802dc0fb</color>
			</PolyStyle>
			<BalloonStyle>
			</BalloonStyle>
		</Style>
	</gx:CascadingStyle>
	<gx:CascadingStyle kml:id="__managed_style_05FA226BCF410DE2EFB6_normal">
		<Style>
			<IconStyle>
				<Icon>
					<href>https://earth.google.com/earth/document/icon?color=1976d2&amp;id=2000&amp;scale=4</href>
				</Icon>
				<hotSpot x="64" y="128" xunits="pixels" yunits="insetPixels"/>
			</IconStyle>
			<LabelStyle>
			</LabelStyle>
			<LineStyle>
				<color>ff6b7900</color>
				<width>2</width>
			</LineStyle>
			<PolyStyle>
				<color>809aa626</color>
			</PolyStyle>
			<BalloonStyle>
			</BalloonStyle>
		</Style>
	</gx:CascadingStyle>
	<StyleMap id="__managed_style_05FA226BCF410DE2EFB6">
		<Pair>
			<key>normal</key>
			<styleUrl>#__managed_style_05FA226BCF410DE2EFB6_normal</styleUrl>
		</Pair>
		<Pair>
			<key>highlight</key>
			<styleUrl>#__managed_style_05FA226BCF410DE2EFB6_highlight</styleUrl>
		</Pair>
	</StyleMap>
	<gx:CascadingStyle kml:id="__managed_style_0A772F15C2410DE2EFBB_normal">
		<Style>
			<IconStyle>
				<Icon>
					<href>https://earth.google.com/earth/document/icon?color=1976d2&amp;id=2000&amp;scale=4</href>
				</Icon>
				<hotSpot x="64" y="128" xunits="pixels" yunits="insetPixels"/>
			</IconStyle>
			<LabelStyle>
			</LabelStyle>
			<LineStyle>
				<color>ff007cf5</color>
				<width>2</width>
			</LineStyle>
			<PolyStyle>
				<color>8026a7ff</color>
			</PolyStyle>
			<BalloonStyle>
			</BalloonStyle>
		</Style>
	</gx:CascadingStyle>
	<StyleMap id="__managed_style_2C39873E4F410DE2EFA8">
		<Pair>
			<key>normal</key>
			<styleUrl>#__managed_style_2C39873E4F410DE2EFA8_normal</styleUrl>
		</Pair>
		<Pair>
			<key>highlight</key>
			<styleUrl>#__managed_style_2C39873E4F410DE2EFA8_highlight</styleUrl>
		</Pair>
	</StyleMap>
	<gx:CascadingStyle kml:id="__managed_style_0950F986D6410DE2EFB0_normal">
		<Style>
			<IconStyle>
				<Icon>
					<href>https://earth.google.com/earth/document/icon?color=1976d2&amp;id=2000&amp;scale=4</href>
				</Icon>
				<hotSpot x="64" y="128" xunits="pixels" yunits="insetPixels"/>
			</IconStyle>
			<LabelStyle>
			</LabelStyle>
			<LineStyle>
				<color>ffa21f7b</color>
				<width>2</width>
			</LineStyle>
			<PolyStyle>
				<color>80bc47ab</color>
			</PolyStyle>
			<BalloonStyle>
			</BalloonStyle>
		</Style>
	</gx:CascadingStyle>
	<StyleMap id="__managed_style_0950F986D6410DE2EFB0">
		<Pair>
			<key>normal</key>
			<styleUrl>#__managed_style_0950F986D6410DE2EFB0_normal</styleUrl>
		</Pair>
		<Pair>
			<key>highlight</key>
			<styleUrl>#__managed_style_0950F986D6410DE2EFB0_highlight</styleUrl>
		</Pair>
	</StyleMap>
	<gx:CascadingStyle kml:id="__managed_style_037B7F876B410DE2EFBC_normal">
		<Style>
			<IconStyle>
				<Icon>
					<href>https://earth.google.com/earth/document/icon?color=1976d2&amp;id=2000&amp;scale=4</href>
				</Icon>
				<hotSpot x="64" y="128" xunits="pixels" yunits="insetPixels"/>
			</IconStyle>
			<LabelStyle>
			</LabelStyle>
			<LineStyle>
				<color>ffd27619</color>
				<width>2</width>
			</LineStyle>
			<PolyStyle>
				<color>40f5a542</color>
			</PolyStyle>
			<BalloonStyle>
			</BalloonStyle>
		</Style>
	</gx:CascadingStyle>
	<StyleMap id="__managed_style_0A772F15C2410DE2EFBB">
		<Pair>
			<key>normal</key>
			<styleUrl>#__managed_style_0A772F15C2410DE2EFBB_normal</styleUrl>
		</Pair>
		<Pair>
			<key>highlight</key>
			<styleUrl>#__managed_style_0A772F15C2410DE2EFBB_highlight</styleUrl>
		</Pair>
	</StyleMap>
	<gx:CascadingStyle kml:id="__managed_style_086D4C215F410DE2EFAE_normal">
		<Style>
			<IconStyle>
				<Icon>
					<href>https://earth.google.com/earth/document/icon?color=1976d2&amp;id=2000&amp;scale=4</href>
				</Icon>
				<hotSpot x="64" y="128" xunits="pixels" yunits="insetPixels"/>
			</IconStyle>
			<LabelStyle>
			</LabelStyle>
			<LineStyle>
				<color>ff2dc0fb</color>
				<width>2</width>
			</LineStyle>
			<PolyStyle>
				<color>40007cf5</color>
			</PolyStyle>
			<BalloonStyle>
			</BalloonStyle>
		</Style>
	</gx:CascadingStyle>
	<gx:CascadingStyle kml:id="__managed_style_020D14087E410DE2EFAF_normal">
		<Style>
			<IconStyle>
				<Icon>
					<href>https://earth.google.com/earth/document/icon?color=1976d2&amp;id=2000&amp;scale=4</href>
				</Icon>
				<hotSpot x="64" y="128" xunits="pixels" yunits="insetPixels"/>
			</IconStyle>
			<LabelStyle>
			</LabelStyle>
			<LineStyle>
				<color>ff26a7ff</color>
				<width>2</width>
			</LineStyle>
			<PolyStyle>
				<color>4058eeff</color>
			</PolyStyle>
			<BalloonStyle>
			</BalloonStyle>
		</Style>
	</gx:CascadingStyle>
	<gx:CascadingStyle kml:id="__managed_style_15C1C8F1FE410DE2EFA8_highlight">
		<Style>
			<IconStyle>
				<scale>1.2</scale>
				<Icon>
					<href>https://earth.google.com/earth/document/icon?color=1976d2&amp;id=2000&amp;scale=4</href>
				</Icon>
				<hotSpot x="64" y="128" xunits="pixels" yunits="insetPixels"/>
			</IconStyle>
			<LabelStyle>
			</LabelStyle>
			<LineStyle>
				<color>ff636e8d</color>
				<width>3</width>
			</LineStyle>
			<PolyStyle>
				<color>805cafab</color>
			</PolyStyle>
			<BalloonStyle>
			</BalloonStyle>
		</Style>
	</gx:CascadingStyle>
	<gx:CascadingStyle kml:id="__managed_style_07352320F9410DE2EFA7_highlight">
		<Style>
			<IconStyle>
				<scale>1.2</scale>
				<Icon>
					<href>https://earth.google.com/earth/document/icon?color=d32f2f&amp;id=2346&amp;scale=4</href>
				</Icon>
				<hotSpot x="64" y="128" xunits="pixels" yunits="insetPixels"/>
			</IconStyle>
			<LabelStyle>
			</LabelStyle>
			<LineStyle>
				<color>ff2dc0fb</color>
				<width>3</width>
			</LineStyle>
			<PolyStyle>
				<color>40ffffff</color>
			</PolyStyle>
			<BalloonStyle>
			</BalloonStyle>
		</Style>
	</gx:CascadingStyle>
	<gx:CascadingStyle kml:id="__managed_style_15C1C8F1FE410DE2EFA8_normal">
		<Style>
			<IconStyle>
				<Icon>
					<href>https://earth.google.com/earth/document/icon?color=1976d2&amp;id=2000&amp;scale=4</href>
				</Icon>
				<hotSpot x="64" y="128" xunits="pixels" yunits="insetPixels"/>
			</IconStyle>
			<LabelStyle>
			</LabelStyle>
			<LineStyle>
				<color>ff636e8d</color>
				<width>2</width>
			</LineStyle>
			<PolyStyle>
				<color>805cafab</color>
			</PolyStyle>
			<BalloonStyle>
			</BalloonStyle>
		</Style>
	</gx:CascadingStyle>
	<StyleMap id="__managed_style_15C1C8F1FE410DE2EFA8">
		<Pair>
			<key>normal</key>
			<styleUrl>#__managed_style_15C1C8F1FE410DE2EFA8_normal</styleUrl>
		</Pair>
		<Pair>
			<key>highlight</key>
			<styleUrl>#__managed_style_15C1C8F1FE410DE2EFA8_highlight</styleUrl>
		</Pair>
	</StyleMap>
	<gx:CascadingStyle kml:id="__managed_style_07352320F9410DE2EFA7_normal">
		<Style>
			<IconStyle>
				<Icon>
					<href>https://earth.google.com/earth/document/icon?color=d32f2f&amp;id=2346&amp;scale=4</href>
				</Icon>
				<hotSpot x="64" y="128" xunits="pixels" yunits="insetPixels"/>
			</IconStyle>
			<LabelStyle>
			</LabelStyle>
			<LineStyle>
				<color>ff2dc0fb</color>
				<width>2</width>
			</LineStyle>
			<PolyStyle>
				<color>40ffffff</color>
			</PolyStyle>
			<BalloonStyle>
			</BalloonStyle>
		</Style>
	</gx:CascadingStyle>
	<StyleMap id="__managed_style_06D45FA4EC410DE2EFB9">
		<Pair>
			<key>normal</key>
			<styleUrl>#__managed_style_06D45FA4EC410DE2EFB9_normal</styleUrl>
		</Pair>
		<Pair>
			<key>highlight</key>
			<styleUrl>#__managed_style_06D45FA4EC410DE2EFB9_highlight</styleUrl>
		</Pair>
	</StyleMap>
	<gx:CascadingStyle kml:id="__managed_style_15AB43A80F410DE2EFB4_normal">
		<Style>
			<IconStyle>
				<Icon>
					<href>https://earth.google.com/earth/document/icon?color=1976d2&amp;id=2000&amp;scale=4</href>
				</Icon>
				<hotSpot x="64" y="128" xunits="pixels" yunits="insetPixels"/>
			</IconStyle>
			<LabelStyle>
			</LabelStyle>
			<LineStyle>
				<color>ff636e8d</color>
				<width>2</width>
			</LineStyle>
			<PolyStyle>
				<color>80636e8d</color>
			</PolyStyle>
			<BalloonStyle>
			</BalloonStyle>
		</Style>
	</gx:CascadingStyle>
	<gx:CascadingStyle kml:id="__managed_style_0517E717CB410DE2EFA8_highlight">
		<Style>
			<IconStyle>
				<scale>1.2</scale>
				<Icon>
					<href>https://earth.google.com/earth/document/icon?color=1976d2&amp;id=2000&amp;scale=4</href>
				</Icon>
				<hotSpot x="64" y="128" xunits="pixels" yunits="insetPixels"/>
			</IconStyle>
			<LabelStyle>
			</LabelStyle>
			<LineStyle>
				<color>ff3c8e38</color>
				<width>3</width>
			</LineStyle>
			<PolyStyle>
				<color>406abb66</color>
			</PolyStyle>
			<BalloonStyle>
			</BalloonStyle>
		</Style>
	</gx:CascadingStyle>
	<gx:CascadingStyle kml:id="__managed_style_0982D30E0E410DE2EFBE_highlight">
		<Style>
			<IconStyle>
				<scale>1.2</scale>
				<Icon>
					<href>https://earth.google.com/earth/document/icon?color=1976d2&amp;id=2000&amp;scale=4</href>
				</Icon>
				<hotSpot x="64" y="128" xunits="pixels" yunits="insetPixels"/>
			</IconStyle>
			<LabelStyle>
			</LabelStyle>
			<LineStyle>
				<color>ffbc47ab</color>
				<width>3</width>
			</LineStyle>
			<PolyStyle>
				<color>40d897cf</color>
			</PolyStyle>
			<BalloonStyle>
			</BalloonStyle>
		</Style>
	</gx:CascadingStyle>
	<gx:CascadingStyle kml:id="__managed_style_0982D30E0E410DE2EFBE_normal">
		<Style>
			<IconStyle>
				<Icon>
					<href>https://earth.google.com/earth/document/icon?color=1976d2&amp;id=2000&amp;scale=4</href>
				</Icon>
				<hotSpot x="64" y="128" xunits="pixels" yunits="insetPixels"/>
			</IconStyle>
			<LabelStyle>
			</LabelStyle>
			<LineStyle>
				<color>ffbc47ab</color>
				<width>2</width>
			</LineStyle>
			<PolyStyle>
				<color>40d897cf</color>
			</PolyStyle>
			<BalloonStyle>
			</BalloonStyle>
		</Style>
	</gx:CascadingStyle>
	<StyleMap id="__managed_style_037B7F876B410DE2EFBC">
		<Pair>
			<key>normal</key>
			<styleUrl>#__managed_style_037B7F876B410DE2EFBC_normal</styleUrl>
		</Pair>
		<Pair>
			<key>highlight</key>
			<styleUrl>#__managed_style_037B7F876B410DE2EFBC_highlight</styleUrl>
		</Pair>
	</StyleMap>
	<gx:CascadingStyle kml:id="__managed_style_020D14087E410DE2EFAF_highlight">
		<Style>
			<IconStyle>
				<scale>1.2</scale>
				<Icon>
					<href>https://earth.google.com/earth/document/icon?color=1976d2&amp;id=2000&amp;scale=4</href>
				</Icon>
				<hotSpot x="64" y="128" xunits="pixels" yunits="insetPixels"/>
			</IconStyle>
			<LabelStyle>
			</LabelStyle>
			<LineStyle>
				<color>ff26a7ff</color>
				<width>3</width>
			</LineStyle>
			<PolyStyle>
				<color>4058eeff</color>
			</PolyStyle>
			<BalloonStyle>
			</BalloonStyle>
		</Style>
	</gx:CascadingStyle>
	<gx:CascadingStyle kml:id="__managed_style_14A5C0D84D410DE2EFB7_normal">
		<Style>
			<IconStyle>
				<Icon>
					<href>https://earth.google.com/earth/document/icon?color=1976d2&amp;id=2000&amp;scale=4</href>
				</Icon>
				<hotSpot x="64" y="128" xunits="pixels" yunits="insetPixels"/>
			</IconStyle>
			<LabelStyle>
			</LabelStyle>
			<LineStyle>
				<color>ff3c8e38</color>
				<width>2</width>
			</LineStyle>
			<PolyStyle>
				<color>806abb66</color>
			</PolyStyle>
			<BalloonStyle>
			</BalloonStyle>
		</Style>
	</gx:CascadingStyle>
	<gx:CascadingStyle kml:id="__managed_style_0ED0A71833410DE2EFB4_highlight">
		<Style>
			<IconStyle>
				<scale>1.2</scale>
				<Icon>
					<href>https://earth.google.com/earth/document/icon?color=1976d2&amp;id=2000&amp;scale=4</href>
				</Icon>
				<hotSpot x="64" y="128" xunits="pixels" yunits="insetPixels"/>
			</IconStyle>
			<LabelStyle>
			</LabelStyle>
			<LineStyle>
				<color>ff2dc0fb</color>
				<width>3</width>
			</LineStyle>
			<PolyStyle>
				<color>402dc0fb</color>
			</PolyStyle>
			<BalloonStyle>
			</BalloonStyle>
		</Style>
	</gx:CascadingStyle>
	<StyleMap id="__managed_style_0EDFB42D8C410DE2EFAB">
		<Pair>
			<key>normal</key>
			<styleUrl>#__managed_style_0EDFB42D8C410DE2EFAB_normal</styleUrl>
		</Pair>
		<Pair>
			<key>highlight</key>
			<styleUrl>#__managed_style_0EDFB42D8C410DE2EFAB_highlight</styleUrl>
		</Pair>
	</StyleMap>
	<StyleMap id="__managed_style_07352320F9410DE2EFA7">
		<Pair>
			<key>normal</key>
			<styleUrl>#__managed_style_07352320F9410DE2EFA7_normal</styleUrl>
		</Pair>
		<Pair>
			<key>highlight</key>
			<styleUrl>#__managed_style_07352320F9410DE2EFA7_highlight</styleUrl>
		</Pair>
	</StyleMap>
	<gx:CascadingStyle kml:id="__managed_style_0ED0A71833410DE2EFB4_normal">
		<Style>
			<IconStyle>
				<Icon>
					<href>https://earth.google.com/earth/document/icon?color=1976d2&amp;id=2000&amp;scale=4</href>
				</Icon>
				<hotSpot x="64" y="128" xunits="pixels" yunits="insetPixels"/>
			</IconStyle>
			<LabelStyle>
			</LabelStyle>
			<LineStyle>
				<color>ff2dc0fb</color>
				<width>2</width>
			</LineStyle>
			<PolyStyle>
				<color>402dc0fb</color>
			</PolyStyle>
			<BalloonStyle>
			</BalloonStyle>
		</Style>
	</gx:CascadingStyle>
	<gx:CascadingStyle kml:id="__managed_style_19B3901DF4410DE2EFBE_normal">
		<Style>
			<IconStyle>
				<Icon>
					<href>https://earth.google.com/earth/document/icon?color=1976d2&amp;id=2000&amp;scale=4</href>
				</Icon>
				<hotSpot x="64" y="128" xunits="pixels" yunits="insetPixels"/>
			</IconStyle>
			<LabelStyle>
			</LabelStyle>
			<LineStyle>
				<color>ff636e8d</color>
				<width>2</width>
			</LineStyle>
			<PolyStyle>
				<color>8094d4e3</color>
			</PolyStyle>
			<BalloonStyle>
			</BalloonStyle>
		</Style>
	</gx:CascadingStyle>
	<StyleMap id="__managed_style_0ED0A71833410DE2EFB4">
		<Pair>
			<key>normal</key>
			<styleUrl>#__managed_style_0ED0A71833410DE2EFB4_normal</styleUrl>
		</Pair>
		<Pair>
			<key>highlight</key>
			<styleUrl>#__managed_style_0ED0A71833410DE2EFB4_highlight</styleUrl>
		</Pair>
	</StyleMap>
	<gx:CascadingStyle kml:id="__managed_style_107CF97A9B410DE2EFAF_highlight">
		<Style>
			<IconStyle>
				<scale>1.2</scale>
				<Icon>
					<href>https://earth.google.com/earth/document/icon?color=1976d2&amp;id=2000&amp;scale=4</href>
				</Icon>
				<hotSpot x="64" y="128" xunits="pixels" yunits="insetPixels"/>
			</IconStyle>
			<LabelStyle>
			</LabelStyle>
			<LineStyle>
				<color>ff6b7900</color>
				<width>3</width>
			</LineStyle>
			<PolyStyle>
				<color>403c8e38</color>
			</PolyStyle>
			<BalloonStyle>
			</BalloonStyle>
		</Style>
	</gx:CascadingStyle>
	<gx:CascadingStyle kml:id="__managed_style_0660ECCA23410DE2EFB3_highlight">
		<Style>
			<IconStyle>
				<scale>1.2</scale>
				<Icon>
					<href>https://earth.google.com/earth/document/icon?color=1976d2&amp;id=2000&amp;scale=4</href>
				</Icon>
				<hotSpot x="64" y="128" xunits="pixels" yunits="insetPixels"/>
			</IconStyle>
			<LabelStyle>
			</LabelStyle>
			<LineStyle>
				<color>ff2dc0fb</color>
				<width>3</width>
			</LineStyle>
			<PolyStyle>
				<color>40ffffff</color>
			</PolyStyle>
			<BalloonStyle>
			</BalloonStyle>
		</Style>
	</gx:CascadingStyle>
	<StyleMap id="__managed_style_086D4C215F410DE2EFAE">
		<Pair>
			<key>normal</key>
			<styleUrl>#__managed_style_086D4C215F410DE2EFAE_normal</styleUrl>
		</Pair>
		<Pair>
			<key>highlight</key>
			<styleUrl>#__managed_style_086D4C215F410DE2EFAE_highlight</styleUrl>
		</Pair>
	</StyleMap>
	<gx:CascadingStyle kml:id="__managed_style_14A5C0D84D410DE2EFB7_highlight">
		<Style>
			<IconStyle>
				<scale>1.2</scale>
				<Icon>
					<href>https://earth.google.com/earth/document/icon?color=1976d2&amp;id=2000&amp;scale=4</href>
				</Icon>
				<hotSpot x="64" y="128" xunits="pixels" yunits="insetPixels"/>
			</IconStyle>
			<LabelStyle>
			</LabelStyle>
			<LineStyle>
				<color>ff3c8e38</color>
				<width>3</width>
			</LineStyle>
			<PolyStyle>
				<color>806abb66</color>
			</PolyStyle>
			<BalloonStyle>
			</BalloonStyle>
		</Style>
	</gx:CascadingStyle>
	<gx:CascadingStyle kml:id="__managed_style_170D4485DE410DE2EFB3_normal">
		<Style>
			<IconStyle>
				<Icon>
					<href>https://earth.google.com/earth/document/icon?color=1976d2&amp;id=2000&amp;scale=4</href>
				</Icon>
				<hotSpot x="64" y="128" xunits="pixels" yunits="insetPixels"/>
			</IconStyle>
			<LabelStyle>
			</LabelStyle>
			<LineStyle>
				<color>ff9f3f30</color>
				<width>2</width>
			</LineStyle>
			<PolyStyle>
				<color>40c06b5c</color>
			</PolyStyle>
			<BalloonStyle>
			</BalloonStyle>
		</Style>
	</gx:CascadingStyle>
	<gx:CascadingStyle kml:id="__managed_style_2F31A587CC410DE2EFB8_highlight">
		<Style>
			<IconStyle>
				<scale>1.2</scale>
				<Icon>
					<href>https://earth.google.com/earth/document/icon?color=1976d2&amp;id=2000&amp;scale=4</href>
				</Icon>
				<hotSpot x="64" y="128" xunits="pixels" yunits="insetPixels"/>
			</IconStyle>
			<LabelStyle>
			</LabelStyle>
			<LineStyle>
				<color>ff9f3f30</color>
				<width>3</width>
			</LineStyle>
			<PolyStyle>
				<color>40f5a542</color>
			</PolyStyle>
			<BalloonStyle>
			</BalloonStyle>
		</Style>
	</gx:CascadingStyle>
	<gx:CascadingStyle kml:id="__managed_style_199C424804410DE2EFB8_normal">
		<Style>
			<IconStyle>
				<Icon>
					<href>https://earth.google.com/earth/document/icon?color=1976d2&amp;id=2000&amp;scale=4</href>
				</Icon>
				<hotSpot x="64" y="128" xunits="pixels" yunits="insetPixels"/>
			</IconStyle>
			<LabelStyle>
			</LabelStyle>
			<LineStyle>
				<color>ff007cf5</color>
				<width>2</width>
			</LineStyle>
			<PolyStyle>
				<color>80007cf5</color>
			</PolyStyle>
			<BalloonStyle>
			</BalloonStyle>
		</Style>
	</gx:CascadingStyle>
	<gx:CascadingStyle kml:id="__managed_style_170D4485DE410DE2EFB3_highlight">
		<Style>
			<IconStyle>
				<scale>1.2</scale>
				<Icon>
					<href>https://earth.google.com/earth/document/icon?color=1976d2&amp;id=2000&amp;scale=4</href>
				</Icon>
				<hotSpot x="64" y="128" xunits="pixels" yunits="insetPixels"/>
			</IconStyle>
			<LabelStyle>
			</LabelStyle>
			<LineStyle>
				<color>ff9f3f30</color>
				<width>3</width>
			</LineStyle>
			<PolyStyle>
				<color>40c06b5c</color>
			</PolyStyle>
			<BalloonStyle>
			</BalloonStyle>
		</Style>
	</gx:CascadingStyle>
	<gx:CascadingStyle kml:id="__managed_style_0A772F15C2410DE2EFBB_highlight">
		<Style>
			<IconStyle>
				<scale>1.2</scale>
				<Icon>
					<href>https://earth.google.com/earth/document/icon?color=1976d2&amp;id=2000&amp;scale=4</href>
				</Icon>
				<hotSpot x="64" y="128" xunits="pixels" yunits="insetPixels"/>
			</IconStyle>
			<LabelStyle>
			</LabelStyle>
			<LineStyle>
				<color>ff007cf5</color>
				<width>3</width>
			</LineStyle>
			<PolyStyle>
				<color>8026a7ff</color>
			</PolyStyle>
			<BalloonStyle>
			</BalloonStyle>
		</Style>
	</gx:CascadingStyle>
	<StyleMap id="__managed_style_170D4485DE410DE2EFB3">
		<Pair>
			<key>normal</key>
			<styleUrl>#__managed_style_170D4485DE410DE2EFB3_normal</styleUrl>
		</Pair>
		<Pair>
			<key>highlight</key>
			<styleUrl>#__managed_style_170D4485DE410DE2EFB3_highlight</styleUrl>
		</Pair>
	</StyleMap>
	<StyleMap id="__managed_style_1E50363930410DE2EFB6">
		<Pair>
			<key>normal</key>
			<styleUrl>#__managed_style_1E50363930410DE2EFB6_normal</styleUrl>
		</Pair>
		<Pair>
			<key>highlight</key>
			<styleUrl>#__managed_style_1E50363930410DE2EFB6_highlight</styleUrl>
		</Pair>
	</StyleMap>
	<StyleMap id="__managed_style_020D14087E410DE2EFAF">
		<Pair>
			<key>normal</key>
			<styleUrl>#__managed_style_020D14087E410DE2EFAF_normal</styleUrl>
		</Pair>
		<Pair>
			<key>highlight</key>
			<styleUrl>#__managed_style_020D14087E410DE2EFAF_highlight</styleUrl>
		</Pair>
	</StyleMap>
	<gx:CascadingStyle kml:id="__managed_style_2C39873E4F410DE2EFA8_normal">
		<Style>
			<IconStyle>
				<Icon>
					<href>https://earth.google.com/earth/document/icon?color=1976d2&amp;id=2000&amp;scale=4</href>
				</Icon>
				<hotSpot x="64" y="128" xunits="pixels" yunits="insetPixels"/>
			</IconStyle>
			<LabelStyle>
			</LabelStyle>
			<LineStyle>
				<color>ff2dc0fb</color>
				<width>2</width>
			</LineStyle>
			<PolyStyle>
				<color>4058eeff</color>
			</PolyStyle>
			<BalloonStyle>
			</BalloonStyle>
		</Style>
	</gx:CascadingStyle>
	<gx:CascadingStyle kml:id="__managed_style_2C39873E4F410DE2EFA8_highlight">
		<Style>
			<IconStyle>
				<scale>1.2</scale>
				<Icon>
					<href>https://earth.google.com/earth/document/icon?color=1976d2&amp;id=2000&amp;scale=4</href>
				</Icon>
				<hotSpot x="64" y="128" xunits="pixels" yunits="insetPixels"/>
			</IconStyle>
			<LabelStyle>
			</LabelStyle>
			<LineStyle>
				<color>ff2dc0fb</color>
				<width>3</width>
			</LineStyle>
			<PolyStyle>
				<color>4058eeff</color>
			</PolyStyle>
			<BalloonStyle>
			</BalloonStyle>
		</Style>
	</gx:CascadingStyle>
	<gx:CascadingStyle kml:id="__managed_style_05FA226BCF410DE2EFB6_highlight">
		<Style>
			<IconStyle>
				<scale>1.2</scale>
				<Icon>
					<href>https://earth.google.com/earth/document/icon?color=1976d2&amp;id=2000&amp;scale=4</href>
				</Icon>
				<hotSpot x="64" y="128" xunits="pixels" yunits="insetPixels"/>
			</IconStyle>
			<LabelStyle>
			</LabelStyle>
			<LineStyle>
				<color>ff6b7900</color>
				<width>3</width>
			</LineStyle>
			<PolyStyle>
				<color>809aa626</color>
			</PolyStyle>
			<BalloonStyle>
			</BalloonStyle>
		</Style>
	</gx:CascadingStyle>
	<gx:CascadingStyle kml:id="__managed_style_15AB43A80F410DE2EFB4_highlight">
		<Style>
			<IconStyle>
				<scale>1.2</scale>
				<Icon>
					<href>https://earth.google.com/earth/document/icon?color=1976d2&amp;id=2000&amp;scale=4</href>
				</Icon>
				<hotSpot x="64" y="128" xunits="pixels" yunits="insetPixels"/>
			</IconStyle>
			<LabelStyle>
			</LabelStyle>
			<LineStyle>
				<color>ff636e8d</color>
				<width>3</width>
			</LineStyle>
			<PolyStyle>
				<color>80636e8d</color>
			</PolyStyle>
			<BalloonStyle>
			</BalloonStyle>
		</Style>
	</gx:CascadingStyle>
	<gx:CascadingStyle kml:id="__managed_style_2F31A587CC410DE2EFB8_normal">
		<Style>
			<IconStyle>
				<Icon>
					<href>https://earth.google.com/earth/document/icon?color=1976d2&amp;id=2000&amp;scale=4</href>
				</Icon>
				<hotSpot x="64" y="128" xunits="pixels" yunits="insetPixels"/>
			</IconStyle>
			<LabelStyle>
			</LabelStyle>
			<LineStyle>
				<color>ff9f3f30</color>
				<width>2</width>
			</LineStyle>
			<PolyStyle>
				<color>40f5a542</color>
			</PolyStyle>
			<BalloonStyle>
			</BalloonStyle>
		</Style>
	</gx:CascadingStyle>
	<StyleMap id="__managed_style_14A5C0D84D410DE2EFB7">
		<Pair>
			<key>normal</key>
			<styleUrl>#__managed_style_14A5C0D84D410DE2EFB7_normal</styleUrl>
		</Pair>
		<Pair>
			<key>highlight</key>
			<styleUrl>#__managed_style_14A5C0D84D410DE2EFB7_highlight</styleUrl>
		</Pair>
	</StyleMap>
	<gx:CascadingStyle kml:id="__managed_style_06D45FA4EC410DE2EFB9_normal">
		<Style>
			<IconStyle>
				<Icon>
					<href>https://earth.google.com/earth/document/icon?color=1976d2&amp;id=2000&amp;scale=4</href>
				</Icon>
				<hotSpot x="64" y="128" xunits="pixels" yunits="insetPixels"/>
			</IconStyle>
			<LabelStyle>
			</LabelStyle>
			<LineStyle>
				<color>ff6b7900</color>
				<width>2</width>
			</LineStyle>
			<PolyStyle>
				<color>409aa626</color>
			</PolyStyle>
			<BalloonStyle>
			</BalloonStyle>
		</Style>
	</gx:CascadingStyle>
	<gx:CascadingStyle kml:id="__managed_style_1E50363930410DE2EFB6_normal">
		<Style>
			<IconStyle>
				<Icon>
					<href>https://earth.google.com/earth/document/icon?color=1976d2&amp;id=2000&amp;scale=4</href>
				</Icon>
				<hotSpot x="64" y="128" xunits="pixels" yunits="insetPixels"/>
			</IconStyle>
			<LabelStyle>
			</LabelStyle>
			<LineStyle>
				<color>ff2dc0fb</color>
				<width>2</width>
			</LineStyle>
			<PolyStyle>
				<color>802dc0fb</color>
			</PolyStyle>
			<BalloonStyle>
			</BalloonStyle>
		</Style>
	</gx:CascadingStyle>
	<gx:CascadingStyle kml:id="__managed_style_020D6A1BEA410DE2EFA4_normal">
		<styleUrl>https://earth.google.com/balloon_components/base/1.1.0.0/card_template.kml#main</styleUrl>
		<Style>
			<IconStyle>
				<Icon>
					<href>https://earth.google.com/earth/document/icon?color=d32f2f&amp;id=2346&amp;scale=4</href>
				</Icon>
				<hotSpot x="64" y="128" xunits="pixels" yunits="insetPixels"/>
			</IconStyle>
			<LabelStyle>
			</LabelStyle>
			<LineStyle>
				<color>ff2dc0fb</color>
				<width>2</width>
			</LineStyle>
			<PolyStyle>
				<color>40ffffff</color>
			</PolyStyle>
			<BalloonStyle>
			</BalloonStyle>
		</Style>
	</gx:CascadingStyle>
	<StyleMap id="__managed_style_2F31A587CC410DE2EFB8">
		<Pair>
			<key>normal</key>
			<styleUrl>#__managed_style_2F31A587CC410DE2EFB8_normal</styleUrl>
		</Pair>
		<Pair>
			<key>highlight</key>
			<styleUrl>#__managed_style_2F31A587CC410DE2EFB8_highlight</styleUrl>
		</Pair>
	</StyleMap>
	<StyleMap id="__managed_style_19B3901DF4410DE2EFBE">
		<Pair>
			<key>normal</key>
			<styleUrl>#__managed_style_19B3901DF4410DE2EFBE_normal</styleUrl>
		</Pair>
		<Pair>
			<key>highlight</key>
			<styleUrl>#__managed_style_19B3901DF4410DE2EFBE_highlight</styleUrl>
		</Pair>
	</StyleMap>
	<StyleMap id="__managed_style_107CF97A9B410DE2EFAF">
		<Pair>
			<key>normal</key>
			<styleUrl>#__managed_style_107CF97A9B410DE2EFAF_normal</styleUrl>
		</Pair>
		<Pair>
			<key>highlight</key>
			<styleUrl>#__managed_style_107CF97A9B410DE2EFAF_highlight</styleUrl>
		</Pair>
	</StyleMap>
	<StyleMap id="__managed_style_15AB43A80F410DE2EFB4">
		<Pair>
			<key>normal</key>
			<styleUrl>#__managed_style_15AB43A80F410DE2EFB4_normal</styleUrl>
		</Pair>
		<Pair>
			<key>highlight</key>
			<styleUrl>#__managed_style_15AB43A80F410DE2EFB4_highlight</styleUrl>
		</Pair>
	</StyleMap>
	<StyleMap id="__managed_style_0982D30E0E410DE2EFBE">
		<Pair>
			<key>normal</key>
			<styleUrl>#__managed_style_0982D30E0E410DE2EFBE_normal</styleUrl>
		</Pair>
		<Pair>
			<key>highlight</key>
			<styleUrl>#__managed_style_0982D30E0E410DE2EFBE_highlight</styleUrl>
		</Pair>
	</StyleMap>
	<gx:CascadingStyle kml:id="__managed_style_0517E717CB410DE2EFA8_normal">
		<Style>
			<IconStyle>
				<Icon>
					<href>https://earth.google.com/earth/document/icon?color=1976d2&amp;id=2000&amp;scale=4</href>
				</Icon>
				<hotSpot x="64" y="128" xunits="pixels" yunits="insetPixels"/>
			</IconStyle>
			<LabelStyle>
			</LabelStyle>
			<LineStyle>
				<color>ff3c8e38</color>
				<width>2</width>
			</LineStyle>
			<PolyStyle>
				<color>406abb66</color>
			</PolyStyle>
			<BalloonStyle>
			</BalloonStyle>
		</Style>
	</gx:CascadingStyle>
	<gx:CascadingStyle kml:id="__managed_style_037B7F876B410DE2EFBC_highlight">
		<Style>
			<IconStyle>
				<scale>1.2</scale>
				<Icon>
					<href>https://earth.google.com/earth/document/icon?color=1976d2&amp;id=2000&amp;scale=4</href>
				</Icon>
				<hotSpot x="64" y="128" xunits="pixels" yunits="insetPixels"/>
			</IconStyle>
			<LabelStyle>
			</LabelStyle>
			<LineStyle>
				<color>ffd27619</color>
				<width>3</width>
			</LineStyle>
			<PolyStyle>
				<color>40f5a542</color>
			</PolyStyle>
			<BalloonStyle>
			</BalloonStyle>
		</Style>
	</gx:CascadingStyle>
	<gx:CascadingStyle kml:id="__managed_style_0660ECCA23410DE2EFB3_normal">
		<Style>
			<IconStyle>
				<Icon>
					<href>https://earth.google.com/earth/document/icon?color=1976d2&amp;id=2000&amp;scale=4</href>
				</Icon>
				<hotSpot x="64" y="128" xunits="pixels" yunits="insetPixels"/>
			</IconStyle>
			<LabelStyle>
			</LabelStyle>
			<LineStyle>
				<color>ff2dc0fb</color>
				<width>2</width>
			</LineStyle>
			<PolyStyle>
				<color>40ffffff</color>
			</PolyStyle>
			<BalloonStyle>
			</BalloonStyle>
		</Style>
	</gx:CascadingStyle>
	<gx:CascadingStyle kml:id="__managed_style_107CF97A9B410DE2EFAF_normal">
		<Style>
			<IconStyle>
				<Icon>
					<href>https://earth.google.com/earth/document/icon?color=1976d2&amp;id=2000&amp;scale=4</href>
				</Icon>
				<hotSpot x="64" y="128" xunits="pixels" yunits="insetPixels"/>
			</IconStyle>
			<LabelStyle>
			</LabelStyle>
			<LineStyle>
				<color>ff6b7900</color>
				<width>2</width>
			</LineStyle>
			<PolyStyle>
				<color>403c8e38</color>
			</PolyStyle>
			<BalloonStyle>
			</BalloonStyle>
		</Style>
	</gx:CascadingStyle>
	<gx:CascadingStyle kml:id="__managed_style_0950F986D6410DE2EFB0_highlight">
		<Style>
			<IconStyle>
				<scale>1.2</scale>
				<Icon>
					<href>https://earth.google.com/earth/document/icon?color=1976d2&amp;id=2000&amp;scale=4</href>
				</Icon>
				<hotSpot x="64" y="128" xunits="pixels" yunits="insetPixels"/>
			</IconStyle>
			<LabelStyle>
			</LabelStyle>
			<LineStyle>
				<color>ffa21f7b</color>
				<width>3</width>
			</LineStyle>
			<PolyStyle>
				<color>80bc47ab</color>
			</PolyStyle>
			<BalloonStyle>
			</BalloonStyle>
		</Style>
	</gx:CascadingStyle>
	<StyleMap id="__managed_style_0517E717CB410DE2EFA8">
		<Pair>
			<key>normal</key>
			<styleUrl>#__managed_style_0517E717CB410DE2EFA8_normal</styleUrl>
		</Pair>
		<Pair>
			<key>highlight</key>
			<styleUrl>#__managed_style_0517E717CB410DE2EFA8_highlight</styleUrl>
		</Pair>
	</StyleMap>
	<gx:CascadingStyle kml:id="__managed_style_020D6A1BEA410DE2EFA4_highlight">
		<styleUrl>https://earth.google.com/balloon_components/base/1.1.0.0/card_template.kml#main</styleUrl>
		<Style>
			<IconStyle>
				<scale>1.2</scale>
				<Icon>
					<href>https://earth.google.com/earth/document/icon?color=d32f2f&amp;id=2346&amp;scale=4</href>
				</Icon>
				<hotSpot x="64" y="128" xunits="pixels" yunits="insetPixels"/>
			</IconStyle>
			<LabelStyle>
			</LabelStyle>
			<LineStyle>
				<color>ff2dc0fb</color>
				<width>3</width>
			</LineStyle>
			<PolyStyle>
				<color>40ffffff</color>
			</PolyStyle>
			<BalloonStyle>
			</BalloonStyle>
		</Style>
	</gx:CascadingStyle>
	<gx:CascadingStyle kml:id="__managed_style_086D4C215F410DE2EFAE_highlight">
		<Style>
			<IconStyle>
				<scale>1.2</scale>
				<Icon>
					<href>https://earth.google.com/earth/document/icon?color=1976d2&amp;id=2000&amp;scale=4</href>
				</Icon>
				<hotSpot x="64" y="128" xunits="pixels" yunits="insetPixels"/>
			</IconStyle>
			<LabelStyle>
			</LabelStyle>
			<LineStyle>
				<color>ff2dc0fb</color>
				<width>3</width>
			</LineStyle>
			<PolyStyle>
				<color>40007cf5</color>
			</PolyStyle>
			<BalloonStyle>
			</BalloonStyle>
		</Style>
	</gx:CascadingStyle>
	<StyleMap id="__managed_style_0660ECCA23410DE2EFB3">
		<Pair>
			<key>normal</key>
			<styleUrl>#__managed_style_0660ECCA23410DE2EFB3_normal</styleUrl>
		</Pair>
		<Pair>
			<key>highlight</key>
			<styleUrl>#__managed_style_0660ECCA23410DE2EFB3_highlight</styleUrl>
		</Pair>
	</StyleMap>
	<StyleMap id="__managed_style_020D6A1BEA410DE2EFA4">
		<Pair>
			<key>normal</key>
			<styleUrl>#__managed_style_020D6A1BEA410DE2EFA4_normal</styleUrl>
		</Pair>
		<Pair>
			<key>highlight</key>
			<styleUrl>#__managed_style_020D6A1BEA410DE2EFA4_highlight</styleUrl>
		</Pair>
	</StyleMap>
	<gx:CascadingStyle kml:id="__managed_style_06D45FA4EC410DE2EFB9_highlight">
		<Style>
			<IconStyle>
				<scale>1.2</scale>
				<Icon>
					<href>https://earth.google.com/earth/document/icon?color=1976d2&amp;id=2000&amp;scale=4</href>
				</Icon>
				<hotSpot x="64" y="128" xunits="pixels" yunits="insetPixels"/>
			</IconStyle>
			<LabelStyle>
			</LabelStyle>
			<LineStyle>
				<color>ff6b7900</color>
				<width>3</width>
			</LineStyle>
			<PolyStyle>
				<color>409aa626</color>
			</PolyStyle>
			<BalloonStyle>
			</BalloonStyle>
		</Style>
	</gx:CascadingStyle>
	<Folder id="5DA7D88867000001">
		<name>HIDRANTES BORMUJOS</name>
		<styleUrl>#__managed_style_0660ECCA23410DE2EFB3</styleUrl>
		<Placemark id="5DA7D88867000002">
			<name>HD-01001</name>
			<description><![CDATA[<div>Sector: 01<br></div><div>Ubicación: Av. San Juan de Dios con C. Averroes (Parada de autobús)<br></div><div>Tipo: Arqueta<br></div><div>Sección: 70mm<br></div>]]></description>
			<styleUrl>#__managed_style_020D6A1BEA410DE2EFA4</styleUrl>
			<gx:Carousel>
				<gx:Image kml:id="hosted_image_QUFqUWJSNGVBejQ5OUlaM2RoS0NPb0sxR3ZxRHFzY2p1L3hYTGpxU0F0eTVWd3JhdGVrUlJ0dWZKUFNEQjBsZzF3OXdJcTVQL1dUVklOZ09pYUoxRmtybm9pMGo5TktkVE8wQmhiR2EvRlA2emxFaXUyZHR6dlZLM1pINEZaY1BpRnE4TG4vcml2MkRxREZVUVBRWU9zdTZMb204eXFLL0pyU3VqT2NibVBMSFFZTDFad0REcHpidm5iTTFCYTZhQUJ5RVNQV0ZXc0VPRkNEeHBzejZWN0VnT0lIVWpHeUZCSlZVdnhtaExHT3VKcERrTE9wY2FZMVlZQ0ovdkNaVzc4VU9CemM9_0">
					<gx:imageUrl>https://earth.usercontent.google.com/hostedimage/e/*/4AAjQbR5dK-6jGfGs_C9xoQrlVuBe8AtGzU0ubp7dBC22jIz3tXsFsDxnnjhRWTIrnJyICeP31nzEMGMcU8nFUEYsZovWZM6kpFKibw1JhVSORsG23fr04seDlbPnmST5-bd7N8TEz4HIxCZ_POps1MeKLf9UhZaEAV-qfyvlM0DEwlgnkpB5k9f-zQXr-0HfJFxreqAyV9FzECe7rIUMoMHtNfKKIxh0IEmWx01vnXjvO_8jvP07FW_JuyJa1N0Kn0lXf2qcM-1rhPJUPYg?authuser=0&amp;fife=s{size}</gx:imageUrl>
				</gx:Image>
				<gx:Image kml:id="hosted_image_QUFqUWJSN3dCSk44WjJpR1JlT0dXc2VYdytwNUd6b1NiRVNWZDdmT2hvWUp5dVFWZ3dHRHd1Zi8yY3lWa3NCTktkOEltZURBS2s1d2RJM2ZnM0JzeVV5N1QyTk9UVTdZakZXNkVObkpSQ0loNXplVUwxRWtndngxeVZZd0N5ZUc5U0ZlV0ZqbjhOVnhUTzQvOW1iZ296Zm5NWVZINituT2YrVEd1MU9QSW55aGFCL0l4c0IxOTM5QjhYdWRMN3lxSkNKYjhoaDVnblNINWk0bVgyU1hHdGlaRUFQajk5dGNCa0lHemhKVW16R2ttdzFVYjNWN0hCK0lUK0FwUnd0Rk5tazRQSmM9">
					<gx:imageUrl>https://earth.usercontent.google.com/hostedimage/e/*/4AAjQbR7zkofyTsNjFuky24HZmHcQzZTsjxH-k8zUnsGOou_qanBkZDnIlVE1T2XGkuzwXzaccfu1mQ4p184AZFU_FQr3QLx1DSeHWo10udTtDAFsZ4sqd4fFrMaroWR-K9I0Jm4fSg1cnvWNo2QqVp_ZPVvQmuvOs3GGdMpHbcMJx3UpcvY_gtfl3s2IA36UeruaLnSA3iHY_9mb49Yws3xffNapJdD24cPq5QCzQKEpPowOmGCsIV_lOMILKrvssFHUEh0v4mg3Zu16kn0?authuser=0&amp;fife=s{size}</gx:imageUrl>
				</gx:Image>
			</gx:Carousel>
			<Point>
				<coordinates>-6.084104454035271,37.37250999824543,0</coordinates>
			</Point>
		</Placemark>
		<Placemark id="5DA7D88868000003">
			<name>HD-01002</name>
			<description><![CDATA[<div>Sector: 01<br></div><div>Ubicación: C. Miguel Servet<br></div><div>Tipo: Arqueta<br></div><div>Sección: 70mm<br></div>]]></description>
			<styleUrl>#__managed_style_020D6A1BEA410DE2EFA4</styleUrl>
			<gx:Carousel>
				<gx:Image kml:id="hosted_image_QUFqUWJSNit4NHkyMnVQRU8wc3psL1M5cndYcWNtRysyRTRyVnRMdy8zQkhzMFVxQm9lRWl6bWh6b2dpWHRwRlk4bHpNKzBnRStoNzl2eGFDa0hHSTBhVjAwWlFsOFhVMXRXVkpjU0tEOUhvYzQvMG5yRVJHZzdqOC9oUWNTdTNHZlNsOFU4U2lIRFJiUmRSYjBqU0NIV3VlZ2xrZ2dqNlNSS3hPZWM5QXRucC83SFVxWWhWa1ZLUTFvd0h6dTZFYisrV0UrWnlOWTQ0QmNaaHJ5MVFBYUlzeWVrZGlLajNlc1lyU1JjaVFIbEEwOUNTMWhVaUUrc0dIOFBhZERYOUltVEZicWM9_0">
					<gx:imageUrl>https://earth.usercontent.google.com/hostedimage/e/*/4AAjQbR7h6eF_aC_yshkWmdCMM7m34tRZh-mDXV4W-LwpCTGvGtnBFneD-wY7lEkqWs4cLW4eWgJRJG-poVQhY0TxfRqZyT83PbtlLxPgzzEsuRuF2yb91tp1EtlVUEKdXakpGfunPHGZItGnuOg0wpJKwUsM0U8aACWPBVW_ANi3Y0c8rMXzWQtIXKGIzr2-jgAbmeZOWligPPKIZOZdiqznwVqsD02LU2Lqgu5qr1Ie1-We143Kr-bIO3_P6apyyrEH7DEAC0TGL2-aL_Q?authuser=0&amp;fife=s{size}</gx:imageUrl>
				</gx:Image>
				<gx:Image kml:id="hosted_image_QUFqUWJSNUJ1VTdCQUNKRDNJK2tBOHNrellMZkQzdGRRWktiVitVTm92cGxjeE4xU2pEUGNURmpoUzkvajkyemRwSjc5bEMyVWFmN2VUWmRvV1BhU1pLOUlQdUIwT29tL1VoWGtYcWxWM2E5cWFxdWJDa1g5eUprbnZFZTlvNWp4WTRGY3p2SWJjRmZ0bmdDbDF1aGNWT3JCRkozcUxmTmUyYkpVbVNNa1duM0NwUTRBeXpFNXhEUEVjVGVENi9McGRseXU3WElXaW1DNUhCcDJ3SzNjOEc3UlQ3WDc1SFpnTnJhQXduclNydGNaWVpLcXU2SGx6QUEyNEJwMjJDMFdTTW4wVzQ9">
					<gx:imageUrl>https://earth.usercontent.google.com/hostedimage/e/*/4AAjQbR5QdX_RAJdwtCIE0u4UVgKStfT-YkyrL_0pp7UeKYIardfHWc58W-nV8YGmTz1Hby-G9SHO4jUe_7nPXwI5EfzbYkxvZZ-Qz8UXlxzvboXVmcajCwA7XLG0x7IKMN02GY_aj4TyIJ_yciARbcnvK2jGRt1Q9LiNsonA5YL1E6KcMpVK-4AKjiTh7xpfCnrRVvxUuxYBM7b1eXQNgC1SlLjjfrAcJwrXdbv_PhtSUIHkA5Yc1iFjgXBbf4PK4fI1965eEtVh4IO1NYg?authuser=0&amp;fife=s{size}</gx:imageUrl>
				</gx:Image>
			</gx:Carousel>
			<Point>
				<coordinates>-6.082155489105277,37.37239083519298,0</coordinates>
			</Point>
		</Placemark>
		<Placemark id="5DA7D88868000004">
			<name>HD-01003</name>
			<description><![CDATA[<div>Sector: 01<br></div><div>Ubicación: C. Averroes, colegio CEIP Santo Domingo de Silos<br></div><div>Tipo: Arqueta<br></div><div>Sección: 70mm<br></div>]]></description>
			<styleUrl>#__managed_style_020D6A1BEA410DE2EFA4</styleUrl>
			<gx:Carousel>
				<gx:Image kml:id="hosted_image_QUFqUWJSN0tUVVRweGZyRFk5VytkTUJoSEtiTldZV3JRNXRuTXNvYjVJV2N1UnpPVG5XdDBvZjMwcmxlalp6bVlXd2ZnRkwvSkZDOHlqdEgxc2IyWnM4anh5SEpxaDdxbXNPalp2TUNIRU1aRUxWbTZKcmlPSzhBMVNHZFNtSzZVU1hTRThsQm1ZZFp3c1ZaZk9Fc2xCclpXS3dNN3R5RHFNSjNCc1NWUE9keGhlS2dBRTUwc05Vd3hkTW1ES3lxcThZRnUySE02Z2dxdlhtRXV4KzlPRkphaEVSK1VTYjIwUDh4SUZZS3N6SlIxYklPZnVaZjRRUUd2QmczL0NSNG0zV0JQVVE9_0">
					<gx:imageUrl>https://earth.usercontent.google.com/hostedimage/e/*/4AAjQbR6NP2EE-h-iVxoIjhAnWmzjpggTjCLXZLp3jRORLPVVWbAy-TzMF-eaXLHOlPhYdevOxhRM3MxpwJdaqxNaYpXZbY9XSQ327PKCgTB56jtqBO0j2_BPVg7-0VQs5E7nJYKmhkhxAuK2UBcwe539RKrcJovOYQe2nIZfcDhYeHoadYkR8UWpYXWKmOylH92nnrXyz9SmaWGBTi4RbRhLpGW0qxNlLDLX9MnqkjIt9c-TYSNFHhE884AM2OteLXuTr1gAxJGpNnF7Bv8?authuser=0&amp;fife=s{size}</gx:imageUrl>
				</gx:Image>
				<gx:Image kml:id="hosted_image_QUFqUWJSNkI1RXdyK3k1YW5mdmFpd2hNbktiTWRTVjhNS1p1ekNJYXN5aDNDZ3c3T3dSOXNMRFB2T0FEVitoeHczaE5lY09JdTdxZnRpaWJ0QXRvM3Y2UFhVTnorKzBTMVJKQWMyMDFUN1E2a2EyZDRpZEk4S05oTDZDditEOXlnNkJ2MC81Ui9EcUNVL1NXcjZKcHBIbmZVaUpMblB5eWMrL29UczIyWW0yZk1JcnV6NmR3Y3JJWjNVekhMWVR4N05vRUtnSkl3dnltd09VcWxPY2tBS3VORXBjVlM2MXRtOW1Kck9nRmNXbzJudnlndjlwbllyMUtraVpWS2FNNFptTmNLU2c9">
					<gx:imageUrl>https://earth.usercontent.google.com/hostedimage/e/*/4AAjQbR7Nq2n5zCRAelGz_5-Dxcokb2lSs6SpRkiZe4TmBPB3gi1JsyIx4PhApVTj290ywSO-li-Hlpr1Kq58L3ZdmfoX4YNMwJ7dc4yL9JZRwSt3pYSWn361sgxsk3LVvYX03dSSb39lotIa9xn8YNCeAgu9_afx90-qYn5olOlwn77EIRi6MfRzXTm10Z2DDtcwXNL-IDBHExCGQRVI-uX_RHiO-psYzFa2WtX-IphecEMqFNPPs7Z7WFVXx_6XB_RXabRkXrZb8H9SRMg?authuser=0&amp;fife=s{size}</gx:imageUrl>
				</gx:Image>
			</gx:Carousel>
			<Point>
				<coordinates>-6.086156143268187,37.37198524096144,0</coordinates>
			</Point>
		</Placemark>
		<Placemark id="5DA7D88868000005">
			<name>HD-01004</name>
			<description><![CDATA[<div>Sector: 01<br></div><div>Ubicación: Av. Universidad de Salamanca<br></div><div>Tipo:&nbsp;<br></div><div>Sección:&nbsp;<br></div>]]></description>
			<styleUrl>#__managed_style_020D6A1BEA410DE2EFA4</styleUrl>
			<Point>
				<coordinates>-6.08349626752694,37.37186447438466,0</coordinates>
			</Point>
		</Placemark>
		<Placemark id="5DA7D88868000006">
			<name>HD-01005</name>
			<description><![CDATA[<div>Sector: 01<br></div><div>Ubicación: Av. Universidad de Salamanca<br></div><div>Tipo: Arqueta<br></div><div>Sección: 70mm<br></div>]]></description>
			<styleUrl>#__managed_style_020D6A1BEA410DE2EFA4</styleUrl>
			<gx:Carousel>
				<gx:Image kml:id="hosted_image_QUFqUWJSNG5tcWhGK043MzlROU5lQm91RW9xbzBTS3k0WlZqUWc5WmRnUXZ4dGw1WDhTLzc4K2xzbXBLVUNyL29ab0FwM3pBUVdJeWxoK3Y2Y1VteFRDaXlPMFB4N0lTenRwcThxVEVhZ0YzU2FvTkRxb1AySVVlOE92N0l6Z3NRZVp4eFl2WDJsbU53anVZWTg3c0FVcU5KelNQWERXOXlmMUZCb1JSRkU0d1poUlFNWHRXTjI0MkdtZ3IxV3BLL1RQQmlrT0o1Y0N5Wll5aHVwV2dycmtjdHhjYXhDY3JOVHlydTI4NjhNSnllRlY5eFRzMGFOWUpJZWRXNmw2V3AwaDJFTlE9_0">
					<gx:imageUrl>https://earth.usercontent.google.com/hostedimage/e/*/4AAjQbR7POLkKTkKX4nw14WHOOvkJE17wmQwDTwB6WofmjyaBGNW5gDiWiCv8DvJoFrohWEIOp_Cc34Yoy8GBZ8eQDCW7ao0zuziG9XfJ9JYtfyig-z7Rr8fHuWdESNEJhtnSbd80Gi1pM5yfLNFlztMbZOdxq_fpZP-1Mb5bRvf4HIobmc_jXkIn9zT0YZsFK1WpaTVuaIbC7r_B3EH7xSwlcTJsjvzGMce7bKCwE3YRL1DHVBoQbWuAnd_9K-NabSrn6aafD5JNJqe9-7A?authuser=0&amp;fife=s{size}</gx:imageUrl>
				</gx:Image>
				<gx:Image kml:id="hosted_image_QUFqUWJSNmlUaXpwcTRxaWhDK2Y0RTRpTExpT05FMmowaDdXb0c5TUJUTGR5YkJOaG9WVFJLVFMrdWVrZkF0TWd4THNuQjFzL2pFQTJXQmxuZ2FaNEpsaWJpRzdRSzNHdmp0M1pGU1V3NDF6eCtwZ1paWVRzTE9YNlFzcUlxR3BRQ3NzUStjakt5OFBGa29mSW81RXFyTHpRbjNoRWprNklGN3h6OHV0eHloWGlqblM5TmVyTDlSREUrR1pLMWFSMUZtUktNWEppdnNjZnQ2Vkk5alJSMWdKRFlyekEvOVM3UjRQd0NXalVqUmtxbVNrd0FGNnZOYTJIK3lsaUlDNTNZbDNhR0k9">
					<gx:imageUrl>https://earth.usercontent.google.com/hostedimage/e/*/4AAjQbR62z0RWWw3Uim0vxIj757Dr3XYJljpERn_Nu80vk0HFEb6FpYNjbFkN3_zn4JmnOPUwYKpI8cgFFRhhWj7xsjRw2wRZ9at_Qb0dM92UhkTDFAy3ZsqkTfaBLcpVeoXVR9TMl9s1bh2YdsKovBYzZqMPvNDUBOPzso34ADfR8iDnlh9_W_09NRniBsI4qx4jmHpBwBMtXt5ZiLaXTbCjXXJyGP9DlxfDetaM3nPWQSad9l5W9xRMYIDh0HsGGG6ffax3Tg-8hEK7lhk?authuser=0&amp;fife=s{size}</gx:imageUrl>
				</gx:Image>
			</gx:Carousel>
			<Point>
				<coordinates>-6.085332039453063,37.37072442165909,0</coordinates>
			</Point>
		</Placemark>
		<Placemark id="5DA7D88868000007">
			<name>HD-01006</name>
			<description><![CDATA[<div>Sector: 01<br></div><div>Ubicación: C. Gregorio Marañón<br></div><div>Tipo: Arqueta<br></div><div>Sección: 70mm&nbsp;<br></div>]]></description>
			<styleUrl>#__managed_style_020D6A1BEA410DE2EFA4</styleUrl>
			<gx:Carousel>
				<gx:Image kml:id="hosted_image_QUFqUWJSNStvamlhUXlhYjNRK2Vvd2l3b1dDeFlrYjJ6UXQwNENFMUM4VkVDdnBFUldRL2hkMFJ0TVdlQzRsNkxDOEFFVUV0a2xJYm54VjN6OVEyNnZTbU5NNk9mY05scW1DK2RUdy9SSERaRk5Vdk1pUmlTNmNtN01peEVQN1E2d1BYanBwNkFGWjZ3UEpudVpXTi92Q25vM1NIa3U0ZXpMNVROVnpCQS9uRXN0Q0p1d01nZUxlVHFLNVh3aFd3Z1IwOEVWVStLZk12SHFiWlBZMXhiME5Wb0Y5SC92R204dlYyTmlDUk5VRnUxQ2xKTU9LMFV5bm1XRW9sN1hjNXpTaEZjUnM9_0">
					<gx:imageUrl>https://earth.usercontent.google.com/hostedimage/e/*/4AAjQbR67oRurDYUNLakay-UMVX9jOY9EzwV9FBNxzr291SkDPU5YXI3vA3Jn6OsOMzOVIUZSWOB7JUUftmaeQwKoY_f7tMznFoqH5FruK7R1j3nZ6rRZ54vZn_UTiazT8uIx0m7o7lYNrOFUnv2rxiMO5mIV4vxpRt4GWavBYn2w7_pwTIgv7HkY-zVYeXdCQLsssKPMO4fxU6FHvbrVGXRmrG9-7R2KYj3kMZG_2DVcDRSwgzJLVuuatrBKQ4RweUiAShBr_jDJ4s0bX_0?authuser=0&amp;fife=s{size}</gx:imageUrl>
				</gx:Image>
				<gx:Image kml:id="hosted_image_QUFqUWJSNE52eVZQeHo1ZUY3ODFJL0dHZ0pIRDJQa1AvaUJ1UjVnQnRPd3JlRHBrWStsdEpFcGh6TXRLVSs4SXJ5OW1MZXlPUHhxbVBVakY3eFpDUmVMYXFwaWtZOWdCN0M2UW4wZ0k4RmJyeStUNW1ySHNrL2FZYjVVaThIdmlIWjVJYlJpN0JSbExzWUdVK1VnQ0M0ZEVDTHF6NkFSR3N2bFU4cmZkRG5kd0g3Zi80NkJBQnNHd2hMdjZFMjM4bjZWRjN6SzV2OTl0TlJWT2hvaWdUUy9ZUWRtOWp5c0RKaVplWCs3T0Mxa0YyZ0RzTjZiVUgvZkJjTVpvbFlNOGo5YW5YNFE9">
					<gx:imageUrl>https://earth.usercontent.google.com/hostedimage/e/*/4AAjQbR6qwjVIqI1CkeYDS4Dy58aKBInzvjcVwmWEmQ-3IQZ5ulBmzR75vixxP-99dXcSxHRV6bW3B6PSL1S8b5yXW1JnqekwxiQhCwwrx1fOTbboW_0eNymJEa4Ps7zYzfSUbULYnN0lU8Ox_DSdAJcLKCBHFqpdFvJDal3vROzPRiNdjP0UWfCfGXM1XhHo78P0kJajGTImN22rJp0Xw4AuPw5KRI3dPcv6X3lcCTeKswZTU8vCZ5wWvxMO6P5Jm53UnwbS1bfm9qIvna8?authuser=0&amp;fife=s{size}</gx:imageUrl>
				</gx:Image>
			</gx:Carousel>
			<Point>
				<coordinates>-6.080543709626148,37.37065701806864,0</coordinates>
			</Point>
		</Placemark>
		<Placemark id="5DA7D88868000008">
			<name>HD-02001</name>
			<description><![CDATA[<div>Sector: 02<br></div><div>Ubicación: Av. San Juan de Dios con C. Cardenal Cisneros<br></div><div>Tipo: Arqueta<br></div><div>Sección: 70mm<br></div>]]></description>
			<styleUrl>#__managed_style_020D6A1BEA410DE2EFA4</styleUrl>
			<gx:Carousel>
				<gx:Image kml:id="hosted_image_QUFqUWJSN01TTXJMUTcra1Z0NmRIb2xHbVg4YUFKcFdrcDhsNU9GTno4d1l1bGlnd0gweE56VW5JQ2VoY0RKUzVnSzJDVWZ2M2UrSzJrWmtJcFdUVWhuN2owQ2pNMTlOYXdzODFXTHl6WDVRUUR6U2pjNzQrcjBmbGordXd2T3dPRkI1VCtVYTVJZHhrcHR2L0lZSWF2c2NlSVNZQll0eHBRanJiNHdiMWgvNnVIQ1gyM21BWk54aVhGWWxtaWdPR3NENkdCYU1wbE5ncUpkSHAvTmt6NEJ1eloxeU0rOXRiOFh0Nmo5cEZYcnNBVzcwZlJ3SkdMQXM5QzMvQlFBU0tEQmpEMGc9_0">
					<gx:imageUrl>https://earth.usercontent.google.com/hostedimage/e/*/4AAjQbR5qpUxe6Cu61OAegFUizdDS-ONSkbrZIzXlpvdbRwQjqYUw9IZktjRXLPyZy8TKpQT7XVsY5nhIF2fVp6iyiBMrBp7sHqDN7vLYggekBKvV6KN0o70lIipNidr_5xMqj7WhDu0dfxrwGK73At4-1tGEia6ilLod9ai31PuVMua72O2gsJV3ATc0Z2nW-RXmkIS-iQ0odqJXkjoDkYKkuUOOUYQQ2uhzKuwTTzVKWC1XaTbV_oiyesq8PCjRWa0iS_e2RnloXtq4fGA?authuser=0&amp;fife=s{size}</gx:imageUrl>
				</gx:Image>
				<gx:Image kml:id="hosted_image_QUFqUWJSNnEwVUtUTVFvUG5XSE5MZHZWMEdJd3dZOElBSTlWbUlCQy9EcEhiZUxFc2xEYWZXQUZHM3pDK1FwclM5NGZncW1DN3NFZ3dwU243bkVHekxBZm9WSmM3TFkxc3VMeGt6Ynd4RHR4djJFazFhRE5wbEpiNkZGdmhld3p1UEhxb2p1TU5uWGdXQkVoRHR1dFZPMGhucUxFRFNXUlhEZGFRV2cyVHJ1Y3BzbUg4VFBTMTFhRWhIZGRidzZYSzZySDl5RXFwWitnaFRLRWUveXhKekwvWEhLam5yNlAzclZRcWUxUytxTktVc2tWdFUrV0RubktDUFZYUnJPaW45NDZ3cDA9">
					<gx:imageUrl>https://earth.usercontent.google.com/hostedimage/e/*/4AAjQbR5e7UZwpB18aEMjtS2CuHIhk3ICjM7rFEf_Gib2gAaOcA2aPnzV4sUKVu5w_AT2vppkOiDdGBfq9v5SujmwIQhyedBTz7owZv8PvmJCqSOVPUBmPprUmHfUVOEl4NN17b-7SjrOG2W1q2IK6uwPwHAO_9bkz87ipg_tkegchW2dGMpm_a0nzRWLWdJ3LE15aaDQU3cT99YlZJwf8bH-1_XJRR_c_vWNrCjF07OfrmUFuDq_W4iGM746xQHR1Yf_h0ryhBwBbfwvjf4?authuser=0&amp;fife=s{size}</gx:imageUrl>
				</gx:Image>
			</gx:Carousel>
			<Point>
				<coordinates>-6.083511379665346,37.3698802992037,0</coordinates>
			</Point>
		</Placemark>
		<Placemark id="5DA7D88868000009">
			<name>HD-02002</name>
			<description><![CDATA[<div>Sector: 02<br></div><div>Ubicación: C. San Isidoro de Sevilla con C. Miguel Servet<br></div><div>Tipo: Arqueta<br></div><div>Sección: 70mm<br></div>]]></description>
			<styleUrl>#__managed_style_020D6A1BEA410DE2EFA4</styleUrl>
			<gx:Carousel>
				<gx:Image kml:id="hosted_image_QUFqUWJSNmFXMk9GZ1ZObXd5SlZFeE9UdVZLTlFhOHdiUFRoT2E1VmZ0bEg0OXJkRUlWWHFxM3RVa05id2pBUFZ4R0dyRVNiKzA1ZlI1ZmxkUjlpSDVNYk5nM0xtSG5EbmdpY2V1VTdOSFZZNHZKMTJUYVk3Vk9RSGNvTVAvRlU5WEVpako4SVBpVHRDRUJQVzk3ejNOK1JJS2E2ZHkvSnp6NisxdWJ5MWYzM1YrN1R4cDZvNGh5bUdoUWdBd0JDaFNWU0xlTFhVUVVBVHBBL3JqdDZSV1k4bDUvTjBaUFZObFI4TmhnUFlmRjZRNjQ2T1dxWUZyb3NRTUREZThWTFZ0M0s2b289_0">
					<gx:imageUrl>https://earth.usercontent.google.com/hostedimage/e/*/4AAjQbR51IGFVlvxlmMK_3OdstS8bfDTqNuii2wwgYAra0c8SD9fNTmtR68lDDPiffjZKofTL3C-Yydw7YdjfP465AYXP_1MLrfPbGyS6g02wx43hcof6SRSZ1_yIYA-T8kDAt25G7Ouf1l1Ro7C6r13TLJuDZnloLjcgrVcjeZuJGKoZE5iF544k91HFhZn9BIvvJZuix8wuF_ti6Xbv2Qi2GxxM2oQHyw_F8rjVjVVG6rMGKwofHQdxpQeiWVxEzeaGvbvPGhPFIhG7VbA?authuser=0&amp;fife=s{size}</gx:imageUrl>
				</gx:Image>
				<gx:Image kml:id="hosted_image_QUFqUWJSNEJDdDN3M0ZPWktoNFJsNytKQW9pcVhtb2s5VTM4eTl1c0w2a2Q0SGNuTVRqaGNkVUpxTVN5MHQ3V1pQckRYTVRIK1E4SEgyb0IzY2V1OHF2SkZQSnR4eVlJNjg0SG9JRTR2ZHQvV3ZpUU9JR2hsTTJNVUpqcTNVUGt0YmppMCtjWnBIbTRiT29qV29VK1Z5ZG9PSVp0UVRTbWFwZ3FSRU5hN3I3MkZiRXFOUWJIUVgxTXErc3VSME52VytQa1JEUVRPMDF0eVhiS3lWWi8yQmV4TUtYLzNnTXV0UVlIQUxGZFYrR25reGlKek1zT3FxL2tGRis5UVNpYzBZSkpzVVk9">
					<gx:imageUrl>https://earth.usercontent.google.com/hostedimage/e/*/4AAjQbR6Y_DheffZYrElf1LoZvH7v4NrP9Rni2iiTBzIG9WYhxko3hDAkx7t0zmSPPhjuL6LfQ-DX8rrNMnb6cUMEeH4TYddJPI1xuDVJPLmxAiW4oOWIGWJzBq9dCWesbGlBIMrkFkuK_ZfqNTwI5kVm9jyNQNfDqLACMOrQ40tJPPP8CyOC37F53lClWgA4yp3F_bfwLLc1cEHbIGWuF1UjwRcpL2DOsKzwpC4k_29e7eKSGdQ8jdZCxINjVayYlnJp9A3vUjoLIBeAjYo?authuser=0&amp;fife=s{size}</gx:imageUrl>
				</gx:Image>
			</gx:Carousel>
			<Point>
				<coordinates>-6.080644982389391,37.36927043012565,0</coordinates>
			</Point>
		</Placemark>
		<Placemark id="5DA7D8886800000A">
			<name>HD-02003</name>
			<description><![CDATA[<div>Sector: 02<br></div><div>Ubicación: C. San Isidoro de Sevilla con C. Maimónides<br></div><div>Tipo: Arqueta<br></div><div>Sección: 70mm<br></div>]]></description>
			<styleUrl>#__managed_style_020D6A1BEA410DE2EFA4</styleUrl>
			<gx:Carousel>
				<gx:Image kml:id="hosted_image_QUFqUWJSNHAwWk41eXFnNlZGK2U4Zit4VXg3N2dZaENmdzdsY0Nyd1JlRmdrVjJpcU94N0RVSWVaSEF0dXBCZWJTUXdQY2JBdHJ5cFlTa1krMnovT0pJTDdqN0kyMEZodm1CNStSdmtOcFVMM1Y3QlpWQUdUdzRkd2ZpTStMSzIxb1dab0JHVDNDdlFjcm9GdWF0NlltVWdLU2pCKzJwT2FkUDFLMEl5cVF1ZE5taUtmbGc1ZlkxWFFFWXU4Y29ZRFJqKzdHc0s1bjRMb1lmQlQvMWNsS1lFV0xwRFk3RC9LN2FSSldIcm0zaUxQR2lLWmo5UUR1NHQzc0R0TzN5dTBDaXBOaHc9_0">
					<gx:imageUrl>https://earth.usercontent.google.com/hostedimage/e/*/4AAjQbR5PF4a09DIg82bflgHHo8pizsHKKgbidRzt71_AU55oZt3ZoTTNdAJPwXQ4MM6hvD7NRplrm4DEVyKfXBQUNDE4YmoKHsdZoVTTmbqu_dTGUJL5KeQ0Pxuc1cARcur6CYHOQ8DWY909AD_qxBhvlMFXreXlOm5GQ1nD2UPPxZtSZBrewkG24LY4_PbHUpxRAWO0Tq92wQUkOonXPU8nWDwMeNcItesvPfvl3zBaQ9qgYlDwgWZUrICpS-5ka_1Z4s-0HybumyPtH8Y?authuser=0&amp;fife=s{size}</gx:imageUrl>
				</gx:Image>
				<gx:Image kml:id="hosted_image_QUFqUWJSNXdvT0wrQUhKSWtWelZ4a2szQTF2NTRFbTVDUXpINmNFYXFUc0RrTm1jT2xVaWJFbU1Qb3ViZGJ3UCtLaFhGMVI1NkU2c1duaU81bmVIc01BazBsaEFVUjlrZ1ZLbHdRdDR2d2FGSXpCVmp1d09aRnU3QVQzTm9SMHVGcEVuOWo4RDNZNHMwb0VUTGhHM2dSK2tPNEFqWHNuUVpEbmJBazQxcE5xYWNmKzhBNCtCUkNHZWJTeVpGRHFUYWVhZnU5QWNubnZaRWVwVEFYUGhhNHBBRFZaRVNhQUVzOEIyNWJkenlJSTNBeGJHdlQrem0xSkZOaVdaM2poN3lQcVhKNlk9">
					<gx:imageUrl>https://earth.usercontent.google.com/hostedimage/e/*/4AAjQbR7s8ddUq3dAxzusyZEGq5QBLO-UgRPKaquWRHUxrs9U7thV56GWdQ62Y68u8gapVv0cgnN_dSSp2vsrUkNXCQfC6HIFme1WO1YeysB-qUNmnDN3cG9D8gfascERqPNfG-sKZLQxUTQIkP4OxnmjbQzIj61NensG9U_uNNjc3tCXpgYt_FY8Zyw1G-Axeq9-LXYxMDAKtb7URBgwlHwSd_pVsoJ8sHhvxSAKjD_Hh3yPe_CeyXTAlCbs5c1b75Pw5hAiSkGd1Lvk-ac?authuser=0&amp;fife=s{size}</gx:imageUrl>
				</gx:Image>
			</gx:Carousel>
			<Point>
				<coordinates>-6.085600059564433,37.36868801690279,0</coordinates>
			</Point>
		</Placemark>
		<Placemark id="5DA7D8886800000B">
			<name>HD-02004</name>
			<description><![CDATA[<div>Sector: 02<br></div><div>Ubicación: C. Maimónides, junto a Restaurante "Choza de Manuela"<br></div><div>Tipo: Arqueta<br></div><div>Sección: 70mm<br></div>]]></description>
			<styleUrl>#__managed_style_020D6A1BEA410DE2EFA4</styleUrl>
			<gx:Carousel>
				<gx:Image kml:id="hosted_image_QUFqUWJSNHg5TWtydXZ6V0h4dlJRZ2d4cGtIOUhHMXZMRmZBOW1xcEJnd1piL054aEZ5SGIvUWVXU2NhbU0yOEFoMkhqdk5WbS96aDlkM2VJVTlHbTRUU1ZLZ2R4QnJsM2E5b2EvU1V5MFcyWkU2eXY5V0FkaHhmL3h1RkhBMDFwK281b0hXNEQySUQwWmFiamYvNWRLdUJoVVBoVlIySHNrQzE1b0xDOU95anZUaExKSGxUM09PVmRYYmphQmpYSHJoQ3VwOCthYXY2TEczTkM4ZGJrU2xKd2d6V3NHaWU2a2NmQ2Ezcmk4RTBDUnJsWXNaczMzVlA4Qmt0N0JzODNBc3RyU2c9_0">
					<gx:imageUrl>https://earth.usercontent.google.com/hostedimage/e/*/4AAjQbR7YmaTqx2JbRAqvqu24K6KfMaf5krejIb2GD5UN1M_r0c0Crj0p8GpWS73Ft_jlBqRlURAel46G76dge6izmdCUXioTTn4hiMcjyTXOhyO07blRLffTplRWTl2cpI2aR-IQ7yXncWxbnNpmwPIWf_6A8x3B0_8D77ymKvmEj864W1aqG-iZPwcGkMXwrpfuxo9sEC-UoIdsaUXKpLmFlcLyDsPBZKmQaxZpvDpXmpm-PC0vHPwKVMIjXc7QRni1umQSPKE6wk7vGNg?authuser=0&amp;fife=s{size}</gx:imageUrl>
				</gx:Image>
				<gx:Image kml:id="hosted_image_QUFqUWJSNmlGNlRWc1hoUE1iUFNNRnhlV1JkODVSeHVKaVQ0b0hiWEdrZzJmUld6eU0vWHM5SHgvQ1h3MUhNRHZBL1I1TndSTjBKMjZCZ0xic1RmMHpzOUFBUFBwTDR3M3ZaZForQXBiMGlsRmRjNWdNd3hpRnc0ajRTVjc1aXhOUWs3dGdNanpFVFBuVjhJOGc2ZFBQLzJHbHlzeFVGaGxuRjFLdnRZNnAzd0d5WGVEaDBnRVN4bVJHY01sQ2Z5bkNWY0RZMXBZVFNXRXBVS0xkMTlRVk9md05lcFkvNlI1U0R1T2ZGV0lURHQ2TStQNzRMRGhpaDJyb0JjVDdGa1UwVWtoNDg9">
					<gx:imageUrl>https://earth.usercontent.google.com/hostedimage/e/*/4AAjQbR72Z27s0YcRfTX_wvM6xFfaNcM1Yy2Ki9FlMrnhiwL_3ap8ohOWWFb2j5WmKYonLnYHr1He8HN8x9VIkP_BHgFjbGnH-nVuCJ1pH3BrdfLSXpG7hBeezHJCTh1y2kR6H9BymsPk_HPnvC7ARAutsWRIWzlaKeJ-e6hJOiXcrWlSUty1e4AECnWceK5uEK7FHHiAm8khpFWWKkCSQpVfZ8OTTrvNBwzJLqd-gVDr0cm6lCTRc_H6goQnByk7oFacr6rz2LK_nptIf5E?authuser=0&amp;fife=s{size}</gx:imageUrl>
				</gx:Image>
			</gx:Carousel>
			<Point>
				<coordinates>-6.086316227915226,37.36634548264105,0</coordinates>
			</Point>
		</Placemark>
		<Placemark id="0BD551898840D4943134">
			<name>HD-02005</name>
			<description><![CDATA[<div>Sector: 02<br></div><div>Ubicación: Av. San Juan de Dios con C. San Isidoro de Sevilla<br></div><div>Tipo: Arqueta<br></div><div>Sección: 70mm<br></div>]]></description>
			<LookAt>
				<longitude>-6.0829235</longitude>
				<latitude>37.368737</latitude>
				<altitude>0</altitude>
				<heading>0</heading>
				<tilt>0</tilt>
				<gx:fovy>35</gx:fovy>
				<range>819.0210129550854</range>
				<altitudeMode>relativeToGround</altitudeMode>
			</LookAt>
			<styleUrl>#__managed_style_020D6A1BEA410DE2EFA4</styleUrl>
			<gx:Carousel>
				<gx:Image kml:id="hosted_image_QUFqUWJSNFBRUUoySlk2MkRHTUpveHBPR2VVSzMyZVZtRmp0cWphcHlZMGpUT1k3TFVuLzM0WU1mZzd0bkZzRGx2WEVoQm9BelVUeWhBWXM2d0FZMFZScWE2WjFLTVJZV2daNkVmamd6WGJia09iaTlJUnY1MUdvREs2OTVTOGl4L0Jpemh4bVhGQWpwN3JoYVlUZ0VjWm5pdkJYOWFjT2NBV2htRWtCSzFkK2tFVG51U0w5MnVkSy9YMEllT0hoTkJJLzdmWnZLdzNRNlRwa25OUEJNc3hCZ2ZUWW1CbU53bFl1UWNFWkxsQVkvQ3d2bDJuM0hydld6SzgwbStzUDdTMkNuaE09_0">
					<gx:imageUrl>https://earth.usercontent.google.com/hostedimage/e/*/4AAjQbR73tRiDDiVgzILERS5nsi5XScdI7Kp6D_07qD1Zly-ksRaE4m8F00tGAeFgEbqopsh-WCRRR9yth8hikBzPADh6MylfGkOgXlYkIU1etvyTR6DOB6_qezlN4mW74V9rY3Z330SBdWH776_ipU0byOTPDjGaojVXUi-Juq6lEiVgl2V-PXP8xDiO-LAO4pND7KiVs3DF8JlmNEP_bdJ8__qXRTpxTV6LJUmRB_seLB1b6f7k9o7LmiLTmkYR5VmaHvdAOD1IZOKjLMk?authuser=0&amp;fife=s{size}</gx:imageUrl>
				</gx:Image>
				<gx:Image kml:id="hosted_image_QUFqUWJSNGlxcE9VR0Q2bDFDZmhkcXNRT0RBMmFENjJqOXpVbmxmODQ4dURHSHRsRTduZERPYTIveWJhUXZ2VXdEZzhTZFgrM2hmRlBBd2VScFMyVE16ckNpQmMxNlVJSGlrVWIyZks3ZFpIVEhnY3RTOXlXL1RjbjhMQitDTlExMWJkUi9ndnpGOEZIWG90RmVaeWJ5ZzFmODg4UmFOUWczdlBMMHFlZ1ZFSDRSRUZGMXdTVStmWVpMNnRpV0N3alRVVXl5NVV4em5mMUthYU1ENit1SjZRblQ3MEZQb3dtMFRvOEJXeElKWk5reTd5Zlo5d2E3M05jNThYK0ZQVVR1b0QzQ289">
					<gx:imageUrl>https://earth.usercontent.google.com/hostedimage/e/*/4AAjQbR6dCElPp3SD30NRgVC8jht1mvRg3Jjn6FRwmGO3w7zlDhXSqCMZAJecf7OJoVOQ3O2B8_tPu5NlOyK0dRLTcGeXsBkfkgVexg-sjrhzamQAZD7yg0uPlvGsg2T-Rq6NkIryufKR4NvfxfliJ0tshjS9MoOkDkgUU9Te9NVdoAk9p_HhBG8Jf-FcLmcA5AQjqUkbHrirmVPSCZkFFcteVQCQa7o6C0agqPJdpK8WZMtcjU5kj_cKR7_02xClL0PLNrIqBUDznrYLWP8?authuser=0&amp;fife=s{size}</gx:imageUrl>
				</gx:Image>
			</gx:Carousel>
			<Point>
				<extrude>1</extrude>
				<coordinates>-6.082912858041873,37.3687522925069,0</coordinates>
			</Point>
		</Placemark>
		<Placemark id="5DA7D8886800000C">
			<name>HD-03001</name>
			<description><![CDATA[<div>Sector: 03<br></div><div>Ubicación: C. Don Juan Tenorio<br></div><div>Tipo: Arqueta<br></div><div>Sección: 70mm<br></div>]]></description>
			<styleUrl>#__managed_style_020D6A1BEA410DE2EFA4</styleUrl>
			<gx:Carousel>
				<gx:Image kml:id="hosted_image_QUFqUWJSN1l0VHVtTVdFMnhzVU5KYVBzMDllUEhleTNTamtybUJ4MFI0OE1NUnZHNkNqeXZ3amZ4QmhpSktMd3dwdm5DbHU0NW5KR0lnL1JFLzRFNkdUeGVFellWTTJwNzMyT2lINk5lVmt2b0hiMU9CR0lVNEh4K2N2KzVxcEZyNUZwKzkvSnNyeXJMbHczRVBpUVNQZDRNbUVFU3llZXFFcHUwbEhNOWRYdnpRdlpOVFVqSTArWFZzQmF1WUpEY3k0TWZTL0xwcUMyQlVFQXdlWGkxc2JLVjhpUFVCcGg3Sko0cFR6cjBCYzB0Qkd4WWpmdEkrMlRvTXZUbWpnMGszTDlWMnM9_0">
					<gx:imageUrl>https://earth.usercontent.google.com/hostedimage/e/*/4AAjQbR4SP72lNsU2G7lHFg2C39W35k1Gs-y_zVUmFvzjZF3kEzgxwMYxCiGiVYyP-Fg-z13TPreax7ydprNfwjhINI9Qw7FBOnZnMO8d8BWZHcUa5a_T3R36oBotWkhwiB5mli5R2ssr06TM5BfqBzyCT-s7EMhDWxDvY2T8i4iibh2VrefhSJ55ffN3ZdHhJdzebYVDlpz71XFLX1dQOQzKIAd-BDwwC8810KuLc79mUgodxpRv6V2CgMFRD7mIZ0f5wfI-jb2gR89vg9A?authuser=0&amp;fife=s{size}</gx:imageUrl>
				</gx:Image>
				<gx:Image kml:id="hosted_image_QUFqUWJSN2Q5N2tSNXZ4bkFwWC9YTFhaYWtHcllOVlFBMW5FK1o4NWVuWnBmT1p0aDJKQU9pYkhScFJoRXgzNzF6ZHNacjMwWktsV2lYRnZvTE5vODBkNDZnVWFwS1h1YW1vSS9VL1ZvOVI0WFcwbFFKV3I1VHQ1VUYvVUVDb1I0NEhPbmtvQ0V4TTBVQ1VOVmRxa1hkT1NLZEVTRHUxQnpOdXkwLzgxWmYrU2lJZXJyYVNLNFBTM3E1Z2RIalk5OWVqWS9jNlpQU01lL2VwdVRtb3QwNFhCRWtuS2ZXK1IxZUF0dnBIVnM5MExIU2tvUXJPRlNOMlJCdTIxdHhMclpGMS9nZDA9">
					<gx:imageUrl>https://earth.usercontent.google.com/hostedimage/e/*/4AAjQbR5xXDxcAfzE09FiclN_NAC-bZ9fPEgyZnmUu9GdKcPkKre5ndQGW5s5NCJrLKAb89yTDQPP09cW7xx0K4au5i3Y93R6pY8pbDueB_72_6TWYLUP20_Bwl0jGP5sOl_PqYF5LFG0_7n8DqmWnRj-Gs1CUJBDDKqcW-5Dvcmqc4pvzipSCb9oPKlxursejQGQFXaRMkhUGEoSlYTJgpxdrpMFfMTIyoCfumdmhEU_BwaYO3Dk68gHqiWjK1_bWFpzTHAuj8D-4KcFDMs?authuser=0&amp;fife=s{size}</gx:imageUrl>
				</gx:Image>
			</gx:Carousel>
			<Point>
				<coordinates>-6.082449298571584,37.3670170368073,0</coordinates>
			</Point>
		</Placemark>
		<Placemark id="5DA7D8886800000D">
			<name>HD-03002</name>
			<description><![CDATA[<div>Sector: 03<br></div><div>Ubicación: C. Don Miguel de Mañara con C. Don Juan Tenorio<br></div><div>Tipo: Arqueta<br></div><div>Sección: 70mm<br></div>]]></description>
			<styleUrl>#__managed_style_020D6A1BEA410DE2EFA4</styleUrl>
			<gx:Carousel>
				<gx:Image kml:id="hosted_image_QUFqUWJSNDJoYm51YzVxK1lwZmhkaHhib2M0VXBXNVd1dFh4SW1HcHBPWVJsVGtoSHI1U3Z6N3dRR2dXN3dSNUNMa05va0tsMlZrNGJTRnN1ZVRyZHNPeG1BQnA5dythZkJSWkN5TzU4b09vQld6MUV0QjF0dXhVUjF1eG40bkdsYTZYbkRTZGdBMjlvbmtWb2xxTmptY3pKQmNSSnZVOW5JQUdrdUo1N0g3L2JFWUIzOWZCcU54b0NxTkw2dDhXM2dTY3hNRjdFd29ta0VpaXIrUVJpVElvZ3ZaSWUyQ3dMcGhkaFFJZ2s4L2p6cHl5RDBTLy8xUnJHNi9RSFlXSVI1aXBFakk9_0">
					<gx:imageUrl>https://earth.usercontent.google.com/hostedimage/e/*/4AAjQbR6SqelMNrk94W19cgSyUmz5u_Csc3eD37RvOYbevJUbdKyYbetuzw4ysTg-CThdVHKrrlUDYee9tTedP6DYoxYHW4W_9nudGA8VjDUhEDm_Hx9tjXyzjs8_5wRTS7Fs6kcqsJb05YIxAWqWIp-GK35YEz42ID6t0OsBc0SSc_Z_EDtMwNHST4ASfDLrOOMikvD9eCPs4tq-3TJ8JioZZyHQRWko6bcNXinYDNk5zFqxrg5tDIaFWBbTB4rkyUZ_yveTQTia_N62QWQ?authuser=0&amp;fife=s{size}</gx:imageUrl>
				</gx:Image>
				<gx:Image kml:id="hosted_image_QUFqUWJSNEJya3V2MDQ1dmpwbVB1Z3NHZmFoOE40SUQ2eERQbXhPUlMzOHF1YUphTzQ5R0xQUFBTc3NmZ2tRN0grMjBlRnlZUDNzWGswTnpjZDZVL0pEelZ5cW5vOWczbzJ2dE5BL2pqSzFlQzB0NmRWSnUyMW9xQnVvNjNrNExTNnhrUTdTUk1rbTdZL1lwNjdRUHNXYXRyZFBnNjcrRFphbDhYRDZzdWUvdmNaTElyRVEzbWRyZk1XMmhZcDFXaHArckNoR2dxNHJxUm1BUnduOW5PRVUvNzYwUllSbytRR3FYUkJpUUdod2tzUkVaZGdNTU1qNWswZVFKcHJjcUovc3hCWmM9">
					<gx:imageUrl>https://earth.usercontent.google.com/hostedimage/e/*/4AAjQbR5Zwf-MLJxAKJ9ptTYB8Di_or9nwRHgQxWzyFumWKWNKesYK80YUx1Ugg-9Gc-LCoRM9MmKZJAAAUhR7Tsp0BGDP8huVsm3WHy-LpARvTguCXUmlCH4NspRVjtg_3LAqq12NuxtMPyP0mGmjHoILa6GpV40eNcbTmIx_jarN9btKpPHAmjM_h8-tAWnCjdsrwDyAqrCGyp0PNIq4gzz9jKnzFhmSo2fFOwomh_5yEnvZYT8ssObqgdNQ8prImTDn5uYwKgjAK4MqaM?authuser=0&amp;fife=s{size}</gx:imageUrl>
				</gx:Image>
			</gx:Carousel>
			<Point>
				<coordinates>-6.08284714575619,37.36666773017443,0</coordinates>
			</Point>
		</Placemark>
		<Placemark id="5DA7D8886800000E">
			<name>HD-03003</name>
			<description><![CDATA[<div>Sector: 03<br></div><div>Ubicación: C. Don Juan Tenorio con C. Don Alonso Quijano<br></div><div>Tipo: Arqueta<br></div><div>Sección: 70mm<br></div>]]></description>
			<styleUrl>#__managed_style_020D6A1BEA410DE2EFA4</styleUrl>
			<gx:Carousel>
				<gx:Image kml:id="hosted_image_QUFqUWJSNTQvMGdjTnl2dzhjTHk4SlVwbEpZVTZzcGZMWVBKZlh4TWFKQXdQcXJ1UkJ2eXRzYVVjdkxaaTdCbnF3cHNZTTBIcjR5Zm9ZUmZ2RE82b3lkdGFiWEZRTlRTTkxRM2dnZzg0OEE0S1NuTml5RlNFQlVibjJDR3IvMU4vVVNTQWRJTXNINlVJZlVGSGRJa0FyN2o5T01vZ3BlYWNpdlFJUzhXWFVhYWpJWERxcTdCeW5DRVFlNTloODByZlljQ0NBdjhzZXZ5YkNLSmxWTGVQcXN6UlZqNDc2dDB5MUVYQk44bW5uOGI2SXhDbjZXalp1OHZiaEdpZWFFWDRiNUVLU1U9_0">
					<gx:imageUrl>https://earth.usercontent.google.com/hostedimage/e/*/4AAjQbR41CHzh4W_RSQpBfXx93JgvBEUbEkA8EzYNuXf1zeIMhfwWbIaHsm5uTru39xTEwe4ejiVhqJHkry0bZhlaQrWpNn4MWtVca9Vd37lcKoYBtN5xLk3XDGjsRO7SJ7BLbWzDmFWhMcBe4wnMD3GwHpIRS7vVJIM2Byr67HDq8wzXBofp5Ee1tNBNQ3uQqtxI2w39LR9PHfUbHbjrhG3D5af3p0wnayHVX8TL_olFZYQrz7oZ9MPGCAh_FqcFwHyAvEfEDllpgjRmnY4?authuser=0&amp;fife=s{size}</gx:imageUrl>
				</gx:Image>
				<gx:Image kml:id="hosted_image_QUFqUWJSNVVUWC9aZ3FFVHdWRHV0SG1hYVYvTGZMQlFsK2p1b3czODZPZC9XWWtTYktuQXF0Zk5MOHY4aFVrY0ZnV3Fzd0dLZzRmRTU5eUVKNjNTUVo0dm1UWjNPSTZ4NDlCVDR0MTNlVGx6VStDdDNiSXEzdHF2TzRDNGtMUHdvR1N1a1NmbDZlNnp5QUVjZUZUTjRDdkNpc0lhL1hTcmZtbndrcUlqVkk5SzRvLzYvblNZaTc0Mk9XRzVmRG1pZ2t1TThOdnRVRlRnUXo4R1U2UWVDQ1Z0eDM5YVpLczZJQS9YU2Q2VSs0RjhXc2RPZXRFbm9HMGdHeXhSQ3VuOGJzZS82aGc9">
					<gx:imageUrl>https://earth.usercontent.google.com/hostedimage/e/*/4AAjQbR4rRjsJ2jsdLSMqVmBo4C9zOWQeeJ434KjvlhuawTQP4tBM7TtHXvGVeWNfr5ROtkT-9ZnYP-ZwV56q_EaCPGSWprqgCqh5A78bBIcGevtg4eRIx4JaB28MGxesx_QKrtxu0fGlVkDPY27swp9hk8o5uleULkFpCQcQMqC0raoyIfdtenHrlyL1BJblKWglmxF5qnC7epGhWvQ7yzoIXks9Xcpk8emWzjG9Ky0HHXIr5sSU7VeWyfLVJLTDWPZrFCwt-riOnJj4hP4?authuser=0&amp;fife=s{size}</gx:imageUrl>
				</gx:Image>
			</gx:Carousel>
			<Point>
				<coordinates>-6.084188522547232,37.36632665567095,0</coordinates>
			</Point>
		</Placemark>
		<Placemark id="5DA7D8886800000F">
			<name>HD-03004</name>
			<description><![CDATA[<div>Sector: 03<br></div><div>Ubicación: C. Don Juan Tenorio, 17<br></div><div>Tipo: Arqueta<br></div><div>Sección: 70mm<br></div>]]></description>
			<styleUrl>#__managed_style_020D6A1BEA410DE2EFA4</styleUrl>
			<gx:Carousel>
				<gx:Image kml:id="hosted_image_QUFqUWJSNVl3VHRWU3dqbTNUMk9OMHdiQko5RHExRTI5TE5tcExqZzl1NytmY3dKOXp6S3ZPdlBCbGZjUWM4Nks5Uk8xNStKeklOb1ZuMnRCdEZEbmU3RFdnOFBaOGtLbmtlNVJmTnlKMDBjakJ3N21MMDZGc3MzZk55ZmZnN05kQTg2em5BV1BQUzl2akY1N0VESFdsQ1RkT0R4MXNURHVLbFhhUGE5TXlVNzlEUVNKcWlhSDc4WE9WaElWTHpMQVJzWERxWFY4aHkyWjRibS9SZThaRzN5eDNwQmt1bEVoY3NVVmFyNFlKbG9sQ2YyaFNodFVvV0pYaGc5Sk9ZOWQvR3VmOVU9_0">
					<gx:imageUrl>https://earth.usercontent.google.com/hostedimage/e/*/4AAjQbR50gOUHybOqlstphmLE5ILOAg44iI5FiXSK4ehU-1NDzaFXn90jIXfWx5dHHq3phL92Lt65JPL6XQQoVL2sgbuG7AKvMKhxhw5Hxeh3Qes-mrQ7mq4wCC-PD0BdqbQZKNz1pMf3EKEH4m-mKV8vX78Z-mlKkEWayxYv_3s8vwcx0DPoQBhGqPPwFvG-vkgtlnsD8yUh6GUuZrsmRSsg0iCiigSj_ZqpXYwI3y4lElP03jXbP77_knt2dZZMR1975WHPK_gqpCW0uq0?authuser=0&amp;fife=s{size}</gx:imageUrl>
				</gx:Image>
				<gx:Image kml:id="hosted_image_QUFqUWJSNml0aGVNd0dqYTBWOGg2TjJJZytzMkZqNVhJcEt6ZGVXdkxBcG52K3RGVGZ6L3FETXZVcDBOWlZYK01WNUlpTGZZMWpCY2RoM3JSUlBWNlRobGpBYm1NazdYZlhWTEM0ZFFDdG9FNUZWU2NXNlRuRGgwOWQvR0pzNDlhdVhRNHpFb2tpYm1iTjd4WkhoRU5vT1M1cEs1R3BSK1VoSVZyY0ZFa1FFVHVYYkRJbjhCTS9iZ1RQUjRlSUNjQ0xTZnBUaHJpQlV5c1lNaFkxWEpGOU9hRnNjeC82b0hyV2JFdWtZdnRGSTRkdmR3Ty9vc20zeC84NHlzUFQ3UE5lYk1WS0U9">
					<gx:imageUrl>https://earth.usercontent.google.com/hostedimage/e/*/4AAjQbR6j5c_wpk0eL5UsAPuFb44nhlaF1_yyMhKmZgGlPSgxfA7KYrLLJTUuShdpu6PUouF2k84YEDoUL9ZiNN-8o2dqn-NCySX-olTdMEmw3tHl3l3Qe3P9QJLAKgrp45xSTGKlzLmLvYv9QyCyhdl5u-aBwNHd5o81iDtJhFK7W8Dlj_YAVKP_E_AY-R7nGHgQRWMLbFoExnUwAIftzxej84POFu2BxSDEmvXStphV2L5WgJsgAT5zh9swcud33DuVWDH172GmpYd8FBQ?authuser=0&amp;fife=s{size}</gx:imageUrl>
				</gx:Image>
			</gx:Carousel>
			<Point>
				<coordinates>-6.084592113609433,37.36610266058693,0</coordinates>
			</Point>
		</Placemark>
		<Placemark id="5DA7D88868000010">
			<name>HD-03005</name>
			<description><![CDATA[<div>Sector: 03<br></div><div>Ubicación: C. Don Alonso Quijano, 1<br></div><div>Tipo: Arqueta<br></div><div>Sección: 70mm<br></div>]]></description>
			<styleUrl>#__managed_style_020D6A1BEA410DE2EFA4</styleUrl>
			<gx:Carousel>
				<gx:Image kml:id="hosted_image_QUFqUWJSN1dSNTlkMlN2b1prZlZxdTdQbGlUVUFwTkowQzNjRjNjeEEwRGZycXBNNWRES2FOV0cybzNJR3E0d2h6eS9Femx0MDE4SVRsUUtoT0pTR1FxbDBmN24vbW1GS2Fpb0g3UkpKUmI0U2diS0lwTjFTWCtWR3dmK0ljSEJXSGlCVk5ibnVnODRGVzlpd0pUK3JjTFZ0UkI4OUxZZkhEMGsxK3JTbnZxQXJ5dGZCN09uaE91L21oOWlSOGxsQmdNY2kycjlpNThUbW81QUlxelI1bnFSbGFnK0VCOHhBM1RBczBJL25lVWdEcnVIclgvVjVHMXd4S0ZzOTdRVGlZZXlPNDA9_0">
					<gx:imageUrl>https://earth.usercontent.google.com/hostedimage/e/*/4AAjQbR4Be5RPIticXz2v4poZ9CNRjKbasc87K5ZHK6b7rM6HqEF7aoQ9AuqYEPmhWCMZWerIPzSCman0BIHImeQA7kaoDiyp7GUWcsCYlUZW7NfMEysR9H4gRqyxFXGDmI_y8tu8WByPLX1FLEKsLcWnx7i45KjQFOa87hJB_XT54fyfeH4SNRxDDgikzCDsmBtu4H5F6dg7yjNvZ6DbRGDpnZcDiqLrvUzdKEDIVjXumFZ4BClGtBZEW5ZXa5HlWLD5eNQG4SD7vfaHg8g?authuser=0&amp;fife=s{size}</gx:imageUrl>
				</gx:Image>
				<gx:Image kml:id="hosted_image_QUFqUWJSNDNoa0MzVGlJWm91ZzJsYkJHL28rc09QMSsweVR4bXA4dndhVm5SWkZrSlFCWDZ3WFZsdXRtbi9oM25PY0Z0My9SYllpQ3V6WERzMnoyZ1VJWWhHRUR4UVJRMTlVbEZxcGdsTlFHbHZpcmFkSVdadUJrVnpOek1HNEwwYjJjRytPOSszVmVOeElWM0N0VWhNOVQxRWRaM3VjUW56b0lMZ2ZkYTNMSFc4TXgxa2RVUHJ3N3RTbTRxRVBPSWxZQ3ZodzNZdUlxbFJSRmxLN0IybmFndEk5aGxKWWJPdkJRYWxEK1FQMHJxVy95SFJCQjBiSzZ2UWYrTWMrbUNNNXM4aWM9">
					<gx:imageUrl>https://earth.usercontent.google.com/hostedimage/e/*/4AAjQbR75zHpNuOEHwjVFX-45QB21yKrKaZt7fY0zmpQ5tkw2BwZnD7H0_7fwRHoHk-J_IzejSU8Q-8yykaCdM0ja5fShzMGSVZLyNPQIiYnSFVYI_qiamB3CBxVdL0KF2gZSDt_yKNlJnZ9xiXOL8fOpc9xgl5YmE7LM51ahhdcdYPdKtwoeJaVMCCpZM_jM0nxgV8JP2Q2IFSt3vpdz9UWXDl001ZsSGxuzoMhiAvxV54knrHelWW1TEZoMP9jzADuKJpNFPBH2snzMfy8?authuser=0&amp;fife=s{size}</gx:imageUrl>
				</gx:Image>
			</gx:Carousel>
			<Point>
				<coordinates>-6.083596840408708,37.36557858508378,0</coordinates>
			</Point>
		</Placemark>
		<Placemark id="5DA7D88868000011">
			<name>HD-03006</name>
			<description><![CDATA[<div>Sector: 03<br></div><div>Ubicación: C. Don Juan Tenorio<br></div><div>Tipo: Arqueta<br></div><div>Sección: 70mm<br></div>]]></description>
			<styleUrl>#__managed_style_020D6A1BEA410DE2EFA4</styleUrl>
			<gx:Carousel>
				<gx:Image kml:id="hosted_image_QUFqUWJSN3B6MTJ0STNZWUZpK251bjQxSjh1Y0Q2eWU3TkRWOGI3UDhnNDQrWTA3L0NIVU5uYmlOOGJlbUZYaG1VMkh4M2UxOHBQdXU2NzFhWGJiMVVSVHNJWjR3bXA0SDcwZy82VENKTnlrMjdDeitSNUd3OEFWdWdHVThDN0U1emZLSHVPdXQ0VjVjTEtXV3BGT2VhSGg2SWRqM1pKbkhOREFnbWpLb1kzTlF4K0FqNGFKSkZtR2QyZmw1RnMvR3VGb0FaMHNucTVDRWpaWnN5N3pRQXJlNFQwSk9qWHJTR3hzQjFBVzdscnYyYW41Y0t6dGd6dnJNdkdsYlpDd0VUVGpMK0U9_0">
					<gx:imageUrl>https://earth.usercontent.google.com/hostedimage/e/*/4AAjQbR53C0bZqXjP32KvY5n7fK-8u0-psrUx9NT3izYG35mN14Mu1dKP6Ecv4uNQp7dHnIdRXO_M_q-s-aSrsv4_2JOngWIq7ADwlkamLXWuzfPzlNH_i-E8uCHnIcPlDmBKcrAYYj0QUW52DM1ji3vQYjTzx08G9nz9iNLgkZCFun3TGlWCqR3mPcrmvZx2HueAAGYqpiBjbV9O0T0EiB6rWkgFy9jAiem2Oh1l0G2I9q_W2Y5oXV4myhcgyVdwSu0x_QI5ChT2Pa7udBk?authuser=0&amp;fife=s{size}</gx:imageUrl>
				</gx:Image>
				<gx:Image kml:id="hosted_image_QUFqUWJSNFNaMnE1amNtWU9JZE9uQklkQjlXNVQ5WDlxQ2NSVjhuNGtlTjhxa3Yzc25JNjdveEdwdk82dU5vbGMrWlVNZWt5NlFXU1FrRzkwV0RjQTJYSDJ5NXVhbzJxNk1weEFYSnYvTUpSK1F2dENQeWNMM2RFYXdwcG1HeFFiVHNTeTUrV1VYYVAwaUZ2Ky9iK1hVRUpPQjM3dkIrV21ZSUF2c3FVZEJNTEwwOTVxZWV4Y1B4STRQcHUzQyt6WndKRDRVa0dlL1JEZDd0Y1FIKytmanVSbDMxWE03Q1ozTTlzaVlVM25rc0luWVFCaEJaQ2NYMW42TzYzUUpscDUyblI3Nnc9">
					<gx:imageUrl>https://earth.usercontent.google.com/hostedimage/e/*/4AAjQbR65-nqKslDWMGxPNUR2oqBNZY88I-ZPcKn7P1AkJ8FvwjfiTD0Hz7qI3jt5gJN7NxMtVfFDWZwyBTefnYKPuYTUrmfLcA9oIWdxCOSUiLaqpHQKUcDBNp9B8HyQdjko9GmUbHODUxh2-8Jv0vU8W9yGYKgbLcuAqaYH8nNtdSgmzH5E__dWveG69Y30mERf-dWgV0FMUsFGgxS518-ONozoloVHb0BDpmqEh35HepnPRhLyjsFWi3H17UomGf6z-Qvizkz9ifsmoiU?authuser=0&amp;fife=s{size}</gx:imageUrl>
				</gx:Image>
			</gx:Carousel>
			<Point>
				<coordinates>-6.084407565977666,37.36495365131285,0</coordinates>
			</Point>
		</Placemark>
		<Placemark id="5DA7D88868000012">
			<name>HD-03007</name>
			<description><![CDATA[<div>Sector: 03<br></div><div>Ubicación: C. Don Miguel de Mañara con C. Don Guido<br></div><div>Tipo: Arqueta<br></div><div>Sección: 70mm<br></div>]]></description>
			<styleUrl>#__managed_style_020D6A1BEA410DE2EFA4</styleUrl>
			<gx:Carousel>
				<gx:Image kml:id="hosted_image_QUFqUWJSN0MxMTVVY0RCdy9hdEppTTJFRzNaMUZmS3F3amZyWUFzbHg5VXRMMVErTnRGZFZqNlFHUVF2TGc0blFqZURIU0xtcHZ3YTZIWGhNS2QyUzUwcFh4czlGdEJYb2NaUWRJMU10eGIyU0o5YUJqem01TmF5T3Zma2IyWVB0T2JVR0hKdERsbXhGTWZqbGUxcnZRK3FLcTExRnpDdy8vTm0vTFd6SXBCQy8rQVNHNk1HQ3V4TjViZmlvcDBzSUdwTFMxQ1VpREQvcnQrTTY2TCt6UmxVQjBlZmdWQUpVejdaOWd6dEh2UEVuTEVWYW15QUtweG5tVVhlVjMxS0FxUUE5ZWc9_0">
					<gx:imageUrl>https://earth.usercontent.google.com/hostedimage/e/*/4AAjQbR4zKGGlJFuj39dwHZ-b2q64Qt_EyynYSOGEBQqpivTVu_Dj6YVRkc-qYxYQ811w0qSucdFg1thqxN5mN5hog7a8qmHvYKPRaaNNWllNjt61no_IzrCOJtCPHFoo1LQbMoVqY3Ti_PIUSB73DWlGk5UqE3DPPwbqZLVjaopdcD6M3kuSTvjKDwe4sUk85-DeZTBFk7v8Km8v9mE9y3lkbgcvZB113MWpjp6CTYz9iTh1DXl72UvpCAXgYK2LiJEjAjDNL8TAujITLrY?authuser=0&amp;fife=s{size}</gx:imageUrl>
				</gx:Image>
				<gx:Image kml:id="hosted_image_QUFqUWJSN3ZueDA2WkxmbWlRM2N2TnBiRVdTUll5SmdmYksyZlJRYmVEZnlMbGRwMmtCNnV6SDVOcDJYaW5RVVovODV3V2F5Sk5WYjhaMGlmdjRneVdqN2xxc0hNVzFHUGNzQy9uSzlmKzZqckNHaXNuWE5ia3VBZm1WYWVHREJvVVM4Yk5ZRi9TOENjd3lpWlFORldzSFFBaEtUL1Z6c2JkSjRHOThKUFozSkRTTzJ3NmtSaG0rYldQUWk4WDhSS3l6amwvOVQzWVU4VTB2d3dDZzFYZkp5amVlS3UxdGRkS29QVGs2TTdyQk1CRVROdGxkOVBaRWpFK0g0Zzh6NEhSYXEwOUE9">
					<gx:imageUrl>https://earth.usercontent.google.com/hostedimage/e/*/4AAjQbR4xlBaAoouNa1Xa-esWop4Wvv3tuQI5u7yKPPsMhgETF9TpfcNy4Pl4_kfweUtMP-6562AkOHHYrK7HF2gIx2Pw664rceYXsT-gcASeF7Lf_EEi8n8rccbW__2VcJ34PVdUDUOJZcvWwrh9tVCQcO2MUtX7PkHj6erlzCiba8T2n9D-IfwhOqasSZ6F1sqHB8tNBei9TWfIqs9GgLeRBVOPo3sXPd7jxT_pJ17TMPvBGXBOCURHK-MESd56GACEVazxeOL3mVvkjVI?authuser=0&amp;fife=s{size}</gx:imageUrl>
				</gx:Image>
			</gx:Carousel>
			<Point>
				<coordinates>-6.08245792774516,37.36501750983397,0</coordinates>
			</Point>
		</Placemark>
		<Placemark id="5DA7D88868000013">
			<name>HD-03008</name>
			<description><![CDATA[<div>Sector: 03<br></div><div>Ubicación: C. Don Juan Tenorio, 37<br></div><div>Tipo: Arqueta<br></div><div>Sección: 70mm<br></div>]]></description>
			<styleUrl>#__managed_style_020D6A1BEA410DE2EFA4</styleUrl>
			<gx:Carousel>
				<gx:Image kml:id="hosted_image_QUFqUWJSNkU5aktZMGZob0RHVFdTbjZrWmV3V2JONnYrM09zWVB5bUt1Y3dRSy95UnlHVk1HN2hWLzFycjFaZkVWRjVGblgrNUlWS3BtcW51VUVEWVdlVllyT1pRYUczNHpsQ3lGUWZvd1NtaDZxYWpCVWpwcFI3eEpDekJyNVJCTjFpSDhnbGNFcFc4T1NjcXpXM3h3RHErTS9ROFNoRGNVd3Z4U3UrY1FBZCtOdlBNK0JuMzVFWnQ5UW9ZelIyZXM5OW9rbHdHdUJ3MS8vUHJZZDkybGtRODhFSlJ1VkU3b2FZZ2Z3d0VkZ2hRVWhhVXNQdEdpV0wybk4zREs5VkJuTUJqY1E9_0">
					<gx:imageUrl>https://earth.usercontent.google.com/hostedimage/e/*/4AAjQbR6wTZe9VAj1OVkRrSz5Y_hXfWMtdwHH3DiaL2M54tDESgUW-SI6_6fM0qR-EwgHcJp1zWXAqAOw4ZuzsJw6IoaJr_ZMVsPGb8h2rZBylZQfi3AA0-JeHGMkinjH6Z1KESovbosiAe4zflxJC_3wNj0vViHZUYYJQ6gWDMS3WigsyOgcIxrOtieckD1KDblUiraw7KoQf-N_ciF3lhGR8U_rCrtpfX3ekByyXumeLiZOBlgdvddatyDg5IWCdBuGXUtWfa_AzkZqOF4?authuser=0&amp;fife=s{size}</gx:imageUrl>
				</gx:Image>
				<gx:Image kml:id="hosted_image_QUFqUWJSN1J3bG5WK2pEVXdIVnM2TklBdjhoVjZ3TWJlakpvR3R5VDkzV1VhSlY5bFpPZ3VWUXdIMGhVY0NMUmhub1FBbGpRbDBjcDg5djQvcmFxNVk1OXpCTWMvTzRnR291SlQxbUhyMFplbm15eWUvT3ArM3RPYVVvQ1IrdnQ0Zm1lQWtqWGFHMmRjNVFTK01iay9jaUl3QlNnUVNQclZTOE1RZGJGVkVCckw4L2ticDViUWlhN05HTjUzZGdSOU1ibTh6R2dHRHEvd3hYNUpHVnpBWWVkMks2WGdPZ1pKK3psaG1TU1FyTmRxc1ZJMEpBQVl4dW80NFdhZ0lSbXB4dVRKdk09">
					<gx:imageUrl>https://earth.usercontent.google.com/hostedimage/e/*/4AAjQbR7ngcuDgdJHb1Ul9pmXv95DPdOdIUt7h6CWc1FmLIuQYGRI7ehSSdcdrPCClMEDbDsghQ70L5yInB9THvgMqJWTMT9-yxhbpB6DjQDIxflcnQf11upCzDP90mcsGeDZ3lQXuSUCYnkHB0ACURS9dXkI8J3YcpVKuCRpTT_pwSYga3WvquUO_AyhJvOuEUOj-tf9mtzs8u2LtByEmNafgevJLzc8ZAkx8bCFSIRy-tDPh72bm57w581dZXFBCITPl8tsjAjp7ES_gDg?authuser=0&amp;fife=s{size}</gx:imageUrl>
				</gx:Image>
			</gx:Carousel>
			<Point>
				<coordinates>-6.082909867468854,37.36433967119957,0</coordinates>
			</Point>
		</Placemark>
		<Placemark id="5DA7D88868000014">
			<name>HD-04001</name>
			<description><![CDATA[<div>Sector: 04<br></div><div>Ubicación: C. Paraje de Paterna con C. Alcazaba<br></div><div>Tipo: Arqueta<br></div><div>Sección: 70mm<br></div>]]></description>
			<styleUrl>#__managed_style_020D6A1BEA410DE2EFA4</styleUrl>
			<gx:Carousel>
				<gx:Image kml:id="hosted_image_QUFqUWJSNzVMK1p2SnJPL3J1WWFYbVpIcjNaeUl5OXlPblBLQW1NRlVGR0pVaHZabEs1QTR0T0J2eDI1Nk1EcmkxbE9RaXA2THd0bFlpa0FqOEtoTTVvdURNMXR6UXJzc3dyNW9SOCtncXVLdjhmcTJqVk01Vm1sYnlYWFIvR0tIMUFrOFp5ci9lSnJJNGNUVWluUUhSUkZwWjh5SkhTL1VvdWFJSlBtUUQvKzBlWVdpMi9ZTTlaZFpmcjMvYzV2ekZ5N0dCcVpZVUhCdk5mY3VIelBZaHB0TTFxcENad2c4alVTL29RbnRTWnVVaFBBdHJjbnA3OG1EZzBxS29yV1hUd2VWSkk9_0">
					<gx:imageUrl>https://earth.usercontent.google.com/hostedimage/e/*/4AAjQbR5Bvdy5j11ySDKpv9GpRory4RHprGqnYSjqoHygx2xhNibsjvHqWDm2j6G-3xaBjyEoBxwHKCV-jZBu6gZcXGIitoNGpqh8Xqxvqee8Ampr1IlWLI-FgTBshVgmvBobS9TegFWbKdr4eEMHhW6_IzkdGmKlcZq4B99SXamCOO8jIEwd9VrUkHQYkxTdNasxUh8grQDk_QIlsUOsvh__p5EqpgFwbxrtOViVr5WiH0RlHGJX4P1BLTfrNaapGTSbKk5BAGXQkuGa8bU?authuser=0&amp;fife=s{size}</gx:imageUrl>
				</gx:Image>
				<gx:Image kml:id="hosted_image_QUFqUWJSNTMzU2lBcG00alF3MVhqeCtpZ1VMTDBxdlVQSmRhdUFnYlROQ2RnZEZtb3hyM3A3YzA0N2ZvQ3kwdHlwZkp3d1FlZUdKc3RKMWFRZnZmM0NMelR6NXMreVFZbm8yTUhQMlA0RUxhZjJCRVZvL0RMRFhreFhKZm5xNExyTkh4UFBMbDNwUXQvWjAvQjRHY3BDNmExRC96UEdmRVAyL3NkejFXREFrZWJ6eTlYSlVEWVRSUDRkOCtVb3EwTlFzRE5OUlIyZnR3RWQrNzNSUWhQaCt0UUVGQkx6bTNtYXNWODk1RnFnRXZlRFBLYjdSUXo1ZVpncDB1SThOQ3hDVXRZVzg9">
					<gx:imageUrl>https://earth.usercontent.google.com/hostedimage/e/*/4AAjQbR5YCLS5wLFFrKJFILd-RzrKjYglabZu8uY7yo3UZWrFw4erWebeadZ_Jh8RybTcAMN0gW5F-R8ETDBkZv2EJEyT5R0YlDcysWxpJOddEDFXHtMqq9twchyXlzgjYcafqiivx_m344ZYa1K_Vj0f2NwBt7hMNIbhGgdiWgWeJA6QoNZWVyImdc_xzfzDfFKCYZdpbFtVudNlR_HW4r-K_-9AQwFpkxs288jtKBHk3jLtYK8cuxg0HJSBdSAHBpqJl1bUJzIzu2X618I?authuser=0&amp;fife=s{size}</gx:imageUrl>
				</gx:Image>
			</gx:Carousel>
			<Point>
				<coordinates>-6.078814762198999,37.3681109394529,0</coordinates>
			</Point>
		</Placemark>
		<Placemark id="5DA7D88868000015">
			<name>HD-04002</name>
			<description><![CDATA[<div>Sector: 04<br></div><div>Ubicación: C. Pablo Coso Calero<br></div><div>Tipo: Arqueta<br></div><div>Sección: 70mm<br></div>]]></description>
			<styleUrl>#__managed_style_020D6A1BEA410DE2EFA4</styleUrl>
			<gx:Carousel>
				<gx:Image kml:id="hosted_image_QUFqUWJSNzN4ZmJUcXBPZk5OL1R6UzRFVC9qUExXak9Ddk5xZVpYa1hLNyswTWJkS2pYa25sdm1zL0hMN3lwNTVsek5FWmE5RUl1c0N0bDl5RXAvcy8vV2orTlZ2bXJHczFrRmVXK1RaOG9lRUVMV2Z6YWFhNFVXcWk5ZEppY0RFbWVpQXlBUEMvcmFXYnN4MlNQTWxQbzk5dWhuQ2R6NnV5ZFRHM2pPaXQ4MVlHVXdieFNmeEh5NFZUV1lweENjODRBS0lsZHIyM3dFRDVVNE5yN1V3anVoTi85RC9LM09TU2E3Tm5DaGNBRlVJbGx5WGRCWkh5emRlQm82VkhFQkNxbk1jQ2s9_0">
					<gx:imageUrl>https://earth.usercontent.google.com/hostedimage/e/*/4AAjQbR5xBjSJKgrUUKgN_jN1j72nhTxmMTjh6_fXcSvySA74RX-2Y4-Qv_6yWlnPXsV47RMX-8DDZNgD0A7ocucF_WejeLCNY30eAIdM-EBMk1Pp5Rlls9fxZFgUAV603_fRsMNOixqv-cH88KiTjL9Ci2S2mFmXuXgzps8rS00uZLTzZgzNdSCiF0W1KXeekpFIBX0nTR0QLL3VtVQ88dXuPP4YZ1B8BU0eji5rodHHPXdS69FOvdHvlTXrOa2fSTKxOz2DJ5q3C3YiLPo?authuser=0&amp;fife=s{size}</gx:imageUrl>
				</gx:Image>
				<gx:Image kml:id="hosted_image_QUFqUWJSNXAreENaR25GTmpDeWRtVDBqRmlVU2d3Y0d2SWxoQzF1U3JKWkNtZXFBbFU4R3ZQampheHBtL0VRSEpoTGk2Y0ZKb00rYTUyTURlWDNHamlodTN0Qm9IcjJYNk9LQmpHajhrMU9jUldxazhZaGlKVTV4d2FUbFUxRWsyTVprc3pLUEZCVlB0YnJUVUxPK2VIeDdMMXA5eURsUk95REVUb0hRN1ZsVmY3ZmdHWkJ0NzVpVjhZQWltQVAzWDV4elRSNm80bjdjZGpONWIxcmh0ZHFvdm9JVGJFdVpFS1VpU2cyN2M4R2JUQzJPY3lTL2hhNFNGRmFqcGpPYTJveHJ6dnc9">
					<gx:imageUrl>https://earth.usercontent.google.com/hostedimage/e/*/4AAjQbR5nh01B4Q8Yog9jSjRyotLI5Q8Kpzkkx_fLRDYOOwzmLvjyvGj2cdHevjm9LpeStMpo9AzuIdUEqxk8ycIJriDmwFZkKI6USTNOqne8PSxL61UWQq1t4qzI74psus3gbiwl2YIvFSS8y4yqP1vgttBrs_fgYJm_G6TzfFc3xSxC-fjilvZfwVaE1bBNw8pYmP1v0ofvdXOB9zdlbZ9js_80_WDdi7K85hY06ljHoLLaH1en0_LVdnwWOlylR3qvSzy9OMkH9JoKYe8?authuser=0&amp;fife=s{size}</gx:imageUrl>
				</gx:Image>
			</gx:Carousel>
			<Point>
				<coordinates>-6.080598758157469,37.36799825659953,0</coordinates>
			</Point>
		</Placemark>
		<Placemark id="5DA7D88868000016">
			<name>HD-04003</name>
			<description><![CDATA[<div>Sector: 04<br></div><div>Ubicación: C. Alhambra con C. Alminar<br></div><div>Tipo: Arqueta<br></div><div>Sección: 70mm<br></div>]]></description>
			<styleUrl>#__managed_style_020D6A1BEA410DE2EFA4</styleUrl>
			<gx:Carousel>
				<gx:Image kml:id="hosted_image_QUFqUWJSNmJLS0JObXd1THRicXF1SVNnd0ZDa3RVdzZoMTI1eGh5VlI3LzRLY0F0cEVvdTk2aVVHdUQ1SXBXYXEzU1RML2pYd3FzVXhxTjFBUkhhTUZxc3ZlcHdZUkxiNWhBT2ZadCtFVkV5N0xRVnJZWkJrbWJ5azBKUWJnNFRNRW1uY3pXQjQ5VEVwbmNTUkpFOEdiWWx4S0hMY0ZTMFZLejA2WkJtTGVwS1JYd0Fyb2lJYW1ta3lXenBnUjNMT0x2K09tbHVxa3BqVWx5NjhTQW5vbmN2ckpvMmtHcml3dE1rVTdmVmZ0M0tGMjc3S2NxYjcwMHNlVFliRitaeGJEOGpZem89_0">
					<gx:imageUrl>https://earth.usercontent.google.com/hostedimage/e/*/4AAjQbR7116d0qDbt5DpjZZVtYDcaWvfbOTYBIq9nYYy9LvXArfzoPCWJaj-bjV_gTNCZolw2vkuZaEABbak9y67aYV9i4mWFBUAYyNCTEp52wd_IYXVxp8svaSG5c0HsdbzYDnn-lSpFRGXUB-VPhklh-oWRM4zfZ5_8598vMge0gMEqizp04ijK0-2ZQP_L33zNmdMdqsv9xngL7safp6osd_MBH9R6D3dSXSCvo3odMH6x1Tcr-dbhEp-qcpq0GubHeX2-kQOAIXlVhCs?authuser=0&amp;fife=s{size}</gx:imageUrl>
				</gx:Image>
				<gx:Image kml:id="hosted_image_QUFqUWJSNXh0eHg5UjRnUnFBdEJlTXFzZFhLajZ4THJVWEJwSWpDVThubzFBN21CY2Jqa3V0WlpvRXBKK1FHcExra2N1b1RoQkRKWlY1b0h0VTM2eHNuRkRSbUt2Z010Z0hkZjVtKzU1OHk4QjVFWlN3ZjVCYVlDSk5UeXd5TDJBajhuRHhHQkc5dnQwT044M2VuUjFDVHZ3b2p4emdyZ1AzbEM5clpDWWxmd2M4Ty9JRTh6Vk5JOHJ6ZzdVeXVVYVlZbFh3QU9IV0hPMVRDVzFIaHVCV0NocXlPTko1eUgrRzl1dDBvZlhBSkMraCs0dDM0dGpRMHZOSGpxU1J2ZVpML0NubDQ9">
					<gx:imageUrl>https://earth.usercontent.google.com/hostedimage/e/*/4AAjQbR6gl6nUch2fGDoGIbrllK1cKyoCpCJYrbwP88lgvLvuqPlUfWAAYB-mNuSWfOkaWaLM-XdWNUmue63xuWgbt0Tk4eCouHxXPLJln2WpYvPrYDHY8EHOoeoPr0p9Itc6Rn9W4xdewSZOldm9HEX-5PBG1fg-0fCPwqJGJNoDOm4fgTjjevDWeMnaI9zuGkRte2gjTMZe5F2roKvQSSNw15toe8Zcfx-8iqBunFvTFYylZTcg_ihpWkyuU4dDEKU3xmo_LNPX5gKRs9I?authuser=0&amp;fife=s{size}</gx:imageUrl>
				</gx:Image>
			</gx:Carousel>
			<Point>
				<coordinates>-6.080597539427322,37.36709533369167,0</coordinates>
			</Point>
		</Placemark>
		<Placemark id="5DA7D88868000017">
			<name>HD-04004</name>
			<description><![CDATA[<div>Sector: 04<br></div><div>Ubicación: C. Alcázar<br></div><div>Tipo: Arqueta<br></div><div>Sección: 70mm<br></div>]]></description>
			<styleUrl>#__managed_style_020D6A1BEA410DE2EFA4</styleUrl>
			<gx:Carousel>
				<gx:Image kml:id="hosted_image_QUFqUWJSNnZzZDFkSnd6RFJrWlBxTCtmb1FlMW94MllNajNlelhRU2lrWnhoOVZYUEtaSEZEODBldThCc0xZbktjbjR2bEhHbk1URFV0OEwzRnNXMzZXQTBSa083RlJuQ21EL1BzMzRqLzF1VEJHRlUwNVJLOXVQUzZ3dThWOC9zd0pUdmtKS0VnMzc1K2tUMVpPazZqdDllL2xuemw1OUNIMFM5dnlqcWo0bUZOYXArYk4xSE1Qb2RibWJzOVJhaE5OUFkzVS9QdlY3Q2kyQUJQMkdERVFCQzBabExaUkhhT0txMFVrcXNQWDdINGNFUVdWV3JJOUpPN0lraEJkTGtnQisrVjA9_0">
					<gx:imageUrl>https://earth.usercontent.google.com/hostedimage/e/*/4AAjQbR4haOmLbbjTdAAWjofGTPwIGlCK9EVnwfnLc4EV3SzHOzSOcXkfFZhn6ttd6Uu-hMqkH7CyyryYem-I-lzRkBM4Vfs61Iz7T50UQDqOWK_KpbslMzhYbdbUH_biAdINylgD5mUGyK1Hv_RYIN9Hlc5Lm2aPsSkN_0UUsu2hEfxN6LxOmUlfPgWEZe06K-2KQeGx3D_RdiphN40SWEWIjDl2XW7Bl7DLWtPrpj7kKLN48KDsJLWFcQoD7zBjHJxA1a-1DQmZfLxrj3Y?authuser=0&amp;fife=s{size}</gx:imageUrl>
				</gx:Image>
				<gx:Image kml:id="hosted_image_QUFqUWJSN0xWSTFvcEVFY2ZHZkRBQy9JVHkwRktyNUFEMU5rbkFRTlpUUXArMEdpWjZ3VGkzUWlacHg3dytKRDlDNnphb2NuQU9CQm1wbjFOZFV5VDVldkxzTUhtbmwwcTExZTBsb3BVakxiTEgzUFR5b2xJZ05Ca1FPaVJlS2Fobk5Hb2R1QXE3dmlBVzJLOG9GMHgxcWg0U2phL01hZ3JzVlNjdlpQVzRwclB0ZXRnTXoxWmdPZCs0NHhjVWlYS0xISXRrc25BYjQ1TTRsL2M5d0tBZzBsb2hLNE5NWVBWdGNMaU13WTdsYTFWTHVGQ3paY1FiNTY3U0VPUGN1OUo2YS81M2M9">
					<gx:imageUrl>https://earth.usercontent.google.com/hostedimage/e/*/4AAjQbR74MYKQcxSIMkRWSM0b3sSGtlYlNJslvhNFg9JZ7tfK2auKj3xj1woaDOIT58I9z5mzYW4P6jjoJTJ4er7i8r9w4C0xONjq-AbKXIZ3RZQkvMDslPi-frm1ut24ibq9ucshfIba1_FD98XcHyCDvTUhUq7Oj7yN3Ov7yeEt6ULc90H0Sd-FvTsjY0zJBNIWVaRYUkOEwTgC8jtPs4YcsPLIiRgudAh0cDcw4m1qYXvhc6-zxgRQ8QGxNm2-vNn40o9-joIz5hJ3vOU?authuser=0&amp;fife=s{size}</gx:imageUrl>
				</gx:Image>
			</gx:Carousel>
			<Point>
				<coordinates>-6.078246283714242,37.36694509281175,0</coordinates>
			</Point>
		</Placemark>
		<Placemark id="0D12ECCE9440D4C49F20">
			<name>HD-04005</name>
			<description><![CDATA[<div>Sector: 04<br></div><div>Ubicación: C. Aljibe<br></div><div>Tipo: Arqueta<br></div><div>Sección: 70mm<br></div>]]></description>
			<LookAt>
				<longitude>-6.080722199999999</longitude>
				<latitude>37.36630559999999</latitude>
				<altitude>0</altitude>
				<heading>0</heading>
				<tilt>0</tilt>
				<gx:fovy>35</gx:fovy>
				<range>819.0501478186726</range>
				<altitudeMode>relativeToGround</altitudeMode>
			</LookAt>
			<styleUrl>#__managed_style_020D6A1BEA410DE2EFA4</styleUrl>
			<gx:Carousel>
				<gx:Image kml:id="hosted_image_QUFqUWJSNGJJMTk4ZHUzMENZZzhJQlVIVzFhYnc1UkxHdWdXYWhtTExyMnlrOWx1cUpac0xQSkV5d0JPZCsxYmJkY0VSMWRzdFNBYXplbG54VzdlUHUwenNFSXNjU1c4a3RXbithN01tVDYvOWxUR0pGSEJGWTJJRCtiWVNnMGZUQUV2UGZMR0x2MmgrSWU5Vlo2UjNSYUcvTlVENGQxb0VPYnF3Ni8zY3JLM3UyaGNqTDcrQURLR1pqMW9mYldMZmJyaWN1eE5QeU1ObjArQXZVRE1YTGVxM09hQjNrVklRNytidENuUHp4VHQycWNoS29qdWt0SDdEZ3FEOUlkTlE2STlmams9_0">
					<gx:imageUrl>https://earth.usercontent.google.com/hostedimage/e/*/4AAjQbR6nwM-r_BiCvL7qNAZt9J1MFMm6d-F6-XTLyE6WCwzlXtHqoxMs-GZIpvjjAvug9co-LgyxfbHYtCXFn0XjNnMeDYJeqclWKtmbNQRTDTHRNPY5PKvgdbZu6EOWcyq1PNws_hbprrmkCPMTPBqBiVmtMo4eXEv69T9qEro1MgCxcVQR7zdsy067QjuLrphtHHLsaW6ICEe9GAvPFzcj89DyrKjHG9cSFvlOaIuJ1if941-TOs7L2HdCa423u1aqQCeFqitTUwkccOE?authuser=0&amp;fife=s{size}</gx:imageUrl>
				</gx:Image>
				<gx:Image kml:id="hosted_image_QUFqUWJSN2gxSTQvTTdsNXVTb3VIOTcyaDZUYkpKQUV1SU9HeGV3WmhYL3VTTklENUdFWnB2dCtXdkpiZitRV0c2NE9wZlBJc2xyUG8rOVlDN2NTcmlOQ1QzeXN1WFhBTUUyQ0FmT2RMckMycm1naG12MThGWTQxRi9XbVdqQW1pMktjVlU5QlRCdEVNbS9BWlIvdEhlWjhmV05xV2lDWDVxamhXSlNPV1g5YjBEWmJBS3Y3d3RmcDV0Ty9BdVNidDZkVFlaeTM0bGhiZkRpbVRGSmllb1c0R1ZndHFlMzVtOEh6UkR3MlFDMkNmUkJMV2xYekxUSVpiOVV4YytOUlQ5OWRLYWM9">
					<gx:imageUrl>https://earth.usercontent.google.com/hostedimage/e/*/4AAjQbR4QB7Qth_Y50kCUqSaXJOhHO0HRRfj_ydfNqglwIFYJOxm1amzE8n1r_nGXEEqmiqaVLi9H3QK9OH5qElDKYQ1bF2Ooqo_dxMdmkheN23mANUeGSc21Kmsrs_WWfhCKU_5JKg52-em2NRRFVoC5jw0ILqLmLc68s3JtNyVmjSCciXXkkVLl4Uh7SNqjMq9thvmjw4ywJfNB0pQHIuQfqbGV_mgZRirtRPIiEjR9lNqdgqaPA2OEk9e0FvwaNYs8z-iq3ny9MlXQYGM?authuser=0&amp;fife=s{size}</gx:imageUrl>
				</gx:Image>
			</gx:Carousel>
			<Point>
				<extrude>1</extrude>
				<coordinates>-6.080722199999999,37.3663056,0</coordinates>
			</Point>
		</Placemark>
		<Placemark id="5DA7D88868000019">
			<name>HD-04006</name>
			<description><![CDATA[<div>Sector: 04<br></div><div>Ubicación: C. Alcaicería con C. Albaicín<br></div><div>Tipo: Arqueta<br></div><div>Sección: 70mm<br></div>]]></description>
			<styleUrl>#__managed_style_020D6A1BEA410DE2EFA4</styleUrl>
			<gx:Carousel>
				<gx:Image kml:id="hosted_image_QUFqUWJSNmRmL3F3aDJ2bXpPK1NUMS9nTndnSm9ELzZzdVh4N2ppM3ZVa0VQNTlhWFB1WWt5MHU1a2VleWV0ZVhsS3VxZUVaWUVkdnB4dDQ4NjBnVDl3Z2NMUno4aFpmSlNaQmdSb1N5aC81UC95M3BrdnN1UlU1TmU1S0dwM0s3ZXBPUFJqYmQvM3N4cTBqNktYUVFuMjBXRmFkTWJWSWhBeUQrVWN4a292OU91KzJraUkya2RHa21pZUR5ZVdyaXd0U3J5QTRRczllR294K1g0VmdFSFRkcEtlNVFQUURqbGduRWRuTFBkcDZHelM3a0NlRzBNNHRQMlV1V0hlRWNPWXdQWEk9_0">
					<gx:imageUrl>https://earth.usercontent.google.com/hostedimage/e/*/4AAjQbR6XvJgCwiQN6SW3QkKRQ1AQzJg_gR4SEbRkOFUSVkZhpZCOUKKp0fL3u2Tdczgr59RMqzs47c-HaTmFHLe30cz-RLbFXl1ji_BBuQgQHMsDEBix15qu-3P0Fl4L5kNpZnk4vWHfaATPM4N0pH2oi_YsIAFhkLx5ATwdmKhYvbuuAzGJ390abl98Xac5xOiNxZXcBH7Q06VbqIljU-QE8UESX-o1sw6aCZSk1Yw3ZGjkHRr2tJl_9n3d6qtPZvikDsZUNipWuoY2qxQ?authuser=0&amp;fife=s{size}</gx:imageUrl>
				</gx:Image>
				<gx:Image kml:id="hosted_image_QUFqUWJSN3krRjZ1T0ZJMGYvZnkwU1J4a1BpMGRuM3V2NVFYTjVaQjVMQzFjL3hQTEJpVkI3NFlySEZpUEQ0bTQxQnBuTDYrckI1a3hJazBxRHF4akF3Z1BSOU1lWVJlK0Z4TFNCUytpNXBVUHh2WGtNYk9vYjlPY0hOOTRGaUJWdGVTMnYrcjRlNVZoMlQvWTlhMHdIcm5xeVFadzBPZXE2NVNDY2ZpeHRURm9pKzV0Nmh0SHdhc0hxQWlKV3YyYVByTk1pRVJHUndtRzBpZzhVWGErTFNiSmZuNWRhMDJsM1JaejJFV21wbWd3dXhlbFpkdkdJT1k4QktUdndpdzFuTXVvdkk9">
					<gx:imageUrl>https://earth.usercontent.google.com/hostedimage/e/*/4AAjQbR4tLSbEmJ9vEx6y9iODoWyQ-YEhE_M8-IW0E1OYhbpP1PyW3FhWSE24_fFRJzeQFUmuPIVa6DOJ8OVUo2gDEarkQ4msWUYDzIihPcoAJc4quKc9KWmgwy5XJTy8nypW-fmo3yH3j0UybpSI4pdrw5z-3gXFFdBq8vcQ47O3gkH9ZU67YHjX9CEkWP9cFwMBUzZ0J2kceyWE2OLy4TnFdqhOOt1U3IZFNQswVNSCGHSFVokbRX3XSeZpmC2ZHMJyR2SxoPAbHwSSGlA?authuser=0&amp;fife=s{size}</gx:imageUrl>
				</gx:Image>
			</gx:Carousel>
			<Point>
				<coordinates>-6.078265757835339,37.36580337729517,0</coordinates>
			</Point>
		</Placemark>
		<Placemark id="5DA7D8886800001A">
			<name>HD-04007</name>
			<description><![CDATA[<div>Sector: 04<br></div><div>Ubicación: C. Paraje de Paterna<br></div><div>Tipo: Arqueta<br></div><div>Sección: 70mm<br></div>]]></description>
			<styleUrl>#__managed_style_020D6A1BEA410DE2EFA4</styleUrl>
			<gx:Carousel>
				<gx:Image kml:id="hosted_image_QUFqUWJSNmN1OTRRZXAyVnNKTmJZTHN3NHpjeDJGV2xBZVNrWENWZUxQMkZIRGYyUmZTYk9OMEJTZlJnam11bXBGNklvZVdsRktOalRpYlJNSk5SZEd2VGM4RExkVzZDTnpwMDhHNk1mY1BCUWwvdlcrZWRuRnBBREFrb3FqeVNZR01DeXlDVzd5dm5QL1lrQVFpejNEU2lpQ2VMbFU2NW5JdFU4TUh5K3BHR2FtSm5OWC90NzJjelhBRlNPNjNodG1TTnNCKzNSV1FmYWZtQjZ2b1A2ZWhRdFcwWEJLVktoMktveTIrSlR4akVldHdLU0tqQm9rSllaRnZ0eU95TEUxdUcwYUU9_0">
					<gx:imageUrl>https://earth.usercontent.google.com/hostedimage/e/*/4AAjQbR4Zl8fKT83-J5IAj9x58JtHjP2Xh9cTpXZb8gAI8uZX9CPgLvJol3uN6EmK0i1Tx6432ixDovHQgEP0dyXYvj39F4xpWy7-WWsVsAlcIFs9irLjn7qm6uw6wW_z264Nw3ZxRJh_fwZmYI1nYacVHfIxydWFdoAwsxMGkj_j8EvBjDRKD7Alqss3hDs9LneqCJOtpjinj6edS69K2g8Oy_vVjZCEIlqGR2NB0PpoATB0bHQ9gb80LXdo3YAdZ0-7-eUYJejVJHR8GhA?authuser=0&amp;fife=s{size}</gx:imageUrl>
				</gx:Image>
				<gx:Image kml:id="hosted_image_QUFqUWJSNU5iV2F4cEtTWFlpTFU5ZVpHR2tvSHJ5R1h0RThtOEJ4WVpWb0Zxc25DWXNNeUFOekg4S0JvQlFlVTIyZndkZjIrRzFqaEJ3WlFyY1NWZ3VCekV2Zk1kY1h1bnpNdFRaMy9xTDlQRms5VVpOVTQzVVRvVHlGVlh2TnMrS0hXbktreGdobGo5anNibTBlMVByelkxdWFxME01bitlZ3AyVHIzUDdtMFFzeWdLVlJEenhSN2lDdWVzS1F2eER3bGJoUGVwQmZIaGZoSHUvMDBlTFZVV1Uwc1NMUHBERXl1cUovV3YxL1lCd0VRendFVEprNllDNDRYaDNIN0RORGl6L2M9">
					<gx:imageUrl>https://earth.usercontent.google.com/hostedimage/e/*/4AAjQbR7iqYISPDPpM10esVRq9HSmfffKfsXgYHvT0o7ubh6KQayKLtb7w_khmouycWhrOSSKH-IQ6e5AjlknizSqtDoPCkQ12BvqczTOojCqrW0EjgOwnnJM9lyP00dbv0I6WJztw0LGozy7obih3XDZXxvL85UJCFG-3sUJwFOfkQCXmWX9CV2ZcFL05b1RsjxnWLPsIAZW3C3PIUk5iuKJwL3gEAx9pejxUn5eADmnRTj94W3A6nJQ72_oZ4bN7xbWi5tg2JOzPpdv7vw?authuser=0&amp;fife=s{size}</gx:imageUrl>
				</gx:Image>
			</gx:Carousel>
			<Point>
				<coordinates>-6.076780658443996,37.36579663725845,0</coordinates>
			</Point>
		</Placemark>
		<Placemark id="5DA7D8886800001B">
			<name>HD-04008</name>
			<description><![CDATA[<div>Sector: 04<br></div><div>Ubicación: Av. Nuestra Señora de los Dolores<br></div><div>Tipo: Arqueta<br></div><div>Sección: 70mm<br></div>]]></description>
			<styleUrl>#__managed_style_020D6A1BEA410DE2EFA4</styleUrl>
			<gx:Carousel>
				<gx:Image kml:id="hosted_image_QUFqUWJSNXBhS3gwSlVNWkI2LzJrQ1RLUkhCM0cxTjVTRVFtTVBSY0VkaWxvcythZ3lPblJvQlc0a09iTDRqeEprOHAwdDJ0dk1uS0FnOXF5eHdpUDFvZ2ljUWJwb1FYODAvWFBJVS9BcURpZmo5SjNnYmVWWXZVSTJMbEE4ZWJiVFRyQXVBNk90NEZ4c1Y1OGUxa29YMHdabEI4QnBRbC9ZcTNFOWlMbWErNkUyeFZrSlE3VXJncFc4YjFDMDl1b2FFdVdINTNyUlJFVmpyRDFWaGVrUGxBeTAzU2NoK0llaXR2cU0xZjhRNEVzNStOT1A5ZHVkQ2tCRXdTMWp1QTdseVhMY0E9_0">
					<gx:imageUrl>https://earth.usercontent.google.com/hostedimage/e/*/4AAjQbR51Tmwy5UYr5ewKisO-rvVlwiGvK2hYSDVL2R5baVaG_3V1Ou8JAvmH77s-72_qcibafEAEkSK0eQZsR9_vLp9TG-rcpYwadTSE4zV87AW43QgRcuHGfs5ac0e6eDaNpsOroCmSQSip5JytONXaXTtGlpNimKt9rbWB8fZnJO9aFABwmv01wrzJduR82341lN9wVYiZkGPHvRAJlI9GUhpw4U8uAgQsUxhHewbrt2mLPQmSc-u6XjN-u2JjlCuq18r2sTY38DSkUgk?authuser=0&amp;fife=s{size}</gx:imageUrl>
				</gx:Image>
				<gx:Image kml:id="hosted_image_QUFqUWJSNThGMk8vMU5qQVRKbE5TeWR5TiswZHZMZFRCWFRreWtsZ3VmeE5Ed0xIZVh4ZWRSNU9UVlJCdmd1NFlsV3A0NnlnVVBXZGFFU0kxNW9Jbm5Wb1Fva3lBMytVZkNNY2FiWmlBanA1aW5jMWsxKzdBem5KQ3k2SUdwS2dMTVRVNklYRExaeStQZG0wN2UzWjBEUmQ4V001bmhjZjBlMXd4QzIwRFJoaW1qZWJBQ2s1T0FQQ1lJNWZ5bWVVRmkvMEt2Z24zYk41WTR1QWZ0UzRucktvMWZ1bGJBV0FmUzNhdWYyVEZySEtUYU9lV0FxNmhBWEpYK1lOa1BGVjhZaVBBZEE9">
					<gx:imageUrl>https://earth.usercontent.google.com/hostedimage/e/*/4AAjQbR53YG4OOLVleRI8DkbXlvefRw9pckHRRarjt-IAeKw5SC7Lqs4n7iDVH90IX9RbQNuqrk-GzI3as78Dt2_dL1A5ujwoWX2XZjJs5db9YHWD-22yvIHhhQuTUkYhvsO6o5VTZ1-3MHfNV_aLkVoDlRRlbTIFYzKUMAUu5tSc-3JTWTwK6-fSY8HauZ4u1SAI7vDz1mPpbRIVbd1uBLGOePf5xeQ3rQOylQrV8P0qewO4FSN7KeUk0fw-2u9JEg6oFDfkBG2HXRN5rAM?authuser=0&amp;fife=s{size}</gx:imageUrl>
				</gx:Image>
			</gx:Carousel>
			<Point>
				<coordinates>-6.077266529252957,37.36462561957991,0</coordinates>
			</Point>
		</Placemark>
		<Placemark id="5DA7D8886800001C">
			<name>HD-05001</name>
			<description><![CDATA[<div>Sector: 05<br></div><div>Ubicación: C. Manuel Blasco de Nebra<br></div><div>Tipo: Arqueta<br></div><div>Sección: 70mm<br></div>]]></description>
			<styleUrl>#__managed_style_020D6A1BEA410DE2EFA4</styleUrl>
			<gx:Carousel>
				<gx:Image kml:id="hosted_image_QUFqUWJSN2pIZU5QSjFod01nRWY0S0kxeVdWcGtpbk9LdCtMc0VvK1dUUy9zeGJ0REhkSUc0U3hUUmh6T25oSHFtVEdCeDlOV2JZTmo3Nlc2eTlkNVN6OXYzejk2bmlpOFhBOTF4TU9xeVphOW9wc0JoaUxLMDRSN0lGMXlkTStSbzlLSGZMbmdHZ1lrUFMwOTBodEhMMlI4emgwSk1FdXZtZWZYeExKaVBtUW91YndXMkpUODZZTksxdVJzUXJFT1hiNnREdDYxS2pPUzBGVWk3dkhncSs5Z01KZDVDYUw0ZmJRT1BVb0NZTmlVVm51MHl4OCsyM0x2OWF0RnMySDFJYXVxWnc9_0">
					<gx:imageUrl>https://earth.usercontent.google.com/hostedimage/e/*/4AAjQbR6hq07sQCAhJYIWKNAaQP9oFQ8gK7R9HyjH6HAVvE5Kev3G5fuxBv4nvofRUEON-QBCnZr61RVZD6EMVRbygd5eJkoFgzSXsnd1T9s0O2uXk2oKwCC7myVOiWX0tpqNDuqg4dUZBynZf7OswfhgTAx-wPS1GHwmvpdosUAwm0eaBLSgSynp38oRX862WyLRBO9k5x4veVoYd96SzAPjoO_p4QBSsuhA1YP2EZ6SqSPIsx1ZwwJQ3cC93Uzkx-YgfDkkpf_uXlDssjA?authuser=0&amp;fife=s{size}</gx:imageUrl>
				</gx:Image>
				<gx:Image kml:id="hosted_image_QUFqUWJSNHlqS0huNFJtc0RUUzMrQTVONlRlREQ2YlpMd3llcmxyUlMzd0daMFZKRmtKVi9YUFlIUmxWbDlrNjkyMFIxMm1uN0U0SkdlTlozVDBqQ1hPc2dmalFpWXZNUmlrOFc1R25Sa2tMUGtWbTU4d3pLUVdncG11RWFwS0tRaW0rRWI2ajAwTVhuUkRwZ25iUXByQTg5N1Bxa09jNUpMc1NLdnBIZTFQVHYydVF3UUliTEZlQkRmMzJKb0tXUk0xTk4xR3Nwbk1LZ3NtMCtweTBmdEw5RlBkU3E4SFVUNGp2THk1b0tnQzV2eWxGenRyU0phS1ZnMW93ZVdmR0tGU3B4dUE9">
					<gx:imageUrl>https://earth.usercontent.google.com/hostedimage/e/*/4AAjQbR5cWKfF3kBQRE9E3LRTc-QUd4fnPAX5difV9vlTePfKCfWu2zeuQkOm4dBxhzb5bBzggUF7fMu1OGw0TS5v9_KkChSp_vyWP7S1fNkt5ixo4-EHAidS4cPypO_4Pa6wIKd98Xg-5pqKPAalQnMZ-VQg7pnKGN2zw44TN_XythDMGJC3JYoD7AL0Ymnmpf6dKqhBVW6azfISUOo8gVp9kwCzL9VE5ThKh_sTwV3iUMARf0INvHd2oyVe6IM_EYnyQBeyrzO2LOW1iyw?authuser=0&amp;fife=s{size}</gx:imageUrl>
				</gx:Image>
			</gx:Carousel>
			<Point>
				<coordinates>-6.080182921415988,37.36309619369163,0</coordinates>
			</Point>
		</Placemark>
		<Placemark id="5DA7D8886800001D">
			<name>HD-05002</name>
			<description><![CDATA[<div>Sector: 05<br></div><div>Ubicación: C. Concejal Francisco Javier Ruiz Librero<br></div><div>Tipo: Arqueta<br></div><div>Sección: 70mm<br></div>]]></description>
			<styleUrl>#__managed_style_020D6A1BEA410DE2EFA4</styleUrl>
			<gx:Carousel>
				<gx:Image kml:id="hosted_image_QUFqUWJSN3pTR1BSdUtiKzRHYWdESTNwTjJpRFB5Uy9oNktLa3grRFJRYTVMaFh5NWpiNW5vTmdxSk9jVnFwZ1cwOUJCekZ4eEhXSFRtSFRHSnBoMWR3QzR0L2t4WHU3ZGJtcGVZRWZ6VjVRbm9tdnlFd0Q3amIyWjBpcitBTFpVcXRBalozdDY1RzA0Z29HcS9JV094ZDBBenVnRGp4cE9lQTd3Szk4OVR5UzJVbGxkcVNyNmlER2hFcEpRc2lQMzYvRjhrbmZHVElzcGlRcExwK0JZdzN2SWZPWURpdjlmN1AxSHRaYkVTcmxLR2hHZXVLTmdWSSt2amFjS0dQWDZsdkRxaGs9_0">
					<gx:imageUrl>https://earth.usercontent.google.com/hostedimage/e/*/4AAjQbR7H6TzyHfw51yEXBmBlGoHN75Bq_BVhZAsFghcfMJvXo2EfjXPXZKdN83wBJPFcEnXySFKX3q0n-tqQE4VfHj4wVQiBejoIWMNHZG-lfQp4vpyV3a0S7-53CDP_3hkrjJufHrlUH3vG8f1q9vmr37kJngLii7FGZ2dHU7ndgbwkLfX9vtXa9OCG-XuYi2KNyEfnhJQ4OACHQoyp9yaSmzkYZPfo_ow9kIEMHUQ3sNma7kNHuoIeAEi8UjnkVtjM0CTyg35mVdGMEXI?authuser=0&amp;fife=s{size}</gx:imageUrl>
				</gx:Image>
				<gx:Image kml:id="hosted_image_QUFqUWJSNlZ0aWFyTnJ0YnVCRXRZQmRwWXhXTk9GZk5JM1FnSEJSMjR0Ui9JcWE0ZWVmZjdFSUNVZkQ4NnJ6czNiVjRRakZ1Ty95VkFJMVVEMWNFVTNiUVhETGZ4TWpVeWdXeTZSWUJtbnlUTERQWlFWVWlLUjVCZURNbEFwTldpSlBkeWhKNkMwMUpjSjdldHlGdTNkek5od1IrR3NPQ2hZVjRORUNFb0t3bjhzT0N3NHgrVjFLNUNpYVQyRTNQVUxJQTJ0eklZRnBhTHFHcVRVdStZeXFRWWZsQU1oa0JmVjh1dHZtNEc0WHlxeDhXaWhUczVuTERxNlJNTW15a2xocW5Id3M9">
					<gx:imageUrl>https://earth.usercontent.google.com/hostedimage/e/*/4AAjQbR7iYMCSg0iXLXVGFU13mIeOvfhQxbToRr_eXjhRrhIdjlPOhhHJOPp0qvBz9lyAJ8nvFB5kYBmZ2h_XQV4-EpRd9--Jv8rcv5GnNgqhQ2nflTkkC_AqoyQdj5HF36D4PCtOLPVlXMcyKnVcGmxHYJ0O-jZ5lLuyqJBbaFQ3PkRr-SA8c6odcQHvCAe5DPbFALGuy20kp8FPhdC7xBEeSbd3MeaZkZpkrlyskMfDvDvXOsV0UOaqAejBMNQJVqsXmGIVKHSllm32gB0?authuser=0&amp;fife=s{size}</gx:imageUrl>
				</gx:Image>
			</gx:Carousel>
			<Point>
				<coordinates>-6.080054660545573,37.36185351950651,0</coordinates>
			</Point>
		</Placemark>
		<Placemark id="5DA7D8886800001E">
			<name>HD-05003</name>
			<description><![CDATA[<div>Sector: 05<br></div><div>Ubicación: "Los Gatos"<br></div><div>Tipo: Arqueta<br></div><div>Sección: 70mm<br></div>]]></description>
			<styleUrl>#__managed_style_020D6A1BEA410DE2EFA4</styleUrl>
			<gx:Carousel>
				<gx:Image kml:id="hosted_image_QUFqUWJSNUFmbStUZlFJdHg5aml0QWRZODZqQ21wZ21jUUNNL1lpZzVrby9BWmNUaUV5YldHL1A0cjdRaVZ3UkVScnB5RkpuVFFOOUZlNmRna2VSM0w2QXFRNUhXUXJoUG1zQ1MzenF0YWRGcW9LdERaUjVoSVgzQ1dxa2VDVGhBNlAxZGJabGdGQStwMDhCcTJtaHRnTzIvRFh1VlRxdFBRM1J2enpmZHdISFNSaVFDWUR3MExXK2RuZjFydUZWQ3FFZ3dlY3lVcHRSVjNXTFpEUnorNnlZdi9YUllRalppUTJtVkFTUXZnRUhCVlowWUt2UStiMjl6SVFxYThwQnM3R0g2ZzA9_0">
					<gx:imageUrl>https://earth.usercontent.google.com/hostedimage/e/*/4AAjQbR6NJP5Dt8aUf101nhYqwk32f7f-K2mmQ-fA4DicN1rjJvTwn8ibO_Z7p2l6aS5hEnbbLQSv0CeV-klNKm2-vti23hmQ8b7BgsWWRa0fT3stPk-uPsLkkvkdljPOGh-0WzEeFSjfQBmJud0BzWFuM0r8WvBELNFY9FYmnzqQqwOM_cLy1kQUk5Mawm3Av7SEk4qMWo4PgKcDe6LNVB4uKfwVhv_SklqgzB11jwEsG8q9p23GB5yDXsqj_44C2761O0e6ujTtw8mCR7Y?authuser=0&amp;fife=s{size}</gx:imageUrl>
				</gx:Image>
				<gx:Image kml:id="hosted_image_QUFqUWJSNlBCWWE5bnlyL28xTTFKSEU0ZHA0MjRQZmgwM3FBL3JCb2YzTWF3dnc1Z0VhejJqL2QzenhueElpbFFaWldnQ0dsYXBJbUk5eXRSZ0VjcW1wc1pDWnpqNmxvYUpKSG9PZU03SE80dVQ5M2c1aEk0MjJqaDlnWFp4NFJsRUplOU10SGZsdWtqbjVrOWtJbmRaRTJ3Rjk5Qkw5R1hkMWhXbFFLbmtOclNseGkzVDhFZmljRWh0MEVjeVpSRXVnbzNKc085QXRVdzVDSkRSVTNJOHFNaEdjYWpRU0h4dGRDOTN1eFN2aUdRb0xTbGRJSy8zNHl3YjljWnZUQUVxY2JJaUU9">
					<gx:imageUrl>https://earth.usercontent.google.com/hostedimage/e/*/4AAjQbR6k5EMz3n8yNBXM6f_imSZr3-o3t-FEOsc47Ve6AX5ufBRt6eJnSezPa5oXrPQRy9hMtFgOUO-M34TaB-qVspN70XMZ1fWZh1SwcslN7-D6NjZpx6EiRXCYg9FtWjNojcV5ngQa4iqK7Y1WszsZahUBkwoF9mYrMpdqMJ3WF1RHYwZQIsiDe9PtshI5rzh_mWgo3RIZcpF2Uj3YpTYf-V1-aZT-eWtBRy8K77A2pw8ZzGG_vSt7mV_GevMc-XdwDbUBdlzDlr0xV-I?authuser=0&amp;fife=s{size}</gx:imageUrl>
				</gx:Image>
			</gx:Carousel>
			<Point>
				<coordinates>-6.077107913290397,37.36079145163653,0</coordinates>
			</Point>
		</Placemark>
		<Placemark id="5DA7D8886800001F">
			<name>HD-05004</name>
			<description><![CDATA[<div>Sector: 05<br></div><div>Ubicación: C. Concejal Francisco Javier Ruiz Librero<br></div><div>Tipo: Arqueta<br></div><div>Sección: 70mm<br></div>]]></description>
			<styleUrl>#__managed_style_020D6A1BEA410DE2EFA4</styleUrl>
			<gx:Carousel>
				<gx:Image kml:id="hosted_image_QUFqUWJSNjM1NTN3L1hjMTdyY2VzLzI2aFA0dnN1T295RXMvYlFhQ01ZY0tlbkRkVmNyQk0yNDllRjN5dU5xTU5UT2pGRWxPelpkUTVGbVcyUHI3SS94N1ZMbUpqZmpwZUN2dXo3eXBLOTdzMFA3TURRbUNsRlNIUzRwalEwd1drSStmM2dRYldLdUlRT0pJczhPejQwdFpMeXBuaVdrVm0xSm5MSDRrcHJLTXRVTGpjN3FWczg5b3ZPc01FNS9ORzREcnVIZ1N6dFVHa3VzcGo1R0t3dTJNYi8xM0NEZXZjUXY5MmpnYkZXQS9ZejNsV1IvMWJiVDljZXY3QUtzOEttSEdTcVE9_0">
					<gx:imageUrl>https://earth.usercontent.google.com/hostedimage/e/*/4AAjQbR5BXGNY36KzwyaGvT5fUyzv3eNcnJiDYyDm3IwUn0GqHe4MnhkXFRmJDnkn9fXPs52eIITg9rP-KXeBS_MOpM77U6aUtxJGAGKTePVIhmHZyfnWj8nD6Nn0QwzH-KupKLqbpLuu2E8ZhI6pLfC5ejx_iWxfP9DzpnnKWsua5BsrMnfTELYKVmdt6l6PlTLhTp2MNdV2ciGz54K2fynz2NAOQwST4HGo4TsI4X1EuWMide3Zn75dThUxx7K6JAFxOO12IW1A8X5qrvo?authuser=0&amp;fife=s{size}</gx:imageUrl>
				</gx:Image>
				<gx:Image kml:id="hosted_image_QUFqUWJSNTNaa0drS1pxbENDamErRk5xNFltWDlXVTB2eGFHVTBCNDd1eHBhVUVpLy9yTEdvbkNqOC9tUzdvZTVrN3oxenRCYXNrM0ZpNEpBSDlOaWY5Sm5xVEcwREZhTHZZdzkxMEhHY1NXSDlWS2pQcW45OUlyNWZYWnRlQ2Z4QUx3M05GaUJUYXFiOTdlZHdwZW1TSGVISTBrRDRxZHE0Vlk0eEhwaFNCREdkLzZhWDgrN3JrU3ZDVHlRdGx4Smk2dFFXZmhUcitrQ3lTL1FtZXlvWld6UGZBWU00MFZQNnRKVG1ndkRtNW9ZaDA3aDk1bmhSS3hTdW1uODNCWk1XR2p2aEk9">
					<gx:imageUrl>https://earth.usercontent.google.com/hostedimage/e/*/4AAjQbR4YWKHZpyvI2G5WrHDapgbwWBmI_wuS1wx9sKw5uUYXLA3uhiq6EBUDoL206tlJM9i2D9vMk4vkWrb5iqxr2sy4j3cPb4F2J57xGqQnZm7xx3kavk9k9WcUCPPCUvjA7Xzus3IRnwdkG3gZMI0EF-blaI01L1N1RCvO6SFezs4IE3raOxONQHbBZDXu6UiFBUDY25ouOgE6zXW154dtXNTEdyk0aiFd23mdbrrQthPazG1G99-I7qBGHqqqIeO3l3rY87ogDfjNDyo?authuser=0&amp;fife=s{size}</gx:imageUrl>
				</gx:Image>
			</gx:Carousel>
			<Point>
				<coordinates>-6.078888240054728,37.36070636521524,0</coordinates>
			</Point>
		</Placemark>
		<Placemark id="5DA7D88868000020">
			<name>HD-06001</name>
			<description><![CDATA[<div>Sector: 06<br></div><div>Ubicación: C. 3 de Abril<br></div><div>Tipo: Arqueta<br></div><div>Sección: 70mm<br></div>]]></description>
			<styleUrl>#__managed_style_020D6A1BEA410DE2EFA4</styleUrl>
			<gx:Carousel>
				<gx:Image kml:id="hosted_image_QUFqUWJSNFBZNTFxWUZuNTFhLzd2NURobjFTTTBYZHBtV3FBbkpqNnRLekk0eU42S0VmSld1SXYvcUErbCtWUnNvdFJIMWVxTTMyaFBmeXkydC9XQXFqOWJMNUd0M3J1dGtjVGEra3pGZ0ZQQnRVdUlsOUd6bXArUmhwLzJBbTU3Y0dweElPaFBWbDZ3YVd4aDFsY0JZV2w2U3ZDVHdkT2NxZDV4RGlaTk5XT2orMG5TVGE2Tkg2Y09QdFNTWFZJRDRLZ2JyandobTYyRDVCSFRPdDMxMWEvVTNFakRZTjdwVzF0QTdCNFNwb3dXUHNqYTBoV0R3MDRQWUZqUTg1dUI0SkRQck09_0">
					<gx:imageUrl>https://earth.usercontent.google.com/hostedimage/e/*/4AAjQbR5V9WkTmy9WKfPrT0Q7KZS8R7KmYoNLP2JP5p4G_HdCu3_jKVVm-kNYnDRArq6vgIzdNKfr6b4_57FxrVM7HwMh2gyVM0lsU2IUVEvPUbyazAH8KmpuL-2_mmhsvrBwC4CvZQksUfLm4jKIRj2Xb2atU3Y1QJL3oXvl8fIrHfsISXuxQwVfsHM9jnbuyNCoN1WVW8wwGa5qygGjby2T7ywsskvi6YxZBpXVpWkn7bOzSCgNOFh8U45xc9svKTb5vM0kn13dKb5NRpY?authuser=0&amp;fife=s{size}</gx:imageUrl>
				</gx:Image>
				<gx:Image kml:id="hosted_image_QUFqUWJSNlhscmxqaUxKbnVOUzU3cWJxRlY5T2c5N0hadWFNOXBLTTl6VVAwSFliSmNvdGUvREV0OG80TjdhQS9McmhGUnRJazRHOElYUjRMT1VLc2RjVkdOM29QVGlKL2tCNWthSnB4RjQ0NHltZzRzRmd1aWQzNTlSWWVKZXc5UGwxR2QvWmJrYlJyVGZXRnRWeXFnSCtEY2h0dkJVNGMwcG5rZDdrN3JKcW1mandUdExFTTUzQ05jRTZ5SUZPWjEvK05FU1h4aERyelpqWnhtTHpTek92VFd3cHJPOXUyNGlKb0kxNzBNeVdsUnpPVHJEVmpJeGJJdllEaEJ5RzJHd0RLNDQ9">
					<gx:imageUrl>https://earth.usercontent.google.com/hostedimage/e/*/4AAjQbR76PbHtiiVevwN2zog38eYKqJ3844Qu1tI7BD0txH6fkTj6hwpWZggS12DyAzz9kg9gr4qDVwUBaivTV7jSitYO9lHpKgLZsH3OeMBrmyrdVfTzUDXn9SXnf_hLYQOPzYzwRJg2SNRunqHeAY7nN8HM2jp2z9bpmkmaHtP6ILeeI5wLpeGRMb3i0p9R96PRAAyN1BheCpEqJy8H6TgGm0Y-v-3KfkU3c_ma06Rg-cNls59DQw9cDf4ycIzRBXLmHeIS8D6DkXfF0AA?authuser=0&amp;fife=s{size}</gx:imageUrl>
				</gx:Image>
			</gx:Carousel>
			<Point>
				<coordinates>-6.076139064999403,37.36478080950391,0</coordinates>
			</Point>
		</Placemark>
		<Placemark id="5DA7D88868000021">
			<name>HD-06002</name>
			<description><![CDATA[<div>Sector: 06<br></div><div>Ubicación: Av. Nuestra Señora de los Dolores con C. de la Justicia<br></div><div>Tipo: Arqueta<br></div><div>Sección: 70mm<br></div>]]></description>
			<styleUrl>#__managed_style_020D6A1BEA410DE2EFA4</styleUrl>
			<gx:Carousel>
				<gx:Image kml:id="hosted_image_QUFqUWJSN1N5bGVFdnNpWndYWWYxY3hHZGcvekRHemc2b0NkODEySDk1dmNvRmxEcldzM1hGeGJBVW0yQnIwbVRBSTRleXdHa01jZzRiUlEwZDJVMFJJYUh5ckNyWlBBTzEwUEtNQnhnZFV6SFRpcEErWWNRaEJudWtDM2NBcFFHN2VLL2lOcWpZTHFvTUR0Q0VMTUJoVVpkamRQMVUxZFhoT3N0amJVaDFoYmx1bXZMTncxSU1ESS9LbDNsWEdQR3BMMXEwdUdkUWNURHhaZ3U1KzkrWjA5NkZxWklOWmN4cVFCM2NlQVlCbFMwQURnOFU1bXN1Q3FmbE9JOURqbDJGU01JUEE9_0">
					<gx:imageUrl>https://earth.usercontent.google.com/hostedimage/e/*/4AAjQbR4XEyJuqmBMCza3qEQj347FLrf_rnNenjuNzI-rRiMV2gjnUcaugaDQD_s8K_xeeTvvFtcShl3pciPAlS8rQRCvNksY45Wzhr3fNQV7r1N1Ow9BPS5V4JTU4ytMndSFO6DLCmWRGP5E8_Ogb7xg3koOukZsB8hdD-FqtN99kOnED2_9RUa1j1d8W9cklV-hPVJIBIzT1e0zniOJBJ8Tyz5SFIpqfyLZq8wCJwkzNvP2M6RPKL1Em4BgliNcZOfw5DqaHqqLVMRUFLQ?authuser=0&amp;fife=s{size}</gx:imageUrl>
				</gx:Image>
				<gx:Image kml:id="hosted_image_QUFqUWJSNSt1V0dRMlVNT0pPU20yVWRydU9OVVNCdW9QYmNqeEFxaUJha3hkOHhoREo4cnhCQXAxbkQ3dUNoeGJQcWkycmU3dVB5OVZyUnMxMlMrOTBzNUpQY1dvblJaVWtnOFliMmxCNU8xWFpGVll2OWZ2UXBDVGZIRjIrdklOOTdLQ2oyZDVBdE4rYmN2NUxjV3d5WHBQYURXOFU0MFllWkIwaWxaYm1HK1dyeE55cG8ydzZBQkVhWjlDTllBZU9kTUZlb3REMkZ4VXJlUkpuL2dzWGVSQlNkNWdOMmpRRnNOTVZ3bDZNd1VKdUtkUmIyMXFXY1RoVm5xajUvbmVFYUtXbUE9">
					<gx:imageUrl>https://earth.usercontent.google.com/hostedimage/e/*/4AAjQbR7HboSIfS8Kmu4ieyo2iJRHaYbBWwjqJ-7u3AgvUQ7doZ_VTg_hSBMWOz1_jhOG5RwOGFNCIHuAMP4x_NL-SSMgPnCexuCdiKmhok3ckgLzaS7wQTzCVTw_chJ-m1Ntlc566FxYCEzZrWxdt0UofC_ePXRhcB1VGZkm85VPTPUodHx-5c08cmSYaM1S-x0ZSco6kFrh3qvD3RNZ97y9QSvYOJxZO7iwOALWSXaLRafgf6XAQAue9TmtoPINkUzIWBFC-WSPV0G2lig?authuser=0&amp;fife=s{size}</gx:imageUrl>
				</gx:Image>
			</gx:Carousel>
			<Point>
				<coordinates>-6.07739717267738,37.36438474136294,0</coordinates>
			</Point>
		</Placemark>
		<Placemark id="5DA7D88868000022">
			<name>HD-06003</name>
			<description><![CDATA[<div>Sector: 06<br></div><div>Ubicación: Av. Presidente Adolfo Suárez<br></div><div>Tipo: Arqueta<br></div><div>Sección: 70mm<br></div>]]></description>
			<styleUrl>#__managed_style_020D6A1BEA410DE2EFA4</styleUrl>
			<gx:Carousel>
				<gx:Image kml:id="hosted_image_QUFqUWJSNTVpUkIzTVRzZnBkczhFRkt5VGJEaCtvZk9acVNkcFNzbHpzbDdEVmJlZnJmcld2VGVUU24xcFJUcGpUUklLMi9scGN4WFNCK3dwRFBuV3p4UzBMdXZnZkJlOUJmTW5KTnVzdG80QWJPckRMMzYwcWtVL1I3MVR2UlVwRGxveGtqVXZFVHhhQnVBckhCK0s2eEJuS1VmMm1xS2NQK1BIUUlpWnNsemlRdFkyVXFGRGdCQXhBUUJUKy9HKzFZNS9YbFRpcmR0d0g4NitSd25iemQ3clEvVXd4RmpTRTI2Zjl4ZUwwWThqTk5HczgyOVVTNVFORSs5WEVKMldVSzIxMDA9_0">
					<gx:imageUrl>https://earth.usercontent.google.com/hostedimage/e/*/4AAjQbR7JZgH-bJ2-O_-pEC04pxzUvhbXCUdGm96b7YW0sPLx3AntbXE9c6P9nY7HboNoTj2kfLbsgLGXKXq7ZZ9b11pMhim0UO9F_LxTRLGLC2X8HclHHqAVhGDD2BkuBMpHsCNI4LjPx8J0iBZkcWldzZfoUlwE1Bq6NTRhy4bwJq7f1pBvP9ffIUeTaA8TerPtpvNYRzN1XWYGNg_wbU5VCV-nAHKoqyo-AQCuO95g2Bo-54qnGSJYbf4xjJppaQMj4oLMT6LfSkHw-iM?authuser=0&amp;fife=s{size}</gx:imageUrl>
				</gx:Image>
				<gx:Image kml:id="hosted_image_QUFqUWJSNFdoTGZadHE5Qk1UYTRMTVJIVTVHdWZHVU5kTDhIYUpOUFlLdnFUSngxYnBUREJ1ZFJydkMxOUhXWVRleElRWWQxT3g3WG9RTlRmWUtBYkFBbUd5eTc5d2REOUF6S29oWW5tT0RWMXhIZnhyL3gwRTB4eWl4QUNhTUZDVWlrY3ZsYXJVM0xadTFpQkVGK3NpODNwZ1NSMHVJMC9lM1ZuV3A0cXFHQUVCKzB2VnBWbzNQeklRUGRCVmxLRGw2Z2lEU21nMjlhbDRzNUVYaU9PSXJVb0RBOThMMDg0TnJQWTdZZXRzTS9uOEM5SmNiYmJ3K0d5Sm8wV2M3dEFkOGtybU09">
					<gx:imageUrl>https://earth.usercontent.google.com/hostedimage/e/*/4AAjQbR5wCxd-mNwD7WMDth5v3yqUznXlsb1sFRaCdgj5ZXZTz0S38bmJVNWTqlY4qIPm7byi7z6ai5aYnCVMb0P9d2cxFsk6T7RoNnHb6IXY-YD5GcXumS7jwZj4VDZraOTwQYXNdTyuMd4bkvpJxKBKxrdmdSoKVLNrAc1-MQ3t1I8goSmjkD0EVp-GwdJXwJUSlsjez8yXZmV022edfZPAvIdra3InhhXmGbPz0d1EDj5kCE_a5bn7lx4hKtgVBmYEqaQ8gOfGsgMTD54?authuser=0&amp;fife=s{size}</gx:imageUrl>
				</gx:Image>
			</gx:Carousel>
			<Point>
				<coordinates>-6.074464308780557,37.36424777733527,0</coordinates>
			</Point>
		</Placemark>
		<Placemark id="5DA7D88868000023">
			<name>HD-06004</name>
			<description><![CDATA[<div>Sector: 06<br></div><div>Ubicación: C. de la Democracia, 2<br></div><div>Tipo: Arqueta<br></div><div>Sección: 70mm<br></div>]]></description>
			<styleUrl>#__managed_style_020D6A1BEA410DE2EFA4</styleUrl>
			<gx:Carousel>
				<gx:Image kml:id="hosted_image_QUFqUWJSNDdNNkUvMmV3enlrV2xmQ2I4RnhUSm9iUTJUbUs4MGlvZ2VXNS9mNWlQRUh6eGhwdnY4dEJLdnJ5a2N3V29OaktLcXhCamk4dnV2bUlsbXY0b21sNlNCSHBoZ0Y4TUZMZnZjN3czc0o4WmJVdTBGU1kyeVBzL1YvL1JRYmg5eFo1eFJJVmM0NkR0WkZiei9RV253NTVhYThKTW15L1I5MUZ5N0kvTFhwdkFpaGxoTUJDMFlqMUYxQWZ5bmRVVFJScmU3SDFQZCtKNEh6OE5JUytNZU0wUEM5elhMY1RKTlNLU2xWOGNFSXhtWEdTNlJ5YVEvYXEvdzBlbjBkQjJPMFE9_0">
					<gx:imageUrl>https://earth.usercontent.google.com/hostedimage/e/*/4AAjQbR7mcQAubNSOQoilSlTE8Ks07YcN7dG9fOBnG813AJmFgwkZaDc7AXODllEGlEcq6Ak6qtNy6KYTxTfMt75T4_1-jsTyTnINydlDvR2E_vSE0IiKF73Md10xICL8fqmMDSlIq5g41fPN0D4aGtj-AtFCWuge2h4a8vB5rAA1xqbOpTALV3tUYczub03Rt_ekedR5ruDfP6MzF9imsf8TQkCIpdx7kMOypoicUZtuFdMzcnpeH5pfdpp71fYFgmAs-7mAdI1JM7w0o9U?authuser=0&amp;fife=s{size}</gx:imageUrl>
				</gx:Image>
				<gx:Image kml:id="hosted_image_QUFqUWJSNnE4TFo0SkJST3hWR2xwMGNLTzFuaWJaMFRSV0QrUWFiemhrdUdlRm5sSC96Y0N2cWZQc0NtRWY0MjBuRlc0c0FFelZzSDBiREJKOTBsaExHRXg1QitPNEF4cW01NldxTXk2c1pWa1RJOURQQXlwSWtFc2NpK0pQUzFPSkRlZmxxSjlaekJtZ2k3dExxRHk0YzJGQnlaNWlKakNnbU1RVldiVkpEejdIdEV1amdnblJTQXNmbW9WekYvME5NMXc3SFBQZlRCc3dSREJSTEd6UTZMaU5yNFBmOXQrNlFVZWErNGdmSWFsTHE1cS90M3JiRjM5ZkExV0UxZnk5TTZFOE09">
					<gx:imageUrl>https://earth.usercontent.google.com/hostedimage/e/*/4AAjQbR6dP4Emy3gScsPqBOjEPfw3T4aaySn5VdtQQEx-xdZ8t4BjxAKZtVkdhJt-vCqENxLDNIdigw8oeLJkUd3zSWUVFo-7Q4CAvdhsLGS5Q5xGM7KHOOMHOk9PqHJFOQ7kdnFpIc8YXICP63GNZDXGt2rKLK0gaNQHgTEfYzTEnUurWqlRrsekXpZd6gGQaNBk6A_MiHfLFJO5E5fa1d9lgIQs-98Wqvkmq3936Hqw4Bna1jVTHQNL7BIcFqGYpBflx0SdOnKAUuwVvsc?authuser=0&amp;fife=s{size}</gx:imageUrl>
				</gx:Image>
			</gx:Carousel>
			<Point>
				<coordinates>-6.075157352971862,37.36413522161069,0</coordinates>
			</Point>
		</Placemark>
		<Placemark id="5DA7D88868000024">
			<name>HD-06005</name>
			<description><![CDATA[<div>Sector: 06<br></div><div>Ubicación: C. 3 de Abril, 2 (Comunidad de Propietarios)<br></div><div>Tipo: Arqueta<br></div><div>Sección: 70mm<br></div>]]></description>
			<styleUrl>#__managed_style_020D6A1BEA410DE2EFA4</styleUrl>
			<gx:Carousel>
				<gx:Image kml:id="hosted_image_QUFqUWJSNGF4S0NGTTlXS0M3cDh4cEhuR1kvWWMyK2pPOFA1alRhdUV3ZmQ4bXJaVExoQ01MdVZ2Y3lqcGdJUU9TUlNrM2xYbU44L3V2TUtkekNlMldOb1pPcSs3ZmJveGpOcnIrOThQODliUDZjZWN0bi96ekZibHFBNjBIZjF1elVkUmROS2E5bjhpa0JONWh0ai9PTVlJb1NsaVBVN25GcSs3SnhhdlVYMW84T0pvOVd6RFJpbWUxT25hVW9ydGV1NVVKVlUraUd4REtFdE4yWGlKTFU3VFQvVTJsQmcyK05oTmpCWUZ0U0FYU2JaUXc3SFpYWSs3ZEFIR0pxR1FEYjNBckE9">
					<gx:imageUrl>https://earth.usercontent.google.com/hostedimage/e/*/4AAjQbR6irVcblZ_pX6fm1jnttYw57Zc66gtriv0kRkCPyTKu-NtF6ahufazFBuP4dMC-iG_Zl_lnau_cSVuTUziXXRMK02meZrVLT6p5KBgUTlr69VhVFo-8HQMLMSTs8iKQCVYBxCI1bXZbtClSrEIUG8CYf4m58XrCVWh2J98d1s8M0wg6WH3b07lj898QEvc4ysThImhV_jO_avUZWSW35r3GP6NWtGUmEBbTnThsXoef08SVmQ9pU9t448x2fF_WyYHKsGVPJQS80Cc?authuser=0&amp;fife=s{size}</gx:imageUrl>
				</gx:Image>
				<gx:Image kml:id="hosted_image_QUFqUWJSN0lmK2ZMTloxUUpzalc5M2RBcWxoMG01bHBaQ3pSWCtBRngwVDM0OTZmbkpsa1RaK2NsS0VSc3Z1T3VZOXpQdHR5Y1lBTDJQS0k1MjMzQjU2dFlTVUNXLzhOcVd1ZDNmY2ZIbWN5dWRTRzVJc2VmWUk3dU1aRlo5bmpXYXc4aWVQMVNGWDdRTnYyTStwcS9LNDJTM0hXdTdQOW1raVFJaDN6ZTcwT2Y4WW9UOE9nOWV1NDFzMGV3SlV3czA4OFEzY0E2Z2J5bHl0N0JCVytVVC9YWEZiNXJFSFdhMHlEZm0rR2pwNVdQclhpVFNoaEJoS1JwZDJCbmFIVGd6YzlrS3c9_0">
					<gx:imageUrl>https://earth.usercontent.google.com/hostedimage/e/*/4AAjQbR4AuK7QnP9wjujiXY0o98W4kBqGyyFh5MjbPkJPuYo6y7z7IK-vtR09q0yzKamH2_JuxYC_kexvOPLnUZnPBOt2st2R9D7H89PJlRXU3bAf62J1Am5RgOQS7VDaVzA1IarTLTobqnzXk6147nHjIclVLmoo98lRvYFTJ6A8OptDq-qa8idAe8XmWw1yCrc7su_o86q-4SHw0kNph-fxzRssN_mnd34PvP_h_zZunaRZjIksk2q5tXxYfTrx_uuyiZv0GQMNcFpjPZI?authuser=0&amp;fife=s{size}</gx:imageUrl>
				</gx:Image>
				<gx:Image kml:id="hosted_image_QUFqUWJSNTFOL1h3RnhIWGNoTmd1Qmp2OE91SjJwRjNZZ3FSSzhId3JvUWd3akxTNVhpQ052TDVsbjdzMzQvYXhMaldWMFNjaCtreklpSmJIUFJFc2ZNNWpnTU1nSnV2YVFPTEdKZFZuNXFWR2djNHZZdnlENUhENCtKY0I5MlA0aXR6VSs4YUtvd0xCVnR2SFRYVXZ1K3NBVUs1T0tWV0U5QWRnMUFZa0VPUkpxaERTOFpqRHc4aDB4MjJzSFF3dkVyak5mWHg5SWRRWmlPNVNYZlB6SW9Fc0NXUzI1a1FzSUR1by9QSmovWk9BZ3lCRlVFZ3EyVzM5MFZFbHlaKzJsdDVRRE09">
					<gx:imageUrl>https://earth.usercontent.google.com/hostedimage/e/*/4AAjQbR76ytPcw8gil8-ti-okEsACum16tNBZ6EPP_OayORub7SzHc64zURDX8f6pRtfCFtgk7OJ9fSSk299WtKW2Dc1K1FLi1JQMICX4ACIGlRKIzqJ90xSRkQSb_fdkMT8I-CrqajKgJz7GhRyNCn7jt2zxnaYyiduWiXLOjyBSu6TtUpQ7iv0vd3R9JiSntEgBxg3eV_7eAnvMfHaAvzvFV3A4AfZzSg7xTNEjJ8kGNMiHYa_lnGgK5vGN2433--DgIwnEuAau_KoqRcI?authuser=0&amp;fife=s{size}</gx:imageUrl>
				</gx:Image>
			</gx:Carousel>
			<Point>
				<coordinates>-6.075793854923778,37.3639203786938,0</coordinates>
			</Point>
		</Placemark>
		<Placemark id="5DA7D88868000025">
			<name>HD-06006</name>
			<description><![CDATA[<div>Sector: 06<br></div><div>Ubicación: C. Constitución de Cádiz<br></div><div>Tipo: Arqueta<br></div><div>Sección: 70mm<br></div>]]></description>
			<styleUrl>#__managed_style_020D6A1BEA410DE2EFA4</styleUrl>
			<gx:Carousel>
				<gx:Image kml:id="hosted_image_QUFqUWJSNzI4bWxVcnVQelJNUWJTUVEraFNZVGpBdE1KTDltS21aRkNNb2tyL1EvY29NdVBpdHRXeGJ1RFlGQy9lckRtUUxDVEZhVzQ0S1duWlVONHhGN0RTajFBSk9CK2JsOHhFZFkrV0hXcCtBVmNjclJLeXNkakRVMk9iaWhOR3MwVjlMYXVzU1dRVGNwMkJ6QnE4aE9EOVdVVGxIZXVBTWg3ZGJ5UzFScFMzNVVyaVE5S2MrbGI1c3RVNjcxOXNKYVlSOXZpQlFKY09WTjlyUWNCbjhpc1Jxa2dYWFkxbk1iWUtmY3dqN3NFK2I5SmdIeFdhcEFySSswL1FEVWQzU0RPYUk9_0">
					<gx:imageUrl>https://earth.usercontent.google.com/hostedimage/e/*/4AAjQbR5U336onZR_JZNYTIDYBjRAxuRwgCqHeJiaM6-usC0PdJhh2PUh3EYG7zEtBIg9lGRV5cm-o8pXbCaEFBOl8me1uewFPSaDT7CVhSed8npQYz98RR0wIbLkiiBmm6EybaNYGO66izvIaO9UbQ-lYswa9Yz_ne7AvEtbyvAXx6WTItKDv95cZdcZLrQpCTlMkv6j6rBtuUnD-tPLZ9FbpIIhfZz_Z5BCvBwERDfXnp5VG2maGW25I_yJCC_g5xW4f_I6DzNSbepX5wg?authuser=0&amp;fife=s{size}</gx:imageUrl>
				</gx:Image>
				<gx:Image kml:id="hosted_image_QUFqUWJSN1JMcmJJZnhvSVdBMWxtc05yZVNtdE1ZWmh6dWFaYmxURnJub3pHcGorVkdQT2xLNEsvS2NEa05pTUZ2UEtJaUN1SEhyWGlNNHc3eHJrdXJMbm5hSnJLOXdBRDJCMnNVWDlXRGRGZVkvbVFlU3M1L3F6L0I2OXhFUDk0V3ZXY0Y2NmowalZqUFhwTXZieW9JR1hzR1lFZzBES1A5OW92K01hRER3ajVGbzFYcEVzaFFXSHdYbUZlWXFKb0JuaVcwNXc5TC9zYjR5djE0SU9LbGxxTmE2Y0VZU1hFVzNpRmQrU2F3Umx2cDJqaU1jbFJZMzFHSis5dkxiMENLNlpPOG89">
					<gx:imageUrl>https://earth.usercontent.google.com/hostedimage/e/*/4AAjQbR5IoEb5qMWcrxMlFCqaiMpzq3S_W1ngD2sq5dMXl136EFUN53MZ78Eq2Mu1pAaXJbZ3XKBD4Cu-d9ie84OFJ8kyQIvKBi57gWlp3EHzmatq63lN31jwIwDNESjuIZE_DkTPMk8FDXB_S--M9DP3eZbor_SXTfhWMpL2p_Ln9o3u7UPMAYL64XO2f3qG1eN749-8MY4-0imZOKXh_o5p1MTTDAfc5nqflhazQmAZeXiIpRcnztHdiMAkK_XtrSnl2s_z02nKx3tT-mk?authuser=0&amp;fife=s{size}</gx:imageUrl>
				</gx:Image>
			</gx:Carousel>
			<Point>
				<coordinates>-6.077780797430185,37.36353499243277,0</coordinates>
			</Point>
		</Placemark>
		<Placemark id="5DA7D88868000026">
			<name>HD-06007</name>
			<description><![CDATA[<div>Sector: 06<br></div><div>Ubicación: Av. Presidente Adolfo Suárez con Av. de la Igualdad<br></div><div>Tipo: Arqueta<br></div><div>Sección: 70mm<br></div>]]></description>
			<styleUrl>#__managed_style_020D6A1BEA410DE2EFA4</styleUrl>
			<gx:Carousel>
				<gx:Image kml:id="hosted_image_QUFqUWJSNlZMUmphYm5rckpRMHhLTWd0RC96Y3NUTGFQLzVpblRGY1cwaHJ5OVI3ek9mMWE3dFd2NE5CSTFGdm8zUjdWZHVncVR2bm1jWjAyK2xueHQrbE5hYUw1R1M5eFBLSjhSWHlzTFZWQkxBYjZXRHlOL1ovN1dXRForeFR3bGtmWnRSMndTaDYrZ21tMUt5V3hFY3ViZjZlRWZ3KzhUR29iMnBXWE5UeHhub3MreVQxMkllS1cvOU1QOXhNdkhtR1QwamVmODFIZC9mYURWUDcrOGE3RjFWcW1CRHYrQVZteU8yVGVQZUxrZTN1N1R1SjlNOGk4Q0ZHRVJoSE1pUnVmOW89_0">
					<gx:imageUrl>https://earth.usercontent.google.com/hostedimage/e/*/4AAjQbR4zMjJcG0zv2m0sTPpPVDv8Prc2_uQJ9b-IRFpR2bGeMNtY6KdtvzR1EfSroC_-NAajQEQPldVDS-3NZ_XMAgVRg3qvDBj7gfAepswF7-Umu2wU1O5GAdnaIqaQrBwttu_lIgfOb5Ojj8dzHJAmRGKW5zQlqn17s1nIW4n_Gof_bDIhqIhSSZ8dIVjZ5QdMi8TusxRSbw8LW6k0Bno_jXBODSNUxUoQvYt3HcvIWHMhRGTZc7aSFY_McAMcDiH-FvanXEW8hPa_sic?authuser=0&amp;fife=s{size}</gx:imageUrl>
				</gx:Image>
				<gx:Image kml:id="hosted_image_QUFqUWJSNDRUQ0luMXZyR3NvM1pYRC9GcUErUmJwQ2lFQ0ZwYzlPZ08vOWZxTVh1MWt2Rk14VVdyTUR4UnBsNEtPK25IL3hBM0xOWXNqbzlJY05rV0g1WGFTMzJXcUg3R1QyOURlUUVLaEhxM3poOWw2R3ZIczJtaWhBNHFFTm1Ed0J4UmtKeTV0bUxEQ08rV2dMM3lpOS8xTnhnNWhZU0RYeWtVc0RiUnQzemJPNGZhK0ZQcCs5aHpYSm4vY1krT2VnSEY0NmZULyszZWFhYTZiQ0RMRVU3T2pyZGc2cEh5YTlnVytOUFlQek1id21zNk1qcXJCNjFyWnRWazRtV05XTklzMHc9">
					<gx:imageUrl>https://earth.usercontent.google.com/hostedimage/e/*/4AAjQbR4LPkh4uEZ8ZkyCN41Mrob2GsFqvPW7XvO9CNk3_RqJqBYyKzbZPZlokAHh2WpyxHG2rWH-3xaH7UNDNWiOXH4onbEXXVNv-dItwIEJHgeJZNUr0iHn_JluXepU0DdrZCGZIoPBMEApLg265OG2nsAWoz4KND9HOl2lm9Vya5snhOQQJtHZEcyPx0AV_G3QwOa3gKiz7XEMURxO0lZKq5Gt0eetB-g90jX_JYUAX7dq48Cj6EQ1rH7_hkleD-snUkY6enaVVVp9tNg?authuser=0&amp;fife=s{size}</gx:imageUrl>
				</gx:Image>
			</gx:Carousel>
			<Point>
				<coordinates>-6.075081547105849,37.36320097204489,0</coordinates>
			</Point>
		</Placemark>
		<Placemark id="5DA7D88868000027">
			<name>HD-06008</name>
			<description><![CDATA[<div>Sector: 06<br></div><div>Ubicación: C. de las Libertades<br></div><div>Tipo: Arqueta<br></div><div>Sección: 70mm<br></div>]]></description>
			<styleUrl>#__managed_style_020D6A1BEA410DE2EFA4</styleUrl>
			<gx:Carousel>
				<gx:Image kml:id="hosted_image_QUFqUWJSNmNuT1Z2a1UwL2RTS01nMCsyL3dtYk4rNHczdVAwZHFPNk5NL2ZOTkp5d0Rkb1JYeVBNUDhUNWplYXNzQlc0NmVVSHdJd1MzRkhybkQrOXVEZEdNMURqUDNqcGYxZjBSeFFudUVqSVNZbkhidGI5UUtnWkpPaUVyRVdwZUZjTkJEcFpJcTJSTDJzdUFjVlB5cmVKb1RJc1o3SS96WXR2NktkVGZpamxJckpjTCt2WjM4MXM5RjkwZWF0dUpXTnJpOEVFTlJHeEIvTHUxbUpnY2tyN2JISkdlOXhqbE5SdE0xVXpheCtLMHZ3S0NuTXB0dDU2UDV4SWNWZkhxL2paaHc9_0">
					<gx:imageUrl>https://earth.usercontent.google.com/hostedimage/e/*/4AAjQbR4RDn0k3IcV1PbvN4n9ZA6PVj43488mkSrxpkAMV2gAfZI6udHdChgjgcIEJyuUouEtQWGBzBAD3fo2_8M5-NyjxNI3el9v0WZpZ9fDfj5FrYV8tniI00tLPmyWimmKJkaij-YTQdyiWt8tz3Fvh9F0hW4G-IWjIXNu1nsLOpkUz-ErTkoqEMjPbN82-fVxiD1BjnMGDazOtdotNtqh8vT4GWCmkiTqW2x3C1gNKEk5DYDo9npZ7enIXeZYn_bFQZSg2lAxrKxcm_M?authuser=0&amp;fife=s{size}</gx:imageUrl>
				</gx:Image>
				<gx:Image kml:id="hosted_image_QUFqUWJSNWl3ZnZZWXEwTkc3WVJXQnpLSUFPYjNCYkZYSkNKR21yMTlMOFRhcFlKbFY1NlhjRmo0V0FPTjQ3dWJlZllwaWE0TVppNVB0WHoxbXhwQVVUVHJVei80VWxRdVE5cXIvMGVPbGNaK05xbEpXZVNxWGlFaDFiZjdtL0ZxSHFUYUFaK3FEV1RoV0NwcDRUYU42c0psclpoUjZRT0tvL2VqeExTUTRiZ1FSVThMSlFhcTRjVUp4cERkbDczVVlGZ1Iremx5MXFkTzlBQ29WKzZGRnZzbmZLSXNhUHFFMlpnVDhvYlJ6WDN5TER4R0ZtVTF0bSs3SVZzbi9IWU9TV1BGaUU9">
					<gx:imageUrl>https://earth.usercontent.google.com/hostedimage/e/*/4AAjQbR4mb4TDJgUT778IbfpoXuwuJp-EZjDT1D7dey7jOi6h7f1zUkT4OkDwO92D3GfTdGqUu0fgB7Y8AF4hEL4deQ3XDJ1WzIU65c5l5SeZzmRBSanjmf-Us3zWt8c7O-o7EeecsFHtxXHdlIliCLiddlV_8n3AOD2K_s-RRmgpaBfV7w5qMwTjORN2PjkapNL-Ly9Hr9QNqJ7vnwJWMT3WWfbWV1lHFlg7nb9_H8HJ7f1N8H4KAjJWQHLl0VoLPHyf8Gr7rhEUneDpeiQ?authuser=0&amp;fife=s{size}</gx:imageUrl>
				</gx:Image>
			</gx:Carousel>
			<Point>
				<coordinates>-6.076193846059741,37.36253186132758,0</coordinates>
			</Point>
		</Placemark>
		<Placemark id="5DA7D88868000028">
			<name>HD-06009</name>
			<description><![CDATA[<div>Sector: 06<br></div><div>Ubicación: Av. Alcalde Antonio Reina Gómez<br></div><div>Tipo: Arqueta<br></div><div>Sección: 100mm<br></div>]]></description>
			<styleUrl>#__managed_style_020D6A1BEA410DE2EFA4</styleUrl>
			<gx:Carousel>
				<gx:Image kml:id="hosted_image_QUFqUWJSNjJCMkN5YzdITXZnRDJ2R1FzUDNCendGOGRLZjZ2ZmVqbTFDQWYrYXRhaURwN0lhWStsZ1IzbHd5WlU0STlnNXBMTktyWkpMeHpNWjZQV1JzMEczSzZTMmFUeEE4MkN5c1UwZ0lNK1NmSU95dlhWSUNVSkFPQWU5YitOYTJBZFJ0OVVpVWJiMkVkNVltWThxOTFDU3BLVUh5SDFBWCtqRCtoTmxBRkVWbTJDQVB4a0RENUZxQWlrci9XU3ZuR0g0S2xLVy8reEE2WkQwcjFPbU5oaXllOENCdXZwQ1NzSkhkTEpWV2JLeHRiQ0lVSmpTakEzZnJKaHRKTk5VbU1Bb0E9_0">
					<gx:imageUrl>https://earth.usercontent.google.com/hostedimage/e/*/4AAjQbR6dN_kiNM9sYbatgK1Nll9s_g2LrpmvaTidhSPAcCEGv7D7Lex_qilrVuN5lo6_GfWW2yDIWIX0BGUSvK8jMG8eOIPuBRLwnwPw7tOwd3dOp85S7lES8Bav7RCuu2B3x2TrzVlbLKzcM95LHm-c5kVt4CA8pV8heW02sk_CBK3QX6EkjhGcMeDiMO9bQdM6DOMZ-NUS5GDJyHhhEHPmNA8XBqUvRuoxoptNV5mWW4lKutV0m46SVAp-SWMvoQzt5vgLX91gYABagTs?authuser=0&amp;fife=s{size}</gx:imageUrl>
				</gx:Image>
				<gx:Image kml:id="hosted_image_QUFqUWJSNFlFKzB5UkRDOUk4MzBMRmdZMENPSWNsMS90NTBtM2ZRSlU4c3dzdUNHa0VuVjAvZEY1OVZLZjIrRDVWUTNvd3VRZk1JU0g4T09WRTI4aFdKblZhSWJ0WXB4ZmVqekZNcldCQ09lUmtPOEtYYzlqY2NmN1pRZDFYZlQxR0dwcCt6U1pWVzhESDJ2Nmtxc0dMNE93aGRBMmdra2pWR1Y3RHpkcU9nWmZzR1pWOVBYWGNBV1hRVlljeHJHb3VrR1QwMUQ3dUJQU3VGMnlWSC8zUzRCYnMwU21JVEF4Q0ZqdzZmbGlpVzRtSkN1ckpEbHVkRTdnRkhMdVpobjY1V2hMbm89">
					<gx:imageUrl>https://earth.usercontent.google.com/hostedimage/e/*/4AAjQbR6naJAIfvuH8OVDf7XAl53MHMm2t2qr0jLQ3Zm7-vuUfvLpGKiWAaXBh47unuj_U-F8S0Ybp0yAAsi1QNbyczsitoYCF2AWdNrhMr5Boc3B2pqR_hJ8PlkBldaMskiszhNXwHiYAb4dDvLRbRoSNZo6Z_E7psCD2-31MSLy00v7KiWGcb9sNXByZQa-wThHfYdq9z25oNqlZAsbnw2gJEMcJNhEov16tObaeejKLnhId-ebu4WhykH-gCqso8o8PNS8_sbk-5p5kkw?authuser=0&amp;fife=s{size}</gx:imageUrl>
				</gx:Image>
			</gx:Carousel>
			<Point>
				<coordinates>-6.076751728422037,37.36078688915554,0</coordinates>
			</Point>
		</Placemark>
		<Placemark id="0C689767F940DDD589C6">
			<name>HD-06010</name>
			<description><![CDATA[<div>Sector: 06<br></div><div>Ubicación: Av. Alcalde Antonio Reina Gómez<br></div><div>Tipo: Arqueta<br></div><div>Sección: 70mm<br></div>]]></description>
			<LookAt>
				<longitude>-6.0785066</longitude>
				<latitude>37.3623006</latitude>
				<altitude>0</altitude>
				<heading>0</heading>
				<tilt>0</tilt>
				<gx:fovy>35</gx:fovy>
				<range>819.0981355774957</range>
				<altitudeMode>relativeToGround</altitudeMode>
			</LookAt>
			<styleUrl>#__managed_style_020D6A1BEA410DE2EFA4</styleUrl>
			<gx:Carousel>
				<gx:Image kml:id="hosted_image_QUFqUWJSN3B0dmxHVTNuSnl0MHRCZmRaU1NMR3lETmVFT3RvbS9zVW5ud0drSVg3bExoM0VZS21wVUtMSXVOZCtoeGV1Tk4yMk1sSTNxMDVBUVFHc2UzSjJFRmY0c3M0eUtVbzZuMWFMaTdDcmpCV3BxUFZxcXZYSS9GWE92RG5Ebmw5YjNIYjRNdTVyL29CcitoenQzQ0V4Nm80Vlprb3V2dVNuZm1tV2FFQkJaSmsra3FPOVdHMkJYQUVIeTl6aVg4WldFYTY4bzdVYVRZb2d6NHpPMmlTL3lHcTNxNTh1RjJKOTYwRCtYVUVuQUJ5eHBBbk9zZUNlU1VscmsrdlJWTUpIbDQ9_0">
					<gx:imageUrl>https://earth.usercontent.google.com/hostedimage/e/*/4AAjQbR6nxpPLj4HuJCOp7PPt3Gf3FC_K83Rj2c8HEhPFhOjlEQ2ZE6Rhl4eAGkK1-04psbKNqs81aILL9LZEzP08FkRrVYCVvvKW8TgtumW39TCgrhbnJoxFi8a_f1X9z2DLDlV-NndmhhzLxOA7V4cPHFHEgxM-YafRZyiBdhpW75o6ofkJJeDGbRbfi9YY3kL9bKODF0x0g2-M9XFhBld0xG2tOPfCLvAo4RpZq90aaCp_0eZiNHDWtpEXaQD5cuiL-6yUEL15XxAqxZk?authuser=0&amp;fife=s{size}</gx:imageUrl>
				</gx:Image>
				<gx:Image kml:id="hosted_image_QUFqUWJSNFl1VW1Cdm9OMitTcy9GRmVLYzVNWnJoQm5XV1NTS0lJUDBBQ1ZjeG5EdlIwZzhBMWdyL2MrZlg4ZHM4Y3daTURuNjRVNFZIRGNHSGM3K2xSbDVZR2xleFFnM1RZT0ZFU2gzMEpHVTQ0STNPVHhITUdvTUt6U1RWd2l5cHJRaXhUNnREOTlsbi9jRnBlcjFudjBVUFM1NGxWWnhwa1lqVlMwdmhyQ2o2Rnh0M1dhb2ZOMlgvOU0rQks0R28rb1gxNWtwbW1rRVFKQ2dyTE1hcktVUWZneUhhamx5R0ZhbkVRUTNjaVAxYTJNc0VtUG04cjBveEtyLzZBZmt1cTZRY3c9">
					<gx:imageUrl>https://earth.usercontent.google.com/hostedimage/e/*/4AAjQbR7sfqrACqheGNVHw96Ol8FFaPR4pWsKERZHXxEftTln02qGbOvxeWcWjpRYCLkFYh51_P9lGemXZ-pOXKX2r4eI3SUDxGMAY3vrWZFw7mpNnNesWWtPOBvhQvC91tbd306-9B0tNXmRzdEZ8OWqoJT7Vvx24iWE2lAKtnemBa5C9x2I9QfRCxvaheNXYSn9qj5wY7yVnlNaKtmmwGmZUYbkrIyfSX0ZU2O6TtHIEjDRgkxD13NDtIHtuWIuAT8YIqyuOg38yYMym5Y?authuser=0&amp;fife=s{size}</gx:imageUrl>
				</gx:Image>
			</gx:Carousel>
			<Point>
				<extrude>1</extrude>
				<coordinates>-6.0785066,37.3623006,0</coordinates>
			</Point>
		</Placemark>
		<Placemark id="5DA7D88868000029">
			<name>HD-07001</name>
			<description><![CDATA[<div>Sector: 07<br></div><div>Ubicación: C. Chile con C. Honduras<br></div><div>Tipo: Arqueta<br></div><div>Sección: 70mm</div>]]></description>
			<styleUrl>#__managed_style_020D6A1BEA410DE2EFA4</styleUrl>
			<gx:Carousel>
				<gx:Image kml:id="hosted_image_QUFqUWJSNitJdjU2YlM0SnhLZlFpcnFXQzdtVUZEd1lUVk1XUjRrWldFeFRjOFYxYUYzWCtTZkJ4T0dLbXZlZWFBbzVUdlc0dmduYmc1MGFSY09RZ2tveW1LSmZodktjSzFQMWhZTGZiT0V3WTlKUXpGMDROVjRuZlZONjBoZFZrTUtPOWpaVjZZcTJyK0UwOTZna28vUndnRytmNFc1dmZoM3VmcTJYOUY5d3FrMmdldDlDVCsrZUdxT3ZQOG1GRmRjeXNkVENZWTJLUlE3emVNMGFRczFwdnUya0FZQkFCUG1Rb3RhU2NvdXF1NERrdklHdTl0dmlXODZJUzM2R0R4UU5XWkk9_0">
					<gx:imageUrl>https://earth.usercontent.google.com/hostedimage/e/*/4AAjQbR4zOQXDhQAP1tz58GyiDcMn96X9ZkQvInVUgQ2jsqMWdZuKJQz6IFpiieLjRSFM0Gc_y1620fFV7NOmKPWjGboEGIRsL0Y5rtLKRAEZd3B4BUGsg97OpDd7rbLz5VGXLNueUOFS19xVnWcSlgECc_L7MDANAK5fVq2XzQ4z1h-rYOq8aioIp7xAdubMMG_KnkqSm7XY8cbrN4k3OLTDsNVWPn4WzdrEYMquCfClFTALoDLFk59KYkLPr1Ap2QKf_ZWP3bYzKxDCjwU?authuser=0&amp;fife=s{size}</gx:imageUrl>
				</gx:Image>
				<gx:Image kml:id="hosted_image_QUFqUWJSN1plQTZoKzZiTTR2SUtJZTFXWUVKN01vaHNOZ0RBOFZra0t0T2hHT25uMEN0bFJQZEFDYTJTTDl0czUvZVFGeTVyM2xFOVpWKzFMTGh3Q3JxUWJXeUVEQWNnQit1SzRGYXR1M2xTbDRBc3JzMVVPWTRmSGV6MDNZc3ZlaVFoaFBVTVpzWEFPTzhaRTZ1d3ZMTjFnQ1pxRXNHcStoV290VnM5M0tjN2hUU1pMS3kxTndVbFhIcUk1NEtPWmx4NGJGS1RWemE0aVlqN3NqL3FMUXZzbEl6a0pVbDhlNjVlNDFtaXhjR3NTZUd2anRyNGpFNzgzYXN5L0tHWFN6Q3JLZ289">
					<gx:imageUrl>https://earth.usercontent.google.com/hostedimage/e/*/4AAjQbR4IJbtbLsJ0Ojwn-qJprQjnWy494KY_bpAKN600H4i6GnGO-0vRY6vTbYwzUN72-OmSBtInLzWMT_YCyrCNqPNL6AagXsAEF2qhf3ry7oouzt4Nk68Fhx5O3GkVrocpKMJsvE3qzrpYNrz4n7LXl1cZLAV6nGyLmtzT8sbp5VBpXYK-ZUC-ap4Z3kd2ZV_7hin3-FPPgmE5hsuXJKpaf8ayc4vhWgBOev3d-OHmV1IU7Muw3kT-xcG_VtvlbKiHNHJCyWJ1wShcpe8?authuser=0&amp;fife=s{size}</gx:imageUrl>
				</gx:Image>
			</gx:Carousel>
			<Point>
				<coordinates>-6.078610979161637,37.37569619337566,0</coordinates>
			</Point>
		</Placemark>
		<Placemark id="5DA7D8886800002A">
			<name>HD-07002</name>
			<description><![CDATA[<div>Sector: 07<br></div><div>Ubicación: C. México con C. Perú<br></div><div>Tipo: Arqueta<br></div><div>Sección: 70mm<br></div>]]></description>
			<styleUrl>#__managed_style_020D6A1BEA410DE2EFA4</styleUrl>
			<gx:Carousel>
				<gx:Image kml:id="hosted_image_QUFqUWJSNDdVTjBsNnZHeGxwS0RNdnk2dXJ5V1V3VTVGQjVRV3BsdXNETnlrbTFHdnlGTlZTSWpVUmsvMlV2RTNBKzNXQzB4UzBLeDRUR0xhSlQwMkZlYXE5dDd1VGVnVm85WlZQMnRoRUxUVGlrWGlxVlk5OFlsSkN6bTBpY2ZYd09uS2I4eFlFV3BBRU8xbDRTellzYlhBTWFoUUhZdzNVN0wvUjJJVDFuV0hncFQ1Yk9TNk83ZDBraDU1Q0VaVDZlanZodEpQd0FKWUozS2dTTnhtTTAzbUUzNDE5ekFHVXZ1c1J3a0NodmRNNFFIWVo4eWs0NG9sN2xTZjQ4WmpacGt5S2c9_0">
					<gx:imageUrl>https://earth.usercontent.google.com/hostedimage/e/*/4AAjQbR5meSDtxlloZen0tIcQM-rLorr999_Gb6oiD7vUfSs640MORQ206o0O_GNxa81g-WmBMPwQ09cBvU8gYgaHRBaoNY2239BXwo60CP7kXKLnC0SUiQBTi3d6GpRcPZaQygjhLu2ddz3ShkGVSOXTxw8D5pNI80wymM-z3Eoy65ngvCmptXJImxzaioRbjgdbg19RQbluXSzs1tOZ0FrYq-XLhP80bAiV--KHmLGwSqZFWUy-iDZ-FWsWh2HSklNHfleEK2lLX8jgAqo?authuser=0&amp;fife=s{size}</gx:imageUrl>
				</gx:Image>
				<gx:Image kml:id="hosted_image_QUFqUWJSNkFGeGc1dTVqaEhZMGNjVUV2cFNVWHdXWS9seExXWit3MlVaYkJsUU5ORTBHVVBSc2NyZnFRRkkwM1Q0ZnI5Um9heGxiZkZ3aHE1VlR2bG11WnlTNERpNDJoQnRvem4xQ1RUWDhFWEdic2VwZHRwdzZzeUg0MHVSbmxKMnlrWmthQXdTb0V2b2J6Q3ZueEY0TXdiRDZMaG9iZWlydlg5NUpjajQwOTlwZDNVaUIrR0l2N3AydE5BVXdtVkZpRW84Qi9rZUpQSjVXZXh6WEwxRmhjOG1VT3dCOTdsdSt5YlJsVmRRdTQ0b0Y5UWgvY1FIVE1KZkJVeDQrMFh1RTFhOGM9">
					<gx:imageUrl>https://earth.usercontent.google.com/hostedimage/e/*/4AAjQbR5TUiUkpy_Jod9NKRBGJq3dYSIpkVCSWth4B4-ODSZzSkwgVxs4vVTfRoyNXu_INIFLIm967XlHjUqDmY7qBO14FjygxylwecG-sUETEjnwmbO7BllNw2hhykyizZ9FcMOOT76XYpZgCfxhWp3DRPYBm-_8iBTcs9nxvm7NXnNSuhGdwK1QJ9TcY3qKDPBOdtsnt8bbfocp1FDolDUUKnQk4oT5wJRC0gH87sur1zH2KONDNoUGlEb8H-gWq3OuAx75aGtAW4oahCY?authuser=0&amp;fife=s{size}</gx:imageUrl>
				</gx:Image>
			</gx:Carousel>
			<Point>
				<coordinates>-6.076881058286138,37.37563953228959,0</coordinates>
			</Point>
		</Placemark>
		<Placemark id="5DA7D8886800002B">
			<name>HD-07003</name>
			<description><![CDATA[<div>Sector: 07<br></div><div>Ubicación: C. Perú con C. Cuba<br></div><div>Tipo: Arqueta<br></div><div>Sección: 70mm</div>]]></description>
			<styleUrl>#__managed_style_020D6A1BEA410DE2EFA4</styleUrl>
			<gx:Carousel>
				<gx:Image kml:id="hosted_image_QUFqUWJSNzVqajFUZ0c0VUZVSVY3b2ZzaWsxRklGV2lsUHdZOFZwSmxjOEc1TEN0NUdvNFVPaHNVUjlBcys1TktsM2hSMXQzTmlUZ1NtcmFZUXZzeXRaaGpwRzhXRGRDRjVKOUxsdGVka0djNkQwN3JFMURjZ2wwTTBKaDVYbnp3NG9BeUVnUldzOVlZQS9kQjBiTkhWbFhKK0lxdnY4bGQrNCsvbmhVMCs2YWtBUDhid0xvaHpUaWF0YjArWGRzaDhVTG94d1N1VkFqYlUzbjNUYTAxdi8xa2RXVmszbjNVWnBGcmJKcUY2RlRiVXZsdkNMV3hYTUMvWE9LUXg4TGE2WVJkdUk9_0">
					<gx:imageUrl>https://earth.usercontent.google.com/hostedimage/e/*/4AAjQbR4JmACiDhKEAktKmbMGdVrUPUGM0K-ukrg3sptbc595S4LRjkcFaZvZtXI2-G9QpUJAaBegihUG9Z94ohkL-32s4SQ5KN3-asHm1AasFONpIUwUX23WLWPmm7ltIHiXVjI_YETfs9N_WlOe2nYWTVMiyWynmV80ccfAKW-uQgAdNV5GkveYD9MIshmdTMUPniYe7nHr-aKA_ni28VrCi0Bld5_-B6x-W3ARxkMX-VTxMd5OSf2_VyYjLoBlGTefINnVVFhPO8iFWL0?authuser=0&amp;fife=s{size}</gx:imageUrl>
				</gx:Image>
				<gx:Image kml:id="hosted_image_QUFqUWJSNkozSStEZXFmMFBhTWpJL1VKbjZmNE84ZnpzNEFQbGJQaDhNaHhQZ1plbGR3eGNZYzFmM1Ixc25VckNiMUVtNFFmWkNYVjY0R0lia1h1b0M4M29GSmFUZ2UzdHkzTnBkODZmUW03dFFlNFZvWG9TQUlMY1pzWUVZQXpSbXhKcU9oNkR3dHJMTjQ3ZnEzWWtkMGlvS2JxY0N4WmdmdjNoS3E5aWxpY0ZIcUVaKzJqQU5vVWRUMTM0STFyQlNJNVZKSVp0ZkZCTytKMWRIMHl3QTlQZ0NJVURXZFFsZE9UYjJHYjFJS2ZhTjRFOC8wMU9zMlNBY2dIVGpIb2FtYUtoTTQ9">
					<gx:imageUrl>https://earth.usercontent.google.com/hostedimage/e/*/4AAjQbR4cdWdGNu2nreTHhR4xp29pj4duYPR43HGjcJ5ZwTFKk17FJvth9fm8AWCXrj53EUwQTqWfYrrpRZaGCXEASRGc2idEAA_805jPvqnDrveLPK6FH_IO_AfK7EnCXzPXgRlprdjeYnBIixAZm_nor77U0a9IVMfRHVa1evc1OeVbrMDvg-S6HgbT4_k3-a3WoejCCpCSKQU3ZN8KejsEHiJPJNXCiH4hAYh-v91eh64vzNhEImvIlVaWqLTbexggOqVVTvamrX05ELE?authuser=0&amp;fife=s{size}</gx:imageUrl>
				</gx:Image>
			</gx:Carousel>
			<Point>
				<coordinates>-6.079537233829622,37.37450971917046,0</coordinates>
			</Point>
		</Placemark>
		<Placemark id="5DA7D8886800002C">
			<name>HD-07004</name>
			<description><![CDATA[<div>Sector: 07<br></div><div>Ubicación: Av. Juan Diego con C. Honduras<br></div><div>Tipo: Arqueta<br></div><div>Sección: 70mm</div>]]></description>
			<styleUrl>#__managed_style_020D6A1BEA410DE2EFA4</styleUrl>
			<gx:Carousel>
				<gx:Image kml:id="hosted_image_QUFqUWJSNGhpb2RJWFBncnVMRit5MXZ3cTNUU0hhS1lRUC9VZ3EwOGJ5N2NpdEJhSXlYQU5rT3BpaWpXMENxUzlZZnAzY3l4KzdTUlhUUFBxbDJRd0J4ODVwVWRqdUI1VnFRMVNEb2pOaldoUzcyQW4va2FkMDhJL1R3WjVZeGVUSjduYzJzUUhkaU43MWJKNWFZRi9QQkFtbXc3bmdiN1NNMlBodVFBM09BZHFIN3FDM0xzRngxWkpsWmJDUjhwaGYyZFVVQ284bm5aWmlpdjNKYVNNdytQdnAzekE2QmR1ZjJoV2RGcjJvVXMwZElsNUNYampkekduY3hlUmtpN0JJZzRZamM9_0">
					<gx:imageUrl>https://earth.usercontent.google.com/hostedimage/e/*/4AAjQbR5fa8kfQRgZSuLgIHeLizC3m9OSr_mDIXfUhaHBT4YIp_X0tN1FWV3zfiuTDZca6kjc-0CjRLOTEEekclj2jRX-Dr0e2oVq-CsovsKegAAvmTKrvv6NG2DGv85hjeIolZvo-_UIPj85NouK9caHBynI1N3SAuRgJyfi9aFI9ZyqdvCjU3o910dd25VOIWIZrUY06rmKSe_oNJci9h5aM_Aox1hVFWAUAp0HiD0zhVL5e0SqiZ_8PDA4Cm16mvUrBGYvxaTrSrP1x0Q?authuser=0&amp;fife=s{size}</gx:imageUrl>
				</gx:Image>
				<gx:Image kml:id="hosted_image_QUFqUWJSNjlOUS9ibkZ0TW5IbkdUbmE1alhORDBnRmZBdEVhMHBJSkxRbkZ6b0M4bmlIOHpnek8rZWVVbHJXSUxmTzFEZWM0ZHpYUXR4RTU3cFZHZDdiYlBsZFlsVHBWYVBJVEMzK2MxZzA2bnlPMWIzN1VuVFhpKzdjNEJieURSL0hVRkdiRGFJdTlUb0piS05NYzVzR2pzMmV4WFdxamtlQkRCc05aUE9MMUJZUzBNZWJKVWtMYTBLZnpGWWJqTEx1bFRQOGdRZUU4SzdEWGNYM1FSQzc4STM4SWVyU1NlUjNDOTNvM3V5WldiNmJOaTNvOEY0TXk5ZStuUjFQK2F2Nmxjdnc9">
					<gx:imageUrl>https://earth.usercontent.google.com/hostedimage/e/*/4AAjQbR4lmK0qOYmCB5rsW0OycxEloNP-08FWAuDIB51zIMMgYpWCmctBV1zqhXwO1Zv4x5G242N9BnFQC-Z_Sszl--d0kPDeEshUxkX2Fd_b_ZM-4B4Hp1WSwAcHk8Jo8AFE_MdeYYw7O_hvArzg_nHjya_bn6T6L5ZwsJfAChULajOxfXruh-xmgJLE7z_xImId0xwyU5-9OA0dRRUfs0UIth8wKup-1xVSrLq2ZhNvgLZbQWDf8P81ymTN3QQbo8Fj3hqC6L3skg6EO1s?authuser=0&amp;fife=s{size}</gx:imageUrl>
				</gx:Image>
			</gx:Carousel>
			<Point>
				<coordinates>-6.077519081446092,37.37425798793758,0</coordinates>
			</Point>
		</Placemark>
		<Placemark id="5DA7D8886800002D">
			<name>HD-08001</name>
			<description><![CDATA[<div>Sector: 08<br></div><div>Ubicación: Rotonda Don Quijote<br></div><div>Tipo: Arqueta<br></div><div>Sección: 70mm</div>]]></description>
			<styleUrl>#__managed_style_020D6A1BEA410DE2EFA4</styleUrl>
			<gx:Carousel>
				<gx:Image kml:id="hosted_image_QUFqUWJSNkx1ZFY4Vll4LzlPaDJjK29XL21IcU5yL05vUEhRcFlJOWVjK3o1NnJHN3JzbS9yK3NoQjB5bVc3blB1VGRGSzFFbWtPRVg5SUhhRlFOVUhTejY4T0s2cC9qZzlJZWk4RzdzSHJpOFFUQlZmVWRqMFNtQlZOTHlMNHhDOWdxaDkyckVPUnB0Q1ArS2N2eDJBZGNCRWQzbllkNXdCdnp3akdsUEJzSXRJYmpXWE1DS2ZWYmEwSElHQ21jbEFoUjJ4Qi8zMWF0eXUycW96a2MyRWpFSk9XZXA2bmU4cVdsS1g3WThyS21xV3ROSnRZcHZYQUIzMzJuSk1uOVV5eUZYK1U9_0">
					<gx:imageUrl>https://earth.usercontent.google.com/hostedimage/e/*/4AAjQbR6WxrvB8Dgp_qqT4N7Plp71Hq9xPpqOp1oNsyC0wbvMdkz62UhPn2LtsG7gTCojncjjn6eTnGXWpdZKxj0BC9Zn2tezfVUSPXiU3cfPyYIOZJ2JUvPGIN5A0LSChD4H0YbRAo_R9mDkTiCMKq4TgjxgCX5xzMcuxEcMn-e_8tIKCd9iYRigr6E4goZEdB2SJL5HYUBWNUYdr-514sl-fC82zLLF5l-blaxJ4IQJA4IsjTlPIEXvc8418qQdwGQIp0wvvfNpcwTFiz0?authuser=0&amp;fife=s{size}</gx:imageUrl>
				</gx:Image>
				<gx:Image kml:id="hosted_image_QUFqUWJSNzhkeWNDN3ozMEtDZmUzSG9kcXR4VUpyKzhjcVE3SG9HMVJQU2FEZHBiT2l1Uk96Q1ExQmtRTHJJUEFGUXJnSmplRzRqL0YxRHdIVnI0YlJ6SDl6azIxRGRnRWtTQ3VOWnoyYS9VUTdhM3Mvd1I4Z0VBK3IwdlkzbytwY215aFpOM3lCN3dSWmFtaVJCZ2NRc2dUQ3pjUWlGbzB2VlBVcnR5MGhEcDBBVzRKaXptbUkzMFFURS9UYzZTdUVGbnAva25HOFJGREhtdzdCTERSbzJqRk9rUjVpVU8rUElTcjJUNmtzY0dPY1J0M0MrSGlKeS9YRkVyelo3MXhFVG9CcVE9">
					<gx:imageUrl>https://earth.usercontent.google.com/hostedimage/e/*/4AAjQbR5RBMt6lkavR-YsCzwGiN-DWJXkva6IERLpTFD8tRA3kByvGUuY1pfVyK8yhuV079z-i00qZfZaTTAvGpn6F5kNqz4Jds91m1_nbDkLLMd_LK22cIk2avNEpeD5wD1TfrM2MP9flgtiSrg70ErIN_DP-k9hv4N2YWJmwOpHwCMVml0GaxWOHlqHKV4BEd1VoX0C_labw8RzYbvNKnaozCkgA-VCqwAQvvLC2pm_eVu_R2AmofrdPouPdb-qxGdMDFY5u4JKcJ7Z0wo?authuser=0&amp;fife=s{size}</gx:imageUrl>
				</gx:Image>
			</gx:Carousel>
			<Point>
				<coordinates>-6.076051380445864,37.37446592732274,0</coordinates>
			</Point>
		</Placemark>
		<Placemark id="5DA7D8886800002E">
			<name>HD-08002</name>
			<description><![CDATA[<div>Sector: 08<br></div><div>Ubicación: Av. Juan Diego con C. Tilo<br></div><div>Tipo: Arqueta<br></div><div>Sección: 70mm</div>]]></description>
			<styleUrl>#__managed_style_020D6A1BEA410DE2EFA4</styleUrl>
			<gx:Carousel>
				<gx:Image kml:id="hosted_image_QUFqUWJSNUl3SVVaSDJUTWN1MHlxMGVPVnlwMm0yUmFWYnlhQTVqemJMREZtYWN6OURXUnE5b2tUTHFORXZCRFBTNGsxdU9ITXVTbVJCaVl4ZnRoV3RKbmZwT1Y3NU5oTGVJRXE4b2QxSEU5amEvZGRQVHg3eEZnVkljOUdmQ2VsclNHL0pnTk0wQmFLSTk4NnJmSTdjVndScjF5dlluaTM0c3UrM2NjejljajZNV04wU0FhQXJFSUtlRXVKM3hXS3RUWkZndXhEV2g4ekJic0NTYTZoU2dIdTErSHRLbkFlMEZqNHFqTGYrNzUvUEJEMEljS21QUHMxcE85cnFkdU9RZUFXSE09_0">
					<gx:imageUrl>https://earth.usercontent.google.com/hostedimage/e/*/4AAjQbR4_GcAy1V2F2o3T7k44hu1Vdc5xz0uDXEmJsU2Sm-RXEQ33LfgkoM0Ea44VlGYxWhudNaLnH6cieRbPuul0ilTIc1I9jijRqxPrm5mWxC7qXhSFIRwmpUGU8jrVgxv8ehmuMldPKMUgnuFC-Vfy_hYM3kgHcGK4wqIbwUUg3RaQBIXAsgN2Bnh3XKqOfakX-8YD9AOGcCkbvu0GM7BW2ZRBfWQMX0pQYh3WvgC5BucCXZ6NYxwqewTg4SSaizZcfLNImPzBE1HCRnU?authuser=0&amp;fife=s{size}</gx:imageUrl>
				</gx:Image>
				<gx:Image kml:id="hosted_image_QUFqUWJSNis5VDdBOUdJakRwaUZ0cmxwUHltY2hEbHBpQkRIWUhhTUFBYmwyUU44a0tFSVNnTTJvU3dRTGtBOXBIaGNFMjI1eXZQVkpYT1psS0xPNGhlUlpTUGkyY0ZFSTdHbXN3L2w0c0ZGNGlaNVd0Q3JpVVp3Q05XL05ZN1lXbjRBMThrbTVuSm1IVGUyb0FQbGwxSkI1b1ZYdkdqUFVTWGxDVGRWUWZWLzd2b0xML2M0bEFiUjRHVktYd0wyKzg4L3c1RFRXTGw3cFhlb3hMa0hZYUxVOXF4dU9Lai9DaW5CdWNvMVYrVXNnZzVXM3htakdqc3NvVS80SHp4dXd6NWdRbU09">
					<gx:imageUrl>https://earth.usercontent.google.com/hostedimage/e/*/4AAjQbR4bFbtG8PNWUSAS__AdDSjoAOEGG8_Q7aUHSxGQkzrTqZIQnUyG964V1oibpxk5KOtTGkCLbCJwSfsAhJUuUAX84gw85mUN0HfZAXeYN5tTKxwYYWp0NrQwwBFQoHmGkHSwBtHxZ6uUHvibv7G8uCV35rNn9MPlKhii8L5nle6vHPqRtQ9AmUdXB5iA0eran0rkzp8Vhage8wepESK2rmtdr5rvs7wgoNrjG8zF_3TbM-W74vgk-3uekL0jDk5bJPqZFvgkVs26bG4?authuser=0&amp;fife=s{size}</gx:imageUrl>
				</gx:Image>
			</gx:Carousel>
			<Point>
				<coordinates>-6.077828608686039,37.37390858805199,0</coordinates>
			</Point>
		</Placemark>
		<Placemark id="5DA7D8886800002F">
			<name>HD-08003</name>
			<description><![CDATA[<div>Sector: 08<br></div><div>Ubicación: C. Duque de Rivas<br></div><div>Tipo: Arqueta<br></div><div>Sección: 70mm</div>]]></description>
			<styleUrl>#__managed_style_020D6A1BEA410DE2EFA4</styleUrl>
			<gx:Carousel>
				<gx:Image kml:id="hosted_image_QUFqUWJSN0NtUGpEcFBBeEtScjA5RTgvTWlUQnZMSmsvQi9Kakc4M21LN25oa2xrZDAxYlNjQ3B3WGRvdkFSRkIxc2pqUVVKeGhHZXVlLzUyWTdSNEJycE1WU1VrZTFsY3NUc2ZBZTNmRTVJQmJ1czVQRVNqY0paamxjNTFobDNJQzVWOWJkbXhrQnJCM05reklySGxQUUJKZG1TT25WRkF2QnRZYVZNYWRQb29pYUNMdXdEUXdxWjdkbEUzQmlPd2dOakdRdi9Xd0x6MUc3NmJsY09HbVdnSFErajRQOVJLdldBdUVxWFFTQXVkWW9NbUhVN1lLc3dyWkpySkJaYk9wdVVoVGM9_0">
					<gx:imageUrl>https://earth.usercontent.google.com/hostedimage/e/*/4AAjQbR4CfJGDrIbDax74DWUeKG3_bej8qdlKazJG8JwvyF1LwLxy4gAseg2-g2mEshsyUiS7ISV5ABwNUHcF3-uCpvfERNkeroI2uXhYpBZvGH2TYc--CmqVXmFg2GXgMjF45rk1Tmg73xVghPkBtm3eWIWCeEHf5lW5Z_oJO3PwS8e56x5Rvw7EtLQUTb4aiNvdB5okoTT4_o3grDiwG6mT8SUnxtWBQcYY5RdH6UnqzRuGwQNO18uk6OdlVFMnxYm0eSGVK_Yw8qxmACo?authuser=0&amp;fife=s{size}</gx:imageUrl>
				</gx:Image>
				<gx:Image kml:id="hosted_image_QUFqUWJSNXFLV25GY2pqQUJiNnAwY3NNVjd5ZEovNnc5eDdHQk5tQlVZYVlEZjBseGpGMWFncnhmSXdPLzNVNzNrTjI0SmFINjJyT3pBODRia1A2OFdGYmtobFloRWZva09HRm81Mjl4RHRrVnk2U0psOU9UZlB3K3JBZVhTb2o4NTZRRng2VVZaZXNOVGRXRHJUQkcwWWxyQ0RMQkxRNDdHZzVPb0RrbUVKREZTQzJkbW52bnRSeUE1VGhrNDU2Q1plZ3BjSjNHUDBwZDQ5QTF1VHlwS2FERHVtV2tDN2tHanora3lpekovSXNPOHhxYWhUVkhjWENOOTV6T2hpREVaRVM4ZEE9">
					<gx:imageUrl>https://earth.usercontent.google.com/hostedimage/e/*/4AAjQbR7TeGRuo26Hv3IjLbfKXnj4riU0WIGDKGG7EFOr5N5OtN495S4tfDeuW8KRNTUHSgTZvX7e07eXnDtI4bOO3py1MHprKz07J8TV9lNRhN9KbfHxfbS7I857YWUFRWdAtnQpKb2UOKxm-g97HMyQPh1QHC_xNdbKNYD56Bb0KhfwMmvkh7EzFMen4z_B-LB4gV3ffHXu1P3QbtYTxmSrUZuCcjZCX8TajloUFtIjPWXru7hhkYT0A2KMBzRwUDJSqqFm5Ng1nb41Eys?authuser=0&amp;fife=s{size}</gx:imageUrl>
				</gx:Image>
			</gx:Carousel>
			<Point>
				<coordinates>-6.076891197539249,37.37377367352264,0</coordinates>
			</Point>
		</Placemark>
		<Placemark id="5DA7D88868000030">
			<name>HD-08004</name>
			<description><![CDATA[<div>Sector: 08
<br></div><div>Ubicación: C. Fresno, 11<br></div><div>Tipo: Arqueta<br></div><div>Sección: 70mm</div>]]></description>
			<styleUrl>#__managed_style_020D6A1BEA410DE2EFA4</styleUrl>
			<gx:Carousel>
				<gx:Image kml:id="hosted_image_QUFqUWJSNTkvaDlRcFJwOVpPWnRDWTRYZ0c0d0ZsSEFkbE9BV0o3M3BiZWMyWkNkR2dVK3hWTHpIaXNPVFl2cW1wV0x5eE0vaUp2QmZaKzJGRFFEQUE1Sm1TU0kvazNDbmFhRE56VzR1VEdwaEhoaXJ3THJkQjl0Y1dCa2xmVWZTYWhseDJqSlZNSUhEV3VVdnZUa3dRZTJYUFhEYmJ0UUNTdEVZYXlUZFZ5N1VkcFBIek0xYkJKNXgvK09NRWlabDloanhhMHJ4WHBkQVgvTEpobGR6UHcvUlFxRWptSkNDeEJhVU9vckRETmp4N3VNVnQyeDFYcmZzeHRwOHZBeUs5MWowNXM9_0">
					<gx:imageUrl>https://earth.usercontent.google.com/hostedimage/e/*/4AAjQbR7SwwQLLkgO1BYsHK8U7I2BfNL-M38dCOUuyTaIVsdc2eYcg07qcqy-D3pkYLaU21jZybNKUBJnZ8W4IU93VxD2ZEDRSSYm5Jre-qE8fnT0Jp5ST7apQ5JpcWYm_qZpa9nUVHPYLYwrSs8ANQhEKurXtgQEDXAHhf42M0B87z5VCfieIgA23kEBSMiS_fo0Hh7EbduNaeYhy-vm5tz2kNeZDYOvHh-yfiN1zqK3Roi21McTsSxD0xTdTsFKlZghzHSK4sS4fFCXG2I?authuser=0&amp;fife=s{size}</gx:imageUrl>
				</gx:Image>
				<gx:Image kml:id="hosted_image_QUFqUWJSNG9JTE5yUjRLSVRFK041ZUp1NHd6amJldGhTQXpzUnVWdzcrYllvd0pVQ25sVE1nR3pKRFFnM3hjbjdPM25RcVd6c0FDcVA3bW8rQXVqUE9QSWY3ZVpuWVdmWFNwRkcvbGNFYlJYNWNZcVZvaXFoSWttQzE2MU1FRll5ZURBeW1BYnRZYXNHUzRLeVNCbGFqT1pZckpnRHVpdzBDMitQZDRLQ2ErSDdvTEVZSWRKanV4by84NU0vMzJNbklPUXgzNXpJZ2hOOHRRZDVyYWh1Mm93aG1ZU3FpVHg3MXBDNmpzRmo0bzc4djdxVEt5djFrcVVmUjZMTEs0bDN4dDJiMGc9">
					<gx:imageUrl>https://earth.usercontent.google.com/hostedimage/e/*/4AAjQbR4wxnX-KgM5hS7gFjbmjYVr28z5BqbS2sSxQHLbe0HY6i842-wwZhWLQGSz8pM63PyMvz4-8vhVyc9p0U3bhA9-zgYDHYaZ55ed0gpVsQsWDnAtS1ZbPLvHwJdrZEhLUFJe34R5tNLvv6_zuonZYs7-0k5LAQDepHspXBxiWVtFa6cOlZDp0--n-dhHtBdgm6nnMYjor4VgX-c_dxP9VvLa_92DDqwgI-wIOtwp-V4I1JYFUhqEoCg77wcgINzgQxEfoe0KaGM4muA?authuser=0&amp;fife=s{size}</gx:imageUrl>
				</gx:Image>
			</gx:Carousel>
			<Point>
				<coordinates>-6.076153557881042,37.37340818802308,0</coordinates>
			</Point>
		</Placemark>
		<Placemark id="5DA7D88868000031">
			<name>HD-08005</name>
			<description><![CDATA[<div>Sector: 08<br></div><div>Ubicación: C. Puerta del Arenal<br></div><div>Tipo: Arqueta<br></div><div>Sección: 70mm</div>]]></description>
			<styleUrl>#__managed_style_020D6A1BEA410DE2EFA4</styleUrl>
			<gx:Carousel>
				<gx:Image kml:id="hosted_image_QUFqUWJSNEI0bGMreDRYQ2lCSUtqaCtTeDR6eFV2eGZHcHVFSXQzYjJuRFFBa0VqbCthQ1VEOEFrTmo4eHZ0MTQ4cmFtWHAra002NHlSMEQ4Umd1QWg0aXpvbjNtdnpqNk90MGVwQWZVMXJvUlZSTTI4eHdxSFErTGVaUTQ3NkxOZWlKRW5mWGhsN1o4MXkzSTFaUWI3MG13bnBwcnJVOVVuN1pXV3UvODZxLzJaL0tLekNRWmloemIzTTFvRktpK3NEM3liSysyRHd2WEw4S1N0enNjUnRYQXVERTU3bUFSOVJuZ2VlNVVBTlVlWXFRR0s0ZEs0OUVaN212ZE5YUjNzU2l4NVU9_0">
					<gx:imageUrl>https://earth.usercontent.google.com/hostedimage/e/*/4AAjQbR5QiZtYHFEvUl_AKysGe_PGF9E4W6KyDAN2BjfENIEfYA_2kzw_jr4-r6wSdeozpNw0yElg20Lk7vH1TsBcqCbij_kxiOUVy_PvVudmSETSeo11Hhk8PPy5tkb9xXP1TZMten-GJasyRt6-OyAsupshwOlC5C520DsI1JL6vTozfOzBgplYJl-pcthzXkTDNw72YWL1TjGmjqiYKrpEoBtcdLUBn5DnbtE8dzpQAuALrtyPHsaQxgNVGIE-m0IlOIVFcB4qfFNSWog?authuser=0&amp;fife=s{size}</gx:imageUrl>
				</gx:Image>
				<gx:Image kml:id="hosted_image_QUFqUWJSNEw4SFdYWFV5UnptSlVHMTJad0dBbHRRUHFJRTJseS91Uk5reU5LWlVNaTFOUklvL2VUK2NRMUV2REliaXF0SWMvVDJJTFV3ekRmODdjWU9NeW9PUUpiWWk2Y2F1ZllUS2hXcXJETUtlR2ZWUUxwRkExN3BIbDB1NTFHTWgxcGgrVStkK25za0FtVGZOUlNYeWhkQmNRNFZ0WWJza00yazV1TWZsNnFmb285d0NHSTlHT25LWERwNUhMSVVPQlRKTmdhUStWK0ErT09ER2U5ZFFlL0Z0Ky80UWllU016eGpoMklwRHVjamtXUm13YUJycFd4S0FIbGh3V3FOSVlidEk9">
					<gx:imageUrl>https://earth.usercontent.google.com/hostedimage/e/*/4AAjQbR6aYmW49IP1A62LtJLyoFFJioIcOcdgLdmUDSsi5JzXRnXz2ktbUPhASfUYvXCA5HrXeoJaC4v1hI8Vu3rmnpUn2stGDswQAObi5DAIES5zF5r6Xq95Mhta2Qq1xk3b6zCO3FLLytN6bYKdY4SoNwtxQOg8Qh_N5eQOyf8uMHuhJlJsSFpajfBPjJ2ZtwoOkcVOh7yVN3RUQCr2IU8Q7ZhUbpD28XWykWHFqKqlArnrduvqUPPMQHbiiEobintVRg8H4vxWWFS3ouY?authuser=0&amp;fife=s{size}</gx:imageUrl>
				</gx:Image>
			</gx:Carousel>
			<Point>
				<coordinates>-6.0798774061118,37.37324203630842,0</coordinates>
			</Point>
		</Placemark>
		<Placemark id="5DA7D88868000032">
			<name>HD-08006</name>
			<description><![CDATA[<div>Sector: 08<br></div><div>Ubicación: C. Fresno con C. Roble<br></div><div>Tipo: Arqueta<br></div><div>Sección: 70mm</div>]]></description>
			<styleUrl>#__managed_style_020D6A1BEA410DE2EFA4</styleUrl>
			<gx:Carousel>
				<gx:Image kml:id="hosted_image_QUFqUWJSNGFyN09RblI4TC95RHhLUEZJM2RkUTlEWXRJYWtYNXlONEsxRHlwYmY4emlFMUJpbzhNTzZIcnFXNitsTk01YVdOSzBUNVVYeE1BNFREVHhud2MrMXRLMFB2TVpLdmR4T1dJK3Q4MnMzWGg2ME1hdmxyYkNlcjR3UDhqMmRjQUVGYTl3TkNyb3RnRGwyWG0vb3gvd1AxeUJ4aW53NlFJRnV1RHNLd2ZYc0lnaE1SWDhFbmIxSnNWbDRZbVU3Ni9nVC92UVNnTUJrU1dYRS9Cclkya1ZEZ3dTYUE0bmd0bFZWSmk3NGZPdURUZ1F2RkdNOEVmZFFUOVJaZHJrY3BDOEk9_0">
					<gx:imageUrl>https://earth.usercontent.google.com/hostedimage/e/*/4AAjQbR6fytR08JBFwgiNHFfE7sbiugnMz1RJ93KkIyMQ5toiYU06lt2IzZ_pCMswYL-G_SPSv25d8qtG8ndHg3bdJGiid13lVIik4iBpDVo0UcdcfBPO4gJQTzfaCB-gc2gXsj7_RAm8CO0SVrUgoUmUKCqW74wJK0zHGMwsiF82-EPoEAXZjOk2vt3K6ANGsTiGDCGCY_HOeLFgSqD0zzsLARblGbLQ5QilWpqlZ6NQISxZjblOjE3P10B6M2fAWuZ_rrvWng7XsqnSe2Y?authuser=0&amp;fife=s{size}</gx:imageUrl>
				</gx:Image>
				<gx:Image kml:id="hosted_image_QUFqUWJSNDF2UEowbEpXbWc0Z0huRHBVZnlZOU9FcjFVK0pUdEorNVFMeFQxblU2aklnWS9saWNnRFFPYmphbzYyOXR3bDJHZ3JpYzN0RTJqVUhXRitLSzRCK3EybDNoQTNGTUlwa0grSjFneC9TN1VCcFNJQjFoTXF2T1FoSEN4T1kxemRKSUcxR1o1aWdvWjZVQ2dGbnJLYmFCV3B1SW5mQVE5cE9zdW5FSGRpYUNpYzRNVnpGN05jZy9wUGNaN3Q2eDlXTzlCRkVKZVo5TmQwZUlFYXh2RC92VUFGdmtHSHlxblUvYzhvNzFmOXpjYlIwTkRtZ3hnUnkxNkxYZW0yZ1U2czg9">
					<gx:imageUrl>https://earth.usercontent.google.com/hostedimage/e/*/4AAjQbR7g522SHERBDm5w8gIJOz4gmEnXHAWahYy7CZd8Tk0CbuDJGNuO1f8w8wmjUp6e30Pq-NrsJRXUuKC2B0XJqVp_-lXgDRWVg0H9vUd84pY07ctICKIzsyf3pqW5SpHNr_8QLFeCdyGP1fBemNTADwkOAmj7PU-xAkFJTloGrLBKlz-WlnDbXcOnniUGCjbZh4V5jYVciJBKAknWg_5o0-NfdhelYD-fPvGtShIDMJOn5RatYBhOqYG84UVmzLzDwZwMWXcx95o_TVI?authuser=0&amp;fife=s{size}</gx:imageUrl>
				</gx:Image>
			</gx:Carousel>
			<Point>
				<coordinates>-6.078192509138258,37.37315210407412,0</coordinates>
			</Point>
		</Placemark>
		<Placemark id="5DA7D88868000033">
			<name>HD-08007</name>
			<description><![CDATA[<div>Sector: 08<br></div><div>Ubicación: C. Puerta Triana con C. Puerta del Arenal<br></div><div>Tipo: Arqueta<br></div><div>Sección: 70mm</div>]]></description>
			<styleUrl>#__managed_style_020D6A1BEA410DE2EFA4</styleUrl>
			<gx:Carousel>
				<gx:Image kml:id="hosted_image_QUFqUWJSNTBHeEZjZndBYlJPZENwUHpUM2EwYTl3RkZuYTlxZ3UyWEJaTkJuQlNzTDlpTnVZL3hEcjBWNDJWbFF3cnpXN3YrcHEreVBKSVJDekZqaE96bldyK3JYZHlHSHQveHNwa2RISlEza0JQekpYc3F6L1hWeXJJUnYxQTNtQlMwR3Nud0ppMHB3dS9pWElWVzBobWFMSERqb0Z2N20yWGZ0eWNTQVdtOTA5RjFiR2lqZlpxczkvMjF6K2o1cEZlNDcrV1ptSDdLY1g2UVljLzlGZGdUQW40OUQzaGpxejhCREJTN2xKa1lzRkFnYnREMUszWHk0WC8wSjlpNHhiOVVqVWc9_0">
					<gx:imageUrl>https://earth.usercontent.google.com/hostedimage/e/*/4AAjQbR51tbGVLiBLeRggPszBherkD_mCRfzdSSHxA1Bqwv9NMDuWi-cCeaWpMdDV-bs4BqGocq7BMQA64bOLuQiYNOo98phXQLA8EB5t0vroh8lWNPEhu0jJXhewMHgVQjDMGMETuvnevZZ_bUaarrbxml-SpYo_PymgJT_htLtaviB1pQFeEl-9mOwmdPmKqw-wtxVZFicNFzeahXXs87XTJ_pfzhZdZcVLXwnpfZHjcAtcNK7DBiQbcwl2yuEroXkHOVwEoZwrNE6r2Kw?authuser=0&amp;fife=s{size}</gx:imageUrl>
				</gx:Image>
				<gx:Image kml:id="hosted_image_QUFqUWJSNHNVdmcxQzdrSVZYdVhaVW9lbm0zU3lQOTQ5R3BkajZsRm5yWFhNZjBPMVdQZ3EwQThyYmxMbW1kZzEwblJVcU1Va3ZUTFdEZy9zcDl5eS9WYXptYUdNdW0vYWY1Q2dSWVByaVQ2VGt3RHRReDVMRmlIWHRGVGU4Tk02K0puU2NaWUdGZmhWSHQyTW5kMWU5dno5ZmlnYVN6Q3ZkVEdRWlUwenVKQmtDSldwQjUwbHQzeW1hanNLSlBJcDBUckNuRGZMMDRKMVZwZGdFZmhDQUxzUVAzK2Uxc2o4SXU1d29VUGZWN2RLRG5sbmNKSm1wUDZKaTVKOFBQNFBaYlljM0E9">
					<gx:imageUrl>https://earth.usercontent.google.com/hostedimage/e/*/4AAjQbR4azk21N249I1VJVsKpa-xPxv1J0XSFTygZ5l5Qj7rgsGDjcw-wBsqExwJIfyNaAB4KvD31av2H_bZm2onsDjuugHpin0YFuXQ8F-7u1ycGtXRKs0zyuxAXQ6-O0yYP8RyqFLNv3Lk11hZkSaOtlp2JEgoXYltCJw9lVorcqpHtNpks1mggvPOU0uJ1ZAMRmrkzWIs-6uNW7N1ZRgmU4STiKWqOGgKtKO-VvmSEe_dBb4-3tHDTzWa1Hib93amaLi2mjnf1wv4ay_g?authuser=0&amp;fife=s{size}</gx:imageUrl>
				</gx:Image>
			</gx:Carousel>
			<Point>
				<coordinates>-6.078982296905032,37.3731189282307,0</coordinates>
			</Point>
		</Placemark>
		<Placemark id="5DA7D88868000034">
			<name>HD-08008</name>
			<description><![CDATA[<div>Sector: 08<br></div><div>Ubicación: C. Almenilla con C. Puerta Real<br></div><div>Tipo: Arqueta<br></div><div>Sección: 70mm</div>]]></description>
			<styleUrl>#__managed_style_020D6A1BEA410DE2EFA4</styleUrl>
			<gx:Carousel>
				<gx:Image kml:id="hosted_image_QUFqUWJSNmhzUWtDSUh2Mkh3NXlSWkZjM3M1ejdSay9sQVNyRU4xQTRrakdnZWozaXEvSDNqM3JrQmwyWWxxYUxpOG82UEg2MnhqRlhXdlJ3WE1sa0VHV0FzcTJXcU9WR1ZkaWtOaGVXdDBzUE4remwwdERTWVdPNEtabE0xOW9yK1FtZkNhODBOMjFLVUxGNDRtMUdSZURMeUdBWmFwa1RlUEpIZTQzZ0NzK3BMbVozM0RObzFOU09VNHFCZFFCWnFqL2NXUnExSVQySzFLbjA2ckdOL04ySUpYUkVIUXA2R0VBV3haK1I3VkVBMWg4M3BJV1M5ZmVEK1UxeTQwVzhDSTQrMFU9_0">
					<gx:imageUrl>https://earth.usercontent.google.com/hostedimage/e/*/4AAjQbR75MRXbdSzbNH3mmSbItehTcaxKOXFFRoDx8LfaLNCcOcQHTcg_ovRnMs5MBSPum7EiQ9o_GYI6ObSXEQngiPeF834z4GUq8YspNKl7AUH5qAID_hgyLnKJHzXz75u77HlARPi5qpCN43qiPzvanyvUx8HsHsuBoanQnxSVYRSmTPsz_BTC_Xss6VbLLNFV9B-NjUs9_sSeHKKV2gc_VD9V0LPN0PqKYA9awIxROcvNVtXvGhaTPo_EE3Vy2I8Z67TDg_7FZwe21IU?authuser=0&amp;fife=s{size}</gx:imageUrl>
				</gx:Image>
				<gx:Image kml:id="hosted_image_QUFqUWJSN0xMcUtoNVhkUTZ1Tk1Hcy9QSEpwclpGUk03cnhvZlYyU05DK2w3aVpsUWxPdTJwbUdpYktVUG91UTJja1hyWlp5b2Znc3VRWjFlejJRZER1TnlaUjVXdldGUHU3RWlPUHFBQXlHeWpocFhHazNnMk1tMkt0bUM4OUZlRlQ1dndYOUJvQWtlN0pGVWx3S05KZnIrYVkrQXVwR1BVektBYzloYzJBbDhQaDBXM1B6Z1l0L3ZpcHJOWlVQamhkYWVUZ3F6N2FLa0tNcmpTcXMxbmswaWlzeDBxaEJKZU9SY2gzOExobDhVLzVLMy94aVhYVGdFb2NhYk43WE55cWVRaU09">
					<gx:imageUrl>https://earth.usercontent.google.com/hostedimage/e/*/4AAjQbR7bcKWrSGvxXDY_VhV0yyn1V46i7PNv3RVaOs9abuJF3ijzuritjBIDzvDw4bYfKeosFis6ohtQ7UEdnyUdxbvAwlE7P5Gv_Mvq8dsOGJ7gwH6_HqJNOq72PTEh5xVzWT5N9zD6cvvEszGILhbuR4rHaPF20zQmCcgIeSiVxtz_JBLbuXCj7huQYbJiHNOXdth1GB0QSQlJAqWj7dJvMd3MnvyjS35Dd3z_TYN1t3SiAGIQSiKjeNZeM0tgxzJXmStjhfttWciSzzg?authuser=0&amp;fife=s{size}</gx:imageUrl>
				</gx:Image>
			</gx:Carousel>
			<Point>
				<coordinates>-6.079866396420875,37.37191568188912,0</coordinates>
			</Point>
		</Placemark>
		<Placemark id="5DA7D88868000035">
			<name>HD-08009</name>
			<description><![CDATA[<div>Sector: 08<br></div><div>Ubicación: C. San Pedro, puerta de IES Juan Ciudad Duarte<br></div><div>Tipo: Arqueta<br></div><div>Sección: 70mm</div>]]></description>
			<styleUrl>#__managed_style_020D6A1BEA410DE2EFA4</styleUrl>
			<gx:Carousel>
				<gx:Image kml:id="hosted_image_QUFqUWJSNE40UkhIUmxFZ0lHczhray9pSlNZaXpQelZpS3RycFY5czVHbStCc09pVGhFTXdqZGhYRERYWE9HMjV5aGNINVZwclN1amJ5eWZLM2hIRGptcUxnSThwcTlZa29adjl1djZnSFV1dnJ0YXZGWTBTSFc5Q2RmcDVQNDJJbExpZDVDK3N5UVpJR1EyQWNFQks2VHkvSTlpdU04MWUwcHhjcUEwZVVQNVY0aUhudTNXQmZwNEdMbDdxSEhiQ0xkT3B3QnN6dUpiYmw4aXpRdk83aW1MN1J3YmdIKzk0L3BnU0pkQ2tGRXFRU0I4L2QrdmU4dnlXWEFQZGMrSVRtL3ErTGs9_0">
					<gx:imageUrl>https://earth.usercontent.google.com/hostedimage/e/*/4AAjQbR4O8kn8Ousxaa_Vu2CZs0aTuU16v5R2guPN0DXfnONUzawaLbqt3SPZgYW1p_t0yrWbwrvHWsscc1rJEZDrFjmVzoStd3i-H1Bepq-_TQIYjlcLs5_6U3OV-GJrwDz5GUsYoUHw3E5R8LaMeyYsb05ackooqsgz_pX7npCS_RkK0EpgZBINpwd10JoXkddTWFIZQwkGk-2qOr9iOaBJIsx_RQpWGoGD-JS9XUo7m2PIP_ZH9_NMbw72qrc74VOfR9bRJ4jhzudvcqY?authuser=0&amp;fife=s{size}</gx:imageUrl>
				</gx:Image>
				<gx:Image kml:id="hosted_image_QUFqUWJSN1VxTHJJU2hSR0lYYXluNEQ1eVI3NWxrWXU2cC9QbmJZNSt5d2lvS1ExMWpoVzBENStIOEF3TTJNSVYzb3NpZ1pJQlkwalJ4ZGRLRGJvaXdjc1dGMEdvNWpEOW5OaDJqbkd2TjNhVDlvdWsxaW1SZVB6OE8wY0VibFhuUzd2eWdIdEUySzgwcUswbTBvSUNZUjFnc3h5Lytsbm5jQkM3SW80SnVZMW5zdi80WkZNeVVsVlVCL2daNmZnNlpKUDdGREpUd0c2VjczNmp2WVc2ZWtuOXNRekErTEprZk4wVXNFZWtLS2dzRXNNVzNjSEU0enVnNklQdjl5TUM2NkVmVlE9">
					<gx:imageUrl>https://earth.usercontent.google.com/hostedimage/e/*/4AAjQbR42ROJ6x6SkOolbnnVk1yy7rjx_LNxHKEy6BVd64FPN99Orzxsm75QzGQIFVdUEAUmECrw6VehjDW6TL5eZ6B9xVmiNpkMDSI3o4gUsmb7qKoDLUyQA8J6ieXfA-1sn-UntOupay8cnDf87FAe_ur5w57w4tfk7WFgU7-A-PtnqF4LXUPi3Zml0UWzXBaWZR7olMQfdrmKL2kFAHs5xwzVvzYoCVDoKVp7ycdqlh5vDFHG89Ww1uOvP7UHAcGwYGhxRtECKFU3ybpI?authuser=0&amp;fife=s{size}</gx:imageUrl>
				</gx:Image>
			</gx:Carousel>
			<Point>
				<coordinates>-6.077254927781675,37.37164892926928,0</coordinates>
			</Point>
		</Placemark>
		<Placemark id="5DA7D88868000037">
			<name>HD-08010</name>
			<description><![CDATA[<div>Sector: 08<br></div><div>Ubicación: C. Puerta de la Macarena con C. Puerta Jerez<br></div><div>Tipo: Arqueta<br></div><div>Sección: 70mm</div>]]></description>
			<styleUrl>#__managed_style_020D6A1BEA410DE2EFA4</styleUrl>
			<gx:Carousel>
				<gx:Image kml:id="hosted_image_QUFqUWJSNGtGUERPdkpYd0JQYmFIdjZndndWRXREZTZnNFdFTC9Id3REdTNXK3VySmZHM09tRkwwMnpaVFRMR2xJY2VqbUZZZXAzN3IwRC9EeDI5WFhQb3pSU1p6TURyNGx0RmduVjdibDcySUF2UHJDZEx5TnQxZHBuVTVHTzRTVEx2NXBycmZrVnhJcmtkaXRSWU5uUWVFdjJUbVNWd3c5NnpCa3JiWnhKK0lJNHRSTzEzS1ZneUdtYkFTNHltYzNQVHk4UGxsQ3BKRnlNUjkxeVNJSXFGMDlKWk9BWXU5bHFDamI2b3puazl6Y0FnSVFXNTFGME95ZmpWanFGUGJJMGFNbzA9_0">
					<gx:imageUrl>https://earth.usercontent.google.com/hostedimage/e/*/4AAjQbR6jFZwjg9OhVSmPL74wj48rEVzshaM3fuK6jqk18Yo012Y7dAOBOiH2I-FyBKnXYI6xoIDKaf82SxPU_mwPaPJQeQ9_zi_9trYE6Cn_vtMu4LJJOtoBizU2lspt7zCsc6G_k0NvVlPvQ4c0O2gm6P17HqImRM80GNLWvNTsCjY5WeFzHBNB0FTX75EIuheC6Av97W-mVsywCRSUqAdoLG_rSOrJeXWsVkQSv3Z5v_myerUNwVQ0_F_Frzlqa9M-ESEqnO5SlOvd4D0?authuser=0&amp;fife=s{size}</gx:imageUrl>
				</gx:Image>
				<gx:Image kml:id="hosted_image_QUFqUWJSN1RXaGRTTlBLeWlxcGVyQ1dtbzBPT2xvS0pPMWtiRWNKeVBualdtczkwNlpNV0Q0WEZwb1lEa1hMK05yRGNwSWt6bElZV1M5WHRkUzVsdUJ4Sk52UEx3UVZBbTV2czd2MVhkQ3BNWkVOMXlkZzZhZHRXZnRQK1QwZXh3d1QyNHgyOG1IaUF2dENnTHRUVUM4eHluSURIZEVvY3JWNDFMYjNLTnQ4bHNBTDZvVGJtbFF3VWhJZnZwemY3eU95REVOQjhqVU1pc29BTnJRRVNXNzZWK1hyK3dTRVcwUFdZVTdoc1p2ZEdxekRJZlFQbWRGcjdsZ1NFSHV5R2NZcXRqMWc9">
					<gx:imageUrl>https://earth.usercontent.google.com/hostedimage/e/*/4AAjQbR75AQNxV1Cty9WPvTjdeZQO8uzNrvC3g9f-pHtr4Nbg0URAlcHNqsqz4I2pJmrQvpeIVZ_K2chc_TxnPwjdN1CoLaigN8HJdt3hcAmFiwdsQvCmnkz5asAz2t4ge1j7C31zqRnl9UyHM-xGaPWpbaOB8BB8f0S9NKL8Ahv0u7poGQlZAahKFlXFFenzbeNprUjRmtZjczbs7bqJpHU8-xJff4kUIYoKYqJ5BsI7RwGuXyczAnAI5mSXnbmLL9VN8x9Y54IRhcridG4?authuser=0&amp;fife=s{size}</gx:imageUrl>
				</gx:Image>
			</gx:Carousel>
			<Point>
				<coordinates>-6.079121774110221,37.370858,0</coordinates>
			</Point>
		</Placemark>
		<Placemark id="5DA7D88868000036">
			<name>HD-09001</name>
			<description><![CDATA[<div>Sector: 09<br></div><div>Ubicación: C. el Barrero, 1<br></div><div>Tipo: Arqueta<br></div><div>Sección: 70mm</div>]]></description>
			<styleUrl>#__managed_style_020D6A1BEA410DE2EFA4</styleUrl>
			<gx:Carousel>
				<gx:Image kml:id="hosted_image_QUFqUWJSNmxtd2NxbHVyNWE1aHJoT2RROXBkTUlkSXAzNW9Qb3dERTdXczUwRFJMTkM4Y25NK3pETkdEVVJNSS9BWFVVek5mU3JNaGdVd2NHMWdURHVMZFhxVkZRVWFTY1U0WDJoSFRQQkcySHNycGdTWFRKcjBtVVZmYkNEZm45UnJTYTFaVktqaThvc3VhQjZ3L0R0amZXS3d2TWtBS1d5Z2ptY3ZVQ3QrQS9JVVFvRXZSMWFad1F2V2ZSVGVBYkF6WGtsVkR0MmtranU4WkFrWGVKa3RhNXRneTduV3JlNm1OSVNxUWd3OThJMUR6N0VTbFVWdVovOG1mL1Y2ZEtzejdCNDQ9_0">
					<gx:imageUrl>https://earth.usercontent.google.com/hostedimage/e/*/4AAjQbR4LT6QPmEVLeo-JdFOctz9OW5AKfETaTDNSU00biCuE4l72sQNVG3Sl9daFCSt9EDY-lQ-GE7PgVlXfWBYAV0V4tr6x8tg_RVtRmO5f9SWE06RGdws8ttLd2WYjUqT-dJfnvyeQYuxT1C_s4lpTi0S3r-0SmgtIUo6eGv9OM_DlfxSi8xGliNmVhn7w3NE1TNCtte3GExAD2Aj5WOqYZGXJ5Kdri_xXNYG-givwFTuWCeLos9f_5bh2ShqRjyG03eQU8mFXXKXEV4k?authuser=0&amp;fife=s{size}</gx:imageUrl>
				</gx:Image>
				<gx:Image kml:id="hosted_image_QUFqUWJSNmJvOGI4NE9jZ2o0SFNHOGVNdWZLMmpiV04wRWJscGgzYnJpSDVaRCtUb1F4V2tnMjgzNzFZUVZLMU5xTkE5SlB5WUZqTVM3MzFsNFdsbVYzeVkzRml2cEpWcVF3Q2lFWUNGcThBUHV6NUZKVlRocGJtVzk2b1dTUGJ1VWkrWFdoamV1ck41NG1FL21jQnVVeVhvRk1TMWF2Ung1dU9PT2xoNm4xNXA2UjJySVBtam5ReDNsSzI0NW1GdmkxUC9YYXo5Rmk2anBsNG80Nmd0WnRydmZwZ2p4d2xxZ051UTVTVUF1STB4bEtkeDdTWXRxZ0VLZ1RKOVpzdWNKMXUwRmM9">
					<gx:imageUrl>https://earth.usercontent.google.com/hostedimage/e/*/4AAjQbR5l7mXUaRsLU4xJSZt2aJPDDP3WixQ0VwN7Lt5GNzaonjvAvI_fGmCFt6hEB0LCG-Qhov-raSYcbQ0JHjh_EpQlDSqmENEbM167xoSoQHzkvWyVft_0vM0vIpqdt4UWsZkTaQKo-vtRi8EGUbRdj98A7YYY6RbVi9YCjz1ZyJZEY3tZHXMZfFiO4DzAxP9Wwg1qQhGNaZRdrJ2p_OhG_IE086YFK5Bk6GG4ixFu-rIVXp3FEgm-yi97OfkbpJdrjsPLIwV8JfwCia4?authuser=0&amp;fife=s{size}</gx:imageUrl>
				</gx:Image>
			</gx:Carousel>
			<Point>
				<coordinates>-6.075992733321785,37.37188592644933,0</coordinates>
			</Point>
		</Placemark>
		<Placemark id="5DA7D88868000038">
			<name>HD-09002</name>
			<description><![CDATA[<div>Sector: 09<br></div><div>Ubicación: C. San Pedro con C. San José<br></div><div>Tipo: Arqueta<br></div><div>Sección: 70mm<br></div>]]></description>
			<styleUrl>#__managed_style_020D6A1BEA410DE2EFA4</styleUrl>
			<gx:Carousel>
				<gx:Image kml:id="hosted_image_QUFqUWJSNCsxRm1aeVRpVnFyNWJtNFRaY0wrb0xwY3lPYTJtZzF2Vi9IREhnY1VRV0dZbU8zZHgvN1o1QUx4Und5Q1BhL2lrOW05eUZ2RGExMWNvd1FZOHZlVnRIUWNFU0ErSE5GeHpxcEtHVVVDbjVFSHNobzI3cTZzK1RiZS9ITTFzN2V0ekpLeXFUSHVMUHJtTFA4NUl4eTFhNnEyM3UzZ0dzMXVrYXQzTWNIelVjTUZZYkVPcDc4VGNNTHg4UTgzbUkzaWVZN2RPUEFPVnBXMWFyYUNXMFBzRjZmeUlMbkxMUjJvT3RIRElsR2R5bWg5aFJzWHp1QVFxTE9LWHdUZFV1ZG89_0">
					<gx:imageUrl>https://earth.usercontent.google.com/hostedimage/e/*/4AAjQbR667Ald14dxB_XZPRthM-fV8x3-glwZ-pUARrJSJZT8fBcx2wmJXyh80RVjnloAOvrYs_WHYDw5V2zGIjxzhljYJYBbFVbJQZJkXXlmjp2lot2OQg7nPFn9FuGMJoWn5YTYIg51yBr54Ku6yGfQpPjRflFQngd627kVYgZN2BsIPEMuaE_kMbkII89Hzm0ZbUQJ4KPznebXBzuif3GN0RUI-g7Wlhstws94HN1SkaPPahNMJUoc7bWTXG1vhXZ0OxsVzSjdO5r8tQk?authuser=0&amp;fife=s{size}</gx:imageUrl>
				</gx:Image>
				<gx:Image kml:id="hosted_image_QUFqUWJSNGRHUU1uRzNORDBQbWtpb2hCSWxoTXdKRVAvOW9qN3NzRzg3L3VFOFBEWFRtUDZKQ0QxMXdHQUduUFF0U1BLSEYrNlc5RmJPc0NRRXluSDgxZXJzcFRLY0lSQ1hldTN4RGt6YkhhVGtUcU4rbkdGYldiODJ5UGllczl2QnJoUm1pa0dKcWtYeFdSbEVwQmZYNTdXcFFjc05HSStLQm9IdmtCZXMyOVdnbC83RHpVMFYrUHRaZTE5SHZ4aEdUQWQ4K3RWRTZCUXlBaGNqQnB3RXJIaDMydWQ2cU1FRFhZbzAreW82OERvQWVFeFphM093eFNpbkVBYXR5MmVVUnVxejg9">
					<gx:imageUrl>https://earth.usercontent.google.com/hostedimage/e/*/4AAjQbR4oaDnlQ60b5xwOETS6TOaA3tPOt8onVb9al1UmfbyBcicNYFLw6IeOhnDF0DMKpyLmdelUhuJgBRA1FpfedlJn0RV-ackT8lEml42JJFpMiKhpEwQ_UfJxdIMcm6gw4OBuK36NdXo3fzDZo1aKtHzC02oVi-pPMYHFfQsMGM9UKdKFHdI0AzC1JQDqIUIWmfG1lXWgQ40hHlpEbBgDEPTZ24gSS8s887GFvOkjmYw1UxTxRxF-_gArTnZ17jS2Sqrz6FdH7mB-Z4A?authuser=0&amp;fife=s{size}</gx:imageUrl>
				</gx:Image>
			</gx:Carousel>
			<Point>
				<coordinates>-6.076083274320301,37.3707636387264,0</coordinates>
			</Point>
		</Placemark>
		<Placemark id="5DA7D88868000039">
			<name>HD-09003</name>
			<description><![CDATA[<div>Sector: 09<br></div><div>Ubicación: C. Puerta Carmona con C. San José<br></div><div>Tipo: Arqueta<br></div><div>Sección: 70mm</div>]]></description>
			<styleUrl>#__managed_style_020D6A1BEA410DE2EFA4</styleUrl>
			<gx:Carousel>
				<gx:Image kml:id="hosted_image_QUFqUWJSNFlpV04ySTlrWUtxUFhQcmFzNUNMWGFRT3ZzM0cxWTdhQ0JRNDhTaWdBQTRkZDdQMjJGWFZtMWo3U0dKWHF2bmlaL2pCL0pVQ0V5T0pXTVplMm1EOXQySCthQVB1UVkxemNFUUR1UGxWOW9vUjErNnhnZ0U0c0dxaVhWcEZTOUpBMDl0TnRWUEVGbHF3NHV2ampVaU1RUEhzb2RRS1BuNTRJVHRtU0hvU3NDaEhGckZiWnRHWEQ5MDlDQ1hUb3h4ZHk2T3BJWXRvTjZqNDVISXNRY1RLN2h6bmRPK3BISW5XN1U4eGgvYnBXMysxVEJpU1U1UytXZGV1Nlc0VEp2RWs9_0">
					<gx:imageUrl>https://earth.usercontent.google.com/hostedimage/e/*/4AAjQbR52j4ImySjjrkV4K2XXTLsc6CIPnT4bf6Yp8dye1ukzuYKTGk1vKF4JSK29njAtuNpTMZo-KFvV6HZ5SJCjyGlUIGMQS1qdiJdi92-zGj4JkgH9HI0gBeD6pTHRZkLRqSV2avtSUUIf6kJ7otOtV4cMCs6MvZZK_g9CzJFswL_i5iqOKkYcMvKuXHO3iwXzFVyc45a8zUUQ11M1MScJ8gs7_N82zPm1OAAV7tyDTRzFeXUkPQ642Mo7kiQy3kU9HYLvRfe5JwJh-V4?authuser=0&amp;fife=s{size}</gx:imageUrl>
				</gx:Image>
				<gx:Image kml:id="hosted_image_QUFqUWJSNzFaRjExQkVQN0liaSt2M3l5d1c1blZIRTlzUWlXTFFHZlk5TUNxb1hLSzJrRFhjM29ZcWVoY2xmY3V6a0N4aHFyUUlzL2drK2hNelZoZWhPNGQ5NE92S0c4U2orK0pnS1V1RWVUTHpVeG1tS29NNExpcytNcVNjQU4wbitOTGJCdXdoQUxZOGkxaE9nM0EwcXNLODkzbjFJd0lXcjdZeTNvNzJJbDEyMGMxamsxY2pCenVxWmJNQ3cwOUJWRy83RERKVUFleG9URklzYUgxTzFWM0xoaUFsK01lMGhaTE1QcjJmYUVSVXdCeEFnOHNUb3dpbkFQbUZvZWxrOFFFZFk9">
					<gx:imageUrl>https://earth.usercontent.google.com/hostedimage/e/*/4AAjQbR7zGNEA89Y7j5igWWVziOa7L3BX9M_FEozAXbQaOrCRfpWH8hvEDkIEO4tK0N3_8gaSfvJoHHjfAqrzo686bXKSo9rUFc1IpyTpfcjSZTbpr6rDDbFoHLN0w3eSE4sFfiAPQy4ERcxAntDwQGb5fGYFOVbNHOe1WwS0Z8a9gDBOeJ1bHpfalDYKnUN5WfAyT53n2nw3uNCLxurm20ozz120qIGuHC08FdZBtGDyBu9dvnpONJYA6A7IJ__M64To2EmHqgStSVdZxlo?authuser=0&amp;fife=s{size}</gx:imageUrl>
				</gx:Image>
			</gx:Carousel>
			<Point>
				<coordinates>-6.076962047355245,37.37047424662554,0</coordinates>
			</Point>
		</Placemark>
		<Placemark id="5DA7D8886800003A">
			<name>HD-09004</name>
			<description><![CDATA[<div>Sector: 09<br></div><div>Ubicación: C. Puerta de la Carne<br></div><div>Tipo: Arqueta<br></div><div>Sección: 70mm</div>]]></description>
			<styleUrl>#__managed_style_020D6A1BEA410DE2EFA4</styleUrl>
			<gx:Carousel>
				<gx:Image kml:id="hosted_image_QUFqUWJSNVo2TEx4TXMvZWhvd0pYWXFoSXVsaGxBV25oYUR0Sk5YOHRtK1JlTmcwN0o5UEtSbnNRMmJUY2JlMXg2K1h1VjlXNEt4bEY0MWlsUmp5TGFoSjY1NWpNM3dQSGxZSU16Z1pXcjlyMXpTZkxMNmVCdVZRbTdPOCtwbXhKTlBkMjlCaTEvSGNyOUg2a0JINngwWGRJVXMySVQ5S1pvYWRObzA5bWU3a0dmbExFeGlJc3BmUGNqcklJbjYzUkVZYWMyOWZUSzFxNjlET0RnTnJnb1drdmpzOFVPRkMxdnJ3TzRKTzNyN24xaCt0SWJGaVB1b0UvbHYvTjNzeUF4RTc2Wm89_0">
					<gx:imageUrl>https://earth.usercontent.google.com/hostedimage/e/*/4AAjQbR7Uh2kDWVHXTMosz4iD-98Tn-B7U1BApQgDGAG27h0rzFsKe4v3SE7RPvfd62ZsGUEIJW7jk7ZDM8cZxB7dyPRKLUUrIHIlqQ-Smjh7VW-5CFlHiytJC6zbnVuo2fFXc5TubuXgxTLbU4cqFlFtGKNsjQVDBhj8HRFaClZjr6hoar00Dx_P_Xn28xYHPZmgn3no27_px-rpwvyFHlHI5K765W0xS-hWSf0ScPKCgvdKGeeVTpTHqt0Bel1gfOjqulDHsN1JUdZbmC0?authuser=0&amp;fife=s{size}</gx:imageUrl>
				</gx:Image>
				<gx:Image kml:id="hosted_image_QUFqUWJSNjRLK3NSbG1OY1hDVURDaDNlbko3U3pkOFlVREtLWWo3WGtCR2QrTmIzV05FVTM1Vlk2alVUbTNhN3BJbG9hL1RCd0U4eU9pcE43TWNVL3U2ZkpTN2kxM0NmYjdrMzRFd25EVE5ZRUVUcHBGZVlwYWtWdlNyaTVMenRZUS9CYTVtRHQ1R1lhcjdzdlpyZmJHblF1NGZhbWpzRzdsOEkwVjFiTE1ZeUNPalNtb1JGTXRBMlFqU2dvN2lrRktGNXFadGxYQzdJUnlnbzRkamViSDZXRFgzOGpFTU8vcnpoQmxzUlVCRDJMeklyT21DaGFPaUhwQm9ndXFFZ2VGQ1NNQk09">
					<gx:imageUrl>https://earth.usercontent.google.com/hostedimage/e/*/4AAjQbR5_88t6rdJ3jHDpakvLW4R1ck8vQ9iIeCedLP2qyWafWVoxbvurnLHJuQHEoYDG2tEO85E4LT_gQjVy-svfWysEzy-kKFPazgC0foIWqAACFSJwMsfUeDl8-GWNYdu2QRxsCZRNfRLsNosePPpElSYX53VwMJjYsHGQbQKWhB1K_PEEIfT_L511VzBHo0cryNqvn9LZit4Mp3J_yS3teWnh0Ql7yaHCzqsX_LR_Qxx7SCwElGXQ4y0X_nJ8KW9Hr2FkWf6RoKlFPCk?authuser=0&amp;fife=s{size}</gx:imageUrl>
				</gx:Image>
			</gx:Carousel>
			<Point>
				<coordinates>-6.077246553873625,37.37018091111736,0</coordinates>
			</Point>
		</Placemark>
		<Placemark id="5DA7D8886800003B">
			<name>HD-09005</name>
			<description><![CDATA[<div>Sector: 09<br></div><div>Ubicación: Av. Almenilla con C. Pablo Coso Calero<br></div><div>Tipo: Arqueta<br></div><div>Sección: 70mm</div>]]></description>
			<styleUrl>#__managed_style_020D6A1BEA410DE2EFA4</styleUrl>
			<gx:Carousel>
				<gx:Image kml:id="hosted_image_QUFqUWJSN1pFSDUwWlZmV1FUUHpSZFBPWG1HTS9YMUxLOGlCYlVXSjYyNnRjUHpDNTRGREEwUnBmeWNlWUIySGFsaFRSNVliQXc2elMySmNtVVl1aGw3cVppK3dNMnhtblAyTUFSQzJtMjFLZEkwZGtTdUZpNTNzWnFsaWsreUhwamRDcjIzUXFZRjJBWkhEdUMrSEtZemJYdURsUU9RL3huOXdsTitwSzhXcG1nR2FXSStQa0tCeXZtek55cDZDWlYyaXpaam8wNnFBVTVsRXhYMWkvSVhJQVEzSkNQYU4rWlRNaldvbDhiSVpoZkFiMWJwTjE0QTlyTHhPbTBuTURVeUhHaXM9_0">
					<gx:imageUrl>https://earth.usercontent.google.com/hostedimage/e/*/4AAjQbR75q9SESp9o00n7-mVZT0fC-CrFSA5xZpmjsa4lq_YK-eyIUu94AsnA-riqVuqeucTd3WTC7tI5HOUg7hFMisbr98LBtQsBejfpkKE8E1DoHvuKaLv72FEVuyWA7dBYFblB6BeOp0VzezGS2P110t3BhNbI2YNV2zrS67YjtK-7VBwHpUdwOCCUWtvmSyRVSCENjnWt0tTsD_hVPDDx9v0b_g2jprRrEbuGWAQx10AcE8C9YM43GdSKixZ4t_baCbyI9nlYKYw65jA?authuser=0&amp;fife=s{size}</gx:imageUrl>
				</gx:Image>
				<gx:Image kml:id="hosted_image_QUFqUWJSNXdhcGxtbkJZazg5SWdDZXd5YThMV0lQby9qTVYyWmdCV20wcFRyTXR5Y25HRVFxcStMam5BU3J6UThqOGl2bElzdTJ2TGxPdU5JWElXR3VJb2h6U1VDMUdjeUlGcDdZSlcwZHdvMXVSRnlpM3FuaVBnazIrS3MzVnh0T24vbzlUK1FTeWhib3E5dm1kTHJTQWZKMTJmWWQ0Q2Nqd2hWS1lsU1B4Y2xZMGxsNkdkNlRTQ1NxVkU5Rm5XV3NzZU5aeG4wZUJza2pSOXg0elRYZURWSElJUHVVREZMSHRQOU9jajVyTlc2KzRvMWxhb1VqZDJDTndEUWFCcW90N3BQYlE9">
					<gx:imageUrl>https://earth.usercontent.google.com/hostedimage/e/*/4AAjQbR5XXhmt7u8UpvnYwL80WG8SFbkIfqnDJzK5Ig_7t3kq89_Wa44oYBGI23wZKodS5UuqSrPTI2GGR-Ywi8HnXD8aeEGuXHzY7Fd76B-YTVBE625t0uQ6mrzHclZHfOpW_yZFjhp8kUL-u51ZFffL2CZXP6KktviO85tB9PcE_TCMebIQQqxa97S63n_yH0LHOb9bOfaN2TBvljufRrL9xxLngTY8-FEJQfz1-nUDpOL9pp0EEQMr75PFcXz5hPS4J_uxMiJms6lSOcI?authuser=0&amp;fife=s{size}</gx:imageUrl>
				</gx:Image>
			</gx:Carousel>
			<Point>
				<coordinates>-6.078759555007415,37.3691377704279,0</coordinates>
			</Point>
		</Placemark>
		<Placemark id="5DA7D8886800003C">
			<name>HD-10001</name>
			<description><![CDATA[<div>Sector: 10<br></div><div>Ubicación: C. Jesús del Gran Poder, 8<br></div><div>Tipo: Arqueta<br></div><div>Sección: 70mm<br></div>]]></description>
			<styleUrl>#__managed_style_020D6A1BEA410DE2EFA4</styleUrl>
			<gx:Carousel>
				<gx:Image kml:id="hosted_image_QUFqUWJSNThnank2WmlPZXZDQ2tJMS9peHEvZEEwS1ZmNFl0ZXNMYkJGK1hxUENBcUo1K2p5QjFMU2I4bldLZmlFd3JlalFIbEpQaDRpamFCZ2JLU3VVMWRwYmtWdWJkVTZ1Nm5sZXBtYkZrZSt1L0pjYkxWN0IzSk4xbnY1Rnd1a3ZhVm1FOEMweStRYUdFbDNSUmt6OGlrc1crNExadDQwTEpibXFwdGt1Z2poa1IrQVpHUkNjZXJJRm1nZFZJZFR1U25PUTB3QkFXaEpWSEpYKzcybHA2cDFPZjRrdmZxQ280SWk4SjBmMHpBQ2pDSkJGMjRBT3hBaVk3YWZGSy9jS3NVNUU9_0">
					<gx:imageUrl>https://earth.usercontent.google.com/hostedimage/e/*/4AAjQbR7UnczxdO3voqgfT1Vof6P3PN6lwmTTSx6hAYgjQZaFKseQVpd_Rh6WU-NbQhWwlcSq2brUrZv8jxjOYfVJxxC4gkfXImufATOJfle2NnFpEa4FJ_kIhssWlYooI6c4Az-FGW0M51oD54psjUznlLxzWaVTavsz-yc0bU1d1PBCy9gwTaiB31lmCa6eUmjhHkJWmFvaQ9laOtJLq6LyKWDlQdYf3edX3kamDShHaPsiuOptM5maTfwBf_ETW7i_iLE4V_G_0rkeAjM?authuser=0&amp;fife=s{size}</gx:imageUrl>
				</gx:Image>
				<gx:Image kml:id="hosted_image_QUFqUWJSN1RvTGg3WGs5TkxFM0h6VDhYWlk5cWMyOWxWYkd0SkR5YjhIcDFUMFhoSDlmMnJlQ1BmS0Y5VnBaRmVEV0tVNDFPK2tqMnh1c3Z2YUtueEg5cVJwZmpSRnNKRjRsNzBSSi9yMS8vcDN6L1c0VXhLZjA4MzdCR3VLeUV0b0NYM0FCbkQvLzAzdmFya200NnRVUVVEQ0toeHVremxoVGRvb2F1K1lqcTM3TmRHMEpjQXRaOHhGZ1F6c1Y3cFIrSWVKcC9pZ05SMTF0cnN6Q0QrUnpPcEpRUkpOUmVSRFc5VU9ydDRXSWdHc2NSZ3NtUS8rY2VHMkJZRERKOXlXcUlEZTg9">
					<gx:imageUrl>https://earth.usercontent.google.com/hostedimage/e/*/4AAjQbR7svZZwknzYC5agi22EHxrAGW7KO9zpPB1n0tY2wyp13FnDdeKOiTXJDz4LPxKoWkqWHdUpLPfsYZuxnsouNDW4ujmLvoLI47cy9LNphkbfX3gELrwaqEyydnxwnlrCq8IVRXZ6ic0mg5-tPCpQwq1p553rfoMoWfR-ufOs8Wstr6Y2N-b14sFOYYcpiFHGebtdVrYnMiD2BU8ujCPWkV0jPYXz2QPL1GgbUgWaFcGeYE_MAOa7Hcd4d8ZpAzYwv3ncV0gBEs0iqgY?authuser=0&amp;fife=s{size}</gx:imageUrl>
				</gx:Image>
			</gx:Carousel>
			<Point>
				<coordinates>-6.075450697515708,37.37007890438139,0</coordinates>
			</Point>
		</Placemark>
		<Placemark id="5DA7D8886800003D">
			<name>HD-10002</name>
			<description><![CDATA[<div>Sector: 10<br></div><div>Ubicación: C. Jesús del Gran Poder, 36<br></div><div>Tipo: Arqueta<br></div><div>Sección: 70mm</div>]]></description>
			<styleUrl>#__managed_style_020D6A1BEA410DE2EFA4</styleUrl>
			<gx:Carousel>
				<gx:Image kml:id="hosted_image_QUFqUWJSNURJV29vTGdrNnlJdUF4cUNvRng5bytnd2dBRFVNYWZCRnBvS3RRSWFnZUpIbzcyendBRTk2c3FvK3ZLeDVOVWZhWUkzcHN4R1VnZGVDRkRsWHJ6Z3dIelk4SnhOSG1mZGRNS2Yzbit6QUFyRmFZYXI5Y2VJMXFVQ1JVOGhWNmpiK0M1S3ZTN2lGOUJZcFBCYlluc2Q5M0M3ZFdSclVIVExDZDlvRkFpSmw3UGhXWUprVERsOGNRSTU2aURLaVQ0dS9ndzFGdzE5WDE1Wlg1NVZudnZCMStFVmYrZkhDeTlEZ05QNWpzWjQ0cjdjRU9YazIvKzRPbmlOdDVweUR6bFU9_0">
					<gx:imageUrl>https://earth.usercontent.google.com/hostedimage/e/*/4AAjQbR7SI90iZWXN1dGYzawqPQkxmtpSEZxuXZmFowAicq3NblhUeA_6cTpthDC48TkHZMz1eZtDtUHFw_kztnxraqOkdaUeUKqxGBXpQrpBcb5HNXSftM-ykK7fuZppdpu4zcratbFeE_bSvvQfWN85syMd179VeodpC5NXk-AWZ__HON6NDzb5p3Iu09PsTJdHgpp8w5iAZsrowzomRWW41pxAeti1uliEbpGGM0KpM16HLKGQyUSgDzhzxKj2OqVjlMTtZKUQ20UK6mk?authuser=0&amp;fife=s{size}</gx:imageUrl>
				</gx:Image>
				<gx:Image kml:id="hosted_image_QUFqUWJSNE1HblZzWitOemZYbkYvRmRyZmRvWjZtRVY4WElVaTZ6UHMveGpCQ0k2RmM0bTQrNytiL0c0dzBJaFBhS2lIK0dRZmU0Mk9YWDl2eVF3N0g4ZGcxZUtsWVFtQ1o0Yzh3R0tIY0lFTU1RNG9GVC9OUS9Fd2xBZjFoVVVkWHZyMXh3TUdJanZzVUVZYTVLbG1WeUFRUWxNOENLYUt6MUo0Nml0azdvb0JYbnhkL25UMUVlMVM1QXFpTzZ4NE9wMVk3emhHWHd4ektIZDRreEFNU3U0V0pGVHpnUWIzbzhXeFp2Nm1YZWFKU3l0L1Q2MWRVRml6ZGgyd0RhK1ljd2xsTjQ9">
					<gx:imageUrl>https://earth.usercontent.google.com/hostedimage/e/*/4AAjQbR7R8JsZR0fkei7Yyo6C3-OmGmsA8WwmHbYD6kYpnVWosSg5lQ98OMSk9p2ICOc-Xos6nt3QjYF4v6r19mnKo7Q2qkA0p9H9qP94xbANNFnm76Rz4kRAz7slebdUNKmzAX0uFRI6o0M3Q8c0cxiz2vJutsZM0k0nS-isXNsAAJTX4r9ZE9s0tpKO5hKvJ_ypgpQqLgL4vklCoQkI3ID0_OiPXLaLFqu-Z3k175XQ9o1aIzXzUVTOnab1t_LCShyUhHubihX7DNr69Go?authuser=0&amp;fife=s{size}</gx:imageUrl>
				</gx:Image>
			</gx:Carousel>
			<Point>
				<coordinates>-6.076667205766043,37.3694917484347,0</coordinates>
			</Point>
		</Placemark>
		<Placemark id="5DA7D8886800003E">
			<name>HD-10003</name>
			<description><![CDATA[<div>Sector: 10<br></div><div>Ubicación: Av. Mairena del Aljarafe, 26<br></div><div>Tipo: Arqueta<br></div><div>Sección: 100mm</div>]]></description>
			<styleUrl>#__managed_style_020D6A1BEA410DE2EFA4</styleUrl>
			<gx:Carousel>
				<gx:Image kml:id="hosted_image_QUFqUWJSNEp2cytDOXFPRmpLbzZWWDczSjBWblI4MEU4Z2NLM3ByVW9rbUV5alAxSWp5ekpkdGt0dzlsYTFxMHZvM1FWd1Q3c2FIR0RXbVNTYkZ1ZXBTcU5Ed1pRbEdqQzc5TldxZ3AvMmhzS3VvNHA5MUFNTmsxdHBhSzZPNFNQMHdHWnFiamd4OTJlNUNRM2RkbmNTK0xhbW1ZMUNzUncrRm1FOTB5QjlzOWxmNWpiZmhOcnpKejVKOTJwRngrYWxJVU5WdjBCWjR3Wm1UWWIzQ0F5MHlUOTNSUzA1UjV6Rzh2R3JZS2g5R2xaMnd2VGhhS3BoRjBSandRalRWWkw1bFNGY3M9_0">
					<gx:imageUrl>https://earth.usercontent.google.com/hostedimage/e/*/4AAjQbR7cwmnA8PiKn6vNM0JknvGTmHGIWfeMNiFWt83Cxt5ZTOjc76tvBRpc1AwQ_P_7mAsA7cOetydQy8ykNXxWZq2_-wV0kOPkrd5VkGwONYYyI1RrNwaQm32Jg1YXyNsKMdrHSOoeM_X5aaQzI_G0IR9nLWRZyCXS8Chh4VMOD3ARYBNvAqhS8rJXZqLOp5IG_bYCZyhsyope9vPJI3HGGmN42rIKXwuddVgC3L-AGdo6FRVSvVpdZ4S_DcNyzDOpOYAOm6Mn8PmWrtc?authuser=0&amp;fife=s{size}</gx:imageUrl>
				</gx:Image>
				<gx:Image kml:id="hosted_image_QUFqUWJSNHFkalMzRUwwQ21HTzVKTDUrSytQNHdnd1JYUnlDcml5N08wV0lTQjJ0MGlHc3lZUG1XZkZ5Tmp5c2d5RkFmZGV4ZTJNbkpUL0k5WXVubDFROXBIdXlmT2NONXQzZCs5ZEpJWTkrQ1dzZzNmWGF3MW5hRUxTekQvem5yUGRqbzA1RndqbTV4UEQwdkNXeHFXVmtMT1ZvUnQ0UXV0SzJPWDFwYjRYNi85R0ZGcHY1NlZRNVhuWk1TanNDSGkrb1NFVTVLZGt3bGhSa0kxVDl2RUJRMlhTMDlUMHVhZE9iWDZYOVp6TmQ0VkN4cmVMQ0ZBcnlob2w2WkRITzZnNCtxbkU9">
					<gx:imageUrl>https://earth.usercontent.google.com/hostedimage/e/*/4AAjQbR5IB5JYfWWrzoFio92mEsuPnjtsytMP8nTkaseg0RAEHXZtAnkLhPAf-2eizCe7ZtqFMLwcAgFPjBN6SWUt4B-g8Iy_tbX48yLrDpSkh1q8prcG4zfjrF2AutlDWj8iSSG9uEf87zM4xC4Vs_uGiTu5IlKyiexonvT5J7ALKgIEIjbvXtW8TvKB0JdClqQyegujetsJcLn7f-59FiXfYOdmEaS0nI-S9WMrAHgqjq86OwMP5P7TV_Ob9-qUtyMrB6UdI-_2hVRN4yQ?authuser=0&amp;fife=s{size}</gx:imageUrl>
				</gx:Image>
			</gx:Carousel>
			<Point>
				<coordinates>-6.073858557896994,37.36927336169944,0</coordinates>
			</Point>
		</Placemark>
		<Placemark id="5DA7D8886800003F">
			<name>HD-10004</name>
			<description><![CDATA[<div>Sector: 10<br></div><div>Ubicación: C. Almensilla, junto al aparcamiento<br></div><div>Tipo: Arqueta<br></div><div>Sección: 70mm</div>]]></description>
			<styleUrl>#__managed_style_020D6A1BEA410DE2EFA4</styleUrl>
			<gx:Carousel>
				<gx:Image kml:id="hosted_image_QUFqUWJSNGdNZkJmMVJrQVppZnpQcHZUb0VGc0RaYytjY3NmdUxWR2hVQ1lRd2FPSlRqZUtna3ZmTktNdlczRi93eVR3bmlEeDREM0ZMYnZiaEN5bFdhNEp6dXlid3lNdlhoOXNWMVNXWEpTRXc3bmxEMXFuRk1TcE9mQ3I4Z2xaVHRFVU5yQlp5SXg5TFJGdHpzN2NZRmFmTEZxVm1qRUdCTjJYUUtzZzNjZllZZW12T3k1a1FPajlVUVA5VkhGeFVTemlweHlxZDNCQ3BrL2toVEpiOXZGbWhYNStxOEtRQUtzYkFaNDhhYnQ2WGpMUmdHQ29TWFZBTTdGbFY4K2JTeXkxSUk9_0">
					<gx:imageUrl>https://earth.usercontent.google.com/hostedimage/e/*/4AAjQbR7b6zmt8I5VuI5jHjrtvVZOv5X64tfW_ug2aYJlt3RO4M4TwZnAezBFsL1hIuMcdbGW0uOQLlKROupjGeMK17eOzNujS61Qorf7HrQLXvNOjoa46W32hlBCJasYVjnEyiWmafSzx76x5d7SPJ3XuhYXIcqWXQ8MNgvlxgWEJ0lpGIS6DKiZBF-6_vjn_KXFJLoS7J5yNUIEQSj23jUWZDqPa5igLHOMQHBIMiCRcF84mU60JuAEcfZLf9Hr-B-QojnUY98WoC4hMhs?authuser=0&amp;fife=s{size}</gx:imageUrl>
				</gx:Image>
				<gx:Image kml:id="hosted_image_QUFqUWJSN3pEK245cDVETHlpZmFxQTUySUNac0ZrQWtTTUZUNW9sUmFERnlJMCtyNWZ4ekZlT3lBcHBPKzBFM05PSFprQk1VMFNNT1BGODFkbWVpVExpeTlucngzMVd5ZUNTalI0aytqRjI0RmxnYkdMK1h0Wm1laDNyV2Z4dnRQanhYTGRLTDNWOHZvYU0rOFNabkxhSzN0TStldUNpVXB5U2d1UDVmUjVFWmVxN1VYYWwzdEl0aktlbHFYcmFxeUN6L214eXRwV0tJM1FESTR1eThpcHNyak1JUS8xUGxoOUFQeGlRMGZ3UkRDSjhsWjEyeGJkSTNxRTZGYjIyUUkxWHlXQkU9">
					<gx:imageUrl>https://earth.usercontent.google.com/hostedimage/e/*/4AAjQbR7-Cm87cwKaN4qLPLK0eR_M0WVbhGE1c4udxVQmBG456mTqPLtzo_ruxmc3edpS2tpnsAkaoCI0jgRx-tiKHmbkWYekkdYVQ_098tqzdcqLazmcDXweVgodaQIigli3P8eBdaGW6QDk6Wx9wfLOB9JVRHIx_Lkjqh-COfJ7SJzaolFw8jhmjgTkKqUC_h_GQpY973aYTn1EUEaj_RW2Hu4Jansw0M5PsyxivLSx8CpRodzZ9pZr7zLSxMu_baEi0qI5FR-kTb5a8wE?authuser=0&amp;fife=s{size}</gx:imageUrl>
				</gx:Image>
			</gx:Carousel>
			<Point>
				<coordinates>-6.074944277653644,37.36890149177018,0</coordinates>
			</Point>
		</Placemark>
		<Placemark id="5DA7D88868000040">
			<name>HD-10005</name>
			<description><![CDATA[<div>Sector: 10<br></div><div><div>Ubicación: C. Paraje de Paterna (A-8068)<br></div><div>Tipo: Arqueta<br></div></div><div>Sección: 70mm<br></div>]]></description>
			<styleUrl>#__managed_style_020D6A1BEA410DE2EFA4</styleUrl>
			<gx:Carousel>
				<gx:Image kml:id="hosted_image_QUFqUWJSNW8xcmJWR2tlN3YvWjNkUU90YjU4bXhmMzcrOHNpNjZNNXdNUHVIVGFqREFyd0dRY0RMOFFTcXlNWHZzMVl3Rk54MnNlSFZNaVZ3YXdhR3R5WDZ6Rktza2VlOUJ3RWgrVXN4RUZWWUtsR25tUW9vMWIxakF4bjluVWVELzlXaGV4RFBESVhQa09wNEV4V09GRXFJNmRodVpFeDJnOHRoM3NNR3RHOU0xTVROdnFqVnlaYWFCaFdCWFp3ZUtnaFhtWXZETVk5N1FOdDdRUE9RdjUwRFBqaEoyazdkQ3lLY1Q2ZlZlTlgwNENUZlArbnhJS1o5bXFYR2dqdzVlRUh5b289_0">
					<gx:imageUrl>https://earth.usercontent.google.com/hostedimage/e/*/4AAjQbR5fAV7kbpCrFm53n7Sw4ZsuzJuge3QlWJj4EBLSvJXmRzM33iI4rqIeAVLUcPts7QDVX_ETeCgwdXCfTMFZG0cJJxLohL8zmsxg30LGAliF-F17Rq75CgCp_frJHQUq72xTxyjwsmP0IA8UsjxK8Wep3vcV5kNzTMN5tevfTMoh9vSwwkA8c3BLlyBKIW8PqxR6nKVtpgAPOWCYXFF9N-AppEkHnQ1Gk_umjT7fQvmL7z5bwaWJv7QvaOXo_0knsBwkxdjUKc64kK8?authuser=0&amp;fife=s{size}</gx:imageUrl>
				</gx:Image>
				<gx:Image kml:id="hosted_image_QUFqUWJSNGtwaWl5UjRTZFRZL0xMeSt1YUNSRGxOMDZNc1NhanVBNkxjZE4vZUx2UW5FcW9PdEVFNTU3OXM4VHBMS0ozNFJZV1l3UzNFZDNnUUg5UXpaSVZ6WXRESDU0S0VoSFVXZ3FncnJSZTBYSEZodWhESXhYc0NUMUJlZ2hxSTBEV25sQkx5Z0lQZ290eUlYdUtSSi9kNlNaY3B3dmJKT0hZU0wwRlVQWHVVdCtpT3VjR3ExbkNGR3E5RkJYMUFSUmRXQ2dVeFNSRHJoODJxOWVJVTBzbE8ram9BbDBrU3VTenZiMDU5TExscStvQ09PbDh4VEVWcmQ0M3NqbmFidVlvWk09">
					<gx:imageUrl>https://earth.usercontent.google.com/hostedimage/e/*/4AAjQbR5kOlKEgkBotIoOsUg22FtsPh5YmSyf1lM3qnw9DbOmFlJ01YIKBcKql54YPY9mAzd2Di0GQDvJq6-1w-nyOXjfLms0xrFsA593IWvQ3B7SYAGrJgWTgeeRirgfjEp40ewZ0RaJr5IJ_7mpFpAssWNjeQcyeaWvcehsCTqWhDOCNlwJ0iWWUkwYixOP5ibZKZZmTQaojLn38d4iYH5FwJLyexCl1SRY8K88I8dqBoLbREQ9xVsrziJmJMyQlHEXPTuoX3dpxfR8Fo4?authuser=0&amp;fife=s{size}</gx:imageUrl>
				</gx:Image>
			</gx:Carousel>
			<Point>
				<coordinates>-6.078248860693042,37.36838995864727,0</coordinates>
			</Point>
		</Placemark>
		<Placemark id="5DA7D88868000041">
			<name>HD-10006</name>
			<description><![CDATA[<div>Sector: 10<br></div><div>Ubicación: C. Luis Cernuda<br></div><div>Tipo: Arqueta<br></div><div>Sección: 70mm<br></div>]]></description>
			<styleUrl>#__managed_style_020D6A1BEA410DE2EFA4</styleUrl>
			<gx:Carousel>
				<gx:Image kml:id="hosted_image_QUFqUWJSNWUxT3BtanFMRlluL1FyQTVJcmNMODVUbGQxeUR4aU5wODVENFgzTVBlam5HaS9yY1FFS3Z3R1R3OEhLdzAvZGYvTGRSaytJdGJ6S3JDNlhCREZNeGZQc1lSYU1idHBjSXV1T01QWEw1dW1ybFljQzVnakFLU1FCWTl2OHBBc25NTWZXdUkzd3F6K1ZJTDU5K0N0QVM0U3VGVGE5dGdFOE05NUFnbENHa0RscU1PRTB5anRrang1eFBSSGh2clNHTEpuRnY3ZFdCODZ6RXFXdUFaSVdJRzBqWXh2R0JHYVNNL0luMGpPV2NjUW1uWjA1eUZETnVJNG1oVW5hSE96ZmM9_0">
					<gx:imageUrl>https://earth.usercontent.google.com/hostedimage/e/*/4AAjQbR7g_qSnpfLskAd5ZNzifszbRdY9LuUTLLeKWVOkElyzyBw9cBo7g0W7XpRuf2v42spw_tAoa9dt71RLiczjkBODySC2446FvoGP7rNYd0C-8rjJ9cVxKtb0DbeBKVHzR8Sup5hS8aB2M1uL9DBnP0GSgsq4ypaiHA8vmLeFdP9kaqbpPaAQvZhmlOyLS-yjuxQq1RGKD7sLUvxfLxummnv_Mca7IYyxUotg-dAsxEwtqOnKri7YrScQw1Me6TY53KLT4CjBQVDwal8?authuser=0&amp;fife=s{size}</gx:imageUrl>
				</gx:Image>
				<gx:Image kml:id="hosted_image_QUFqUWJSN0dyaXpESG15Rm9mdGp0VndUTnB3UzhtaEtRNnBaOXhTdXJ0a2N3bS9TQkF3bVorY2JuZExrRHJidGw2alB3a25hSlRSZjgyUHJLS21UWW9pdmN5THpNMHFpZElQZGdPMENSMVBzMjhZQXRzOUVzd3lqZklLZFlRSjlucTlUdURqVTFFZWRWb0laUjFjUFpTaEhpT3FOMitEL2hqZmZWVGtPMEVQSk5hZndDR2JjVi9YNEhMSFUzaEVOb0NLaUg0eGZ4KysyMUxoeStjdjdDeWN3VFlXVWxqTXVCb1ZPbXlRdkkzTE9kdDJDZ3J1dmxISWJHcGRGalVwRzlVZ1ZMY289">
					<gx:imageUrl>https://earth.usercontent.google.com/hostedimage/e/*/4AAjQbR6Ih3dsUlVBTPH4smdIOLLpt5w8u-w27kfmBvYfnit_Ynt2cUhU1FORwWNHogAHhLpT6nb9Lt9W967OR9hlsJc9y4Yr7nHhaJsBbYtHJsDAS7zPyZF2ZqgxKZPU7ZEJYpMbx8sv4a3j7Ac1aigy6CeRrB4S0ov5HB2d2H682XoHqUkWv-RBkv7ufAmF8Kv7UgP1DO3n5bvyht__cQzkhXRItwQ4TgUrP4X7AmiOxB5-IZ_9F7q5tvx5LlUi_01ShhuTRiABES3svlM?authuser=0&amp;fife=s{size}</gx:imageUrl>
				</gx:Image>
			</gx:Carousel>
			<Point>
				<coordinates>-6.077635636096181,37.36825315728517,0</coordinates>
			</Point>
		</Placemark>
		<Placemark id="5DA7D88868000042">
			<name>HD-10007</name>
			<description><![CDATA[<div>Sector: 10<br></div><div><div>Ubicación: C. Paraje de Paterna (A-8068)<br></div><div>Tipo: Arqueta<br></div></div><div>Sección: 70mm<br></div>]]></description>
			<styleUrl>#__managed_style_020D6A1BEA410DE2EFA4</styleUrl>
			<gx:Carousel>
				<gx:Image kml:id="hosted_image_QUFqUWJSNFliekVFVmJWdTBTd1hSWUJyRk5hZkxmR250ZEgyQkFhUXIvTmZpQlM0MFRnSVFnVWVvSkhxb1pJYThzQXl6QnA0SVk2ekIwbW5UNGcwTU03WmJLZUgreU5UMU1tWU9QRTBtT3ZoWEJQdXlpNzMrN2p4cmxZT05VKzl0ak8xNTJFZUdRUEs3RVJIUDdJcEdQVHF0WUtyRXh5WVNCL2ovblB0WjB2cTVRSTlwNGRyNXhaaGVmaVhRWjJzSHh4QkpqclAyOUdiNjNTd0UrZkJoOXRZTlloSUxUWi9raFd3RkhWR0xzOE1XYm93NVB4WG0zUmk2Y2F1T0UydExxVFRya2c9_0">
					<gx:imageUrl>https://earth.usercontent.google.com/hostedimage/e/*/4AAjQbR5BRB5rbitrn3fh0p2YPBTiDHP2SJ5I8UNj-LPycg4jj8ehiwuuSq5jtR8tc0rwbpZMvtpeoeNlno8ZxYVz2bHOUh66Kc0II84M6bjzDnX6ll1QshgUpxVvCKkaUpukzjWdQyQUC-VOAUxlT0gcyS6uOsFUBl6dL6PU95DOg1-wYghMwLY6Tt76rkjynzeb0q9WWPVabC7X_B-agDFyrpvFdlbtnIWOAeAt5POnx0Vsbg3VRUoKiNkRcdHR1SF1yfh-p_T-cvHaUTc?authuser=0&amp;fife=s{size}</gx:imageUrl>
				</gx:Image>
				<gx:Image kml:id="hosted_image_QUFqUWJSNmhLWmd3OUVDaytOdEUxT3ZDSGJ1eUNUa3hCYUFHalM3V0MxNVRROStHTVJrVmNobUxCb3YwRVRKTVVVMmtPOFZyMkhZaFkzM0FBOFZUcXNOUE5vMWw1OEw5NEVEa0Mvc1UwV2Y1emRVVmo5OXZxRU8zNzBhbUY2YVhqTjFiSUFQWUxPYTVCcmxVZjlRd2FRNGsyUzcyR29aaGJONXZmMGU2allwakdHSk5MU2JyakJ6RWVPZU1TMnhoYXA2RWxPcnZIZGFoUE0vRnVYN2EvTHFMUEFoRm95aVdMTDVvOHVncEhVVlZ0NTZuWVp0cWlTS0doRmNCN05oYnhTelp6TUk9">
					<gx:imageUrl>https://earth.usercontent.google.com/hostedimage/e/*/4AAjQbR4opoAda1PsKPAfAueI0jX9eWGKZ6Sl2xq1nwBOGxr6T9BPzmYbCBgEGb61IcYAHXucwDzOJ5dGn4fE9JKPcxctP-y9VtxLWgzfPdTh88rFrW0WS2oR2ZfZ5dlMxwZyPmBxDlGoJPNbRPQo2zNEP00IUMjIEfp7ZpWhuJa5ZSMgNeL3sJC1qwnaO2cXpscRwaT2Lth1wI1CHvLTegcgLt75VJHparEc8Koi3XtrCi3UsmXji-4FgMFD-6eitCMbhG_D6kELhgg5xy8?authuser=0&amp;fife=s{size}</gx:imageUrl>
				</gx:Image>
			</gx:Carousel>
			<Point>
				<coordinates>-6.078097231666258,37.36818060161616,0</coordinates>
			</Point>
		</Placemark>
		<Placemark id="5DA7D88868000043">
			<name>HD-10008</name>
			<description><![CDATA[<div>Sector: 10<br></div><div>Ubicación: C. Rafael Alberti, 29<br></div><div>Tipo: Arqueta<br></div><div>Sección: 70mm<br></div>]]></description>
			<styleUrl>#__managed_style_020D6A1BEA410DE2EFA4</styleUrl>
			<gx:Carousel>
				<gx:Image kml:id="hosted_image_QUFqUWJSNTlqSnRtZE53Vm9QRXk1TE1ZWnpucFZzekZPZmhjTlR4SW9mOGs0VmNCank2MThMYis0QTA4T2F0UHJJVzFqYlBoWFJQYWhoRHFoOG5TckNCRm44ZU5yckw1RE14VGhub2lVR2VpZGdiazJuYTJjdkNxV0xtNHBrVEsxc0tFNi9mQ0t6aXpTUlRkUkhuNjc5N2hmWDNzL1N2YlN1NmVLdlRaU2tsbnRsbCtwSDJWWlMvN3lGZUdBK2dXUzAzWjh4QmR6aUdUQ3Y3SnNiYk5tKzdsaGNLcWJkZkdSS2VqaFdScHA1ejZjeVJrMzk3RDVYTTBwYm1SYzlhY3Y3Qjd5K1E9_0">
					<gx:imageUrl>https://earth.usercontent.google.com/hostedimage/e/*/4AAjQbR527HaxoKNWDW5gWKKDfWF_IcsUf0YX62jJ3PEjzlSxO_gRrULJQDPEr4AmbO38iELQS1gx3KaRX09RUxPToEMR96z2fc4o7hhZcso-Ayfvsb95-4oJTgUN4VN7OxyNxlQHoSVqe5sw2QXi4eXH0xe8jK7Hhl1vgYu_oJJt_y7odDqQ7b5g-P5YxL-qcquAxhHNRmUurAFw9qV-SVjN0BhiicxtsP69V3ixNbBsY62I70qzE4Z4NoWBgry7wx6eo1lT5WU9CRPjuXg?authuser=0&amp;fife=s{size}</gx:imageUrl>
				</gx:Image>
				<gx:Image kml:id="hosted_image_QUFqUWJSNUdCY0RlY2tORHZsWVFwWWxFcXZYTmtZVEFjUU9wUDhOTmVMeVpVTUY0MmswcXdOQXRmYWlDSTNLNjN4N01sSll3bmRUcWI5emd6cGVEdlU0SjlTTkVmNmlzN1E0UzVkZlV3bDkxR0FWWDJNUkVpQ3NwV0JzRVB6VCt3NGRJcXRReko3SzlyK1FrU25idm5xalg4OHcwSXVVY2RKSWU3RmpMejBuNmYxcUw2NFMrN1VVdDM4dzBFU1F4Q29HZ2w2WFZQNTd6cnlBUUZVMzVIcGdaeFpTSW5yUW1SRFZOWjRubjZaMk51aTZPTG9JdmZsQkJhRE1yU2NTNSt6L2lUcHM9">
					<gx:imageUrl>https://earth.usercontent.google.com/hostedimage/e/*/4AAjQbR61HhG-Aids_Rg-Zt0BHHBQH79KTzm5VXKwGMHYv1Q8P3U4u6XHzgdL-A_P-CzptW0B9sB9XqdbIfMrL5JccKxvIhhXgUSkf_2W2PfTXQsdQgeFpqt0_VflJDMlqIEB4CX4dxqv8ehqpLVJVjA29ohUiaKZwLmHQAOq54ZgW22u9rfnLWomFzW_4VSROGVPvFXrW1qKttaBzD_GjCxq9qLhYtPy_uQUZifbzqQWLrVIwtjdpRnHcfl1ZRIFO_ZYRySSTiqX05lF-0A?authuser=0&amp;fife=s{size}</gx:imageUrl>
				</gx:Image>
			</gx:Carousel>
			<Point>
				<coordinates>-6.076778692013657,37.36722308232512,0</coordinates>
			</Point>
		</Placemark>
		<Placemark id="5DA7D88868000044">
			<name>HD-10009</name>
			<description><![CDATA[<div>Sector: 10<br></div><div>Ubicación: C. Alcaicería con C. Paraje de Paterna (A-8068)<br></div><div>Tipo: Arqueta<br></div><div>Sección: 70mm</div>]]></description>
			<styleUrl>#__managed_style_020D6A1BEA410DE2EFA4</styleUrl>
			<gx:Carousel>
				<gx:Image kml:id="hosted_image_QUFqUWJSNnYyMlk3N2p0NnNPZXBiNm56N0hMcnJWQlRvNU0zVEF1RFFxOTMwSzFKTVBybGNHM1JhVWRUYmxKeWo4OWtRYXV5cmFHOTlXbmIzcEVlc25pV3VvUDZTeHB0T3NyN1pLc0ZMbUtGUVRZVmZTaU1CaWFqL29qUzFzOTFDdThOQWM3U1hiNHZvNEpoWWZRZE55UFFhd3N1d2t1MUkrYTk0QW9kNXhrTHJhY0pWZ1Z4Qk5WeWFtVVdoVW5RM3dOMzA5YVFPeDE2VXBSbk5XUFJORWVvVHJxajBWTm16Qm5JaEVJODhTSmhrKys5TkYweDNWYVhYaDNlTE5LREhhTWZUM009_0">
					<gx:imageUrl>https://earth.usercontent.google.com/hostedimage/e/*/4AAjQbR4aC_rKFIWzsZ6d-YbK_ppBDDBs2b4RrEUyofCosH4Y5iPguoRptIB1KLiM_PW2LB-w5sOd4zKJfKiazERqMFv5lyT6ej-7_Gns4bquqVH2UJgZBRCLTh5mqWRd7vDP5kegsmydQb0O93WpU83a7YC26z2bIZWxlxH-54h6jx7_iqAFrCT1ukNWMM8SX2Dww8y0PZH5SDKFPAEuxPiSF6h-pmQbk9MviirlL5WEln4DHe0nfW0-3PM3JjsGRK8zNlbK3nYz0QIpjpk?authuser=0&amp;fife=s{size}</gx:imageUrl>
				</gx:Image>
				<gx:Image kml:id="hosted_image_QUFqUWJSNFU4dWxOUFpUKzhWTkNsRkUxM05ySmJvVHJTTzNwY01pNlNNQ1Z5TVBHdmxUQmw2cUxQbzB5eEZuN0xOSWVKMlpuaGc2cjFObnFVZDVLZnV4LzdNZlQ3bmZDYk5QUEIxTXdjdHU1NVVIMmJtMDNiOE9ndDRVVkx2MTVRWnFpZGRLb3VhQkx6TXJmaVlkUVVGMDNuSlluSzdRWEFvbG4yaExHcDc2N1l6ck1rYUordlp2SW1kTzhOcjV5NW5oNEV5TG5kd2F5Qy9ESmhmTFdWNnltbHo0bUVDQ0RZcTYrL1lBM1c3MUYzVEhpOGxIRXAydXcydEtsTjB3cEFCaHk0Rk09">
					<gx:imageUrl>https://earth.usercontent.google.com/hostedimage/e/*/4AAjQbR4cKRxIM4QprgACMWdYJPfaa3_Bb5R1ueUwrzYdDoCbEcDoNC6-c00xmGyLmbTTdJ5sJZnvicknun8yBxdCIbzWlhGY2gNwmGttGBcI9R7eOV7Ih3eV9GnQuNIT_82JgnAiOPMahVqdyURBEoqIG1bDfXS89s-SGJvSED-ZQ2ckt-VaWqzZ-ubk9T_CNM_zxlCn-elXe9d-NcBeMMANPGZZwdPUotKSzJ58CC5H5lixZVjSL5pNSSJi5S5LRQ-UrOlaqAEIZRbahYI?authuser=0&amp;fife=s{size}</gx:imageUrl>
				</gx:Image>
			</gx:Carousel>
			<Point>
				<coordinates>-6.076969323051562,37.36673115445485,0</coordinates>
			</Point>
		</Placemark>
		<Placemark id="5DA7D88868000045">
			<name>HD-10010</name>
			<description><![CDATA[<div>Sector: 10<br></div><div>Ubicación: Av. Nuestra Señora de los Dolores<br></div><div>Tipo: Arqueta<br></div><div>Sección: 70mm</div>]]></description>
			<styleUrl>#__managed_style_020D6A1BEA410DE2EFA4</styleUrl>
			<gx:Carousel>
				<gx:Image kml:id="hosted_image_QUFqUWJSNzlCUFFiSzc4UUI3ZjVyNnFvWkhYa0RoczNUMkdVYjdZc3pJc0M4SzA4T3FMbm0vRVk5M1VCU0o2NVNkK1hzTWIzUVhnV3NXTVJScjdpMzUvMzhaZTBYbVhLR1pCcnQwR0pSU3UwY0w4d1hpOHBDU0JjYUNvWmYrQ254VG5ia3VVYVVlRm5leEF4MDRheTVFbTk1K2lxRWxsdCszM3BjMWRyRDVUVklHWWdQOFJiQjFxNmVIZzVmaCtzYTZoRi9yaC9OeENvMFhDbVNYZzN5ODgwSzVoWjdaU0ZUYjRoTDlBMlJkbVJPcjAxVHB2Y1VQOTZlWVErelhnMTVjUW0yUVU9_0">
					<gx:imageUrl>https://earth.usercontent.google.com/hostedimage/e/*/4AAjQbR7QAnXx_dciidtLbsZR_8YV5N4rc0PcM3uZ2XQ_9JGJ2aL7NOdHHK7zM62Vcz0-_OThjo1TzwlVqIEAxsDLiW4PEnljIP_kfq7PQEwuuPmBrNlbLHCEJ6ua_fLu2iMctuC7p-7YatcogdrsCIkeDbJy8u7bFB-fAk5RpYUOwiMixDqeK8_to1EWfNMgnGARdsoSab1FSuXHKc3roAslBw8JkUgQWrlC_l7XHjfMBqG0XSwJ3XarxDoNB5qYZw5uujH7dOtRFXM7WcA?authuser=0&amp;fife=s{size}</gx:imageUrl>
				</gx:Image>
				<gx:Image kml:id="hosted_image_QUFqUWJSNlZpaUNrUUY2dzVGL2VsTCtBYy9ZejdVQjVxMGxOTWc2ZCt1aGNVemtxTmJJUXZsYUcvZ2xJTEdDMVdBQmViTFQwMHZ0ZEtlYml6MTQycEVnc0I5YW1MZzNEN3dRRUNzMzFTcU83b1B1YVRTVjhqNlRRQksxcVdvTnY1cFNuTmI2L1VLdHpqWVhlY3A3UTEvczhWMUk3QzM0WTZWSDVRSG85UW8zZ2w1MTYzb2pkMEVNVncvM3RrVkk1Ym0xZlVxNWU4TkJZYUJNd3h3U2JHNW9HMVNadWFtMnhLTGgwclN6SGZWaTRmZERIcllPbEtpQkV4eEpyUUh1c3dncFVhZnc9">
					<gx:imageUrl>https://earth.usercontent.google.com/hostedimage/e/*/4AAjQbR4l-qqLQ9BQk-J5kE281mLdN03VBKAONQ6ODWIwKQs_n557LxAn5TvF8245UR4DWugTpsLN5uyGvCRIkSCCtbsGxkE9y0lHVF_zVpEDaf__zjMoC2chuT4IPjyhiTEkiPfdIBD7KuSzR146eG596jjBrAmkfO99xc18fwjFCXQ0F25BpP0xTx4Rcq-WybTzv5HgcsgTBti7JiiHvn23BY9Nf2mJHUQLXRf8IIt88HWoKv29CVgqYZZDyaGRcipvU1R0gJSpFzPZKf8?authuser=0&amp;fife=s{size}</gx:imageUrl>
				</gx:Image>
			</gx:Carousel>
			<Point>
				<coordinates>-6.0755183437412,37.36669399409667,0</coordinates>
			</Point>
		</Placemark>
		<Placemark id="5DA7D88868000046">
			<name>HD-10011</name>
			<description><![CDATA[<div>Sector: 10<br></div><div>Ubicación: C. Rafael Alberti con C. Nuestra Señora de los Dolores<br></div><div>Tipo: Arqueta<br></div><div>Sección: 70mm</div>]]></description>
			<styleUrl>#__managed_style_020D6A1BEA410DE2EFA4</styleUrl>
			<gx:Carousel>
				<gx:Image kml:id="hosted_image_QUFqUWJSN05ObHQ0aEVZN2F5dFZCZmJHRzZidHl0TnY5dEdMM2s4dEVSTE1BK3FCN05ZOW1PdTFVMWtnOEpCc1VYTkNHckZITzVobmNkNmM0dDJvRTdsREpEYzNpQ3p5bEhHWVJENER3aXNRbFRpdjd6Z1ZjVU1NcEQrbHJGenh2WFFzZVNHMHpJTGtRU3lROTQ2NVN5K29ZblFlL25QV1QzYkhpZGNvUXdDaE9VbjR4WnE3QTBBaFlHMXZiTkc5b3Y5OGhTbVhObENvcTlXY0x1R3g5eG1GY0xUY0FCMlEzMFVkamVCNjEyMDFnT1V4bmcrKzMySHoxanFDYkVkTHBIbEV2RDg9_0">
					<gx:imageUrl>https://earth.usercontent.google.com/hostedimage/e/*/4AAjQbR6qZe4rAemoL80ku-1Py3o0Fy4ww6wb2ecHvfl6sqzdR6r4vptJ5ek_BJgSNICYuiwZHB8O_LUfK-EqUP7ZlLD-HjsaJuZ0LhF3qEe3z0vceLN6K8S_gMVKrMVT-GOduH3sanAFYTpXZTQ4wt2KzG4sPBXU3DyVrP7d-wLRNjm4q6qm-219lutFVGyJuEP9F1fTteFhXcMPqVF1qDrv5JBIvWPeNHLHqZjp-GRrgCKdO_9uVuuEW04JJJdxr7-wL-8abYLktkiupk4?authuser=0&amp;fife=s{size}</gx:imageUrl>
				</gx:Image>
				<gx:Image kml:id="hosted_image_QUFqUWJSN1pzV2Q1T0ExSzFycVl4UCs5OC94NkNERVVZTVV4SDh6cXlNemh5MkNRS3pFVjJUSFN1NDZrMXp4S28rWVJOOUsrQmViM3J4U0gza1FGaGlIY3JFVlZIakdrRjhIMjhuWFpNVFYrd1c2Z0dVLys1T2xXa1pta0xuZ0FFYWcraGV0VjdSM01ld3NYcmVRVUl4bmhxUy9ySzNRZGhrY3Qxb0RDbFNZMGxocThiaDJiN0k0U3R6WTMva2xQYUFSSk5wdTM3S1cvVmptTi9nQkJUbkZWSmN1UWhVcWIvLzlFK0ZmQXBOYStJVmxPVDEvNks2QmUyL0FJbER5elE3Y2g0MW89">
					<gx:imageUrl>https://earth.usercontent.google.com/hostedimage/e/*/4AAjQbR6tF3Eim3_xpxBFeGW3gFVnDyvvVSfmGKstSNI4-4UuE_rKL3yy7Ja-yttkf-vkwQ80JEJue8MAWczDXc2Rpz7nZFQZRrp79b38w5iQiMt201L174OQU2uSwbgH8pJorBqDksSBspYrDWiJEuZ-ZDvP4SlARd6mXbVuU5ryYWt5k4pVhCyfP4MS9vi-suJM5jkG7u06DXj1atFSjGWqYMSs229F0OsiF4hJ7ywZadumV_-Uh5llyIFNdIv2dNLl5gF375YvU2uo_8A?authuser=0&amp;fife=s{size}</gx:imageUrl>
				</gx:Image>
			</gx:Carousel>
			<Point>
				<coordinates>-6.075695475842097,37.36627452737289,0</coordinates>
			</Point>
		</Placemark>
		<Placemark id="5DA7D88868000047">
			<name>HD-11001</name>
			<description><![CDATA[<div>Sector: 11<br></div><div><div>Ubicación: C. Nuestra Señora del Rosario</div><div>Tipo: Arqueta<br></div></div><div>Sección: 70mm<br></div>]]></description>
			<styleUrl>#__managed_style_020D6A1BEA410DE2EFA4</styleUrl>
			<gx:Carousel>
				<gx:Image kml:id="hosted_image_QUFqUWJSNk1oa2ZOWHNIN2R5aTQzSlZBSjVzM3BVd2NpSytBSCtSNVpzcHFlOEh2emxIbHl4T2pkWGhVdjE0b0IrQkxoaHNEZDNsMHJscFZLTjZZWEl4RnhnMVFPR2QyZHBacC9SbEwrUUhiaTNLV3BTNjJZY3p0Z09DWS9TTlQ4OHFyRUFIRTRoRDMwVUNTV0xNbmR5RU96dDdZaGF0cTM2SVRqOXZieTlHREk2UUdiYkJxYU1qa3VES3Z4UUREc2V6Ri9vRTA2bFlyZWc5NkNGSitNd250OWtjSHVXd2oxMmw0ZkErNkY0SmdjREpuLy9BTk1DbytHMTBGUXlEK0EvYzZDRTQ9_0">
					<gx:imageUrl>https://earth.usercontent.google.com/hostedimage/e/*/4AAjQbR74AckP9w8FOHdYsXznpYKbQZFwWSmY3LZwqfRLnmtOsDgYFL_NHMSHYb1eaQOj8xKWjq-s4TYeMXAPruRhc94FgQ-6ZJEUHrVLoxcBc2xcD2m_wzS7yfGNNdkLYU1gjBcK0IYVpF9kfUMEAChJiSVUQjCnCjDrQzcymtol7rdygcbAujAOU9Lok1vBKJoT8_KYhFKZppZq2sfJUdD2pKcc7Lnn24Hc77QVDB8f_tm7c5rfCXKMxoLyg7nQIDu9jx_I9NtIV9vNNz0?authuser=0&amp;fife=s{size}</gx:imageUrl>
				</gx:Image>
				<gx:Image kml:id="hosted_image_QUFqUWJSNUhlUFcwVm9PcHUrUGlBYW5UeS9rSk1SSUpqMXdBZm5BNnIrY3ltQnJubE5RdjlIRzYyUGlOSUY5TG5TMG1tWDNRRVc3VXhEek1ONm0yV0w2a3c0eHVxKzRxSHdpNWY3YUpFUlRnSW9FT05lRW5JM3NOalczeUUrK0ZYdUxvaElKSXdWNzg1V2l5UFRYM1E2Y05SUnl0RDlTVVRCbyt5dm1aZ0RXOGprS0cyOFhjZ1Q0R0NHRnBMSVRZeUc5dTg3TlpCRWdxanJSeWRPTUUxN0dLbmJJQmtZUndBemRSZi9meTY5azBYOG8vb1BvS2NJUmV4MXQ1TjYzS3JSNXNRaEE9">
					<gx:imageUrl>https://earth.usercontent.google.com/hostedimage/e/*/4AAjQbR695oK0sWmRxP8JxTS5m7gp-vc5fRw2wkQ0P-3fXvkPv_nm2Y-LeD5KOvq7xv6wqgQDzFxjmTYpvKPVNCBSK-CFHzYrPzhh8zeA764V_PCgnnPA6dG8jfLpGOUgs590CIBXMPYE5AiEvavVpTIKYRn9n5RS0tHVCSKuWxuqDaVbjbzPS9FbSZwnKgsfMzXXNUIdh47ZWST2wM1AkFKHHcskzEiw0irEpIrIeFxNC1biRNRr6mf4kkFDWWNcobEqNIe4mgxEUVfnn3A?authuser=0&amp;fife=s{size}</gx:imageUrl>
				</gx:Image>
			</gx:Carousel>
			<Point>
				<coordinates>-6.073042672912141,37.36775966952481,0</coordinates>
			</Point>
		</Placemark>
		<Placemark id="5DA7D88868000048">
			<name>HD-11002</name>
			<description><![CDATA[<div>Sector: 11<br></div><div><div>Ubicación: C. Juan Gordillo Romero con C. la Era<br></div><div>Tipo: Arqueta<br></div></div><div>Sección: 70mm<br></div>]]></description>
			<styleUrl>#__managed_style_020D6A1BEA410DE2EFA4</styleUrl>
			<gx:Carousel>
				<gx:Image kml:id="hosted_image_QUFqUWJSNTlkbG9yNFFNQnM4WHRPZlFqbWV4dTEyeDdveEtKS1AwOUY1clBKRFZJOFBseDVGc2dwZzZVdjJXSlhRaUJmbElJMWcvTnEwNG54K1Z0YTUySHlpam1sTjZMbThScjFGdEJPVUFMZDhzQ2RKdkV2ZExDM1BnZHJWSThWbTgySXlqaU1pWC9Wa25EZHNVbjc0OXRudWVzSTBidUczQlVhUXN1ckdQQndvYXowaURlWlRncWY1UnVnc1ByYmVWYjdQS2laSEpiNUVpdDM1K2hERlNlNGRqWDRRdHJmOXZvQWs0MVV4WEJHOXFXczV5aHFwYW5sNE1qNG9PSVBrRmtEU2M9_0">
					<gx:imageUrl>https://earth.usercontent.google.com/hostedimage/e/*/4AAjQbR7HJ1rGrUsA1JPrRXGotI_FBZvpE0JREr9nVU3LuGbanKZXvUqS19ZQmU_Ga9CB10xfnM8id-VcvVyD6bOXZOVaIzb0dY1U2aqYeNJRqoAHcUCD1vHI_3jeLqBAGHIz5HXxn3CYm4hN7MD3m-8mAbciL6tKoxtZ-tAbolII3_C2rf4aVwnsYWBYH-nQ5of3die7HpiM7n8E1fk01at7qI_OQ0KX7HqrnottIqWkVk8HH1-WuDwNzLqjQF95z27swZyaZMN0E2rkspg?authuser=0&amp;fife=s{size}</gx:imageUrl>
				</gx:Image>
				<gx:Image kml:id="hosted_image_QUFqUWJSNnpRSFh2VHVVY2hsdGV5d1RIWUFQU2I0Um1SaEdGUXMzaWVTNzZuS2hjdkNlU3E2WFRjQ3o1eEN0QnF3MmFOZXFZZWJVeXJldVloemgwcUpDZUpnNTFiaXVYUDhHTFRyVzJaU2FXbGp1N254S3d6YW1oOFlYVGFKdFYyZExHVUhiVFR5WHcvaEJHYy9WN0p1RlBzalJmT0xkY2VIWm1JQUZ3b1BjL1doVTdwbkVsSG52ZEVPS3c4RVAzWWhnYkoxcFRCVGp1b05vZS9VNE9MQW1TdkpUUkJZTWUvMnJkazZuSTZtVTNWbEFRYkxnd0VLNi9yTGlTM1JmNFQ4SDA3NUU9">
					<gx:imageUrl>https://earth.usercontent.google.com/hostedimage/e/*/4AAjQbR7DJj3nrZxIzr6o4tPDnjio3A5_dgBBKMpfj7uEG3VA7m8CQ9U5oIWXatv7c8G9J_CjAPJltIyEdGySryScDzywFHAW3NX_rf8i30ATxAamCvG2wkD6M3xNWlEgpe-L7JAHe8aDForX5-k3knNWtbrFlB748ZpocvqPKAbW4sB91VW84czdFX_HK71QwAePGfLDetvCng0uQRgOoFg5iFW3Pyg_eWG2CYucm5Jlmm3TnlgsxDW-gHOKNtuV0_8wAA3sGl-M5SBVNpw?authuser=0&amp;fife=s{size}</gx:imageUrl>
				</gx:Image>
			</gx:Carousel>
			<Point>
				<coordinates>-6.074179634420583,37.36652664643048,0</coordinates>
			</Point>
		</Placemark>
		<Placemark id="5DA7D88868000049">
			<name>HD-11003</name>
			<description>Sector: 11
Ubicación: Desconocida</description>
			<styleUrl>#__managed_style_07352320F9410DE2EFA7</styleUrl>
			<Point>
				<coordinates>-6.072546404388622,37.36593380972168,0</coordinates>
			</Point>
		</Placemark>
		<Placemark id="5DA7D8886800004A">
			<name>HD-11004</name>
			<description><![CDATA[<div>Sector: 11<br></div><div><div>Ubicación: C. Alberca Cachera con C. Huerta Chica<br></div><div>Tipo: Arqueta<br></div></div><div>Sección: 70mm<br></div>]]></description>
			<styleUrl>#__managed_style_020D6A1BEA410DE2EFA4</styleUrl>
			<gx:Carousel>
				<gx:Image kml:id="hosted_image_QUFqUWJSNStWWnhiTmRpZEx5ZWRZZGFhUmRpeTFFREd2cEx0WkxKaXp0QTFzaGl6dWlBbWFCVlRsbnNyK2ZnU09OeTM0TUI5OFRxUUVwSmcySGRweFhYMjh6cHpqWTI0QVp5REZpS3NyRGtTM1NCcGhjWDNHK3NMSi9LQVVjL1paL21nMEZUVHNpNTU1blBzWHBpTG56TkREdldFNDNYb0ROT1Bzd29xTVVya001MzVPRXdkcFpBN0JEWHM3VkZrSUJkSHVHNFhkRUxUam5veVE5b3Q1OUdjckVYWXJCeGhhY0k4aWZyWlRBUy92N1UrRGIzMGVDam5ORmxWV2ZGaWl0WlFVNlE9_0">
					<gx:imageUrl>https://earth.usercontent.google.com/hostedimage/e/*/4AAjQbR4OAgnVnimgbynOLAbLyuFc9eEWLhq7CkAQlE7lXq3W7F4dldBQZyboZvv2U_eX5XYWRlijCKg_E5DvrSnn68r56RaLFb1YXaaO2W0-msHwyscoVuB_JSVn2cAayGY_lLifVKLTZhjIrcE48o4nQydBhJAyu4VunCJNHKVLotPREvORvPs9_Qj5sTVivDdQTb2l-hKqXTdAdWO8wn5_LXeHAqbf-epf_Pkv0i5yv_-IZ-Dzk_jmIpI_AXJEnaQ7W2qc4I-gPe3hEE4?authuser=0&amp;fife=s{size}</gx:imageUrl>
				</gx:Image>
				<gx:Image kml:id="hosted_image_QUFqUWJSNFUvWE4ycHhTazI0ZEpTeUtwSklZem12TFBuVWhxSytnbml1YVdYbTZwUldtU09WM2F3U1hBL0FXSCtIRTVtOGZDdlBnTkc4dUdua0ZiUmJVT1gybm5ydjhkeHNzQWlmVU1FdWhzTzhDdlZSck13M1hPTG5IQXlXR3EwVmNVZ2VhWnpVelVQendEWGhPdlJKS3VkZ2lHdjVUVTFkc0NlK3NKSlEzUzFCWFYvaFhoVlBPNXZNUytyN1RYY3JRSDNOam1TQm5wdVR6UGhVRE5iQ0JRMGk0L2RSZU5ZblNRMWlYLzhOUUxYV3dvSVgyK2lwOWJ3SlZPU2kvM0UxUDZucE09">
					<gx:imageUrl>https://earth.usercontent.google.com/hostedimage/e/*/4AAjQbR4h6GVDGvh-rZMhMLO-WFOoWdY6hDM1XY4ZK0Vws1PFY4yT_eh9kc4Uz3zl56Ipywzx-8qxzVgt5G6jyyqwaxGhz79Xpd1IoVPiXGtgW2F6I-dOVFyGuk4wKtuy3RKx3nF3OgReulPl32Z0HTKK2bIUUP26LtEhPFfuJjgwNQ8h5fo7ORNN5lGe8-VMuTbdIo5bJE5p5i6CucdUmpuIB7lHDKkSWuscYJY2TzlEdzH34FIGa_-0sTBhrIM0UjIjIBjrlfceiae5NF0?authuser=0&amp;fife=s{size}</gx:imageUrl>
				</gx:Image>
			</gx:Carousel>
			<Point>
				<coordinates>-6.074476922880526,37.36558178134118,0</coordinates>
			</Point>
		</Placemark>
		<Placemark id="5DA7D8886800004B">
			<name>HD-11005</name>
			<description>Sector: 11
Ubicación: Desconocida</description>
			<styleUrl>#__managed_style_07352320F9410DE2EFA7</styleUrl>
			<Point>
				<coordinates>-6.073102898007093,37.36541381317183,0</coordinates>
			</Point>
		</Placemark>
		<Placemark id="5DA7D8886800004C">
			<name>HD-11006</name>
			<description>Sector: 11
Ubicación: Desconocida</description>
			<styleUrl>#__managed_style_07352320F9410DE2EFA7</styleUrl>
			<Point>
				<coordinates>-6.072731834134162,37.36521205464164,0</coordinates>
			</Point>
		</Placemark>
		<Placemark id="5DA7D8886800004D">
			<name>HD-11007</name>
			<description><![CDATA[<div>Sector: 11<br></div><div><div>Ubicación: Rotonda C. Paraje de Paterna (A-8068) con C. Conde de Barcelona<br></div><div>Tipo: Arqueta<br></div></div><div>Sección: 70mm<br></div>]]></description>
			<styleUrl>#__managed_style_020D6A1BEA410DE2EFA4</styleUrl>
			<gx:Carousel>
				<gx:Image kml:id="hosted_image_QUFqUWJSNnlQOW9QSFdKTk9RTUVMcXo4ajlybGYrTHRlSFhHV2Nkc1N4SllsaHpCVWkzVDlRdVhrLzd3ZmFjS3Vxb1NKaE1jZ1BLdkVubCtkUG1PdmVwK0ROZWI5YnVQc3BSQ29LZHZuOWpxbm42Mmp5eWU4NmtlMVROWnhPZzR3bkZHVlJ5VEZBYnU2cXQyVmM2djBGWXFEYjVUZzNSd0RBbUF1Yi90TEFSRWErNUlBbkI0dXRmaS9uSU1mU2hNU0c1dHgwbEhiNCt0Y1NEZHROR0dtK2xWaWI3ZWc4WVNKam5VdVh4Y2VVNXlpWWU0a3JpVmZkV0VvT1laa1MyYkVoaFd6OHM9_0">
					<gx:imageUrl>https://earth.usercontent.google.com/hostedimage/e/*/4AAjQbR6To43M8xYjbAnwDuiI4BIzym94dgVEe5LfJmCh7VXIpEIQ8oH_BMuVGeERT-vzb08vJr_fkQuP5qssi9_a58l3JaOBDr9uMm2e4gmBpxmhRloIjIEOnALqCejhX-FYQtLgiPatcZHpXZQ4mi3vgBqBGWyuv7OhCDc_dG05NzWVbq5lpqGqbYDzVk_aPEFr_T13mG7Q15tT1W5Wygsl5VvWh3re_T9atwo3dTXmcpUNbBi5zwGACwUK5fF9VsNWMcaY9TYXNxcfDHM?authuser=0&amp;fife=s{size}</gx:imageUrl>
				</gx:Image>
				<gx:Image kml:id="hosted_image_QUFqUWJSN2tQdi83TFRzN2pLaXl3RWtyNzNQcXliY01IVVFwT0JWTnVCeGFzUTRaMDZJbTdaVEg3Z0FGRXg4U0pPVTFtNk1kK1NmLzhURVRPNzVpVG1teWY2VTVqY3NNU0t4STZpdGZkUDl5WEJkVlFZZzBLR0xTT3lsRXQzM2g1cXh0ckNNTFQyc0owdE5IRU5XbHU1ZWhzQTQxd0JhcXllMEZOMmhXMnAraTVFaTdNRzdYMGZCYjRmSUNaQVF0NmdVbGovQlBzSU14cjF2bUcwMXNZdjRiK21WR3JGaU11WG52OXlPZlJJNVFrWVlZTzMrcU1pTjdhZjZnK0tEVitzQ2Z5Nlk9">
					<gx:imageUrl>https://earth.usercontent.google.com/hostedimage/e/*/4AAjQbR5po-r_YYG5elVudxd4E7t5N9ty_gP_9PVgjgvzv5IuT5MASut2tO51Fpx8rEaWf1_jxLOV4GxLCIebCunD6HIix6jLgtAQlSsn46hcrwzK1YxtE12DvBsRU2BRDSx-90_cUj3-p_hTfVS3x70vDTErDy6fxtsnqPU8qVQYrYiCLsXCyps4WwRlQD2YJkN6ZjkcqrCxsVVKk47lKLp3h3IXE-ECrh_0GiTk4eusLldfFUj4-P6dur4cjeB6v5BDsVRnh_UN6FlQByo?authuser=0&amp;fife=s{size}</gx:imageUrl>
				</gx:Image>
			</gx:Carousel>
			<Point>
				<coordinates>-6.073902109673918,37.3648941865406,0</coordinates>
			</Point>
		</Placemark>
		<Placemark id="5DA7D8886800004E">
			<name>HD-11008</name>
			<description><![CDATA[<div>Sector: 11<br></div><div><div>Ubicación: C. Infanta Elena, callejón tras vivienda nº3<br></div><div>Tipo: Arqueta<br></div></div><div>Sección: 70mm<br></div>]]></description>
			<styleUrl>#__managed_style_020D6A1BEA410DE2EFA4</styleUrl>
			<gx:Carousel>
				<gx:Image kml:id="hosted_image_QUFqUWJSNzRiTkI1ajl0THV6YWxkTzlaZzM4dDZhUHBKdklKcmp3Z0RnUzRmV0Z2UWtzS3pPckFiZDFRQXg3akVKWGhvNXFvMjd5akRsYUQxeUpzRnhicVpzcUNUME9zS0tWVjVyb25Pcm1QQWVoT0RQQ1JvY1JENmhwQVF6TmRDekQ0Vk4vUXg5RmdxUjA5TmRrQ2FlbDVuenlZRXA3YjZZcStiYzR4OGlvaVFmWU9KdnBua1NpOTRlNnU5dTBBekdSZmM3VHNtRWJmVmNZNWZvaUdaQ0d6MDI1K093V01kT29DSTJMREJlcHMwL2RQSzBRanJSZWR1a0J3dWJYVCtCT3ZoM1U9_0">
					<gx:imageUrl>https://earth.usercontent.google.com/hostedimage/e/*/4AAjQbR6Iw55zuSJZFSoCsFsvbXZq4C3XMHYdTHifibld8XPuk2qn-uIaBSfIxZ16LfdHVFR_H6uizFsIdghPBa-M_XLLlh-VjAtNrAzQzVIfcki_rRGjDt1eTJ_4FLFj47NDWuwQ4JPEO5qGxditBOb5d1LYCmbvydfoD-D3V3wK8zuDnuZ3qSA5Lvf-d12tg07t36037TNrhq6AoDqQYlEcc7XeQnmqXCIe62w9P5RBVKUrUnrmBDQEBJCJpdZ-ssk4x146ifP6gaWfIUw?authuser=0&amp;fife=s{size}</gx:imageUrl>
				</gx:Image>
				<gx:Image kml:id="hosted_image_QUFqUWJSNWl4Z2o4VlBMZ3EwcGw2YlY2cG1QdlBpTGRxd0I0TXVXbDlLZzVBU3FWT3YvODF4WmtZUEJ5Mi9INmZmMzhLOUx0dXBMcGNyMkNydXFHYW0zQkczbjg1aVkxbXluQzRLZHdLSllxMjB4Qk1KT2ltTVFaQTVlQURwdVNTWDV3dHVjekl4dTQ2ZEhQc3ZUb3FZUHJ0Sy9ueUdVNkhHOUVMSjZpZlN2VnBFcSt4Z1VPRGZUYXpaWm1MZkJFRkFjd3dRQ2gvSkxtYTNqano5bzhKdW1TZmNuNDUwK2g4Vk9jbmVKMVQ4a1VtWXZSSUxCM2ljUS9VL0YydEtUamg2OEFoYm89">
					<gx:imageUrl>https://earth.usercontent.google.com/hostedimage/e/*/4AAjQbR48eFIQ8QyblKYq7JRI4FIphtf3tdevUj57ZQ8Mlq5-zxd2okfi6AeCW6wGqt-QucFIOHBl5mNSqNwWVenfvb_kMOqbNybmjR-LBxEk8Gw1iKyp4aCc_gOWcuDwvYhN-UNtXLQl8wJI-hzaAPywlqFI2e4bfF2elcLOmfPt5KBVJFWLnGJE9EHMFL8S71cELqX0fBLN_Pl9BY3nHKCjnu7pobC1iaDprNEDB6E_FFw6pacV9ExH4BBVHQOha2-Ke3U6q5Xndm0GnjM?authuser=0&amp;fife=s{size}</gx:imageUrl>
				</gx:Image>
			</gx:Carousel>
			<Point>
				<coordinates>-6.073881161837534,37.36392764943358,0</coordinates>
			</Point>
		</Placemark>
		<Placemark id="5DA7D8886800004F">
			<name>HD-12001</name>
			<description>Sector: 12
Ubicación: Desconocida</description>
			<styleUrl>#__managed_style_07352320F9410DE2EFA7</styleUrl>
			<Point>
				<coordinates>-6.07268130849304,37.37860303597561,0</coordinates>
			</Point>
		</Placemark>
		<Placemark id="5DA7D88868000050">
			<name>HD-12002</name>
			<description>Sector: 12
Ubicación: Desconocida</description>
			<styleUrl>#__managed_style_07352320F9410DE2EFA7</styleUrl>
			<Point>
				<coordinates>-6.069859813167932,37.37718724492542,0</coordinates>
			</Point>
		</Placemark>
		<Placemark id="5DA7D88868000051">
			<name>HD-13001</name>
			<description>Sector: 13
Ubicación: Desconocida</description>
			<styleUrl>#__managed_style_07352320F9410DE2EFA7</styleUrl>
			<Point>
				<coordinates>-6.073060699328502,37.37588889950223,0</coordinates>
			</Point>
		</Placemark>
		<Placemark id="5DA7D88868000052">
			<name>HD-13002</name>
			<description>Sector: 13
Ubicación: Desconocida</description>
			<styleUrl>#__managed_style_07352320F9410DE2EFA7</styleUrl>
			<Point>
				<coordinates>-6.072555464668961,37.37521960745431,0</coordinates>
			</Point>
		</Placemark>
		<Placemark id="5DA7D88868000053">
			<name>HD-13003</name>
			<description>Sector: 13
Ubicación: Desconocida</description>
			<styleUrl>#__managed_style_07352320F9410DE2EFA7</styleUrl>
			<Point>
				<coordinates>-6.075129617217727,37.37520120201689,0</coordinates>
			</Point>
		</Placemark>
		<Placemark id="5DA7D88868000054">
			<name>HD-13004</name>
			<description>Sector: 13
Ubicación: Desconocida</description>
			<styleUrl>#__managed_style_07352320F9410DE2EFA7</styleUrl>
			<Point>
				<coordinates>-6.073900768560084,37.37477194206503,0</coordinates>
			</Point>
		</Placemark>
		<Placemark id="5DA7D88868000055">
			<name>HD-13005</name>
			<description>Sector: 13
Ubicación: Desconocida</description>
			<styleUrl>#__managed_style_07352320F9410DE2EFA7</styleUrl>
			<Point>
				<coordinates>-6.071063349145179,37.37473589109798,0</coordinates>
			</Point>
		</Placemark>
		<Placemark id="5DA7D88868000056">
			<name>HD-13006</name>
			<description>Sector: 13
Ubicación: Desconocida</description>
			<styleUrl>#__managed_style_07352320F9410DE2EFA7</styleUrl>
			<Point>
				<coordinates>-6.070430133120754,37.37416003114182,0</coordinates>
			</Point>
		</Placemark>
		<Placemark id="5DA7D88868000057">
			<name>HD-13007</name>
			<description>Sector: 13
Ubicación: Desconocida</description>
			<styleUrl>#__managed_style_07352320F9410DE2EFA7</styleUrl>
			<Point>
				<coordinates>-6.074397564463665,37.37397597926226,0</coordinates>
			</Point>
		</Placemark>
		<Placemark id="5DA7D88868000058">
			<name>HD-13008</name>
			<description>Sector: 13
Ubicación: Desconocida</description>
			<styleUrl>#__managed_style_07352320F9410DE2EFA7</styleUrl>
			<Point>
				<coordinates>-6.073113953930696,37.37372253476591,0</coordinates>
			</Point>
		</Placemark>
		<Placemark id="5DA7D88868000059">
			<name>HD-14001</name>
			<description>Sector: 14
Ubicación: Desconocida</description>
			<styleUrl>#__managed_style_07352320F9410DE2EFA7</styleUrl>
			<Point>
				<coordinates>-6.072201026595768,37.37134565875107,0</coordinates>
			</Point>
		</Placemark>
		<Placemark id="5DA7D8886800005A">
			<name>HD-14002</name>
			<description>Sector: 14
Ubicación: Desconocida</description>
			<styleUrl>#__managed_style_07352320F9410DE2EFA7</styleUrl>
			<Point>
				<coordinates>-6.073041434670103,37.37076634146766,0</coordinates>
			</Point>
		</Placemark>
		<Placemark id="5DA7D8886800005B">
			<name>HD-14003</name>
			<description>Sector: 14
Ubicación: Desconocida</description>
			<styleUrl>#__managed_style_07352320F9410DE2EFA7</styleUrl>
			<Point>
				<coordinates>-6.070736804367527,37.36868472655036,0</coordinates>
			</Point>
		</Placemark>
		<Placemark id="5DA7D8886800005C">
			<name>HD-14004</name>
			<description>Sector: 14
Ubicación: Desconocida</description>
			<styleUrl>#__managed_style_07352320F9410DE2EFA7</styleUrl>
			<Point>
				<coordinates>-6.070769549269508,37.36788943107939,0</coordinates>
			</Point>
		</Placemark>
		<Placemark id="5DA7D8886800005D">
			<name>HD-14005</name>
			<description>Sector: 14
Ubicación: Desconocida</description>
			<styleUrl>#__managed_style_07352320F9410DE2EFA7</styleUrl>
			<Point>
				<coordinates>-6.072083322366955,37.36773099332865,0</coordinates>
			</Point>
		</Placemark>
		<Placemark id="5DA7D8886800005E">
			<name>HD-15001</name>
			<description>Sector: 15
Ubicación: Desconocida</description>
			<styleUrl>#__managed_style_07352320F9410DE2EFA7</styleUrl>
			<Point>
				<coordinates>-6.069899026214055,37.36807448783389,0</coordinates>
			</Point>
		</Placemark>
		<Placemark id="5DA7D8886800005F">
			<name>HD-15002</name>
			<description>Sector: 15
Ubicación: Desconocida</description>
			<styleUrl>#__managed_style_07352320F9410DE2EFA7</styleUrl>
			<Point>
				<coordinates>-6.070890987762017,37.3674881561616,0</coordinates>
			</Point>
		</Placemark>
		<Placemark id="5DA7D88868000060">
			<name>HD-15003</name>
			<description>Sector: 15
Ubicación: Desconocida</description>
			<styleUrl>#__managed_style_07352320F9410DE2EFA7</styleUrl>
			<Point>
				<coordinates>-6.07152599834142,37.36681212286952,0</coordinates>
			</Point>
		</Placemark>
		<Placemark id="5DA7D88868000061">
			<name>HD-15004</name>
			<description><![CDATA[<div>Sector: 15<br></div><div>Ubicación: C. Constelación Casiopea, esquina con C. Estrella Polar<br></div><div>Tipo: Arqueta<br></div><div>Sección: 70mm</div>]]></description>
			<styleUrl>#__managed_style_020D6A1BEA410DE2EFA4</styleUrl>
			<gx:Carousel>
				<gx:Image kml:id="hosted_image_QUFqUWJSNEQ1R0E4RjU3dmV6dlA4eGpRZ1FIV3g0Y0J6SGtVRzE1OHN4aHMrdXNweDk1QWtldDhYLytOcHJvOXVUN2w3ZkMzd3lGN2R0OE9rcnlqUWtFdENxSTdTNGZ4bGQ2Wlh0UVljYXM5RlJRTCtGUndvU1FxdFhwb1BXMnk4eUMvWnVSdThaVnVPc3RKRXd1UGwrZyt5ckhZa2VWMWdLVVNmdEhlT3p6dldtVzBNbG1tQkxuQ0R5bVlCVDBZWnR3RU5Wd1puYi9VeENqUkxRRGpWZTJrSlJQdkV2QnU3WnpvZjFSMS9FbEczRDVUSnBrVDFpUERmZXdtN3h1UURuNUdQVWc9_0">
					<gx:imageUrl>https://earth.usercontent.google.com/hostedimage/e/*/4AAjQbR4mDnS5m2ZSjkzWWYTHGvVK-maFleyep6Sa6lT-lZO8DktUQZdklcDksEtwjwARB1VvtD5nzb3fUV1aed6JpNN8xs-yqeIrGYk7wcV31E0n3QdhRJzZzMHWQwyZ2QNWKFxqsCAOGUQWfbwXHjTKcdALWKFVG2OdTeeGE4TbwRXNTi-HVr2uLmF-ZsnFHH50FKf2MPR60oxnA5eLbtSt6wXKISABybypWYAd61nw3k0ERaDN3CmZWIN7qOtCcwahDHIq5BU_1hRIck0?authuser=0&amp;fife=s{size}</gx:imageUrl>
				</gx:Image>
				<gx:Image kml:id="hosted_image_QUFqUWJSNFZnNVZyangxNThPWW5VNjRqL3pYVVg0MEZHcjJRL1VlMitnVGlaMDdzYyt6Zm14emY5azQyNWlUaWpWQWlOREJ5dTV0SnVsOVRNWFhrQm9rb1NWek9QeVd6bEdsUXBhSTJEM1U4bGczaWdRUmUrelZJWWttTkFOZnozU3FmRnhoZXFHMnF5QmxzZGlNem1ocUdyVnJPdVEwRllkUDMxZGtkbEgyR2p3dzhiVkRHODk2aXhLdTRURjluaDBvUkJGMUFyZjhTd1hSWnBzdUpsNk1NcGJvQS93ZmdYZmdQL29GdHpmdjNwWDRBc28yTWt2L0ZVNEZJeGVEd2JOV2JYRnM9">
					<gx:imageUrl>https://earth.usercontent.google.com/hostedimage/e/*/4AAjQbR4a2l5mRINkfLQ7ukos7VWmrpuI25Ale-G-i-bMdKnC1sN0XvRtp4req5QaubUP94HveppTNSGOh8IkRTAYvoziOuxOVT6L7tSejJ_Z2Ovg5jXZJRbNa5E2UVQgHGkq8vG3G6H6XWs0lS3jhAlM95HDQN97zpKH7cvuAaYM8bu3Qlo2QnL4qbKHtK9tsPSBht78HMr8A-1iAEepF10_pRl-2Eb6_A-RlSRT73diWcPbp0qVsbQ7rvf0Vb444C08K8VSMkfohpMN9VM?authuser=0&amp;fife=s{size}</gx:imageUrl>
				</gx:Image>
			</gx:Carousel>
			<Point>
				<coordinates>-6.06914499919397,37.3665672315972,0</coordinates>
			</Point>
		</Placemark>
		<Placemark id="5DA7D88868000062">
			<name>HD-15005</name>
			<description>Sector: 15
Ubicación: Desconocida</description>
			<styleUrl>#__managed_style_07352320F9410DE2EFA7</styleUrl>
			<Point>
				<coordinates>-6.070267921790244,37.36580977674969,0</coordinates>
			</Point>
		</Placemark>
		<Placemark id="5DA7D88868000063">
			<name>HD-15006</name>
			<description>Sector: 15
Ubicación: Desconocida</description>
			<styleUrl>#__managed_style_07352320F9410DE2EFA7</styleUrl>
			<Point>
				<coordinates>-6.069182969228701,37.36430845050185,0</coordinates>
			</Point>
		</Placemark>
		<Placemark id="5DA7D88868000064">
			<name>HD-16001</name>
			<description>Sector: 16
Ubicación: Desconocida</description>
			<styleUrl>#__managed_style_07352320F9410DE2EFA7</styleUrl>
			<Point>
				<coordinates>-6.069262951256086,37.38001819265034,0</coordinates>
			</Point>
		</Placemark>
		<Placemark id="5DA7D88868000065">
			<name>HD-16002</name>
			<description>Sector: 16
Ubicación: Desconocida</description>
			<styleUrl>#__managed_style_07352320F9410DE2EFA7</styleUrl>
			<Point>
				<coordinates>-6.070119257770709,37.37933298020593,0</coordinates>
			</Point>
		</Placemark>
		<Placemark id="5DA7D88868000066">
			<name>HD-16003</name>
			<description>Sector: 16
Ubicación: Desconocida</description>
			<styleUrl>#__managed_style_07352320F9410DE2EFA7</styleUrl>
			<Point>
				<coordinates>-6.068330428393017,37.37841396411919,0</coordinates>
			</Point>
		</Placemark>
		<Placemark id="5DA7D88868000067">
			<name>HD-16004</name>
			<description>Sector: 16
Ubicación: Desconocida</description>
			<styleUrl>#__managed_style_07352320F9410DE2EFA7</styleUrl>
			<Point>
				<coordinates>-6.06971117445145,37.37726899964456,0</coordinates>
			</Point>
		</Placemark>
		<Placemark id="5DA7D88868000068">
			<name>HD-17001</name>
			<description>Sector: 17
Ubicación: Desconocida</description>
			<styleUrl>#__managed_style_07352320F9410DE2EFA7</styleUrl>
			<Point>
				<coordinates>-6.066553583207966,37.38030194234701,0</coordinates>
			</Point>
		</Placemark>
		<Placemark id="5DA7D88868000069">
			<name>HD-17002</name>
			<description>Sector: 17
Ubicación: Desconocida</description>
			<styleUrl>#__managed_style_07352320F9410DE2EFA7</styleUrl>
			<Point>
				<coordinates>-6.065871426692817,37.3785720486378,0</coordinates>
			</Point>
		</Placemark>
		<Placemark id="5DA7D8886800006A">
			<name>HD-17003</name>
			<description>Sector: 17
Ubicación: Desconocida</description>
			<styleUrl>#__managed_style_07352320F9410DE2EFA7</styleUrl>
			<Point>
				<coordinates>-6.070747641989429,37.37674195980154,0</coordinates>
			</Point>
		</Placemark>
		<Placemark id="5DA7D8886800006B">
			<name>HD-17004</name>
			<description>Sector: 17
Ubicación: Desconocida</description>
			<styleUrl>#__managed_style_07352320F9410DE2EFA7</styleUrl>
			<Point>
				<coordinates>-6.072254454494059,37.37628113138783,0</coordinates>
			</Point>
		</Placemark>
		<Placemark id="5DA7D8886800006C">
			<name>HD-17005</name>
			<description>Sector: 17
Ubicación: Desconocida</description>
			<styleUrl>#__managed_style_07352320F9410DE2EFA7</styleUrl>
			<Point>
				<coordinates>-6.071853450920314,37.37580542395195,0</coordinates>
			</Point>
		</Placemark>
		<Placemark id="5DA7D8886800006D">
			<name>HD-17006</name>
			<description>Sector: 17
Ubicación: Desconocida</description>
			<styleUrl>#__managed_style_07352320F9410DE2EFA7</styleUrl>
			<Point>
				<coordinates>-6.068198996188373,37.37578092268323,0</coordinates>
			</Point>
		</Placemark>
		<Placemark id="5DA7D8886800006E">
			<name>HD-17007</name>
			<description>Sector: 17
Ubicación: Desconocida</description>
			<styleUrl>#__managed_style_07352320F9410DE2EFA7</styleUrl>
			<Point>
				<coordinates>-6.069375963738395,37.37555383080331,0</coordinates>
			</Point>
		</Placemark>
		<Placemark id="5DA7D8886800006F">
			<name>HD-17008</name>
			<description>Sector: 17
Ubicación: Desconocida</description>
			<styleUrl>#__managed_style_07352320F9410DE2EFA7</styleUrl>
			<Point>
				<coordinates>-6.069890724636966,37.37450749818854,0</coordinates>
			</Point>
		</Placemark>
		<Placemark id="5DA7D88868000070">
			<name>HD-18001</name>
			<description>Sector: 18
Ubicación: Desconocida</description>
			<styleUrl>#__managed_style_07352320F9410DE2EFA7</styleUrl>
			<Point>
				<coordinates>-6.06932390472944,37.3740992105502,0</coordinates>
			</Point>
		</Placemark>
		<Placemark id="5DA7D88868000071">
			<name>HD-18002</name>
			<description>Sector: 18
Ubicación: Desconocida</description>
			<styleUrl>#__managed_style_07352320F9410DE2EFA7</styleUrl>
			<Point>
				<coordinates>-6.067640798949139,37.37329866411842,0</coordinates>
			</Point>
		</Placemark>
		<Placemark id="5DA7D88868000072">
			<name>HD-18003</name>
			<description>Sector: 18
Ubicación: Desconocida</description>
			<styleUrl>#__managed_style_07352320F9410DE2EFA7</styleUrl>
			<Point>
				<coordinates>-6.07098358899075,37.37253878704714,0</coordinates>
			</Point>
		</Placemark>
		<Placemark id="5DA7D88868000073">
			<name>HD-18004</name>
			<description>Sector: 18
Ubicación: Desconocida</description>
			<styleUrl>#__managed_style_07352320F9410DE2EFA7</styleUrl>
			<Point>
				<coordinates>-6.066298349156284,37.37235202786692,0</coordinates>
			</Point>
		</Placemark>
		<Placemark id="5DA7D88868000074">
			<name>HD-18005</name>
			<description>Sector: 18
Ubicación: Desconocida</description>
			<styleUrl>#__managed_style_07352320F9410DE2EFA7</styleUrl>
			<Point>
				<coordinates>-6.069951085691134,37.37225222408041,0</coordinates>
			</Point>
		</Placemark>
		<Placemark id="5DA7D88868000075">
			<name>HD-18006</name>
			<description>Sector: 18
Ubicación: Desconocida</description>
			<styleUrl>#__managed_style_07352320F9410DE2EFA7</styleUrl>
			<Point>
				<coordinates>-6.072419754086339,37.37187577681929,0</coordinates>
			</Point>
		</Placemark>
		<Placemark id="5DA7D88868000076">
			<name>HD-18007</name>
			<description>Sector: 18
Ubicación: Desconocida</description>
			<styleUrl>#__managed_style_07352320F9410DE2EFA7</styleUrl>
			<Point>
				<coordinates>-6.069405982263339,37.37109527339478,0</coordinates>
			</Point>
		</Placemark>
		<Placemark id="5DA7D88868000077">
			<name>HD-18008</name>
			<description>Sector: 18
Ubicación: Desconocida</description>
			<styleUrl>#__managed_style_07352320F9410DE2EFA7</styleUrl>
			<Point>
				<coordinates>-6.068503887865801,37.37058459044631,0</coordinates>
			</Point>
		</Placemark>
		<Placemark id="5DA7D88868000078">
			<name>HD-18009</name>
			<description>Sector: 18
Ubicación: Desconocida</description>
			<styleUrl>#__managed_style_07352320F9410DE2EFA7</styleUrl>
			<Point>
				<coordinates>-6.069495053728463,37.37053001947757,0</coordinates>
			</Point>
		</Placemark>
		<Placemark id="5DA7D88868000079">
			<name>HD-18010</name>
			<description>Sector: 18
Ubicación: Desconocida</description>
			<styleUrl>#__managed_style_07352320F9410DE2EFA7</styleUrl>
			<Point>
				<coordinates>-6.071106245027316,37.37006160507178,0</coordinates>
			</Point>
		</Placemark>
		<Placemark id="5DA7D8886800007A">
			<name>HD-18011</name>
			<description>Sector: 18
Ubicación: Desconocida</description>
			<styleUrl>#__managed_style_07352320F9410DE2EFA7</styleUrl>
			<Point>
				<coordinates>-6.07018169467834,37.36936586273371,0</coordinates>
			</Point>
		</Placemark>
		<Placemark id="5DA7D8886800007B">
			<name>HD-19001</name>
			<description>Sector: 19
Ubicación: Desconocida</description>
			<styleUrl>#__managed_style_07352320F9410DE2EFA7</styleUrl>
			<Point>
				<coordinates>-6.064219738872199,37.37330165080457,0</coordinates>
			</Point>
		</Placemark>
		<Placemark id="5DA7D8886800007C">
			<name>HD-19002</name>
			<description>Sector: 19
Ubicación: Desconocida</description>
			<styleUrl>#__managed_style_07352320F9410DE2EFA7</styleUrl>
			<Point>
				<coordinates>-6.066997246304693,37.37064379226599,0</coordinates>
			</Point>
		</Placemark>
		<Placemark id="5DA7D8886800007D">
			<name>HD-19003</name>
			<description>Sector: 19
Ubicación: Desconocida</description>
			<styleUrl>#__managed_style_07352320F9410DE2EFA7</styleUrl>
			<Point>
				<coordinates>-6.068779872439669,37.3701884854532,0</coordinates>
			</Point>
		</Placemark>
		<Placemark id="5DA7D8886800007E">
			<name>HD-19004</name>
			<description>Sector: 19
Ubicación: Desconocida</description>
			<styleUrl>#__managed_style_07352320F9410DE2EFA7</styleUrl>
			<Point>
				<coordinates>-6.069306176836121,37.36987336808769,0</coordinates>
			</Point>
		</Placemark>
		<Placemark id="5DA7D8886800007F">
			<name>HD-20001</name>
			<description>Sector: 20
Ubicación: Desconocida</description>
			<styleUrl>#__managed_style_07352320F9410DE2EFA7</styleUrl>
			<Point>
				<coordinates>-6.065341928805812,37.37711797805403,0</coordinates>
			</Point>
		</Placemark>
		<Placemark id="5DA7D88868000080">
			<name>HD-20002</name>
			<description>Sector: 20
Ubicación: Desconocida</description>
			<styleUrl>#__managed_style_07352320F9410DE2EFA7</styleUrl>
			<Point>
				<coordinates>-6.066720468560084,37.37651050083131,0</coordinates>
			</Point>
		</Placemark>
		<Placemark id="5DA7D88868000081">
			<name>HD-20003</name>
			<description>Sector: 20
Ubicación: Desconocida</description>
			<styleUrl>#__managed_style_07352320F9410DE2EFA7</styleUrl>
			<Point>
				<coordinates>-6.065804922520415,37.37610632909183,0</coordinates>
			</Point>
		</Placemark>
		<Placemark id="5DA7D88868000082">
			<name>HD-20004</name>
			<description>Sector: 20
Ubicación: Desconocida</description>
			<styleUrl>#__managed_style_07352320F9410DE2EFA7</styleUrl>
			<Point>
				<coordinates>-6.065415109640905,37.37484423688518,0</coordinates>
			</Point>
		</Placemark>
		<Placemark id="5DA7D88868000083">
			<name>HD-20005</name>
			<description>Sector: 20
Ubicación: Desconocida</description>
			<styleUrl>#__managed_style_07352320F9410DE2EFA7</styleUrl>
			<Point>
				<coordinates>-6.067083735031145,37.37452668956072,0</coordinates>
			</Point>
		</Placemark>
		<Placemark id="5DA7D88868000084">
			<name>HD-21001</name>
			<description>Sector: 21
Ubicación: Desconocida</description>
			<styleUrl>#__managed_style_07352320F9410DE2EFA7</styleUrl>
			<Point>
				<coordinates>-6.064580427052173,37.37950386787367,0</coordinates>
			</Point>
		</Placemark>
		<Placemark id="5DA7D88868000085">
			<name>HD-21002</name>
			<description>Sector: 21
Ubicación: Desconocida</description>
			<styleUrl>#__managed_style_07352320F9410DE2EFA7</styleUrl>
			<Point>
				<coordinates>-6.063364566348568,37.37825412853754,0</coordinates>
			</Point>
		</Placemark>
		<Placemark id="5DA7D88868000086">
			<name>HD-21003</name>
			<description>Sector: 21
Ubicación: Desconocida</description>
			<styleUrl>#__managed_style_07352320F9410DE2EFA7</styleUrl>
			<Point>
				<coordinates>-6.064513991485352,37.3769684501146,0</coordinates>
			</Point>
		</Placemark>
		<Placemark id="5DA7D88868000087">
			<name>HD-21004</name>
			<description>Sector: 21
Ubicación: Desconocida</description>
			<styleUrl>#__managed_style_07352320F9410DE2EFA7</styleUrl>
			<Point>
				<coordinates>-6.062794187258447,37.37643973539419,0</coordinates>
			</Point>
		</Placemark>
		<Placemark id="5DA7D88868000088">
			<name>HD-21005</name>
			<description>Sector: 21
Ubicación: Desconocida</description>
			<styleUrl>#__managed_style_07352320F9410DE2EFA7</styleUrl>
			<Point>
				<coordinates>-6.063507779005196,37.37635387382029,0</coordinates>
			</Point>
		</Placemark>
		<Placemark id="5DA7D88868000089">
			<name>HD-22001</name>
			<description>Sector: 22
Ubicación: Desconocida</description>
			<styleUrl>#__managed_style_07352320F9410DE2EFA7</styleUrl>
			<Point>
				<coordinates>-6.06332753602911,37.37280470208039,0</coordinates>
			</Point>
		</Placemark>
		<Placemark id="5DA7D8886800008A">
			<name>HD-22002</name>
			<description>Sector: 22
Ubicación: Desconocida</description>
			<styleUrl>#__managed_style_07352320F9410DE2EFA7</styleUrl>
			<Point>
				<coordinates>-6.063206312611298,37.37082116795928,0</coordinates>
			</Point>
		</Placemark>
		<Placemark id="5DA7D8886800008B">
			<name>HD-22003</name>
			<description>Sector: 22
Ubicación: Desconocida</description>
			<styleUrl>#__managed_style_07352320F9410DE2EFA7</styleUrl>
			<Point>
				<coordinates>-6.066748802502163,37.3693548038835,0</coordinates>
			</Point>
		</Placemark>
		<Placemark id="5DA7D8886800008C">
			<name>HD-22004</name>
			<description>Sector: 22
Ubicación: Desconocida</description>
			<styleUrl>#__managed_style_07352320F9410DE2EFA7</styleUrl>
			<Point>
				<coordinates>-6.06438615941421,37.36914582196551,0</coordinates>
			</Point>
		</Placemark>
		<Placemark id="5DA7D8886800008D">
			<name>HD-22005</name>
			<description>Sector: 22
Ubicación: Desconocida</description>
			<styleUrl>#__managed_style_07352320F9410DE2EFA7</styleUrl>
			<Point>
				<coordinates>-6.068489056349658,37.36856499961301,0</coordinates>
			</Point>
		</Placemark>
		<Placemark id="5DA7D8886800008E">
			<name>HD-22006</name>
			<description>Sector: 22
Ubicación: Desconocida</description>
			<styleUrl>#__managed_style_07352320F9410DE2EFA7</styleUrl>
			<Point>
				<coordinates>-6.066364253519069,37.36829337679574,0</coordinates>
			</Point>
		</Placemark>
		<Placemark id="5DA7D8886800008F">
			<name>HD-22007</name>
			<description>Sector: 22
Ubicación: Desconocida</description>
			<styleUrl>#__managed_style_07352320F9410DE2EFA7</styleUrl>
			<Point>
				<coordinates>-6.066417053117985,37.36719900400887,0</coordinates>
			</Point>
		</Placemark>
		<Placemark id="5DA7D88868000090">
			<name>HD-23001</name>
			<description>Sector: 23
Ubicación: Desconocida</description>
			<styleUrl>#__managed_style_07352320F9410DE2EFA7</styleUrl>
			<Point>
				<coordinates>-6.065546510958145,37.38325419401927,0</coordinates>
			</Point>
		</Placemark>
		<Placemark id="5DA7D88868000091">
			<name>HD-24001</name>
			<description>Sector: 24
Ubicación: Desconocida</description>
			<styleUrl>#__managed_style_07352320F9410DE2EFA7</styleUrl>
			<Point>
				<coordinates>-6.084961460709149,37.37580316502878,0</coordinates>
			</Point>
		</Placemark>
		<Placemark id="5DA7D88868000092">
			<name>HD-24002</name>
			<description>Sector: 24
Ubicación: Desconocida</description>
			<styleUrl>#__managed_style_07352320F9410DE2EFA7</styleUrl>
			<Point>
				<coordinates>-6.086264115066719,37.37571021438786,0</coordinates>
			</Point>
		</Placemark>
		<Placemark id="5DA7D88868000093">
			<name>HD-24003</name>
			<description>Sector: 24
Ubicación: Desconocida</description>
			<styleUrl>#__managed_style_07352320F9410DE2EFA7</styleUrl>
			<Point>
				<coordinates>-6.088359632330813,37.37557754589245,0</coordinates>
			</Point>
		</Placemark>
		<Placemark id="5DA7D88868000094">
			<name>HD-24004</name>
			<description>Sector: 24
Ubicación: Desconocida</description>
			<styleUrl>#__managed_style_07352320F9410DE2EFA7</styleUrl>
			<Point>
				<coordinates>-6.083486672791847,37.37524904772152,0</coordinates>
			</Point>
		</Placemark>
		<Placemark id="5DA7D88868000095">
			<name>HD-24005</name>
			<description>Sector: 24
Ubicación: Desconocida</description>
			<styleUrl>#__managed_style_07352320F9410DE2EFA7</styleUrl>
			<Point>
				<coordinates>-6.087055411974216,37.37524487465968,0</coordinates>
			</Point>
		</Placemark>
		<Placemark id="5DA7D88868000096">
			<name>HD-24006</name>
			<description>Sector: 24
Ubicación: Desconocida</description>
			<styleUrl>#__managed_style_07352320F9410DE2EFA7</styleUrl>
			<Point>
				<coordinates>-6.085542610348169,37.37464270966247,0</coordinates>
			</Point>
		</Placemark>
		<Placemark id="5DA7D88868000097">
			<name>HD-25001</name>
			<description>Sector: 25
Ubicación: Desconocida</description>
			<styleUrl>#__managed_style_07352320F9410DE2EFA7</styleUrl>
			<Point>
				<coordinates>-6.061143053324172,37.36649038580452,0</coordinates>
			</Point>
		</Placemark>
		<Placemark id="5DA7D88868000098">
			<name>HD-25002</name>
			<description>Sector: 25
Ubicación: Desconocida</description>
			<styleUrl>#__managed_style_07352320F9410DE2EFA7</styleUrl>
			<Point>
				<coordinates>-6.063377677499823,37.36616325550555,0</coordinates>
			</Point>
		</Placemark>
		<Placemark id="5DA7D88868000099">
			<name>HD-25003</name>
			<description>Sector: 25
Ubicación: Desconocida</description>
			<styleUrl>#__managed_style_07352320F9410DE2EFA7</styleUrl>
			<Point>
				<coordinates>-6.062775481213899,37.36575280522056,0</coordinates>
			</Point>
		</Placemark>
		<Placemark id="5DA7D8886800009A">
			<name>HD-25004</name>
			<description>Sector: 25
Ubicación: Desconocida</description>
			<styleUrl>#__managed_style_07352320F9410DE2EFA7</styleUrl>
			<Point>
				<coordinates>-6.062127305113555,37.36531184655325,0</coordinates>
			</Point>
		</Placemark>
		<Placemark id="5DA7D8886800009B">
			<name>HD-25005</name>
			<description>Sector: 25
Ubicación: Desconocida</description>
			<styleUrl>#__managed_style_07352320F9410DE2EFA7</styleUrl>
			<Point>
				<coordinates>-6.061316603046869,37.36475103991279,0</coordinates>
			</Point>
		</Placemark>
		<Placemark id="5DA7D8886800009C">
			<name>HD-25006</name>
			<description><![CDATA[<div>Sector: 25<br></div><div>Ubicación: Av. Mimosas con C. Tipuana<br></div><div>Tipo: Arqueta<br></div><div>Sección: 70mm</div>]]></description>
			<styleUrl>#__managed_style_020D6A1BEA410DE2EFA4</styleUrl>
			<gx:Carousel>
				<gx:Image kml:id="hosted_image_QUFqUWJSNzMwdU00ZlRVeWpWSlJZYlk2TUUxQlV4amZRNWRscDdFTExZQzNYM0FyTWpHT1IzV1dGVXk5OTd2ell3TkdrK2hXVkVzMjNtbXJteXdtQkJVRGUyajBLVEVYd0RkM2FDN1pIeXhwa09ZOU9PdXhqc0ptRUUzV0U4MjJmaDBzSUN0eFF5ZVpVLzJkUUtwTGVJb0hYK3pHOU1zc1VqeUxlNm01bEJFZ2psVmpFYThHdFNXaXZZRW9OU3AraHlFM05QVHNCd0NuZllTSU9lMjlqVWlnOHBHTjFzaEtWK3R6Z2tuS04rQ2tmamthVzIxS29lWUdLOXZGSkNZVjRscGs2SFk9_0">
					<gx:imageUrl>https://earth.usercontent.google.com/hostedimage/e/*/4AAjQbR6RMwZWNpLdULtTw7-WfOCnxicOR4_pVBYS2oWwEl9Bg0MRdIXLLnwaqpmjNVBH_rjju8dXV8G3NwryMdF5sUIKttUYRsoooTFE5msSxN8MBuWzvKPuB0tPPWtSdT36N_9AEvGLhWaX0gaxPMcAIHQMs6G0RfUqQTF-TNGBX1hd2GxMnRpRgjWnDcF1KuM-2sSdPtsrJSXGBOuvnay7UMaS8tAIjxHLTgI1RJn_ebifjDLgCPWVWbelLQpI7zqgqVQp_hCpKXllMBs?authuser=0&amp;fife=s{size}</gx:imageUrl>
				</gx:Image>
				<gx:Image kml:id="hosted_image_QUFqUWJSNmUwYjVXVk1JYXRiTmZuTnY3WmQ2U1hMSncyNXR0alVVdmRBQnVjWWFoS3ZITVVFL3NUZnBmSUQvcmp1YUtWemZ5dWY5OUpuZ0ZKWWNWdTBCQXNPU3VlRVBPeURFNVp4UlFGNGx6dWt3bnV4Y1VITG1pKzZQMHMzTjVQZVEwNmNHcHRqa0N0YlJCYjlEYTJzN3dtWUFZc2QyVFhBZG1qQUM1ZVBNRFY5SEZlNXpKLzZQMUNJQjMxcVR5SWFkT01SMnlVS3ZNTlJYYW4ydnAyZVpiWHNtUjVYQ0daTlY4aFJWc1JIamlqa0xSbGdPWUFkbXN6WDNrTjZUdzJFRGpwS009">
					<gx:imageUrl>https://earth.usercontent.google.com/hostedimage/e/*/4AAjQbR45zTtvCkZAU_c_2s91C5hzuDXKzeR3NBqqqQIbNEqu_eZs3chd8EnaYd0CP9uJbreZ0N2iZE1TNiWrOvEfgC_UJPzRr10bFkTFTsK-oEnPe-k7Y3KBQt5ryJnDOIOlRBredu-O3xQTvN7o9xO285nU7NTNg1kGMTEuO_Jq294yZP8Ioq15ibzjaMfZybnOA7UihYX5LY1RfS350JUVJxewl_t98vdQ3RaBH_8dXBlnK_OoO1N1e_uLl8JExSyNs4Apd5YXdqzbYng?authuser=0&amp;fife=s{size}</gx:imageUrl>
				</gx:Image>
			</gx:Carousel>
			<Point>
				<coordinates>-6.065560360837038,37.36277538958267,0</coordinates>
			</Point>
		</Placemark>
		<Placemark id="5DA7D8886800009D">
			<name>HD-25007</name>
			<description>Sector: 25
Ubicación: Desconocida</description>
			<styleUrl>#__managed_style_07352320F9410DE2EFA7</styleUrl>
			<Point>
				<coordinates>-6.064744230364991,37.36230839227849,0</coordinates>
			</Point>
		</Placemark>
		<Placemark id="5DA7D8886800009E">
			<name>HD-25008</name>
			<description>Sector: 25
Ubicación: Desconocida</description>
			<styleUrl>#__managed_style_07352320F9410DE2EFA7</styleUrl>
			<Point>
				<coordinates>-6.063894248305834,37.36167767944309,0</coordinates>
			</Point>
		</Placemark>
		<Placemark id="5DA7D8886800009F">
			<name>HD-25009</name>
			<description>Sector: 25
Ubicación: Desconocida</description>
			<styleUrl>#__managed_style_07352320F9410DE2EFA7</styleUrl>
			<Point>
				<coordinates>-6.0673777441494,37.36115820733777,0</coordinates>
			</Point>
		</Placemark>
		<Placemark id="5DA7D888680000A0">
			<name>HD-25010</name>
			<description>Sector: 25
Ubicación: Desconocida</description>
			<styleUrl>#__managed_style_07352320F9410DE2EFA7</styleUrl>
			<Point>
				<coordinates>-6.066186255816654,37.35970337562571,0</coordinates>
			</Point>
		</Placemark>
	</Folder>
	<Folder id="5DA7D9C1E8000001">
		<name>SECTORES BORMUJOS</name>
		<styleUrl>#__managed_style_0660ECCA23410DE2EFB3</styleUrl>
		<Placemark id="5DA7D9C1E8000002">
			<name>01</name>
			<LookAt>
				<longitude>-6.082284537425298</longitude>
				<latitude>37.37219817535031</latitude>
				<altitude>98.65294895105892</altitude>
				<heading>0</heading>
				<tilt>0</tilt>
				<gx:fovy>35</gx:fovy>
				<range>2302.157703191915</range>
				<altitudeMode>absolute</altitudeMode>
			</LookAt>
			<styleUrl>#__managed_style_2C39873E4F410DE2EFA8</styleUrl>
			<Polygon>
				<outerBoundaryIs>
					<LinearRing>
						<coordinates>
							-6.087665800220005,37.37303923154486,0 -6.086397723036708,37.36982068239307,0 -6.081708563784116,37.37103593784639,0 -6.081422379686645,37.37034494300206,0 -6.080024213262238,37.37072620230434,0 -6.080323351400159,37.37165324139966,0 -6.080515729143274,37.37183070970229,0 -6.080434814042235,37.37210500492592,0 -6.08086793031617,37.37359876344239,0 -6.081890743744403,37.37369187876949,0 -6.082923968991603,37.3744262638326,0 -6.083837387396857,37.37444946022446,0 -6.087665800220005,37.37303923154486,0 
						</coordinates>
					</LinearRing>
				</outerBoundaryIs>
			</Polygon>
		</Placemark>
		<Placemark id="5DA7D9C1E8000003">
			<name>02</name>
			<LookAt>
				<longitude>-6.08598742625165</longitude>
				<latitude>37.36971939931996</latitude>
				<altitude>84.51469378558077</altitude>
				<heading>0</heading>
				<tilt>0</tilt>
				<gx:fovy>35</gx:fovy>
				<range>211.0217049613857</range>
				<altitudeMode>absolute</altitudeMode>
			</LookAt>
			<styleUrl>#__managed_style_0517E717CB410DE2EFA8</styleUrl>
			<Polygon>
				<outerBoundaryIs>
					<LinearRing>
						<coordinates>
							-6.086397210119968,37.36981883778695,0 -6.085932874816961,37.36855821995191,0 -6.085832562586138,37.36784315295159,0 -6.086353001539612,37.36623542669717,0 -6.086238375130977,37.36616172817877,0 -6.086104858528802,37.36617323856371,0 -6.082664884630129,37.36747389180825,0 -6.082302359195527,37.36789746577958,0 -6.081798829336829,37.36785414683568,0 -6.079320320101949,37.36880404745825,0 -6.079205752445368,37.36906817066555,0 -6.08002290546156,37.37072378423866,0 -6.081430593103123,37.37033721535377,0 -6.081711836846847,37.37103107005147,0 -6.086397210119968,37.36981883778695,0 
						</coordinates>
					</LinearRing>
				</outerBoundaryIs>
			</Polygon>
		</Placemark>
		<Placemark id="5DA7D9C1E8000004">
			<name>03</name>
			<LookAt>
				<longitude>-6.083040098227031</longitude>
				<latitude>37.36694471906777</latitude>
				<altitude>93.61361051160516</altitude>
				<heading>0</heading>
				<tilt>0</tilt>
				<gx:fovy>35</gx:fovy>
				<range>459.7745484069311</range>
				<altitudeMode>absolute</altitudeMode>
			</LookAt>
			<styleUrl>#__managed_style_2F31A587CC410DE2EFB8</styleUrl>
			<Polygon>
				<outerBoundaryIs>
					<LinearRing>
						<coordinates>
							-6.082418707129015,37.3674281406155,0 -6.08571354485266,37.36615452895447,0 -6.084904802529939,37.36483827743783,0 -6.085027399754281,37.36450070627885,0 -6.084639105719916,37.3643660126185,0 -6.08348850505587,37.36401078294059,0 -6.081716907051833,37.36372524412147,0 -6.080554395850521,37.36388780264817,0 -6.082092848083498,37.36719992083295,0 -6.082293853910091,37.36740600952501,0 -6.082418707129015,37.3674281406155,0 
						</coordinates>
					</LinearRing>
				</outerBoundaryIs>
			</Polygon>
		</Placemark>
		<Placemark id="5DA7D9C1E8000005">
			<name>04</name>
			<LookAt>
				<longitude>-6.079431042084772</longitude>
				<latitude>37.36750626795709</latitude>
				<altitude>99.02781559746381</altitude>
				<heading>0</heading>
				<tilt>0</tilt>
				<gx:fovy>35</gx:fovy>
				<range>864.9208857788474</range>
				<altitudeMode>absolute</altitudeMode>
			</LookAt>
			<styleUrl>#__managed_style_170D4485DE410DE2EFB3</styleUrl>
			<Polygon>
				<outerBoundaryIs>
					<LinearRing>
						<coordinates>
							-6.081975487970571,37.3674037848538,0 -6.08040765342448,37.36398860221476,0 -6.07875633607459,37.36375228755399,0 -6.078204509586516,37.36412427427707,0 -6.077549935946695,37.36439032021156,0 -6.076589081081192,37.36498138012028,0 -6.076033341085699,37.36554572989616,0 -6.077418693561305,37.36678588346667,0 -6.078777824180235,37.36869069639598,0 -6.079090473634821,37.36860857541299,0 -6.079288147397879,37.36867904827224,0 -6.081704283357523,37.3677402825687,0 -6.081975487970571,37.3674037848538,0 
						</coordinates>
					</LinearRing>
				</outerBoundaryIs>
			</Polygon>
		</Placemark>
		<Placemark id="5DA7D9C1E8000006">
			<name>05</name>
			<LookAt>
				<longitude>-6.079160468807689</longitude>
				<latitude>37.3635196171938</latitude>
				<altitude>85.97749598084398</altitude>
				<heading>0</heading>
				<tilt>0</tilt>
				<gx:fovy>35</gx:fovy>
				<range>423.1877807135606</range>
				<altitudeMode>absolute</altitudeMode>
			</LookAt>
			<styleUrl>#__managed_style_2C39873E4F410DE2EFA8</styleUrl>
			<Polygon>
				<outerBoundaryIs>
					<LinearRing>
						<coordinates>
							-6.078758922481049,37.36375144341748,0 -6.080408942103663,37.36398578786903,0 -6.080488423629444,37.36384062849768,0 -6.080088905677074,37.36342722247478,0 -6.080048245482461,37.36326898692785,0 -6.081240670022321,37.36238709140002,0 -6.080121209256925,37.36163776790752,0 -6.079693010757856,37.36112533907161,0 -6.079240206032981,37.36068350982721,0 -6.078795210789048,37.36033436240717,0 -6.078640634372841,37.36049915623079,0 -6.078455181639819,37.36032336620449,0 -6.07761641562181,37.35970866496944,0 -6.076700164998556,37.3606172779913,0 -6.079439916541761,37.36299016765933,0 -6.079435041070735,37.363261998046,0 -6.078985451854058,37.36354422758009,0 -6.078758922481049,37.36375144341748,0 
						</coordinates>
					</LinearRing>
				</outerBoundaryIs>
			</Polygon>
		</Placemark>
		<Placemark id="5DA7D9C1E8000007">
			<name>06</name>
			<LookAt>
				<longitude>-6.07622516909116</longitude>
				<latitude>37.3653905343209</latitude>
				<altitude>85.83369623694172</altitude>
				<heading>0</heading>
				<tilt>0</tilt>
				<gx:fovy>35</gx:fovy>
				<range>161.1876644659424</range>
				<altitudeMode>absolute</altitudeMode>
			</LookAt>
			<styleUrl>#__managed_style_086D4C215F410DE2EFAE</styleUrl>
			<Polygon>
				<outerBoundaryIs>
					<LinearRing>
						<coordinates>
							-6.076583575031465,37.36498518892085,0 -6.077543849793413,37.36439206439147,0 -6.078197043547588,37.36412875255392,0 -6.078753123117369,37.36375269431242,0 -6.078982703289123,37.36354253517718,0 -6.079433532039364,37.36326238497342,0 -6.079438427102889,37.36299187680414,0 -6.076699404094047,37.36062641192212,0 -6.076427080348683,37.36071128467364,0 -6.076310348127874,37.36086034817086,0 -6.075826362350618,37.36187527249093,0 -6.074170001595924,37.36454608890577,0 -6.076026863543387,37.36555693867076,0 -6.076583575031465,37.36498518892085,0 
						</coordinates>
					</LinearRing>
				</outerBoundaryIs>
			</Polygon>
		</Placemark>
		<Placemark id="5DA7D9C1E8000008">
			<name>07</name>
			<LookAt>
				<longitude>-6.079847338340989</longitude>
				<latitude>37.37434284067787</latitude>
				<altitude>114.011495376247</altitude>
				<heading>2.506709008825869</heading>
				<tilt>5.818275268235909</tilt>
				<gx:fovy>35</gx:fovy>
				<range>497.0728684006464</range>
				<altitudeMode>absolute</altitudeMode>
			</LookAt>
			<styleUrl>#__managed_style_0ED0A71833410DE2EFB4</styleUrl>
			<Polygon>
				<outerBoundaryIs>
					<LinearRing>
						<coordinates>
							-6.080480824787409,37.37408371950769,0 -6.080419392338521,37.37382880392812,0 -6.079804549776037,37.37374635395182,0 -6.079023419065144,37.37373925149311,0 -6.078516893110864,37.37381121919368,0 -6.077961721535003,37.37397239601409,0 -6.077025052464716,37.37441136072097,0 -6.076197911285707,37.37482620233949,0 -6.076026167007068,37.37506047219535,0 -6.076102487095866,37.37564631376942,0 -6.076217097761155,37.37654552761506,0 -6.076327950574844,37.37719871098502,0 -6.076854907187509,37.37787775345907,0 -6.077985439220618,37.37716924253844,0 -6.078857794519656,37.3766366691092,0 -6.080483904414262,37.37578929963114,0 -6.080619666309428,37.37563092030432,0 -6.080669577072031,37.37546160569848,0 -6.080448524521417,37.37485602315545,0 -6.080342392632279,37.37454893995013,0 -6.080371619709798,37.37436501452071,0 -6.080480824787409,37.37408371950769,0 
						</coordinates>
					</LinearRing>
				</outerBoundaryIs>
			</Polygon>
		</Placemark>
		<Placemark id="5DA7D9C1E8000009">
			<name>08</name>
			<LookAt>
				<longitude>-6.080277591262639</longitude>
				<latitude>37.37383723216202</latitude>
				<altitude>109.9519123378724</altitude>
				<heading>-3.228279325817879</heading>
				<tilt>18.54952155761031</tilt>
				<gx:fovy>35</gx:fovy>
				<range>86.03345835391337</range>
				<altitudeMode>absolute</altitudeMode>
			</LookAt>
			<styleUrl>#__managed_style_0517E717CB410DE2EFA8</styleUrl>
			<Polygon>
				<outerBoundaryIs>
					<LinearRing>
						<coordinates>
							-6.080419814509139,37.3738281084927,0 -6.080564545554798,37.37364977046093,0 -6.080573205378576,37.3735513352277,0 -6.080159854593336,37.37216941439503,0 -6.079974109604206,37.37202311784088,0 -6.079920151883834,37.37186236813854,0 -6.08004925853969,37.37165765000883,0 -6.07976066366875,37.37070664002053,0 -6.07853894191059,37.37097665719802,0 -6.076977878732666,37.37146614319985,0 -6.075067652455618,37.37240405153134,0 -6.075144195156356,37.37263706917734,0 -6.075084033302208,37.37304429338169,0 -6.075229346115989,37.37351552296477,0 -6.075453894401734,37.37387033645322,0 -6.076198511387435,37.37482629745876,0 -6.077027262182806,37.37440956121289,0 -6.077596711545029,37.37414328299993,0 -6.077964611050889,37.37397027998864,0 -6.078519554335124,37.37381022196012,0 -6.079024058466186,37.3737384343689,0 -6.07980783927527,37.37374620993612,0 -6.080419814509139,37.3738281084927,0 
						</coordinates>
					</LinearRing>
				</outerBoundaryIs>
			</Polygon>
		</Placemark>
		<Placemark id="5DA7D9C1E800000A">
			<name>09</name>
			<LookAt>
				<longitude>-6.079007064775421</longitude>
				<latitude>37.37060306867646</latitude>
				<altitude>108.4061988887222</altitude>
				<heading>-3.228318073770199</heading>
				<tilt>18.55042251580578</tilt>
				<gx:fovy>35</gx:fovy>
				<range>400.9581451676058</range>
				<altitudeMode>absolute</altitudeMode>
			</LookAt>
			<styleUrl>#__managed_style_020D14087E410DE2EFAF</styleUrl>
			<Polygon>
				<outerBoundaryIs>
					<LinearRing>
						<coordinates>
							-6.079758165942463,37.37071136870975,0 -6.079444003312354,37.36995263668648,0 -6.079072261864159,37.36928450300366,0 -6.078962725225169,37.36915949503831,0 -6.078738567990606,37.36906205308557,0 -6.077635222046557,37.3694782452236,0 -6.07647331965153,37.37001763993286,0 -6.075093912637676,37.3706978809555,0 -6.074489980324448,37.37103082959717,0 -6.07480013675047,37.37191436701043,0 -6.075067175981728,37.37240442413747,0 -6.076415986651812,37.37174367487371,0 -6.076999636298185,37.37145300767402,0 -6.078545255504537,37.37097296775666,0 -6.079758165942463,37.37071136870975,0 
						</coordinates>
					</LinearRing>
				</outerBoundaryIs>
			</Polygon>
		</Placemark>
		<Placemark id="5DA7D9C1E800000B">
			<name>10</name>
			<LookAt>
				<longitude>-6.078144117437214</longitude>
				<latitude>37.36898963294676</latitude>
				<altitude>108.0843955707653</altitude>
				<heading>-32.94716063221598</heading>
				<tilt>14.77774707235405</tilt>
				<gx:fovy>35</gx:fovy>
				<range>321.4065516338451</range>
				<altitudeMode>absolute</altitudeMode>
			</LookAt>
			<styleUrl>#__managed_style_0982D30E0E410DE2EFBE</styleUrl>
			<Polygon>
				<outerBoundaryIs>
					<LinearRing>
						<coordinates>
							-6.07877342673036,37.3686867245145,0 -6.077412648819718,37.36678134756374,0 -6.07604256679009,37.36554872579484,0 -6.075696123956958,37.36601207581091,0 -6.075486454660184,37.36663307420753,0 -6.075358945303261,37.36720528164803,0 -6.07518956544769,37.36741936123732,0 -6.074706842446977,37.36770535712952,0 -6.074091486431634,37.36800411529191,0 -6.073058873428759,37.36851460216398,0 -6.074073236701477,37.36955387246967,0 -6.074260493933328,37.36983378468257,0 -6.074446810730168,37.37024564288263,0 -6.074387205907631,37.37061546545838,0 -6.074408088499487,37.37091771573467,0 -6.076486130417727,37.36991019886112,0 -6.07862734328568,37.36896315304477,0 -6.078687098725256,37.36884307150817,0 -6.07877342673036,37.3686867245145,0 
						</coordinates>
					</LinearRing>
				</outerBoundaryIs>
			</Polygon>
		</Placemark>
		<Placemark id="5DA7D9C1E800000C">
			<name>11</name>
			<LookAt>
				<longitude>-6.072938850824464</longitude>
				<latitude>37.36559500990517</latitude>
				<altitude>82.98953404311175</altitude>
				<heading>-32.94747586926901</heading>
				<tilt>14.78186813564588</tilt>
				<gx:fovy>35</gx:fovy>
				<range>2118.049502120703</range>
				<altitudeMode>absolute</altitudeMode>
			</LookAt>
			<styleUrl>#__managed_style_06D45FA4EC410DE2EFB9</styleUrl>
			<Polygon>
				<outerBoundaryIs>
					<LinearRing>
						<coordinates>
							-6.074168016427834,37.36454396082503,0 -6.074557089401224,37.36391711580735,0 -6.074175992886478,37.36366932128102,0 -6.073758829015681,37.36400379609607,0 -6.071783285940613,37.36555414039085,0 -6.071345648086018,37.36571911230544,0 -6.071770354160337,37.36678291032179,0 -6.072138907811824,37.36750240843338,0 -6.07235237730081,37.36784942332594,0 -6.073059869602683,37.36851516779912,0 -6.07471776386255,37.36770083508691,0 -6.075190094140749,37.36741878158985,0 -6.07535983025779,37.36720291780678,0 -6.075487393783982,37.36662943476141,0 -6.075696626400655,37.36601072423874,0 -6.076027313965595,37.36556788555954,0 -6.074168016427834,37.36454396082503,0 
						</coordinates>
					</LinearRing>
				</outerBoundaryIs>
			</Polygon>
		</Placemark>
		<Placemark id="5DA7D9C1E900000D">
			<name>12</name>
			<LookAt>
				<longitude>-6.075970548261998</longitude>
				<latitude>37.37568139657209</latitude>
				<altitude>106.7008660377071</altitude>
				<heading>-32.94781595233285</heading>
				<tilt>14.77812049968474</tilt>
				<gx:fovy>35</gx:fovy>
				<range>484.2088835591858</range>
				<altitudeMode>absolute</altitudeMode>
			</LookAt>
			<styleUrl>#__managed_style_15C1C8F1FE410DE2EFA8</styleUrl>
			<Polygon>
				<outerBoundaryIs>
					<LinearRing>
						<coordinates>
							-6.076194586157024,37.37482290390019,0 -6.073762465570708,37.37598520257009,0 -6.073283139220327,37.3761532068655,0 -6.069714700859845,37.37711388910875,0 -6.070808417919524,37.3797050861796,0 -6.071575673319868,37.37982603189657,0 -6.071899030188579,37.38004369394522,0 -6.072212481750205,37.38042453543598,0 -6.073878309920291,37.37963089394476,0 -6.07686237399664,37.37787144993874,0 -6.076316083205626,37.37719003251305,0 -6.076017600351583,37.37506137389729,0 -6.076194586157024,37.37482290390019,0 
						</coordinates>
					</LinearRing>
				</outerBoundaryIs>
			</Polygon>
		</Placemark>
		<Placemark id="5DA7D9C1E900000E">
			<name>13</name>
			<LookAt>
				<longitude>-6.073186110437019</longitude>
				<latitude>37.37582706132012</latitude>
				<altitude>122.1645858462358</altitude>
				<heading>-32.94827701339148</heading>
				<tilt>14.77809161031062</tilt>
				<gx:fovy>35</gx:fovy>
				<range>471.6152885918564</range>
				<altitudeMode>absolute</altitudeMode>
			</LookAt>
			<styleUrl>#__managed_style_107CF97A9B410DE2EFAF</styleUrl>
			<Polygon>
				<outerBoundaryIs>
					<LinearRing>
						<coordinates>
							-6.073318756702681,37.37613961063279,0 -6.073771355703998,37.37597763195888,0 -6.076195548745683,37.37482884893374,0 -6.075414357718557,37.37381378492459,0 -6.075237723849316,37.373523225538,0 -6.075071365160442,37.37304696003292,0 -6.075149068010286,37.37263618683495,0 -6.075064603764858,37.37241160344263,0 -6.074800897069638,37.3719154714405,0 -6.074490632305617,37.37102388781527,0 -6.071008379574309,37.37269199464727,0 -6.070675143648795,37.37292521399113,0 -6.069402167599383,37.37438001072587,0 -6.070609952228363,37.37458902679157,0 -6.070915008373747,37.37472175386828,0 -6.071223511950851,37.37489751294794,0 -6.07145538442971,37.37514764203118,0 -6.07239172562273,37.3763909615148,0 -6.073318756702681,37.37613961063279,0 
						</coordinates>
					</LinearRing>
				</outerBoundaryIs>
			</Polygon>
		</Placemark>
		<Placemark id="5DA7D9C1E900000F">
			<name>14</name>
			<LookAt>
				<longitude>-6.071843241772532</longitude>
				<latitude>37.36725689179364</latitude>
				<altitude>86.63426052888022</altitude>
				<heading>355.5237139588065</heading>
				<tilt>0</tilt>
				<gx:fovy>35</gx:fovy>
				<range>223.5717955747169</range>
				<altitudeMode>absolute</altitudeMode>
			</LookAt>
			<styleUrl>#__managed_style_0950F986D6410DE2EFB0</styleUrl>
			<Polygon>
				<outerBoundaryIs>
					<LinearRing>
						<coordinates>
							-6.071773430483662,37.36678189011793,0 -6.071378901479986,37.36712357836434,0 -6.070759343008969,37.3677663053967,0 -6.070553234979405,37.36794360868205,0 -6.069480286621046,37.36870842305451,0 -6.069150176506311,37.36881594441057,0 -6.070527286514049,37.3690122313845,0 -6.070210015618104,37.3693294332963,0 -6.070791977686959,37.36983434946731,0 -6.070905582626974,37.36975489065513,0 -6.071221466514252,37.37001244663025,0 -6.07159809232562,37.37078401559599,0 -6.071625319996587,37.37092267827582,0 -6.071598657385728,37.37097761886258,0 -6.071707449674376,37.3711246536519,0 -6.072422223012264,37.37148753494606,0 -6.072581358173153,37.37158882820913,0 -6.072726575554213,37.37173083207309,0 -6.072820288380122,37.37173424079084,0 -6.074358279847393,37.37096480779431,0 -6.074371880441754,37.3706119445388,0 -6.074408079191652,37.37024488239269,0 -6.074223719058013,37.3698448059951,0 -6.074041959429055,37.36956091005879,0 -6.073061879764829,37.36856341954864,0 -6.072277316012734,37.36787947385837,0 -6.072151797618066,37.36771727935275,0 -6.072048174832694,37.36752014985733,0 -6.071786326344771,37.36697031183703,0 -6.071773430483662,37.36678189011793,0 
						</coordinates>
					</LinearRing>
				</outerBoundaryIs>
			</Polygon>
		</Placemark>
		<Placemark id="5DA7D9C1E9000010">
			<name>15</name>
			<LookAt>
				<longitude>-6.07010990349807</longitude>
				<latitude>37.36768947764629</latitude>
				<altitude>99.44946643754436</altitude>
				<heading>-20.23397791228785</heading>
				<tilt>0.1662007876510329</tilt>
				<gx:fovy>35</gx:fovy>
				<range>464.5029640971188</range>
				<altitudeMode>absolute</altitudeMode>
			</LookAt>
			<styleUrl>#__managed_style_0A772F15C2410DE2EFBB</styleUrl>
			<Polygon>
				<outerBoundaryIs>
					<LinearRing>
						<coordinates>
							-6.071769285199057,37.36677982010993,0 -6.071594727269826,37.36659059246131,0 -6.071221094448694,37.36570466449837,0 -6.071081268624654,37.36565147444765,0 -6.070972035784122,37.36550559376918,0 -6.07114601809423,37.36512529156587,0 -6.071174316995323,37.36478463904454,0 -6.07108028128997,37.36447684633377,0 -6.070854517965255,37.36406673859275,0 -6.070245585772386,37.36321352248441,0 -6.067484882647541,37.36443587918586,0 -6.067896550818573,37.3647757356628,0 -6.06834333028003,37.36503030270578,0 -6.068721429694039,37.36532876447031,0 -6.068138140051662,37.36567952890621,0 -6.068860423677272,37.36644700516882,0 -6.06828257320485,37.36673616672957,0 -6.068458435079972,37.36693626744083,0 -6.067872730701785,37.36727761791933,0 -6.068222550474593,37.36752428946173,0 -6.068317491910756,37.36766047560098,0 -6.067822805581996,37.36802228725532,0 -6.068075887637389,37.36816254210163,0 -6.068229077951602,37.36819467693205,0 -6.068305397914422,37.36830385588898,0 -6.068703865647791,37.36850081494931,0 -6.069087550935992,37.36867252917798,0 -6.069168832157156,37.36881521161686,0 -6.069482428632513,37.36870818149157,0 -6.070569334341409,37.3679284506984,0 -6.070770470618133,37.36776209918426,0 -6.071363414799238,37.36713588581283,0 -6.071769285199057,37.36677982010993,0 
						</coordinates>
					</LinearRing>
				</outerBoundaryIs>
			</Polygon>
		</Placemark>
		<Placemark id="5DA7D9C1E9000011">
			<name>16</name>
			<LookAt>
				<longitude>-6.069987434718632</longitude>
				<latitude>37.37758043225988</latitude>
				<altitude>110.7601874594947</altitude>
				<heading>-32.9440496887019</heading>
				<tilt>14.77779057326463</tilt>
				<gx:fovy>35</gx:fovy>
				<range>340.3719699739668</range>
				<altitudeMode>absolute</altitudeMode>
			</LookAt>
			<styleUrl>#__managed_style_037B7F876B410DE2EFBC</styleUrl>
			<Polygon>
				<outerBoundaryIs>
					<LinearRing>
						<coordinates>
							-6.069712752188141,37.37711129787296,0 -6.069364338179517,37.37722564707147,0 -6.068905687142837,37.37746253057038,0 -6.068493470712928,37.37773971724106,0 -6.068227210302186,37.378008702218,0 -6.067906323329554,37.37859548138497,0 -6.066931757964376,37.3799185312981,0 -6.066229166732731,37.3809118800535,0 -6.065733879807429,37.38114668427417,0 -6.065182847441743,37.38132421758446,0 -6.064929981984659,37.38131751555211,0 -6.064757735106668,37.38126294949631,0 -6.063764403056035,37.38069758880828,0 -6.064019133126022,37.38100711339624,0 -6.064190521078531,37.38135860368441,0 -6.064228114755093,37.38166251065462,0 -6.06414826818226,37.38196637191797,0 -6.063366310925245,37.38282731326011,0 -6.063930263810136,37.38297031534877,0 -6.065680252591351,37.38273782798486,0 -6.067310632018266,37.38220853633825,0 -6.069864662705736,37.38138255646551,0 -6.072217549299795,37.3804254416975,0 -6.071896420925263,37.38004232373107,0 -6.071580353695994,37.37982716398515,0 -6.070804999882901,37.37970058124611,0 -6.069712752188141,37.37711129787296,0 
						</coordinates>
					</LinearRing>
				</outerBoundaryIs>
			</Polygon>
		</Placemark>
		<Placemark id="5DA7D9C1E9000012">
			<name>17</name>
			<LookAt>
				<longitude>-6.067892206377776</longitude>
				<latitude>37.376038982034</latitude>
				<altitude>112.0685308449816</altitude>
				<heading>5.694607812698761e-09</heading>
				<tilt>14.77797220133281</tilt>
				<gx:fovy>35</gx:fovy>
				<range>419.5563608010707</range>
				<altitudeMode>absolute</altitudeMode>
			</LookAt>
			<styleUrl>#__managed_style_15AB43A80F410DE2EFB4</styleUrl>
			<Polygon>
				<outerBoundaryIs>
					<LinearRing>
						<coordinates>
							-6.06712886293538,37.3769869115275,0 -6.067157125215546,37.3770876013069,0 -6.06712166685306,37.37719206845988,0 -6.067071864478536,37.37725869651383,0 -6.066971630692275,37.37729887723927,0 -6.066786883965078,37.37728622073664,0 -6.063766149336315,37.38069794571035,0 -6.064757683470463,37.38126158590585,0 -6.064930454906191,37.38131614837347,0 -6.065180350371162,37.38132384043185,0 -6.065730651631812,37.38114733933258,0 -6.066227164920076,37.38091664847369,0 -6.067904012939115,37.37859812121128,0 -6.068226083570569,37.37800899667374,0 -6.068490588018363,37.37774198440137,0 -6.068902222438793,37.37746409604738,0 -6.069362090039653,37.37722471795146,0 -6.069714655198161,37.37711127247711,0 -6.072391828371171,37.37639269227886,0 -6.071457078943798,37.37514746630661,0 -6.071223973683615,37.37489801978234,0 -6.07091577406057,37.37472197057879,0 -6.07060939228713,37.37458926013522,0 -6.069402971952018,37.37438007786606,0 -6.068243365199366,37.37567384835167,0 -6.06712886293538,37.3769869115275,0 
						</coordinates>
					</LinearRing>
				</outerBoundaryIs>
			</Polygon>
		</Placemark>
		<Placemark id="5DA7D9C1E9000013">
			<name>18</name>
			<LookAt>
				<longitude>-6.069324251576131</longitude>
				<latitude>37.36888930719628</latitude>
				<altitude>104.8175127613454</altitude>
				<heading>355.5236583593958</heading>
				<tilt>0</tilt>
				<gx:fovy>35</gx:fovy>
				<range>193.290737151965</range>
				<altitudeMode>absolute</altitudeMode>
			</LookAt>
			<styleUrl>#__managed_style_05FA226BCF410DE2EFB6</styleUrl>
			<Polygon>
				<outerBoundaryIs>
					<LinearRing>
						<coordinates>
							-6.068822281058158,37.37023418269583,0 -6.068372858592076,37.37063061954768,0 -6.067721683829145,37.37127684801444,0 -6.067031047710321,37.37180157718781,0 -6.066523111128715,37.3721423886265,0 -6.06614389580943,37.37241306241991,0 -6.067313200202941,37.37346079033772,0 -6.067772221370447,37.37345409407463,0 -6.069300013653772,37.37431809730363,0 -6.070449067280959,37.37301816039298,0 -6.070594609548876,37.37286918610262,0 -6.070882520069181,37.37267844100347,0 -6.072693848366173,37.37178785672435,0 -6.072720340366256,37.37173397709373,0 -6.072577517575523,37.37158446679862,0 -6.072426874838069,37.37148869447768,0 -6.07170866710754,37.37112733119277,0 -6.071595052504555,37.3709752406948,0 -6.07162480677759,37.37092558987644,0 -6.071597275056078,37.37078754626356,0 -6.071217262890932,37.37000864853561,0 -6.070908873803756,37.36975868100198,0 -6.070790572771685,37.36983526840817,0 -6.070209848851713,37.36932970767462,0 -6.069624008494527,37.36971916558898,0 -6.068822281058158,37.37023418269583,0 
						</coordinates>
					</LinearRing>
				</outerBoundaryIs>
			</Polygon>
		</Placemark>
		<Placemark id="5DA7D9C1E9000014">
			<name>19</name>
			<LookAt>
				<longitude>-6.070156703012383</longitude>
				<latitude>37.36917606647377</latitude>
				<altitude>94.58491466027266</altitude>
				<heading>-20.23266662356015</heading>
				<tilt>0.1661934942758732</tilt>
				<gx:fovy>35</gx:fovy>
				<range>186.640075670075</range>
				<altitudeMode>absolute</altitudeMode>
			</LookAt>
			<styleUrl>#__managed_style_1E50363930410DE2EFB6</styleUrl>
			<Polygon>
				<outerBoundaryIs>
					<LinearRing>
						<coordinates>
							-6.070521903615952,37.369012799731,0 -6.069161691360092,37.36881740510814,0 -6.069027407270494,37.3689860499131,0 -6.06816501682218,37.36970343849149,0 -6.067690715589272,37.36940071637801,0 -6.066595990543359,37.37046600957691,0 -6.065751528636008,37.3710196326174,0 -6.065159183551206,37.37155309346981,0 -6.064540248914843,37.37211088970932,0 -6.064239924591133,37.37251197978166,0 -6.063937393286944,37.3727823531141,0 -6.063616008667227,37.37328668147165,0 -6.064227848442363,37.37357598422151,0 -6.064818145972578,37.37423189904007,0 -6.065233808972298,37.3739727978387,0 -6.065370920444484,37.37377215089863,0 -6.065553088061365,37.37296171747049,0 -6.065638785741987,37.37281348037499,0 -6.066142473333822,37.37241235847225,0 -6.066508791426032,37.37215107226601,0 -6.067029682518701,37.37180020111304,0 -6.067718028723147,37.37127902860116,0 -6.068379435740012,37.37062327207652,0 -6.068824852851197,37.37023208728454,0 -6.070213525903806,37.36932809368332,0 -6.070521903615952,37.369012799731,0 
						</coordinates>
					</LinearRing>
				</outerBoundaryIs>
			</Polygon>
		</Placemark>
		<Placemark id="5DA7D9C1E9000015">
			<name>20</name>
			<LookAt>
				<longitude>-6.065540422265533</longitude>
				<latitude>37.37305758795952</latitude>
				<altitude>97.80483835898632</altitude>
				<heading>-34.9145339475196</heading>
				<tilt>0.2254279572195528</tilt>
				<gx:fovy>35</gx:fovy>
				<range>271.3321826106403</range>
				<altitudeMode>absolute</altitudeMode>
			</LookAt>
			<styleUrl>#__managed_style_14A5C0D84D410DE2EFB7</styleUrl>
			<Polygon>
				<outerBoundaryIs>
					<LinearRing>
						<coordinates>
							-6.065642165902228,37.37280578841987,0 -6.065556579314341,37.37296201978712,0 -6.065375585690024,37.37377020376496,0 -6.065239707052262,37.37397099415933,0 -6.064910155628843,37.37417328872497,0 -6.064629376331149,37.37435690822623,0 -6.065202480092987,37.37497302134689,0 -6.065140950366273,37.37505928964339,0 -6.065270182643433,37.37518426837879,0 -6.065456168100968,37.37555880806364,0 -6.065726408565734,37.37600083519171,0 -6.06499592033436,37.37680582020126,0 -6.065600492397821,37.3776476468095,0 -6.065848089247634,37.37753682308418,0 -6.066219019591815,37.37774625494559,0 -6.066678659131993,37.37723769937962,0 -6.066647606193313,37.37714668001972,0 -6.066656144531479,37.37705702532116,0 -6.066708439267741,37.37697458667923,0 -6.066811331321867,37.37691261348282,0 -6.066905113054457,37.3768950197023,0 -6.066943646524122,37.37691454487706,0 -6.067017942285715,37.3768903768764,0 -6.069300724755957,37.37431923715165,0 -6.067773771874412,37.37345218315522,0 -6.067317064639312,37.37346461836033,0 -6.066144201363372,37.37241331619745,0 -6.065642165902228,37.37280578841987,0 
						</coordinates>
					</LinearRing>
				</outerBoundaryIs>
			</Polygon>
		</Placemark>
		<Placemark id="5DA7D9C1E9000016">
			<name>21</name>
			<LookAt>
				<longitude>-6.063137334700333</longitude>
				<latitude>37.37367838146717</latitude>
				<altitude>99.58075007408297</altitude>
				<heading>-39.21088014772766</heading>
				<tilt>0.1146321148812835</tilt>
				<gx:fovy>35</gx:fovy>
				<range>271.1447917198166</range>
				<altitudeMode>absolute</altitudeMode>
			</LookAt>
			<styleUrl>#__managed_style_19B3901DF4410DE2EFBE</styleUrl>
			<Polygon>
				<outerBoundaryIs>
					<LinearRing>
						<coordinates>
							-6.063615611374789,37.37328484951387,0 -6.063557918545524,37.37337255120499,0 -6.063366719719293,37.37361419150033,0 -6.063093223765249,37.37403077938114,0 -6.062210263847389,37.37481180760172,0 -6.06248764948231,37.37592873848331,0 -6.062577715434816,37.37592862535921,0 -6.062748386344271,37.37655484887999,0 -6.062834698995418,37.3766478337441,0 -6.063507580086373,37.37948051131851,0 -6.063742723380649,37.38053399267326,0 -6.063882234770491,37.38049591261409,0 -6.065208965033731,37.37901544789548,0 -6.066221792502305,37.37783689014537,0 -6.066206715121032,37.37775623596963,0 -6.065848540332434,37.37753710497939,0 -6.065600741361031,37.37764941366325,0 -6.064995465817885,37.37680826504003,0 -6.065730038094081,37.37600120103201,0 -6.065262131911272,37.37518123977345,0 -6.065138223128248,37.37506178308522,0 -6.065196407796871,37.37497832470987,0 -6.064619402950708,37.37435347371434,0 -6.064816961617404,37.37423197791377,0 -6.064227506643343,37.3735792581895,0 -6.063615611374789,37.37328484951387,0 
						</coordinates>
					</LinearRing>
				</outerBoundaryIs>
			</Polygon>
		</Placemark>
		<Placemark id="5DA7D9C1E9000017">
			<name>22</name>
			<LookAt>
				<longitude>-6.068470484103441</longitude>
				<latitude>37.3691418901288</latitude>
				<altitude>90.66258492896924</altitude>
				<heading>-39.21131177830077</heading>
				<tilt>0.1146316294827999</tilt>
				<gx:fovy>35</gx:fovy>
				<range>241.9619227211297</range>
				<altitudeMode>absolute</altitudeMode>
			</LookAt>
			<styleUrl>#__managed_style_0F10737296410DE2EFB7</styleUrl>
			<Polygon>
				<outerBoundaryIs>
					<LinearRing>
						<coordinates>
							-6.069163797883977,37.36881625999594,0 -6.069085423391892,37.36867175193844,0 -6.068306093188101,37.36830473378797,0 -6.068226691106591,37.36819352148336,0 -6.068077302947258,37.3681641629513,0 -6.067825061879764,37.36802359386848,0 -6.067080784160019,37.367495845337,0 -6.066712411453121,37.36716413330922,0 -6.066594859090437,37.36706259358658,0 -6.066418973009108,37.3670788001775,0 -6.066373585614785,37.36722432410324,0 -6.064538779925701,37.36897132884407,0 -6.064419924561552,37.36902058575343,0 -6.064346708865475,37.36913299642944,0 -6.06297162042744,37.37046057264939,0 -6.063454644298341,37.3714496476528,0 -6.062384672237748,37.37177447990139,0 -6.062306057009161,37.37185400713363,0 -6.062994196842697,37.37267769932286,0 -6.06309580424367,37.37267929369256,0 -6.063210500652171,37.37271002140246,0 -6.063291988923002,37.37278578505103,0 -6.063029181362438,37.37315152211109,0 -6.063559020799064,37.37337120101753,0 -6.063935688098933,37.37278834529579,0 -6.064208469957935,37.3725403192611,0 -6.064537222320298,37.37210977058692,0 -6.065752990367553,37.37101442811007,0 -6.066595813937009,37.37046417389838,0 -6.067691113863965,37.36940157263209,0 -6.068164332399722,37.36970393545159,0 -6.069038869743794,37.36897239851952,0 -6.069163797883977,37.36881625999594,0 
						</coordinates>
					</LinearRing>
				</outerBoundaryIs>
			</Polygon>
		</Placemark>
		<Placemark id="5DA7D9C1E9000018">
			<name>23</name>
			<LookAt>
				<longitude>-6.067285015592965</longitude>
				<latitude>37.38278292693222</latitude>
				<altitude>128.7007073073463</altitude>
				<heading>355.5237502352579</heading>
				<tilt>0</tilt>
				<gx:fovy>35</gx:fovy>
				<range>554.8675103497955</range>
				<altitudeMode>absolute</altitudeMode>
			</LookAt>
			<styleUrl>#__managed_style_199C424804410DE2EFB8</styleUrl>
			<Polygon>
				<outerBoundaryIs>
					<LinearRing>
						<coordinates>
							-6.068763834082369,37.38256037886682,0 -6.066691244766008,37.38297637472002,0 -6.066692952196955,37.38306089362175,0 -6.063748955117756,37.38345590472479,0 -6.064120133211866,37.38412825212976,0 -6.066439643814325,37.38399054950077,0 -6.066458205043749,37.38380234490568,0 -6.067034141535437,37.38378248403336,0 -6.067326616162414,37.38351174133382,0 -6.068505392575513,37.38286425857807,0 -6.068763834082369,37.38256037886682,0 
						</coordinates>
					</LinearRing>
				</outerBoundaryIs>
			</Polygon>
		</Placemark>
		<Placemark id="5DA7D9C1E9000019">
			<name>24</name>
			<LookAt>
				<longitude>-6.08757396202114</longitude>
				<latitude>37.37609490773519</latitude>
				<altitude>86.93067575467092</altitude>
				<heading>-41.18986968826503</heading>
				<tilt>0.1041516950793467</tilt>
				<gx:fovy>35</gx:fovy>
				<range>997.9838545448731</range>
				<altitudeMode>absolute</altitudeMode>
			</LookAt>
			<styleUrl>#__managed_style_02B2CEF6A1410DE2EFB8</styleUrl>
			<Polygon>
				<outerBoundaryIs>
					<LinearRing>
						<coordinates>
							-6.088360991584531,37.37671980055396,0 -6.088819384312946,37.37551433438536,0 -6.088143751782363,37.37398061001411,0 -6.084542903045919,37.3748516026666,0 -6.083589954483778,37.37518528853536,0 -6.082709342558568,37.37558312778422,0 -6.082525814211238,37.37582390536589,0 -6.082446583545089,37.37617875610626,0 -6.082370780148501,37.37714937097,0 -6.082345362425384,37.37753533308873,0 -6.081445840194364,37.37761018741012,0 -6.082197036135564,37.37907091446232,0 -6.082457871777479,37.3784250998146,0 -6.08254437054188,37.37779747385585,0 -6.082659069423983,37.37769144376266,0 -6.082563225153501,37.37746226878451,0 -6.082587909283062,37.37683260489126,0 -6.083746591238535,37.37698191657333,0 -6.084326745718512,37.3766326726454,0 -6.084365698679369,37.37593569605639,0 -6.085099201421423,37.3761180925333,0 -6.085587061517165,37.37594660218026,0 -6.085963788848046,37.37610550417331,0 -6.086261350903461,37.37584597759894,0 -6.08805913875239,37.37543869282359,0 -6.087674843158934,37.37663931377395,0 -6.088360991584531,37.37671980055396,0 
						</coordinates>
					</LinearRing>
				</outerBoundaryIs>
			</Polygon>
		</Placemark>
		<Placemark id="5DA7D9C1E900001A">
			<name>25</name>
			<LookAt>
				<longitude>-6.066405661676281</longitude>
				<latitude>37.36274817683402</latitude>
				<altitude>94.47652453198779</altitude>
				<heading>-41.1796516164374</heading>
				<tilt>0.104149437039845</tilt>
				<gx:fovy>35</gx:fovy>
				<range>859.2133555813052</range>
				<altitudeMode>absolute</altitudeMode>
			</LookAt>
			<styleUrl>#__managed_style_0EDFB42D8C410DE2EFAB</styleUrl>
			<Polygon>
				<outerBoundaryIs>
					<LinearRing>
						<coordinates>
							-6.068289102250415,37.36083544329681,0 -6.068453946322537,37.35896075993345,0 -6.063689449967779,37.35888562062367,0 -6.064112213804087,37.359307551364,0 -6.064343905791723,37.35935364777801,0 -6.064875194393395,37.35925593482289,0 -6.065194546629061,37.35952724870872,0 -6.064596133412042,37.36057962164126,0 -6.063683695177325,37.36133387838466,0 -6.062768990513042,37.36186234338733,0 -6.062016669378362,37.3635468438051,0 -6.060978176115309,37.36440782580959,0 -6.059334928910831,37.3653477488237,0 -6.05958874584679,37.36589707706477,0 -6.059860863153608,37.36612981113587,0 -6.06002779781691,37.36645731216861,0 -6.061974125922744,37.36745385209882,0 -6.0618525183913,37.36830909728216,0 -6.062569662162457,37.36770703087688,0 -6.063744673573367,37.36636077580398,0 -6.065118192130408,37.3650799125591,0 -6.065837645274797,37.36439743373236,0 -6.065545058369084,37.3637510913115,0 -6.065001825005302,37.36392221224132,0 -6.06551093251592,37.36334734351672,0 -6.065735819883079,37.36338686618532,0 -6.065801133115122,37.36316807703851,0 -6.066718485667542,37.36237175674347,0 -6.066912385250522,37.36201098301554,0 -6.067191876859529,37.36183378255817,0 -6.067046466927484,37.36166839691716,0 -6.067058769411555,37.36147978272064,0 -6.068210099616129,37.36134604173822,0 -6.068289102250415,37.36083544329681,0 
						</coordinates>
					</LinearRing>
				</outerBoundaryIs>
			</Polygon>
		</Placemark>
	</Folder>
</Document>
</kml>
